# Created by FreeCAD <https://www.freecad.org>
v -11.392031 37.183891 5.762647
v -12.031660 36.541084 7.757530
v -11.338687 36.928459 7.000000
v -11.051123 38.333305 0.978653
v -12.948143 37.734802 0.978653
v -11.554224 37.960533 2.000000
v -9.842847 38.439835 2.000000
v -9.126628 38.836510 0.978653
v -8.111724 38.842018 2.000000
v -7.179443 39.243156 0.978653
v -6.364328 39.166286 2.000000
v -5.214407 39.552238 0.978653
v -4.604165 39.411976 2.000000
v -3.236410 39.762989 0.978653
v -4.549737 39.151356 3.262703
v -38.407639 -4.152769 6.992885
v -37.197498 -7.768284 10.000000
v -37.538750 -5.902743 10.000000
v -37.786499 -4.022500 10.000000
v -37.940132 -2.132238 10.000000
v -39.035473 -4.220652 3.985769
v -39.409946 -6.198852 0.978653
v -39.051971 -8.155570 0.978653
v -39.669949 -4.226723 0.978653
v -39.831318 -2.244085 0.978653
v -38.629742 -0.368165 6.992885
v -37.999264 -0.236664 10.000000
v -37.963749 1.659499 10.000000
v -39.261204 -0.374183 3.985769
v -39.893661 -0.255868 0.978653
v -39.856823 1.732985 0.978653
v -38.479816 3.419984 6.992885
v -37.833672 3.551528 10.000000
v -37.609360 5.434711 10.000000
v -39.108829 3.475889 3.985769
v -39.720898 3.717530 0.978653
v -39.486217 5.692831 0.978653
v -37.959305 7.175198 6.992885
v -37.291370 7.304358 10.000000
v -36.880497 9.155810 10.000000
v -38.579815 7.292488 3.985769
v -39.153370 7.653981 0.978653
v -38.723179 9.596100 0.978653
v -37.073227 10.861310 6.992885
v -36.377766 10.984460 10.000000
v -35.784420 12.785747 10.000000
v -37.679253 11.038855 3.985769
v -38.196716 11.514363 0.978653
v -37.575294 13.403998 0.978653
v -35.830116 14.442822 6.992885
v -35.101944 14.555188 10.000000
v -34.332039 16.288376 10.000000
v -36.415817 14.678912 3.985769
v -36.860447 15.260310 0.978653
v -36.053967 17.078682 0.978653
v -34.241940 17.885241 6.992885
v -33.476616 17.980991 10.000000
v -32.537815 19.628822 10.000000
v -34.801682 18.177605 3.985769
v -35.157845 18.854593 0.978653
v -34.174316 20.583630 0.978653
v -32.323997 21.155415 6.992885
v -31.517967 21.227760 10.000000
v -30.419613 22.773825 10.000000
v -32.852386 21.501236 3.985769
v -33.105827 22.261492 0.978653
v -31.955029 23.884010 0.978653
v -30.094755 24.221851 6.992885
v -29.245491 24.263165 10.000000
v -27.998526 25.692070 10.000000
v -30.586702 24.617798 3.985769
v -30.724789 25.447145 0.978653
v -29.418159 26.947016 0.978653
v -27.575684 27.055019 6.992885
v -26.681824 27.056982 10.000000
v -25.298660 28.354506 10.000000
v -28.026451 27.497276 3.985769
v -28.038391 28.379896 0.978653
v -26.588917 29.742216 0.978653
v -24.791042 29.627630 6.992885
v -23.852484 29.581396 10.000000
v -22.346897 30.734612 10.000000
v -25.196293 30.111944 3.985769
v -25.073338 31.030590 0.978653
v -23.495422 32.241821 0.978653
v -21.767653 31.914911 6.992885
v -20.785646 31.811268 10.000000
v -19.172625 32.808693 10.000000
v -22.123480 32.436615 3.985769
v -21.859093 33.372890 0.978653
v -20.168419 34.420990 0.978653
v -18.534626 33.894840 6.992885
v -17.511848 33.724400 10.000000
v -15.807454 34.556107 10.000000
v -18.837605 34.448902 3.985769
v -18.427603 35.383514 0.978653
v -16.640974 36.258072 0.978653
v -15.123102 35.548336 6.992885
v -14.063686 35.301739 10.000000
v -13.394414 35.727570 9.257810
v -12.716989 36.140739 8.510226
v -15.370313 36.129429 3.985769
v -11.445733 37.441036 4.516900
v -14.812972 37.042484 0.978653
v -4.220652 39.035473 3.985769
v -4.495674 38.892479 4.516900
v -0.368165 38.629742 6.992885
v -1.240338 37.979752 10.000000
v 0.656100 37.994335 10.000000
v -4.388628 38.379902 7.000000
v -2.024099 38.102135 9.257810
v -2.810263 38.209648 8.510226
v -3.598537 38.302246 7.757530
v -0.374183 39.261204 3.985769
v -1.250365 39.874882 0.978653
v 0.738788 39.887642 0.978653
v 3.419984 38.479816 6.992885
v 2.550905 37.914284 10.000000
v 4.439357 37.739796 10.000000
v 3.475889 39.108829 3.985769
v 2.726104 39.801231 0.978653
v 4.706644 39.615871 0.978653
v 7.175198 37.959305 6.992885
v 6.316752 37.471302 10.000000
v 8.178411 37.109482 10.000000
v 7.292488 38.579815 3.985769
v 6.675481 39.332020 0.978653
v 8.627723 38.950382 0.978653
v 10.861310 37.073227 6.992885
v 10.019701 36.655224 10.000000
v 11.836033 36.109673 10.000000
v 11.038855 37.679253 3.985769
v 10.558514 38.471909 0.978653
v 12.463054 37.897785 0.978653
v 14.442822 35.830116 6.992885
v 13.622886 35.474174 10.000000
v 15.375805 34.750317 10.000000
v 14.678912 36.415817 3.985769
v 14.336610 37.229443 0.978653
v 16.174524 36.468540 0.978653
v 17.885241 34.241940 6.992885
v 17.090427 33.939907 10.000000
v 18.762480 33.044960 10.000000
v 18.177605 34.801682 3.985769
v 17.972225 35.616978 0.978653
v 19.725243 34.676861 0.978653
v 21.155415 32.323997 6.992885
v 20.387802 32.067703 10.000000
v 21.962339 31.010572 10.000000
v 21.501236 32.852386 3.985769
v 21.429222 33.650532 0.978653
v 23.079926 32.540543 0.978653
v 24.221851 30.094755 6.992885
v 23.482174 29.876202 10.000000
v 24.943520 28.667418 10.000000
v 24.617798 30.586702 3.985769
v 24.673246 31.349651 0.978653
v 26.205227 30.080822 0.978653
v 27.055019 27.575684 6.992885
v 26.342737 27.387228 10.000000
v 27.676342 26.038822 10.000000
v 27.497276 28.026451 3.985769
v 27.672056 28.737206 0.978653
v 29.070091 27.322145 0.978653
v 29.627630 24.791042 6.992885
v 28.941008 24.625559 10.000000
v 30.133587 23.150957 10.000000
v 30.111944 25.196293 3.985769
v 30.395847 25.839157 0.978653
v 31.646042 24.291929 0.978653
v 31.914911 21.767653 6.992885
v 31.251112 21.618694 10.000000
v 32.290798 20.032583 10.000000
v 32.436615 22.123480 3.985769
v 32.817554 22.684309 0.978653
v 33.907482 21.020290 0.978653
v 33.894840 18.534626 6.992885
v 33.250053 18.396574 10.000000
v 34.126492 16.714745 10.000000
v 34.448902 18.837605 3.985769
v 34.913105 19.304012 0.978653
v 35.831928 17.539740 0.978653
v 35.548336 15.123102 6.992885
v 34.917923 14.991281 10.000000
v 35.622387 13.230477 10.000000
v 36.129429 15.370313 3.985769
v 36.661671 15.731862 0.978653
v 37.400269 13.884873 0.978653
v 36.859482 11.565933 6.992885
v 36.238121 11.436719 10.000000
v 36.763596 9.614475 10.000000
v 37.197498 7.768284 10.000000
v 37.462009 11.754997 3.985769
v 39.051971 8.155570 0.978653
v 38.045883 12.003365 0.978653
v 38.596905 10.092012 0.978653
v 1.607604 24.342722 10.000000
v -0.715755 20.792791 7.000000
v 5.598030 22.111357 7.000000
v 7.921389 25.661285 10.000000
v -11.215744 21.664709 10.000000
v -7.665814 19.341349 7.000000
v -17.529530 20.346144 10.000000
v -13.979600 18.022785 7.000000
v 3.598537 -38.302246 7.757530
v 4.441972 -38.635334 5.762647
v 4.388628 -38.379902 7.000000
v 3.236410 -39.762989 0.978653
v 5.214407 -39.552238 0.978653
v 4.604165 -39.411976 2.000000
v 6.364328 -39.166286 2.000000
v 7.179443 -39.243156 0.978653
v 8.111724 -38.842018 2.000000
v 9.126628 -38.836510 0.978653
v 9.842847 -38.439835 2.000000
v 11.051123 -38.333305 0.978653
v 11.554224 -37.960533 2.000000
v 12.948143 -37.734802 0.978653
v 11.499796 -37.699913 3.262703
v -36.859482 -11.565933 6.992885
v -36.763596 -9.614475 10.000000
v -36.238121 -11.436719 10.000000
v -35.622387 -13.230477 10.000000
v -37.462009 -11.754997 3.985769
v -38.596905 -10.092012 0.978653
v -38.045883 -12.003365 0.978653
v -37.400269 -13.884873 0.978653
v -35.548336 -15.123102 6.992885
v -34.917923 -14.991281 10.000000
v -34.126492 -16.714745 10.000000
v -36.661671 -15.731862 0.978653
v -36.129429 -15.370313 3.985769
v -35.831928 -17.539740 0.978653
v -33.894840 -18.534626 6.992885
v -33.250053 -18.396574 10.000000
v -32.290798 -20.032583 10.000000
v -34.913105 -19.304012 0.978653
v -34.448902 -18.837605 3.985769
v -33.907482 -21.020290 0.978653
v -31.914911 -21.767653 6.992885
v -31.251112 -21.618694 10.000000
v -30.133587 -23.150957 10.000000
v -32.436615 -22.123480 3.985769
v -32.817554 -22.684309 0.978653
v -31.646042 -24.291929 0.978653
v -29.627630 -24.791042 6.992885
v -28.941008 -24.625559 10.000000
v -27.676342 -26.038822 10.000000
v -30.111944 -25.196293 3.985769
v -30.395847 -25.839157 0.978653
v -29.070091 -27.322145 0.978653
v -27.055019 -27.575684 6.992885
v -26.342737 -27.387228 10.000000
v -24.943520 -28.667418 10.000000
v -27.672056 -28.737206 0.978653
v -27.497276 -28.026451 3.985769
v -26.205227 -30.080822 0.978653
v -24.221851 -30.094755 6.992885
v -23.482174 -29.876202 10.000000
v -21.962339 -31.010572 10.000000
v -24.617798 -30.586702 3.985769
v -24.673246 -31.349651 0.978653
v -23.079926 -32.540543 0.978653
v -21.155415 -32.323997 6.992885
v -20.387802 -32.067703 10.000000
v -18.762480 -33.044960 10.000000
v -21.501236 -32.852386 3.985769
v -21.429222 -33.650532 0.978653
v -19.725243 -34.676861 0.978653
v -17.885241 -34.241940 6.992885
v -17.090427 -33.939907 10.000000
v -15.375805 -34.750317 10.000000
v -18.177605 -34.801682 3.985769
v -17.972225 -35.616978 0.978653
v -16.174524 -36.468540 0.978653
v -14.442822 -35.830116 6.992885
v -13.622886 -35.474174 10.000000
v -11.836033 -36.109673 10.000000
v -14.678912 -36.415817 3.985769
v -14.336610 -37.229443 0.978653
v -12.463054 -37.897785 0.978653
v -10.861310 -37.073227 6.992885
v -10.019701 -36.655224 10.000000
v -8.178411 -37.109482 10.000000
v -10.558514 -38.471909 0.978653
v -11.038855 -37.679253 3.985769
v -8.627723 -38.950382 0.978653
v -7.175198 -37.959305 6.992885
v -6.316752 -37.471302 10.000000
v -4.439357 -37.739796 10.000000
v -6.675481 -39.332020 0.978653
v -7.292488 -38.579815 3.985769
v -4.706644 -39.615871 0.978653
v -3.419984 -38.479816 6.992885
v -2.550905 -37.914284 10.000000
v -0.656100 -37.994335 10.000000
v -3.475889 -39.108829 3.985769
v -2.726104 -39.801231 0.978653
v -0.738788 -39.887642 0.978653
v 0.368165 -38.629742 6.992885
v 1.240338 -37.979752 10.000000
v 2.024099 -38.102135 9.257810
v 2.810263 -38.209648 8.510226
v 0.374183 -39.261204 3.985769
v 4.495674 -38.892479 4.516900
v 1.250365 -39.874882 0.978653
v 11.754997 -37.462009 3.985769
v 11.445733 -37.441036 4.516900
v 14.063686 -35.301739 10.000000
v 15.123102 -35.548336 6.992885
v 15.807454 -34.556107 10.000000
v 11.338687 -36.928459 7.000000
v 13.394414 -35.727570 9.257810
v 12.716989 -36.140739 8.510226
v 12.031660 -36.541084 7.757530
v 15.370313 -36.129429 3.985769
v 14.812972 -37.042484 0.978653
v 16.640974 -36.258072 0.978653
v 18.534626 -33.894840 6.992885
v 17.511848 -33.724400 10.000000
v 19.172625 -32.808693 10.000000
v 18.837605 -34.448902 3.985769
v 18.427603 -35.383514 0.978653
v 20.168419 -34.420990 0.978653
v 21.767653 -31.914911 6.992885
v 20.785646 -31.811268 10.000000
v 22.346897 -30.734612 10.000000
v 22.123480 -32.436615 3.985769
v 21.859093 -33.372890 0.978653
v 23.495422 -32.241821 0.978653
v 24.791042 -29.627630 6.992885
v 23.852484 -29.581396 10.000000
v 25.298660 -28.354506 10.000000
v 25.196293 -30.111944 3.985769
v 25.073338 -31.030590 0.978653
v 26.588917 -29.742216 0.978653
v 27.575684 -27.055019 6.992885
v 26.681824 -27.056982 10.000000
v 27.998526 -25.692070 10.000000
v 28.026451 -27.497276 3.985769
v 28.038391 -28.379896 0.978653
v 29.418159 -26.947016 0.978653
v 30.094755 -24.221851 6.992885
v 29.245491 -24.263165 10.000000
v 30.419613 -22.773825 10.000000
v 30.586702 -24.617798 3.985769
v 30.724789 -25.447145 0.978653
v 31.955029 -23.884010 0.978653
v 32.323997 -21.155415 6.992885
v 31.517967 -21.227760 10.000000
v 32.537815 -19.628822 10.000000
v 32.852386 -21.501236 3.985769
v 33.105827 -22.261492 0.978653
v 34.174316 -20.583630 0.978653
v 34.241940 -17.885241 6.992885
v 33.476616 -17.980991 10.000000
v 34.332039 -16.288376 10.000000
v 34.801682 -18.177605 3.985769
v 35.157845 -18.854593 0.978653
v 36.053967 -17.078682 0.978653
v 35.830116 -14.442822 6.992885
v 35.101944 -14.555188 10.000000
v 35.784420 -12.785747 10.000000
v 36.415817 -14.678912 3.985769
v 36.860447 -15.260310 0.978653
v 37.575294 -13.403998 0.978653
v 37.073227 -10.861310 6.992885
v 36.377766 -10.984460 10.000000
v 36.880497 -9.155810 10.000000
v 37.679253 -11.038855 3.985769
v 38.196716 -11.514363 0.978653
v 38.723179 -9.596100 0.978653
v 37.959305 -7.175198 6.992885
v 37.291370 -7.304358 10.000000
v 37.609360 -5.434711 10.000000
v 38.579815 -7.292488 3.985769
v 39.153370 -7.653981 0.978653
v 39.486217 -5.692831 0.978653
v 38.479816 -3.419984 6.992885
v 37.833672 -3.551528 10.000000
v 37.963749 -1.659499 10.000000
v 39.108829 -3.475889 3.985769
v 39.720898 -3.717530 0.978653
v 39.856823 -1.732985 0.978653
v 38.629742 0.368165 6.992885
v 37.999264 0.236664 10.000000
v 37.940132 2.132238 10.000000
v 39.261204 0.374183 3.985769
v 39.893661 0.255868 0.978653
v 39.831318 2.244085 0.978653
v 38.407639 4.152769 6.992885
v 37.786499 4.022500 10.000000
v 37.538750 5.902743 10.000000
v 39.035473 4.220652 3.985769
v 39.669949 4.226723 0.978653
v 39.409946 6.198852 0.978653
v -0.715755 20.792791 2.000000
v -38.274265 -7.993155 0.000000
v -38.625114 -6.075404 0.000000
v -38.879936 -4.142549 0.000000
v -39.038090 -2.199394 0.000000
v -39.099197 -0.250773 0.000000
v -39.063091 1.698473 0.000000
v -38.929871 3.643497 0.000000
v -38.699867 5.579462 0.000000
v -38.373646 7.501554 0.000000
v -37.952023 9.404997 0.000000
v -37.436043 11.285058 0.000000
v -36.826996 13.137064 0.000000
v -36.126385 14.956408 0.000000
v -35.335964 16.738567 0.000000
v -34.457691 18.479113 0.000000
v -33.493748 20.173714 0.000000
v -32.446537 21.818165 0.000000
v -31.318657 23.408367 0.000000
v -30.112915 24.940376 0.000000
v -28.832306 26.410379 0.000000
v -27.480017 27.814718 0.000000
v -26.059408 29.149912 0.000000
v -24.574013 30.412628 0.000000
v -23.027519 31.599735 0.000000
v -21.423779 32.708282 0.000000
v -19.766773 33.735512 0.000000
v -18.060625 34.678867 0.000000
v -16.309576 35.536007 0.000000
v -14.517978 36.304794 0.000000
v -12.690287 36.983330 0.000000
v -10.831044 37.569916 0.000000
v -8.944875 38.063095 0.000000
v -7.036467 38.461647 0.000000
v -5.110565 38.764572 0.000000
v -3.171958 38.971127 0.000000
v -1.225464 39.080788 0.000000
v 0.724075 39.093296 0.000000
v 2.671815 39.008606 0.000000
v 4.612913 38.826939 0.000000
v 6.542542 38.548737 0.000000
v 8.455905 38.174698 0.000000
v 10.348246 37.705753 0.000000
v 12.214857 37.143066 0.000000
v 14.051103 36.488029 0.000000
v 15.852414 35.742287 0.000000
v 17.614313 34.907677 0.000000
v 19.332422 33.986282 0.000000
v 21.002468 32.980396 0.000000
v 22.620296 31.892509 0.000000
v 24.181887 30.725336 0.000000
v 25.683359 29.481775 0.000000
v 27.120977 28.164917 0.000000
v 28.491171 26.778036 0.000000
v 29.790527 25.324581 0.000000
v 31.015821 23.808165 0.000000
v 32.164005 22.232559 0.000000
v 33.232227 20.601679 0.000000
v 34.217823 18.919579 0.000000
v 35.118351 17.190443 0.000000
v 35.931572 15.418570 0.000000
v 36.655457 13.608361 0.000000
v 37.288212 11.764322 0.000000
v 37.828262 9.891034 0.000000
v 38.274265 7.993155 0.000000
v -7.665814 19.341349 2.000000
v 11.215744 -21.664709 10.000000
v 7.665814 -19.341349 7.000000
v 13.979600 -18.022785 7.000000
v 17.529530 -20.346144 10.000000
v 5.598030 22.111357 2.000000
v -1.607604 -24.342722 10.000000
v 0.715755 -20.792791 7.000000
v -5.598030 -22.111357 7.000000
v -7.921389 -25.661285 10.000000
v -13.979600 18.022785 2.000000
v 7.665814 -19.341349 2.000000
v -37.828262 -9.891034 0.000000
v -37.288212 -11.764322 0.000000
v -36.655457 -13.608361 0.000000
v -35.931572 -15.418570 0.000000
v -35.118351 -17.190443 0.000000
v -34.217823 -18.919579 0.000000
v -33.232227 -20.601679 0.000000
v -32.164005 -22.232559 0.000000
v -31.015821 -23.808165 0.000000
v -29.790527 -25.324581 0.000000
v -28.491171 -26.778036 0.000000
v -27.120977 -28.164917 0.000000
v -25.683359 -29.481775 0.000000
v -24.181887 -30.725336 0.000000
v -22.620296 -31.892509 0.000000
v -21.002468 -32.980396 0.000000
v -19.332422 -33.986282 0.000000
v -17.614313 -34.907677 0.000000
v -15.852414 -35.742287 0.000000
v -14.051103 -36.488029 0.000000
v -12.214857 -37.143066 0.000000
v -10.348246 -37.705753 0.000000
v -8.455905 -38.174698 0.000000
v -6.542542 -38.548737 0.000000
v -4.612913 -38.826939 0.000000
v -2.671815 -39.008606 0.000000
v -0.724075 -39.093296 0.000000
v 1.225464 -39.080788 0.000000
v 3.171958 -38.971127 0.000000
v 5.110565 -38.764572 0.000000
v 7.036467 -38.461647 0.000000
v 8.944875 -38.063095 0.000000
v 10.831044 -37.569916 0.000000
v 12.690287 -36.983330 0.000000
v 14.517978 -36.304794 0.000000
v 16.309576 -35.536007 0.000000
v 18.060625 -34.678867 0.000000
v 19.766773 -33.735512 0.000000
v 21.423779 -32.708282 0.000000
v 23.027519 -31.599735 0.000000
v 24.574013 -30.412628 0.000000
v 26.059408 -29.149912 0.000000
v 27.480017 -27.814718 0.000000
v 28.832306 -26.410379 0.000000
v 30.112915 -24.940376 0.000000
v 31.318657 -23.408367 0.000000
v 32.446537 -21.818165 0.000000
v 33.493748 -20.173714 0.000000
v 34.457691 -18.479113 0.000000
v 35.335964 -16.738567 0.000000
v 36.126385 -14.956408 0.000000
v 36.826996 -13.137064 0.000000
v 37.436043 -11.285058 0.000000
v 37.952023 -9.404997 0.000000
v 38.373646 -7.501554 0.000000
v 38.699867 -5.579462 0.000000
v 38.929871 -3.643497 0.000000
v 39.063091 -1.698473 0.000000
v 39.099197 0.250773 0.000000
v 39.038090 2.199394 0.000000
v 38.879936 4.142549 0.000000
v 38.625114 6.075404 0.000000
v 0.715755 -20.792791 2.000000
v 13.979600 -18.022785 2.000000
v -5.598030 -22.111357 2.000000
v 18.054169 33.396061 10.000000
v 19.791813 25.075569 10.000000
v 8.265354 31.351776 10.000000
v 10.002997 23.031284 10.000000
v 28.173382 -15.058572 10.000000
v 29.911024 -23.379065 10.000000
v 18.384567 -17.102858 10.000000
v 20.122210 -25.423349 10.000000
v 12.178906 23.485699 10.985323
v 12.079518 23.464943 10.878679
v 17.715290 24.641911 10.878679
v 17.615902 24.621155 10.985323
v 11.975127 23.443142 10.777146
v 17.819681 24.663712 10.777146
v 11.865984 23.420349 10.680968
v 17.928825 24.686504 10.680968
v 12.273053 23.505360 11.096820
v 17.521755 24.601494 11.096820
v 11.752354 23.396618 10.590378
v 18.042456 24.710236 10.590378
v 12.361732 23.523880 11.212902
v 17.433077 24.582973 11.212902
v 12.444729 23.541212 11.333289
v 17.350080 24.565641 11.333289
v 11.634508 23.372007 10.505591
v 18.160301 24.734846 10.505591
v 12.521840 23.557316 11.457692
v 17.272968 24.549538 11.457692
v 11.512734 23.346577 10.426814
v 18.282074 24.760277 10.426814
v 11.387321 23.320385 10.354237
v 18.407488 24.786469 10.354237
v 12.592886 23.572153 11.585810
v 17.201923 24.534700 11.585810
v 17.137117 24.521166 11.717335
v 11.258574 23.293497 10.288033
v 18.668007 24.840876 10.228361
v 18.536234 24.813356 10.288033
v 12.657692 23.585688 11.717335
v 11.126802 23.265978 10.228361
v 12.716103 23.597887 11.851950
v 17.078707 24.508966 11.851950
v 10.992323 23.237894 10.175367
v 18.802486 24.868959 10.175367
v 12.767978 23.608719 11.989330
v 17.026831 24.498135 11.989330
v 10.855460 23.209312 10.129179
v 19.078264 24.926554 10.089907
v 18.939350 24.897543 10.129179
v 12.813190 23.618162 12.129146
v 16.981619 24.488691 12.129146
v 10.716544 23.180300 10.089907
v 12.851633 23.626190 12.271059
v 16.943176 24.480663 12.271059
v 10.575908 23.150930 10.057644
v 19.218901 24.955923 10.057644
v 12.883215 23.632786 12.414729
v 16.911594 24.474068 12.414729
v 10.433892 23.121271 10.032471
v 19.360916 24.985582 10.032471
v 12.907857 23.637932 12.559809
v 16.886953 24.468922 12.559809
v 10.290838 23.091396 10.014446
v 19.503969 25.015457 10.014446
v 12.925500 23.641617 12.705949
v 16.869308 24.465237 12.705949
v 12.936104 23.643831 12.852797
v 16.858706 24.463022 12.852797
v 12.939642 23.644569 13.000000
v 16.855167 24.462284 13.000000
v 12.939642 23.644569 18.828932
v 16.855167 24.462284 20.828932
v 12.933745 23.643339 19.074270
v 12.916074 23.639648 19.319017
v 12.886667 23.633507 19.562584
v 12.845597 23.624929 19.804384
v 12.792963 23.613937 20.043833
v 12.728890 23.600557 20.280355
v 16.849272 24.461052 21.074270
v 16.831600 24.457361 21.319017
v 12.653534 23.584820 20.513382
v 16.802193 24.451221 21.562584
v 16.761124 24.442644 21.804384
v 12.567078 23.566763 20.742350
v 16.708488 24.431652 22.043833
v 16.644417 24.418270 22.280355
v 16.569059 24.402533 22.513382
v 12.469727 23.546432 20.966707
v 16.482603 24.384478 22.742350
v 16.385252 24.364147 22.966707
v 16.277243 24.341591 23.185915
v 12.361716 23.523876 21.185915
v 16.158833 24.316862 23.399446
v 16.030312 24.290022 23.606783
v 12.243307 23.499147 21.399446
v 15.891984 24.261133 23.807428
v 15.744189 24.230268 24.000898
v 15.587276 24.197498 24.186728
v 12.114786 23.472307 21.606783
v 15.421629 24.162905 24.364466
v 11.976459 23.443420 21.807428
v 11.828663 23.412554 22.000898
v 11.671751 23.379786 22.186728
v 11.506103 23.345192 22.364466
v 10.947095 23.228449 28.935534
v 7.031569 22.410734 26.935534
v 10.773109 23.192114 29.104755
v 10.591206 23.154125 29.265053
v 10.401821 23.114574 29.416039
v 10.205414 23.073557 29.557348
v 10.002455 23.031172 29.688643
v 9.793434 22.987520 29.809607
v 9.578856 22.942707 29.919947
v 9.359235 22.896841 30.019398
v 9.135102 22.850035 30.107719
v 8.906998 22.802397 30.184702
v 8.675470 22.754045 30.250156
v 6.857584 22.374399 27.104755
v 8.441078 22.705095 30.303926
v 8.204385 22.655664 30.345882
v 6.675680 22.336411 27.265053
v 7.965962 22.605871 30.375923
v 7.726384 22.555840 30.393978
v 6.486296 22.296860 27.416039
v 7.486227 22.505684 30.400000
v 6.289887 22.255842 27.557348
v 6.086929 22.213457 27.688643
v 5.877909 22.169806 27.809607
v 5.663329 22.124992 27.919947
v 5.443709 22.079128 28.019398
v 5.219576 22.032320 28.107719
v 4.991472 21.984682 28.184702
v 4.759944 21.936331 28.250156
v 4.525552 21.887381 28.303926
v 4.288859 21.837950 28.345882
v 4.050436 21.788158 28.375923
v 3.810858 21.738125 28.393978
v 3.570700 21.687971 28.400000
v -26.201252 15.470429 10.777146
v -20.356697 16.691000 10.777146
v -20.461088 16.669199 10.878679
v -26.096859 15.492230 10.878679
v -25.997473 15.512986 10.985323
v -20.560476 16.648443 10.985323
v -26.310394 15.447636 10.680968
v -20.247553 16.713793 10.680968
v -25.903324 15.532648 11.096820
v -20.654623 16.628780 11.096820
v -26.424025 15.423905 10.590378
v -20.133923 16.737524 10.590378
v -25.814646 15.551167 11.212902
v -20.743301 16.610262 11.212902
v -26.541870 15.399295 10.505591
v -19.894304 16.787565 10.426814
v -20.016077 16.762135 10.505591
v -25.731649 15.568501 11.333289
v -20.826298 16.592928 11.333289
v -20.903410 16.576824 11.457692
v -26.663643 15.373864 10.426814
v -25.654537 15.584604 11.457692
v -20.974455 16.561987 11.585810
v -26.789057 15.347672 10.354237
v -19.640144 16.840643 10.288033
v -19.768890 16.813757 10.354237
v -25.583492 15.599442 11.585810
v -25.518686 15.612975 11.717335
v -21.039261 16.548454 11.717335
v -26.917805 15.320786 10.288033
v -25.460276 15.625174 11.851950
v -21.097672 16.536255 11.851950
v -21.149548 16.525421 11.989330
v -27.049576 15.293266 10.228361
v -19.373892 16.896248 10.175367
v -19.508371 16.868162 10.228361
v -27.184055 15.265182 10.175367
v -25.408401 15.636007 11.989330
v -27.320919 15.236599 10.129179
v -19.237030 16.924829 10.129179
v -25.363188 15.645450 12.129146
v -21.194759 16.515980 12.129146
v -27.459835 15.207588 10.089907
v -19.098114 16.953840 10.089907
v -25.324745 15.653478 12.271059
v -21.233202 16.507952 12.271059
v -21.264784 16.501356 12.414729
v -27.600470 15.178218 10.057644
v -18.815462 17.012869 10.032471
v -18.957478 16.983212 10.057644
v -25.293163 15.660073 12.414729
v -27.742487 15.148560 10.032471
v -25.268522 15.665219 12.559809
v -21.289425 16.496210 12.559809
v -27.885540 15.118685 10.014446
v -18.672407 17.042746 10.014446
v -25.250877 15.668904 12.705949
v -21.307070 16.492525 12.705949
v -25.240274 15.671119 12.852797
v -21.317673 16.490311 12.852797
v -25.236736 15.671858 13.000000
v -21.321211 16.489571 13.000000
v -21.321211 16.489571 18.828932
v -25.236736 15.671858 20.828932
v -21.174532 16.520205 20.043833
v -21.110460 16.533585 20.280355
v -21.227167 16.509212 19.804384
v -21.268236 16.500635 19.562584
v -21.297644 16.494493 19.319017
v -21.315315 16.490803 19.074270
v -15.867796 17.628456 30.400000
v -12.192427 18.396017 28.393978
v -11.952270 18.446171 28.400000
v -12.432005 18.345984 28.375923
v -12.670428 18.296192 28.345882
v -12.907121 18.246761 28.303926
v -13.141514 18.197811 28.250156
v -13.373041 18.149458 28.184702
v -13.601146 18.101822 28.107719
v -13.825278 18.055014 28.019398
v -14.044898 18.009148 27.919947
v -14.259478 17.964336 27.809607
v -14.468498 17.920685 27.688643
v -14.671456 17.878300 27.557348
v -14.867865 17.837280 27.416039
v -16.107952 17.578302 30.393978
v -15.057249 17.797729 27.265053
v -25.230841 15.673089 21.074270
v -16.347532 17.528269 30.375923
v -25.213169 15.676780 21.319017
v -21.035103 16.549322 20.513382
v -16.585955 17.478477 30.345882
v -15.239153 17.759741 27.104755
v -25.183762 15.682920 21.562584
v -16.822647 17.429047 30.303926
v -25.142693 15.691498 21.804384
v -20.948647 16.567377 20.742350
v -17.057039 17.380096 30.250156
v -15.413138 17.723408 26.935534
v -25.090057 15.702490 22.043833
v -17.288567 17.331745 30.184702
v -25.025986 15.715871 22.280355
v -17.516672 17.284107 30.107719
v -24.950628 15.731607 22.513382
v -20.851295 16.587708 20.966707
v -17.740805 17.237299 30.019398
v -24.864172 15.749663 22.742350
v -17.960424 17.191435 29.919947
v -24.766821 15.769994 22.966707
v -18.175003 17.146622 29.809607
v -24.658812 15.792551 23.185915
v -20.743286 16.610264 21.185915
v -18.384024 17.102970 29.688643
v -24.540403 15.817279 23.399446
v -18.586983 17.060585 29.557348
v -24.411880 15.844119 23.606783
v -20.624876 16.634993 21.399446
v -18.783390 17.019567 29.416039
v -24.273554 15.873008 23.807428
v -18.972775 16.980017 29.265053
v -24.125759 15.903873 24.000898
v -19.154678 16.942028 29.104755
v -23.968845 15.936643 24.186728
v -20.496355 16.661833 21.606783
v -19.328665 16.905693 28.935534
v -19.887672 16.788950 22.364466
v -23.803198 15.971236 24.364466
v -20.053320 16.754356 22.186728
v -20.210232 16.721586 22.000898
v -20.358028 16.690722 21.807428
v 19.647717 25.045477 10.003613
v 10.147092 23.061377 10.003613
v -28.173382 15.058572 10.000000
v -18.384567 17.102858 10.000000
v -18.528662 17.072765 10.003613
v -28.029287 15.088664 10.003613
v 11.201999 31.965063 13.000000
v 11.201999 31.965063 18.828932
v 11.196103 31.963831 19.074270
v 11.178432 31.960140 19.319017
v 11.149025 31.953999 19.562584
v 11.107955 31.945423 19.804384
v 11.055321 31.934431 20.043833
v 10.991248 31.921049 20.280355
v 10.915892 31.905312 20.513382
v 10.829435 31.887257 20.742350
v 10.732084 31.866926 20.966707
v 10.624074 31.844370 21.185915
v 10.505665 31.819641 21.399446
v 10.377143 31.792801 21.606783
v 10.238816 31.763912 21.807428
v 10.091021 31.733047 22.000898
v 9.934109 31.700277 22.186728
v 9.768460 31.665684 22.364466
v 8.409450 31.381870 10.003613
v 8.553196 31.411890 10.014446
v 8.696250 31.441765 10.032471
v 8.838265 31.471422 10.057644
v 8.978902 31.500793 10.089907
v 9.117818 31.529804 10.129179
v 9.254681 31.558386 10.175367
v 9.389160 31.586472 10.228361
v 9.520932 31.613991 10.288033
v 9.649679 31.640877 10.354237
v 9.775092 31.667068 10.426814
v 9.896866 31.692499 10.505591
v 10.014711 31.717112 10.590378
v 10.128342 31.740841 10.680968
v 10.237485 31.763634 10.777146
v 10.341876 31.785435 10.878679
v 10.441264 31.806190 10.985323
v 10.535411 31.825853 11.096820
v 10.624089 31.844372 11.212902
v 10.707086 31.861706 11.333289
v 10.784198 31.877810 11.457692
v 10.855244 31.892647 11.585810
v 10.920050 31.906179 11.717335
v 10.978460 31.918379 11.851950
v 11.030335 31.929213 11.989330
v 11.075548 31.938654 12.129146
v 11.113991 31.946684 12.271059
v 11.145573 31.953278 12.414729
v 11.170214 31.958424 12.559809
v 11.187858 31.962109 12.705949
v 11.198461 31.964323 12.852797
v 6.634104 24.313948 26.935534
v 6.631326 24.325781 26.935835
v 6.628069 24.337515 26.936625
v 6.622266 24.355751 26.938576
v 6.614991 24.376108 26.941536
v 6.603354 24.405573 26.946903
v 6.582688 24.452927 26.957453
v 6.548330 24.524504 26.976454
v 6.507504 24.603481 27.000273
v 5.743309 26.174667 27.427134
v 5.714928 26.316893 27.425840
v 5.760883 26.104261 27.424322
v 5.727989 26.245544 27.427641
v 5.704103 26.388710 27.421755
v 5.780676 26.034317 27.419247
v 5.695467 26.460983 27.415434
v 5.805196 25.957130 27.411024
v 5.688945 26.533697 27.406952
v 5.835423 25.871992 27.398840
v 5.684444 26.606833 27.396408
v 5.872456 25.778111 27.381781
v 5.681850 26.680368 27.383913
v 5.681039 26.754276 27.369598
v 5.916159 25.677494 27.359570
v 5.681871 26.828526 27.353605
v 5.979633 25.544426 27.324638
v 5.685280 26.928007 27.329931
v 5.691838 27.040491 27.300518
v 6.041965 25.423632 27.288317
v 5.704186 27.191221 27.257616
v 6.443341 24.720610 27.039135
v 5.767715 27.760065 27.079142
v 5.792901 28.015333 27.002304
v 5.798886 28.104086 26.978300
v 5.802103 28.190189 26.957550
v 5.802295 28.227770 26.949678
v 5.801743 28.255810 26.944489
v 5.800815 28.276731 26.941120
v 5.799138 28.299471 26.938112
v 5.796907 28.319136 26.936275
v 5.793606 28.338573 26.935534
v 5.293927 30.731228 26.935534
v 6.460119 24.277613 27.104755
v 6.278215 24.239624 27.265053
v 6.088830 24.200073 27.416039
v 5.892423 24.159056 27.557348
v 5.689464 24.116671 27.688643
v 5.480443 24.073019 27.809607
v 5.265864 24.028206 27.919947
v 5.046244 23.982340 28.019398
v 4.822112 23.935534 28.107719
v 4.594007 23.887896 28.184702
v 4.362480 23.839544 28.250156
v 4.128087 23.790594 28.303926
v 3.891394 23.741163 28.345882
v 3.652971 23.691370 28.375923
v 3.413393 23.641338 28.393978
v 3.173235 23.591183 28.400000
v 2.846595 23.479555 28.400000
v 2.762413 23.460159 28.400000
v 2.929909 23.502398 28.400000
v 3.012213 23.528646 28.400000
v 3.093368 23.558258 28.400000
v -11.920810 20.393732 28.400000
v -12.263364 20.351175 28.400000
v -12.349734 20.349384 28.400000
v -12.177142 20.356518 28.400000
v -12.091211 20.365402 28.400000
v -12.005719 20.377815 28.400000
v -12.589891 20.299229 28.393978
v -12.829471 20.249197 28.375923
v -13.067893 20.199404 28.345882
v -13.304585 20.149973 28.303926
v -13.538979 20.101023 28.250156
v -13.770506 20.052671 28.184702
v -13.998610 20.005033 28.107719
v -14.222743 19.958227 28.019398
v -14.442364 19.912361 27.919947
v -14.656942 19.867548 27.809607
v -14.865963 19.823896 27.688643
v -15.068921 19.781511 27.557348
v -15.265329 19.740494 27.416039
v -15.454714 19.700943 27.265053
v -15.636618 19.662954 27.104755
v -15.810603 19.626619 26.935534
v 17.910074 33.365971 10.003613
v 17.766327 33.335949 10.014446
v 17.623274 33.306076 10.032471
v 17.481258 33.276417 10.057644
v 17.340622 33.247047 10.089907
v 17.201708 33.218037 10.129179
v 17.064844 33.189453 10.175367
v 16.930365 33.161369 10.228361
v 16.798592 33.133850 10.288033
v 16.669846 33.106960 10.354237
v 16.544432 33.080769 10.426814
v 16.422659 33.055340 10.505591
v 16.304813 33.030727 10.590378
v 16.191183 33.006996 10.680968
v 16.082039 32.984203 10.777146
v 15.977648 32.962402 10.878679
v 15.878261 32.941647 10.985323
v 15.784113 32.921986 11.096820
v 15.695435 32.903465 11.212902
v 15.612438 32.886135 11.333289
v 15.535326 32.870029 11.457692
v 15.464281 32.855194 11.585810
v 15.399475 32.841660 11.717335
v 15.341063 32.829460 11.851950
v 15.289189 32.818626 11.989330
v 15.243976 32.809185 12.129146
v 15.205533 32.801155 12.271059
v 15.173951 32.794559 12.414729
v 15.149310 32.789413 12.559809
v 15.131666 32.785728 12.705949
v 15.121063 32.783516 12.852797
v 15.117525 32.782776 13.000000
v -15.726892 21.616779 27.424322
v -15.769877 21.830030 27.425840
v -15.738964 21.688334 27.427134
v -15.753291 21.759418 27.427641
v -15.717037 21.544758 27.419247
v -15.788700 21.900177 27.421755
v -15.708616 21.464211 27.411024
v -15.809711 21.969866 27.415434
v -15.702242 21.374090 27.398840
v -15.832836 22.039112 27.406952
v -15.698606 21.273235 27.381781
v -15.857982 22.107937 27.396408
v -15.885036 22.176365 27.383913
v -15.698388 21.163536 27.359570
v -15.913872 22.244419 27.369598
v -15.703300 21.016186 27.324638
v -15.944351 22.312130 27.353605
v -15.987289 22.401932 27.329931
v -16.038319 22.502390 27.300518
v -15.712077 20.880543 27.288317
v -16.109961 22.635580 27.257616
v -15.798539 20.075640 27.039135
v -16.395842 23.131453 27.079142
v -15.810462 19.942621 27.000273
v -16.521088 23.355305 27.002304
v -15.812794 19.638577 26.935835
v -15.814505 19.650633 26.936625
v -15.816485 19.669666 26.938576
v -15.817966 19.691235 26.941536
v -15.819094 19.722893 26.946903
v -15.819107 19.774561 26.957453
v -15.816267 19.853907 26.976454
v -16.562094 23.434244 26.978300
v -21.625315 25.109444 22.364466
v -16.599501 23.511864 26.957550
v -16.614717 23.546225 26.949678
v -16.625435 23.572144 26.944489
v -16.632957 23.591688 26.941120
v -16.640522 23.613197 26.938112
v -16.646347 23.632111 26.936275
v -16.651102 23.651245 26.935534
v -17.150782 26.043900 26.935534
v 15.117525 32.782776 20.828932
v -21.790962 25.074848 22.186728
v -21.947874 25.042080 22.000898
v -22.095671 25.011215 21.807428
v -22.233997 24.982327 21.606783
v -22.362518 24.955486 21.399446
v -22.480928 24.930758 21.185915
v -22.588938 24.908201 20.966707
v -22.686289 24.887871 20.742350
v -22.772745 24.869814 20.513382
v -22.848103 24.854076 20.280355
v -22.912174 24.840696 20.043833
v -22.964809 24.829704 19.804384
v -23.005878 24.821127 19.562584
v -23.035286 24.814985 19.319017
v -23.052958 24.811296 19.074270
v -23.058853 24.810064 18.828932
v 15.111629 32.781544 21.074270
v 15.093957 32.777855 21.319017
v 15.064550 32.771713 21.562584
v 15.023480 32.763138 21.804384
v 14.970846 32.752144 22.043833
v 14.906775 32.738762 22.280355
v 14.831417 32.723026 22.513382
v 14.744961 32.704971 22.742350
v 14.647610 32.684639 22.966707
v 14.539600 32.662083 23.185915
v 14.421191 32.637356 23.399446
v 14.292669 32.610516 23.606783
v 14.154342 32.581627 23.807428
v 14.006547 32.550762 24.000898
v 13.849634 32.517990 24.186728
v 13.683987 32.483398 24.364466
v -23.058853 24.810064 13.000000
v 9.209453 31.548941 28.935534
v -20.122210 25.423349 10.000000
v -20.266304 25.393257 10.003613
v -20.410049 25.363237 10.014446
v -20.553104 25.333363 10.032471
v -20.695120 25.303703 10.057644
v -20.835756 25.274334 10.089907
v -20.974672 25.245323 10.129179
v -21.111534 25.216740 10.175367
v -21.246014 25.188656 10.228361
v -21.377787 25.161137 10.288033
v -21.506533 25.134249 10.354237
v -21.631947 25.108057 10.426814
v -21.753719 25.082626 10.505591
v -21.871567 25.058016 10.590378
v -21.985195 25.034286 10.680968
v -22.094339 25.011492 10.777146
v -22.198730 24.989691 10.878679
v -22.298119 24.968935 10.985323
v -22.392265 24.949274 11.096820
v -22.480944 24.930754 11.212902
v -22.563940 24.913422 11.333289
v -22.641052 24.897318 11.457692
v -22.712097 24.882481 11.585810
v -22.776903 24.868946 11.717335
v -22.835314 24.856749 11.851950
v -22.887190 24.845915 11.989330
v -22.932402 24.836472 12.129146
v -22.970844 24.828444 12.271059
v -23.002426 24.821848 12.414729
v -23.027069 24.816702 12.559809
v -23.044712 24.813017 12.705949
v -23.055315 24.810802 12.852797
v 9.035467 31.512606 29.104755
v 8.853563 31.474617 29.265053
v 8.664179 31.435066 29.416039
v 8.467771 31.394049 29.557348
v 8.264812 31.351664 29.688643
v 8.055792 31.308012 29.809607
v 7.841213 31.263199 29.919947
v 7.621592 31.217335 30.019398
v 7.397460 31.170527 30.107719
v 7.169356 31.122890 30.184702
v 6.937828 31.074537 30.250156
v 6.703435 31.025587 30.303926
v 6.466743 30.976156 30.345882
v 6.228320 30.926365 30.375923
v 5.988741 30.876331 30.393978
v 5.748584 30.826178 30.400000
v -14.121436 23.577393 30.400000
v -14.063007 23.664284 30.400000
v -17.605438 25.948950 30.400000
v -14.175460 23.487696 30.400000
v -14.000319 23.748156 30.400000
v -14.224946 23.395420 30.400000
v -13.933530 23.828796 30.400000
v -14.269773 23.300793 30.400000
v -13.862803 23.906008 30.400000
v -14.309825 23.204046 30.400000
v -13.788316 23.979599 30.400000
v -14.345006 23.105423 30.400000
v -13.710254 24.049385 30.400000
v -14.375227 23.005171 30.400000
v -13.628809 24.115194 30.400000
v -14.400414 22.903536 30.400000
v -13.544186 24.176863 30.400000
v -14.420503 22.800772 30.400000
v -13.456594 24.234234 30.400000
v -14.435444 22.697134 30.400000
v -13.366251 24.287169 30.400000
v -14.445202 22.592882 30.400000
v -13.273382 24.335535 30.400000
v -14.449750 22.488272 30.400000
v -13.178217 24.379211 30.400000
v -14.449078 22.383564 30.400000
v -13.080994 24.418089 30.400000
v -14.443188 22.279022 30.400000
v -12.981954 24.452076 30.400000
v -14.432095 22.174902 30.400000
v -12.881342 24.481079 30.400000
v -14.415825 22.071465 30.400000
v -12.779410 24.505033 30.400000
v -14.394419 21.968967 30.400000
v -14.367931 21.867664 30.400000
v -14.336427 21.767807 30.400000
v -14.299984 21.669645 30.400000
v -14.258694 21.573420 30.400000
v -14.212658 21.479374 30.400000
v -14.161992 21.387741 30.400000
v -14.106821 21.298746 30.400000
v -14.047283 21.212610 30.400000
v -13.983524 21.129551 30.400000
v -13.915706 21.049774 30.400000
v -13.843995 20.973475 30.400000
v -13.768570 20.900845 30.400000
v -13.689618 20.832066 30.400000
v -13.607337 20.767307 30.400000
v -13.521930 20.706730 30.400000
v -13.433609 20.650484 30.400000
v -13.342593 20.598713 30.400000
v -13.249112 20.551542 30.400000
v -13.153395 20.509090 30.400000
v -13.055681 20.471462 30.400000
v -12.956213 20.438751 30.400000
v -12.855238 20.411039 30.400000
v -12.753007 20.388393 30.400000
v -12.649775 20.370872 30.400000
v -12.545796 20.358521 30.400000
v -12.441332 20.351364 30.400000
v -12.336641 20.349424 30.400000
v -12.231984 20.352709 30.400000
v -12.127620 20.361202 30.400000
v -12.023809 20.374887 30.400000
v -11.920810 20.393732 30.400000
v 1.903813 27.571463 30.400000
v 3.416611 27.314709 30.400000
v 3.325596 27.366480 30.400000
v 3.232115 27.413651 30.400000
v 3.136398 27.456102 30.400000
v 3.038683 27.493731 30.400000
v 2.939216 27.526442 30.400000
v 2.838240 27.554153 30.400000
v 2.736009 27.576799 30.400000
v 2.632777 27.594320 30.400000
v 2.528799 27.606672 30.400000
v 2.424335 27.613829 30.400000
v 2.319643 27.615768 30.400000
v 2.214987 27.612484 30.400000
v 2.110623 27.603992 30.400000
v 2.006812 27.590305 30.400000
v 3.504932 27.258463 30.400000
v 3.590339 27.197886 30.400000
v 3.672621 27.133127 30.400000
v 3.751572 27.064350 30.400000
v 3.826998 26.991720 30.400000
v 3.898709 26.915421 30.400000
v 3.966527 26.835642 30.400000
v 4.030285 26.752583 30.400000
v 4.089823 26.666449 30.400000
v 4.144994 26.577452 30.400000
v 4.195661 26.485819 30.400000
v 4.241696 26.391773 30.400000
v 4.282987 26.295547 30.400000
v 4.319429 26.197386 30.400000
v 4.350934 26.097528 30.400000
v 4.377422 25.996225 30.400000
v 2.762413 23.460159 30.400000
v 2.864344 23.484114 30.400000
v 2.964956 23.513119 30.400000
v 3.063996 23.547104 30.400000
v 3.161220 23.585981 30.400000
v 3.256384 23.629658 30.400000
v 3.349254 23.678024 30.400000
v 3.439597 23.730959 30.400000
v 3.527189 23.788332 30.400000
v 3.611812 23.849998 30.400000
v 3.693256 23.915808 30.400000
v 3.771319 23.985596 30.400000
v 3.845806 24.059185 30.400000
v 3.916533 24.136396 30.400000
v 3.983322 24.217039 30.400000
v 4.046010 24.300909 30.400000
v 4.104438 24.387800 30.400000
v 4.158462 24.477497 30.400000
v 4.207949 24.569773 30.400000
v 4.252775 24.664402 30.400000
v 4.292828 24.761148 30.400000
v 4.328008 24.859770 30.400000
v 4.358229 24.960022 30.400000
v 4.383416 25.061657 30.400000
v 4.403505 25.164421 30.400000
v 4.418447 25.268059 30.400000
v 4.428204 25.372311 30.400000
v 4.432753 25.476921 30.400000
v 4.432080 25.581629 30.400000
v 4.426191 25.686171 30.400000
v 4.415097 25.790291 30.400000
v 4.398828 25.893728 30.400000
v -17.845594 25.898796 30.393978
v -18.085175 25.848763 30.375923
v -18.323597 25.798969 30.345882
v -18.560289 25.749538 30.303926
v -18.794682 25.700588 30.250156
v -19.026209 25.652237 30.184702
v -19.254314 25.604599 30.107719
v -19.478447 25.557793 30.019398
v -19.698067 25.511927 29.919947
v -19.912645 25.467115 29.809607
v -20.121666 25.423464 29.688643
v -20.324625 25.381077 29.557348
v -20.521032 25.340059 29.416039
v -20.710417 25.300508 29.265053
v -20.892321 25.262520 29.104755
v -21.066307 25.226185 28.935534
v -25.540840 24.291729 24.364466
v -29.911024 23.379065 10.000000
v -29.766930 23.409157 10.003613
v -29.623182 23.439177 10.014446
v -29.480129 23.469051 10.032471
v -29.338112 23.498711 10.057644
v -29.197477 23.528082 10.089907
v -29.058561 23.557093 10.129179
v -28.921698 23.585674 10.175367
v -28.787218 23.613758 10.228361
v -28.655447 23.641277 10.288033
v -28.526699 23.668165 10.354237
v -28.401287 23.694357 10.426814
v -28.279512 23.719788 10.505591
v -28.161667 23.744398 10.590378
v -28.048037 23.768129 10.680968
v -27.938894 23.790922 10.777146
v -27.834501 23.812723 10.878679
v -27.735115 23.833479 10.985323
v -27.640968 23.853140 11.096820
v -27.552290 23.871660 11.212902
v -27.469292 23.888992 11.333289
v -27.392181 23.905098 11.457692
v -27.321135 23.919933 11.585810
v -27.256329 23.933468 11.717335
v -27.197918 23.945667 11.851950
v -27.146044 23.956501 11.989330
v -27.100830 23.965942 12.129146
v -27.062387 23.973970 12.271059
v -27.030806 23.980566 12.414729
v -27.006165 23.985712 12.559809
v -26.988520 23.989397 12.705949
v -26.977917 23.991611 12.852797
v -26.974379 23.992350 13.000000
v -25.706488 24.257135 24.186728
v -25.863401 24.224365 24.000898
v -26.011196 24.193501 23.807428
v -26.149523 24.164612 23.606783
v -26.278046 24.137772 23.399446
v -26.396454 24.113043 23.185915
v -26.504465 24.090487 22.966707
v -26.601814 24.070156 22.742350
v -26.688271 24.052101 22.513382
v -26.763628 24.036364 22.280355
v -26.827700 24.022982 22.043833
v -26.880335 24.011990 21.804384
v -26.921406 24.003414 21.562584
v -26.950811 23.997272 21.319017
v -26.968483 23.993582 21.074270
v -26.974379 23.992350 20.828932
v 5.119941 30.694893 27.104755
v 4.938037 30.656904 27.265053
v 4.748653 30.617353 27.416039
v 4.552245 30.576336 27.557348
v 4.349286 30.533949 27.688643
v 4.140266 30.490297 27.809607
v 3.925687 30.445486 27.919947
v 3.706066 30.399620 28.019398
v 3.481934 30.352812 28.107719
v 3.253830 30.305176 28.184702
v 3.022302 30.256824 28.250156
v 2.787909 30.207872 28.303926
v 2.551216 30.158443 28.345882
v 2.312794 30.108650 28.375923
v 2.073215 30.058617 28.393978
v 1.833058 30.008463 28.400000
v -13.930069 26.716509 28.393978
v -13.689912 26.766663 28.400000
v -14.169648 26.666475 28.375923
v -14.408071 26.616684 28.345882
v -14.644763 26.567253 28.303926
v -14.879156 26.518303 28.250156
v -15.110683 26.469952 28.184702
v -15.338788 26.422314 28.107719
v -15.562921 26.375507 28.019398
v -15.782541 26.329641 27.919947
v -15.997120 26.284828 27.809607
v -16.206141 26.241177 27.688643
v -16.409100 26.198792 27.557348
v -16.605507 26.157774 27.416039
v -16.794891 26.118223 27.265053
v -16.976795 26.080235 27.104755
v 5.628255 28.304043 27.096741
v 5.454271 28.267708 27.251112
v 2.332737 27.615810 28.400000
v 2.499481 27.650633 28.397097
v 2.427235 27.613703 28.400000
v 5.136812 24.066881 27.977383
v 5.192233 24.144083 27.952158
v 5.259630 24.289413 27.922588
v 5.100711 26.093792 27.971977
v 4.524194 27.810961 27.922588
v 4.680982 28.106215 27.786942
v 4.685281 27.582094 27.901243
v 4.471134 28.062389 27.897535
v 4.404266 27.917171 27.952158
v 4.322579 27.965738 27.977383
v 4.036312 27.971582 28.087351
v 4.255998 28.017462 27.997799
v 5.867524 24.770870 27.530279
v 5.315655 24.563623 27.901243
v 5.320306 24.827103 27.903748
v 4.996347 24.103174 28.039898
v 5.747310 25.139187 27.591303
v 5.725145 25.201466 27.602627
v 5.082332 24.252386 28.008600
v 5.700736 25.269529 27.614964
v 4.992227 24.233568 28.048965
v 4.967987 24.359762 28.069450
v 4.901068 24.214531 28.087584
v 3.521837 23.736273 28.392653
v 3.266899 23.634838 28.400000
v 3.343716 23.674976 28.400000
v 3.409921 23.712900 28.400000
v 3.743987 23.834873 28.377308
v 3.808573 23.884504 28.374243
v 4.000006 23.984722 28.351959
v 3.777291 23.859900 28.375717
v 4.035081 24.019156 28.349613
v 4.191523 24.106043 28.323736
v 3.560202 23.760347 28.391703
v 3.468560 23.749241 28.400000
v 3.838072 23.908737 28.372868
v 4.244256 24.171272 28.319353
v 4.019077 24.263800 28.400000
v 4.064576 24.327518 28.400000
v 4.106098 24.390406 28.400000
v 4.144047 24.452545 28.400000
v 4.178754 24.514009 28.400000
v 4.067785 24.053093 28.347469
v 3.600155 23.786764 28.390726
v 3.521451 23.784382 28.400000
v 3.865989 23.932640 28.371584
v 3.637274 23.812588 28.389830
v 3.569797 23.818575 28.400000
v 3.628539 23.862970 28.400000
v 3.688273 23.911589 28.400000
v 4.098414 24.086599 28.345503
v 4.218703 24.138828 28.321453
v 3.880742 24.096359 28.400000
v 3.920331 24.140772 28.400000
v 3.969080 24.199144 28.400000
v 3.901053 23.964058 28.369995
v 3.742575 23.959074 28.400000
v 3.792320 24.005606 28.400000
v 3.838207 24.051332 28.400000
v 4.774363 24.675743 28.188101
v 4.210502 24.574856 28.400000
v 4.781383 24.704315 28.187555
v 4.787915 24.732790 28.187105
v 4.239522 24.635132 28.400000
v 4.793981 24.761164 28.186747
v 4.799597 24.789444 28.186470
v 4.266005 24.694880 28.400000
v 4.804783 24.817635 28.186275
v 4.809554 24.845739 28.186153
v 4.290115 24.754129 28.400000
v 4.311988 24.812912 28.400000
v 4.331749 24.871256 28.400000
v 4.349514 24.929182 28.400000
v 4.365371 24.986708 28.400000
v 4.379400 25.043856 28.400000
v 4.391672 25.100632 28.400000
v 4.405409 25.175789 28.400000
v 5.331067 26.936563 27.640326
v 4.876631 27.097036 27.917738
v 5.328529 26.973072 27.634403
v 5.325221 27.021765 27.626352
v 5.321550 27.076555 27.617128
v 5.316633 27.149607 27.604658
v 4.809637 25.687267 28.198906
v 4.417427 25.259623 28.400000
v 4.425963 25.342728 28.400000
v 4.431147 25.425135 28.400000
v 4.433088 25.506865 28.400000
v 4.431874 25.587934 28.400000
v 4.427570 25.668360 28.400000
v 4.804317 25.726820 28.199505
v 4.798623 25.766293 28.200041
v 4.420229 25.748150 28.400000
v 5.307418 27.278936 27.582493
v 4.794995 27.342497 27.903748
v 4.792564 25.805687 28.200512
v 4.409886 25.827314 28.400000
v 4.396573 25.905855 28.400000
v 4.380308 25.983784 28.400000
v 5.281820 27.551376 27.538853
v 5.272050 28.229652 27.397953
v 5.082062 28.189976 27.536610
v 4.884841 28.148788 27.666462
v 4.703069 26.234278 28.200514
v 4.361090 26.061092 28.400000
v 4.338900 26.137783 28.400000
v 4.313711 26.213844 28.400000
v 4.692856 26.272808 28.200045
v 4.285484 26.289274 28.400000
v 4.254168 26.364059 28.400000
v 4.219697 26.438183 28.400000
v 4.181983 26.511631 28.400000
v 4.435652 26.947420 28.187082
v 4.140918 26.584377 28.400000
v 4.096372 26.656399 28.400000
v 4.048182 26.727657 28.400000
v 3.996157 26.798117 28.400000
v 3.940073 26.867727 28.400000
v 4.415971 26.983974 28.186668
v 4.395557 27.020372 28.186357
v 3.879667 26.936436 28.400000
v 4.374367 27.056608 28.186163
v 3.814597 27.004171 28.400000
v 4.300156 27.172363 28.186508
v 3.744446 27.070845 28.400000
v 4.275184 27.207811 28.186974
v 3.668714 27.136353 28.400000
v 4.249176 27.243042 28.187635
v 4.310116 27.634998 28.058193
v 4.222063 27.278042 28.188515
v 3.586758 27.200560 28.400000
v 4.281846 27.760349 28.037962
v 4.192947 27.741785 28.076242
v 4.136512 27.861254 28.069515
v 3.812849 27.924915 28.165892
v 3.549628 27.531374 28.313704
v 3.461189 27.512905 28.336040
v 3.506979 27.257090 28.400000
v 3.429621 27.306808 28.400000
v 3.346234 27.355265 28.400000
v 3.255795 27.402250 28.400000
v 3.167246 27.443043 28.400000
v 3.408782 27.538557 28.338661
v 3.358751 27.561045 28.341291
v 3.210937 27.563110 28.362732
v 3.080552 27.478292 28.400000
v 2.985704 27.511843 28.400000
v 3.305600 27.582880 28.344217
v 3.151976 27.583735 28.365158
v 3.095124 27.601503 28.367596
v 3.040247 27.616720 28.370037
v 2.939479 27.595676 28.383801
v 2.891546 27.540199 28.400000
v 2.797599 27.563797 28.400000
v 2.878336 27.609587 28.385477
v 2.818734 27.621151 28.387167
v 2.742323 27.605192 28.394203
v 2.703099 27.582960 28.400000
v 2.606936 27.597885 28.400000
v 2.682665 27.614342 28.395075
v 2.507260 27.608574 28.400000
v 4.695580 24.040363 28.155037
v 4.593561 24.019058 28.188969
v 4.662660 24.099115 28.171812
v 4.207679 23.958315 28.297487
v 4.244464 23.993105 28.292219
v 4.104740 23.936817 28.320240
v 4.226501 23.975800 28.294781
v 4.000984 23.915150 28.340794
v 3.878493 23.848907 28.356117
v 3.944471 27.755520 28.156620
v 3.851399 27.801710 28.174047
v 3.357797 27.829882 28.289114
v 3.586407 27.877625 28.233194
v 3.505194 27.691381 28.282808
v 3.127831 27.781857 28.333584
v 3.406544 27.670778 28.306389
v 3.307671 27.650129 28.327831
v 3.154463 27.669369 28.345760
v 2.667066 27.685631 28.388321
v 2.897323 27.733717 28.366623
v 2.888558 27.658464 28.375677
v 4.446342 23.955498 28.230717
v 3.918279 23.822327 28.345617
v 3.195103 27.711264 28.332245
v 2.246367 27.614019 28.400000
v 2.160144 27.608675 28.400000
v 2.074214 27.599791 28.400000
v 1.988722 27.587378 28.400000
v 1.903813 27.571463 28.400000
v -12.779410 24.505033 28.400000
v -12.863592 24.485638 28.400000
v -12.946907 24.462797 28.400000
v -13.029210 24.436548 28.400000
v -13.110365 24.406937 28.400000
v -13.190233 24.374010 28.400000
v -13.275990 24.334259 28.400000
v -13.347273 24.297531 28.400000
v -13.434340 24.247843 28.400000
v -13.516493 24.195679 28.400000
v -13.595425 24.140297 28.400000
v -13.672075 24.081072 28.400000
v -13.747014 24.017401 28.400000
v -13.820507 23.948694 28.400000
v -13.885846 23.881693 28.400000
v -13.950668 23.808872 28.400000
v -14.014744 23.729616 28.400000
v -14.071768 23.651838 28.400000
v -14.122762 23.575315 28.400000
v -14.173247 23.491581 28.400000
v -14.222656 23.399939 28.400000
v -14.265841 23.309595 28.400000
v -14.303445 23.220421 28.400000
v -14.335967 23.132303 28.400000
v -14.363826 23.045162 28.400000
v -14.387362 22.958923 28.400000
v -14.406839 22.873531 28.400000
v -14.422482 22.788942 28.400000
v -14.434481 22.705112 28.400000
v -14.442998 22.622011 28.400000
v -14.448163 22.539608 28.400000
v -14.450089 22.457884 28.400000
v -14.448856 22.376816 28.400000
v -14.444535 22.296394 28.400000
v -14.437177 22.216608 28.400000
v -14.426819 22.137447 28.400000
v -14.413489 22.058908 28.400000
v -14.397207 21.980984 28.400000
v -14.377974 21.903679 28.400000
v -14.355768 21.826990 28.400000
v -14.330563 21.750933 28.400000
v -14.302319 21.675507 28.400000
v -14.270986 21.600727 28.400000
v -14.236496 21.526606 28.400000
v -14.198764 21.453161 28.400000
v -14.157681 21.380419 28.400000
v -14.113115 21.308401 28.400000
v -14.070447 21.245024 28.400000
v -14.036477 21.197905 28.400000
v -14.000750 21.151148 28.400000
v -13.963194 21.104776 28.400000
v -13.923732 21.058802 28.400000
v -13.882272 21.013245 28.400000
v -13.838700 20.968128 28.400000
v -13.792892 20.923479 28.400000
v -13.744711 20.879326 28.400000
v -13.693993 20.835701 28.400000
v -13.640546 20.792646 28.400000
v -13.584140 20.750212 28.400000
v -13.524493 20.708452 28.400000
v -13.461272 20.667439 28.400000
v -13.394075 20.627256 28.400000
v -13.322381 20.588015 28.400000
v -13.254343 20.554031 28.400000
v -13.200289 20.529175 28.400000
v -13.143289 20.504936 28.400000
v -13.082936 20.481396 28.400000
v -13.018726 20.458662 28.400000
v -12.949958 20.436880 28.400000
v -12.875758 20.416231 28.400000
v -12.804158 20.399057 28.400000
v -12.746167 20.387070 28.400000
v -12.683633 20.376036 28.400000
v -12.615352 20.366199 28.400000
v -12.539501 20.357943 28.400000
v -12.453041 20.351904 28.400000
v -16.531187 23.676289 27.053932
v -16.406610 23.702305 27.168783
v -14.339577 19.999454 27.977383
v -14.421263 20.048023 27.952158
v -14.541191 20.154232 27.922588
v -15.117708 21.871401 27.971977
v -15.649164 23.860489 27.723188
v -15.276628 23.675779 27.922588
v -15.332652 23.401571 27.901243
v -15.230085 23.948009 27.945055
v -15.442461 23.903658 27.839170
v -15.209230 23.821110 27.952158
v -15.153810 23.898312 27.977383
v -15.012757 23.993397 28.040424
v -15.290966 20.352156 27.530279
v -14.702278 20.383101 27.901243
v -14.811992 20.622696 27.903748
v -14.225377 20.088932 28.039898
v -15.328209 20.737799 27.591303
v -15.332822 20.803743 27.602627
v -14.363894 20.191257 28.008600
v -15.337693 20.875887 27.614964
v -14.273787 20.210075 28.048965
v -14.302079 20.335423 28.069450
v -14.182629 20.229113 28.087584
v -12.727267 20.342827 28.392653
v -12.970312 20.344278 28.377308
v -13.264905 20.379139 28.351959
v -13.049363 20.363913 28.374243
v -13.010848 20.353884 28.375717
v -13.488970 20.413670 28.323736
v -13.310829 20.396654 28.349613
v -12.772061 20.349537 28.391703
v -13.086095 20.374313 28.372868
v -13.563402 20.452339 28.319353
v -13.354383 20.414667 28.347469
v -12.819247 20.357754 28.390726
v -13.121244 20.385044 28.371584
v -12.863599 20.366564 28.389830
v -13.395861 20.433113 28.345503
v -13.526999 20.432835 28.321453
v -13.165953 20.399803 28.369995
v -14.251101 20.702486 28.188101
v -14.268970 20.725861 28.187555
v -14.286353 20.749340 28.187105
v -14.303267 20.772917 28.186747
v -14.319733 20.796585 28.186470
v -14.335768 20.820343 28.186275
v -14.351387 20.844189 28.186153
v -15.666106 22.551537 27.640326
v -15.313878 22.880472 27.917738
v -15.678392 22.586010 27.634403
v -15.694848 22.631956 27.626352
v -15.713413 22.683638 27.617128
v -15.738143 22.752550 27.604658
v -14.688262 21.615349 28.198906
v -14.699217 21.653723 28.199505
v -14.709797 21.692175 28.200041
v -15.781460 22.874760 27.582493
v -15.337304 23.138090 27.903748
v -14.720012 21.730703 28.200512
v -15.867038 23.134672 27.538853
v -15.849523 23.818647 27.597589
v -16.042913 23.778259 27.462917
v -16.231697 23.452284 27.279804
v -16.228777 23.739445 27.319767
v -14.809527 22.159288 28.200514
v -14.815589 22.198687 28.200045
v -14.849877 22.919851 28.187082
v -14.846471 22.961227 28.186668
v -14.842330 23.002752 28.186357
v -14.837415 23.044441 28.186163
v -14.815734 23.180223 28.186508
v -14.807035 23.222700 28.186974
v -14.797301 23.265396 28.187635
v -15.081913 23.716444 28.016575
v -14.786463 23.308321 28.188515
v -14.972260 23.608089 28.075106
v -14.993390 23.734932 28.055832
v -14.994102 23.866037 28.047960
v -14.566298 24.086634 28.198318
v -14.791234 24.039660 28.124935
v -14.904182 23.753561 28.093273
v -14.230886 23.818111 28.324213
v -14.103641 23.881283 28.348076
v -14.194243 23.862362 28.327164
v -14.065894 23.922100 28.350405
v -14.024985 23.963579 28.352993
v -13.883523 24.026060 28.372616
v -13.980357 24.005836 28.355885
v -13.837605 24.065292 28.374632
v -13.792522 24.101383 28.376652
v -13.640395 24.159832 28.390577
v -13.743144 24.138374 28.378904
v -13.589520 24.194469 28.391752
v -13.539004 24.226627 28.392937
v -13.418736 24.326290 28.394548
v -13.924610 20.151743 28.155037
v -13.822592 20.173048 28.188969
v -13.917955 20.218760 28.171812
v -13.444653 20.271822 28.297487
v -13.492286 20.288982 28.292219
v -13.341712 20.293320 28.320240
v -13.468898 20.280313 28.294781
v -13.237956 20.314989 28.340794
v -13.099192 20.303307 28.356117
v -14.687121 23.930147 28.163740
v -14.338756 24.134153 28.260387
v -14.657536 23.870699 28.179358
v -14.587274 23.950998 28.196362
v -14.226764 23.988258 28.299339
v -13.879104 24.230146 28.350229
v -14.201231 24.011889 28.302864
v -14.109419 24.182049 28.311033
v -14.101050 24.032810 28.324512
v -14.000704 24.053766 28.343969
v -13.862197 24.132097 28.360023
v -13.648613 24.278282 28.378023
v -13.662239 20.173721 28.230717
v -13.125014 20.263023 28.345617
v -14.435269 24.015558 28.238552
v -13.914356 24.147293 28.348957
v 20.461088 -16.669199 10.878679
v 20.560476 -16.648443 10.985323
v 26.096859 -15.492230 10.878679
v 25.997473 -15.512986 10.985323
v 20.356697 -16.691000 10.777146
v 26.201252 -15.470429 10.777146
v 20.247553 -16.713793 10.680968
v 26.310394 -15.447636 10.680968
v 20.654623 -16.628780 11.096820
v 25.903324 -15.532648 11.096820
v 20.133923 -16.737524 10.590378
v 26.424025 -15.423905 10.590378
v 20.743301 -16.610262 11.212902
v 25.814646 -15.551167 11.212902
v 20.826298 -16.592928 11.333289
v 25.731649 -15.568501 11.333289
v 20.016077 -16.762135 10.505591
v 26.541870 -15.399295 10.505591
v 20.903410 -16.576824 11.457692
v 25.654537 -15.584604 11.457692
v 19.894304 -16.787565 10.426814
v 26.663643 -15.373864 10.426814
v 20.974455 -16.561987 11.585810
v 25.583492 -15.599442 11.585810
v 19.768890 -16.813757 10.354237
v 26.789057 -15.347672 10.354237
v 19.640144 -16.840643 10.288033
v 27.049576 -15.293266 10.228361
v 26.917805 -15.320786 10.288033
v 21.039261 -16.548454 11.717335
v 25.518686 -15.612975 11.717335
v 19.508371 -16.868162 10.228361
v 21.097672 -16.536255 11.851950
v 25.460276 -15.625174 11.851950
v 27.184055 -15.265182 10.175367
v 19.373892 -16.896248 10.175367
v 21.149548 -16.525421 11.989330
v 25.408401 -15.636007 11.989330
v 19.237030 -16.924829 10.129179
v 27.459835 -15.207588 10.089907
v 27.320919 -15.236599 10.129179
v 21.194759 -16.515980 12.129146
v 25.363188 -15.645450 12.129146
v 19.098114 -16.953840 10.089907
v 21.233202 -16.507952 12.271059
v 25.324745 -15.653478 12.271059
v 27.600470 -15.178218 10.057644
v 18.957478 -16.983212 10.057644
v 21.264784 -16.501356 12.414729
v 25.293163 -15.660073 12.414729
v 25.268522 -15.665219 12.559809
v 27.742487 -15.148560 10.032471
v 18.815462 -17.012869 10.032471
v 21.289425 -16.496210 12.559809
v 27.885540 -15.118685 10.014446
v 18.672407 -17.042746 10.014446
v 21.307070 -16.492525 12.705949
v 25.250877 -15.668904 12.705949
v 21.317673 -16.490311 12.852797
v 25.240274 -15.671119 12.852797
v 21.321211 -16.489571 13.000000
v 25.236736 -15.671858 13.000000
v 21.321211 -16.489571 18.828932
v 25.236736 -15.671858 20.828932
v 21.315315 -16.490803 19.074270
v 21.297644 -16.494493 19.319017
v 21.268236 -16.500635 19.562584
v 21.227167 -16.509212 19.804384
v 21.174532 -16.520205 20.043833
v 21.110460 -16.533585 20.280355
v 25.230841 -15.673089 21.074270
v 25.213169 -15.676780 21.319017
v 21.035103 -16.549322 20.513382
v 25.183762 -15.682920 21.562584
v 25.142693 -15.691498 21.804384
v 20.948647 -16.567377 20.742350
v 25.090057 -15.702490 22.043833
v 25.025986 -15.715871 22.280355
v 24.950628 -15.731607 22.513382
v 20.851295 -16.587708 20.966707
v 24.864172 -15.749663 22.742350
v 24.766821 -15.769994 22.966707
v 24.658812 -15.792551 23.185915
v 20.743286 -16.610264 21.185915
v 24.540403 -15.817279 23.399446
v 24.411880 -15.844119 23.606783
v 20.624876 -16.634993 21.399446
v 24.273554 -15.873008 23.807428
v 24.125759 -15.903873 24.000898
v 23.968845 -15.936643 24.186728
v 20.496355 -16.661833 21.606783
v 23.803198 -15.971236 24.364466
v 20.358028 -16.690722 21.807428
v 20.210232 -16.721586 22.000898
v 20.053320 -16.754356 22.186728
v 19.887672 -16.788950 22.364466
v 19.328665 -16.905693 28.935534
v 15.413138 -17.723408 26.935534
v 19.154678 -16.942028 29.104755
v 18.972775 -16.980017 29.265053
v 18.783390 -17.019567 29.416039
v 18.586983 -17.060585 29.557348
v 18.384024 -17.102970 29.688643
v 18.175003 -17.146622 29.809607
v 17.960424 -17.191435 29.919947
v 17.740805 -17.237299 30.019398
v 17.516672 -17.284107 30.107719
v 17.288567 -17.331745 30.184702
v 15.239153 -17.759741 27.104755
v 17.057039 -17.380096 30.250156
v 16.822647 -17.429047 30.303926
v 15.057249 -17.797729 27.265053
v 16.585955 -17.478477 30.345882
v 16.347532 -17.528269 30.375923
v 16.107952 -17.578302 30.393978
v 14.867865 -17.837280 27.416039
v 15.867796 -17.628456 30.400000
v 14.671456 -17.878300 27.557348
v 14.468498 -17.920685 27.688643
v 14.259478 -17.964336 27.809607
v 14.044898 -18.009148 27.919947
v 13.825278 -18.055014 28.019398
v 13.601146 -18.101822 28.107719
v 13.373041 -18.149458 28.184702
v 13.141514 -18.197811 28.250156
v 12.907121 -18.246761 28.303926
v 12.670428 -18.296192 28.345882
v 12.432005 -18.345984 28.375923
v 12.192427 -18.396017 28.393978
v 11.952270 -18.446171 28.400000
v -11.975127 -23.443142 10.777146
v -17.819681 -24.663712 10.777146
v -12.079518 -23.464943 10.878679
v -17.715290 -24.641911 10.878679
v -17.615902 -24.621155 10.985323
v -12.178906 -23.485699 10.985323
v -17.928825 -24.686504 10.680968
v -11.865984 -23.420349 10.680968
v -17.521755 -24.601494 11.096820
v -12.273053 -23.505360 11.096820
v -12.361732 -23.523880 11.212902
v -18.042456 -24.710236 10.590378
v -11.752354 -23.396618 10.590378
v -17.433077 -24.582973 11.212902
v -12.444729 -23.541212 11.333289
v -18.160301 -24.734846 10.505591
v -11.512734 -23.346577 10.426814
v -11.634508 -23.372007 10.505591
v -17.350080 -24.565641 11.333289
v -12.521840 -23.557316 11.457692
v -18.282074 -24.760277 10.426814
v -17.272968 -24.549538 11.457692
v -12.592886 -23.572153 11.585810
v -18.407488 -24.786469 10.354237
v -11.258574 -23.293497 10.288033
v -11.387321 -23.320385 10.354237
v -17.201923 -24.534700 11.585810
v -17.137117 -24.521166 11.717335
v -12.657692 -23.585688 11.717335
v -18.536234 -24.813356 10.288033
v -17.078707 -24.508966 11.851950
v -12.716103 -23.597887 11.851950
v -12.767978 -23.608719 11.989330
v -10.992323 -23.237894 10.175367
v -18.668007 -24.840876 10.228361
v -11.126802 -23.265978 10.228361
v -18.802486 -24.868959 10.175367
v -17.026831 -24.498135 11.989330
v -18.939350 -24.897543 10.129179
v -10.855460 -23.209312 10.129179
v -16.981619 -24.488691 12.129146
v -12.813190 -23.618162 12.129146
v -19.078264 -24.926554 10.089907
v -10.575908 -23.150930 10.057644
v -10.716544 -23.180300 10.089907
v -16.943176 -24.480663 12.271059
v -12.851633 -23.626190 12.271059
v -12.883215 -23.632786 12.414729
v -19.218901 -24.955923 10.057644
v -10.433892 -23.121271 10.032471
v -16.911594 -24.474068 12.414729
v -19.360916 -24.985582 10.032471
v -16.886953 -24.468922 12.559809
v -12.907857 -23.637932 12.559809
v -19.503969 -25.015457 10.014446
v -10.290838 -23.091396 10.014446
v -16.869308 -24.465237 12.705949
v -12.925500 -23.641617 12.705949
v -16.858706 -24.463022 12.852797
v -12.936104 -23.643831 12.852797
v -16.855167 -24.462284 13.000000
v -12.939642 -23.644569 13.000000
v -12.939642 -23.644569 18.828932
v -12.792963 -23.613937 20.043833
v -16.855167 -24.462284 20.828932
v -12.728890 -23.600557 20.280355
v -12.845597 -23.624929 19.804384
v -12.886667 -23.633507 19.562584
v -12.916074 -23.639648 19.319017
v -12.933745 -23.643339 19.074270
v -3.810858 -21.738125 28.393978
v -7.486227 -22.505684 30.400000
v -3.570700 -21.687971 28.400000
v -4.050436 -21.788158 28.375923
v -4.288859 -21.837950 28.345882
v -4.525552 -21.887381 28.303926
v -4.759944 -21.936331 28.250156
v -4.991472 -21.984682 28.184702
v -5.219576 -22.032320 28.107719
v -5.443709 -22.079128 28.019398
v -5.663329 -22.124992 27.919947
v -5.877909 -22.169806 27.809607
v -6.086929 -22.213457 27.688643
v -6.289887 -22.255842 27.557348
v -6.486296 -22.296860 27.416039
v -6.675680 -22.336411 27.265053
v -7.726384 -22.555840 30.393978
v -16.849272 -24.461052 21.074270
v -16.831600 -24.457361 21.319017
v -12.653534 -23.584820 20.513382
v -7.965962 -22.605871 30.375923
v -6.857584 -22.374399 27.104755
v -8.204385 -22.655664 30.345882
v -16.802193 -24.451221 21.562584
v -8.441078 -22.705095 30.303926
v -16.761124 -24.442644 21.804384
v -12.567078 -23.566763 20.742350
v -7.031569 -22.410734 26.935534
v -8.675470 -22.754045 30.250156
v -16.708488 -24.431652 22.043833
v -8.906998 -22.802397 30.184702
v -16.644417 -24.418270 22.280355
v -9.135102 -22.850035 30.107719
v -16.569059 -24.402533 22.513382
v -12.469727 -23.546432 20.966707
v -9.359235 -22.896841 30.019398
v -16.482603 -24.384478 22.742350
v -9.578856 -22.942707 29.919947
v -16.385252 -24.364147 22.966707
v -9.793434 -22.987520 29.809607
v -16.277243 -24.341591 23.185915
v -12.361716 -23.523876 21.185915
v -10.002455 -23.031172 29.688643
v -16.158833 -24.316862 23.399446
v -10.205414 -23.073557 29.557348
v -16.030312 -24.290022 23.606783
v -12.243307 -23.499147 21.399446
v -10.401821 -23.114574 29.416039
v -15.891984 -24.261133 23.807428
v -10.591206 -23.154125 29.265053
v -15.744189 -24.230268 24.000898
v -10.773109 -23.192114 29.104755
v -15.587276 -24.197498 24.186728
v -12.114786 -23.472307 21.606783
v -11.506103 -23.345192 22.364466
v -10.947095 -23.228449 28.935534
v -11.671751 -23.379786 22.186728
v -15.421629 -24.162905 24.364466
v -11.828663 -23.412554 22.000898
v -11.976459 -23.443420 21.807428
v 28.029287 -15.088664 10.003613
v 18.528662 -17.072765 10.003613
v -10.002997 -23.031284 10.000000
v -19.791813 -25.075569 10.000000
v -10.147092 -23.061377 10.003613
v -19.647717 -25.045477 10.003613
v 29.766930 -23.409157 10.003613
v 29.623182 -23.439177 10.014446
v 29.480129 -23.469051 10.032471
v 29.338112 -23.498711 10.057644
v 29.197477 -23.528082 10.089907
v 29.058561 -23.557093 10.129179
v 28.921698 -23.585674 10.175367
v 28.787218 -23.613758 10.228361
v 28.655447 -23.641277 10.288033
v 28.526699 -23.668165 10.354237
v 28.401287 -23.694357 10.426814
v 28.279512 -23.719788 10.505591
v 28.161667 -23.744398 10.590378
v 28.048037 -23.768129 10.680968
v 27.938894 -23.790922 10.777146
v 27.834501 -23.812723 10.878679
v 27.735115 -23.833479 10.985323
v 27.640968 -23.853140 11.096820
v 27.552290 -23.871660 11.212902
v 27.469292 -23.888992 11.333289
v 27.392181 -23.905098 11.457692
v 27.321135 -23.919933 11.585810
v 27.256329 -23.933468 11.717335
v 27.197918 -23.945667 11.851950
v 27.146044 -23.956501 11.989330
v 27.100830 -23.965942 12.129146
v 27.062387 -23.973970 12.271059
v 27.030806 -23.980566 12.414729
v 27.006165 -23.985712 12.559809
v 26.988520 -23.989397 12.705949
v 26.977917 -23.991611 12.852797
v 26.974379 -23.992350 13.000000
v 22.198730 -24.989691 10.878679
v 22.094339 -25.011492 10.777146
v 22.298119 -24.968935 10.985323
v 21.985195 -25.034286 10.680968
v 22.392265 -24.949274 11.096820
v 21.871567 -25.058016 10.590378
v 22.480944 -24.930754 11.212902
v 21.753719 -25.082626 10.505591
v 22.563940 -24.913422 11.333289
v 21.631947 -25.108057 10.426814
v 22.641052 -24.897318 11.457692
v 21.506533 -25.134249 10.354237
v 22.712097 -24.882481 11.585810
v 21.377787 -25.161137 10.288033
v 22.776903 -24.868946 11.717335
v 21.246014 -25.188656 10.228361
v 22.835314 -24.856749 11.851950
v 21.111534 -25.216740 10.175367
v 22.887190 -24.845915 11.989330
v 20.974672 -25.245323 10.129179
v 22.932402 -24.836472 12.129146
v 20.835756 -25.274334 10.089907
v 22.970844 -24.828444 12.271059
v 20.695120 -25.303703 10.057644
v 23.002426 -24.821848 12.414729
v 20.553104 -25.333363 10.032471
v 23.027069 -24.816702 12.559809
v 20.410049 -25.363237 10.014446
v 23.044712 -24.813017 12.705949
v 23.055315 -24.810802 12.852797
v 23.058853 -24.810064 13.000000
v 23.058853 -24.810064 18.828932
v 26.974379 -23.992350 20.828932
v 23.052958 -24.811296 19.074270
v 23.035286 -24.814985 19.319017
v 23.005878 -24.821127 19.562584
v 22.964809 -24.829704 19.804384
v 22.912174 -24.840696 20.043833
v 22.848103 -24.854076 20.280355
v 26.968483 -23.993582 21.074270
v 26.950811 -23.997272 21.319017
v 22.772745 -24.869814 20.513382
v 26.921406 -24.003414 21.562584
v 26.880335 -24.011990 21.804384
v 22.686289 -24.887871 20.742350
v 26.827700 -24.022982 22.043833
v 26.763628 -24.036364 22.280355
v 26.688271 -24.052101 22.513382
v 22.588938 -24.908201 20.966707
v 26.601814 -24.070156 22.742350
v 26.504465 -24.090487 22.966707
v 26.396454 -24.113043 23.185915
v 22.480928 -24.930758 21.185915
v 26.278046 -24.137772 23.399446
v 26.149523 -24.164612 23.606783
v 22.362518 -24.955486 21.399446
v 26.011196 -24.193501 23.807428
v 25.863401 -24.224365 24.000898
v 25.706488 -24.257135 24.186728
v 22.233997 -24.982327 21.606783
v 25.540840 -24.291729 24.364466
v 22.095671 -25.011215 21.807428
v 21.947874 -25.042080 22.000898
v 21.790962 -25.074848 22.186728
v 21.625315 -25.109444 22.364466
v 21.066307 -25.226185 28.935534
v 17.150782 -26.043900 26.935534
v 20.892321 -25.262520 29.104755
v 20.710417 -25.300508 29.265053
v 20.521032 -25.340059 29.416039
v 20.324625 -25.381077 29.557348
v 20.121666 -25.423464 29.688643
v 19.912645 -25.467115 29.809607
v 19.698067 -25.511927 29.919947
v 19.478447 -25.557793 30.019398
v 19.254314 -25.604599 30.107719
v 19.026209 -25.652237 30.184702
v 18.794682 -25.700588 30.250156
v 16.976795 -26.080235 27.104755
v 18.560289 -25.749538 30.303926
v 18.323597 -25.798969 30.345882
v 16.794891 -26.118223 27.265053
v 18.085175 -25.848763 30.375923
v 17.845594 -25.898796 30.393978
v 16.605507 -26.157774 27.416039
v 17.605438 -25.948950 30.400000
v 16.409100 -26.198792 27.557348
v 16.206141 -26.241177 27.688643
v 15.997120 -26.284828 27.809607
v 15.782541 -26.329641 27.919947
v 15.562921 -26.375507 28.019398
v 15.338788 -26.422314 28.107719
v 15.110683 -26.469952 28.184702
v 14.879156 -26.518303 28.250156
v 14.644763 -26.567253 28.303926
v 14.408071 -26.616684 28.345882
v 14.169648 -26.666475 28.375923
v 13.930069 -26.716509 28.393978
v 13.689912 -26.766663 28.400000
v -16.082039 -32.984203 10.777146
v -10.128342 -31.740841 10.680968
v -10.237485 -31.763634 10.777146
v -10.341876 -31.785435 10.878679
v -15.977648 -32.962402 10.878679
v -15.878261 -32.941647 10.985323
v -10.441264 -31.806190 10.985323
v -16.191183 -33.006996 10.680968
v -15.784113 -32.921986 11.096820
v -10.535411 -31.825853 11.096820
v -10.624089 -31.844372 11.212902
v -15.695435 -32.903465 11.212902
v -10.707086 -31.861706 11.333289
v -16.304813 -33.030727 10.590378
v -10.014711 -31.717112 10.590378
v -16.422659 -33.055340 10.505591
v -9.775092 -31.667068 10.426814
v -9.896866 -31.692499 10.505591
v -15.612438 -32.886135 11.333289
v -10.784198 -31.877810 11.457692
v -16.544432 -33.080769 10.426814
v -15.535326 -32.870029 11.457692
v -10.855244 -31.892647 11.585810
v -16.669846 -33.106960 10.354237
v -9.520932 -31.613991 10.288033
v -9.649679 -31.640877 10.354237
v -15.464281 -32.855194 11.585810
v -16.798592 -33.133850 10.288033
v -15.399475 -32.841660 11.717335
v -10.920050 -31.906179 11.717335
v -16.930365 -33.161369 10.228361
v -9.389160 -31.586472 10.228361
v -15.341063 -32.829460 11.851950
v -10.978460 -31.918379 11.851950
v -11.030335 -31.929213 11.989330
v -17.064844 -33.189453 10.175367
v -9.254681 -31.558386 10.175367
v -15.289189 -32.818626 11.989330
v -17.201708 -33.218037 10.129179
v -9.117818 -31.529804 10.129179
v -15.243976 -32.809185 12.129146
v -11.075548 -31.938654 12.129146
v -17.340622 -33.247047 10.089907
v -8.838265 -31.471422 10.057644
v -8.978902 -31.500793 10.089907
v -15.205533 -32.801155 12.271059
v -11.113991 -31.946684 12.271059
v -17.481258 -33.276417 10.057644
v -8.696250 -31.441765 10.032471
v -15.173951 -32.794559 12.414729
v -11.145573 -31.953278 12.414729
v -17.623274 -33.306076 10.032471
v -15.149310 -32.789413 12.559809
v -11.170214 -31.958424 12.559809
v -17.766327 -33.335949 10.014446
v -8.553196 -31.411890 10.014446
v -15.131666 -32.785728 12.705949
v -11.187858 -31.962109 12.705949
v -15.121063 -32.783516 12.852797
v -11.198461 -31.964323 12.852797
v -15.117525 -32.782776 13.000000
v -11.201999 -31.965063 13.000000
v -11.201999 -31.965063 18.828932
v -15.117525 -32.782776 20.828932
v -11.055321 -31.934431 20.043833
v -10.991248 -31.921049 20.280355
v -11.107955 -31.945423 19.804384
v -11.149025 -31.953999 19.562584
v -11.178432 -31.960140 19.319017
v -11.196103 -31.963831 19.074270
v -5.748584 -30.826178 30.400000
v -2.073215 -30.058617 28.393978
v -1.833058 -30.008463 28.400000
v -2.312794 -30.108650 28.375923
v -2.551216 -30.158443 28.345882
v -2.787909 -30.207872 28.303926
v -3.022302 -30.256824 28.250156
v -3.253830 -30.305176 28.184702
v -3.481934 -30.352812 28.107719
v -3.706066 -30.399620 28.019398
v -3.925687 -30.445486 27.919947
v -4.140266 -30.490297 27.809607
v -4.349286 -30.533949 27.688643
v -4.552245 -30.576336 27.557348
v -4.748653 -30.617353 27.416039
v -15.111629 -32.781544 21.074270
v -5.988741 -30.876331 30.393978
v -4.938037 -30.656904 27.265053
v -6.228320 -30.926365 30.375923
v -15.093957 -32.777855 21.319017
v -10.915892 -31.905312 20.513382
v -6.466743 -30.976156 30.345882
v -5.119941 -30.694893 27.104755
v -15.064550 -32.771713 21.562584
v -6.703435 -31.025587 30.303926
v -15.023480 -32.763138 21.804384
v -10.829435 -31.887257 20.742350
v -6.937828 -31.074537 30.250156
v -5.293927 -30.731228 26.935534
v -14.970846 -32.752144 22.043833
v -7.169356 -31.122890 30.184702
v -14.906775 -32.738762 22.280355
v -7.397460 -31.170527 30.107719
v -14.831417 -32.723026 22.513382
v -10.732084 -31.866926 20.966707
v -7.621592 -31.217335 30.019398
v -14.744961 -32.704971 22.742350
v -7.841213 -31.263199 29.919947
v -14.647610 -32.684639 22.966707
v -8.055792 -31.308012 29.809607
v -14.539600 -32.662083 23.185915
v -10.624074 -31.844370 21.185915
v -8.264812 -31.351664 29.688643
v -14.421191 -32.637356 23.399446
v -8.467771 -31.394049 29.557348
v -14.292669 -32.610516 23.606783
v -10.505665 -31.819641 21.399446
v -8.664179 -31.435066 29.416039
v -14.154342 -32.581627 23.807428
v -8.853563 -31.474617 29.265053
v -14.006547 -32.550762 24.000898
v -9.035467 -31.512606 29.104755
v -13.849634 -32.517990 24.186728
v -10.377143 -31.792801 21.606783
v -13.683987 -32.483398 24.364466
v -9.934109 -31.700277 22.186728
v -9.768460 -31.665684 22.364466
v -10.091021 -31.733047 22.000898
v -10.238816 -31.763912 21.807428
v -9.209453 -31.548941 28.935534
v 20.266304 -25.393257 10.003613
v -18.054169 -33.396061 10.000000
v -8.265354 -31.351776 10.000000
v -8.409450 -31.381870 10.003613
v -17.910074 -33.365971 10.003613
v 15.810603 -19.626619 26.935534
v 15.812794 -19.638577 26.935835
v 15.814505 -19.650633 26.936625
v 15.816485 -19.669666 26.938576
v 15.817966 -19.691235 26.941536
v 15.819094 -19.722893 26.946903
v 15.819107 -19.774561 26.957453
v 15.816267 -19.853907 26.976454
v 15.810462 -19.942621 27.000273
v 15.769877 -21.830030 27.425840
v 15.738964 -21.688334 27.427134
v 15.726892 -21.616779 27.424322
v 15.753291 -21.759418 27.427641
v 15.788700 -21.900177 27.421755
v 15.717037 -21.544758 27.419247
v 15.809711 -21.969866 27.415434
v 15.708616 -21.464211 27.411024
v 15.832836 -22.039112 27.406952
v 15.702242 -21.374090 27.398840
v 15.857982 -22.107937 27.396408
v 15.698606 -21.273235 27.381781
v 15.885036 -22.176365 27.383913
v 15.913872 -22.244419 27.369598
v 15.698388 -21.163536 27.359570
v 15.944351 -22.312130 27.353605
v 15.703300 -21.016186 27.324638
v 15.987289 -22.401932 27.329931
v 16.038319 -22.502390 27.300518
v 15.712077 -20.880543 27.288317
v 16.109961 -22.635580 27.257616
v 15.798539 -20.075640 27.039135
v 16.395842 -23.131453 27.079142
v 16.521088 -23.355305 27.002304
v 16.562094 -23.434244 26.978300
v 16.599501 -23.511864 26.957550
v 16.614717 -23.546225 26.949678
v 16.625435 -23.572144 26.944489
v 16.632957 -23.591688 26.941120
v 16.640522 -23.613197 26.938112
v 16.646347 -23.632111 26.936275
v 16.651102 -23.651245 26.935534
v 15.636618 -19.662954 27.104755
v 15.454714 -19.700943 27.265053
v 15.265329 -19.740494 27.416039
v 15.068921 -19.781511 27.557348
v 14.865963 -19.823896 27.688643
v 14.656942 -19.867548 27.809607
v 14.442364 -19.912361 27.919947
v 14.222743 -19.958227 28.019398
v 13.998610 -20.005033 28.107719
v 13.770506 -20.052671 28.184702
v 13.538979 -20.101023 28.250156
v 13.304585 -20.149973 28.303926
v 13.067893 -20.199404 28.345882
v 12.829471 -20.249197 28.375923
v 12.589891 -20.299229 28.393978
v 12.349734 -20.349384 28.400000
v 12.005719 -20.377815 28.400000
v 11.920810 -20.393732 28.400000
v 12.091211 -20.365402 28.400000
v 12.177142 -20.356518 28.400000
v 12.263364 -20.351175 28.400000
v -2.762413 -23.460159 28.400000
v -3.093368 -23.558258 28.400000
v -3.173235 -23.591183 28.400000
v -3.012213 -23.528646 28.400000
v -2.929909 -23.502398 28.400000
v -2.846595 -23.479555 28.400000
v -3.413393 -23.641338 28.393978
v -3.652971 -23.691370 28.375923
v -3.891394 -23.741163 28.345882
v -4.128087 -23.790594 28.303926
v -4.362480 -23.839544 28.250156
v -4.594007 -23.887896 28.184702
v -4.822112 -23.935534 28.107719
v -5.046244 -23.982340 28.019398
v -5.265864 -24.028206 27.919947
v -5.480443 -24.073019 27.809607
v -5.689464 -24.116671 27.688643
v -5.892423 -24.159056 27.557348
v -6.088830 -24.200073 27.416039
v -6.278215 -24.239624 27.265053
v -6.460119 -24.277613 27.104755
v -6.634104 -24.313948 26.935534
v -5.714928 -26.316893 27.425840
v -5.760883 -26.104261 27.424322
v -5.743309 -26.174667 27.427134
v -5.727989 -26.245544 27.427641
v -5.704103 -26.388710 27.421755
v -5.780676 -26.034317 27.419247
v -5.695467 -26.460983 27.415434
v -5.805196 -25.957130 27.411024
v -5.688945 -26.533697 27.406952
v -5.835423 -25.871992 27.398840
v -5.684444 -26.606833 27.396408
v -5.872456 -25.778111 27.381781
v -5.681850 -26.680368 27.383913
v -5.681039 -26.754276 27.369598
v -5.916159 -25.677494 27.359570
v -5.681871 -26.828526 27.353605
v -5.979633 -25.544426 27.324638
v -5.685280 -26.928007 27.329931
v -5.691838 -27.040491 27.300518
v -6.041965 -25.423632 27.288317
v -5.704186 -27.191221 27.257616
v -6.443341 -24.720610 27.039135
v -5.767715 -27.760065 27.079142
v -5.792901 -28.015333 27.002304
v -6.507504 -24.603481 27.000273
v -6.631326 -24.325781 26.935835
v -6.628069 -24.337515 26.936625
v -6.622266 -24.355751 26.938576
v -6.614991 -24.376108 26.941536
v -6.603354 -24.405573 26.946903
v -6.582688 -24.452927 26.957453
v -6.548330 -24.524504 26.976454
v -5.798886 -28.104086 26.978300
v -5.802103 -28.190189 26.957550
v -5.802295 -28.227770 26.949678
v -5.801743 -28.255810 26.944489
v -5.800815 -28.276731 26.941120
v -5.799138 -28.299471 26.938112
v -5.796907 -28.319136 26.936275
v -5.793606 -28.338573 26.935534
v -3.416611 -27.314709 30.400000
v -3.504932 -27.258463 30.400000
v -3.590339 -27.197886 30.400000
v -3.325596 -27.366480 30.400000
v -3.672621 -27.133127 30.400000
v -3.232115 -27.413651 30.400000
v -3.751572 -27.064350 30.400000
v -3.136398 -27.456102 30.400000
v -3.826998 -26.991720 30.400000
v -3.038683 -27.493731 30.400000
v -3.898709 -26.915421 30.400000
v -2.939216 -27.526442 30.400000
v -3.966527 -26.835642 30.400000
v -2.838240 -27.554153 30.400000
v -4.030285 -26.752583 30.400000
v -2.736009 -27.576799 30.400000
v -4.089823 -26.666449 30.400000
v -2.632777 -27.594320 30.400000
v -4.144994 -26.577452 30.400000
v -2.528799 -27.606672 30.400000
v -4.195661 -26.485819 30.400000
v -2.424335 -27.613829 30.400000
v -4.241696 -26.391773 30.400000
v -2.319643 -27.615768 30.400000
v -4.282987 -26.295547 30.400000
v -2.214987 -27.612484 30.400000
v -4.319429 -26.197386 30.400000
v -2.110623 -27.603992 30.400000
v -4.350934 -26.097528 30.400000
v -2.006812 -27.590305 30.400000
v -4.377422 -25.996225 30.400000
v -1.903813 -27.571463 30.400000
v -4.398828 -25.893728 30.400000
v -4.415097 -25.790291 30.400000
v -4.426191 -25.686171 30.400000
v -4.432080 -25.581629 30.400000
v -4.432753 -25.476921 30.400000
v -4.428204 -25.372311 30.400000
v -4.418447 -25.268059 30.400000
v -4.403505 -25.164421 30.400000
v -4.383416 -25.061657 30.400000
v -4.358229 -24.960022 30.400000
v -4.328008 -24.859770 30.400000
v -4.292828 -24.761148 30.400000
v -4.252775 -24.664402 30.400000
v -4.207949 -24.569773 30.400000
v -4.158462 -24.477497 30.400000
v -4.104438 -24.387800 30.400000
v -4.046010 -24.300909 30.400000
v -3.983322 -24.217039 30.400000
v -3.916533 -24.136396 30.400000
v -3.845806 -24.059185 30.400000
v -3.771319 -23.985596 30.400000
v -3.693256 -23.915808 30.400000
v -3.611812 -23.849998 30.400000
v -3.527189 -23.788332 30.400000
v -3.439597 -23.730959 30.400000
v -3.349254 -23.678024 30.400000
v -3.256384 -23.629658 30.400000
v -3.161220 -23.585981 30.400000
v -3.063996 -23.547104 30.400000
v -2.964956 -23.513119 30.400000
v -2.864344 -23.484114 30.400000
v -2.762413 -23.460159 30.400000
v 12.779410 -24.505033 30.400000
v 14.063007 -23.664284 30.400000
v 14.000319 -23.748156 30.400000
v 13.933530 -23.828796 30.400000
v 13.862803 -23.906008 30.400000
v 13.788316 -23.979599 30.400000
v 13.710254 -24.049385 30.400000
v 13.628809 -24.115194 30.400000
v 13.544186 -24.176863 30.400000
v 13.456594 -24.234234 30.400000
v 13.366251 -24.287169 30.400000
v 13.273382 -24.335535 30.400000
v 13.178217 -24.379211 30.400000
v 13.080994 -24.418089 30.400000
v 12.981954 -24.452076 30.400000
v 12.881342 -24.481079 30.400000
v 14.121436 -23.577393 30.400000
v 14.175460 -23.487696 30.400000
v 14.224946 -23.395420 30.400000
v 14.269773 -23.300793 30.400000
v 14.309825 -23.204046 30.400000
v 14.345006 -23.105423 30.400000
v 14.375227 -23.005171 30.400000
v 14.400414 -22.903536 30.400000
v 14.420503 -22.800772 30.400000
v 14.435444 -22.697134 30.400000
v 14.445202 -22.592882 30.400000
v 14.449750 -22.488272 30.400000
v 14.449078 -22.383564 30.400000
v 14.443188 -22.279022 30.400000
v 14.432095 -22.174902 30.400000
v 14.415825 -22.071465 30.400000
v 11.920810 -20.393732 30.400000
v 12.023809 -20.374887 30.400000
v 12.127620 -20.361202 30.400000
v 12.231984 -20.352709 30.400000
v 12.336641 -20.349424 30.400000
v 12.441332 -20.351364 30.400000
v 12.545796 -20.358521 30.400000
v 12.649775 -20.370872 30.400000
v 12.753007 -20.388393 30.400000
v 12.855238 -20.411039 30.400000
v 12.956213 -20.438751 30.400000
v 13.055681 -20.471462 30.400000
v 13.153395 -20.509090 30.400000
v 13.249112 -20.551542 30.400000
v 13.342593 -20.598713 30.400000
v 13.433609 -20.650484 30.400000
v 13.521930 -20.706730 30.400000
v 13.607337 -20.767307 30.400000
v 13.689618 -20.832066 30.400000
v 13.768570 -20.900845 30.400000
v 13.843995 -20.973475 30.400000
v 13.915706 -21.049774 30.400000
v 13.983524 -21.129551 30.400000
v 14.047283 -21.212610 30.400000
v 14.106821 -21.298746 30.400000
v 14.161992 -21.387741 30.400000
v 14.212658 -21.479374 30.400000
v 14.258694 -21.573420 30.400000
v 14.299984 -21.669645 30.400000
v 14.336427 -21.767807 30.400000
v 14.367931 -21.867664 30.400000
v 14.394419 -21.968967 30.400000
v 16.485752 -23.685778 27.096741
v 16.311768 -23.722113 27.251112
v 16.129547 -23.760166 27.397953
v 15.939558 -23.799845 27.536610
v 15.742337 -23.841032 27.666462
v 15.538477 -23.883606 27.786942
v 15.328630 -23.927429 27.897535
v 15.113494 -23.972359 27.997799
v 14.893807 -24.018238 28.087351
v 14.670344 -24.064905 28.165892
v 14.443903 -24.112194 28.233194
v 14.215293 -24.159937 28.289114
v 13.985327 -24.207964 28.333584
v 13.754819 -24.256102 28.366623
v 13.524562 -24.304190 28.388321
v 13.356977 -24.339188 28.397097
v 13.190233 -24.374010 28.400000
v 13.110365 -24.406937 28.400000
v 13.029210 -24.436548 28.400000
v 12.946907 -24.462797 28.400000
v 12.863592 -24.485638 28.400000
v 12.779410 -24.505033 28.400000
v -1.903813 -27.571463 28.400000
v -1.988722 -27.587378 28.400000
v -2.074214 -27.599791 28.400000
v -2.160144 -27.608675 28.400000
v -2.246367 -27.614019 28.400000
v -2.332737 -27.615810 28.400000
v -2.561240 -27.663530 28.394548
v -2.791117 -27.711536 28.378023
v -3.021608 -27.759672 28.350229
v -3.251923 -27.807772 28.311033
v -3.481259 -27.855665 28.260387
v -3.708803 -27.903185 28.198318
v -3.933738 -27.950161 28.124935
v -4.155262 -27.996424 28.040424
v -4.372590 -28.041811 27.945055
v -4.584965 -28.086163 27.839170
v -4.791668 -28.129330 27.723188
v -4.992027 -28.171173 27.597589
v -5.185418 -28.211559 27.462917
v -5.371281 -28.250376 27.319767
v -5.549115 -28.287514 27.168783
v -5.673690 -28.313530 27.053932
v 13.275990 -24.334259 28.400000
v 14.339577 -19.999454 27.977383
v 14.421263 -20.048023 27.952158
v 14.541191 -20.154232 27.922588
v 15.117708 -21.871401 27.971977
v 15.276628 -23.675779 27.922588
v 15.332652 -23.401571 27.901243
v 15.209230 -23.821110 27.952158
v 15.153810 -23.898312 27.977383
v 15.290966 -20.352156 27.530279
v 14.702278 -20.383101 27.901243
v 14.811992 -20.622696 27.903748
v 14.225377 -20.088932 28.039898
v 15.328209 -20.737799 27.591303
v 15.332822 -20.803743 27.602627
v 14.363894 -20.191257 28.008600
v 15.337693 -20.875887 27.614964
v 14.273787 -20.210075 28.048965
v 14.302079 -20.335423 28.069450
v 14.182629 -20.229113 28.087584
v 12.727267 -20.342827 28.392653
v 12.453041 -20.351904 28.400000
v 12.539501 -20.357943 28.400000
v 12.615352 -20.366199 28.400000
v 12.970312 -20.344278 28.377308
v 13.264905 -20.379139 28.351959
v 13.049363 -20.363913 28.374243
v 13.010848 -20.353884 28.375717
v 13.488970 -20.413670 28.323736
v 13.310829 -20.396654 28.349613
v 12.772061 -20.349537 28.391703
v 12.683633 -20.376036 28.400000
v 13.086095 -20.374313 28.372868
v 13.394075 -20.627256 28.400000
v 13.563402 -20.452339 28.319353
v 13.461272 -20.667439 28.400000
v 13.524493 -20.708452 28.400000
v 13.584140 -20.750212 28.400000
v 13.640546 -20.792646 28.400000
v 13.354383 -20.414667 28.347469
v 12.819247 -20.357754 28.390726
v 12.746167 -20.387070 28.400000
v 13.121244 -20.385044 28.371584
v 12.863599 -20.366564 28.389830
v 12.804158 -20.399057 28.400000
v 12.875758 -20.416231 28.400000
v 12.949958 -20.436880 28.400000
v 13.395861 -20.433113 28.345503
v 13.526999 -20.432835 28.321453
v 13.200289 -20.529175 28.400000
v 13.254343 -20.554031 28.400000
v 13.322381 -20.588015 28.400000
v 13.165953 -20.399803 28.369995
v 13.018726 -20.458662 28.400000
v 13.082936 -20.481396 28.400000
v 13.143289 -20.504936 28.400000
v 14.251101 -20.702486 28.188101
v 13.693993 -20.835701 28.400000
v 14.268970 -20.725861 28.187555
v 14.286353 -20.749340 28.187105
v 13.744711 -20.879326 28.400000
v 14.303267 -20.772917 28.186747
v 14.319733 -20.796585 28.186470
v 13.792892 -20.923479 28.400000
v 14.335768 -20.820343 28.186275
v 14.351387 -20.844189 28.186153
v 13.838700 -20.968128 28.400000
v 13.882272 -21.013245 28.400000
v 13.923732 -21.058802 28.400000
v 13.963194 -21.104776 28.400000
v 14.000750 -21.151148 28.400000
v 14.036477 -21.197905 28.400000
v 14.070447 -21.245024 28.400000
v 14.113115 -21.308401 28.400000
v 15.666106 -22.551537 27.640326
v 15.313878 -22.880472 27.917738
v 15.678392 -22.586010 27.634403
v 15.694848 -22.631956 27.626352
v 15.713413 -22.683638 27.617128
v 15.738143 -22.752550 27.604658
v 14.688262 -21.615349 28.198906
v 14.157681 -21.380419 28.400000
v 14.198764 -21.453161 28.400000
v 14.236496 -21.526606 28.400000
v 14.270986 -21.600727 28.400000
v 14.302319 -21.675507 28.400000
v 14.330563 -21.750933 28.400000
v 14.699217 -21.653723 28.199505
v 14.709797 -21.692175 28.200041
v 14.355768 -21.826990 28.400000
v 15.781460 -22.874760 27.582493
v 15.337304 -23.138090 27.903748
v 14.720012 -21.730703 28.200512
v 14.377974 -21.903679 28.400000
v 14.397207 -21.980984 28.400000
v 14.413489 -22.058908 28.400000
v 15.867038 -23.134672 27.538853
v 14.809527 -22.159288 28.200514
v 14.426819 -22.137447 28.400000
v 14.437177 -22.216608 28.400000
v 14.444535 -22.296394 28.400000
v 14.815589 -22.198687 28.200045
v 14.448856 -22.376816 28.400000
v 14.450089 -22.457884 28.400000
v 14.448163 -22.539608 28.400000
v 14.442998 -22.622011 28.400000
v 14.849877 -22.919851 28.187082
v 14.434481 -22.705112 28.400000
v 14.422482 -22.788942 28.400000
v 14.406839 -22.873531 28.400000
v 14.387362 -22.958923 28.400000
v 14.363826 -23.045162 28.400000
v 14.846471 -22.961227 28.186668
v 14.842330 -23.002752 28.186357
v 14.335967 -23.132303 28.400000
v 14.837415 -23.044441 28.186163
v 14.303445 -23.220421 28.400000
v 14.815734 -23.180223 28.186508
v 14.265841 -23.309595 28.400000
v 14.807035 -23.222700 28.186974
v 14.222656 -23.399939 28.400000
v 14.797301 -23.265396 28.187635
v 15.010018 -23.600204 28.058193
v 14.786463 -23.308321 28.188515
v 14.173247 -23.491581 28.400000
v 15.034279 -23.726393 28.037962
v 14.945380 -23.744957 28.076242
v 14.941477 -23.877028 28.069515
v 14.271621 -23.809605 28.313704
v 14.183182 -23.828075 28.336040
v 14.122762 -23.575315 28.400000
v 14.071768 -23.651838 28.400000
v 14.014744 -23.729616 28.400000
v 13.950668 -23.808872 28.400000
v 13.885846 -23.881693 28.400000
v 14.145422 -23.872557 28.338661
v 14.108572 -23.913187 28.341291
v 13.973940 -23.974239 28.362732
v 13.820507 -23.948694 28.400000
v 13.747014 -24.017401 28.400000
v 14.068604 -23.954470 28.344217
v 13.928161 -24.016737 28.365158
v 13.883172 -24.055777 28.367596
v 13.838972 -24.091682 28.370037
v 13.738204 -24.112728 28.383801
v 13.672075 -24.081072 28.400000
v 13.595425 -24.140297 28.400000
v 13.687738 -24.149946 28.385477
v 13.637747 -24.184397 28.387167
v 13.561336 -24.200356 28.394203
v 13.516493 -24.195679 28.400000
v 13.434340 -24.247843 28.400000
v 13.510326 -24.232616 28.395075
v 13.347273 -24.297531 28.400000
v 13.924610 -20.151743 28.155037
v 13.822592 -20.173048 28.188969
v 13.917955 -20.218760 28.171812
v 13.444653 -20.271822 28.297487
v 13.492286 -20.288982 28.292219
v 13.468898 -20.280313 28.294781
v 13.341712 -20.293320 28.320240
v 13.237956 -20.314989 28.340794
v 13.099192 -20.303307 28.356117
v 14.723170 -23.856991 28.156620
v 14.656363 -23.936569 28.174047
v 14.294939 -23.974020 28.282808
v 14.196289 -23.994623 28.306389
v 14.097416 -24.015272 28.327831
v 13.964712 -24.094219 28.345760
v 13.716669 -24.190649 28.375677
v 13.662239 -20.173721 28.230717
v 13.125014 -20.263023 28.345617
v 14.018723 -24.116348 28.332245
v -2.427235 -27.613703 28.400000
v -2.507260 -27.608574 28.400000
v -2.606936 -27.597885 28.400000
v -2.703099 -27.582960 28.400000
v -2.797599 -27.563797 28.400000
v -2.891546 -27.540199 28.400000
v -2.985704 -27.511843 28.400000
v -3.080552 -27.478292 28.400000
v -3.167246 -27.443043 28.400000
v -3.255795 -27.402250 28.400000
v -3.346234 -27.355265 28.400000
v -3.429621 -27.306808 28.400000
v -3.506979 -27.257090 28.400000
v -3.586758 -27.200560 28.400000
v -3.668714 -27.136353 28.400000
v -3.744446 -27.070845 28.400000
v -3.814597 -27.004171 28.400000
v -3.879667 -26.936436 28.400000
v -3.940073 -26.867727 28.400000
v -3.996157 -26.798117 28.400000
v -4.048182 -26.727657 28.400000
v -4.096372 -26.656399 28.400000
v -4.140918 -26.584377 28.400000
v -4.181983 -26.511631 28.400000
v -4.219697 -26.438183 28.400000
v -4.254168 -26.364059 28.400000
v -4.285484 -26.289274 28.400000
v -4.313711 -26.213844 28.400000
v -4.338900 -26.137783 28.400000
v -4.361090 -26.061092 28.400000
v -4.380308 -25.983784 28.400000
v -4.396573 -25.905855 28.400000
v -4.409886 -25.827314 28.400000
v -4.420229 -25.748150 28.400000
v -4.427570 -25.668360 28.400000
v -4.431874 -25.587934 28.400000
v -4.433088 -25.506865 28.400000
v -4.431147 -25.425135 28.400000
v -4.425963 -25.342728 28.400000
v -4.417427 -25.259623 28.400000
v -4.405409 -25.175789 28.400000
v -4.391672 -25.100632 28.400000
v -4.379400 -25.043856 28.400000
v -4.365371 -24.986708 28.400000
v -4.349514 -24.929182 28.400000
v -4.331749 -24.871256 28.400000
v -4.311988 -24.812912 28.400000
v -4.290115 -24.754129 28.400000
v -4.266005 -24.694880 28.400000
v -4.239522 -24.635132 28.400000
v -4.210502 -24.574856 28.400000
v -4.178754 -24.514009 28.400000
v -4.144047 -24.452545 28.400000
v -4.106098 -24.390406 28.400000
v -4.064576 -24.327518 28.400000
v -4.019077 -24.263800 28.400000
v -3.969080 -24.199144 28.400000
v -3.920331 -24.140772 28.400000
v -3.880742 -24.096359 28.400000
v -3.838207 -24.051332 28.400000
v -3.792320 -24.005606 28.400000
v -3.742575 -23.959074 28.400000
v -3.688273 -23.911589 28.400000
v -3.628539 -23.862970 28.400000
v -3.569797 -23.818575 28.400000
v -3.521451 -23.784382 28.400000
v -3.468560 -23.749241 28.400000
v -3.409921 -23.712900 28.400000
v -3.343716 -23.674976 28.400000
v -3.266899 -23.634838 28.400000
v -5.136812 -24.066881 27.977383
v -5.192233 -24.144083 27.952158
v -5.259630 -24.289413 27.922588
v -5.100711 -26.093792 27.971977
v -4.524194 -27.810961 27.922588
v -4.685281 -27.582094 27.901243
v -4.404266 -27.917171 27.952158
v -4.322579 -27.965738 27.977383
v -5.867524 -24.770870 27.530279
v -5.315655 -24.563623 27.901243
v -5.320306 -24.827103 27.903748
v -4.996347 -24.103174 28.039898
v -5.747310 -25.139187 27.591303
v -5.725145 -25.201466 27.602627
v -5.082332 -24.252386 28.008600
v -5.700736 -25.269529 27.614964
v -4.992227 -24.233568 28.048965
v -4.967987 -24.359762 28.069450
v -4.901068 -24.214531 28.087584
v -3.521837 -23.736273 28.392653
v -3.743987 -23.834873 28.377308
v -3.808573 -23.884504 28.374243
v -4.000006 -23.984722 28.351959
v -3.777291 -23.859900 28.375717
v -4.035081 -24.019156 28.349613
v -4.191523 -24.106043 28.323736
v -3.560202 -23.760347 28.391703
v -3.838072 -23.908737 28.372868
v -4.244256 -24.171272 28.319353
v -4.067785 -24.053093 28.347469
v -3.600155 -23.786764 28.390726
v -3.865989 -23.932640 28.371584
v -3.637274 -23.812588 28.389830
v -4.098414 -24.086599 28.345503
v -4.218703 -24.138828 28.321453
v -3.901053 -23.964058 28.369995
v -4.774363 -24.675743 28.188101
v -4.781383 -24.704315 28.187555
v -4.787915 -24.732790 28.187105
v -4.793981 -24.761164 28.186747
v -4.799597 -24.789444 28.186470
v -4.804783 -24.817635 28.186275
v -4.809554 -24.845739 28.186153
v -5.331067 -26.936563 27.640326
v -4.876631 -27.097036 27.917738
v -5.328529 -26.973072 27.634403
v -5.325221 -27.021765 27.626352
v -5.321550 -27.076555 27.617128
v -5.316633 -27.149607 27.604658
v -4.809637 -25.687267 28.198906
v -4.804317 -25.726820 28.199505
v -4.798623 -25.766293 28.200041
v -5.307418 -27.278936 27.582493
v -4.794995 -27.342497 27.903748
v -4.792564 -25.805687 28.200512
v -5.281820 -27.551376 27.538853
v -5.488886 -27.988386 27.279804
v -4.703069 -26.234278 28.200514
v -4.692856 -26.272808 28.200045
v -4.435652 -26.947420 28.187082
v -4.415971 -26.983974 28.186668
v -4.395557 -27.020372 28.186357
v -4.374367 -27.056608 28.186163
v -4.300156 -27.172363 28.186508
v -4.275184 -27.207811 28.186974
v -4.249176 -27.243042 28.187635
v -4.329479 -27.770298 28.016575
v -4.222063 -27.278042 28.188515
v -4.272357 -27.627113 28.075106
v -4.240957 -27.751810 28.055832
v -4.189137 -27.872244 28.047960
v -4.151749 -27.733181 28.093273
v -3.508892 -27.522867 28.324213
v -3.367001 -27.529831 28.348076
v -3.457604 -27.548754 28.327164
v -3.316073 -27.552132 28.350405
v -3.261983 -27.573771 28.352993
v -3.107338 -27.574413 28.372616
v -3.204173 -27.594635 28.355885
v -3.049557 -27.591988 28.374632
v -2.993797 -27.607019 28.376652
v -2.830993 -27.599699 28.390577
v -2.933741 -27.621157 28.378904
v -2.770508 -27.611078 28.391752
v -2.711344 -27.620331 28.392937
v -4.695580 -24.040363 28.155037
v -4.593561 -24.019058 28.188969
v -4.662660 -24.099115 28.171812
v -4.207679 -23.958315 28.297487
v -4.244464 -23.993105 28.292219
v -4.104740 -23.936817 28.320240
v -4.226501 -23.975800 28.294781
v -4.000984 -23.915150 28.340794
v -3.878493 -23.848907 28.356117
v -3.882157 -27.808134 28.163740
v -3.878836 -27.741814 28.179358
v -3.782309 -27.787281 28.196362
v -3.437019 -27.677143 28.299339
v -3.404163 -27.688580 28.302864
v -3.303982 -27.667658 28.324512
v -3.203636 -27.646702 28.343969
v -3.045356 -27.663052 28.360023
v -4.446342 -23.955498 28.230717
v -3.918279 -23.822327 28.345617
v -3.617171 -27.785610 28.238552
v -3.087074 -27.697851 28.348957
v 19.702930 30.530764 0.000000
v 19.965368 30.363636 0.000000
v 20.219151 30.183640 0.000000
v 19.432486 30.684599 0.000000
v 20.463644 29.991213 0.000000
v 19.154711 30.824762 0.000000
v 20.698242 29.786840 0.000000
v 18.870296 30.950907 0.000000
v 20.922365 29.571028 0.000000
v 18.579945 31.062719 0.000000
v 21.135447 29.344309 0.000000
v 18.284382 31.159918 0.000000
v 21.336966 29.107254 0.000000
v 17.984341 31.242262 0.000000
v 21.526417 28.860449 0.000000
v 17.680569 31.309549 0.000000
v 21.703331 28.604507 0.000000
v 17.373821 31.361610 0.000000
v 21.867268 28.340063 0.000000
v 17.064859 31.398317 0.000000
v 22.017818 28.067778 0.000000
v 16.754452 31.419579 0.000000
v 22.154610 27.788328 0.000000
v 16.443369 31.425341 0.000000
v 22.277302 27.502405 0.000000
v 16.132387 31.415588 0.000000
v 22.385590 27.210720 0.000000
v 15.822278 31.390348 0.000000
v 22.479202 26.914005 0.000000
v 15.513811 31.349682 0.000000
v 22.557911 26.612988 0.000000
v 15.207757 31.293690 -0.000000
v 22.621515 26.308424 0.000000
v 14.904873 31.222511 0.000000
v 22.669859 26.001068 0.000000
v 14.605913 31.136324 0.000000
v 22.702824 25.691683 0.000000
v 14.311621 31.035341 0.000000
v 22.720325 25.381042 0.000000
v 14.022728 30.919817 0.000000
v 22.722321 25.069914 0.000000
v 13.739955 30.790033 0.000000
v 22.708805 24.759071 0.000000
v 13.463999 30.646318 0.000000
v 22.679811 24.449289 0.000000
v 13.195552 30.489027 0.000000
v 22.635414 24.141340 0.000000
v 12.935279 30.318548 0.000000
v 22.575720 23.835985 0.000000
v 12.683825 30.135309 0.000000
v 22.500881 23.533985 0.000000
v 12.441821 29.939764 0.000000
v 22.411081 23.236090 0.000000
v 12.209863 29.732397 0.000000
v 22.306545 22.943043 0.000000
v 11.988529 29.513727 0.000000
v 22.187531 22.655569 0.000000
v 11.778371 29.284296 0.000000
v 22.054335 22.374386 0.000000
v 11.579909 29.044676 0.000000
v 21.907290 22.100193 0.000000
v 11.393640 28.795460 0.000000
v 21.746758 21.833668 0.000000
v 11.220023 28.537268 0.000000
v 21.573141 21.575478 0.000000
v 11.059493 28.270746 0.000000
v 21.386871 21.326263 0.000000
v 10.912446 27.996550 0.000000
v 21.188410 21.086641 0.000000
v 10.779250 27.715368 0.000000
v 20.978252 20.857210 0.000000
v 10.660236 27.427896 0.000000
v 20.756920 20.638540 0.000000
v 10.555699 27.134848 0.000000
v 20.524961 20.431173 0.000000
v 10.465899 26.836954 0.000000
v 20.282955 20.235628 0.000000
v 10.391061 26.534954 0.000000
v 20.031502 20.052389 0.000000
v 10.331367 26.229599 0.000000
v 19.771229 19.881910 0.000000
v 10.286969 25.921648 0.000000
v 19.502781 19.724619 0.000000
v 10.257976 25.611866 0.000000
v 19.226828 19.580902 0.000000
v 10.244461 25.301025 0.000000
v 18.944052 19.451120 0.000000
v 10.246456 24.989897 0.000000
v 18.655159 19.335594 0.000000
v 10.263958 24.679253 0.000000
v 18.360868 19.234613 0.000000
v -21.833668 21.746758 0.000000
v -21.575478 21.573141 0.000000
v 28.405008 -11.138097 0.000000
v 28.667446 -11.305222 0.000000
v -22.100193 21.907290 0.000000
v 28.921228 -11.485222 0.000000
v -21.326263 21.386871 0.000000
v 28.134565 -10.984262 0.000000
v -22.374386 22.054335 0.000000
v 29.165722 -11.677647 0.000000
v -21.086641 21.188410 0.000000
v 27.856789 -10.844096 0.000000
v -22.655569 22.187531 0.000000
v 29.400322 -11.882020 0.000000
v -20.857210 20.978252 0.000000
v 27.572374 -10.717951 0.000000
v -22.943043 22.306545 0.000000
v 29.624443 -12.097834 0.000000
v -20.638540 20.756920 0.000000
v 27.282024 -10.606141 0.000000
v -23.236090 22.411081 0.000000
v 29.837524 -12.324549 0.000000
v -20.431173 20.524961 0.000000
v 26.986460 -10.508943 0.000000
v -23.533985 22.500881 0.000000
v 30.039043 -12.561605 0.000000
v -20.235628 20.282955 0.000000
v 26.686419 -10.426597 0.000000
v -23.835985 22.575720 0.000000
v 30.228495 -12.808412 0.000000
v -20.052389 20.031502 0.000000
v 26.382647 -10.359310 0.000000
v -24.141340 22.635414 0.000000
v 30.405409 -13.064354 0.000000
v -19.881910 19.771229 0.000000
v 26.075899 -10.307248 0.000000
v -24.449289 22.679811 0.000000
v 30.569345 -13.328794 0.000000
v -19.724619 19.502781 0.000000
v 25.766937 -10.270541 0.000000
v -24.759071 22.708805 0.000000
v 30.719896 -13.601082 0.000000
v -19.580902 19.226828 0.000000
v 25.456530 -10.249281 0.000000
v -25.069914 22.722321 0.000000
v 30.856688 -13.880533 0.000000
v -19.451120 18.944052 0.000000
v 25.145447 -10.243519 0.000000
v -25.381042 22.720325 0.000000
v 30.979382 -14.166455 0.000000
v -19.335594 18.655159 0.000000
v 24.834465 -10.253270 0.000000
v -25.691683 22.702824 0.000000
v 31.087667 -14.458138 0.000000
v -19.234613 18.360868 0.000000
v 10.296922 24.369871 0.000000
v 24.524357 -10.278510 0.000000
v -26.001068 22.669859 0.000000
v 31.181282 -14.754856 0.000000
v -19.148426 18.061907 0.000000
v 10.345266 24.062513 0.000000
v 24.215889 -10.319179 0.000000
v 18.061907 19.148426 0.000000
v -26.308424 22.621515 0.000000
v 31.259989 -15.055872 0.000000
v -19.077248 17.759026 0.000000
v 10.408871 23.757950 0.000000
v 23.909836 -10.375170 0.000000
v 17.759026 19.077248 0.000000
v -26.612988 22.557911 0.000000
v 31.323593 -15.360435 0.000000
v -19.021255 17.452969 0.000000
v 10.487578 23.456934 0.000000
v 23.606951 -10.446348 0.000000
v 17.452969 19.021255 0.000000
v -26.914005 22.479202 0.000000
v 31.371939 -15.667792 0.000000
v -18.980589 17.144505 0.000000
v 10.581192 23.160215 0.000000
v 23.307991 -10.532535 0.000000
v 17.144505 18.980589 0.000000
v -27.210720 22.385590 0.000000
v 31.404902 -15.977175 0.000000
v -18.955347 16.834393 0.000000
v 10.689479 22.868534 0.000000
v 23.013699 -10.633517 0.000000
v 16.834393 18.955347 0.000000
v -27.502405 22.277302 0.000000
v 31.422403 -16.287819 0.000000
v -18.945597 16.523411 0.000000
v 10.812171 22.582611 0.000000
v 22.724806 -10.749043 0.000000
v 16.523411 18.945597 0.000000
v -27.788328 22.154610 0.000000
v 31.424398 -16.598948 0.000000
v -18.951359 16.212330 0.000000
v 10.948962 22.303160 0.000000
v 22.442032 -10.878825 0.000000
v 16.212330 18.951359 0.000000
v -28.067778 22.017818 0.000000
v 31.410883 -16.909788 0.000000
v -18.972618 15.901921 0.000000
v 11.099514 22.030872 0.000000
v 22.166077 -11.022541 0.000000
v 15.901921 18.972618 0.000000
v -28.340063 21.867268 0.000000
v 31.381889 -17.219568 0.000000
v -19.009325 15.592959 0.000000
v 11.263450 21.766432 0.000000
v 21.897631 -11.179833 0.000000
v 15.592959 19.009325 0.000000
v 15.286211 19.061388 0.000000
v -28.604507 21.703331 0.000000
v 31.337492 -17.527521 0.000000
v -19.061388 15.286211 0.000000
v 11.440364 21.510490 0.000000
v 21.637356 -11.350311 0.000000
v -28.860449 21.526417 0.000000
v 31.277800 -17.832874 0.000000
v -19.128675 14.982439 0.000000
v 11.629815 21.263683 0.000000
v 21.385904 -11.533551 0.000000
v 14.982439 19.128675 0.000000
v -29.107254 21.336966 0.000000
v 31.202959 -18.134876 0.000000
v -19.211020 14.682400 0.000000
v 11.831333 21.026627 0.000000
v 21.143900 -11.729096 0.000000
v 14.682400 19.211020 0.000000
v -29.344309 21.135447 0.000000
v -19.308220 14.386837 0.000000
v 12.044417 20.799911 0.000000
v 20.911942 -11.936462 0.000000
v 14.386837 19.308220 0.000000
v 14.096486 19.420029 0.000000
v 31.113159 -18.432770 0.000000
v -29.571028 20.922365 0.000000
v 31.008623 -18.725817 0.000000
v -19.420029 14.096486 0.000000
v 12.268538 20.584097 0.000000
v 20.690607 -12.155131 0.000000
v -29.786840 20.698242 0.000000
v 30.889608 -19.013290 0.000000
v -19.546173 13.812069 0.000000
v 12.503136 20.379725 0.000000
v 20.480448 -12.384562 0.000000
v 13.812069 19.546173 0.000000
v 13.534293 19.686338 0.000000
v 30.756413 -19.294472 0.000000
v -19.686338 13.534293 0.000000
v 12.747631 20.187300 0.000000
v 20.281988 -12.624185 0.000000
v -29.991213 20.463644 0.000000
v -30.183640 20.219151 0.000000
v 30.609367 -19.568668 0.000000
v -19.840176 13.263852 0.000000
v 13.001411 20.007299 0.000000
v 20.095718 -12.873400 0.000000
v 13.263852 19.840176 0.000000
v -30.363636 19.965368 0.000000
v -20.007299 13.001411 0.000000
v 19.922100 -13.131590 0.000000
v -30.530764 19.702930 0.000000
v 30.275221 -20.093382 0.000000
v 30.448835 -19.835190 0.000000
v 30.088949 -20.342598 0.000000
v 29.890488 -20.582218 0.000000
v 29.680330 -20.811649 0.000000
v -30.824762 19.154711 0.000000
v -30.950907 18.870296 0.000000
v -30.684599 19.432486 0.000000
v -31.062719 18.579945 0.000000
v -31.159918 18.284382 0.000000
v 28.733580 -21.616470 0.000000
v 28.985033 -21.433231 0.000000
v 29.227039 -21.237684 0.000000
v 29.458998 -21.030319 0.000000
v 28.473307 -21.786949 0.000000
v -31.398317 17.064859 0.000000
v -31.419579 16.754452 0.000000
v -31.361610 17.373821 0.000000
v -31.309549 17.680569 0.000000
v -31.242262 17.984341 0.000000
v 27.357237 -22.333263 0.000000
v 27.646130 -22.217739 0.000000
v 27.928905 -22.087955 0.000000
v 28.204859 -21.944241 0.000000
v -31.390348 15.822278 0.000000
v -31.349682 15.513811 0.000000
v -31.415588 16.132387 0.000000
v -31.425341 16.443369 0.000000
v 26.461103 -22.591612 0.000000
v 26.763987 -22.520433 0.000000
v 27.062946 -22.434246 0.000000
v 25.846582 -22.688271 0.000000
v 26.155046 -22.647604 0.000000
v -31.293690 15.207757 0.000000
v -31.035341 14.311621 0.000000
v -30.919817 14.022728 0.000000
v -31.136324 14.605913 0.000000
v -31.222511 14.904873 0.000000
v 24.914408 -22.717499 0.000000
v 25.225489 -22.723263 0.000000
v 25.536470 -22.713511 0.000000
v -30.646318 13.463999 0.000000
v -30.489027 13.195552 0.000000
v -30.790033 13.739955 0.000000
v 23.684517 -22.540184 0.000000
v 23.988289 -22.607471 0.000000
v 24.295038 -22.659533 0.000000
v 24.604000 -22.696239 0.000000
v -29.939764 12.441821 0.000000
v -29.732397 12.209863 0.000000
v -30.135309 12.683825 0.000000
v -30.318548 12.935279 0.000000
v 22.798563 -22.248829 0.000000
v 23.088915 -22.360641 0.000000
v 23.384478 -22.457838 0.000000
v -29.284296 11.778371 0.000000
v -29.044676 11.579909 0.000000
v -29.513727 11.988529 0.000000
v 21.965929 -21.828684 0.000000
v 22.236372 -21.982521 0.000000
v 22.514147 -22.122684 0.000000
v -28.795460 11.393640 0.000000
v -28.537268 11.220023 0.000000
v 21.205214 -21.289135 0.000000
v 21.449709 -21.481560 0.000000
v 21.703489 -21.661558 0.000000
v -27.996550 10.912446 0.000000
v -27.715368 10.779250 0.000000
v -28.270746 11.059493 0.000000
v 20.746496 -20.868948 0.000000
v 20.970615 -21.084763 0.000000
v -27.427896 10.660236 0.000000
v -27.134848 10.555699 0.000000
v 20.331894 -20.405176 0.000000
v 20.533411 -20.642231 0.000000
v -26.836954 10.465899 0.000000
v -26.534954 10.391061 0.000000
v 19.965528 -19.902430 0.000000
v 20.142443 -20.158371 0.000000
v -26.229599 10.331367 0.000000
v 19.801592 -19.637985 0.000000
v -25.921648 10.286969 0.000000
v -25.611866 10.257976 0.000000
v -13.131590 -19.922100 0.000000
v -12.873400 -20.095718 0.000000
v 19.761572 -13.398114 0.000000
v -13.398114 -19.761572 0.000000
v -20.187300 12.747631 0.000000
v -12.624185 -20.281988 0.000000
v 19.614525 -13.672308 0.000000
v -13.672308 -19.614525 0.000000
v -20.379725 12.503136 0.000000
v -12.384562 -20.480448 0.000000
v 19.481329 -13.953491 0.000000
v -13.953491 -19.481329 0.000000
v -20.584097 12.268538 0.000000
v -12.155131 -20.690607 0.000000
v 19.362314 -14.240965 0.000000
v 19.514250 -19.086248 0.000000
v 19.651041 -19.365700 0.000000
v -14.240965 -19.362314 0.000000
v -20.799911 12.044417 0.000000
v -21.026627 11.831333 0.000000
v -11.936462 -20.911942 0.000000
v 19.257776 -14.534012 0.000000
v -14.534012 -19.257776 0.000000
v -11.729096 -21.143900 0.000000
v 19.167978 -14.831907 0.000000
v -14.831907 -19.167978 0.000000
v -21.263683 11.629815 0.000000
v -11.533551 -21.385904 0.000000
v 19.093140 -15.133907 0.000000
v -15.133907 -19.093140 0.000000
v -21.510490 11.440364 0.000000
v -11.350311 -21.637356 0.000000
v 19.033445 -15.439261 0.000000
v -15.439261 -19.033445 0.000000
v -21.766432 11.263450 0.000000
v -22.030872 11.099514 0.000000
v -11.179833 -21.897631 0.000000
v 18.989048 -15.747211 0.000000
v -15.747211 -18.989048 0.000000
v -11.022541 -22.166077 0.000000
v 18.960054 -16.056993 0.000000
v -16.056993 -18.960054 0.000000
v -22.303160 10.948962 0.000000
v -22.582611 10.812171 0.000000
v -10.878825 -22.442032 0.000000
v 18.946539 -16.367836 0.000000
v -25.301025 10.244461 0.000000
v -16.367836 -18.946539 0.000000
v -10.749043 -22.724806 0.000000
v 18.948534 -16.678965 0.000000
v -16.678965 -18.948534 0.000000
v -22.868534 10.689479 0.000000
v -23.160215 10.581192 0.000000
v -10.633517 -23.013699 0.000000
v 18.966036 -16.989605 0.000000
v -16.989605 -18.966036 0.000000
v -10.532535 -23.307991 0.000000
v 18.999001 -17.298990 0.000000
v -17.298990 -18.999001 0.000000
v -23.456934 10.487578 0.000000
v -23.757950 10.408871 0.000000
v -10.446348 -23.606951 0.000000
v 19.047344 -17.606346 0.000000
v 19.391558 -18.800327 0.000000
v -17.606346 -19.047344 0.000000
v -24.062513 10.345266 0.000000
v -10.375170 -23.909836 0.000000
v 19.110949 -17.910910 0.000000
v -17.910910 -19.110949 0.000000
v -10.319179 -24.215889 0.000000
v 19.189657 -18.211926 0.000000
v -18.211926 -19.189657 0.000000
v -24.369871 10.296922 0.000000
v -10.278510 -24.524357 0.000000
v 19.283270 -18.508642 0.000000
v -24.989897 10.246456 0.000000
v -18.508642 -19.283270 0.000000
v -24.679253 10.263958 0.000000
v -18.800327 -19.391558 0.000000
v -10.243519 -25.145447 0.000000
v -10.253270 -24.834465 0.000000
v -19.086248 -19.514250 0.000000
v -10.249281 -25.456530 0.000000
v -19.365700 -19.651041 0.000000
v -10.270541 -25.766937 0.000000
v -19.637985 -19.801592 0.000000
v -19.902430 -19.965528 0.000000
v -10.359310 -26.382647 0.000000
v -10.307248 -26.075899 0.000000
v -20.158371 -20.142443 0.000000
v -10.508943 -26.986460 0.000000
v -10.426597 -26.686419 0.000000
v -20.405176 -20.331894 0.000000
v -20.642231 -20.533411 0.000000
v -10.717951 -27.572374 0.000000
v -10.606141 -27.282024 0.000000
v -20.868948 -20.746496 0.000000
v -21.084763 -20.970615 0.000000
v -10.984262 -28.134565 0.000000
v -10.844096 -27.856789 0.000000
v -21.289135 -21.205214 0.000000
v -21.481560 -21.449709 0.000000
v -21.661558 -21.703489 0.000000
v -11.305222 -28.667446 0.000000
v -11.138097 -28.405008 0.000000
v -21.828684 -21.965929 0.000000
v -21.982521 -22.236372 0.000000
v -11.882020 -29.400322 0.000000
v -11.677647 -29.165722 0.000000
v -11.485222 -28.921228 0.000000
v -22.122684 -22.514147 0.000000
v -22.248829 -22.798563 0.000000
v -22.360641 -23.088915 0.000000
v -12.561605 -30.039043 0.000000
v -12.324549 -29.837524 0.000000
v -12.097834 -29.624443 0.000000
v -22.457838 -23.384478 0.000000
v -22.540184 -23.684517 0.000000
v -22.607471 -23.988289 0.000000
v -22.659533 -24.295038 0.000000
v -13.601082 -30.719896 0.000000
v -13.328794 -30.569345 0.000000
v -13.064354 -30.405409 0.000000
v -12.808412 -30.228495 0.000000
v -22.696239 -24.604000 0.000000
v -22.717499 -24.914408 0.000000
v -22.723263 -25.225489 0.000000
v -14.754856 -31.181282 0.000000
v -14.458138 -31.087667 0.000000
v -14.166455 -30.979382 0.000000
v -13.880533 -30.856688 0.000000
v -22.591612 -26.461103 0.000000
v -22.520433 -26.763987 0.000000
v -22.713511 -25.536470 0.000000
v -22.688271 -25.846582 0.000000
v -22.647604 -26.155046 0.000000
v -15.977175 -31.404902 0.000000
v -15.667792 -31.371939 0.000000
v -15.360435 -31.323593 0.000000
v -15.055872 -31.259989 0.000000
v -22.434246 -27.062946 0.000000
v -22.333263 -27.357237 0.000000
v -22.217739 -27.646130 0.000000
v -22.087955 -27.928905 0.000000
v -17.527521 -31.337492 0.000000
v -17.219568 -31.381889 0.000000
v -16.909788 -31.410883 0.000000
v -16.598948 -31.424398 0.000000
v -16.287819 -31.422403 0.000000
v -21.944241 -28.204859 0.000000
v -21.786949 -28.473307 0.000000
v -21.616470 -28.733580 0.000000
v -21.433231 -28.985033 0.000000
v -21.237684 -29.227039 0.000000
v -19.013290 -30.889608 0.000000
v -18.725817 -31.008623 0.000000
v -18.432770 -31.113159 0.000000
v -18.134876 -31.202959 0.000000
v -17.832874 -31.277800 0.000000
v -21.030319 -29.458998 0.000000
v -20.811649 -29.680330 0.000000
v -20.582218 -29.890488 0.000000
v -20.342598 -30.088949 0.000000
v -20.093382 -30.275221 0.000000
v -19.835190 -30.448835 0.000000
v -19.568668 -30.609367 0.000000
v -19.294472 -30.756413 0.000000
v 13.948348 20.976622 1.326667
v 14.111851 21.658672 1.990000
v 14.290596 21.544844 1.990000
v 14.380012 20.745127 1.326667
v 13.606100 20.408398 0.663333
v 14.474792 21.440067 1.990000
v 12.716591 21.073238 0.663333
v 13.144755 20.718620 0.663333
v 13.541879 21.249945 1.326667
v 13.939002 21.781265 1.990000
v 13.772480 21.912327 1.990000
v 15.343362 30.644363 0.663333
v 12.325864 21.468727 0.663333
v 13.164644 21.562380 1.326667
v 13.612698 22.051521 1.990000
v 13.460052 22.198509 1.990000
v 11.976455 21.901152 0.663333
v 12.820393 21.910826 1.326667
v 13.314921 22.352924 1.990000
v 13.177670 22.514380 1.990000
v 11.671839 22.366219 0.663333
v 15.823021 29.383852 1.990000
v 15.614570 29.345716 1.990000
v 15.478966 29.995039 1.326667
v 12.512546 22.291813 1.326667
v 13.048637 22.682478 1.990000
v 12.928144 22.856796 1.990000
v 11.415041 22.859304 0.663333
v 12.244162 22.701563 1.326667
v 12.816486 23.036905 1.990000
v 12.713948 23.222359 1.990000
v 11.208615 23.375507 0.663333
v 12.017912 23.135996 1.326667
v 12.620781 23.412687 1.990000
v 12.537216 23.607428 1.990000
v 11.054613 23.909698 0.663333
v 11.836040 23.590797 1.326667
v 12.463465 23.806089 1.990000
v 12.399704 24.008181 1.990000
v 10.954565 24.456570 0.663333
v 11.700356 24.061449 1.326667
v 12.346097 24.213200 1.990000
v 12.302776 24.420635 1.990000
v 10.909463 25.010687 0.663333
v 11.612207 24.543272 1.326667
v 12.269850 24.629972 1.990000
v 12.247399 24.840691 1.990000
v 10.919759 25.566540 0.663333
v 11.572471 25.031477 1.326667
v 12.235477 25.052267 1.990000
v 12.234119 25.264172 1.990000
v 10.985348 26.118603 0.663333
v 11.581542 25.521210 1.326667
v 12.243324 25.475883 1.990000
v 12.263071 25.686871 1.990000
v 11.105579 26.661394 0.663333
v 11.639329 26.007608 1.326667
v 12.293311 25.896614 1.990000
v 12.333967 26.104589 1.990000
v 11.279258 27.189516 0.663333
v 11.745258 26.485836 1.326667
v 12.384939 26.310278 1.990000
v 12.446100 26.513170 1.990000
v 11.504658 27.697723 0.663333
v 11.898280 26.951141 1.326667
v 12.517301 26.712761 1.990000
v 12.598360 26.908556 1.990000
v 11.779537 28.180962 0.663333
v 12.096869 27.398897 1.326667
v 12.689077 27.100069 1.990000
v 12.789228 27.286819 1.990000
v 12.101168 28.634430 0.663333
v 12.339052 27.824654 1.326667
v 12.898565 27.468346 1.990000
v 13.016814 27.644197 1.990000
v 12.466348 29.053619 0.663333
v 12.622423 28.224182 1.326667
v 13.143681 27.813934 1.990000
v 13.278850 27.977139 1.990000
v 12.871454 29.434366 0.663333
v 12.944167 28.593510 1.326667
v 13.421986 28.133402 1.990000
v 13.572734 28.282335 1.990000
v 13.312455 29.772884 0.663333
v 13.301086 28.928967 1.326667
v 13.730720 28.423569 1.990000
v 13.895547 28.556753 1.990000
v 13.784972 30.065811 0.663333
v 13.689631 29.227221 1.326667
v 14.066808 28.681557 1.990000
v 14.244078 28.797667 1.990000
v 14.284306 30.310236 0.663333
v 14.105943 29.485304 1.326667
v 14.426914 28.904797 1.990000
v 14.614864 29.002682 1.990000
v 14.805495 30.503727 0.663333
v 14.545882 29.700655 1.326667
v 14.807460 29.091074 1.990000
v 15.004221 29.169756 1.990000
v 15.005078 29.871132 1.326667
v 15.204659 29.238535 1.990000
v 15.408278 29.297237 1.990000
v 15.892556 30.730747 0.663333
v 16.447624 30.762020 0.663333
v 15.962835 30.071150 1.326667
v 16.033113 29.411549 1.990000
v 16.244326 29.428740 1.990000
v 17.003048 30.737871 0.663333
v 16.451880 30.098701 1.326667
v 16.456133 29.435383 1.990000
v 16.668009 29.431458 1.990000
v 17.553305 30.658539 0.663333
v 16.941236 30.077423 1.326667
v 16.879423 29.416977 1.990000
v 17.089853 29.391975 1.990000
v 18.092930 30.524813 0.663333
v 17.426041 30.007528 1.326667
v 17.298777 29.356516 1.990000
v 17.505672 29.310688 1.990000
v 18.616558 30.338022 0.663333
v 17.901480 29.889708 1.326667
v 17.710028 29.254604 1.990000
v 17.911331 29.188402 1.990000
v 19.118988 30.100023 0.663333
v 18.362823 29.725136 1.326667
v 18.109087 29.112249 1.990000
v 18.302799 29.026335 1.990000
v 19.595222 29.813181 0.663333
v 18.805489 29.515448 1.326667
v 18.491991 28.930870 1.990000
v 18.676186 28.826094 1.990000
v 20.040531 29.480345 0.663333
v 19.225077 29.262724 1.326667
v 18.854929 28.712267 1.990000
v 19.027779 28.589670 1.990000
v 20.450485 29.104826 0.663333
v 19.617416 28.969479 1.326667
v 19.194300 28.458612 1.990000
v 19.354084 28.319414 1.990000
v 20.821014 28.690355 0.663333
v 19.978607 28.638628 1.326667
v 19.506731 28.172426 1.990000
v 19.651857 28.018013 1.990000
v 21.148434 28.241051 0.663333
v 20.305063 28.273457 1.326667
v 19.789110 27.856556 1.990000
v 19.918144 27.688461 1.990000
v 21.429491 27.761379 0.663333
v 20.593536 27.877596 1.326667
v 20.038639 27.514139 1.990000
v 20.150293 27.334030 1.990000
v 21.661388 27.256107 0.663333
v 20.841160 27.454979 1.326667
v 20.252832 27.148581 1.990000
v 20.346001 26.958248 1.990000
v 21.841827 26.730255 0.663333
v 21.045477 27.009808 1.326667
v 20.429564 26.763510 1.990000
v 20.503319 26.564846 1.990000
v 21.969011 26.189051 0.663333
v 21.204451 26.546505 1.326667
v 20.567076 26.362755 1.990000
v 20.620684 26.157738 1.990000
v 22.041676 25.637871 0.663333
v 21.316507 26.069675 1.326667
v 20.664003 25.950302 1.990000
v 20.696932 25.740965 1.990000
v 22.059101 25.082197 0.663333
v 21.380529 25.584059 1.326667
v 20.719383 25.530247 1.990000
v 20.731302 25.318672 1.990000
v 22.021111 24.527548 0.663333
v 21.395882 25.094481 1.326667
v 20.732662 25.106764 1.990000
v 20.723455 24.895054 1.990000
v 21.928085 23.979439 0.663333
v 21.362410 24.605808 1.326667
v 20.703709 24.684065 1.990000
v 20.673471 24.474323 1.990000
v 21.780949 23.443316 0.663333
v 21.280449 24.122892 1.326667
v 20.632814 24.266348 1.990000
v 20.581841 24.060659 1.990000
v 21.581160 22.924505 0.663333
v 21.150814 23.650541 1.326667
v 20.520679 23.857767 1.990000
v 20.449482 23.658175 1.990000
v 21.330711 22.428167 0.663333
v 20.974791 23.193443 1.326667
v 20.368423 23.462379 1.990000
v 20.277702 23.270870 1.990000
v 21.032084 21.959232 0.663333
v 20.754129 22.756144 1.326667
v 20.177551 23.084118 1.990000
v 20.068214 22.902592 1.990000
v 20.688251 21.522360 0.663333
v 20.491026 22.342987 1.326667
v 19.949968 22.726742 1.990000
v 19.823101 22.557003 1.990000
v 20.302628 21.121893 0.663333
v 20.188091 21.958080 1.326667
v 19.687931 22.393799 1.990000
v 19.544794 22.237537 1.990000
v 19.879047 20.761814 0.663333
v 19.848337 21.605249 1.326667
v 19.394047 22.088604 1.990000
v 19.236063 21.947367 1.990000
v 19.421721 20.445698 0.663333
v 19.475142 21.287998 1.326667
v 19.071236 21.814182 1.990000
v 18.899973 21.689381 1.990000
v 18.935190 20.176687 0.663333
v 19.072212 21.009483 1.326667
v 18.722704 21.573271 1.990000
v 18.539865 21.466141 1.990000
v 18.424292 19.957457 0.663333
v 18.643553 20.772472 1.326667
v 18.351917 21.368256 1.990000
v 18.159323 21.279863 1.990000
v 17.894106 19.790184 0.663333
v 18.193426 20.579319 1.326667
v 17.962561 21.201180 1.990000
v 17.762121 21.132402 1.990000
v 17.349899 19.676533 0.663333
v 17.726305 20.431942 1.326667
v 17.558504 21.073702 1.990000
v 17.352213 21.025223 1.990000
v 16.797081 19.617632 0.663333
v 17.246830 20.331810 1.326667
v 17.143761 20.987087 1.990000
v 16.933668 20.959389 1.990000
v 16.241146 19.614065 0.663333
v 16.759769 20.279915 1.326667
v 16.722454 20.942198 1.990000
v 16.510649 20.935556 1.990000
v 15.687615 19.665873 0.663333
v 16.269958 20.276773 1.326667
v 16.298775 20.939480 1.990000
v 16.087358 20.953962 1.990000
v 15.141994 19.772533 0.663333
v 15.782271 20.322416 1.326667
v 15.876927 20.978962 1.990000
v 15.668004 21.014420 1.990000
v 14.609707 19.932991 0.663333
v 15.301553 20.416391 1.326667
v 15.461109 21.060249 1.990000
v 15.256754 21.116333 1.990000
v 14.096041 20.145651 0.663333
v 14.832579 20.557762 1.326667
v 15.055449 21.182535 1.990000
v 14.857693 21.258688 1.990000
v 14.663980 21.344603 1.990000
v 15.614570 29.345716 2.000000
v 15.823021 29.383852 2.000000
v 16.033113 29.411549 2.000000
v 16.244326 29.428740 2.000000
v 16.456133 29.435383 2.000000
v 16.668009 29.431458 2.000000
v 16.879423 29.416977 2.000000
v 17.089853 29.391975 2.000000
v 17.298777 29.356516 2.000000
v 17.505672 29.310688 2.000000
v 17.710028 29.254604 2.000000
v 17.911331 29.188402 2.000000
v 18.109087 29.112249 2.000000
v 18.302799 29.026335 2.000000
v 18.491991 28.930870 2.000000
v 18.676186 28.826094 2.000000
v 18.854929 28.712267 2.000000
v 19.027779 28.589670 2.000000
v 19.194300 28.458612 2.000000
v 19.354084 28.319414 2.000000
v 19.506731 28.172426 2.000000
v 19.651857 28.018013 2.000000
v 19.789110 27.856556 2.000000
v 19.918144 27.688461 2.000000
v 20.038639 27.514139 2.000000
v 20.150293 27.334030 2.000000
v 20.252832 27.148581 2.000000
v 20.346001 26.958248 2.000000
v 20.429564 26.763510 2.000000
v 20.503319 26.564846 2.000000
v 20.567076 26.362755 2.000000
v 20.620684 26.157738 2.000000
v 20.664003 25.950302 2.000000
v 20.696932 25.740965 2.000000
v 20.719383 25.530247 2.000000
v 20.731302 25.318672 2.000000
v 20.732662 25.106764 2.000000
v 20.723455 24.895054 2.000000
v 20.703709 24.684065 2.000000
v 20.673471 24.474323 2.000000
v 20.632814 24.266348 2.000000
v 20.581841 24.060659 2.000000
v 20.520679 23.857767 2.000000
v 20.449482 23.658175 2.000000
v 20.368423 23.462379 2.000000
v 20.277702 23.270870 2.000000
v 20.177551 23.084118 2.000000
v 20.068214 22.902592 2.000000
v 19.949968 22.726742 2.000000
v 19.823101 22.557003 2.000000
v 19.687931 22.393799 2.000000
v 19.544794 22.237537 2.000000
v 19.394047 22.088604 2.000000
v 19.236063 21.947367 2.000000
v 19.071236 21.814182 2.000000
v 18.899973 21.689381 2.000000
v 18.722704 21.573271 2.000000
v 18.539865 21.466141 2.000000
v 18.351917 21.368256 2.000000
v 18.159323 21.279863 2.000000
v 17.962561 21.201180 2.000000
v 17.762121 21.132402 2.000000
v 17.558504 21.073702 2.000000
v 17.352213 21.025223 2.000000
v 17.143761 20.987087 2.000000
v 16.933668 20.959389 2.000000
v 16.722454 20.942198 2.000000
v 16.510649 20.935556 2.000000
v 16.298775 20.939480 2.000000
v 16.087358 20.953962 2.000000
v 15.876927 20.978962 2.000000
v 15.668004 21.014420 2.000000
v 15.461109 21.060249 2.000000
v 15.256754 21.116333 2.000000
v 15.055449 21.182535 2.000000
v 14.857693 21.258688 2.000000
v 14.663980 21.344603 2.000000
v 14.474792 21.440067 2.000000
v 14.290596 21.544844 2.000000
v 14.111851 21.658672 2.000000
v 13.939002 21.781265 2.000000
v 13.772480 21.912327 2.000000
v 13.612698 22.051521 2.000000
v 13.460052 22.198509 2.000000
v 13.314921 22.352924 2.000000
v 13.177670 22.514380 2.000000
v 13.048637 22.682478 2.000000
v 12.928144 22.856796 2.000000
v 12.816486 23.036905 2.000000
v 12.713948 23.222359 2.000000
v 12.620781 23.412687 2.000000
v 12.537216 23.607428 2.000000
v 12.463465 23.806089 2.000000
v 12.399704 24.008181 2.000000
v 12.346097 24.213200 2.000000
v 12.302776 24.420635 2.000000
v 12.269850 24.629972 2.000000
v 12.247399 24.840691 2.000000
v 12.235477 25.052267 2.000000
v 12.234119 25.264172 2.000000
v 12.243324 25.475883 2.000000
v 12.263071 25.686871 2.000000
v 12.293311 25.896614 2.000000
v 12.333967 26.104589 2.000000
v 12.384939 26.310278 2.000000
v 12.446100 26.513170 2.000000
v 12.517301 26.712761 2.000000
v 12.598360 26.908556 2.000000
v 12.689077 27.100069 2.000000
v 12.789228 27.286819 2.000000
v 12.898565 27.468346 2.000000
v 13.016814 27.644197 2.000000
v 13.143681 27.813934 2.000000
v 13.278850 27.977139 2.000000
v 13.421986 28.133402 2.000000
v 13.572734 28.282335 2.000000
v 13.730720 28.423569 2.000000
v 13.895547 28.556753 2.000000
v 14.066808 28.681557 2.000000
v 14.244078 28.797667 2.000000
v 14.426914 28.904797 2.000000
v 14.614864 29.002682 2.000000
v 14.807460 29.091074 2.000000
v 15.004221 29.169756 2.000000
v 15.204659 29.238535 2.000000
v 15.408278 29.297237 2.000000
v -21.073238 12.716591 0.663333
v -20.718620 13.144755 0.663333
v -21.249945 13.541879 1.326667
v -20.976622 13.948348 1.326667
v -20.408398 13.606100 0.663333
v -21.781265 13.939002 1.990000
v -21.658672 14.111851 1.990000
v -21.912327 13.772480 1.990000
v -21.468727 12.325864 0.663333
v -30.644363 15.343362 0.663333
v -21.562380 13.164644 1.326667
v -22.051521 13.612698 1.990000
v -22.198509 13.460052 1.990000
v -21.901152 11.976455 0.663333
v -21.910826 12.820393 1.326667
v -22.352924 13.314921 1.990000
v -22.514380 13.177670 1.990000
v -22.366219 11.671839 0.663333
v -22.291813 12.512546 1.326667
v -22.682478 13.048637 1.990000
v -22.856796 12.928144 1.990000
v -29.383852 15.823021 1.990000
v -29.345716 15.614570 1.990000
v -29.995039 15.478966 1.326667
v -22.859304 11.415041 0.663333
v -22.701563 12.244162 1.326667
v -23.036905 12.816486 1.990000
v -23.222359 12.713948 1.990000
v -23.375507 11.208615 0.663333
v -23.135996 12.017912 1.326667
v -23.412687 12.620781 1.990000
v -23.607428 12.537216 1.990000
v -23.909698 11.054613 0.663333
v -23.590797 11.836040 1.326667
v -23.806089 12.463465 1.990000
v -24.008181 12.399704 1.990000
v -24.456570 10.954565 0.663333
v -24.061449 11.700356 1.326667
v -24.213200 12.346097 1.990000
v -24.420635 12.302776 1.990000
v -25.010687 10.909463 0.663333
v -24.543272 11.612207 1.326667
v -24.629972 12.269850 1.990000
v -24.840691 12.247399 1.990000
v -25.566540 10.919759 0.663333
v -25.031477 11.572471 1.326667
v -25.052267 12.235477 1.990000
v -25.264172 12.234119 1.990000
v -26.118603 10.985348 0.663333
v -25.521210 11.581542 1.326667
v -25.475883 12.243324 1.990000
v -25.686871 12.263071 1.990000
v -26.661394 11.105579 0.663333
v -26.007608 11.639329 1.326667
v -25.896614 12.293311 1.990000
v -26.104589 12.333967 1.990000
v -27.189516 11.279258 0.663333
v -26.485836 11.745258 1.326667
v -26.310278 12.384939 1.990000
v -26.513170 12.446100 1.990000
v -27.697723 11.504658 0.663333
v -26.951141 11.898280 1.326667
v -26.712761 12.517301 1.990000
v -26.908556 12.598360 1.990000
v -28.180962 11.779537 0.663333
v -27.398897 12.096869 1.326667
v -27.100069 12.689077 1.990000
v -27.286819 12.789228 1.990000
v -28.634430 12.101168 0.663333
v -27.824654 12.339052 1.326667
v -27.468346 12.898565 1.990000
v -27.644197 13.016814 1.990000
v -29.053619 12.466348 0.663333
v -28.224182 12.622423 1.326667
v -27.813934 13.143681 1.990000
v -27.977139 13.278850 1.990000
v -29.434366 12.871454 0.663333
v -28.593510 12.944167 1.326667
v -28.133402 13.421986 1.990000
v -28.282335 13.572734 1.990000
v -29.772884 13.312455 0.663333
v -28.928967 13.301086 1.326667
v -28.423569 13.730720 1.990000
v -28.556753 13.895547 1.990000
v -30.065811 13.784972 0.663333
v -29.227221 13.689631 1.326667
v -28.681557 14.066808 1.990000
v -28.797667 14.244078 1.990000
v -30.310236 14.284306 0.663333
v -29.485304 14.105943 1.326667
v -28.904797 14.426914 1.990000
v -29.002682 14.614864 1.990000
v -30.503727 14.805495 0.663333
v -29.700655 14.545882 1.326667
v -29.091074 14.807460 1.990000
v -29.169756 15.004221 1.990000
v -29.871132 15.005078 1.326667
v -29.238535 15.204659 1.990000
v -29.297237 15.408278 1.990000
v -30.730747 15.892556 0.663333
v -30.762020 16.447624 0.663333
v -30.071150 15.962835 1.326667
v -29.411549 16.033113 1.990000
v -29.428740 16.244326 1.990000
v -30.737871 17.003048 0.663333
v -30.098701 16.451880 1.326667
v -29.435383 16.456133 1.990000
v -29.431458 16.668009 1.990000
v -30.658539 17.553305 0.663333
v -30.077423 16.941236 1.326667
v -29.416977 16.879423 1.990000
v -29.391975 17.089853 1.990000
v -30.524813 18.092930 0.663333
v -30.007528 17.426041 1.326667
v -29.356516 17.298777 1.990000
v -29.310688 17.505672 1.990000
v -30.338022 18.616558 0.663333
v -29.889708 17.901480 1.326667
v -29.254604 17.710028 1.990000
v -29.188402 17.911331 1.990000
v -30.100023 19.118988 0.663333
v -29.725136 18.362823 1.326667
v -29.112249 18.109087 1.990000
v -29.026335 18.302799 1.990000
v -29.813181 19.595222 0.663333
v -29.515448 18.805489 1.326667
v -28.930870 18.491991 1.990000
v -28.826094 18.676186 1.990000
v -29.480345 20.040531 0.663333
v -29.262724 19.225077 1.326667
v -28.712267 18.854929 1.990000
v -28.589670 19.027779 1.990000
v -29.104826 20.450485 0.663333
v -28.969479 19.617416 1.326667
v -28.458612 19.194300 1.990000
v -28.319414 19.354084 1.990000
v -28.690355 20.821014 0.663333
v -28.638628 19.978607 1.326667
v -28.172426 19.506731 1.990000
v -28.018013 19.651857 1.990000
v -28.241051 21.148434 0.663333
v -28.273457 20.305063 1.326667
v -27.856556 19.789110 1.990000
v -27.688461 19.918144 1.990000
v -27.761379 21.429491 0.663333
v -27.877596 20.593536 1.326667
v -27.514139 20.038639 1.990000
v -27.334030 20.150293 1.990000
v -27.256107 21.661388 0.663333
v -27.454979 20.841160 1.326667
v -27.148581 20.252832 1.990000
v -26.958248 20.346001 1.990000
v -26.730255 21.841827 0.663333
v -27.009808 21.045477 1.326667
v -26.763510 20.429564 1.990000
v -26.564846 20.503319 1.990000
v -26.189051 21.969011 0.663333
v -26.546505 21.204451 1.326667
v -26.362755 20.567076 1.990000
v -26.157738 20.620684 1.990000
v -25.637871 22.041676 0.663333
v -26.069675 21.316507 1.326667
v -25.950302 20.664003 1.990000
v -25.740965 20.696932 1.990000
v -25.082197 22.059101 0.663333
v -25.584059 21.380529 1.326667
v -25.530247 20.719383 1.990000
v -25.318672 20.731302 1.990000
v -24.527548 22.021111 0.663333
v -25.094481 21.395882 1.326667
v -25.106764 20.732662 1.990000
v -24.895054 20.723455 1.990000
v -23.979439 21.928085 0.663333
v -24.605808 21.362410 1.326667
v -24.684065 20.703709 1.990000
v -24.474323 20.673471 1.990000
v -23.443316 21.780949 0.663333
v -24.122892 21.280449 1.326667
v -24.266348 20.632814 1.990000
v -24.060659 20.581841 1.990000
v -22.924505 21.581160 0.663333
v -23.650541 21.150814 1.326667
v -23.857767 20.520679 1.990000
v -23.658175 20.449482 1.990000
v -22.428167 21.330711 0.663333
v -23.193443 20.974791 1.326667
v -23.462379 20.368423 1.990000
v -23.270870 20.277702 1.990000
v -21.959232 21.032084 0.663333
v -22.756144 20.754129 1.326667
v -23.084118 20.177551 1.990000
v -22.902592 20.068214 1.990000
v -21.522360 20.688251 0.663333
v -22.342987 20.491026 1.326667
v -22.726742 19.949968 1.990000
v -22.557003 19.823101 1.990000
v -21.121893 20.302628 0.663333
v -21.958080 20.188091 1.326667
v -22.393799 19.687931 1.990000
v -22.237537 19.544794 1.990000
v -20.761814 19.879047 0.663333
v -21.605249 19.848337 1.326667
v -22.088604 19.394047 1.990000
v -21.947367 19.236063 1.990000
v -20.445698 19.421721 0.663333
v -21.287998 19.475142 1.326667
v -21.814182 19.071236 1.990000
v -21.689381 18.899973 1.990000
v -20.176687 18.935190 0.663333
v -21.009483 19.072212 1.326667
v -21.573271 18.722704 1.990000
v -21.466141 18.539865 1.990000
v -19.957457 18.424292 0.663333
v -20.772472 18.643553 1.326667
v -21.368256 18.351917 1.990000
v -21.279863 18.159323 1.990000
v -19.790184 17.894106 0.663333
v -20.579319 18.193426 1.326667
v -21.201180 17.962561 1.990000
v -21.132402 17.762121 1.990000
v -19.676533 17.349899 0.663333
v -20.431942 17.726305 1.326667
v -21.073702 17.558504 1.990000
v -21.025223 17.352213 1.990000
v -19.617632 16.797081 0.663333
v -20.331810 17.246830 1.326667
v -20.987087 17.143761 1.990000
v -20.959389 16.933668 1.990000
v -19.614065 16.241146 0.663333
v -20.279915 16.759769 1.326667
v -20.942198 16.722454 1.990000
v -20.935556 16.510649 1.990000
v -19.665873 15.687615 0.663333
v -20.276773 16.269958 1.326667
v -20.939480 16.298775 1.990000
v -20.953962 16.087358 1.990000
v -19.772533 15.141994 0.663333
v -20.322416 15.782271 1.326667
v -20.978962 15.876927 1.990000
v -21.014420 15.668004 1.990000
v -19.932991 14.609707 0.663333
v -20.416391 15.301553 1.326667
v -21.060249 15.461109 1.990000
v -21.116333 15.256754 1.990000
v -20.145651 14.096041 0.663333
v -20.557762 14.832579 1.326667
v -21.182535 15.055449 1.990000
v -21.258688 14.857693 1.990000
v -20.745127 14.380012 1.326667
v -21.344603 14.663980 1.990000
v -21.440067 14.474792 1.990000
v -21.544844 14.290596 1.990000
v -29.345716 15.614570 2.000000
v -29.383852 15.823021 2.000000
v -29.411549 16.033113 2.000000
v -29.428740 16.244326 2.000000
v -29.435383 16.456133 2.000000
v -29.431458 16.668009 2.000000
v -29.416977 16.879423 2.000000
v -29.391975 17.089853 2.000000
v -29.356516 17.298777 2.000000
v -29.310688 17.505672 2.000000
v -29.254604 17.710028 2.000000
v -29.188402 17.911331 2.000000
v -29.112249 18.109087 2.000000
v -29.026335 18.302799 2.000000
v -28.930870 18.491991 2.000000
v -28.826094 18.676186 2.000000
v -28.712267 18.854929 2.000000
v -28.589670 19.027779 2.000000
v -28.458612 19.194300 2.000000
v -28.319414 19.354084 2.000000
v -28.172426 19.506731 2.000000
v -28.018013 19.651857 2.000000
v -27.856556 19.789110 2.000000
v -27.688461 19.918144 2.000000
v -27.514139 20.038639 2.000000
v -27.334030 20.150293 2.000000
v -27.148581 20.252832 2.000000
v -26.958248 20.346001 2.000000
v -26.763510 20.429564 2.000000
v -26.564846 20.503319 2.000000
v -26.362755 20.567076 2.000000
v -26.157738 20.620684 2.000000
v -25.950302 20.664003 2.000000
v -25.740965 20.696932 2.000000
v -25.530247 20.719383 2.000000
v -25.318672 20.731302 2.000000
v -25.106764 20.732662 2.000000
v -24.895054 20.723455 2.000000
v -24.684065 20.703709 2.000000
v -24.474323 20.673471 2.000000
v -24.266348 20.632814 2.000000
v -24.060659 20.581841 2.000000
v -23.857767 20.520679 2.000000
v -23.658175 20.449482 2.000000
v -23.462379 20.368423 2.000000
v -23.270870 20.277702 2.000000
v -23.084118 20.177551 2.000000
v -22.902592 20.068214 2.000000
v -22.726742 19.949968 2.000000
v -22.557003 19.823101 2.000000
v -22.393799 19.687931 2.000000
v -22.237537 19.544794 2.000000
v -22.088604 19.394047 2.000000
v -21.947367 19.236063 2.000000
v -21.814182 19.071236 2.000000
v -21.689381 18.899973 2.000000
v -21.573271 18.722704 2.000000
v -21.466141 18.539865 2.000000
v -21.368256 18.351917 2.000000
v -21.279863 18.159323 2.000000
v -21.201180 17.962561 2.000000
v -21.132402 17.762121 2.000000
v -21.073702 17.558504 2.000000
v -21.025223 17.352213 2.000000
v -20.987087 17.143761 2.000000
v -20.959389 16.933668 2.000000
v -20.942198 16.722454 2.000000
v -20.935556 16.510649 2.000000
v -20.939480 16.298775 2.000000
v -20.953962 16.087358 2.000000
v -20.978962 15.876927 2.000000
v -21.014420 15.668004 2.000000
v -21.060249 15.461109 2.000000
v -21.116333 15.256754 2.000000
v -21.182535 15.055449 2.000000
v -21.258688 14.857693 2.000000
v -21.344603 14.663980 2.000000
v -21.440067 14.474792 2.000000
v -21.544844 14.290596 2.000000
v -21.658672 14.111851 2.000000
v -21.781265 13.939002 2.000000
v -21.912327 13.772480 2.000000
v -22.051521 13.612698 2.000000
v -22.198509 13.460052 2.000000
v -22.352924 13.314921 2.000000
v -22.514380 13.177670 2.000000
v -22.682478 13.048637 2.000000
v -22.856796 12.928144 2.000000
v -23.036905 12.816486 2.000000
v -23.222359 12.713948 2.000000
v -23.412687 12.620781 2.000000
v -23.607428 12.537216 2.000000
v -23.806089 12.463465 2.000000
v -24.008181 12.399704 2.000000
v -24.213200 12.346097 2.000000
v -24.420635 12.302776 2.000000
v -24.629972 12.269850 2.000000
v -24.840691 12.247399 2.000000
v -25.052267 12.235477 2.000000
v -25.264172 12.234119 2.000000
v -25.475883 12.243324 2.000000
v -25.686871 12.263071 2.000000
v -25.896614 12.293311 2.000000
v -26.104589 12.333967 2.000000
v -26.310278 12.384939 2.000000
v -26.513170 12.446100 2.000000
v -26.712761 12.517301 2.000000
v -26.908556 12.598360 2.000000
v -27.100069 12.689077 2.000000
v -27.286819 12.789228 2.000000
v -27.468346 12.898565 2.000000
v -27.644197 13.016814 2.000000
v -27.813934 13.143681 2.000000
v -27.977139 13.278850 2.000000
v -28.133402 13.421986 2.000000
v -28.282335 13.572734 2.000000
v -28.423569 13.730720 2.000000
v -28.556753 13.895547 2.000000
v -28.681557 14.066808 2.000000
v -28.797667 14.244078 2.000000
v -28.904797 14.426914 2.000000
v -29.002682 14.614864 2.000000
v -29.091074 14.807460 2.000000
v -29.169756 15.004221 2.000000
v -29.238535 15.204659 2.000000
v -29.297237 15.408278 2.000000
v 20.338150 -13.726089 0.663333
v 20.087698 -14.222428 0.663333
v 21.491306 -14.382039 1.990000
v 20.914728 -14.054065 1.326667
v 21.600643 -14.200514 1.990000
v 21.391155 -14.568791 1.990000
v 21.177834 -13.640908 1.326667
v 20.636776 -13.257154 0.663333
v 19.887913 -14.741237 0.663333
v 26.325499 -21.942286 0.663333
v 20.694069 -14.491365 1.326667
v 21.300438 -14.760302 1.990000
v 21.219378 -14.956097 1.990000
v 19.740774 -15.277361 0.663333
v 20.518045 -14.948463 1.326667
v 21.148178 -15.155689 1.990000
v 21.087017 -15.358581 1.990000
v 19.647749 -15.825470 0.663333
v 21.036045 -15.564270 1.990000
v 20.388409 -15.420815 1.326667
v 20.995390 -15.772244 1.990000
v 19.609758 -16.380119 0.663333
v 26.054291 -20.643637 1.990000
v 26.260582 -20.595158 1.990000
v 26.189894 -21.292961 1.326667
v 20.965149 -15.981987 1.990000
v 20.306448 -15.903729 1.326667
v 20.945402 -16.192976 1.990000
v 19.627182 -16.935793 0.663333
v 20.936197 -16.404686 1.990000
v 20.272978 -16.392403 1.326667
v 20.937555 -16.616594 1.990000
v 19.699848 -17.486973 0.663333
v 20.949478 -16.828169 1.990000
v 20.288330 -16.881981 1.326667
v 20.971928 -17.038887 1.990000
v 19.827032 -18.028175 0.663333
v 21.004854 -17.248224 1.990000
v 20.352352 -17.367598 1.326667
v 21.048176 -17.455660 1.990000
v 20.007469 -18.554029 0.663333
v 21.101782 -17.660677 1.990000
v 20.464407 -17.844427 1.326667
v 21.165543 -17.862768 1.990000
v 20.239370 -19.059301 0.663333
v 21.239294 -18.061432 1.990000
v 20.623383 -18.307730 1.326667
v 21.322859 -18.256170 1.990000
v 20.520426 -19.538973 0.663333
v 20.827698 -18.752901 1.326667
v 21.416025 -18.446503 1.990000
v 21.518564 -18.631952 1.990000
v 20.847845 -19.988277 0.663333
v 21.075323 -19.175518 1.326667
v 21.630220 -18.812061 1.990000
v 21.750715 -18.986383 1.990000
v 21.218372 -20.402748 0.663333
v 21.363796 -19.571379 1.326667
v 21.879747 -19.154478 1.990000
v 22.017000 -19.315935 1.990000
v 21.628328 -20.778267 0.663333
v 21.690252 -19.936548 1.326667
v 22.162130 -19.470348 1.990000
v 22.314775 -19.617336 1.990000
v 22.073637 -21.111101 0.663333
v 22.051445 -20.267401 1.326667
v 22.474558 -19.756535 1.990000
v 22.641081 -19.887592 1.990000
v 22.549873 -21.397945 0.663333
v 22.443785 -20.560644 1.326667
v 22.813929 -20.010189 1.990000
v 22.992674 -20.124016 1.990000
v 23.052299 -21.635944 0.663333
v 22.863371 -20.813368 1.326667
v 23.176870 -20.228790 1.990000
v 23.366058 -20.324257 1.990000
v 23.575930 -21.822735 0.663333
v 23.306036 -21.023058 1.326667
v 23.559771 -20.410172 1.990000
v 23.757526 -20.486324 1.990000
v 24.115553 -21.956461 0.663333
v 23.767382 -21.187630 1.326667
v 23.958832 -20.552526 1.990000
v 24.163187 -20.608610 1.990000
v 24.665813 -22.035793 0.663333
v 24.242819 -21.305450 1.326667
v 24.370083 -20.654438 1.990000
v 24.579004 -20.689898 1.990000
v 25.221235 -22.059942 0.663333
v 24.789436 -20.714899 1.990000
v 24.727625 -21.375345 1.326667
v 25.000853 -20.729380 1.990000
v 25.776302 -22.028669 0.663333
v 25.212727 -20.733303 1.990000
v 25.216982 -21.396624 1.326667
v 25.424532 -20.726662 1.990000
v 25.706024 -21.369070 1.326667
v 25.635746 -20.709471 1.990000
v 25.845839 -20.681772 1.990000
v 26.863363 -21.801649 0.663333
v 27.384552 -21.608158 0.663333
v 26.663782 -21.169054 1.326667
v 26.464199 -20.536457 1.990000
v 26.664639 -20.467678 1.990000
v 27.883888 -21.363733 0.663333
v 26.861401 -20.388996 1.990000
v 27.122978 -20.998577 1.326667
v 27.053995 -20.300602 1.990000
v 28.356403 -21.070807 0.663333
v 27.241943 -20.202719 1.990000
v 27.562918 -20.783226 1.326667
v 27.424782 -20.095589 1.990000
v 28.797407 -20.732286 0.663333
v 27.602051 -19.979479 1.990000
v 27.979227 -20.525143 1.326667
v 27.773314 -19.854675 1.990000
v 29.202511 -20.351542 0.663333
v 27.938141 -19.721491 1.990000
v 28.367773 -20.226889 1.326667
v 28.096125 -19.580257 1.990000
v 29.567694 -19.932350 0.663333
v 28.724691 -19.891432 1.326667
v 28.246872 -19.431324 1.990000
v 28.390009 -19.275061 1.990000
v 29.889322 -19.478882 0.663333
v 29.046436 -19.522104 1.326667
v 28.525181 -19.111856 1.990000
v 28.652046 -18.942120 1.990000
v 30.164204 -18.995644 0.663333
v 29.329807 -19.122576 1.326667
v 28.770294 -18.766268 1.990000
v 28.879629 -18.584742 1.990000
v 30.389601 -18.487438 0.663333
v 29.571993 -18.696819 1.326667
v 28.979780 -18.397991 1.990000
v 29.070501 -18.206478 1.990000
v 30.563280 -17.959316 0.663333
v 29.770580 -18.249062 1.326667
v 29.151560 -18.010683 1.990000
v 29.222757 -17.811092 1.990000
v 30.683510 -17.416525 0.663333
v 29.923599 -17.783758 1.326667
v 29.283918 -17.608200 1.990000
v 29.334892 -17.402512 1.990000
v 30.749102 -16.864462 0.663333
v 30.029530 -17.305531 1.326667
v 29.375549 -17.194536 1.990000
v 29.405787 -16.984793 1.990000
v 30.759396 -16.308609 0.663333
v 30.087317 -16.819132 1.326667
v 29.425535 -16.773806 1.990000
v 29.434740 -16.562094 1.990000
v 30.714296 -15.754492 0.663333
v 30.096388 -16.329399 1.326667
v 29.433380 -16.350189 1.990000
v 29.421461 -16.138613 1.990000
v 30.614244 -15.207622 0.663333
v 30.056652 -15.841194 1.326667
v 29.399010 -15.927895 1.990000
v 29.366081 -15.718557 1.990000
v 30.460243 -14.673429 0.663333
v 29.968504 -15.359371 1.326667
v 29.322762 -15.511123 1.990000
v 29.269156 -15.306103 1.990000
v 30.253819 -14.157226 0.663333
v 29.832821 -14.888720 1.326667
v 29.205397 -15.104012 1.990000
v 29.131643 -14.905350 1.990000
v 29.997021 -13.664140 0.663333
v 29.650948 -14.433917 1.326667
v 29.048079 -14.710610 1.990000
v 28.954910 -14.520280 1.990000
v 29.692406 -13.199074 0.663333
v 29.424696 -13.999485 1.326667
v 28.852371 -14.334828 1.990000
v 28.740717 -14.154718 1.990000
v 29.342997 -12.766648 0.663333
v 29.156313 -13.589736 1.326667
v 28.620222 -13.980399 1.990000
v 28.491188 -13.812303 1.990000
v 28.952269 -12.371161 0.663333
v 28.848467 -13.208747 1.326667
v 28.353937 -13.650846 1.990000
v 28.208809 -13.496431 1.990000
v 28.524105 -12.016543 0.663333
v 28.504215 -12.860303 1.326667
v 28.056162 -13.349443 1.990000
v 27.896378 -13.210248 1.990000
v 28.062759 -11.706320 0.663333
v 28.126980 -12.547867 1.326667
v 27.729856 -13.079188 1.990000
v 27.557007 -12.956594 1.990000
v 27.572821 -11.443572 0.663333
v 27.720512 -12.274543 1.326667
v 27.378263 -12.842766 1.990000
v 27.194069 -12.737989 1.990000
v 27.059151 -11.230912 0.663333
v 27.288849 -12.043049 1.326667
v 27.004877 -12.642525 1.990000
v 26.811165 -12.556610 1.990000
v 26.526863 -11.070456 0.663333
v 26.836283 -11.855684 1.326667
v 26.613411 -12.480457 1.990000
v 26.412106 -12.414254 1.990000
v 25.981243 -10.963794 0.663333
v 26.367308 -11.714313 1.326667
v 26.207750 -12.358171 1.990000
v 26.000854 -12.312342 1.990000
v 25.427715 -10.911988 0.663333
v 25.886587 -11.620338 1.326667
v 25.791931 -12.276883 1.990000
v 25.581501 -12.251884 1.990000
v 24.871777 -10.915554 0.663333
v 25.398899 -11.574696 1.326667
v 25.370087 -12.237401 1.990000
v 25.158211 -12.233479 1.990000
v 24.318960 -10.974455 0.663333
v 24.909092 -11.577837 1.326667
v 24.946404 -12.240120 1.990000
v 24.735191 -12.257310 1.990000
v 23.774752 -11.088107 0.663333
v 24.422029 -11.629731 1.326667
v 24.525099 -12.285009 1.990000
v 24.316648 -12.323145 1.990000
v 23.244566 -11.255379 0.663333
v 23.942554 -11.729864 1.326667
v 24.110357 -12.371624 1.990000
v 23.906738 -12.430324 1.990000
v 22.733669 -11.474609 0.663333
v 23.475433 -11.877240 1.326667
v 23.706299 -12.499102 1.990000
v 23.509539 -12.577785 1.990000
v 22.247139 -11.743620 0.663333
v 23.025305 -12.070394 1.326667
v 23.316942 -12.666178 1.990000
v 23.128992 -12.764063 1.990000
v 21.789810 -12.059737 0.663333
v 22.946156 -12.871192 1.990000
v 22.596647 -12.307406 1.326667
v 22.768887 -12.987303 1.990000
v 21.366230 -12.419815 0.663333
v 22.597626 -13.112104 1.990000
v 22.193718 -12.585919 1.326667
v 22.432796 -13.245289 1.990000
v 20.980608 -12.820282 0.663333
v 22.274813 -13.386525 1.990000
v 21.820522 -12.903171 1.326667
v 22.124063 -13.535459 1.990000
v 21.980927 -13.691721 1.990000
v 21.480768 -13.256001 1.326667
v 21.845758 -13.854924 1.990000
v 21.718893 -14.024663 1.990000
v 26.054291 -20.643637 2.000000
v 26.260582 -20.595158 2.000000
v 26.464199 -20.536457 2.000000
v 26.664639 -20.467678 2.000000
v 26.861401 -20.388996 2.000000
v 27.053995 -20.300602 2.000000
v 27.241943 -20.202719 2.000000
v 27.424782 -20.095589 2.000000
v 27.602051 -19.979479 2.000000
v 27.773314 -19.854675 2.000000
v 27.938141 -19.721491 2.000000
v 28.096125 -19.580257 2.000000
v 28.246872 -19.431324 2.000000
v 28.390009 -19.275061 2.000000
v 28.525181 -19.111856 2.000000
v 28.652046 -18.942120 2.000000
v 28.770294 -18.766268 2.000000
v 28.879629 -18.584742 2.000000
v 28.979780 -18.397991 2.000000
v 29.070501 -18.206478 2.000000
v 29.151560 -18.010683 2.000000
v 29.222757 -17.811092 2.000000
v 29.283918 -17.608200 2.000000
v 29.334892 -17.402512 2.000000
v 29.375549 -17.194536 2.000000
v 29.405787 -16.984793 2.000000
v 29.425535 -16.773806 2.000000
v 29.434740 -16.562094 2.000000
v 29.433380 -16.350189 2.000000
v 29.421461 -16.138613 2.000000
v 29.399010 -15.927895 2.000000
v 29.366081 -15.718557 2.000000
v 29.322762 -15.511123 2.000000
v 29.269156 -15.306103 2.000000
v 29.205397 -15.104012 2.000000
v 29.131643 -14.905350 2.000000
v 29.048079 -14.710610 2.000000
v 28.954910 -14.520280 2.000000
v 28.852371 -14.334828 2.000000
v 28.740717 -14.154718 2.000000
v 28.620222 -13.980399 2.000000
v 28.491188 -13.812303 2.000000
v 28.353937 -13.650846 2.000000
v 28.208809 -13.496431 2.000000
v 28.056162 -13.349443 2.000000
v 27.896378 -13.210248 2.000000
v 27.729856 -13.079188 2.000000
v 27.557007 -12.956594 2.000000
v 27.378263 -12.842766 2.000000
v 27.194069 -12.737989 2.000000
v 27.004877 -12.642525 2.000000
v 26.811165 -12.556610 2.000000
v 26.613411 -12.480457 2.000000
v 26.412106 -12.414254 2.000000
v 26.207750 -12.358171 2.000000
v 26.000854 -12.312342 2.000000
v 25.791931 -12.276883 2.000000
v 25.581501 -12.251884 2.000000
v 25.370087 -12.237401 2.000000
v 25.158211 -12.233479 2.000000
v 24.946404 -12.240120 2.000000
v 24.735191 -12.257310 2.000000
v 24.525099 -12.285009 2.000000
v 24.316648 -12.323145 2.000000
v 24.110357 -12.371624 2.000000
v 23.906738 -12.430324 2.000000
v 23.706299 -12.499102 2.000000
v 23.509539 -12.577785 2.000000
v 23.316942 -12.666178 2.000000
v 23.128992 -12.764063 2.000000
v 22.946156 -12.871192 2.000000
v 22.768887 -12.987303 2.000000
v 22.597626 -13.112104 2.000000
v 22.432796 -13.245289 2.000000
v 22.274813 -13.386525 2.000000
v 22.124063 -13.535459 2.000000
v 21.980927 -13.691721 2.000000
v 21.845758 -13.854924 2.000000
v 21.718893 -14.024663 2.000000
v 21.600643 -14.200514 2.000000
v 21.491306 -14.382039 2.000000
v 21.391155 -14.568791 2.000000
v 21.300438 -14.760302 2.000000
v 21.219378 -14.956097 2.000000
v 21.148178 -15.155689 2.000000
v 21.087017 -15.358581 2.000000
v 21.036045 -15.564270 2.000000
v 20.995390 -15.772244 2.000000
v 20.965149 -15.981987 2.000000
v 20.945402 -16.192976 2.000000
v 20.936197 -16.404686 2.000000
v 20.937555 -16.616594 2.000000
v 20.949478 -16.828169 2.000000
v 20.971928 -17.038887 2.000000
v 21.004854 -17.248224 2.000000
v 21.048176 -17.455660 2.000000
v 21.101782 -17.660677 2.000000
v 21.165543 -17.862768 2.000000
v 21.239294 -18.061432 2.000000
v 21.322859 -18.256170 2.000000
v 21.416025 -18.446503 2.000000
v 21.518564 -18.631952 2.000000
v 21.630220 -18.812061 2.000000
v 21.750715 -18.986383 2.000000
v 21.879747 -19.154478 2.000000
v 22.017000 -19.315935 2.000000
v 22.162130 -19.470348 2.000000
v 22.314775 -19.617336 2.000000
v 22.474558 -19.756535 2.000000
v 22.641081 -19.887592 2.000000
v 22.813929 -20.010189 2.000000
v 22.992674 -20.124016 2.000000
v 23.176870 -20.228790 2.000000
v 23.366058 -20.324257 2.000000
v 23.559771 -20.410172 2.000000
v 23.757526 -20.486324 2.000000
v 23.958832 -20.552526 2.000000
v 24.163187 -20.608610 2.000000
v 24.370083 -20.654438 2.000000
v 24.579004 -20.689898 2.000000
v 24.789436 -20.714899 2.000000
v 25.000853 -20.729380 2.000000
v 25.212727 -20.733303 2.000000
v 25.424532 -20.726662 2.000000
v 25.635746 -20.709471 2.000000
v 25.845839 -20.681772 2.000000
v -13.726089 -20.338150 0.663333
v -14.222428 -20.087698 0.663333
v -13.640908 -21.177834 1.326667
v -14.054065 -20.914728 1.326667
v -13.257154 -20.636776 0.663333
v -14.382039 -21.491306 1.990000
v -14.200514 -21.600643 1.990000
v -14.568791 -21.391155 1.990000
v -14.741237 -19.887913 0.663333
v -21.942286 -26.325499 0.663333
v -14.760302 -21.300438 1.990000
v -14.491365 -20.694069 1.326667
v -14.956097 -21.219378 1.990000
v -15.277361 -19.740774 0.663333
v -14.948463 -20.518045 1.326667
v -15.155689 -21.148178 1.990000
v -15.358581 -21.087017 1.990000
v -15.825470 -19.647749 0.663333
v -15.564270 -21.036045 1.990000
v -15.420815 -20.388409 1.326667
v -15.772244 -20.995390 1.990000
v -20.643637 -26.054291 1.990000
v -20.595158 -26.260582 1.990000
v -21.292961 -26.189894 1.326667
v -16.380119 -19.609758 0.663333
v -15.903729 -20.306448 1.326667
v -15.981987 -20.965149 1.990000
v -16.192976 -20.945402 1.990000
v -16.935793 -19.627182 0.663333
v -16.404686 -20.936197 1.990000
v -16.392403 -20.272978 1.326667
v -16.616594 -20.937555 1.990000
v -17.486973 -19.699848 0.663333
v -16.828169 -20.949478 1.990000
v -16.881981 -20.288330 1.326667
v -17.038887 -20.971928 1.990000
v -18.028175 -19.827032 0.663333
v -17.248224 -21.004854 1.990000
v -17.367598 -20.352352 1.326667
v -17.455660 -21.048176 1.990000
v -18.554029 -20.007469 0.663333
v -17.660677 -21.101782 1.990000
v -17.844427 -20.464407 1.326667
v -17.862768 -21.165543 1.990000
v -19.059301 -20.239370 0.663333
v -18.061432 -21.239294 1.990000
v -18.307730 -20.623383 1.326667
v -18.256170 -21.322859 1.990000
v -19.538973 -20.520426 0.663333
v -18.752901 -20.827698 1.326667
v -18.446503 -21.416025 1.990000
v -18.631952 -21.518564 1.990000
v -19.988277 -20.847845 0.663333
v -19.175518 -21.075323 1.326667
v -18.812061 -21.630220 1.990000
v -18.986383 -21.750715 1.990000
v -20.402748 -21.218372 0.663333
v -19.571379 -21.363796 1.326667
v -19.154478 -21.879747 1.990000
v -19.315935 -22.017000 1.990000
v -20.778267 -21.628328 0.663333
v -19.936548 -21.690252 1.326667
v -19.470348 -22.162130 1.990000
v -19.617336 -22.314775 1.990000
v -21.111101 -22.073637 0.663333
v -20.267401 -22.051445 1.326667
v -19.756535 -22.474558 1.990000
v -19.887592 -22.641081 1.990000
v -21.397945 -22.549873 0.663333
v -20.560644 -22.443785 1.326667
v -20.010189 -22.813929 1.990000
v -20.124016 -22.992674 1.990000
v -21.635944 -23.052299 0.663333
v -20.813368 -22.863371 1.326667
v -20.228790 -23.176870 1.990000
v -20.324257 -23.366058 1.990000
v -21.822735 -23.575930 0.663333
v -21.023058 -23.306036 1.326667
v -20.410172 -23.559771 1.990000
v -20.486324 -23.757526 1.990000
v -21.956461 -24.115553 0.663333
v -21.187630 -23.767382 1.326667
v -20.552526 -23.958832 1.990000
v -20.608610 -24.163187 1.990000
v -22.035793 -24.665813 0.663333
v -21.305450 -24.242819 1.326667
v -20.654438 -24.370083 1.990000
v -20.689898 -24.579004 1.990000
v -22.059942 -25.221235 0.663333
v -21.375345 -24.727625 1.326667
v -20.714899 -24.789436 1.990000
v -20.729380 -25.000853 1.990000
v -22.028669 -25.776302 0.663333
v -20.733303 -25.212727 1.990000
v -21.396624 -25.216982 1.326667
v -20.726662 -25.424532 1.990000
v -21.369070 -25.706024 1.326667
v -20.709471 -25.635746 1.990000
v -20.681772 -25.845839 1.990000
v -21.801649 -26.863363 0.663333
v -21.608158 -27.384552 0.663333
v -21.169054 -26.663782 1.326667
v -20.536457 -26.464199 1.990000
v -20.467678 -26.664639 1.990000
v -21.363733 -27.883888 0.663333
v -20.388996 -26.861401 1.990000
v -20.998577 -27.122978 1.326667
v -20.300602 -27.053995 1.990000
v -21.070807 -28.356403 0.663333
v -20.202719 -27.241943 1.990000
v -20.783226 -27.562918 1.326667
v -20.095589 -27.424782 1.990000
v -20.732286 -28.797407 0.663333
v -19.979479 -27.602051 1.990000
v -20.525143 -27.979227 1.326667
v -19.854675 -27.773314 1.990000
v -20.351542 -29.202511 0.663333
v -19.721491 -27.938141 1.990000
v -20.226889 -28.367773 1.326667
v -19.580257 -28.096125 1.990000
v -19.932350 -29.567694 0.663333
v -19.891432 -28.724691 1.326667
v -19.431324 -28.246872 1.990000
v -19.275061 -28.390009 1.990000
v -19.478882 -29.889322 0.663333
v -19.522104 -29.046436 1.326667
v -19.111856 -28.525181 1.990000
v -18.942120 -28.652046 1.990000
v -18.995644 -30.164204 0.663333
v -18.766268 -28.770294 1.990000
v -19.122576 -29.329807 1.326667
v -18.584742 -28.879629 1.990000
v -18.487438 -30.389601 0.663333
v -18.696819 -29.571993 1.326667
v -18.397991 -28.979780 1.990000
v -18.206478 -29.070501 1.990000
v -17.959316 -30.563280 0.663333
v -18.249062 -29.770580 1.326667
v -18.010683 -29.151560 1.990000
v -17.811092 -29.222757 1.990000
v -17.416525 -30.683510 0.663333
v -17.608200 -29.283918 1.990000
v -17.783758 -29.923599 1.326667
v -17.402512 -29.334892 1.990000
v -16.864462 -30.749102 0.663333
v -17.305531 -30.029530 1.326667
v -17.194536 -29.375549 1.990000
v -16.984793 -29.405787 1.990000
v -16.308609 -30.759396 0.663333
v -16.819132 -30.087317 1.326667
v -16.773806 -29.425535 1.990000
v -16.562094 -29.434740 1.990000
v -15.754492 -30.714296 0.663333
v -16.329399 -30.096388 1.326667
v -16.350189 -29.433380 1.990000
v -16.138613 -29.421461 1.990000
v -15.207622 -30.614244 0.663333
v -15.841194 -30.056652 1.326667
v -15.927895 -29.399010 1.990000
v -15.718557 -29.366081 1.990000
v -14.673429 -30.460243 0.663333
v -15.359371 -29.968504 1.326667
v -15.511123 -29.322762 1.990000
v -15.306103 -29.269156 1.990000
v -14.157226 -30.253819 0.663333
v -14.888720 -29.832821 1.326667
v -15.104012 -29.205397 1.990000
v -14.905350 -29.131643 1.990000
v -13.664140 -29.997021 0.663333
v -14.433917 -29.650948 1.326667
v -14.710610 -29.048079 1.990000
v -14.520280 -28.954910 1.990000
v -13.199074 -29.692406 0.663333
v -14.334828 -28.852371 1.990000
v -13.999485 -29.424696 1.326667
v -14.154718 -28.740717 1.990000
v -12.766648 -29.342997 0.663333
v -13.589736 -29.156313 1.326667
v -13.980399 -28.620222 1.990000
v -13.812303 -28.491188 1.990000
v -12.371161 -28.952269 0.663333
v -13.208747 -28.848467 1.326667
v -13.650846 -28.353937 1.990000
v -13.496431 -28.208809 1.990000
v -12.016543 -28.524105 0.663333
v -12.860303 -28.504215 1.326667
v -13.349443 -28.056162 1.990000
v -13.210248 -27.896378 1.990000
v -11.706320 -28.062759 0.663333
v -12.547867 -28.126980 1.326667
v -13.079188 -27.729856 1.990000
v -12.956594 -27.557007 1.990000
v -11.443572 -27.572821 0.663333
v -12.274543 -27.720512 1.326667
v -12.842766 -27.378263 1.990000
v -12.737989 -27.194069 1.990000
v -11.230912 -27.059151 0.663333
v -12.043049 -27.288849 1.326667
v -12.642525 -27.004877 1.990000
v -12.556610 -26.811165 1.990000
v -11.070456 -26.526863 0.663333
v -11.855684 -26.836283 1.326667
v -12.480457 -26.613411 1.990000
v -12.414254 -26.412106 1.990000
v -10.963794 -25.981243 0.663333
v -11.714313 -26.367308 1.326667
v -12.358171 -26.207750 1.990000
v -12.312342 -26.000854 1.990000
v -10.911988 -25.427715 0.663333
v -11.620338 -25.886587 1.326667
v -12.276883 -25.791931 1.990000
v -12.251884 -25.581501 1.990000
v -10.915554 -24.871777 0.663333
v -11.574696 -25.398899 1.326667
v -12.237401 -25.370087 1.990000
v -12.233479 -25.158211 1.990000
v -10.974455 -24.318960 0.663333
v -11.577837 -24.909092 1.326667
v -12.240120 -24.946404 1.990000
v -12.257310 -24.735191 1.990000
v -11.088107 -23.774752 0.663333
v -11.629731 -24.422029 1.326667
v -12.285009 -24.525099 1.990000
v -12.323145 -24.316648 1.990000
v -11.255379 -23.244566 0.663333
v -11.729864 -23.942554 1.326667
v -12.371624 -24.110357 1.990000
v -12.430324 -23.906738 1.990000
v -11.474609 -22.733669 0.663333
v -11.877240 -23.475433 1.326667
v -12.499102 -23.706299 1.990000
v -12.577785 -23.509539 1.990000
v -11.743620 -22.247139 0.663333
v -12.070394 -23.025305 1.326667
v -12.666178 -23.316942 1.990000
v -12.764063 -23.128992 1.990000
v -12.059737 -21.789810 0.663333
v -12.871192 -22.946156 1.990000
v -12.307406 -22.596647 1.326667
v -12.987303 -22.768887 1.990000
v -12.419815 -21.366230 0.663333
v -13.112104 -22.597626 1.990000
v -12.585919 -22.193718 1.326667
v -13.245289 -22.432796 1.990000
v -12.820282 -20.980608 0.663333
v -13.386525 -22.274813 1.990000
v -12.903171 -21.820522 1.326667
v -13.535459 -22.124063 1.990000
v -13.691721 -21.980927 1.990000
v -13.256001 -21.480768 1.326667
v -13.854924 -21.845758 1.990000
v -14.024663 -21.718893 1.990000
v -20.643637 -26.054291 2.000000
v -20.595158 -26.260582 2.000000
v -20.536457 -26.464199 2.000000
v -20.467678 -26.664639 2.000000
v -20.388996 -26.861401 2.000000
v -20.300602 -27.053995 2.000000
v -20.202719 -27.241943 2.000000
v -20.095589 -27.424782 2.000000
v -19.979479 -27.602051 2.000000
v -19.854675 -27.773314 2.000000
v -19.721491 -27.938141 2.000000
v -19.580257 -28.096125 2.000000
v -19.431324 -28.246872 2.000000
v -19.275061 -28.390009 2.000000
v -19.111856 -28.525181 2.000000
v -18.942120 -28.652046 2.000000
v -18.766268 -28.770294 2.000000
v -18.584742 -28.879629 2.000000
v -18.397991 -28.979780 2.000000
v -18.206478 -29.070501 2.000000
v -18.010683 -29.151560 2.000000
v -17.811092 -29.222757 2.000000
v -17.608200 -29.283918 2.000000
v -17.402512 -29.334892 2.000000
v -17.194536 -29.375549 2.000000
v -16.984793 -29.405787 2.000000
v -16.773806 -29.425535 2.000000
v -16.562094 -29.434740 2.000000
v -16.350189 -29.433380 2.000000
v -16.138613 -29.421461 2.000000
v -15.927895 -29.399010 2.000000
v -15.718557 -29.366081 2.000000
v -15.511123 -29.322762 2.000000
v -15.306103 -29.269156 2.000000
v -15.104012 -29.205397 2.000000
v -14.905350 -29.131643 2.000000
v -14.710610 -29.048079 2.000000
v -14.520280 -28.954910 2.000000
v -14.334828 -28.852371 2.000000
v -14.154718 -28.740717 2.000000
v -13.980399 -28.620222 2.000000
v -13.812303 -28.491188 2.000000
v -13.650846 -28.353937 2.000000
v -13.496431 -28.208809 2.000000
v -13.349443 -28.056162 2.000000
v -13.210248 -27.896378 2.000000
v -13.079188 -27.729856 2.000000
v -12.956594 -27.557007 2.000000
v -12.842766 -27.378263 2.000000
v -12.737989 -27.194069 2.000000
v -12.642525 -27.004877 2.000000
v -12.556610 -26.811165 2.000000
v -12.480457 -26.613411 2.000000
v -12.414254 -26.412106 2.000000
v -12.358171 -26.207750 2.000000
v -12.312342 -26.000854 2.000000
v -12.276883 -25.791931 2.000000
v -12.251884 -25.581501 2.000000
v -12.237401 -25.370087 2.000000
v -12.233479 -25.158211 2.000000
v -12.240120 -24.946404 2.000000
v -12.257310 -24.735191 2.000000
v -12.285009 -24.525099 2.000000
v -12.323145 -24.316648 2.000000
v -12.371624 -24.110357 2.000000
v -12.430324 -23.906738 2.000000
v -12.499102 -23.706299 2.000000
v -12.577785 -23.509539 2.000000
v -12.666178 -23.316942 2.000000
v -12.764063 -23.128992 2.000000
v -12.871192 -22.946156 2.000000
v -12.987303 -22.768887 2.000000
v -13.112104 -22.597626 2.000000
v -13.245289 -22.432796 2.000000
v -13.386525 -22.274813 2.000000
v -13.535459 -22.124063 2.000000
v -13.691721 -21.980927 2.000000
v -13.854924 -21.845758 2.000000
v -14.024663 -21.718893 2.000000
v -14.200514 -21.600643 2.000000
v -14.382039 -21.491306 2.000000
v -14.568791 -21.391155 2.000000
v -14.760302 -21.300438 2.000000
v -14.956097 -21.219378 2.000000
v -15.155689 -21.148178 2.000000
v -15.358581 -21.087017 2.000000
v -15.564270 -21.036045 2.000000
v -15.772244 -20.995390 2.000000
v -15.981987 -20.965149 2.000000
v -16.192976 -20.945402 2.000000
v -16.404686 -20.936197 2.000000
v -16.616594 -20.937555 2.000000
v -16.828169 -20.949478 2.000000
v -17.038887 -20.971928 2.000000
v -17.248224 -21.004854 2.000000
v -17.455660 -21.048176 2.000000
v -17.660677 -21.101782 2.000000
v -17.862768 -21.165543 2.000000
v -18.061432 -21.239294 2.000000
v -18.256170 -21.322859 2.000000
v -18.446503 -21.416025 2.000000
v -18.631952 -21.518564 2.000000
v -18.812061 -21.630220 2.000000
v -18.986383 -21.750715 2.000000
v -19.154478 -21.879747 2.000000
v -19.315935 -22.017000 2.000000
v -19.470348 -22.162130 2.000000
v -19.617336 -22.314775 2.000000
v -19.756535 -22.474558 2.000000
v -19.887592 -22.641081 2.000000
v -20.010189 -22.813929 2.000000
v -20.124016 -22.992674 2.000000
v -20.228790 -23.176870 2.000000
v -20.324257 -23.366058 2.000000
v -20.410172 -23.559771 2.000000
v -20.486324 -23.757526 2.000000
v -20.552526 -23.958832 2.000000
v -20.608610 -24.163187 2.000000
v -20.654438 -24.370083 2.000000
v -20.689898 -24.579004 2.000000
v -20.714899 -24.789436 2.000000
v -20.729380 -25.000853 2.000000
v -20.733303 -25.212727 2.000000
v -20.726662 -25.424532 2.000000
v -20.709471 -25.635746 2.000000
v -20.681772 -25.845839 2.000000
vn -0.296875 0.932583 0.205316
vn -0.295042 0.935168 0.195985
vn -0.263468 0.940730 0.213568
vn -0.221031 0.951385 0.214505
vn -0.248135 0.948985 0.194567
vn -0.178210 0.960328 0.214503
vn -0.200540 0.960266 0.194096
vn -0.135054 0.967548 0.213567
vn -0.152411 0.968977 0.194564
vn -0.103893 0.975088 0.195985
vn -0.096725 0.973931 0.205187
vn -0.968201 -0.177107 0.176690
vn -0.970180 -0.127835 0.205935
vn -0.975557 -0.079289 0.204943
vn -0.966698 -0.152825 0.205280
vn -0.956321 -0.174956 0.234183
vn -0.970366 -0.127931 0.204997
vn -0.975338 -0.079384 0.205948
vn -0.966698 -0.152824 0.205280
vn -0.979907 -0.057507 0.190983
vn -0.977996 -0.030508 0.206383
vn -0.978716 0.018331 0.204398
vn -0.978372 -0.030678 0.204565
vn -0.978286 0.018120 0.206466
vn -0.977022 -0.057337 0.205280
vn -0.973790 -0.057147 0.220155
vn -0.977023 -0.057338 0.205279
vn -0.980813 0.038818 0.191048
vn -0.976080 0.067106 0.206797
vn -0.972136 0.115794 0.203820
vn -0.976649 0.066893 0.204162
vn -0.971505 0.115422 0.207015
vn -0.974716 0.038576 0.220093
vn -0.977938 0.038704 0.205279
vn -0.977938 0.038704 0.205280
vn -0.964453 0.164034 0.207177
vn -0.955881 0.212129 0.203207
vn -0.972266 0.134766 0.191146
vn -0.969434 0.134374 0.205281
vn -0.966261 0.133932 0.220003
vn -0.965212 0.163816 0.203790
vn -0.955066 0.211553 0.207593
vn -0.969435 0.134372 0.205280
vn -0.943234 0.259313 0.207524
vn -0.930108 0.306379 0.202561
vn -0.954350 0.229409 0.191276
vn -0.951596 0.228747 0.205281
vn -0.948507 0.228005 0.219884
vn -0.944173 0.259126 0.203448
vn -0.929134 0.305553 0.208202
vn -0.951596 0.228747 0.205281
vn -0.924593 0.320918 0.205281
vn -0.912631 0.352003 0.207840
vn -0.895072 0.397603 0.201885
vn -0.927239 0.321836 0.191439
vn -0.924593 0.320919 0.205280
vn -0.913740 0.351873 0.203136
vn -0.893969 0.396491 0.208839
vn -0.921622 0.319888 0.219736
vn -0.872953 0.441178 0.208123
vn -0.851118 0.484898 0.201173
vn -0.891194 0.411157 0.191634
vn -0.888685 0.409999 0.205281
vn -0.874217 0.441129 0.202853
vn -0.849924 0.483463 0.209506
vn -0.888685 0.409998 0.205280
vn -0.885867 0.408698 0.219556
vn -0.824595 0.525950 0.208372
vn -0.798679 0.567397 0.200428
vn -0.846564 0.496506 0.191862
vn -0.844219 0.495131 0.205281
vn -0.825996 0.526007 0.202600
vn -0.797441 0.565599 0.210203
vn -0.841583 0.493585 0.219345
vn -0.844219 0.495131 0.205281
vn -0.768037 0.605483 0.208589
vn -0.738276 0.644273 0.199651
vn -0.793780 0.577063 0.192123
vn -0.789194 0.573730 0.219107
vn -0.791622 0.575495 0.205281
vn -0.769554 0.605665 0.202377
vn -0.737045 0.642085 0.210929
vn -0.791622 0.575495 0.205280
vn -0.703844 0.678983 0.208773
vn -0.670506 0.714761 0.198840
vn -0.733353 0.652050 0.192417
vn -0.729203 0.648362 0.218838
vn -0.731402 0.650316 0.205280
vn -0.705454 0.679305 0.202184
vn -0.669340 0.712161 0.211684
vn -0.731402 0.650316 0.205279
vn -0.632649 0.745725 0.208923
vn -0.596039 0.778162 0.197995
vn -0.665866 0.720745 0.192741
vn -0.634332 0.746197 0.202020
vn -0.595003 0.775132 0.212467
vn -0.664138 0.718875 0.205281
vn -0.664139 0.718874 0.205279
vn -0.662188 0.716762 0.218539
vn -0.591972 0.782485 0.193099
vn -0.555166 0.805042 0.209042
vn -0.515612 0.833840 0.197118
vn -0.590478 0.780510 0.205281
vn -0.556899 0.805671 0.201886
vn -0.514773 0.830373 0.213280
vn -0.588788 0.778276 0.218209
vn -0.590478 0.780510 0.205281
vn -0.472165 0.856344 0.209129
vn -0.430025 0.881238 0.196208
vn -0.512385 0.836674 0.193491
vn -0.509710 0.832308 0.217849
vn -0.511132 0.834628 0.205279
vn -0.511131 0.834629 0.205281
vn -0.473924 0.857135 0.201781
vn -0.429457 0.877336 0.214122
vn -0.384465 0.899127 0.209181
vn -0.357626 0.912025 0.200783
vn -0.347344 0.917771 0.192481
vn -0.340894 0.922640 0.180351
vn -0.427872 0.882793 0.193913
vn -0.341997 0.920890 0.187081
vn -0.426862 0.880710 0.205279
vn -0.426862 0.880709 0.205279
vn -0.335045 0.919785 0.204304
vn -0.335044 0.919789 0.204290
vn -0.386231 0.900077 0.201708
vn -0.339901 0.915557 0.214995
vn -0.319476 0.918498 0.233016
vn -0.335377 0.919454 0.205246
vn -0.425713 0.878339 0.217461
vn -0.101662 0.974018 0.202371
vn -0.108921 0.972588 0.205446
vn -0.007520 0.977848 0.209182
vn -0.060354 0.977048 0.204290
vn -0.037277 0.978926 0.200784
vn -0.049001 0.980077 0.192480
vn -0.056861 0.981957 0.180351
vn -0.060888 0.984508 0.164429
vn -0.056987 0.971063 0.231926
vn -0.060940 0.976812 0.205242
vn -0.054935 0.975069 0.214994
vn -0.006283 0.979426 0.201707
vn -0.057188 0.974486 0.217041
vn 0.041390 0.979689 0.196207
vn 0.038796 0.980251 0.193914
vn 0.089971 0.973740 0.209129
vn 0.038704 0.977938 0.205279
vn 0.042432 0.975885 0.214122
vn 0.091267 0.975169 0.201781
vn 0.038600 0.975306 0.217461
vn 0.038704 0.977938 0.205280
vn 0.138796 0.970505 0.197118
vn 0.186569 0.959945 0.209042
vn 0.134703 0.971811 0.193490
vn 0.134372 0.969435 0.205280
vn 0.134374 0.969434 0.205281
vn 0.133999 0.966740 0.217849
vn 0.139413 0.966993 0.213280
vn 0.187905 0.961215 0.201885
vn 0.234783 0.951669 0.197996
vn 0.281315 0.936596 0.208924
vn 0.229326 0.954003 0.193099
vn 0.228747 0.951596 0.205281
vn 0.235045 0.948478 0.212468
vn 0.282670 0.937702 0.202020
vn 0.228747 0.951596 0.205281
vn 0.228093 0.948872 0.218209
vn 0.328399 0.923372 0.198840
vn 0.373271 0.903926 0.208773
vn 0.321753 0.926998 0.192741
vn 0.319976 0.921876 0.218538
vn 0.320918 0.924593 0.205280
vn 0.328373 0.920522 0.211684
vn 0.374618 0.904866 0.202184
vn 0.320919 0.924592 0.205281
vn 0.411093 0.891055 0.192416
vn 0.418716 0.885899 0.199650
vn 0.461516 0.862261 0.208588
vn 0.408766 0.886014 0.218837
vn 0.409998 0.888685 0.205280
vn 0.409999 0.888685 0.205281
vn 0.418463 0.883401 0.210930
vn 0.462833 0.863035 0.202378
vn 0.504839 0.839622 0.200428
vn 0.545177 0.812011 0.208372
vn 0.496480 0.846520 0.192123
vn 0.493612 0.841629 0.219107
vn 0.495131 0.844219 0.205281
vn 0.504424 0.837479 0.210203
vn 0.546437 0.812625 0.202600
vn 0.495131 0.844219 0.205281
vn 0.585912 0.785007 0.201174
vn 0.623421 0.753678 0.208123
vn 0.577093 0.793821 0.191863
vn 0.573698 0.789150 0.219346
vn 0.575495 0.791622 0.205281
vn 0.575495 0.791622 0.205280
vn 0.585394 0.783212 0.209506
vn 0.624599 0.754139 0.202853
vn 0.661130 0.722600 0.201884
vn 0.695472 0.687838 0.207840
vn 0.652152 0.733467 0.191635
vn 0.650316 0.731402 0.205280
vn 0.648254 0.729083 0.219556
vn 0.650316 0.731402 0.205279
vn 0.660564 0.721139 0.208840
vn 0.696541 0.688161 0.203137
vn 0.729749 0.653020 0.202562
vn 0.760613 0.615143 0.207525
vn 0.720933 0.666039 0.191438
vn 0.718874 0.664139 0.205279
vn 0.718875 0.664138 0.205281
vn 0.716565 0.662005 0.219736
vn 0.729186 0.651875 0.208201
vn 0.761548 0.615348 0.203448
vn 0.791088 0.576964 0.203207
vn 0.818192 0.536320 0.207177
vn 0.780510 0.590478 0.205281
vn 0.782769 0.592187 0.191276
vn 0.777976 0.588561 0.219884
vn 0.790572 0.576109 0.207594
vn 0.780510 0.590478 0.205281
vn 0.818973 0.536425 0.203791
vn 0.834628 0.511132 0.205281
vn 0.844540 0.495186 0.203820
vn 0.867640 0.452146 0.206797
vn 0.837066 0.512625 0.191146
vn 0.831896 0.509457 0.220005
vn 0.844111 0.494592 0.207016
vn 0.868247 0.452178 0.204163
vn 0.834629 0.511131 0.205279
vn 0.889577 0.408502 0.204399
vn 0.908462 0.363459 0.206383
vn 0.883299 0.428117 0.191048
vn 0.880709 0.426862 0.205279
vn 0.877808 0.425456 0.220094
vn 0.880710 0.426862 0.205279
vn 0.889267 0.408137 0.206466
vn 0.908876 0.363453 0.204564
vn 0.925751 0.317778 0.204943
vn 0.940253 0.271138 0.205935
vn 0.958159 0.225192 0.176690
vn 0.921020 0.339481 0.190983
vn 0.947063 0.246843 0.205280
vn 0.947063 0.246843 0.205280
vn 0.918308 0.338482 0.205279
vn 0.915270 0.337362 0.220155
vn 0.918308 0.338482 0.205280
vn 0.925588 0.317603 0.205948
vn 0.940461 0.271125 0.204997
vn 0.946411 0.222408 0.234183
vn -0.692174 -0.144553 0.707107
vn -0.692174 -0.144553 0.707107
vn -0.692173 -0.144553 0.707107
vn -0.692174 -0.144553 0.707107
vn -0.692174 -0.144553 0.707107
vn 0.144553 -0.692174 0.707107
vn 0.144553 -0.692174 0.707107
vn 0.692174 0.144553 0.707107
vn 0.692174 0.144553 0.707107
vn 0.692173 0.144553 0.707107
vn 0.692174 0.144553 0.707107
vn 0.692174 0.144553 0.707106
vn 0.144553 -0.692174 0.707107
vn 0.144553 -0.692174 0.707107
vn 0.101176 -0.973452 0.205316
vn 0.103893 -0.975088 0.195985
vn 0.135054 -0.967548 0.213567
vn 0.178210 -0.960328 0.214503
vn 0.152411 -0.968977 0.194564
vn 0.221031 -0.951385 0.214505
vn 0.200540 -0.960266 0.194096
vn 0.263468 -0.940730 0.213568
vn 0.248135 -0.948985 0.194567
vn 0.295042 -0.935168 0.195985
vn 0.301149 -0.931240 0.205187
vn -0.958159 -0.225192 0.176690
vn -0.940253 -0.271138 0.205935
vn -0.925751 -0.317778 0.204943
vn -0.947063 -0.246843 0.205280
vn -0.946411 -0.222408 0.234183
vn -0.940461 -0.271125 0.204997
vn -0.925588 -0.317603 0.205948
vn -0.947063 -0.246843 0.205280
vn -0.921020 -0.339481 0.190983
vn -0.908462 -0.363459 0.206383
vn -0.889577 -0.408502 0.204399
vn -0.908876 -0.363453 0.204564
vn -0.889267 -0.408137 0.206466
vn -0.918308 -0.338482 0.205280
vn -0.915270 -0.337362 0.220155
vn -0.918309 -0.338482 0.205279
vn -0.883299 -0.428117 0.191048
vn -0.867640 -0.452146 0.206797
vn -0.844540 -0.495186 0.203820
vn -0.868247 -0.452178 0.204163
vn -0.844111 -0.494592 0.207016
vn -0.877808 -0.425456 0.220094
vn -0.880709 -0.426862 0.205279
vn -0.880710 -0.426862 0.205279
vn -0.818192 -0.536320 0.207177
vn -0.791088 -0.576964 0.203207
vn -0.834628 -0.511132 0.205279
vn -0.837066 -0.512625 0.191146
vn -0.831896 -0.509457 0.220005
vn -0.818973 -0.536425 0.203791
vn -0.790572 -0.576109 0.207594
vn -0.834629 -0.511131 0.205281
vn -0.760613 -0.615143 0.207525
vn -0.729749 -0.653020 0.202562
vn -0.780510 -0.590478 0.205281
vn -0.782769 -0.592187 0.191276
vn -0.777976 -0.588561 0.219884
vn -0.761548 -0.615348 0.203448
vn -0.729186 -0.651875 0.208201
vn -0.780510 -0.590478 0.205281
vn -0.695472 -0.687838 0.207840
vn -0.661130 -0.722600 0.201884
vn -0.720933 -0.666039 0.191438
vn -0.696541 -0.688161 0.203137
vn -0.660564 -0.721139 0.208840
vn -0.718875 -0.664138 0.205280
vn -0.716565 -0.662005 0.219736
vn -0.718874 -0.664138 0.205281
vn -0.623421 -0.753678 0.208123
vn -0.585912 -0.785007 0.201174
vn -0.652152 -0.733467 0.191635
vn -0.650316 -0.731402 0.205280
vn -0.624599 -0.754139 0.202853
vn -0.585394 -0.783212 0.209506
vn -0.650317 -0.731402 0.205279
vn -0.648254 -0.729083 0.219556
vn -0.545178 -0.812011 0.208372
vn -0.504839 -0.839622 0.200428
vn -0.577093 -0.793821 0.191863
vn -0.575495 -0.791622 0.205280
vn -0.546437 -0.812625 0.202600
vn -0.504424 -0.837479 0.210203
vn -0.573698 -0.789150 0.219346
vn -0.575495 -0.791622 0.205281
vn -0.461516 -0.862261 0.208588
vn -0.418716 -0.885899 0.199650
vn -0.496480 -0.846520 0.192123
vn -0.493612 -0.841629 0.219107
vn -0.495131 -0.844219 0.205281
vn -0.462833 -0.863035 0.202378
vn -0.418463 -0.883401 0.210930
vn -0.495130 -0.844219 0.205281
vn -0.373271 -0.903926 0.208773
vn -0.328399 -0.923372 0.198840
vn -0.411093 -0.891055 0.192416
vn -0.409998 -0.888685 0.205281
vn -0.409999 -0.888685 0.205280
vn -0.374618 -0.904866 0.202184
vn -0.328373 -0.920522 0.211684
vn -0.408766 -0.886014 0.218837
vn -0.281315 -0.936596 0.208924
vn -0.234783 -0.951669 0.197996
vn -0.321753 -0.926998 0.192741
vn -0.320918 -0.924593 0.205280
vn -0.282670 -0.937702 0.202020
vn -0.235045 -0.948478 0.212468
vn -0.320919 -0.924592 0.205281
vn -0.319976 -0.921876 0.218538
vn -0.186569 -0.959944 0.209042
vn -0.138796 -0.970505 0.197118
vn -0.228747 -0.951596 0.205281
vn -0.229326 -0.954003 0.193099
vn -0.187905 -0.961215 0.201885
vn -0.139413 -0.966993 0.213280
vn -0.228747 -0.951596 0.205281
vn -0.228093 -0.948872 0.218209
vn -0.089971 -0.973740 0.209129
vn -0.041390 -0.979689 0.196207
vn -0.134703 -0.971811 0.193490
vn -0.134374 -0.969435 0.205280
vn -0.134372 -0.969435 0.205281
vn -0.091267 -0.975169 0.201781
vn -0.042432 -0.975885 0.214122
vn -0.133999 -0.966740 0.217849
vn 0.007520 -0.977848 0.209182
vn 0.037277 -0.978926 0.200784
vn 0.049001 -0.980077 0.192480
vn 0.056861 -0.981957 0.180351
vn -0.038796 -0.980251 0.193914
vn 0.055150 -0.980795 0.187082
vn 0.061078 -0.977000 0.204304
vn 0.061080 -0.977003 0.204290
vn -0.038600 -0.975306 0.217461
vn -0.038704 -0.977938 0.205279
vn 0.006283 -0.979426 0.201707
vn 0.054935 -0.975069 0.214994
vn 0.060640 -0.976830 0.205245
vn -0.038704 -0.977938 0.205280
vn 0.074830 -0.969590 0.233016
vn 0.296657 -0.933296 0.202370
vn 0.289432 -0.934891 0.205446
vn 0.384465 -0.899127 0.209181
vn 0.335727 -0.919539 0.204290
vn 0.357626 -0.912025 0.200783
vn 0.347344 -0.917771 0.192481
vn 0.340894 -0.922640 0.180351
vn 0.338223 -0.926590 0.164426
vn 0.337603 -0.915924 0.217041
vn 0.336417 -0.912706 0.231928
vn 0.335096 -0.919558 0.205242
vn 0.339901 -0.915557 0.214995
vn 0.386231 -0.900077 0.201708
vn 0.430025 -0.881238 0.196208
vn 0.472165 -0.856344 0.209129
vn 0.427872 -0.882793 0.193913
vn 0.426862 -0.880709 0.205279
vn 0.426862 -0.880710 0.205279
vn 0.429457 -0.877336 0.214122
vn 0.473924 -0.857135 0.201781
vn 0.425713 -0.878339 0.217461
vn 0.515612 -0.833840 0.197118
vn 0.555166 -0.805042 0.209042
vn 0.512385 -0.836674 0.193491
vn 0.509710 -0.832308 0.217849
vn 0.511131 -0.834629 0.205279
vn 0.514773 -0.830373 0.213280
vn 0.556899 -0.805671 0.201886
vn 0.511132 -0.834628 0.205281
vn 0.596039 -0.778162 0.197995
vn 0.632649 -0.745725 0.208923
vn 0.591972 -0.782485 0.193099
vn 0.590478 -0.780510 0.205281
vn 0.588788 -0.778276 0.218209
vn 0.590478 -0.780510 0.205281
vn 0.595003 -0.775132 0.212467
vn 0.634332 -0.746197 0.202020
vn 0.670506 -0.714761 0.198840
vn 0.703844 -0.678983 0.208773
vn 0.665866 -0.720745 0.192741
vn 0.662188 -0.716762 0.218539
vn 0.664138 -0.718875 0.205280
vn 0.664138 -0.718874 0.205281
vn 0.669340 -0.712161 0.211684
vn 0.705454 -0.679305 0.202184
vn 0.738276 -0.644273 0.199651
vn 0.768037 -0.605483 0.208589
vn 0.733353 -0.652050 0.192417
vn 0.731402 -0.650316 0.205280
vn 0.729203 -0.648362 0.218838
vn 0.731402 -0.650317 0.205279
vn 0.737045 -0.642085 0.210929
vn 0.769554 -0.605665 0.202377
vn 0.798679 -0.567397 0.200428
vn 0.824595 -0.525950 0.208372
vn 0.793780 -0.577063 0.192123
vn 0.791622 -0.575495 0.205281
vn 0.791622 -0.575495 0.205280
vn 0.789194 -0.573730 0.219107
vn 0.797441 -0.565599 0.210203
vn 0.825996 -0.526007 0.202600
vn 0.851118 -0.484898 0.201173
vn 0.872953 -0.441178 0.208123
vn 0.846564 -0.496506 0.191862
vn 0.844219 -0.495131 0.205281
vn 0.841583 -0.493585 0.219345
vn 0.844219 -0.495131 0.205281
vn 0.849924 -0.483463 0.209506
vn 0.874217 -0.441129 0.202853
vn 0.895072 -0.397603 0.201884
vn 0.912631 -0.352003 0.207840
vn 0.891194 -0.411157 0.191634
vn 0.888685 -0.409998 0.205281
vn 0.885867 -0.408698 0.219556
vn 0.888685 -0.409999 0.205280
vn 0.893969 -0.396491 0.208839
vn 0.913740 -0.351873 0.203136
vn 0.930108 -0.306379 0.202561
vn 0.943234 -0.259313 0.207524
vn 0.924593 -0.320918 0.205280
vn 0.927239 -0.321836 0.191439
vn 0.924592 -0.320919 0.205281
vn 0.921622 -0.319888 0.219736
vn 0.929134 -0.305553 0.208202
vn 0.944173 -0.259126 0.203448
vn 0.955881 -0.212129 0.203207
vn 0.964453 -0.164034 0.207177
vn 0.954350 -0.229409 0.191276
vn 0.948507 -0.228005 0.219884
vn 0.951596 -0.228747 0.205281
vn 0.955066 -0.211553 0.207593
vn 0.951596 -0.228747 0.205281
vn 0.965212 -0.163816 0.203790
vn 0.969434 -0.134374 0.205281
vn 0.972136 -0.115794 0.203820
vn 0.976080 -0.067106 0.206797
vn 0.972266 -0.134766 0.191146
vn 0.966261 -0.133932 0.220003
vn 0.971505 -0.115422 0.207015
vn 0.976649 -0.066893 0.204162
vn 0.969435 -0.134372 0.205280
vn 0.978716 -0.018331 0.204398
vn 0.977996 0.030508 0.206383
vn 0.980813 -0.038818 0.191048
vn 0.977938 -0.038704 0.205280
vn 0.977938 -0.038704 0.205279
vn 0.974716 -0.038576 0.220093
vn 0.978286 -0.018120 0.206466
vn 0.978372 0.030678 0.204565
vn 0.977023 0.057338 0.205279
vn 0.975557 0.079289 0.204943
vn 0.970180 0.127835 0.205935
vn 0.968201 0.177107 0.176690
vn 0.966698 0.152825 0.205280
vn 0.979907 0.057507 0.190983
vn 0.977022 0.057337 0.205280
vn 0.973790 0.057147 0.220155
vn 0.966698 0.152824 0.205280
vn 0.975338 0.079384 0.205948
vn 0.970366 0.127931 0.204997
vn 0.956321 0.174956 0.234183
vn -0.978882 -0.204429 0.000000
vn -0.978882 -0.204429 -0.000000
vn -0.978881 -0.204429 0.000000
vn -0.978881 -0.204429 -0.000000
vn -0.763794 -0.139734 -0.630154
vn -0.763795 -0.139735 -0.630152
vn -0.769809 -0.101489 -0.630153
vn -0.769810 -0.101490 -0.630152
vn -0.773911 -0.062989 -0.630154
vn -0.773912 -0.062990 -0.630153
vn -0.776088 -0.024338 -0.630154
vn -0.776091 -0.024336 -0.630152
vn -0.776338 0.014380 -0.630152
vn -0.776339 0.014380 -0.630152
vn -0.774656 0.053059 -0.630153
vn -0.774657 0.053058 -0.630152
vn -0.771050 0.091605 -0.630152
vn -0.771048 0.091606 -0.630153
vn -0.765525 0.129926 -0.630152
vn -0.765524 0.129925 -0.630153
vn -0.758096 0.167923 -0.630153
vn -0.758096 0.167923 -0.630153
vn -0.748783 0.205502 -0.630153
vn -0.748783 0.205502 -0.630153
vn -0.737609 0.242569 -0.630153
vn -0.737609 0.242569 -0.630153
vn -0.724600 0.279036 -0.630153
vn -0.724600 0.279036 -0.630153
vn -0.709792 0.314806 -0.630154
vn -0.709792 0.314805 -0.630153
vn -0.693218 0.349795 -0.630152
vn -0.693217 0.349796 -0.630154
vn -0.674919 0.383916 -0.630153
vn -0.674920 0.383915 -0.630152
vn -0.654945 0.417079 -0.630153
vn -0.654944 0.417079 -0.630153
vn -0.633340 0.449208 -0.630153
vn -0.633341 0.449207 -0.630153
vn -0.610162 0.480218 -0.630153
vn -0.610162 0.480218 -0.630154
vn -0.585466 0.510036 -0.630153
vn -0.585467 0.510036 -0.630153
vn -0.559316 0.538584 -0.630153
vn -0.559314 0.538584 -0.630154
vn -0.531774 0.565794 -0.630154
vn -0.531775 0.565794 -0.630153
vn -0.502910 0.591598 -0.630153
vn -0.502911 0.591599 -0.630153
vn -0.472797 0.615930 -0.630153
vn -0.472795 0.615930 -0.630154
vn -0.441508 0.638732 -0.630153
vn -0.441506 0.638732 -0.630154
vn -0.409121 0.659946 -0.630152
vn -0.409120 0.659946 -0.630153
vn -0.375716 0.679519 -0.630152
vn -0.375717 0.679519 -0.630152
vn -0.341378 0.697401 -0.630153
vn -0.341379 0.697401 -0.630152
vn -0.306189 0.713550 -0.630154
vn -0.306191 0.713551 -0.630153
vn -0.270245 0.727926 -0.630152
vn -0.270242 0.727925 -0.630154
vn -0.233623 0.740493 -0.630151
vn -0.233623 0.740492 -0.630152
vn -0.196421 0.751216 -0.630153
vn -0.196423 0.751217 -0.630151
vn -0.158734 0.760074 -0.630152
vn -0.158732 0.760073 -0.630153
vn -0.120648 0.767042 -0.630152
vn -0.120649 0.767041 -0.630152
vn -0.082266 0.772102 -0.630152
vn -0.082265 0.772101 -0.630152
vn -0.043675 0.775241 -0.630154
vn -0.043677 0.775242 -0.630152
vn -0.004982 0.776455 -0.630152
vn -0.004981 0.776455 -0.630154
vn 0.033730 0.775738 -0.630152
vn 0.033730 0.775738 -0.630153
vn 0.072354 0.773093 -0.630153
vn 0.072354 0.773093 -0.630152
vn 0.110801 0.768524 -0.630154
vn 0.110800 0.768526 -0.630152
vn 0.148970 0.762046 -0.630154
vn 0.148970 0.762046 -0.630154
vn 0.186769 0.753673 -0.630154
vn 0.186769 0.753673 -0.630154
vn 0.224105 0.743427 -0.630154
vn 0.224106 0.743427 -0.630153
vn 0.260884 0.731333 -0.630153
vn 0.260885 0.731331 -0.630154
vn 0.297011 0.717419 -0.630154
vn 0.297014 0.717420 -0.630152
vn 0.332403 0.701724 -0.630152
vn 0.332405 0.701721 -0.630155
vn 0.366969 0.684280 -0.630155
vn 0.366969 0.684281 -0.630154
vn 0.400621 0.665138 -0.630154
vn 0.400621 0.665140 -0.630152
vn 0.433279 0.644343 -0.630152
vn 0.433278 0.644342 -0.630154
vn 0.464858 0.621944 -0.630154
vn 0.464857 0.621944 -0.630153
vn 0.495280 0.598000 -0.630153
vn 0.495281 0.598000 -0.630153
vn 0.524473 0.572569 -0.630153
vn 0.524474 0.572569 -0.630152
vn 0.552361 0.545715 -0.630153
vn 0.552361 0.545715 -0.630153
vn 0.578877 0.517503 -0.630153
vn 0.578878 0.517503 -0.630152
vn 0.603952 0.488007 -0.630152
vn 0.603952 0.488005 -0.630154
vn 0.627526 0.457294 -0.630154
vn 0.627526 0.457294 -0.630153
vn 0.649540 0.425447 -0.630153
vn 0.649540 0.425447 -0.630153
vn 0.669940 0.392540 -0.630153
vn 0.669940 0.392539 -0.630154
vn 0.688674 0.358659 -0.630152
vn 0.688673 0.358657 -0.630154
vn 0.705695 0.323887 -0.630152
vn 0.705697 0.323886 -0.630151
vn 0.720962 0.288306 -0.630153
vn 0.720963 0.288308 -0.630151
vn 0.734437 0.252011 -0.630153
vn 0.734436 0.252012 -0.630154
vn 0.746086 0.215089 -0.630153
vn 0.746085 0.215088 -0.630154
vn 0.755879 0.177632 -0.630154
vn 0.755879 0.177633 -0.630153
vn 0.978881 0.204429 0.000000
vn 0.978881 0.204429 -0.000000
vn 0.978881 0.204429 0.000000
vn 0.978881 0.204428 0.000000
vn -0.692174 -0.144553 0.707107
vn -0.692174 -0.144553 0.707107
vn -0.692173 -0.144553 0.707107
vn -0.692174 -0.144553 0.707106
vn -0.692174 -0.144553 0.707107
vn -0.144553 0.692174 0.707107
vn -0.144553 0.692174 0.707107
vn 0.204429 -0.978881 0.000000
vn 0.204429 -0.978881 0.000000
vn 0.692174 0.144553 0.707107
vn 0.692174 0.144553 0.707107
vn 0.692173 0.144553 0.707107
vn 0.692174 0.144553 0.707107
vn 0.692174 0.144553 0.707107
vn -0.144553 0.692174 0.707107
vn -0.144553 0.692174 0.707107
vn 0.204428 -0.978882 0.000000
vn 0.204428 -0.978882 0.000000
vn -0.978882 -0.204429 -0.000000
vn -0.978882 -0.204428 0.000001
vn -0.978881 -0.204429 -0.000000
vn -0.978881 -0.204429 0.000000
vn -0.755879 -0.177633 -0.630154
vn -0.755880 -0.177632 -0.630153
vn -0.746085 -0.215089 -0.630154
vn -0.746086 -0.215088 -0.630153
vn -0.734437 -0.252011 -0.630153
vn -0.734436 -0.252012 -0.630154
vn -0.720962 -0.288306 -0.630153
vn -0.720963 -0.288308 -0.630151
vn -0.705695 -0.323887 -0.630152
vn -0.705697 -0.323886 -0.630151
vn -0.688673 -0.358658 -0.630154
vn -0.688675 -0.358658 -0.630152
vn -0.669940 -0.392539 -0.630153
vn -0.669940 -0.392539 -0.630154
vn -0.649540 -0.425447 -0.630153
vn -0.649540 -0.425447 -0.630153
vn -0.627526 -0.457294 -0.630154
vn -0.627526 -0.457294 -0.630153
vn -0.603952 -0.488005 -0.630154
vn -0.603952 -0.488007 -0.630152
vn -0.578877 -0.517503 -0.630153
vn -0.578878 -0.517503 -0.630152
vn -0.552361 -0.545715 -0.630153
vn -0.552361 -0.545715 -0.630153
vn -0.524473 -0.572569 -0.630153
vn -0.524474 -0.572569 -0.630152
vn -0.495280 -0.598000 -0.630153
vn -0.495281 -0.598000 -0.630153
vn -0.464857 -0.621944 -0.630154
vn -0.464858 -0.621944 -0.630153
vn -0.433279 -0.644343 -0.630152
vn -0.433278 -0.644342 -0.630154
vn -0.400620 -0.665139 -0.630154
vn -0.400622 -0.665139 -0.630152
vn -0.366968 -0.684280 -0.630155
vn -0.366969 -0.684280 -0.630154
vn -0.332402 -0.701722 -0.630155
vn -0.332406 -0.701723 -0.630152
vn -0.297014 -0.717420 -0.630152
vn -0.297011 -0.717419 -0.630154
vn -0.260883 -0.731331 -0.630154
vn -0.260885 -0.731332 -0.630152
vn -0.224106 -0.743427 -0.630153
vn -0.224105 -0.743427 -0.630154
vn -0.186769 -0.753673 -0.630154
vn -0.186769 -0.753673 -0.630154
vn -0.148970 -0.762046 -0.630154
vn -0.148970 -0.762046 -0.630154
vn -0.110801 -0.768526 -0.630152
vn -0.110800 -0.768524 -0.630154
vn -0.072354 -0.773093 -0.630153
vn -0.072354 -0.773093 -0.630152
vn -0.033730 -0.775738 -0.630152
vn -0.033730 -0.775738 -0.630153
vn 0.004982 -0.776454 -0.630154
vn 0.004981 -0.776455 -0.630152
vn 0.043675 -0.775243 -0.630152
vn 0.043677 -0.775241 -0.630154
vn 0.082266 -0.772101 -0.630152
vn 0.082265 -0.772102 -0.630152
vn 0.120648 -0.767042 -0.630152
vn 0.120649 -0.767041 -0.630152
vn 0.158734 -0.760073 -0.630153
vn 0.158733 -0.760074 -0.630152
vn 0.196421 -0.751216 -0.630153
vn 0.196423 -0.751217 -0.630151
vn 0.233623 -0.740492 -0.630152
vn 0.233623 -0.740493 -0.630151
vn 0.270244 -0.727924 -0.630154
vn 0.270243 -0.727927 -0.630152
vn 0.306190 -0.713551 -0.630153
vn 0.306191 -0.713549 -0.630154
vn 0.341378 -0.697401 -0.630153
vn 0.341379 -0.697401 -0.630152
vn 0.375716 -0.679519 -0.630152
vn 0.375717 -0.679519 -0.630152
vn 0.409121 -0.659945 -0.630153
vn 0.409121 -0.659946 -0.630152
vn 0.441508 -0.638732 -0.630153
vn 0.441506 -0.638732 -0.630154
vn 0.472796 -0.615931 -0.630153
vn 0.472797 -0.615929 -0.630154
vn 0.502911 -0.591599 -0.630153
vn 0.502910 -0.591598 -0.630153
vn 0.531774 -0.565794 -0.630153
vn 0.531774 -0.565793 -0.630154
vn 0.559314 -0.538584 -0.630154
vn 0.559316 -0.538584 -0.630153
vn 0.585466 -0.510036 -0.630153
vn 0.585466 -0.510035 -0.630153
vn 0.610162 -0.480218 -0.630153
vn 0.610162 -0.480218 -0.630154
vn 0.633340 -0.449207 -0.630153
vn 0.633340 -0.449208 -0.630153
vn 0.654945 -0.417079 -0.630153
vn 0.654944 -0.417079 -0.630153
vn 0.674919 -0.383915 -0.630153
vn 0.674920 -0.383916 -0.630152
vn 0.693218 -0.349795 -0.630152
vn 0.693217 -0.349796 -0.630154
vn 0.709792 -0.314806 -0.630154
vn 0.709792 -0.314805 -0.630153
vn 0.724600 -0.279036 -0.630153
vn 0.724600 -0.279036 -0.630153
vn 0.737609 -0.242569 -0.630153
vn 0.737609 -0.242569 -0.630153
vn 0.748783 -0.205502 -0.630153
vn 0.748783 -0.205502 -0.630153
vn 0.758096 -0.167923 -0.630153
vn 0.758096 -0.167923 -0.630153
vn 0.765524 -0.129926 -0.630153
vn 0.765525 -0.129925 -0.630152
vn 0.771049 -0.091606 -0.630152
vn 0.771048 -0.091605 -0.630153
vn 0.774657 -0.053059 -0.630152
vn 0.774656 -0.053058 -0.630153
vn 0.776338 -0.014380 -0.630152
vn 0.776339 -0.014380 -0.630152
vn 0.776088 0.024338 -0.630154
vn 0.776091 0.024336 -0.630152
vn 0.773911 0.062989 -0.630154
vn 0.773912 0.062990 -0.630153
vn 0.769810 0.101489 -0.630152
vn 0.769809 0.101490 -0.630153
vn 0.763794 0.139735 -0.630154
vn 0.763795 0.139734 -0.630152
vn 0.978881 0.204429 -0.000000
vn 0.978881 0.204429 0.000000
vn 0.978881 0.204429 0.000000
vn 0.978882 0.204428 -0.000000
vn -0.204428 0.978882 0.000000
vn -0.204428 0.978882 0.000000
vn -0.204429 0.978881 0.000000
vn -0.204429 0.978881 0.000000
vn 0.000000 0.000000 1.000000
vn 0.000000 -0.000000 1.000000
vn 0.000000 0.000000 1.000000
vn 0.000000 0.000000 1.000000
vn 0.000000 0.000000 1.000000
vn 0.000000 0.000000 1.000000
vn 0.000000 0.000000 1.000000
vn -0.000000 0.000000 1.000000
vn 0.000000 0.000000 1.000000
vn 0.000000 0.000000 1.000000
vn 0.000000 0.000000 1.000000
vn 0.000000 0.000000 1.000000
vn 0.000000 0.000000 1.000000
vn 0.000000 0.000000 1.000000
vn 0.000000 0.000000 1.000000
vn 0.000000 0.000000 1.000000
vn 0.000000 0.000000 1.000000
vn 0.000000 0.000000 1.000000
vn 0.000000 -0.000000 1.000000
vn 0.000000 0.000000 1.000000
vn 0.000000 0.000000 1.000000
vn 0.000000 0.000000 1.000000
vn 0.000000 0.000000 1.000000
vn 0.000000 0.000000 1.000000
vn 0.000000 0.000000 1.000000
vn 0.000000 0.000000 1.000000
vn 0.000000 0.000000 1.000000
vn 0.000000 0.000000 1.000000
vn -0.000000 0.000000 1.000000
vn 0.000000 0.000000 1.000000
vn 0.000000 -0.000000 1.000000
vn 0.000000 0.000000 1.000000
vn 0.000000 0.000000 1.000000
vn 0.000000 0.000000 1.000000
vn -0.000000 0.000000 1.000000
vn 0.000000 0.000000 1.000000
vn 0.000000 0.000000 1.000000
vn 0.000000 0.000000 1.000000
vn 0.000000 0.000000 1.000000
vn 0.000000 0.000000 1.000000
vn 0.000000 0.000000 1.000000
vn 0.000000 0.000000 1.000000
vn 0.000000 0.000000 1.000000
vn 0.000000 0.000000 1.000000
vn 0.000000 -0.000000 1.000000
vn 0.000000 -0.000000 1.000000
vn 0.000000 -0.000000 1.000000
vn 0.000000 -0.000000 1.000000
vn 0.000000 -0.000000 1.000000
vn 0.000000 0.000000 1.000000
vn 0.000000 0.000000 1.000000
vn 0.000000 0.000000 1.000000
vn 0.000000 0.000000 1.000000
vn 0.000000 0.000000 1.000000
vn 0.000000 0.000000 1.000000
vn 0.000000 0.000000 1.000000
vn -0.000000 0.000000 1.000000
vn 0.000000 0.000000 1.000000
vn 0.000000 -0.000000 1.000000
vn -0.000000 0.000000 1.000000
vn 0.000000 -0.000000 1.000000
vn 0.000000 -0.000000 1.000000
vn 0.000000 0.000000 1.000000
vn 0.000000 0.000000 1.000000
vn 0.000000 -0.000000 1.000000
vn 0.000000 -0.000000 1.000000
vn 0.000000 -0.000000 1.000000
vn 0.000000 0.000000 1.000000
vn 0.000000 0.000000 1.000000
vn 0.000000 0.000000 1.000000
vn 0.000000 0.000000 1.000000
vn 0.204428 -0.978882 -0.000003
vn 0.204429 -0.978882 0.000003
vn 0.204428 -0.978881 0.000001
vn 0.204428 -0.978882 -0.000001
vn 0.204428 -0.978881 -0.000005
vn 0.204428 -0.978882 0.000007
vn 0.204429 -0.978881 0.000005
vn 0.204429 -0.978882 -0.000005
vn 0.204428 -0.978882 0.000009
vn 0.204428 -0.978881 -0.000008
vn 0.204429 -0.978881 0.000007
vn 0.204428 -0.978882 -0.000008
vn 0.204429 -0.978881 0.000006
vn 0.204428 -0.978882 -0.000008
vn 0.204429 -0.978882 -0.000002
vn 0.204428 -0.978882 0.000003
vn 0.204429 -0.978881 0.000002
vn 0.204429 -0.978881 -0.000001
vn 0.204428 -0.978881 -0.000005
vn 0.204428 -0.978882 0.000002
vn 0.204428 -0.978882 0.000009
vn 0.204428 -0.978881 -0.000005
vn 0.204429 -0.978881 0.000001
vn 0.204429 -0.978881 -0.000002
vn 0.204429 -0.978881 -0.000004
vn 0.204429 -0.978881 0.000008
vn 0.204429 -0.978881 0.000002
vn 0.204429 -0.978881 -0.000010
vn 0.204429 -0.978882 0.000004
vn 0.204429 -0.978881 0.000001
vn 0.204428 -0.978882 -0.000007
vn 0.204429 -0.978882 0.000007
vn 0.204428 -0.978881 0.000014
vn 0.204429 -0.978881 -0.000014
vn 0.204429 -0.978881 0.000014
vn 0.204428 -0.978882 -0.000012
vn 0.204429 -0.978881 -0.000003
vn 0.204429 -0.978882 -0.000023
vn 0.204428 -0.978881 -0.000014
vn 0.204428 -0.978882 -0.000009
vn 0.204429 -0.978881 0.000008
vn 0.204429 -0.978881 0.000040
vn 0.204428 -0.978882 0.000002
vn 0.204428 -0.978882 -0.000002
vn 0.204429 -0.978882 0.000030
vn 0.204429 -0.978881 -0.000031
vn 0.204428 -0.978882 -0.000001
vn 0.204428 -0.978881 0.000001
vn 0.204429 -0.978881 -0.000042
vn 0.204428 -0.978881 0.000036
vn 0.204428 -0.978881 -0.000001
vn 0.204428 -0.978881 0.000000
vn 0.204429 -0.978881 0.000011
vn 0.204429 -0.978881 -0.000025
vn 0.204428 -0.978881 0.000003
vn 0.204428 -0.978882 -0.000000
vn 0.204428 -0.978882 -0.000001
vn 0.204428 -0.978882 -0.000000
vn 0.204429 -0.978882 0.000005
vn 0.204428 -0.978882 -0.000005
vn 0.204429 -0.978881 0.000000
vn 0.204429 -0.978881 0.000000
vn 0.204426 -0.978882 0.000005
vn 0.204429 -0.978881 -0.000001
vn 0.204429 -0.978881 -0.000002
vn 0.204429 -0.978881 -0.000001
vn 0.204429 -0.978881 0.000000
vn 0.204428 -0.978882 0.000003
vn 0.204429 -0.978881 -0.000004
vn 0.204428 -0.978882 -0.000001
vn 0.204428 -0.978882 -0.000001
vn 0.204427 -0.978882 0.000006
vn 0.204429 -0.978881 -0.000002
vn 0.204430 -0.978881 -0.000005
vn 0.204429 -0.978881 0.000001
vn 0.204430 -0.978881 -0.000005
vn 0.204429 -0.978882 0.000000
vn 0.204428 -0.978882 0.000001
vn 0.204428 -0.978882 0.000002
vn 0.204428 -0.978882 0.000001
vn 0.204428 -0.978882 0.000001
vn 0.204428 -0.978882 0.000002
vn 0.204429 -0.978881 -0.000000
vn 0.204429 -0.978881 0.000000
vn 0.204429 -0.978881 -0.000001
vn 0.204430 -0.978881 -0.000002
vn 0.204427 -0.978882 0.000002
vn 0.204430 -0.978881 -0.000002
vn 0.204429 -0.978881 -0.000000
vn 0.204428 -0.978882 0.000000
vn 0.204425 -0.978882 0.000004
vn 0.204431 -0.978881 -0.000004
vn 0.204426 -0.978882 0.000004
vn 0.204428 -0.978882 0.000001
vn 0.204428 -0.978882 -0.000000
vn 0.204429 -0.978881 -0.000000
vn 0.204429 -0.978881 -0.000000
vn 0.204429 -0.978881 -0.000000
vn 0.204428 -0.978882 0.000000
vn 0.204429 -0.978882 0.000000
vn 0.204427 -0.978882 0.000002
vn 0.204429 -0.978881 0.000000
vn 0.204431 -0.978881 -0.000002
vn 0.204431 -0.978881 -0.000002
vn 0.204424 -0.978882 0.000003
vn 0.204431 -0.978881 -0.000002
vn 0.204429 -0.978881 0.000000
vn 0.204426 -0.978882 0.000001
vn 0.204429 -0.978882 0.000000
vn 0.204429 -0.978881 0.000000
vn 0.204429 -0.978881 0.000000
vn 0.204433 -0.978881 -0.000002
vn 0.204422 -0.978883 0.000002
vn 0.204429 -0.978881 0.000000
vn 0.204434 -0.978880 -0.000002
vn 0.204428 -0.978882 0.000000
vn 0.204426 -0.978882 0.000001
vn 0.204429 -0.978882 -0.000000
vn 0.204430 -0.978881 -0.000002
vn 0.204425 -0.978882 0.000003
vn 0.204430 -0.978881 -0.000002
vn 0.204431 -0.978881 -0.000003
vn 0.204426 -0.978882 0.000003
vn 0.204428 -0.978882 0.000000
vn 0.204429 -0.978881 -0.000001
vn 0.204426 -0.978882 0.000003
vn 0.204429 -0.978881 -0.000002
vn 0.204427 -0.978882 0.000003
vn 0.204429 -0.978881 -0.000001
vn 0.204429 -0.978881 -0.000003
vn 0.204429 -0.978881 0.000003
vn 0.204429 -0.978881 0.000000
vn 0.204429 -0.978882 0.000006
vn 0.204429 -0.978882 0.000007
vn 0.204429 -0.978882 -0.000000
vn 0.204428 -0.978882 -0.000013
vn 0.204429 -0.978881 -0.000002
vn 0.204429 -0.978881 -0.000008
vn 0.204429 -0.978881 0.000010
vn 0.204428 -0.978882 -0.000001
vn 0.204429 -0.978882 -0.000003
vn 0.204429 -0.978881 0.000002
vn 0.204429 -0.978882 0.000002
vn 0.204429 -0.978881 0.000001
vn 0.204428 -0.978882 -0.000009
vn 0.204428 -0.978881 0.000002
vn 0.204429 -0.978882 -0.000003
vn 0.204428 -0.978882 -0.000002
vn 0.204428 -0.978882 -0.000002
vn 0.204429 -0.978882 0.000006
vn 0.204429 -0.978881 0.000018
vn 0.204429 -0.978881 -0.000005
vn 0.204428 -0.978881 0.000003
vn 0.204428 -0.978881 -0.000003
vn 0.204429 -0.978881 0.000010
vn 0.204428 -0.978882 -0.000009
vn 0.204429 -0.978882 0.000000
vn 0.204429 -0.978881 -0.000007
vn 0.204429 -0.978882 0.000000
vn 0.204428 -0.978882 0.000005
vn 0.204428 -0.978881 -0.000021
vn 0.204428 -0.978881 0.000002
vn 0.204429 -0.978881 0.000004
vn 0.204428 -0.978882 0.000003
vn 0.204429 -0.978882 0.000002
vn 0.204429 -0.978882 0.000008
vn 0.204428 -0.978882 -0.000000
vn 0.204429 -0.978881 0.000004
vn 0.204429 -0.978881 -0.000007
vn 0.204428 -0.978881 0.000009
vn 0.204429 -0.978881 -0.000002
vn 0.204429 -0.978881 0.000002
vn 0.204429 -0.978881 -0.000001
vn 0.204428 -0.978882 0.000011
vn 0.204429 -0.978882 0.000039
vn 0.204429 -0.978882 -0.000027
vn 0.204429 -0.978881 0.000001
vn 0.204428 -0.978882 -0.000016
vn 0.204429 -0.978881 0.000000
vn 0.204429 -0.978881 0.000000
vn 0.204428 -0.978881 -0.000013
vn 0.204429 -0.978881 -0.000067
vn 0.204429 -0.978881 0.000000
vn 0.204429 -0.978881 -0.000000
vn 0.204429 -0.978881 0.000001
vn 0.204429 -0.978881 -0.000001
vn 0.204429 -0.978881 0.000001
vn 0.204428 -0.978882 -0.000008
vn 0.204428 -0.978881 0.000000
vn 0.204428 -0.978882 -0.000002
vn 0.204428 -0.978881 -0.000001
vn 0.204429 -0.978881 0.000002
vn 0.204429 -0.978881 0.000001
vn 0.204429 -0.978881 0.000001
vn 0.204430 -0.978881 0.000004
vn 0.204428 -0.978882 0.000000
vn 0.204427 -0.978882 -0.000003
vn 0.204430 -0.978881 0.000002
vn 0.204426 -0.978882 -0.000004
vn 0.204429 -0.978881 0.000001
vn 0.204428 -0.978882 -0.000001
vn 0.204432 -0.978881 0.000005
vn 0.204425 -0.978882 -0.000004
vn 0.204430 -0.978881 0.000002
vn 0.204431 -0.978881 0.000002
vn 0.204424 -0.978882 -0.000003
vn 0.204428 -0.978882 -0.000000
vn 0.204427 -0.978882 -0.000001
vn 0.204435 -0.978880 0.000002
vn 0.204428 -0.978881 -0.000001
vn 0.204429 -0.978881 -0.000000
vn 0.204428 -0.978882 0.000000
vn 0.204428 -0.978882 -0.000000
vn 0.204428 -0.978882 -0.000000
vn 0.204428 -0.978882 0.000000
vn 0.204428 -0.978882 -0.000000
vn 0.204429 -0.978881 0.000001
vn 0.204428 -0.978881 0.000000
vn 0.204426 -0.978882 -0.000001
vn 0.204428 -0.978882 -0.000003
vn 0.204429 -0.978881 0.000001
vn 0.204428 -0.978882 -0.000002
vn 0.204429 -0.978881 0.000002
vn 0.204422 -0.978883 -0.000004
vn 0.204428 -0.978881 0.000000
vn 0.204428 -0.978882 -0.000001
vn 0.204426 -0.978882 -0.000001
vn 0.204429 -0.978881 0.000001
vn 0.204431 -0.978881 0.000001
vn 0.204428 -0.978881 -0.000001
vn 0.204427 -0.978882 -0.000004
vn 0.204431 -0.978881 0.000001
vn 0.204429 -0.978881 0.000002
vn 0.204425 -0.978882 -0.000003
vn 0.204428 -0.978882 -0.000001
vn 0.204431 -0.978881 0.000002
vn 0.204428 -0.978882 -0.000001
vn 0.204430 -0.978881 0.000003
vn 0.204429 -0.978881 -0.000000
vn 0.204428 -0.978882 -0.000001
vn 0.204427 -0.978882 -0.000002
vn 0.204429 -0.978881 0.000000
vn 0.204428 -0.978882 -0.000001
vn 0.204429 -0.978881 0.000000
vn 0.204430 -0.978881 0.000003
vn 0.204428 -0.978882 -0.000000
vn 0.204429 -0.978881 0.000001
vn 0.204429 -0.978881 0.000000
vn 0.204429 -0.978881 0.000000
vn 0.204427 -0.978882 -0.000001
vn 0.204429 -0.978881 0.000000
vn 0.204428 -0.978882 -0.000001
vn 0.204428 -0.978882 -0.000000
vn 0.204430 -0.978881 0.000003
vn 0.204426 -0.978882 -0.000003
vn 0.204430 -0.978881 0.000002
vn 0.204428 -0.978882 -0.000000
vn 0.204428 -0.978881 0.000000
vn 0.204428 -0.978881 0.000211
vn 0.204429 -0.978882 -0.000080
vn 0.204429 -0.978881 0.000018
vn 0.204429 -0.978881 -0.000008
vn 0.204429 -0.978881 0.000053
vn 0.204429 -0.978881 -0.000083
vn 0.204429 -0.978881 -0.000018
vn 0.204429 -0.978881 0.000061
vn -0.978881 -0.204429 0.000000
vn -0.978881 -0.204429 0.000000
vn -0.978586 -0.204367 -0.024544
vn -0.978587 -0.204367 -0.024542
vn -0.976229 -0.203875 -0.073562
vn -0.976229 -0.203875 -0.073561
vn -0.971520 -0.202891 -0.122410
vn -0.971520 -0.202891 -0.122411
vn -0.964470 -0.201419 -0.170961
vn -0.964470 -0.201419 -0.170959
vn -0.955097 -0.199461 -0.219101
vn -0.943422 -0.197023 -0.266713
vn -0.955097 -0.199461 -0.219100
vn -0.943422 -0.197023 -0.266715
vn -0.929475 -0.194110 -0.313684
vn -0.913290 -0.190731 -0.359892
vn -0.929475 -0.194110 -0.313684
vn -0.894902 -0.186890 -0.405243
vn -0.913291 -0.190731 -0.359891
vn -0.894902 -0.186890 -0.405243
vn -0.874360 -0.182600 -0.449613
vn -0.851713 -0.177871 -0.492897
vn -0.874360 -0.182600 -0.449613
vn -0.851713 -0.177871 -0.492897
vn -0.827013 -0.172712 -0.534996
vn -0.827011 -0.172712 -0.534999
vn -0.800317 -0.167137 -0.575811
vn -0.800318 -0.167137 -0.575810
vn -0.771700 -0.161161 -0.615229
vn -0.771700 -0.161161 -0.615228
vn -0.741219 -0.154795 -0.653172
vn -0.708949 -0.148056 -0.689543
vn -0.741218 -0.154795 -0.653173
vn -0.708949 -0.148056 -0.689543
vn -0.024022 -0.005017 0.999699
vn -0.024022 -0.005017 0.999699
vn -0.072015 -0.015040 0.997290
vn -0.119824 -0.025024 0.992480
vn -0.072015 -0.015040 0.997290
vn -0.119824 -0.025024 0.992480
vn -0.167348 -0.034949 0.985278
vn -0.214478 -0.044791 0.975701
vn -0.167349 -0.034949 0.985278
vn -0.261078 -0.054523 0.963777
vn -0.214477 -0.044791 0.975701
vn -0.261078 -0.054523 0.963777
vn -0.307055 -0.064125 0.949529
vn -0.307055 -0.064125 0.949529
vn -0.352296 -0.073573 0.932992
vn -0.396687 -0.082844 0.914208
vn -0.352295 -0.073573 0.932993
vn -0.396687 -0.082844 0.914208
vn -0.440117 -0.091913 0.893224
vn -0.440118 -0.091914 0.893224
vn -0.482484 -0.100762 0.870090
vn -0.523706 -0.109370 0.844849
vn -0.482484 -0.100762 0.870090
vn -0.523706 -0.109370 0.844849
vn -0.563647 -0.117711 0.817586
vn -0.602236 -0.125770 0.788349
vn -0.563645 -0.117711 0.817587
vn -0.602237 -0.125771 0.788348
vn -0.639376 -0.133527 0.757211
vn -0.674979 -0.140962 0.724247
vn -0.639376 -0.133527 0.757211
vn -0.674979 -0.140962 0.724247
vn -0.708955 -0.148057 0.689537
vn -0.708955 -0.148057 0.689537
vn -0.741218 -0.154795 0.653172
vn -0.741217 -0.154795 0.653174
vn -0.771697 -0.161160 0.615233
vn -0.800314 -0.167137 0.575815
vn -0.771698 -0.161161 0.615231
vn -0.800315 -0.167137 0.575813
vn -0.827019 -0.172714 0.534986
vn -0.851709 -0.177870 0.492903
vn -0.827016 -0.172713 0.534990
vn -0.851709 -0.177870 0.492903
vn -0.874360 -0.182600 0.449612
vn -0.874362 -0.182601 0.449610
vn -0.894902 -0.186890 0.405243
vn -0.913289 -0.190730 0.359897
vn -0.894902 -0.186890 0.405243
vn -0.913288 -0.190730 0.359900
vn -0.929476 -0.194111 0.313679
vn -0.943424 -0.197024 0.266707
vn -0.929477 -0.194111 0.313677
vn -0.943423 -0.197023 0.266710
vn -0.955095 -0.199461 0.219108
vn -0.955096 -0.199461 0.219106
vn -0.964470 -0.201419 0.170961
vn -0.964471 -0.201419 0.170955
vn -0.971521 -0.202891 0.122404
vn -0.971520 -0.202891 0.122410
vn -0.976229 -0.203875 0.073568
vn -0.978587 -0.204367 0.024546
vn -0.976229 -0.203875 0.073562
vn -0.978586 -0.204367 0.024548
vn -0.692174 -0.144553 -0.707107
vn -0.692174 -0.144492 -0.707120
vn -0.692174 -0.144558 -0.707106
vn -0.692174 -0.144588 -0.707099
vn -0.692174 -0.144558 -0.707106
vn -0.692174 -0.144548 -0.707108
vn -0.692174 -0.144555 -0.707106
vn -0.692174 -0.144543 -0.707109
vn -0.692174 -0.144552 -0.707107
vn -0.692242 -0.144565 -0.707037
vn -0.692250 -0.144566 -0.707029
vn -0.692103 -0.144537 -0.707179
vn -0.692206 -0.144557 -0.707074
vn -0.692177 -0.144553 -0.707104
vn -0.692166 -0.144551 -0.707115
vn -0.692178 -0.144555 -0.707102
vn -0.692219 -0.144563 -0.707060
vn -0.692191 -0.144556 -0.707089
vn -0.692145 -0.144547 -0.707136
vn -0.692199 -0.144558 -0.707081
vn -0.692167 -0.144552 -0.707113
vn -0.692164 -0.144551 -0.707117
vn -0.692172 -0.144553 -0.707109
vn -0.692183 -0.144555 -0.707098
vn -0.692177 -0.144553 -0.707103
vn -0.692174 -0.144552 -0.707107
vn -0.692160 -0.144550 -0.707120
vn -0.692187 -0.144555 -0.707094
vn -0.692173 -0.144553 -0.707107
vn -0.692173 -0.144553 -0.707108
vn -0.692164 -0.144551 -0.707117
vn -0.692169 -0.144552 -0.707112
vn -0.692174 -0.144553 -0.707107
vn -0.692174 -0.144553 -0.707107
vn -0.692179 -0.144566 -0.707099
vn -0.692177 -0.144546 -0.707105
vn -0.692168 -0.144563 -0.707110
vn -0.692198 -0.144507 -0.707093
vn -0.692171 -0.144559 -0.707109
vn -0.692159 -0.144582 -0.707115
vn -0.692177 -0.144546 -0.707105
vn -0.692170 -0.144560 -0.707109
vn -0.692174 -0.144553 -0.707107
vn -0.674979 -0.140962 -0.724247
vn -0.639381 -0.133527 -0.757207
vn -0.674979 -0.140962 -0.724247
vn -0.602240 -0.125771 -0.788346
vn -0.639381 -0.133527 -0.757207
vn -0.563646 -0.117711 -0.817586
vn -0.602239 -0.125771 -0.788346
vn -0.523698 -0.109368 -0.844855
vn -0.563647 -0.117711 -0.817586
vn -0.482492 -0.100763 -0.870085
vn -0.523697 -0.109368 -0.844855
vn -0.440115 -0.091913 -0.893225
vn -0.482492 -0.100763 -0.870085
vn -0.396683 -0.082843 -0.914210
vn -0.440116 -0.091913 -0.893225
vn -0.352291 -0.073572 -0.932994
vn -0.396682 -0.082843 -0.914210
vn -0.307062 -0.064126 -0.949527
vn -0.352292 -0.073572 -0.932994
vn -0.261080 -0.054524 -0.963776
vn -0.307061 -0.064126 -0.949527
vn -0.214474 -0.044790 -0.975702
vn -0.261080 -0.054524 -0.963776
vn -0.214474 -0.044790 -0.975702
vn -0.167351 -0.034949 -0.985278
vn -0.119824 -0.025024 -0.992480
vn -0.167350 -0.034949 -0.985278
vn -0.072016 -0.015040 -0.997290
vn -0.119824 -0.025024 -0.992480
vn -0.024018 -0.005016 -0.999699
vn -0.072016 -0.015040 -0.997290
vn -0.024018 -0.005016 -0.999699
vn 0.000000 -0.000000 -1.000000
vn 0.000000 -0.000000 -1.000000
vn 0.000000 -0.000000 -1.000000
vn 0.000000 -0.000000 -1.000000
vn 0.000000 -0.000000 -1.000000
vn -0.000000 0.000000 -1.000000
vn 0.000000 -0.000000 -1.000000
vn 0.000000 -0.000000 -1.000000
vn 0.000000 -0.000000 -1.000000
vn 0.000000 -0.000000 -1.000000
vn 0.000000 0.000000 -1.000000
vn 0.000000 0.000000 -1.000000
vn 0.024018 0.005016 -0.999699
vn 0.072016 0.015040 -0.997290
vn 0.024018 0.005016 -0.999699
vn 0.119824 0.025024 -0.992480
vn 0.072016 0.015040 -0.997290
vn 0.167351 0.034949 -0.985278
vn 0.119824 0.025024 -0.992480
vn 0.214473 0.044790 -0.975702
vn 0.167351 0.034949 -0.985278
vn 0.261080 0.054524 -0.963776
vn 0.214473 0.044790 -0.975702
vn 0.307062 0.064126 -0.949527
vn 0.261080 0.054524 -0.963776
vn 0.352291 0.073572 -0.932994
vn 0.307061 0.064126 -0.949527
vn 0.396683 0.082843 -0.914210
vn 0.352291 0.073572 -0.932994
vn 0.396682 0.082843 -0.914210
vn 0.440115 0.091913 -0.893225
vn 0.482491 0.100763 -0.870086
vn 0.440116 0.091914 -0.893224
vn 0.523699 0.109369 -0.844854
vn 0.482491 0.100763 -0.870086
vn 0.563645 0.117711 -0.817587
vn 0.523699 0.109369 -0.844854
vn 0.602239 0.125771 -0.788346
vn 0.563646 0.117711 -0.817586
vn 0.639381 0.133527 -0.757207
vn 0.602239 0.125771 -0.788346
vn 0.674980 0.140962 -0.724246
vn 0.639381 0.133527 -0.757207
vn 0.674979 0.140962 -0.724247
vn 0.024022 0.005017 0.999699
vn 0.024022 0.005017 0.999699
vn 0.072015 0.015040 0.997290
vn 0.119825 0.025024 0.992480
vn 0.072015 0.015039 0.997290
vn 0.119825 0.025024 0.992480
vn 0.167348 0.034949 0.985278
vn 0.214478 0.044791 0.975701
vn 0.167348 0.034949 0.985278
vn 0.261082 0.054524 0.963776
vn 0.214478 0.044791 0.975701
vn 0.261082 0.054524 0.963776
vn 0.307052 0.064124 0.949530
vn 0.307052 0.064124 0.949530
vn 0.352296 0.073573 0.932992
vn 0.396685 0.082843 0.914209
vn 0.352296 0.073573 0.932992
vn 0.396685 0.082843 0.914209
vn 0.440119 0.091914 0.893223
vn 0.440118 0.091914 0.893223
vn 0.482482 0.100761 0.870091
vn 0.523709 0.109371 0.844848
vn 0.482482 0.100761 0.870091
vn 0.523710 0.109371 0.844847
vn 0.563647 0.117711 0.817586
vn 0.602236 0.125770 0.788349
vn 0.563645 0.117711 0.817587
vn 0.602236 0.125770 0.788349
vn 0.639373 0.133526 0.757214
vn 0.674979 0.140962 0.724247
vn 0.639373 0.133526 0.757214
vn 0.674979 0.140962 0.724247
vn 0.708955 0.148057 0.689537
vn 0.708958 0.148058 0.689534
vn 0.741218 0.154795 0.653172
vn 0.741215 0.154794 0.653176
vn 0.771697 0.161160 0.615233
vn 0.800317 0.167137 0.575811
vn 0.771697 0.161160 0.615233
vn 0.800318 0.167137 0.575809
vn 0.827016 0.172713 0.534990
vn 0.851712 0.177871 0.492898
vn 0.827015 0.172713 0.534992
vn 0.851713 0.177871 0.492896
vn 0.874361 0.182600 0.449612
vn 0.874361 0.182600 0.449612
vn 0.894902 0.186890 0.405243
vn 0.913287 0.190730 0.359903
vn 0.894900 0.186890 0.405248
vn 0.913290 0.190730 0.359894
vn 0.929478 0.194111 0.313674
vn 0.943424 0.197024 0.266708
vn 0.929475 0.194110 0.313683
vn 0.943423 0.197024 0.266710
vn 0.955095 0.199461 0.219108
vn 0.955095 0.199461 0.219108
vn 0.964471 0.201419 0.170955
vn 0.964471 0.201419 0.170955
vn 0.971519 0.202891 0.122417
vn 0.971520 0.202891 0.122410
vn 0.976229 0.203875 0.073562
vn 0.978587 0.204367 0.024546
vn 0.976229 0.203875 0.073559
vn 0.978587 0.204367 0.024548
vn 0.692191 0.144559 -0.707089
vn 0.692121 0.144543 -0.707161
vn 0.692127 0.144543 -0.707155
vn 0.692219 0.144564 -0.707060
vn 0.692154 0.144549 -0.707127
vn 0.692158 0.144549 -0.707123
vn 0.692202 0.144557 -0.707079
vn 0.692231 0.144563 -0.707048
vn 0.692200 0.144558 -0.707080
vn 0.692142 0.144546 -0.707139
vn 0.692182 0.144555 -0.707098
vn 0.692148 0.144547 -0.707133
vn 0.692187 0.144556 -0.707093
vn 0.692183 0.144554 -0.707097
vn 0.692159 0.144549 -0.707122
vn 0.692182 0.144554 -0.707098
vn 0.692152 0.144548 -0.707129
vn 0.692174 0.144553 -0.707107
vn 0.692181 0.144555 -0.707099
vn 0.692174 0.144553 -0.707106
vn 0.692176 0.144553 -0.707105
vn 0.692160 0.144550 -0.707121
vn 0.692166 0.144551 -0.707115
vn 0.692174 0.144553 -0.707107
vn 0.692142 0.144624 -0.707123
vn 0.692180 0.144538 -0.707103
vn 0.692187 0.144523 -0.707100
vn 0.692176 0.144549 -0.707106
vn 0.692176 0.144549 -0.707106
vn 0.692173 0.144555 -0.707107
vn 0.692172 0.144557 -0.707108
vn 0.692171 0.144559 -0.707108
vn 0.692181 0.144546 -0.707102
vn 0.692174 0.144553 -0.707107
vn 0.692174 0.144553 -0.707107
vn 0.692173 0.144545 -0.707109
vn 0.692173 0.144541 -0.707110
vn 0.692179 0.144629 -0.707086
vn 0.692173 0.144548 -0.707108
vn 0.692173 0.144546 -0.707108
vn 0.692171 0.144507 -0.707119
vn 0.692176 0.144591 -0.707097
vn 0.692174 0.144553 -0.707107
vn 0.978881 0.204429 0.000000
vn 0.978881 0.204429 0.000000
vn 0.708951 0.148057 -0.689541
vn 0.708951 0.148056 -0.689542
vn 0.741218 0.154795 -0.653173
vn 0.741219 0.154795 -0.653172
vn 0.771699 0.161161 -0.615230
vn 0.771699 0.161161 -0.615230
vn 0.800317 0.167137 -0.575810
vn 0.827013 0.172712 -0.534996
vn 0.800318 0.167137 -0.575810
vn 0.851711 0.177870 -0.492900
vn 0.827013 0.172712 -0.534996
vn 0.851711 0.177870 -0.492900
vn 0.874362 0.182601 -0.449610
vn 0.874361 0.182601 -0.449610
vn 0.894902 0.186890 -0.405243
vn 0.913291 0.190731 -0.359891
vn 0.894902 0.186890 -0.405243
vn 0.913290 0.190731 -0.359892
vn 0.929473 0.194110 -0.313688
vn 0.929474 0.194110 -0.313688
vn 0.943423 0.197023 -0.266710
vn 0.955096 0.199461 -0.219104
vn 0.943423 0.197023 -0.266710
vn 0.955096 0.199461 -0.219104
vn 0.964471 0.201419 -0.170957
vn 0.971519 0.202891 -0.122414
vn 0.964471 0.201419 -0.170957
vn 0.971519 0.202891 -0.122414
vn 0.976229 0.203875 -0.073561
vn 0.976229 0.203875 -0.073560
vn 0.978587 0.204367 -0.024542
vn 0.978587 0.204367 -0.024542
vn 0.978587 0.204367 0.024542
vn 0.978587 0.204367 0.024546
vn 0.976229 0.203875 0.073561
vn 0.976229 0.203875 0.073560
vn 0.971520 0.202891 0.122413
vn 0.971520 0.202891 0.122411
vn 0.964471 0.201419 0.170957
vn 0.964470 0.201419 0.170959
vn 0.955096 0.199461 0.219104
vn 0.955097 0.199461 0.219102
vn 0.943423 0.197023 0.266711
vn 0.943423 0.197023 0.266711
vn 0.929474 0.194110 0.313688
vn 0.929474 0.194110 0.313686
vn 0.913291 0.190731 0.359891
vn 0.913291 0.190731 0.359891
vn 0.894902 0.186890 0.405243
vn 0.894902 0.186890 0.405244
vn 0.874361 0.182601 0.449610
vn 0.874361 0.182601 0.449610
vn 0.851711 0.177870 0.492900
vn 0.851713 0.177871 0.492896
vn 0.827013 0.172712 0.534996
vn 0.827011 0.172712 0.534998
vn 0.800316 0.167137 0.575812
vn 0.800316 0.167137 0.575812
vn 0.771702 0.161161 0.615226
vn 0.771702 0.161161 0.615226
vn 0.741216 0.154795 0.653175
vn 0.741215 0.154795 0.653176
vn 0.708951 0.148057 0.689541
vn 0.708952 0.148057 0.689541
vn 0.978882 0.204428 0.000000
vn 0.978882 0.204428 0.000000
vn 0.692174 0.144553 0.707107
vn 0.692174 0.144553 0.707107
vn 0.024022 0.005017 0.999699
vn 0.024022 0.005017 0.999699
vn 0.072016 0.015040 0.997290
vn 0.119823 0.025024 0.992480
vn 0.072016 0.015040 0.997290
vn 0.119823 0.025024 0.992480
vn 0.167349 0.034949 0.985278
vn 0.214477 0.044791 0.975702
vn 0.167348 0.034949 0.985278
vn 0.261078 0.054523 0.963777
vn 0.214478 0.044791 0.975701
vn 0.261078 0.054523 0.963777
vn 0.307057 0.064125 0.949528
vn 0.307056 0.064125 0.949529
vn 0.352295 0.073573 0.932993
vn 0.396685 0.082843 0.914209
vn 0.352296 0.073573 0.932992
vn 0.396685 0.082843 0.914209
vn 0.440120 0.091914 0.893222
vn 0.440119 0.091914 0.893223
vn 0.482482 0.100761 0.870091
vn 0.523709 0.109371 0.844848
vn 0.482482 0.100761 0.870091
vn 0.523709 0.109371 0.844848
vn 0.563647 0.117711 0.817586
vn 0.602236 0.125770 0.788349
vn 0.563641 0.117710 0.817590
vn 0.602243 0.125772 0.788343
vn 0.639373 0.133526 0.757214
vn 0.674979 0.140962 0.724247
vn 0.639372 0.133526 0.757215
vn 0.674979 0.140962 0.724247
vn 0.708955 0.148057 0.689537
vn 0.708955 0.148057 0.689537
vn 0.741217 0.154795 0.653174
vn 0.741218 0.154795 0.653172
vn 0.771698 0.161161 0.615231
vn 0.800315 0.167137 0.575813
vn 0.771697 0.161160 0.615233
vn 0.800317 0.167137 0.575811
vn 0.827016 0.172713 0.534990
vn 0.851712 0.177871 0.492898
vn 0.827016 0.172713 0.534990
vn 0.851712 0.177871 0.492898
vn 0.874362 0.182601 0.449610
vn 0.874361 0.182600 0.449612
vn 0.894902 0.186890 0.405243
vn 0.913286 0.190730 0.359905
vn 0.894903 0.186891 0.405241
vn 0.913286 0.190730 0.359905
vn 0.929479 0.194111 0.313671
vn 0.943424 0.197024 0.266708
vn 0.929478 0.194111 0.313674
vn 0.943424 0.197024 0.266708
vn 0.955095 0.199461 0.219108
vn 0.955095 0.199461 0.219108
vn 0.964471 0.201419 0.170955
vn 0.964469 0.201419 0.170967
vn 0.971519 0.202891 0.122417
vn 0.971521 0.202891 0.122404
vn 0.976229 0.203875 0.073562
vn 0.978587 0.204367 0.024548
vn 0.976229 0.203875 0.073562
vn 0.978587 0.204367 0.024546
vn 0.674979 0.140962 0.724247
vn 0.639381 0.133528 0.757207
vn 0.674979 0.140962 0.724247
vn 0.639381 0.133528 0.757207
vn 0.602239 0.125771 0.788346
vn 0.602239 0.125771 0.788346
vn 0.563648 0.117712 0.817585
vn 0.523697 0.109368 0.844855
vn 0.563646 0.117711 0.817586
vn 0.523699 0.109369 0.844854
vn 0.482491 0.100763 0.870086
vn 0.482491 0.100763 0.870086
vn 0.440116 0.091913 0.893224
vn 0.440116 0.091913 0.893225
vn 0.396682 0.082843 0.914210
vn 0.396682 0.082843 0.914210
vn 0.352291 0.073572 0.932994
vn 0.352291 0.073572 0.932994
vn 0.307061 0.064126 0.949527
vn 0.307062 0.064127 0.949526
vn 0.261080 0.054524 0.963776
vn 0.261079 0.054523 0.963776
vn 0.214474 0.044791 0.975702
vn 0.167350 0.034949 0.985278
vn 0.214474 0.044790 0.975702
vn 0.119824 0.025024 0.992480
vn 0.167351 0.034949 0.985278
vn 0.119824 0.025024 0.992480
vn 0.072016 0.015040 0.997290
vn 0.072016 0.015040 0.997290
vn 0.024018 0.005016 0.999699
vn 0.024018 0.005016 0.999699
vn 0.000000 -0.000000 1.000000
vn 0.000000 0.000000 1.000000
vn 0.000000 -0.000000 1.000000
vn 0.000000 0.000000 1.000000
vn 0.000000 -0.000000 1.000000
vn 0.000000 0.000000 1.000000
vn 0.000000 -0.000000 1.000000
vn 0.000000 0.000000 1.000000
vn 0.000000 -0.000000 1.000000
vn 0.000000 0.000000 1.000000
vn 0.000000 -0.000000 1.000000
vn 0.000000 0.000000 1.000000
vn 0.000000 -0.000000 1.000000
vn 0.000000 0.000000 1.000000
vn 0.000000 -0.000000 1.000000
vn 0.000000 0.000000 1.000000
vn 0.000000 -0.000000 1.000000
vn 0.000000 0.000000 1.000000
vn 0.000000 -0.000000 1.000000
vn 0.000000 0.000000 1.000000
vn 0.000000 -0.000000 1.000000
vn 0.000000 0.000000 1.000000
vn 0.000000 -0.000000 1.000000
vn 0.000000 0.000000 1.000000
vn 0.000000 -0.000000 1.000000
vn 0.000000 0.000000 1.000000
vn 0.000000 -0.000000 1.000000
vn 0.000000 0.000000 1.000000
vn 0.000000 -0.000000 1.000000
vn 0.000000 0.000000 1.000000
vn 0.000000 -0.000000 1.000000
vn 0.000000 0.000000 1.000000
vn 0.000000 0.000000 1.000000
vn 0.000000 0.000000 1.000000
vn 0.000000 0.000000 1.000000
vn 0.000000 0.000000 1.000000
vn 0.000000 0.000000 1.000000
vn 0.000000 0.000000 1.000000
vn 0.000000 0.000000 1.000000
vn 0.000000 0.000000 1.000000
vn 0.000000 0.000000 1.000000
vn 0.000000 0.000000 1.000000
vn 0.000000 0.000000 1.000000
vn 0.000000 0.000000 1.000000
vn 0.000000 0.000000 1.000000
vn 0.000000 0.000000 1.000000
vn 0.000000 0.000000 1.000000
vn 0.000000 0.000000 1.000000
vn 0.000000 0.000000 1.000000
vn 0.000000 0.000000 1.000000
vn 0.000000 0.000000 1.000000
vn 0.000000 0.000000 1.000000
vn 0.000000 0.000000 1.000000
vn 0.000000 0.000000 1.000000
vn 0.000000 0.000000 1.000000
vn 0.000000 0.000000 1.000000
vn 0.000000 0.000000 1.000000
vn 0.000000 0.000000 1.000000
vn 0.000000 0.000000 1.000000
vn 0.000000 0.000000 1.000000
vn 0.000000 0.000000 1.000000
vn 0.000000 0.000000 1.000000
vn 0.000000 0.000000 1.000000
vn 0.000000 0.000000 1.000000
vn 0.000000 -0.000000 1.000000
vn 0.000000 -0.000000 1.000000
vn 0.000000 -0.000000 1.000000
vn 0.000000 -0.000000 1.000000
vn 0.000000 -0.000000 1.000000
vn 0.000000 -0.000000 1.000000
vn 0.000000 -0.000000 1.000000
vn 0.000000 -0.000000 1.000000
vn 0.000000 -0.000000 1.000000
vn 0.000000 -0.000000 1.000000
vn 0.000000 -0.000000 1.000000
vn 0.000000 -0.000000 1.000000
vn 0.000000 -0.000000 1.000000
vn 0.000000 -0.000000 1.000000
vn 0.000000 -0.000000 1.000000
vn 0.000000 -0.000000 1.000000
vn 0.000000 -0.000000 1.000000
vn -0.000000 0.000000 1.000000
vn -0.000000 0.000000 1.000000
vn -0.000000 0.000000 1.000000
vn -0.000000 0.000000 1.000000
vn -0.000000 0.000000 1.000000
vn -0.000000 0.000000 1.000000
vn -0.000000 0.000000 1.000000
vn -0.000000 0.000000 1.000000
vn -0.000000 0.000000 1.000000
vn -0.000000 0.000000 1.000000
vn -0.000000 0.000000 1.000000
vn -0.000000 0.000000 1.000000
vn -0.000000 0.000000 1.000000
vn -0.000000 0.000000 1.000000
vn -0.000000 0.000000 1.000000
vn -0.000000 0.000000 1.000000
vn -0.000000 0.000000 1.000000
vn -0.000000 0.000000 1.000000
vn -0.000000 0.000000 1.000000
vn -0.000000 0.000000 1.000000
vn -0.000000 0.000000 1.000000
vn -0.000000 0.000000 1.000000
vn -0.000000 0.000000 1.000000
vn -0.000000 0.000000 1.000000
vn -0.000000 0.000000 1.000000
vn -0.000000 0.000000 1.000000
vn -0.000000 0.000000 1.000000
vn -0.000000 0.000000 1.000000
vn -0.000000 0.000000 1.000000
vn -0.000000 0.000000 1.000000
vn -0.000000 0.000000 1.000000
vn -0.000000 0.000000 1.000000
vn -0.000000 0.000000 1.000000
vn -0.000000 0.000000 1.000000
vn -0.000000 0.000000 1.000000
vn -0.000000 0.000000 1.000000
vn -0.000000 0.000000 1.000000
vn -0.000000 0.000000 1.000000
vn -0.000000 0.000000 1.000000
vn -0.000000 0.000000 1.000000
vn -0.000000 0.000000 1.000000
vn -0.000000 0.000000 1.000000
vn -0.000000 0.000000 1.000000
vn -0.000000 0.000000 1.000000
vn -0.000000 -0.000000 1.000000
vn -0.000000 -0.000000 1.000000
vn -0.000000 -0.000000 1.000000
vn -0.000000 -0.000000 1.000000
vn -0.000000 -0.000000 1.000000
vn 0.000000 0.000000 1.000000
vn 0.000000 0.000000 1.000000
vn -0.024018 -0.005016 0.999699
vn -0.072016 -0.015040 0.997290
vn -0.024018 -0.005016 0.999699
vn -0.072016 -0.015040 0.997290
vn -0.119824 -0.025024 0.992480
vn -0.167351 -0.034949 0.985278
vn -0.119824 -0.025024 0.992480
vn -0.214474 -0.044791 0.975702
vn -0.167351 -0.034949 0.985278
vn -0.214474 -0.044791 0.975702
vn -0.261080 -0.054524 0.963776
vn -0.307060 -0.064126 0.949527
vn -0.261080 -0.054524 0.963776
vn -0.307060 -0.064126 0.949527
vn -0.352291 -0.073572 0.932994
vn -0.352291 -0.073572 0.932994
vn -0.396684 -0.082843 0.914210
vn -0.440116 -0.091913 0.893224
vn -0.396683 -0.082843 0.914210
vn -0.440117 -0.091913 0.893224
vn -0.482491 -0.100763 0.870086
vn -0.482491 -0.100763 0.870086
vn -0.523697 -0.109368 0.844855
vn -0.563648 -0.117712 0.817585
vn -0.523696 -0.109368 0.844856
vn -0.602239 -0.125771 0.788346
vn -0.563648 -0.117712 0.817585
vn -0.602239 -0.125771 0.788346
vn -0.639381 -0.133528 0.757207
vn -0.674977 -0.140961 0.724248
vn -0.639381 -0.133528 0.757207
vn -0.674977 -0.140961 0.724248
vn -0.692174 -0.144553 0.707107
vn -0.692174 -0.144553 0.707107
vn -0.024022 -0.005017 0.999699
vn -0.024022 -0.005017 0.999699
vn -0.072015 -0.015039 0.997290
vn -0.119825 -0.025024 0.992480
vn -0.072015 -0.015040 0.997290
vn -0.119825 -0.025024 0.992480
vn -0.167346 -0.034948 0.985279
vn -0.214480 -0.044792 0.975701
vn -0.167346 -0.034948 0.985279
vn -0.261078 -0.054523 0.963777
vn -0.214480 -0.044792 0.975701
vn -0.261078 -0.054523 0.963777
vn -0.307053 -0.064125 0.949530
vn -0.307053 -0.064125 0.949530
vn -0.352295 -0.073573 0.932993
vn -0.396690 -0.082844 0.914207
vn -0.352296 -0.073573 0.932992
vn -0.396689 -0.082844 0.914207
vn -0.440115 -0.091913 0.893225
vn -0.440114 -0.091913 0.893225
vn -0.482482 -0.100761 0.870091
vn -0.523708 -0.109371 0.844848
vn -0.482487 -0.100762 0.870088
vn -0.523703 -0.109370 0.844851
vn -0.563647 -0.117711 0.817586
vn -0.602236 -0.125770 0.788349
vn -0.563647 -0.117711 0.817586
vn -0.602236 -0.125770 0.788349
vn -0.639379 -0.133527 0.757209
vn -0.674973 -0.140961 0.724253
vn -0.639380 -0.133527 0.757208
vn -0.674973 -0.140961 0.724253
vn -0.708961 -0.148059 0.689531
vn -0.708961 -0.148059 0.689531
vn -0.741211 -0.154794 0.653180
vn -0.741218 -0.154795 0.653172
vn -0.771697 -0.161161 0.615232
vn -0.800316 -0.167137 0.575812
vn -0.771697 -0.161160 0.615233
vn -0.800311 -0.167136 0.575820
vn -0.827016 -0.172713 0.534990
vn -0.851712 -0.177871 0.492898
vn -0.827021 -0.172714 0.534983
vn -0.851708 -0.177870 0.492906
vn -0.874361 -0.182601 0.449611
vn -0.874361 -0.182600 0.449612
vn -0.894903 -0.186890 0.405242
vn -0.913290 -0.190730 0.359894
vn -0.894902 -0.186890 0.405243
vn -0.913290 -0.190730 0.359894
vn -0.929475 -0.194110 0.313684
vn -0.943424 -0.197024 0.266708
vn -0.929475 -0.194111 0.313683
vn -0.943424 -0.197024 0.266708
vn -0.955095 -0.199461 0.219108
vn -0.955095 -0.199461 0.219108
vn -0.964471 -0.201419 0.170955
vn -0.964471 -0.201419 0.170955
vn -0.971519 -0.202891 0.122417
vn -0.971519 -0.202891 0.122417
vn -0.976229 -0.203875 0.073562
vn -0.978587 -0.204367 0.024547
vn -0.976229 -0.203875 0.073562
vn -0.978587 -0.204367 0.024546
vn -0.708951 -0.148057 0.689541
vn -0.708951 -0.148057 0.689541
vn -0.741215 -0.154794 0.653177
vn -0.741214 -0.154794 0.653177
vn -0.771702 -0.161161 0.615226
vn -0.800318 -0.167137 0.575810
vn -0.771702 -0.161161 0.615226
vn -0.827009 -0.172712 0.535001
vn -0.800318 -0.167137 0.575810
vn -0.827009 -0.172712 0.535001
vn -0.851715 -0.177871 0.492894
vn -0.874361 -0.182601 0.449611
vn -0.851714 -0.177871 0.492894
vn -0.874358 -0.182600 0.449616
vn -0.894902 -0.186890 0.405243
vn -0.894905 -0.186891 0.405236
vn -0.913291 -0.190731 0.359892
vn -0.929474 -0.194110 0.313687
vn -0.913291 -0.190731 0.359891
vn -0.929474 -0.194110 0.313688
vn -0.943423 -0.197023 0.266710
vn -0.943423 -0.197023 0.266711
vn -0.955096 -0.199461 0.219104
vn -0.964471 -0.201419 0.170957
vn -0.955096 -0.199461 0.219104
vn -0.971519 -0.202891 0.122414
vn -0.964470 -0.201419 0.170963
vn -0.971520 -0.202891 0.122407
vn -0.976229 -0.203875 0.073561
vn -0.978587 -0.204367 0.024542
vn -0.976229 -0.203875 0.073561
vn -0.978587 -0.204367 0.024542
vn -0.978881 -0.204429 0.000000
vn -0.978881 -0.204429 0.000000
vn -0.204428 0.978881 0.000001
vn -0.204428 0.978882 -0.000001
vn -0.204428 0.978882 0.000003
vn -0.204428 0.978882 -0.000001
vn -0.204428 0.978881 0.000006
vn -0.204428 0.978882 -0.000007
vn -0.204428 0.978882 -0.000006
vn -0.204428 0.978882 -0.000012
vn -0.204428 0.978882 0.000012
vn -0.204428 0.978882 0.000009
vn -0.204428 0.978882 0.000009
vn -0.204428 0.978881 0.000007
vn -0.204428 0.978882 -0.000019
vn -0.204429 0.978881 0.000019
vn -0.204429 0.978881 -0.000022
vn -0.204428 0.978882 -0.000009
vn -0.204428 0.978882 0.000006
vn -0.204428 0.978882 -0.000026
vn -0.204429 0.978881 0.000005
vn -0.204429 0.978881 0.000002
vn -0.204428 0.978882 0.000013
vn -0.204428 0.978881 -0.000007
vn -0.204428 0.978882 -0.000001
vn -0.204429 0.978881 -0.000012
vn -0.204429 0.978881 0.000039
vn -0.204428 0.978881 0.000022
vn -0.204429 0.978881 0.000004
vn -0.204429 0.978881 0.000010
vn -0.204429 0.978881 -0.000002
vn -0.204429 0.978881 -0.000002
vn -0.204429 0.978881 0.000006
vn -0.204429 0.978881 -0.000007
vn -0.204429 0.978881 -0.000021
vn -0.204429 0.978881 -0.000014
vn -0.204428 0.978882 0.000003
vn -0.204429 0.978882 -0.000001
vn -0.204429 0.978881 0.000002
vn -0.204429 0.978881 0.000022
vn -0.204429 0.978881 0.000013
vn -0.204429 0.978881 -0.000007
vn -0.204428 0.978882 0.000006
vn -0.204429 0.978881 0.000009
vn -0.204429 0.978881 -0.000011
vn -0.204428 0.978882 0.000011
vn -0.204429 0.978881 -0.000031
vn -0.204429 0.978881 -0.000028
vn -0.204428 0.978882 0.000001
vn -0.204428 0.978882 0.000012
vn -0.204429 0.978881 0.000039
vn -0.204429 0.978881 0.000035
vn -0.204428 0.978881 0.000000
vn -0.204428 0.978881 -0.000000
vn -0.204428 0.978882 -0.000116
vn -0.204429 0.978881 0.000035
vn -0.204428 0.978882 0.000002
vn -0.204428 0.978881 -0.000002
vn -0.204429 0.978881 -0.000012
vn -0.204428 0.978882 -0.000001
vn -0.204428 0.978882 0.000008
vn -0.204429 0.978881 -0.000008
vn -0.204428 0.978882 0.000000
vn -0.204428 0.978882 0.000000
vn -0.204430 0.978881 0.000004
vn -0.204429 0.978881 0.000001
vn -0.204429 0.978881 0.000002
vn -0.204427 0.978882 -0.000006
vn -0.204428 0.978882 -0.000000
vn -0.204429 0.978881 0.000004
vn -0.204429 0.978881 0.000003
vn -0.204427 0.978882 -0.000007
vn -0.204429 0.978881 0.000001
vn -0.204429 0.978881 0.000002
vn -0.204427 0.978882 -0.000006
vn -0.204428 0.978882 -0.000002
vn -0.204431 0.978881 0.000007
vn -0.204430 0.978881 0.000005
vn -0.204426 0.978882 -0.000007
vn -0.204428 0.978881 -0.000001
vn -0.204428 0.978882 -0.000002
vn -0.204431 0.978881 0.000006
vn -0.204428 0.978882 -0.000001
vn -0.204427 0.978882 -0.000001
vn -0.204426 0.978882 -0.000005
vn -0.204428 0.978882 -0.000001
vn -0.204429 0.978881 0.000001
vn -0.204430 0.978881 0.000002
vn -0.204427 0.978882 -0.000002
vn -0.204435 0.978880 0.000008
vn -0.204428 0.978882 -0.000000
vn -0.204424 0.978882 -0.000006
vn -0.204430 0.978881 0.000002
vn -0.204427 0.978882 -0.000003
vn -0.204430 0.978881 0.000003
vn -0.204428 0.978882 -0.000001
vn -0.204429 0.978881 0.000000
vn -0.204428 0.978882 0.000000
vn -0.204428 0.978882 0.000000
vn -0.204428 0.978881 0.000000
vn -0.204428 0.978882 0.000000
vn -0.204428 0.978882 -0.000000
vn -0.204427 0.978882 -0.000001
vn -0.204428 0.978882 0.000000
vn -0.204430 0.978881 0.000002
vn -0.204425 0.978882 -0.000003
vn -0.204431 0.978881 0.000002
vn -0.204425 0.978882 -0.000002
vn -0.204429 0.978881 0.000000
vn -0.204433 0.978881 0.000002
vn -0.204428 0.978882 0.000000
vn -0.204429 0.978881 0.000000
vn -0.204429 0.978881 0.000001
vn -0.204426 0.978882 -0.000001
vn -0.204430 0.978881 0.000001
vn -0.204428 0.978882 0.000000
vn -0.204426 0.978882 -0.000001
vn -0.204428 0.978882 0.000000
vn -0.204433 0.978881 0.000002
vn -0.204429 0.978881 -0.000000
vn -0.204425 0.978882 -0.000003
vn -0.204431 0.978881 0.000002
vn -0.204431 0.978881 0.000002
vn -0.204425 0.978882 -0.000004
vn -0.204426 0.978882 -0.000003
vn -0.204434 0.978880 0.000008
vn -0.204423 0.978883 -0.000009
vn -0.204433 0.978881 0.000007
vn -0.204429 0.978881 0.000001
vn -0.204427 0.978882 -0.000004
vn -0.204428 0.978882 0.000012
vn -0.204428 0.978882 0.000001
vn -0.204428 0.978881 0.000003
vn -0.204428 0.978882 -0.000003
vn -0.204428 0.978881 -0.000001
vn -0.204429 0.978882 0.000003
vn -0.204428 0.978882 0.000005
vn -0.204429 0.978881 -0.000005
vn -0.204429 0.978881 0.000007
vn -0.204428 0.978882 -0.000006
vn -0.204428 0.978882 -0.000007
vn -0.204429 0.978881 -0.000008
vn -0.204429 0.978881 -0.000008
vn -0.204429 0.978881 0.000004
vn -0.204428 0.978881 -0.000002
vn -0.204428 0.978882 -0.000007
vn -0.204429 0.978881 0.000010
vn -0.204429 0.978881 -0.000002
vn -0.204428 0.978882 0.000009
vn -0.204428 0.978882 -0.000016
vn -0.204428 0.978882 0.000003
vn -0.204428 0.978882 -0.000011
vn -0.204429 0.978881 0.000011
vn -0.204428 0.978881 0.000006
vn -0.204429 0.978881 0.000015
vn -0.204429 0.978881 -0.000004
vn -0.204429 0.978881 -0.000004
vn -0.204429 0.978882 0.000004
vn -0.204429 0.978881 -0.000002
vn -0.204429 0.978881 -0.000004
vn -0.204429 0.978882 -0.000007
vn -0.204428 0.978882 -0.000007
vn -0.204429 0.978882 0.000000
vn -0.204429 0.978881 0.000016
vn -0.204428 0.978881 -0.000014
vn -0.204428 0.978882 -0.000003
vn -0.204428 0.978881 0.000018
vn -0.204429 0.978882 0.000031
vn -0.204428 0.978882 0.000007
vn -0.204428 0.978882 0.000009
vn -0.204429 0.978881 0.000009
vn -0.204428 0.978882 -0.000030
vn -0.204428 0.978881 -0.000007
vn -0.204428 0.978881 -0.000002
vn -0.204428 0.978882 0.000002
vn -0.204429 0.978882 -0.000040
vn -0.204429 0.978882 0.000036
vn -0.204428 0.978881 -0.000001
vn -0.204428 0.978882 0.000001
vn -0.204429 0.978881 -0.000025
vn -0.204428 0.978881 -0.000000
vn -0.204429 0.978881 -0.000003
vn -0.204429 0.978881 0.000023
vn -0.204429 0.978881 -0.000035
vn -0.204429 0.978881 -0.000000
vn -0.204428 0.978882 0.000003
vn -0.204428 0.978881 -0.000001
vn -0.204428 0.978882 0.000001
vn -0.204428 0.978882 0.000005
vn -0.204429 0.978882 -0.000005
vn -0.204429 0.978881 0.000000
vn -0.204428 0.978882 0.000002
vn -0.204428 0.978881 0.000001
vn -0.204429 0.978881 -0.000002
vn -0.204429 0.978881 -0.000001
vn -0.204426 0.978882 0.000007
vn -0.204430 0.978881 -0.000004
vn -0.204429 0.978881 0.000000
vn -0.204427 0.978882 0.000002
vn -0.204429 0.978881 -0.000001
vn -0.204427 0.978882 0.000003
vn -0.204429 0.978881 -0.000002
vn -0.204428 0.978882 0.000001
vn -0.204427 0.978882 0.000002
vn -0.204431 0.978881 -0.000003
vn -0.204425 0.978882 0.000004
vn -0.204431 0.978881 -0.000002
vn -0.204431 0.978881 -0.000002
vn -0.204428 0.978882 -0.000000
vn -0.204426 0.978882 0.000001
vn -0.204429 0.978881 -0.000000
vn -0.204429 0.978882 -0.000000
vn -0.204429 0.978881 -0.000001
vn -0.204429 0.978881 -0.000004
vn -0.204428 0.978882 -0.000000
vn -0.204428 0.978882 0.000000
vn -0.204428 0.978882 -0.000000
vn -0.204428 0.978882 0.000000
vn -0.204428 0.978882 -0.000001
vn -0.204434 0.978880 -0.000002
vn -0.204429 0.978881 0.000000
vn -0.204429 0.978881 -0.000003
vn -0.204430 0.978881 -0.000000
vn -0.204430 0.978881 -0.000005
vn -0.204426 0.978882 0.000007
vn -0.204428 0.978882 0.000000
vn -0.204429 0.978882 0.000000
vn -0.204429 0.978882 0.000001
vn -0.204426 0.978882 0.000001
vn -0.204430 0.978881 -0.000005
vn -0.204431 0.978881 -0.000001
vn -0.204429 0.978882 0.000000
vn -0.204428 0.978881 0.000001
vn -0.204424 0.978882 0.000003
vn -0.204428 0.978882 0.000002
vn -0.204431 0.978881 -0.000002
vn -0.204429 0.978881 -0.000000
vn -0.204425 0.978882 0.000003
vn -0.204427 0.978882 0.000002
vn -0.204428 0.978882 0.000001
vn -0.204428 0.978882 0.000000
vn -0.204430 0.978881 -0.000002
vn -0.204432 0.978881 -0.000004
vn -0.204429 0.978881 -0.000000
vn -0.204428 0.978882 0.000001
vn -0.204429 0.978881 0.000000
vn -0.204430 0.978881 -0.000002
vn -0.204428 0.978882 0.000000
vn -0.204427 0.978882 0.000002
vn -0.204429 0.978881 0.000000
vn -0.204429 0.978881 -0.000000
vn -0.204430 0.978881 -0.000001
vn -0.204432 0.978881 -0.000007
vn -0.204426 0.978882 0.000004
vn -0.204426 0.978882 0.000003
vn -0.204430 0.978881 -0.000002
vn -0.204428 0.978882 0.000000
vn -0.204429 0.978881 0.000000
vn -0.204429 0.978881 0.000000
vn -0.204428 0.978882 0.000001
vn -0.204428 0.978881 -0.000593
vn -0.204429 0.978881 -0.000381
vn -0.204429 0.978881 0.000147
vn -0.204428 0.978881 0.000000
vn -0.204429 0.978881 -0.000077
vn -0.204429 0.978882 0.000109
vn -0.204429 0.978881 0.000011
vn -0.204429 0.978881 0.000019
vn -0.675166 -0.140062 -0.724246
vn -0.675483 -0.138774 -0.724199
vn -0.675825 -0.137566 -0.724111
vn -0.676225 -0.136408 -0.723956
vn -0.676653 -0.135388 -0.723748
vn -0.677197 -0.134383 -0.723426
vn -0.677894 -0.133486 -0.722939
vn -0.663038 -0.119895 -0.738922
vn -0.631883 -0.167495 -0.756749
vn -0.663996 -0.118794 -0.738239
vn -0.675592 -0.148781 -0.722107
vn -0.675340 -0.147879 -0.722529
vn -0.675221 -0.147080 -0.722803
vn -0.675181 -0.146361 -0.722986
vn -0.675193 -0.145453 -0.723158
vn -0.675304 -0.144146 -0.723316
vn -0.675567 -0.142363 -0.723424
vn -0.647553 -0.105564 -0.754673
vn -0.657404 -0.155107 -0.737402
vn -0.001675 -0.075108 -0.997174
vn -0.410051 -0.013938 -0.911956
vn -0.348827 -0.089917 -0.932864
vn -0.407961 -0.005440 -0.912983
vn -0.456983 -0.001912 -0.889474
vn -0.401207 -0.000313 -0.915987
vn -0.632424 -0.123474 -0.764718
vn -0.632083 -0.127258 -0.764380
vn -0.631488 -0.131024 -0.764236
vn -0.630639 -0.134733 -0.764292
vn -0.400398 -0.198383 -0.894609
vn -0.429239 -0.178799 -0.885316
vn -0.375209 -0.169978 -0.911222
vn -0.358101 -0.121493 -0.925745
vn -0.392487 -0.146840 -0.907960
vn -0.380240 -0.167078 -0.909672
vn -0.358662 -0.095150 -0.928605
vn -0.611226 -0.079376 -0.787466
vn -0.574770 -0.059501 -0.816149
vn -0.570678 0.052808 -0.819474
vn -0.533488 -0.059042 -0.843744
vn -0.487113 -0.077984 -0.869850
vn -0.504263 -0.064970 -0.861103
vn -0.562377 0.017786 -0.826690
vn -0.650036 -0.128613 -0.748940
vn -0.306827 -0.065248 -0.949526
vn -0.397190 0.041919 -0.916778
vn -0.407804 -0.005575 -0.913052
vn -0.657962 -0.111688 -0.744722
vn -0.566449 -0.048580 -0.822664
vn -0.650872 -0.087490 -0.754129
vn -0.565016 -0.051357 -0.823480
vn -0.663858 -0.101544 -0.740933
vn -0.439760 0.019955 -0.897894
vn -0.416932 0.049897 -0.907567
vn -0.439988 0.021383 -0.897749
vn -0.564019 -0.052907 -0.824065
vn -0.658839 -0.116495 -0.743209
vn -0.657682 -0.118429 -0.743928
vn -0.655767 -0.120309 -0.745316
vn -0.653367 -0.121962 -0.747153
vn -0.650202 -0.123564 -0.749646
vn -0.646255 -0.125098 -0.752798
vn -0.632258 -0.129396 -0.763876
vn -0.663035 -0.103397 -0.741413
vn -0.563687 -0.053323 -0.824266
vn -0.416986 0.049934 -0.907540
vn -0.448748 0.028308 -0.893210
vn -0.401636 0.071064 -0.913038
vn -0.443212 0.016344 -0.896268
vn -0.419443 0.066396 -0.905350
vn -0.029081 0.019265 -0.999391
vn -0.178489 0.382952 -0.906361
vn -0.116904 0.223731 -0.967614
vn -0.101154 0.176590 -0.979073
vn -0.125448 0.129566 -0.983603
vn -0.238792 0.247334 -0.939044
vn -0.275174 0.216483 -0.936704
vn -0.110060 0.177590 -0.977931
vn -0.168793 0.231184 -0.958156
vn -0.085326 0.096850 -0.991635
vn -0.226660 0.222098 -0.948313
vn -0.262141 0.187183 -0.946702
vn -0.269813 0.178147 -0.946290
vn -0.280090 0.171051 -0.944612
vn -0.293159 0.165538 -0.941624
vn -0.264773 0.195498 -0.944286
vn -0.120490 0.181352 -0.976009
vn -0.158234 0.203594 -0.966184
vn -0.104021 0.120826 -0.987209
vn -0.219318 0.204918 -0.953891
vn -0.141508 0.125897 -0.981899
vn -0.130455 0.184454 -0.974145
vn -0.131629 0.174166 -0.975879
vn -0.140372 0.172465 -0.974962
vn -0.152696 0.185792 -0.970652
vn -0.138851 0.117615 -0.983304
vn -0.131472 0.100585 -0.986204
vn -0.120023 0.138395 -0.983077
vn -0.135287 0.108798 -0.984815
vn -0.250343 0.135124 -0.958681
vn -0.269196 0.170961 -0.947790
vn -0.229120 0.204233 -0.951732
vn -0.232553 0.194217 -0.952995
vn -0.240004 0.185592 -0.952866
vn -0.253623 0.143648 -0.956577
vn -0.259671 0.181708 -0.948448
vn -0.206552 0.144470 -0.967711
vn -0.188195 0.215210 -0.958263
vn -0.188324 0.201328 -0.961250
vn -0.191947 0.192619 -0.962317
vn -0.198652 0.187659 -0.961936
vn -0.202580 0.133937 -0.970063
vn -0.183639 0.193601 -0.963740
vn -0.126935 0.091722 -0.987661
vn -0.231185 0.181289 -0.955870
vn -0.214461 0.190912 -0.957893
vn -0.197164 0.123152 -0.972605
vn -0.470758 0.042439 -0.881241
vn -0.375485 0.195917 -0.905885
vn -0.366578 0.146145 -0.918838
vn -0.362024 0.071196 -0.929446
vn -0.481582 0.101695 -0.870481
vn -0.480914 0.096555 -0.871435
vn -0.384104 0.184929 -0.904580
vn -0.361510 0.068238 -0.929868
vn -0.480464 0.091693 -0.872208
vn -0.371527 0.067725 -0.925949
vn -0.480200 0.086827 -0.872851
vn -0.370989 0.064615 -0.926386
vn -0.392277 0.173873 -0.903265
vn -0.480131 0.082300 -0.873327
vn -0.380476 0.063627 -0.922599
vn -0.480243 0.077726 -0.873685
vn -0.379932 0.060484 -0.923035
vn -0.400022 0.162780 -0.901934
vn -0.398737 0.148370 -0.904984
vn -0.398751 0.135057 -0.907060
vn -0.399962 0.122662 -0.908287
vn -0.402315 0.110900 -0.908760
vn -0.405784 0.099611 -0.908524
vn -0.410353 0.088696 -0.907603
vn -0.416995 0.076218 -0.905708
vn -0.645528 -0.140008 -0.750794
vn -0.648105 -0.142865 -0.748031
vn -0.649991 -0.145308 -0.745920
vn -0.651320 -0.147399 -0.744349
vn -0.652252 -0.149279 -0.743157
vn -0.652840 -0.150936 -0.742306
vn -0.653165 -0.152443 -0.741712
vn -0.653292 -0.154018 -0.741274
vn -0.632757 -0.127608 -0.763763
vn -0.653142 -0.155698 -0.741056
vn -0.556215 -0.168232 -0.813832
vn -0.650514 -0.165461 -0.741252
vn -0.556590 -0.170585 -0.813085
vn -0.556750 -0.172190 -0.812638
vn -0.651464 -0.157848 -0.742077
vn -0.650239 -0.166731 -0.741209
vn -0.556787 -0.174038 -0.812218
vn -0.647666 -0.168484 -0.743062
vn -0.647123 -0.170409 -0.743097
vn -0.556650 -0.176060 -0.811877
vn -0.517896 0.074241 -0.852216
vn -0.499364 0.051294 -0.864872
vn -0.485385 0.030535 -0.873767
vn -0.475249 0.011288 -0.879779
vn -0.468448 -0.007015 -0.883463
vn -0.464650 -0.024865 -0.885145
vn -0.483466 0.013311 -0.875262
vn -0.459012 0.013507 -0.888327
vn -0.566109 -0.053834 -0.822570
vn -0.463304 -0.048913 -0.884849
vn -0.557891 -0.062502 -0.827557
vn -0.552780 -0.068462 -0.830510
vn -0.465184 -0.042801 -0.884179
vn -0.462461 -0.054694 -0.884951
vn -0.646347 -0.161778 -0.745697
vn -0.646596 -0.173388 -0.742866
vn -0.537436 -0.225065 -0.812717
vn -0.556156 -0.178729 -0.811632
vn -0.548262 -0.074359 -0.832994
vn -0.464097 -0.060633 -0.883707
vn -0.464316 -0.078705 -0.882166
vn -0.467328 -0.097542 -0.878687
vn -0.464072 -0.060804 -0.883708
vn -0.538407 -0.182372 -0.822714
vn -0.512706 -0.243379 -0.823346
vn -0.652603 -0.141866 -0.744300
vn -0.640307 -0.162781 -0.750672
vn -0.517086 -0.186425 -0.835385
vn -0.634129 -0.180035 -0.751975
vn -0.596203 -0.171511 -0.784299
vn -0.555886 -0.176737 -0.812253
vn -0.518107 -0.165015 -0.839247
vn -0.482839 -0.136062 -0.865075
vn -0.524083 -0.109432 -0.844608
vn -0.457048 -0.113616 -0.882156
vn -0.449608 -0.130089 -0.883702
vn -0.444871 -0.147326 -0.883394
vn -0.467340 -0.097583 -0.878675
vn -0.532179 -0.151198 -0.833021
vn -0.439966 -0.164641 -0.882793
vn -0.439091 -0.183869 -0.879427
vn -0.440934 -0.205059 -0.873801
vn -0.445714 -0.228861 -0.865425
vn -0.446782 -0.129199 -0.885265
vn -0.535405 -0.164374 -0.828446
vn -0.462890 -0.193106 -0.865126
vn -0.382752 -0.216060 -0.898231
vn -0.369339 -0.228443 -0.900779
vn -0.358132 -0.242192 -0.901712
vn -0.348970 -0.257670 -0.901014
vn -0.341766 -0.275351 -0.898542
vn -0.430747 -0.181215 -0.884092
vn -0.442332 -0.247906 -0.861908
vn -0.358692 -0.203431 -0.911019
vn -0.357298 -0.208173 -0.910495
vn -0.440287 -0.254297 -0.861092
vn -0.326313 -0.286886 -0.900675
vn -0.345409 -0.206900 -0.915361
vn -0.438564 -0.261077 -0.859942
vn -0.315217 -0.302811 -0.899413
vn -0.435526 -0.276665 -0.856606
vn -0.291887 -0.307110 -0.905806
vn -0.435261 -0.194859 -0.878964
vn -0.331686 -0.209904 -0.919742
vn -0.279508 -0.323134 -0.904135
vn -0.404584 -0.273554 -0.872628
vn -0.316728 -0.210979 -0.924755
vn -0.402176 -0.280529 -0.871526
vn -0.302616 -0.205920 -0.930602
vn -0.401734 -0.193314 -0.895120
vn -0.301585 -0.210263 -0.929966
vn -0.414174 -0.220260 -0.883145
vn -0.400044 -0.288040 -0.870057
vn -0.260982 -0.333127 -0.906044
vn -0.389381 -0.190008 -0.901266
vn -0.403115 -0.233720 -0.884801
vn -0.345360 -0.224941 -0.911114
vn -0.362692 -0.181635 -0.914037
vn -0.371442 -0.255904 -0.892493
vn -0.347846 -0.215693 -0.912403
vn -0.305650 -0.125001 -0.943903
vn -0.367933 -0.160459 -0.915903
vn -0.274026 -0.271431 -0.922624
vn -0.191447 -0.270183 -0.943583
vn -0.172133 -0.267822 -0.947967
vn -0.183113 -0.267337 -0.946045
vn -0.157274 -0.270650 -0.949744
vn -0.145102 -0.279296 -0.949178
vn -0.135770 -0.294718 -0.945890
vn -0.181334 -0.273972 -0.944488
vn -0.181288 -0.293551 -0.938596
vn -0.143295 -0.205573 -0.968094
vn -0.141827 -0.190511 -0.971386
vn -0.105534 -0.259554 -0.959945
vn -0.096381 -0.272473 -0.957324
vn -0.143062 -0.218903 -0.965202
vn -0.150875 -0.242554 -0.958334
vn -0.131708 -0.264138 -0.955450
vn -0.130889 -0.288675 -0.948438
vn -0.132986 -0.329621 -0.934700
vn -0.104075 -0.243707 -0.964249
vn -0.095663 -0.171567 -0.980517
vn -0.094896 -0.185297 -0.978090
vn -0.067823 -0.225206 -0.971948
vn -0.058501 -0.232907 -0.970738
vn -0.095021 -0.155993 -0.983177
vn -0.081544 -0.241894 -0.966870
vn -0.079605 -0.270059 -0.959547
vn -0.058899 -0.139757 -0.988433
vn -0.061952 -0.219076 -0.973739
vn -0.058221 -0.155978 -0.986043
vn -0.038213 -0.188441 -0.981341
vn -0.031107 -0.200424 -0.979215
vn -0.046315 -0.208926 -0.976834
vn -0.047716 -0.186181 -0.981356
vn -0.035127 -0.134698 -0.990264
vn -0.019158 -0.041048 -0.998973
vn -0.021064 -0.196428 -0.980292
vn -0.017821 -0.278064 -0.960397
vn -0.270691 -0.006964 -0.962641
vn -0.410236 0.134680 -0.901980
vn -0.366649 0.053006 -0.928848
vn -0.368592 0.065131 -0.927307
vn -0.334557 0.111716 -0.935730
vn -0.359883 0.064114 -0.930792
vn -0.330154 0.083467 -0.940230
vn -0.393407 0.102020 -0.913686
vn -0.352341 0.045638 -0.934758
vn -0.184400 0.049822 -0.981588
vn -0.262472 0.144981 -0.953986
vn -0.361441 0.139969 -0.921829
vn -0.256693 0.146278 -0.955359
vn -0.295327 0.084094 -0.951688
vn -0.235247 0.103644 -0.966394
vn -0.234201 0.099958 -0.967036
vn -0.251742 0.148856 -0.956278
vn -0.219133 0.132348 -0.966677
vn -0.236904 0.150703 -0.959773
vn -0.170254 0.164810 -0.971520
vn -0.069854 -0.025376 -0.997234
vn -0.175292 0.126944 -0.976298
vn -0.173772 0.214038 -0.961245
vn -0.203389 0.152361 -0.967171
vn -0.328019 -0.251525 -0.910570
vn -0.311714 -0.184477 -0.932096
vn -0.231333 -0.101055 -0.967612
vn -0.309418 -0.280674 -0.908561
vn -0.301473 -0.194965 -0.933329
vn -0.310371 -0.159152 -0.937198
vn -0.254432 -0.142925 -0.956471
vn -0.229102 -0.042023 -0.972495
vn -0.268676 -0.254015 -0.929134
vn -0.242587 -0.204381 -0.948357
vn -0.240862 -0.213225 -0.946848
vn -0.162398 -0.128288 -0.978350
vn -0.179448 -0.234318 -0.955454
vn -0.163157 -0.217953 -0.962225
vn -0.147388 -0.229863 -0.961998
vn -0.175876 -0.244908 -0.953461
vn -0.087897 -0.028415 -0.995724
vn -0.141581 -0.230233 -0.962781
vn -0.119144 -0.190819 -0.974368
vn -0.055249 0.014213 -0.998371
vn -0.079250 -0.154930 -0.984742
vn -0.049592 -0.208006 -0.976870
vn -0.093006 -0.319372 -0.943055
vn -0.099448 -0.230591 -0.967955
vn -0.293157 0.051975 -0.954650
vn -0.223197 -0.001996 -0.974771
vn -0.267344 0.090036 -0.959386
vn -0.265339 0.137919 -0.954240
vn -0.291014 0.046393 -0.955593
vn -0.265756 0.134552 -0.954604
vn -0.285016 0.036440 -0.957830
vn -0.133314 0.040925 -0.990229
vn -0.191191 0.060131 -0.979709
vn -0.250883 0.198590 -0.947428
vn -0.221740 0.147479 -0.963889
vn -0.182839 0.112151 -0.976725
vn -0.173689 0.125847 -0.976726
vn -0.121354 -0.096908 -0.987867
vn -0.160911 -0.226944 -0.960523
vn -0.164566 -0.138300 -0.976622
vn -0.168555 -0.275968 -0.946272
vn -0.136755 -0.181505 -0.973835
vn -0.126777 -0.191032 -0.973362
vn -0.675823 -0.141138 -0.723425
vn -0.641909 -0.133944 -0.754992
vn -0.674956 -0.141073 -0.724247
vn -0.606290 -0.126420 -0.785131
vn -0.639340 -0.133724 -0.757207
vn -0.569079 -0.118582 -0.813688
vn -0.602185 -0.126031 -0.788346
vn -0.530359 -0.110445 -0.840548
vn -0.563582 -0.118021 -0.817586
vn -0.490250 -0.102029 -0.865589
vn -0.523624 -0.109716 -0.844856
vn -0.448870 -0.093356 -0.888707
vn -0.482413 -0.101141 -0.870085
vn -0.406371 -0.084455 -0.909797
vn -0.440032 -0.092315 -0.893224
vn -0.362871 -0.075349 -0.928788
vn -0.396594 -0.083266 -0.914210
vn -0.318553 -0.066074 -0.945600
vn -0.352199 -0.074015 -0.932994
vn -0.273553 -0.056658 -0.960187
vn -0.306965 -0.064589 -0.949526
vn -0.228039 -0.047134 -0.972510
vn -0.260979 -0.055007 -0.963776
vn -0.182163 -0.037535 -0.982552
vn -0.214368 -0.045296 -0.975702
vn -0.136115 -0.027900 -0.990300
vn -0.167240 -0.035478 -0.985278
vn -0.090023 -0.018257 -0.995772
vn -0.119709 -0.025577 -0.992480
vn -0.071896 -0.015615 -0.997290
vn -0.050172 -0.010175 -0.998689
vn -0.016680 -0.003483 -0.999855
vn -0.023911 -0.005527 -0.999699
vn -0.224520 0.974470 0.000000
vn -0.264414 0.964409 0.000148
vn -0.228772 0.973480 -0.000189
vn -0.303849 0.952720 0.000217
vn -0.277006 0.960868 -0.000297
vn -0.342774 0.939418 0.000205
vn -0.324568 0.945862 -0.000326
vn -0.381125 0.924524 0.000115
vn -0.371292 0.928516 -0.000274
vn -0.422455 0.906384 0.000127
vn -0.417123 0.908850 -0.000142
vn -0.463109 0.886301 -0.000068
vn -0.497047 0.867723 0.000054
vn -0.461913 0.886925 -0.000131
vn -0.526784 0.849999 0.000141
vn -0.505540 0.862803 -0.000290
vn -0.553393 0.832920 -0.000057
vn -0.577428 0.816442 0.000044
vn -0.547929 0.836525 -0.000288
vn -0.602942 0.797785 0.000132
vn -0.588935 0.808180 -0.000326
vn -0.631252 0.775578 -0.000063
vn -0.658279 0.752774 0.000052
vn -0.628494 0.777814 -0.000212
vn -0.666491 0.745513 -0.000307
vn -0.683127 0.730299 0.000133
vn -0.702805 0.711382 -0.000263
vn -0.705869 0.708342 -0.000099
vn -0.726934 0.686707 0.000066
vn -0.737395 0.675461 -0.000326
vn -0.746486 0.665401 0.000038
vn -0.767536 0.641006 -0.000055
vn -0.770156 0.637856 -0.000223
vn -0.791071 0.611725 0.000160
vn -0.813821 0.581115 0.000177
vn -0.800985 0.598685 -0.000322
vn -0.829834 0.558010 -0.000279
vn -0.834509 0.550995 0.000025
vn -0.853438 0.521195 -0.000029
vn -0.856625 0.515939 -0.000263
vn -0.870767 0.491696 0.000142
vn -0.886573 0.462588 0.000044
vn -0.901010 0.433798 -0.000048
vn -0.881268 0.472617 -0.000313
vn -0.914220 0.405219 0.000128
vn -0.903732 0.428099 -0.000277
vn -0.926248 0.376914 -0.000066
vn -0.937220 0.348739 0.000047
vn -0.923950 0.382514 -0.000283
vn -0.947147 0.320799 0.000071
vn -0.956050 0.293205 -0.000104
vn -0.941867 0.335986 -0.000327
vn -0.964044 0.265743 0.000103
vn -0.957443 0.288621 -0.000278
vn -0.971167 0.238400 -0.000172
vn -0.977428 0.211267 0.000082
vn -0.970639 0.240542 -0.000257
vn -0.983703 0.179801 0.000085
vn -0.981424 0.191852 -0.000312
vn -0.989881 0.141901 -0.000094
vn -0.994766 0.102180 0.000076
vn -0.989766 0.142697 -0.000131
vn -0.995648 0.093188 -0.000263
vn -0.998027 0.062785 0.000190
vn -0.999718 0.023745 0.000188
vn -0.999056 0.043444 -0.000323
vn -0.999888 -0.014973 0.000056
vn -0.998571 -0.053438 -0.000066
vn -0.999979 -0.006426 -0.000264
vn -0.995794 -0.091622 0.000129
vn -0.998417 -0.056246 -0.000188
vn -0.991573 -0.129546 0.000185
vn -0.994371 -0.105951 -0.000319
vn -0.985936 -0.167124 0.000098
vn -0.978904 -0.204319 -0.000135
vn -0.987855 -0.155375 -0.000303
vn -0.978881 -0.204431 -0.000141
vn -0.970464 -0.241245 0.000100
vn -0.967474 -0.252971 -0.000304
vn -0.960599 -0.277939 0.000186
vn -0.953664 -0.300873 -0.000318
vn -0.949299 -0.314376 0.000127
vn -0.937479 -0.348041 -0.000184
vn -0.936571 -0.350477 -0.000070
vn -0.922393 -0.386252 0.000060
vn -0.918970 -0.394328 -0.000266
vn -0.906742 -0.421686 0.000189
vn -0.898166 -0.439656 -0.000322
vn -0.889582 -0.456775 0.000189
vn -0.875132 -0.483885 -0.000260
vn -0.870833 -0.491579 0.000073
vn -0.850467 -0.526029 -0.000088
vn -0.849933 -0.526891 -0.000135
vn -0.828363 -0.560192 0.000103
vn -0.822609 -0.568607 -0.000275
vn -0.804467 -0.593997 0.000204
vn -0.793239 -0.608910 -0.000327
vn -0.778710 -0.627384 0.000235
vn -0.761909 -0.647685 -0.000313
vn -0.751021 -0.660278 0.000212
vn -0.728678 -0.684856 -0.000259
vn -0.721155 -0.692774 0.000158
vn -0.693633 -0.720328 -0.000184
vn -0.688913 -0.724844 0.000101
vn -0.654206 -0.756316 0.000058
vn -0.656850 -0.754021 -0.000108
vn -0.618462 -0.785815 -0.000059
vn -0.616710 -0.787190 0.000052
vn -0.578152 -0.815929 -0.000031
vn -0.540673 -0.841233 0.000024
vn -0.578532 -0.815660 -0.000055
vn -0.502429 -0.864618 0.000147
vn -0.537157 -0.843482 -0.000162
vn -0.461022 -0.887389 0.000219
vn -0.494428 -0.869218 -0.000228
vn -0.418414 -0.908256 0.000223
vn -0.450495 -0.892779 -0.000245
vn -0.376655 -0.926354 0.000239
vn -0.405428 -0.914127 -0.000284
vn -0.333479 -0.942757 0.000296
vn -0.359360 -0.933199 -0.000320
vn -0.288367 -0.957520 0.000286
vn -0.312401 -0.949950 -0.000327
vn -0.243613 -0.969873 0.000274
vn -0.264656 -0.964343 -0.000326
vn -0.216275 -0.976332 -0.000313
vn -0.198740 -0.980052 0.000251
vn -0.167330 -0.985901 -0.000284
vn -0.153369 -0.988169 0.000220
vn -0.117965 -0.993018 -0.000246
vn -0.106624 -0.994299 0.000203
vn -0.068345 -0.997662 -0.000213
vn -0.063959 -0.997953 -0.000030
vn -0.022298 -0.999751 0.000031
vn -0.018525 -0.999828 -0.000142
vn 0.020732 -0.999785 0.000115
vn 0.031368 -0.999508 -0.000275
vn 0.061865 -0.998084 0.000204
vn 0.081096 -0.996706 -0.000326
vn 0.102843 -0.994698 0.000218
vn 0.130716 -0.991420 -0.000297
vn 0.143688 -0.989623 0.000149
vn 0.179954 -0.983675 -0.000188
vn 0.184226 -0.982884 0.000000
vn 0.224522 -0.974469 0.000000
vn 0.264391 -0.964415 0.000148
vn 0.228772 -0.973480 -0.000189
vn 0.303851 -0.952720 0.000217
vn 0.276989 -0.960873 -0.000297
vn 0.342773 -0.939418 0.000204
vn 0.324585 -0.945857 -0.000326
vn 0.381142 -0.924517 0.000114
vn 0.371293 -0.928516 -0.000275
vn 0.417120 -0.908851 -0.000142
vn 0.458018 -0.888943 -0.000030
vn 0.420551 -0.907269 0.000031
vn 0.495657 -0.868518 0.000203
vn 0.461915 -0.886924 -0.000212
vn 0.536032 -0.844198 0.000220
vn 0.505539 -0.862803 -0.000246
vn 0.574363 -0.818600 0.000251
vn 0.547918 -0.836532 -0.000283
vn 0.611416 -0.791310 0.000274
vn 0.588947 -0.808172 -0.000313
vn 0.647490 -0.762074 0.000286
vn 0.628493 -0.777815 -0.000326
vn 0.682918 -0.730494 0.000296
vn 0.666482 -0.745521 -0.000328
vn 0.702813 -0.711374 -0.000320
vn 0.715932 -0.698170 0.000239
vn 0.737395 -0.675461 -0.000284
vn 0.746937 -0.664895 0.000223
vn 0.770148 -0.637865 -0.000245
vn 0.777649 -0.628699 0.000219
vn 0.800989 -0.598679 -0.000227
vn 0.806470 -0.591275 0.000147
vn 0.829834 -0.558010 -0.000163
vn 0.856386 -0.516336 -0.000031
vn 0.832157 -0.554540 0.000024
vn 0.856625 -0.515939 -0.000055
vn 0.880218 -0.474569 0.000052
vn 0.881270 -0.472613 -0.000059
vn 0.902222 -0.431273 0.000059
vn 0.903727 -0.428110 -0.000108
vn 0.921427 -0.388551 0.000101
vn 0.923951 -0.382510 -0.000184
vn 0.938143 -0.346247 0.000158
vn 0.941868 -0.335984 -0.000259
vn 0.952508 -0.304514 0.000212
vn 0.957443 -0.288621 -0.000313
vn 0.964718 -0.263284 0.000235
vn 0.970640 -0.240538 -0.000327
vn 0.974958 -0.222387 0.000204
vn 0.981423 -0.191856 -0.000275
vn 0.983329 -0.181837 0.000103
vn 0.994789 -0.101958 0.000072
vn 0.989911 -0.141693 -0.000088
vn 0.989767 -0.142693 -0.000135
vn 0.995648 -0.093193 -0.000260
vn 0.998041 -0.062558 0.000189
vn 0.999722 -0.023554 0.000189
vn 0.999056 -0.043435 -0.000322
vn 0.998560 0.053653 -0.000071
vn 0.999885 0.015197 0.000059
vn 0.999979 0.006421 -0.000267
vn 0.995774 0.091838 0.000127
vn 0.998417 0.056251 -0.000184
vn 0.991548 0.129740 0.000186
vn 0.994372 0.105942 -0.000318
vn 0.985902 0.167326 0.000101
vn 0.987855 0.155380 -0.000304
vn 0.970415 0.241443 0.000098
vn 0.978860 0.204529 -0.000136
vn 0.978880 0.204436 -0.000140
vn 0.960544 0.278127 0.000185
vn 0.967476 0.252962 -0.000303
vn 0.949232 0.314578 0.000129
vn 0.953663 0.300877 -0.000319
vn 0.937479 0.348041 -0.000188
vn 0.922309 0.386452 0.000056
vn 0.936495 0.350680 -0.000065
vn 0.918970 0.394328 -0.000264
vn 0.906653 0.421877 0.000188
vn 0.898166 0.439656 -0.000322
vn 0.889481 0.456972 0.000190
vn 0.875134 0.483881 -0.000262
vn 0.850356 0.526208 -0.000093
vn 0.870727 0.491767 0.000077
vn 0.849928 0.526899 -0.000131
vn 0.829524 0.558471 0.000085
vn 0.822615 0.568599 -0.000312
vn 0.794585 0.607153 -0.000171
vn 0.811174 0.584805 0.000083
vn 0.777106 0.629369 0.000103
vn 0.793237 0.608913 -0.000257
vn 0.761900 0.647695 -0.000278
vn 0.739580 0.673069 0.000070
vn 0.758806 0.651316 -0.000105
vn 0.728681 0.684854 -0.000327
vn 0.697992 0.716106 -0.000066
vn 0.719316 0.694683 0.000047
vn 0.675615 0.737255 0.000127
vn 0.693633 0.720328 -0.000283
vn 0.627332 0.778752 0.000043
vn 0.652101 0.758133 -0.000048
vn 0.656859 0.754013 -0.000277
vn 0.601180 0.799114 0.000142
vn 0.618464 0.785813 -0.000313
vn 0.544243 0.838928 0.000025
vn 0.573526 0.819188 -0.000030
vn 0.578530 0.815661 -0.000262
vn 0.513218 0.858258 0.000177
vn 0.537159 0.843481 -0.000279
vn 0.480132 0.877196 0.000160
vn 0.494425 0.869220 -0.000322
vn 0.417789 0.908544 0.000038
vn 0.446837 0.894615 -0.000055
vn 0.450497 0.892778 -0.000223
vn 0.363387 0.931638 -0.000099
vn 0.391326 0.920252 0.000066
vn 0.405427 0.914127 -0.000326
vn 0.333751 0.942661 0.000134
vn 0.359362 0.933198 -0.000262
vn 0.268101 0.963391 -0.000063
vn 0.301958 0.953321 0.000053
vn 0.312400 0.949951 -0.000307
vn 0.233242 0.972419 0.000131
vn 0.264657 0.964343 -0.000212
vn 0.173763 0.984787 -0.000058
vn 0.202436 0.979295 0.000044
vn 0.216275 0.976332 -0.000326
vn 0.167330 0.985901 -0.000288
vn 0.142582 0.989783 0.000141
vn 0.069674 0.997570 -0.000069
vn 0.108218 0.994127 0.000053
vn 0.117965 0.993018 -0.000290
vn 0.024382 0.999703 0.000127
vn 0.068345 0.997662 -0.000131
vn 0.018525 0.999828 -0.000141
vn -0.020732 0.999785 0.000116
vn -0.031368 0.999508 -0.000274
vn -0.061844 0.998086 0.000205
vn -0.081114 0.996705 -0.000326
vn -0.102842 0.994698 0.000217
vn -0.130698 0.991422 -0.000297
vn -0.143688 0.989623 0.000149
vn -0.179971 0.983672 -0.000188
vn -0.184247 0.982880 0.000000
vn -0.204428 0.978882 0.000000
vn -0.204428 0.978882 0.000000
vn 0.674788 0.141877 -0.724246
vn 0.674566 0.143158 -0.724200
vn 0.674394 0.144416 -0.724111
vn 0.674298 0.145635 -0.723957
vn 0.674282 0.146733 -0.723749
vn 0.674379 0.147882 -0.723425
vn 0.674657 0.148975 -0.722941
vn 0.655606 0.155493 -0.738920
vn 0.646105 0.099397 -0.756749
vn 0.656041 0.156879 -0.738240
vn 0.682139 0.137565 -0.718166
vn 0.681747 0.138041 -0.718447
vn 0.681487 0.138452 -0.718614
vn 0.681183 0.139048 -0.718787
vn 0.680860 0.139876 -0.718933
vn 0.680463 0.141216 -0.719047
vn 0.671768 0.128728 -0.729491
vn 0.649671 0.165070 -0.742077
vn 0.355658 0.057206 -0.932864
vn 0.381356 0.151339 -0.911956
vn 0.376043 0.158286 -0.912982
vn 0.419553 0.181142 -0.889473
vn 0.367794 0.160283 -0.915989
vn 0.628981 0.139959 -0.764718
vn 0.630185 0.136349 -0.764379
vn 0.631146 0.132661 -0.764236
vn 0.631851 0.128929 -0.764291
vn 0.461944 -0.025370 -0.886546
vn 0.446610 -0.002515 -0.894725
vn 0.483980 0.032086 -0.874491
vn 0.381747 0.011007 -0.924201
vn 0.397934 0.014053 -0.917306
vn 0.398986 0.015985 -0.916818
vn 0.477610 0.123487 -0.869851
vn 0.512530 0.159408 -0.843743
vn 0.550542 0.175508 -0.816150
vn 0.591907 0.171884 -0.787466
vn 0.488118 0.142277 -0.861103
vn 0.508254 0.241376 -0.826690
vn 0.647179 0.142295 -0.748940
vn 0.501845 0.276792 -0.819474
vn 0.307295 0.063005 -0.949526
vn 0.347216 0.197376 -0.916779
vn 0.375952 0.158097 -0.913053
vn 0.647668 0.160979 -0.744722
vn 0.538547 0.182187 -0.822664
vn 0.631486 0.180317 -0.754129
vn 0.649011 0.172631 -0.740934
vn 0.538345 0.179065 -0.823481
vn 0.362113 0.212595 -0.907567
vn 0.395019 0.194289 -0.897893
vn 0.394655 0.195693 -0.897748
vn 0.650396 0.156924 -0.743210
vn 0.650109 0.154688 -0.743929
vn 0.649104 0.152193 -0.745320
vn 0.647571 0.149727 -0.747150
vn 0.645314 0.146995 -0.749641
vn 0.642302 0.143999 -0.752803
vn 0.631200 0.134463 -0.763876
vn 0.537914 0.176734 -0.824266
vn 0.648999 0.170606 -0.741414
vn 0.538052 0.177248 -0.824065
vn 0.362146 0.212647 -0.907541
vn 0.399911 0.205540 -0.893210
vn 0.357809 0.228717 -0.905351
vn 0.399626 0.192362 -0.896268
vn 0.339625 0.225869 -0.913038
vn 0.018940 0.029293 -0.999391
vn 0.010302 0.422389 -0.906356
vn 0.017589 0.251830 -0.967612
vn 0.022023 0.202313 -0.979073
vn 0.063109 0.168946 -0.983603
vn 0.119844 0.322199 -0.939055
vn 0.165538 0.308573 -0.936685
vn 0.029789 0.206790 -0.977932
vn 0.062163 0.279340 -0.958178
vn 0.039436 0.122886 -0.991637
vn 0.118827 0.294269 -0.948307
vn 0.165312 0.276453 -0.946702
vn 0.175964 0.271241 -0.946290
vn 0.188226 0.268850 -0.944611
vn 0.202392 0.269028 -0.941627
vn 0.164402 0.285120 -0.944287
vn 0.037835 0.214425 -0.976007
vn 0.063523 0.249955 -0.966172
vn 0.046965 0.152374 -0.987206
vn 0.118975 0.275609 -0.953879
vn 0.045733 0.221234 -0.974148
vn 0.050919 0.212289 -0.975879
vn 0.059618 0.214231 -0.974962
vn 0.054604 0.174858 -0.983078
vn 0.080175 0.163345 -0.983306
vn 0.080227 0.144820 -0.986200
vn 0.079293 0.172016 -0.981898
vn 0.065579 0.231369 -0.970653
vn 0.080436 0.153859 -0.984813
vn 0.175339 0.224038 -0.958678
vn 0.128232 0.278860 -0.951732
vn 0.135386 0.271056 -0.952995
vn 0.145668 0.266134 -0.952866
vn 0.174934 0.233162 -0.956574
vn 0.165244 0.270462 -0.948443
vn 0.178272 0.264409 -0.947791
vn 0.132043 0.203811 -0.970065
vn 0.131398 0.191778 -0.972603
vn 0.086329 0.272553 -0.958260
vn 0.079616 0.134850 -0.987662
vn 0.092008 0.259872 -0.961250
vn 0.098815 0.253339 -0.962317
vn 0.106938 0.251479 -0.961937
vn 0.131467 0.215083 -0.967706
vn 0.090806 0.250911 -0.963742
vn 0.139306 0.258663 -0.955870
vn 0.120133 0.260790 -0.957892
vn 0.265691 0.329821 -0.905884
vn 0.414426 0.227299 -0.881241
vn 0.277449 0.280642 -0.918838
vn 0.303268 0.210147 -0.929444
vn 0.400626 0.285950 -0.870478
vn 0.277989 0.323190 -0.904583
vn 0.402073 0.280962 -0.871434
vn 0.303983 0.207222 -0.929867
vn 0.313375 0.210738 -0.925951
vn 0.403617 0.276296 -0.872212
vn 0.289899 0.316348 -0.903262
vn 0.405311 0.271762 -0.872851
vn 0.314120 0.207697 -0.926386
vn 0.407059 0.267587 -0.873327
vn 0.323209 0.210590 -0.922598
vn 0.301442 0.309265 -0.901936
vn 0.306029 0.295550 -0.904984
vn 0.311366 0.283365 -0.907059
vn 0.317445 0.272476 -0.908287
vn 0.324302 0.262648 -0.908760
vn 0.332003 0.253688 -0.908524
vn 0.340554 0.245518 -0.907603
vn 0.351638 0.236738 -0.905707
vn 0.323972 0.207481 -0.923035
vn 0.408998 0.263428 -0.873685
vn 0.647611 0.130048 -0.750791
vn 0.651111 0.128463 -0.748032
vn 0.653823 0.126976 -0.745917
vn 0.655874 0.125594 -0.744349
vn 0.657476 0.124248 -0.743161
vn 0.658687 0.122955 -0.742303
vn 0.659581 0.121714 -0.741713
vn 0.660331 0.120315 -0.741274
vn 0.630941 0.136302 -0.763764
vn 0.660864 0.118721 -0.741056
vn 0.577056 0.068438 -0.813832
vn 0.662363 0.108721 -0.741252
vn 0.578340 0.066435 -0.813086
vn 0.579131 0.065022 -0.812637
vn 0.662621 0.107440 -0.741209
vn 0.660187 0.116078 -0.742078
vn 0.660963 0.104814 -0.743063
vn 0.579902 0.063352 -0.812220
vn 0.580589 0.061433 -0.811876
vn 0.661236 0.102820 -0.743098
vn 0.415242 0.196085 -0.888327
vn 0.437729 0.205692 -0.875262
vn 0.444895 0.275305 -0.852218
vn 0.437098 0.246863 -0.864872
vn 0.432595 0.222246 -0.873767
vn 0.431010 0.200554 -0.879778
vn 0.432102 0.181053 -0.883463
vn 0.435765 0.163176 -0.885145
vn 0.540338 0.177235 -0.822571
vn 0.444154 0.140605 -0.884849
vn 0.536279 0.166011 -0.827554
vn 0.533979 0.158500 -0.830508
vn 0.443432 0.146954 -0.884179
vn 0.445696 0.134968 -0.884951
vn 0.661944 0.099889 -0.742868
vn 0.582591 0.008841 -0.812717
vn 0.657071 0.110424 -0.745697
vn 0.581203 0.058799 -0.811632
vn 0.532198 0.151284 -0.832994
vn 0.449619 0.130010 -0.883708
vn 0.449574 0.130175 -0.883707
vn 0.457005 0.113704 -0.882166
vn 0.467308 0.097642 -0.878686
vn 0.567258 -0.017841 -0.823347
vn 0.566396 0.048353 -0.822714
vn 0.543448 0.049689 -0.837971
vn 0.653182 0.088806 -0.751975
vn 0.521200 0.059762 -0.851340
vn 0.592945 0.105074 -0.798358
vn 0.631646 0.100554 -0.768708
vn 0.663541 0.137674 -0.735364
vn 0.665921 0.119837 -0.736335
vn 0.665425 0.121716 -0.736474
vn 0.649554 0.135588 -0.748128
vn 0.608285 0.052435 -0.791985
vn 0.543975 0.148846 -0.825794
vn 0.467333 0.097613 -0.878676
vn 0.524077 0.109464 -0.844607
vn 0.464318 0.078803 -0.882156
vn 0.464093 0.060725 -0.883703
vn 0.466650 0.043038 -0.883394
vn 0.548216 0.074424 -0.833019
vn 0.556441 0.063645 -0.828446
vn 0.469086 0.025204 -0.882793
vn 0.475979 0.007234 -0.879427
vn 0.461149 0.060406 -0.885264
vn 0.486153 -0.011454 -0.873798
vn 0.500053 -0.031344 -0.865428
vn 0.467270 0.006326 -0.884092
vn 0.501487 0.008294 -0.865126
vn 0.437234 -0.044813 -0.898230
vn 0.429897 -0.061534 -0.900779
vn 0.425130 -0.078615 -0.901712
vn 0.422928 -0.096469 -0.901014
vn 0.423402 -0.115552 -0.898542
vn 0.410131 -0.042879 -0.911018
vn 0.504579 -0.050164 -0.861907
vn 0.410751 -0.047777 -0.910495
vn 0.505263 -0.056832 -0.861092
vn 0.413859 -0.132310 -0.900675
vn 0.506395 -0.063718 -0.859945
vn 0.410063 -0.151345 -0.899413
vn 0.399344 -0.051355 -0.915362
vn 0.476869 -0.004370 -0.878964
vn 0.387971 -0.059610 -0.919742
vn 0.509852 -0.079232 -0.856605
vn 0.390403 -0.164627 -0.905805
vn 0.374696 -0.066599 -0.924752
vn 0.480252 -0.088787 -0.872625
vn 0.385473 -0.184260 -0.904134
vn 0.359736 -0.067590 -0.930603
vn 0.480835 -0.096115 -0.871527
vn 0.437916 -0.019507 -0.898804
vn 0.481886 -0.103853 -0.870057
vn 0.372493 -0.200829 -0.906044
vn 0.360529 -0.071984 -0.929966
vn 0.442023 -0.016329 -0.896855
vn 0.469230 -0.042864 -0.882035
vn 0.447932 -0.029394 -0.893585
vn 0.416347 -0.068404 -0.906629
vn 0.405477 0.007582 -0.914074
vn 0.446099 -0.074745 -0.891857
vn 0.405087 0.005240 -0.914263
vn 0.413948 -0.052318 -0.908796
vn 0.294384 0.078306 -0.952474
vn 0.356983 -0.002980 -0.934106
vn 0.407347 -0.003089 -0.913268
vn 0.398816 -0.072469 -0.914163
vn 0.395834 -0.052897 -0.916797
vn 0.362035 -0.149641 -0.920075
vn 0.281256 -0.169576 -0.944531
vn 0.266039 -0.177285 -0.947520
vn 0.247025 -0.181110 -0.951934
vn 0.234099 -0.189260 -0.953613
vn 0.227465 -0.202480 -0.952503
vn 0.265820 -0.177504 -0.947540
vn 0.251012 -0.144025 -0.957209
vn 0.257360 -0.183871 -0.948661
vn 0.264955 -0.202484 -0.942761
vn 0.228235 -0.184984 -0.955871
vn 0.191635 -0.128283 -0.973047
vn 0.197247 -0.141937 -0.970025
vn 0.190631 -0.185901 -0.963899
vn 0.181127 -0.193745 -0.964187
vn 0.179360 -0.211100 -0.960868
vn 0.184285 -0.114725 -0.976154
vn 0.205823 -0.191580 -0.959653
vn 0.214544 -0.214672 -0.952831
vn 0.132645 -0.110568 -0.984977
vn 0.173521 -0.185505 -0.967201
vn 0.126446 -0.097262 -0.987194
vn 0.137473 -0.123664 -0.982755
vn 0.131004 -0.169549 -0.976776
vn 0.126241 -0.179922 -0.975547
vn 0.149215 -0.186223 -0.971111
vn 0.113399 -0.133160 -0.984586
vn 0.113337 -0.178495 -0.977391
vn 0.158657 -0.213726 -0.963924
vn 0.126826 -0.137161 -0.982396
vn 0.087268 -0.100583 -0.991094
vn 0.102394 -0.179420 -0.978429
vn 0.125514 -0.243603 -0.961719
vn 0.201243 -0.434149 -0.878075
vn 0.027365 -0.016859 -0.999483
vn 0.250854 0.101955 -0.962641
vn 0.314790 0.195318 -0.928848
vn 0.322046 0.287611 -0.901979
vn 0.311717 0.207208 -0.927306
vn 0.261883 0.236283 -0.935728
vn 0.304626 0.182839 -0.934758
vn 0.304144 0.202788 -0.930792
vn 0.269156 0.208625 -0.940229
vn 0.319694 0.250943 -0.913687
vn 0.149048 0.119459 -0.981588
vn 0.182501 0.237910 -0.953987
vn 0.176688 0.236786 -0.955360
vn 0.236987 0.195261 -0.951688
vn 0.275214 0.272931 -0.921827
vn 0.171126 0.237166 -0.956278
vn 0.174619 0.185360 -0.967031
vn 0.174110 0.189102 -0.966399
vn 0.147848 0.208986 -0.966678
vn 0.156788 0.232919 -0.959774
vn 0.074171 0.004701 -0.997234
vn 0.073585 0.265690 -0.961246
vn 0.125412 0.221026 -0.967171
vn 0.090061 0.219177 -0.971520
vn 0.109836 0.186488 -0.976298
vn 0.365984 -0.077657 -0.927375
vn 0.260828 0.011917 -0.965312
vn 0.366422 -0.080504 -0.926959
vn 0.390093 -0.104327 -0.914846
vn 0.348690 -0.046272 -0.936095
vn 0.357029 -0.067074 -0.931682
vn 0.331220 -0.122369 -0.935585
vn 0.325491 -0.085396 -0.941681
vn 0.288015 -0.081565 -0.954146
vn 0.357169 -0.143577 -0.922939
vn 0.253254 -0.145940 -0.956328
vn 0.177417 -0.048538 -0.982938
vn 0.231011 -0.105334 -0.967233
vn 0.244534 -0.148603 -0.958186
vn 0.215318 -0.132774 -0.967476
vn 0.242257 -0.160953 -0.956768
vn 0.206925 -0.152406 -0.966413
vn 0.174842 -0.131638 -0.975757
vn 0.162788 -0.157993 -0.973929
vn 0.163793 -0.202385 -0.965511
vn 0.200089 -0.155541 -0.967353
vn 0.066279 0.025979 -0.997463
vn 0.205340 0.087500 -0.974771
vn 0.208964 0.189508 -0.959386
vn 0.248123 0.158978 -0.955595
vn 0.247852 0.164958 -0.954651
vn 0.246610 0.147463 -0.957830
vn 0.189685 0.229677 -0.954603
vn 0.187975 0.232563 -0.954243
vn 0.105791 0.090859 -0.990229
vn 0.151144 0.131623 -0.979709
vn 0.150434 0.282396 -0.947429
vn 0.108804 0.184841 -0.976727
vn 0.122672 0.175951 -0.976726
vn 0.144182 0.223892 -0.963890
vn 0.276015 -0.030949 -0.960655
vn 0.285786 -0.047385 -0.957121
vn 0.260380 -0.138822 -0.955474
vn 0.262368 -0.095464 -0.960234
vn 0.214607 0.005175 -0.976687
vn 0.290902 -0.060943 -0.954810
vn 0.218321 -0.150139 -0.964258
vn 0.188138 -0.065002 -0.979989
vn 0.246631 -0.199712 -0.948308
vn 0.175548 -0.109900 -0.978317
vn 0.169995 -0.128064 -0.977088
vn 0.127673 -0.039105 -0.991045
vn 0.022853 0.004773 -0.999727
vn 0.068691 0.014457 -0.997533
vn 0.024041 0.004905 -0.999699
vn 0.114710 0.024153 -0.993105
vn 0.072057 0.014844 -0.997290
vn 0.160803 0.033845 -0.986406
vn 0.119879 0.024763 -0.992480
vn 0.206767 0.043495 -0.977423
vn 0.167416 0.034640 -0.985278
vn 0.252461 0.053078 -0.966150
vn 0.214546 0.044443 -0.975702
vn 0.297714 0.062560 -0.952603
vn 0.261159 0.054146 -0.963776
vn 0.342373 0.071911 -0.936808
vn 0.307145 0.063724 -0.949527
vn 0.386264 0.081100 -0.918816
vn 0.352380 0.073149 -0.932994
vn 0.429244 0.090095 -0.898684
vn 0.396774 0.082400 -0.914210
vn 0.471155 0.098867 -0.876492
vn 0.440213 0.091451 -0.893224
vn 0.511871 0.107387 -0.852324
vn 0.482592 0.100280 -0.870086
vn 0.551254 0.115631 -0.826286
vn 0.523802 0.108863 -0.844855
vn 0.589186 0.123571 -0.798493
vn 0.563758 0.117183 -0.817585
vn 0.625557 0.131184 -0.769070
vn 0.602354 0.125219 -0.788346
vn 0.639501 0.132952 -0.757207
vn 0.655764 0.137251 -0.742385
vn 0.680285 0.142070 -0.719047
vn 0.675084 0.140449 -0.724248
vn 0.204429 -0.978881 0.000000
vn 0.204429 -0.978881 0.000000
vn -0.000000 0.000000 -1.000000
vn -0.000000 0.000000 -1.000000
vn -0.000000 0.000000 -1.000000
vn -0.000000 0.000000 -1.000000
vn -0.000000 0.000000 -1.000000
vn 0.000000 0.000000 -1.000000
vn -0.000000 0.000000 -1.000000
vn -0.000000 0.000000 -1.000000
vn -0.000000 0.000000 -1.000000
vn -0.000000 0.000000 -1.000000
vn -0.000000 0.000000 -1.000000
vn -0.000000 0.000000 -1.000000
vn -0.204429 0.978881 0.000003
vn -0.204429 0.978881 0.000000
vn -0.204429 0.978881 -0.000001
vn -0.204429 0.978881 -0.000003
vn -0.204429 0.978882 0.000008
vn -0.204429 0.978882 0.000006
vn -0.204428 0.978882 0.000000
vn -0.204429 0.978882 -0.000012
vn -0.204429 0.978881 -0.000008
vn -0.204429 0.978881 -0.000002
vn -0.204428 0.978882 0.000009
vn -0.204429 0.978881 -0.000001
vn -0.204428 0.978882 0.000001
vn -0.204429 0.978881 -0.000009
vn -0.204429 0.978882 0.000004
vn -0.204429 0.978882 -0.000003
vn -0.204428 0.978881 0.000002
vn -0.204429 0.978882 -0.000002
vn -0.204429 0.978881 0.000002
vn -0.204429 0.978882 -0.000003
vn -0.204428 0.978882 -0.000002
vn -0.204428 0.978881 0.000003
vn -0.204429 0.978881 -0.000006
vn -0.204429 0.978881 0.000005
vn -0.204429 0.978881 0.000018
vn -0.204428 0.978882 0.000005
vn -0.204428 0.978882 -0.000009
vn -0.204429 0.978881 -0.000003
vn -0.204428 0.978882 0.000010
vn -0.204428 0.978881 0.000002
vn -0.204428 0.978882 0.000000
vn -0.204429 0.978882 -0.000007
vn -0.204429 0.978881 0.000004
vn -0.204428 0.978881 -0.000021
vn -0.204428 0.978882 0.000003
vn -0.204429 0.978882 -0.000000
vn -0.204429 0.978881 0.000010
vn -0.204429 0.978881 -0.000007
vn -0.204429 0.978882 0.000002
vn -0.204429 0.978881 -0.000000
vn -0.204428 0.978882 0.000004
vn -0.204428 0.978881 0.000009
vn -0.204429 0.978881 -0.000002
vn -0.204429 0.978881 0.000002
vn -0.204429 0.978882 0.000010
vn -0.204428 0.978882 -0.000028
vn -0.204429 0.978881 -0.000001
vn -0.204429 0.978882 0.000001
vn -0.204429 0.978881 0.000000
vn -0.204428 0.978882 -0.000016
vn -0.204429 0.978882 0.000039
vn -0.204429 0.978881 -0.000000
vn -0.204429 0.978881 -0.000013
vn -0.204428 0.978881 -0.000070
vn -0.204429 0.978881 -0.000000
vn -0.204429 0.978881 0.000000
vn -0.204429 0.978882 0.000001
vn -0.204429 0.978881 -0.000001
vn -0.204429 0.978881 -0.000008
vn -0.204428 0.978882 0.000001
vn -0.204428 0.978882 0.000000
vn -0.204428 0.978881 0.000000
vn -0.204430 0.978881 0.000004
vn -0.204429 0.978881 0.000001
vn -0.204429 0.978881 0.000001
vn -0.204429 0.978881 0.000002
vn -0.204428 0.978881 -0.000001
vn -0.204428 0.978882 -0.000002
vn -0.204428 0.978882 -0.000000
vn -0.204429 0.978881 0.000001
vn -0.204428 0.978882 -0.000000
vn -0.204428 0.978882 -0.000003
vn -0.204429 0.978881 0.000002
vn -0.204428 0.978882 -0.000002
vn -0.204428 0.978882 -0.000001
vn -0.204429 0.978881 0.000001
vn -0.204427 0.978882 -0.000004
vn -0.204428 0.978881 -0.000001
vn -0.204429 0.978881 0.000002
vn -0.204428 0.978882 -0.000001
vn -0.204430 0.978881 0.000003
vn -0.204428 0.978882 -0.000001
vn -0.204428 0.978882 -0.000001
vn -0.204428 0.978882 -0.000001
vn -0.204429 0.978881 0.000001
vn -0.204430 0.978881 0.000003
vn -0.204429 0.978881 0.000001
vn -0.204427 0.978882 -0.000001
vn -0.204428 0.978882 0.000000
vn -0.204428 0.978882 -0.000000
vn -0.204430 0.978881 0.000002
vn -0.204426 0.978882 -0.000003
vn -0.204430 0.978881 0.000003
vn -0.204428 0.978882 -0.000000
vn -0.204428 0.978881 0.000000
vn -0.204429 0.978881 0.000000
vn -0.204428 0.978882 -0.000001
vn -0.204429 0.978881 0.000000
vn -0.204428 0.978882 -0.000000
vn -0.204429 0.978881 0.000000
vn -0.204427 0.978882 -0.000002
vn -0.204429 0.978881 -0.000000
vn -0.204431 0.978881 0.000002
vn -0.204425 0.978882 -0.000003
vn -0.204431 0.978881 0.000001
vn -0.204431 0.978881 0.000001
vn -0.204422 0.978883 -0.000004
vn -0.204426 0.978882 -0.000001
vn -0.204428 0.978882 0.000000
vn -0.204429 0.978881 0.000000
vn -0.204429 0.978881 0.000001
vn -0.204427 0.978882 -0.000001
vn -0.204428 0.978882 0.000000
vn -0.204428 0.978882 0.000000
vn -0.204428 0.978882 -0.000000
vn -0.204435 0.978880 0.000002
vn -0.204427 0.978882 -0.000001
vn -0.204429 0.978882 -0.000000
vn -0.204424 0.978882 -0.000003
vn -0.204431 0.978881 0.000002
vn -0.204431 0.978881 0.000002
vn -0.204425 0.978882 -0.000004
vn -0.204432 0.978881 0.000005
vn -0.204428 0.978882 -0.000001
vn -0.204429 0.978881 0.000001
vn -0.204426 0.978882 -0.000004
vn -0.204430 0.978881 0.000002
vn -0.204427 0.978882 -0.000003
vn -0.204428 0.978882 0.000001
vn -0.204428 0.978881 -0.000001
vn -0.204429 0.978882 -0.000003
vn -0.204428 0.978882 0.000003
vn -0.204428 0.978881 0.000007
vn -0.204428 0.978882 -0.000005
vn -0.204429 0.978881 0.000005
vn -0.204429 0.978881 -0.000005
vn -0.204429 0.978881 0.000007
vn -0.204428 0.978882 -0.000009
vn -0.204428 0.978881 0.000009
vn -0.204428 0.978882 -0.000008
vn -0.204428 0.978881 -0.000007
vn -0.204429 0.978882 0.000002
vn -0.204428 0.978881 -0.000005
vn -0.204428 0.978882 -0.000002
vn -0.204429 0.978881 0.000007
vn -0.204429 0.978881 -0.000001
vn -0.204428 0.978882 0.000002
vn -0.204429 0.978881 0.000001
vn -0.204429 0.978881 0.000002
vn -0.204428 0.978882 -0.000008
vn -0.204429 0.978881 0.000008
vn -0.204428 0.978881 0.000008
vn -0.204429 0.978881 -0.000002
vn -0.204429 0.978881 -0.000004
vn -0.204429 0.978882 0.000004
vn -0.204429 0.978881 -0.000010
vn -0.204429 0.978882 -0.000007
vn -0.204428 0.978882 0.000007
vn -0.204428 0.978882 -0.000012
vn -0.204429 0.978881 -0.000014
vn -0.204429 0.978881 0.000001
vn -0.204429 0.978881 0.000002
vn -0.204428 0.978881 0.000014
vn -0.204429 0.978881 0.000014
vn -0.204428 0.978881 -0.000023
vn -0.204429 0.978882 -0.000014
vn -0.204429 0.978881 -0.000009
vn -0.204428 0.978882 0.000008
vn -0.204429 0.978881 -0.000003
vn -0.204429 0.978881 -0.000031
vn -0.204429 0.978881 0.000040
vn -0.204428 0.978882 0.000002
vn -0.204428 0.978881 -0.000002
vn -0.204428 0.978881 0.000001
vn -0.204429 0.978882 0.000030
vn -0.204428 0.978881 0.000036
vn -0.204428 0.978882 -0.000001
vn -0.204429 0.978881 -0.000042
vn -0.204428 0.978881 -0.000000
vn -0.204428 0.978881 -0.000001
vn -0.204429 0.978881 0.000023
vn -0.204429 0.978881 -0.000025
vn -0.204428 0.978881 -0.000000
vn -0.204428 0.978882 0.000003
vn -0.204428 0.978882 -0.000001
vn -0.204428 0.978882 -0.000000
vn -0.204428 0.978882 0.000005
vn -0.204429 0.978882 -0.000005
vn -0.204429 0.978881 0.000000
vn -0.204428 0.978882 0.000003
vn -0.204429 0.978881 0.000000
vn -0.204429 0.978881 -0.000001
vn -0.204429 0.978881 -0.000002
vn -0.204429 0.978881 -0.000001
vn -0.204426 0.978882 0.000005
vn -0.204429 0.978881 0.000000
vn -0.204427 0.978882 0.000003
vn -0.204429 0.978881 -0.000002
vn -0.204426 0.978882 0.000003
vn -0.204429 0.978881 -0.000001
vn -0.204428 0.978882 0.000000
vn -0.204426 0.978882 0.000003
vn -0.204431 0.978881 -0.000003
vn -0.204430 0.978881 -0.000002
vn -0.204425 0.978882 0.000003
vn -0.204430 0.978881 -0.000002
vn -0.204429 0.978882 -0.000000
vn -0.204426 0.978882 0.000001
vn -0.204428 0.978882 0.000000
vn -0.204428 0.978881 -0.000000
vn -0.204429 0.978881 -0.000001
vn -0.204429 0.978881 0.000000
vn -0.204434 0.978880 -0.000002
vn -0.204429 0.978881 -0.000004
vn -0.204428 0.978882 -0.000001
vn -0.204428 0.978882 -0.000001
vn -0.204423 0.978883 0.000003
vn -0.204429 0.978881 0.000000
vn -0.204433 0.978881 -0.000002
vn -0.204427 0.978882 0.000007
vn -0.204429 0.978881 0.000000
vn -0.204430 0.978881 -0.000005
vn -0.204429 0.978881 -0.000002
vn -0.204429 0.978881 0.000000
vn -0.204429 0.978882 0.000000
vn -0.204429 0.978882 0.000001
vn -0.204426 0.978882 0.000001
vn -0.204430 0.978881 -0.000005
vn -0.204431 0.978881 -0.000002
vn -0.204429 0.978882 0.000000
vn -0.204428 0.978881 0.000001
vn -0.204424 0.978882 0.000003
vn -0.204428 0.978882 0.000002
vn -0.204430 0.978881 -0.000002
vn -0.204428 0.978882 0.000001
vn -0.204431 0.978881 -0.000002
vn -0.204428 0.978882 0.000002
vn -0.204428 0.978882 0.000001
vn -0.204428 0.978881 0.000000
vn -0.204429 0.978881 -0.000000
vn -0.204427 0.978882 0.000002
vn -0.204429 0.978881 -0.000001
vn -0.204429 0.978881 -0.000000
vn -0.204429 0.978882 0.000000
vn -0.204430 0.978881 -0.000002
vn -0.204428 0.978882 0.000000
vn -0.204427 0.978882 0.000002
vn -0.204429 0.978881 -0.000000
vn -0.204429 0.978881 -0.000000
vn -0.204430 0.978881 -0.000002
vn -0.204429 0.978881 -0.000000
vn -0.204429 0.978881 -0.000000
vn -0.204428 0.978882 0.000001
vn -0.204426 0.978882 0.000004
vn -0.204431 0.978881 -0.000004
vn -0.204425 0.978882 0.000004
vn -0.204428 0.978882 0.000000
vn -0.204428 0.978882 -0.000000
vn -0.204429 0.978881 -0.000081
vn -0.204429 0.978881 0.000054
vn -0.204429 0.978881 0.000060
vn -0.204429 0.978881 -0.000019
vn -0.204428 0.978881 -0.000076
vn -0.204429 0.978882 0.000218
vn -0.204429 0.978881 -0.000007
vn -0.204429 0.978881 0.000019
vn 0.024022 0.005017 0.999699
vn 0.024022 0.005017 0.999699
vn 0.072015 0.015039 0.997290
vn 0.119825 0.025024 0.992480
vn 0.072015 0.015040 0.997290
vn 0.119825 0.025024 0.992480
vn 0.167346 0.034948 0.985279
vn 0.214480 0.044792 0.975701
vn 0.167346 0.034948 0.985279
vn 0.261078 0.054523 0.963777
vn 0.214480 0.044792 0.975701
vn 0.261078 0.054523 0.963777
vn 0.307053 0.064125 0.949530
vn 0.307053 0.064125 0.949530
vn 0.352295 0.073573 0.932993
vn 0.396690 0.082844 0.914207
vn 0.352296 0.073573 0.932992
vn 0.396689 0.082844 0.914207
vn 0.440115 0.091913 0.893225
vn 0.440114 0.091913 0.893225
vn 0.482482 0.100761 0.870091
vn 0.523708 0.109371 0.844848
vn 0.482487 0.100762 0.870088
vn 0.523703 0.109370 0.844851
vn 0.563647 0.117711 0.817586
vn 0.602236 0.125770 0.788349
vn 0.563647 0.117711 0.817586
vn 0.602236 0.125770 0.788349
vn 0.639379 0.133527 0.757209
vn 0.674973 0.140961 0.724253
vn 0.639380 0.133527 0.757208
vn 0.674973 0.140961 0.724253
vn 0.708961 0.148059 0.689531
vn 0.708961 0.148059 0.689531
vn 0.741211 0.154794 0.653180
vn 0.741218 0.154795 0.653172
vn 0.771697 0.161161 0.615232
vn 0.800316 0.167137 0.575812
vn 0.771697 0.161160 0.615233
vn 0.800311 0.167136 0.575820
vn 0.827016 0.172713 0.534990
vn 0.851712 0.177871 0.492898
vn 0.827021 0.172714 0.534983
vn 0.851708 0.177870 0.492906
vn 0.874361 0.182601 0.449611
vn 0.874361 0.182600 0.449612
vn 0.894903 0.186890 0.405242
vn 0.913290 0.190730 0.359894
vn 0.894902 0.186890 0.405243
vn 0.913290 0.190730 0.359894
vn 0.929475 0.194110 0.313684
vn 0.943424 0.197024 0.266708
vn 0.929475 0.194111 0.313683
vn 0.943424 0.197024 0.266708
vn 0.955095 0.199461 0.219108
vn 0.955095 0.199461 0.219108
vn 0.964471 0.201419 0.170955
vn 0.964471 0.201419 0.170955
vn 0.971519 0.202891 0.122417
vn 0.971519 0.202891 0.122417
vn 0.976229 0.203875 0.073562
vn 0.978587 0.204367 0.024547
vn 0.976229 0.203875 0.073562
vn 0.978587 0.204367 0.024546
vn 0.204428 -0.978881 0.000003
vn 0.204428 -0.978882 0.000001
vn 0.204428 -0.978881 -0.000003
vn 0.204428 -0.978882 -0.000001
vn 0.204428 -0.978882 0.000012
vn 0.204429 -0.978882 0.000003
vn 0.204429 -0.978881 0.000005
vn 0.204428 -0.978882 -0.000005
vn 0.204429 -0.978881 -0.000008
vn 0.204429 -0.978881 -0.000008
vn 0.204429 -0.978881 0.000007
vn 0.204428 -0.978882 -0.000007
vn 0.204429 -0.978881 -0.000007
vn 0.204428 -0.978882 0.000003
vn 0.204429 -0.978881 0.000009
vn 0.204428 -0.978882 -0.000006
vn 0.204428 -0.978882 -0.000011
vn 0.204428 -0.978882 0.000009
vn 0.204428 -0.978881 -0.000002
vn 0.204429 -0.978881 -0.000002
vn 0.204428 -0.978882 -0.000017
vn 0.204428 -0.978881 0.000006
vn 0.204428 -0.978882 0.000003
vn 0.204429 -0.978881 0.000015
vn 0.204429 -0.978881 -0.000004
vn 0.204429 -0.978881 0.000011
vn 0.204429 -0.978882 -0.000004
vn 0.204429 -0.978881 0.000004
vn 0.204429 -0.978881 -0.000002
vn 0.204429 -0.978881 -0.000004
vn 0.204429 -0.978881 -0.000007
vn 0.204429 -0.978882 -0.000007
vn 0.204429 -0.978881 -0.000014
vn 0.204428 -0.978881 0.000014
vn 0.204428 -0.978882 -0.000003
vn 0.204429 -0.978882 0.000000
vn 0.204429 -0.978881 0.000009
vn 0.204429 -0.978882 0.000018
vn 0.204428 -0.978881 0.000031
vn 0.204428 -0.978882 0.000007
vn 0.204428 -0.978882 0.000009
vn 0.204428 -0.978881 -0.000007
vn 0.204428 -0.978882 -0.000002
vn 0.204428 -0.978882 0.000002
vn 0.204429 -0.978882 -0.000040
vn 0.204428 -0.978882 -0.000030
vn 0.204428 -0.978882 -0.000001
vn 0.204428 -0.978881 0.000001
vn 0.204429 -0.978882 0.000036
vn 0.204429 -0.978881 -0.000025
vn 0.204429 -0.978882 -0.000000
vn 0.204428 -0.978881 -0.000003
vn 0.204429 -0.978881 0.000011
vn 0.204429 -0.978881 -0.000036
vn 0.204428 -0.978882 -0.000000
vn 0.204429 -0.978881 0.000003
vn 0.204428 -0.978882 -0.000001
vn 0.204428 -0.978881 0.000001
vn 0.204429 -0.978882 0.000005
vn 0.204428 -0.978882 -0.000005
vn 0.204429 -0.978881 0.000000
vn 0.204429 -0.978881 0.000000
vn 0.204430 -0.978881 -0.000004
vn 0.204426 -0.978882 0.000007
vn 0.204429 -0.978881 -0.000001
vn 0.204429 -0.978881 -0.000002
vn 0.204428 -0.978881 0.000001
vn 0.204428 -0.978882 0.000002
vn 0.204429 -0.978881 -0.000004
vn 0.204428 -0.978882 -0.000001
vn 0.204428 -0.978882 0.000000
vn 0.204429 -0.978882 -0.000002
vn 0.204426 -0.978882 0.000007
vn 0.204430 -0.978881 -0.000005
vn 0.204429 -0.978881 0.000001
vn 0.204430 -0.978881 -0.000005
vn 0.204429 -0.978882 0.000000
vn 0.204428 -0.978882 0.000001
vn 0.204428 -0.978882 0.000002
vn 0.204429 -0.978881 -0.000000
vn 0.204428 -0.978882 0.000002
vn 0.204428 -0.978882 0.000001
vn 0.204430 -0.978881 -0.000002
vn 0.204428 -0.978882 0.000001
vn 0.204429 -0.978881 -0.000000
vn 0.204430 -0.978881 -0.000002
vn 0.204427 -0.978882 0.000002
vn 0.204430 -0.978881 -0.000001
vn 0.204429 -0.978881 -0.000000
vn 0.204428 -0.978882 0.000000
vn 0.204430 -0.978881 -0.000002
vn 0.204426 -0.978882 0.000003
vn 0.204426 -0.978882 0.000004
vn 0.204432 -0.978881 -0.000007
vn 0.204429 -0.978881 0.000000
vn 0.204429 -0.978881 0.000000
vn 0.204428 -0.978882 0.000001
vn 0.204429 -0.978881 0.000000
vn 0.204428 -0.978882 0.000000
vn 0.204429 -0.978881 0.000000
vn 0.204432 -0.978881 -0.000004
vn 0.204428 -0.978882 0.000000
vn 0.204425 -0.978882 0.000003
vn 0.204431 -0.978881 -0.000002
vn 0.204424 -0.978882 0.000003
vn 0.204431 -0.978881 -0.000001
vn 0.204428 -0.978882 0.000000
vn 0.204426 -0.978882 0.000001
vn 0.204429 -0.978881 0.000000
vn 0.204429 -0.978881 0.000000
vn 0.204430 -0.978881 -0.000000
vn 0.204434 -0.978880 -0.000002
vn 0.204428 -0.978882 -0.000000
vn 0.204428 -0.978882 -0.000000
vn 0.204428 -0.978882 0.000000
vn 0.204429 -0.978881 -0.000000
vn 0.204426 -0.978882 0.000001
vn 0.204428 -0.978882 -0.000000
vn 0.204431 -0.978881 -0.000002
vn 0.204431 -0.978881 -0.000002
vn 0.204425 -0.978882 0.000004
vn 0.204431 -0.978881 -0.000003
vn 0.204427 -0.978882 0.000002
vn 0.204428 -0.978882 0.000001
vn 0.204429 -0.978881 -0.000002
vn 0.204427 -0.978882 0.000003
vn 0.204429 -0.978881 -0.000001
vn 0.204427 -0.978882 0.000003
vn 0.204428 -0.978881 0.000006
vn 0.204428 -0.978882 -0.000001
vn 0.204428 -0.978881 0.000001
vn 0.204428 -0.978882 0.000003
vn 0.204428 -0.978882 -0.000001
vn 0.204428 -0.978882 -0.000007
vn 0.204428 -0.978882 -0.000007
vn 0.204428 -0.978882 -0.000012
vn 0.204428 -0.978882 0.000009
vn 0.204428 -0.978882 -0.000009
vn 0.204428 -0.978882 0.000007
vn 0.204428 -0.978882 0.000009
vn 0.204428 -0.978882 0.000011
vn 0.204428 -0.978882 0.000020
vn 0.204429 -0.978881 0.000005
vn 0.204429 -0.978881 -0.000019
vn 0.204429 -0.978881 -0.000022
vn 0.204429 -0.978881 0.000002
vn 0.204428 -0.978882 -0.000026
vn 0.204428 -0.978882 0.000013
vn 0.204428 -0.978882 -0.000002
vn 0.204428 -0.978882 0.000006
vn 0.204428 -0.978881 0.000022
vn 0.204428 -0.978881 -0.000007
vn 0.204429 -0.978881 -0.000012
vn 0.204429 -0.978881 0.000039
vn 0.204429 -0.978881 0.000004
vn 0.204429 -0.978881 0.000010
vn 0.204429 -0.978881 -0.000002
vn 0.204429 -0.978881 -0.000002
vn 0.204429 -0.978881 0.000006
vn 0.204429 -0.978881 -0.000007
vn 0.204429 -0.978882 -0.000001
vn 0.204429 -0.978881 -0.000014
vn 0.204429 -0.978881 -0.000020
vn 0.204428 -0.978882 0.000003
vn 0.204429 -0.978882 0.000022
vn 0.204429 -0.978881 0.000015
vn 0.204428 -0.978882 -0.000007
vn 0.204429 -0.978881 0.000006
vn 0.204429 -0.978881 0.000002
vn 0.204429 -0.978881 -0.000028
vn 0.204429 -0.978881 0.000009
vn 0.204428 -0.978882 -0.000011
vn 0.204429 -0.978881 0.000011
vn 0.204429 -0.978881 -0.000031
vn 0.204429 -0.978881 0.000039
vn 0.204428 -0.978882 0.000001
vn 0.204428 -0.978882 0.000013
vn 0.204429 -0.978881 0.000035
vn 0.204428 -0.978881 0.000000
vn 0.204428 -0.978881 0.000000
vn 0.204429 -0.978881 -0.000118
vn 0.204428 -0.978882 0.000022
vn 0.204428 -0.978881 0.000002
vn 0.204428 -0.978882 -0.000002
vn 0.204428 -0.978882 -0.000012
vn 0.204429 -0.978881 -0.000001
vn 0.204429 -0.978881 0.000008
vn 0.204428 -0.978882 -0.000008
vn 0.204428 -0.978882 0.000000
vn 0.204429 -0.978881 0.000004
vn 0.204428 -0.978882 0.000000
vn 0.204427 -0.978882 -0.000006
vn 0.204429 -0.978881 0.000002
vn 0.204429 -0.978881 0.000001
vn 0.204430 -0.978881 0.000004
vn 0.204428 -0.978882 0.000000
vn 0.204427 -0.978882 -0.000004
vn 0.204429 -0.978881 0.000001
vn 0.204433 -0.978881 0.000007
vn 0.204423 -0.978883 -0.000009
vn 0.204434 -0.978880 0.000008
vn 0.204426 -0.978882 -0.000003
vn 0.204426 -0.978882 -0.000004
vn 0.204431 -0.978881 0.000002
vn 0.204431 -0.978881 0.000002
vn 0.204425 -0.978882 -0.000003
vn 0.204429 -0.978881 -0.000000
vn 0.204433 -0.978881 0.000002
vn 0.204428 -0.978882 0.000000
vn 0.204428 -0.978881 -0.000001
vn 0.204429 -0.978881 -0.000000
vn 0.204429 -0.978881 0.000003
vn 0.204428 -0.978882 0.000000
vn 0.204427 -0.978882 -0.000001
vn 0.204430 -0.978881 0.000001
vn 0.204429 -0.978881 0.000001
vn 0.204427 -0.978882 -0.000007
vn 0.204426 -0.978882 -0.000001
vn 0.204428 -0.978881 0.000000
vn 0.204429 -0.978881 0.000002
vn 0.204429 -0.978881 0.000001
vn 0.204428 -0.978882 -0.000002
vn 0.204427 -0.978882 -0.000006
vn 0.204429 -0.978881 0.000000
vn 0.204428 -0.978882 0.000000
vn 0.204431 -0.978881 0.000007
vn 0.204433 -0.978881 0.000002
vn 0.204430 -0.978881 0.000005
vn 0.204425 -0.978882 -0.000002
vn 0.204426 -0.978882 -0.000007
vn 0.204428 -0.978881 -0.000001
vn 0.204431 -0.978881 0.000002
vn 0.204428 -0.978882 -0.000002
vn 0.204425 -0.978882 -0.000003
vn 0.204431 -0.978881 0.000006
vn 0.204430 -0.978881 0.000002
vn 0.204428 -0.978882 -0.000001
vn 0.204428 -0.978882 -0.000002
vn 0.204428 -0.978882 0.000000
vn 0.204426 -0.978882 -0.000005
vn 0.204427 -0.978882 -0.000001
vn 0.204429 -0.978881 0.000001
vn 0.204428 -0.978882 -0.000001
vn 0.204428 -0.978882 -0.000000
vn 0.204430 -0.978881 0.000002
vn 0.204428 -0.978882 0.000000
vn 0.204427 -0.978882 -0.000002
vn 0.204428 -0.978881 0.000000
vn 0.204428 -0.978882 -0.000000
vn 0.204435 -0.978880 0.000008
vn 0.204428 -0.978882 -0.000001
vn 0.204431 -0.978881 0.000003
vn 0.204427 -0.978882 -0.000003
vn 0.204430 -0.978881 0.000002
vn 0.204424 -0.978882 -0.000006
vn 0.204428 -0.978882 0.000000
vn 0.204429 -0.978881 0.000000
vn 0.204428 -0.978882 0.000000
vn 0.204429 -0.978881 0.000106
vn 0.204429 -0.978882 -0.000079
vn 0.204429 -0.978881 0.000018
vn 0.204429 -0.978881 0.000011
vn 0.204428 -0.978881 -0.000369
vn 0.204429 -0.978881 -0.000597
vn 0.204429 -0.978881 0.000000
vn 0.204428 -0.978881 0.000149
vn -0.024022 -0.005017 0.999699
vn -0.024022 -0.005017 0.999699
vn -0.072016 -0.015040 0.997290
vn -0.119823 -0.025024 0.992480
vn -0.072016 -0.015040 0.997290
vn -0.119823 -0.025024 0.992480
vn -0.167349 -0.034949 0.985278
vn -0.214477 -0.044791 0.975702
vn -0.167348 -0.034949 0.985278
vn -0.261078 -0.054523 0.963777
vn -0.214478 -0.044791 0.975701
vn -0.261078 -0.054523 0.963777
vn -0.307057 -0.064125 0.949528
vn -0.307056 -0.064125 0.949529
vn -0.352295 -0.073573 0.932993
vn -0.396685 -0.082843 0.914209
vn -0.352296 -0.073573 0.932992
vn -0.396685 -0.082843 0.914209
vn -0.440120 -0.091914 0.893222
vn -0.440119 -0.091914 0.893223
vn -0.482482 -0.100761 0.870091
vn -0.523709 -0.109371 0.844848
vn -0.482482 -0.100761 0.870091
vn -0.523709 -0.109371 0.844848
vn -0.563647 -0.117711 0.817586
vn -0.602236 -0.125770 0.788349
vn -0.563641 -0.117710 0.817590
vn -0.602243 -0.125772 0.788343
vn -0.639373 -0.133526 0.757214
vn -0.674979 -0.140962 0.724247
vn -0.639372 -0.133526 0.757215
vn -0.674979 -0.140962 0.724247
vn -0.708955 -0.148057 0.689537
vn -0.708955 -0.148057 0.689537
vn -0.741217 -0.154795 0.653174
vn -0.741218 -0.154795 0.653172
vn -0.771698 -0.161161 0.615231
vn -0.800315 -0.167137 0.575813
vn -0.771697 -0.161160 0.615233
vn -0.800317 -0.167137 0.575811
vn -0.827016 -0.172713 0.534990
vn -0.851712 -0.177871 0.492898
vn -0.827016 -0.172713 0.534990
vn -0.851712 -0.177871 0.492898
vn -0.874362 -0.182601 0.449610
vn -0.874361 -0.182600 0.449612
vn -0.894902 -0.186890 0.405243
vn -0.913286 -0.190730 0.359905
vn -0.894903 -0.186891 0.405241
vn -0.913286 -0.190730 0.359905
vn -0.929479 -0.194111 0.313671
vn -0.943424 -0.197024 0.266708
vn -0.929478 -0.194111 0.313674
vn -0.943424 -0.197024 0.266708
vn -0.955095 -0.199461 0.219108
vn -0.955095 -0.199461 0.219108
vn -0.964471 -0.201419 0.170955
vn -0.964469 -0.201419 0.170967
vn -0.971519 -0.202891 0.122417
vn -0.971521 -0.202891 0.122404
vn -0.976229 -0.203875 0.073562
vn -0.978587 -0.204367 0.024548
vn -0.976229 -0.203875 0.073562
vn -0.978587 -0.204367 0.024546
vn 0.024022 0.005017 0.999699
vn 0.024022 0.005017 0.999699
vn 0.072015 0.015040 0.997290
vn 0.119824 0.025024 0.992480
vn 0.072015 0.015040 0.997290
vn 0.119824 0.025024 0.992480
vn 0.167348 0.034949 0.985278
vn 0.214478 0.044791 0.975701
vn 0.167349 0.034949 0.985278
vn 0.261078 0.054523 0.963777
vn 0.214477 0.044791 0.975701
vn 0.261078 0.054523 0.963777
vn 0.307055 0.064125 0.949529
vn 0.307055 0.064125 0.949529
vn 0.352296 0.073573 0.932992
vn 0.396687 0.082844 0.914208
vn 0.352295 0.073573 0.932993
vn 0.396687 0.082844 0.914208
vn 0.440117 0.091913 0.893224
vn 0.440118 0.091914 0.893224
vn 0.482484 0.100762 0.870090
vn 0.523706 0.109370 0.844849
vn 0.482484 0.100762 0.870090
vn 0.523706 0.109370 0.844849
vn 0.563647 0.117711 0.817586
vn 0.602236 0.125770 0.788349
vn 0.563645 0.117711 0.817587
vn 0.602237 0.125771 0.788348
vn 0.639376 0.133527 0.757211
vn 0.674979 0.140962 0.724247
vn 0.639376 0.133527 0.757211
vn 0.674979 0.140962 0.724247
vn 0.708955 0.148057 0.689537
vn 0.708955 0.148057 0.689537
vn 0.741218 0.154795 0.653172
vn 0.741217 0.154795 0.653174
vn 0.771697 0.161160 0.615233
vn 0.800314 0.167137 0.575815
vn 0.771698 0.161161 0.615231
vn 0.800315 0.167137 0.575813
vn 0.827019 0.172714 0.534986
vn 0.851709 0.177870 0.492903
vn 0.827016 0.172713 0.534990
vn 0.851709 0.177870 0.492903
vn 0.874360 0.182600 0.449612
vn 0.874362 0.182601 0.449610
vn 0.894902 0.186890 0.405243
vn 0.913289 0.190730 0.359897
vn 0.894902 0.186890 0.405243
vn 0.913288 0.190730 0.359900
vn 0.929476 0.194111 0.313679
vn 0.943424 0.197024 0.266707
vn 0.929477 0.194111 0.313677
vn 0.943423 0.197023 0.266710
vn 0.955095 0.199461 0.219108
vn 0.955096 0.199461 0.219106
vn 0.964470 0.201419 0.170961
vn 0.964471 0.201419 0.170955
vn 0.971521 0.202891 0.122404
vn 0.971520 0.202891 0.122410
vn 0.976229 0.203875 0.073568
vn 0.978587 0.204367 0.024546
vn 0.976229 0.203875 0.073562
vn 0.978586 0.204367 0.024548
vn -0.024022 -0.005017 0.999699
vn -0.024022 -0.005017 0.999699
vn -0.072015 -0.015040 0.997290
vn -0.119825 -0.025024 0.992480
vn -0.072015 -0.015039 0.997290
vn -0.119825 -0.025024 0.992480
vn -0.167348 -0.034949 0.985278
vn -0.214478 -0.044791 0.975701
vn -0.167348 -0.034949 0.985278
vn -0.261082 -0.054524 0.963776
vn -0.214478 -0.044791 0.975701
vn -0.261082 -0.054524 0.963776
vn -0.307052 -0.064124 0.949530
vn -0.307052 -0.064124 0.949530
vn -0.352296 -0.073573 0.932992
vn -0.396685 -0.082843 0.914209
vn -0.352296 -0.073573 0.932992
vn -0.396685 -0.082843 0.914209
vn -0.440119 -0.091914 0.893223
vn -0.440118 -0.091914 0.893223
vn -0.482482 -0.100761 0.870091
vn -0.523709 -0.109371 0.844848
vn -0.482482 -0.100761 0.870091
vn -0.523710 -0.109371 0.844847
vn -0.563647 -0.117711 0.817586
vn -0.602236 -0.125770 0.788349
vn -0.563645 -0.117711 0.817587
vn -0.602236 -0.125770 0.788349
vn -0.639373 -0.133526 0.757214
vn -0.674979 -0.140962 0.724247
vn -0.639373 -0.133526 0.757214
vn -0.674979 -0.140962 0.724247
vn -0.708955 -0.148057 0.689537
vn -0.708958 -0.148058 0.689534
vn -0.741218 -0.154795 0.653172
vn -0.741215 -0.154794 0.653176
vn -0.771697 -0.161160 0.615233
vn -0.800317 -0.167137 0.575811
vn -0.771697 -0.161160 0.615233
vn -0.800318 -0.167137 0.575809
vn -0.827016 -0.172713 0.534990
vn -0.851712 -0.177871 0.492898
vn -0.827015 -0.172713 0.534992
vn -0.851713 -0.177871 0.492896
vn -0.874361 -0.182600 0.449612
vn -0.874361 -0.182600 0.449612
vn -0.894902 -0.186890 0.405243
vn -0.913287 -0.190730 0.359903
vn -0.894900 -0.186890 0.405248
vn -0.913290 -0.190730 0.359894
vn -0.929478 -0.194111 0.313674
vn -0.943424 -0.197024 0.266708
vn -0.929475 -0.194110 0.313683
vn -0.943423 -0.197024 0.266710
vn -0.955095 -0.199461 0.219108
vn -0.955095 -0.199461 0.219108
vn -0.964471 -0.201419 0.170955
vn -0.964471 -0.201419 0.170955
vn -0.971519 -0.202891 0.122417
vn -0.971520 -0.202891 0.122410
vn -0.976229 -0.203875 0.073562
vn -0.978587 -0.204367 0.024546
vn -0.976229 -0.203875 0.073559
vn -0.978587 -0.204367 0.024548
vn -0.978882 -0.204428 -0.000000
vn -0.978882 -0.204428 0.000000
vn -0.978587 -0.204367 -0.024542
vn -0.978587 -0.204367 -0.024542
vn -0.976229 -0.203875 -0.073561
vn -0.976229 -0.203875 -0.073560
vn -0.971519 -0.202891 -0.122414
vn -0.971519 -0.202891 -0.122414
vn -0.964471 -0.201419 -0.170957
vn -0.964471 -0.201419 -0.170957
vn -0.955096 -0.199461 -0.219104
vn -0.943423 -0.197023 -0.266710
vn -0.955096 -0.199461 -0.219104
vn -0.943423 -0.197023 -0.266710
vn -0.929474 -0.194110 -0.313688
vn -0.913291 -0.190731 -0.359891
vn -0.929474 -0.194110 -0.313688
vn -0.894902 -0.186890 -0.405243
vn -0.913290 -0.190731 -0.359892
vn -0.894902 -0.186890 -0.405243
vn -0.874361 -0.182601 -0.449610
vn -0.851711 -0.177870 -0.492900
vn -0.874361 -0.182601 -0.449610
vn -0.851711 -0.177870 -0.492900
vn -0.827013 -0.172712 -0.534996
vn -0.827013 -0.172712 -0.534996
vn -0.800317 -0.167137 -0.575810
vn -0.800317 -0.167137 -0.575810
vn -0.771699 -0.161161 -0.615230
vn -0.771699 -0.161161 -0.615230
vn -0.741218 -0.154795 -0.653173
vn -0.708951 -0.148057 -0.689541
vn -0.741219 -0.154795 -0.653172
vn -0.708951 -0.148056 -0.689542
vn -0.692174 -0.144553 -0.707107
vn -0.692142 -0.144624 -0.707123
vn -0.692180 -0.144538 -0.707103
vn -0.692187 -0.144523 -0.707100
vn -0.692176 -0.144549 -0.707106
vn -0.692176 -0.144549 -0.707106
vn -0.692173 -0.144555 -0.707107
vn -0.692172 -0.144557 -0.707108
vn -0.692171 -0.144559 -0.707108
vn -0.692191 -0.144559 -0.707089
vn -0.692121 -0.144543 -0.707161
vn -0.692127 -0.144543 -0.707154
vn -0.692219 -0.144564 -0.707060
vn -0.692154 -0.144548 -0.707127
vn -0.692157 -0.144549 -0.707124
vn -0.692201 -0.144557 -0.707079
vn -0.692231 -0.144563 -0.707048
vn -0.692200 -0.144558 -0.707080
vn -0.692142 -0.144546 -0.707139
vn -0.692182 -0.144555 -0.707098
vn -0.692188 -0.144556 -0.707092
vn -0.692148 -0.144547 -0.707133
vn -0.692159 -0.144549 -0.707122
vn -0.692183 -0.144554 -0.707097
vn -0.692182 -0.144554 -0.707098
vn -0.692174 -0.144553 -0.707107
vn -0.692152 -0.144548 -0.707129
vn -0.692182 -0.144555 -0.707099
vn -0.692174 -0.144553 -0.707106
vn -0.692176 -0.144553 -0.707104
vn -0.692159 -0.144550 -0.707121
vn -0.692166 -0.144551 -0.707115
vn -0.692174 -0.144553 -0.707107
vn -0.692174 -0.144553 -0.707107
vn -0.692181 -0.144546 -0.707102
vn -0.692173 -0.144545 -0.707109
vn -0.692173 -0.144541 -0.707110
vn -0.692179 -0.144629 -0.707086
vn -0.692173 -0.144548 -0.707108
vn -0.692173 -0.144546 -0.707108
vn -0.692171 -0.144507 -0.707119
vn -0.692176 -0.144591 -0.707097
vn -0.692174 -0.144553 -0.707107
vn -0.674980 -0.140962 -0.724246
vn -0.639381 -0.133527 -0.757207
vn -0.674979 -0.140962 -0.724247
vn -0.602239 -0.125771 -0.788346
vn -0.639381 -0.133527 -0.757207
vn -0.563645 -0.117711 -0.817587
vn -0.602239 -0.125771 -0.788346
vn -0.523699 -0.109369 -0.844854
vn -0.563646 -0.117711 -0.817586
vn -0.482491 -0.100763 -0.870086
vn -0.523699 -0.109369 -0.844854
vn -0.440115 -0.091913 -0.893225
vn -0.482491 -0.100763 -0.870086
vn -0.396683 -0.082843 -0.914210
vn -0.440116 -0.091914 -0.893224
vn -0.352291 -0.073572 -0.932994
vn -0.396682 -0.082843 -0.914210
vn -0.307062 -0.064126 -0.949527
vn -0.352291 -0.073572 -0.932994
vn -0.261080 -0.054524 -0.963776
vn -0.307061 -0.064126 -0.949527
vn -0.214473 -0.044790 -0.975702
vn -0.261080 -0.054524 -0.963776
vn -0.167351 -0.034949 -0.985278
vn -0.214473 -0.044790 -0.975702
vn -0.119824 -0.025024 -0.992480
vn -0.167351 -0.034949 -0.985278
vn -0.072016 -0.015040 -0.997290
vn -0.119824 -0.025024 -0.992480
vn -0.024018 -0.005016 -0.999699
vn -0.072016 -0.015040 -0.997290
vn -0.024018 -0.005016 -0.999699
vn 0.000000 -0.000000 -1.000000
vn 0.000000 0.000000 -1.000000
vn 0.000000 0.000000 -1.000000
vn 0.000000 0.000000 -1.000000
vn 0.000000 0.000000 -1.000000
vn 0.000000 0.000000 -1.000000
vn 0.000000 0.000000 -1.000000
vn 0.000000 0.000000 -1.000000
vn 0.000000 0.000000 -1.000000
vn 0.000000 0.000000 -1.000000
vn 0.000000 0.000000 -1.000000
vn 0.000000 0.000000 -1.000000
vn 0.024018 0.005016 -0.999699
vn 0.072016 0.015040 -0.997290
vn 0.024018 0.005016 -0.999699
vn 0.119824 0.025024 -0.992480
vn 0.072016 0.015040 -0.997290
vn 0.167351 0.034949 -0.985278
vn 0.119824 0.025024 -0.992480
vn 0.214474 0.044790 -0.975702
vn 0.167350 0.034949 -0.985278
vn 0.261080 0.054524 -0.963776
vn 0.214474 0.044790 -0.975702
vn 0.307062 0.064126 -0.949527
vn 0.261080 0.054524 -0.963776
vn 0.352291 0.073572 -0.932994
vn 0.307061 0.064126 -0.949527
vn 0.396683 0.082843 -0.914210
vn 0.352292 0.073572 -0.932994
vn 0.440115 0.091913 -0.893225
vn 0.396682 0.082843 -0.914210
vn 0.482492 0.100763 -0.870085
vn 0.440116 0.091913 -0.893225
vn 0.523698 0.109369 -0.844855
vn 0.482492 0.100763 -0.870085
vn 0.563646 0.117711 -0.817586
vn 0.523697 0.109368 -0.844855
vn 0.602240 0.125771 -0.788346
vn 0.563647 0.117711 -0.817586
vn 0.639381 0.133527 -0.757207
vn 0.602239 0.125771 -0.788346
vn 0.674979 0.140962 -0.724247
vn 0.639381 0.133527 -0.757207
vn 0.674979 0.140962 -0.724247
vn 0.692242 0.144565 -0.707037
vn 0.692250 0.144566 -0.707029
vn 0.692103 0.144537 -0.707179
vn 0.692206 0.144557 -0.707074
vn 0.692177 0.144553 -0.707104
vn 0.692166 0.144551 -0.707115
vn 0.692178 0.144555 -0.707102
vn 0.692219 0.144563 -0.707060
vn 0.692192 0.144557 -0.707088
vn 0.692145 0.144547 -0.707136
vn 0.692199 0.144558 -0.707081
vn 0.692164 0.144551 -0.707117
vn 0.692167 0.144552 -0.707113
vn 0.692183 0.144555 -0.707098
vn 0.692172 0.144553 -0.707109
vn 0.692177 0.144553 -0.707103
vn 0.692160 0.144550 -0.707120
vn 0.692174 0.144552 -0.707107
vn 0.692187 0.144555 -0.707094
vn 0.692173 0.144553 -0.707107
vn 0.692173 0.144553 -0.707108
vn 0.692164 0.144551 -0.707117
vn 0.692169 0.144552 -0.707112
vn 0.692174 0.144553 -0.707107
vn 0.692171 0.144492 -0.707122
vn 0.692172 0.144568 -0.707106
vn 0.692173 0.144597 -0.707099
vn 0.692175 0.144555 -0.707105
vn 0.692173 0.144548 -0.707108
vn 0.692174 0.144557 -0.707106
vn 0.692173 0.144544 -0.707109
vn 0.692174 0.144549 -0.707107
vn 0.692177 0.144566 -0.707101
vn 0.692174 0.144553 -0.707107
vn 0.692174 0.144553 -0.707107
vn 0.692179 0.144547 -0.707103
vn 0.692166 0.144561 -0.707113
vn 0.692196 0.144502 -0.707095
vn 0.692170 0.144550 -0.707111
vn 0.692159 0.144582 -0.707115
vn 0.692178 0.144544 -0.707105
vn 0.692169 0.144564 -0.707109
vn 0.692174 0.144553 -0.707107
vn 0.978881 0.204429 0.000000
vn 0.978881 0.204429 -0.000000
vn 0.708949 0.148056 -0.689543
vn 0.708949 0.148056 -0.689543
vn 0.741219 0.154795 -0.653172
vn 0.741218 0.154795 -0.653173
vn 0.771700 0.161161 -0.615229
vn 0.771700 0.161161 -0.615228
vn 0.800316 0.167137 -0.575811
vn 0.827013 0.172712 -0.534996
vn 0.800318 0.167137 -0.575810
vn 0.851713 0.177871 -0.492897
vn 0.827011 0.172712 -0.534999
vn 0.851713 0.177871 -0.492897
vn 0.874360 0.182600 -0.449613
vn 0.874360 0.182600 -0.449613
vn 0.894902 0.186890 -0.405243
vn 0.913290 0.190731 -0.359892
vn 0.894902 0.186890 -0.405243
vn 0.913291 0.190731 -0.359891
vn 0.929475 0.194110 -0.313684
vn 0.929475 0.194110 -0.313684
vn 0.943422 0.197023 -0.266713
vn 0.955097 0.199461 -0.219100
vn 0.943422 0.197023 -0.266715
vn 0.955097 0.199461 -0.219100
vn 0.964470 0.201419 -0.170961
vn 0.971520 0.202891 -0.122411
vn 0.964471 0.201419 -0.170959
vn 0.971520 0.202891 -0.122411
vn 0.976229 0.203875 -0.073561
vn 0.976229 0.203875 -0.073561
vn 0.978586 0.204367 -0.024545
vn 0.978587 0.204367 -0.024542
vn 0.978587 0.204367 0.024541
vn 0.978587 0.204367 0.024542
vn 0.976229 0.203875 0.073561
vn 0.976229 0.203875 0.073561
vn 0.971519 0.202891 0.122414
vn 0.971520 0.202891 0.122407
vn 0.964471 0.201419 0.170957
vn 0.964470 0.201419 0.170963
vn 0.955096 0.199461 0.219104
vn 0.955096 0.199461 0.219104
vn 0.943423 0.197023 0.266710
vn 0.943423 0.197023 0.266711
vn 0.929474 0.194110 0.313687
vn 0.929474 0.194110 0.313688
vn 0.913291 0.190731 0.359892
vn 0.913291 0.190731 0.359891
vn 0.894902 0.186891 0.405243
vn 0.894905 0.186891 0.405236
vn 0.874361 0.182601 0.449611
vn 0.874358 0.182600 0.449616
vn 0.851714 0.177871 0.492894
vn 0.851714 0.177871 0.492894
vn 0.827009 0.172712 0.535001
vn 0.827009 0.172712 0.535001
vn 0.800318 0.167137 0.575810
vn 0.800318 0.167137 0.575810
vn 0.771702 0.161161 0.615226
vn 0.771702 0.161161 0.615226
vn 0.741214 0.154794 0.653177
vn 0.741214 0.154794 0.653177
vn 0.708951 0.148057 0.689541
vn 0.708951 0.148057 0.689541
vn 0.978881 0.204429 0.000000
vn 0.978881 0.204429 -0.000000
vn 0.692174 0.144553 0.707107
vn 0.692174 0.144553 0.707107
vn 0.674977 0.140961 0.724248
vn 0.639381 0.133528 0.757207
vn 0.674977 0.140961 0.724248
vn 0.639381 0.133528 0.757207
vn 0.602239 0.125771 0.788346
vn 0.602239 0.125771 0.788346
vn 0.563647 0.117712 0.817585
vn 0.523697 0.109368 0.844855
vn 0.563648 0.117712 0.817585
vn 0.523696 0.109368 0.844856
vn 0.482491 0.100763 0.870086
vn 0.482491 0.100763 0.870086
vn 0.440116 0.091913 0.893224
vn 0.440117 0.091913 0.893224
vn 0.396684 0.082843 0.914209
vn 0.396683 0.082843 0.914210
vn 0.352291 0.073572 0.932994
vn 0.352291 0.073572 0.932994
vn 0.307060 0.064126 0.949527
vn 0.307060 0.064126 0.949527
vn 0.261080 0.054524 0.963776
vn 0.261080 0.054524 0.963776
vn 0.214474 0.044791 0.975702
vn 0.167351 0.034949 0.985278
vn 0.214474 0.044791 0.975702
vn 0.119825 0.025024 0.992480
vn 0.167351 0.034949 0.985278
vn 0.119824 0.025024 0.992480
vn 0.072016 0.015040 0.997290
vn 0.072016 0.015040 0.997290
vn 0.024018 0.005016 0.999699
vn 0.024018 0.005016 0.999699
vn 0.000000 0.000000 1.000000
vn 0.000000 0.000000 1.000000
vn 0.000000 0.000000 1.000000
vn 0.000000 0.000000 1.000000
vn 0.000000 0.000000 1.000000
vn 0.000000 0.000000 1.000000
vn 0.000000 0.000000 1.000000
vn 0.000000 0.000000 1.000000
vn 0.000000 0.000000 1.000000
vn 0.000000 0.000000 1.000000
vn 0.000000 0.000000 1.000000
vn 0.000000 0.000000 1.000000
vn 0.000000 0.000000 1.000000
vn 0.000000 0.000000 1.000000
vn 0.000000 0.000000 1.000000
vn 0.000000 0.000000 1.000000
vn 0.000000 0.000000 1.000000
vn 0.000000 0.000000 1.000000
vn 0.000000 0.000000 1.000000
vn 0.000000 0.000000 1.000000
vn 0.000000 0.000000 1.000000
vn 0.000000 0.000000 1.000000
vn 0.000000 0.000000 1.000000
vn 0.000000 0.000000 1.000000
vn 0.000000 0.000000 1.000000
vn 0.000000 0.000000 1.000000
vn 0.000000 0.000000 1.000000
vn 0.000000 0.000000 1.000000
vn 0.000000 0.000000 1.000000
vn 0.000000 0.000000 1.000000
vn 0.000000 0.000000 1.000000
vn 0.000000 0.000000 1.000000
vn 0.000000 0.000000 1.000000
vn 0.000000 0.000000 1.000000
vn 0.000000 0.000000 1.000000
vn 0.000000 0.000000 1.000000
vn 0.000000 0.000000 1.000000
vn 0.000000 0.000000 1.000000
vn 0.000000 0.000000 1.000000
vn 0.000000 0.000000 1.000000
vn 0.000000 0.000000 1.000000
vn 0.000000 0.000000 1.000000
vn 0.000000 0.000000 1.000000
vn 0.000000 0.000000 1.000000
vn 0.000000 0.000000 1.000000
vn 0.000000 0.000000 1.000000
vn 0.000000 0.000000 1.000000
vn 0.000000 0.000000 1.000000
vn 0.000000 0.000000 1.000000
vn 0.000000 0.000000 1.000000
vn 0.000000 0.000000 1.000000
vn 0.000000 0.000000 1.000000
vn 0.000000 0.000000 1.000000
vn 0.000000 0.000000 1.000000
vn 0.000000 0.000000 1.000000
vn 0.000000 0.000000 1.000000
vn 0.000000 0.000000 1.000000
vn 0.000000 0.000000 1.000000
vn 0.000000 0.000000 1.000000
vn 0.000000 0.000000 1.000000
vn 0.000000 0.000000 1.000000
vn 0.000000 0.000000 1.000000
vn 0.000000 0.000000 1.000000
vn 0.000000 0.000000 1.000000
vn 0.000000 0.000000 1.000000
vn 0.000000 0.000000 1.000000
vn 0.000000 0.000000 1.000000
vn 0.000000 0.000000 1.000000
vn 0.000000 0.000000 1.000000
vn 0.000000 0.000000 1.000000
vn 0.000000 0.000000 1.000000
vn 0.000000 0.000000 1.000000
vn 0.000000 0.000000 1.000000
vn 0.000000 0.000000 1.000000
vn 0.000000 0.000000 1.000000
vn 0.000000 0.000000 1.000000
vn 0.000000 0.000000 1.000000
vn 0.000000 0.000000 1.000000
vn 0.000000 0.000000 1.000000
vn 0.000000 0.000000 1.000000
vn 0.000000 0.000000 1.000000
vn 0.000000 0.000000 1.000000
vn 0.000000 0.000000 1.000000
vn 0.000000 0.000000 1.000000
vn 0.000000 0.000000 1.000000
vn 0.000000 0.000000 1.000000
vn 0.000000 0.000000 1.000000
vn 0.000000 0.000000 1.000000
vn 0.000000 0.000000 1.000000
vn 0.000000 0.000000 1.000000
vn 0.000000 0.000000 1.000000
vn 0.000000 0.000000 1.000000
vn 0.000000 0.000000 1.000000
vn 0.000000 0.000000 1.000000
vn 0.000000 0.000000 1.000000
vn 0.000000 0.000000 1.000000
vn 0.000000 0.000000 1.000000
vn 0.000000 0.000000 1.000000
vn 0.000000 0.000000 1.000000
vn 0.000000 0.000000 1.000000
vn 0.000000 0.000000 1.000000
vn 0.000000 0.000000 1.000000
vn 0.000000 0.000000 1.000000
vn 0.000000 0.000000 1.000000
vn 0.000000 0.000000 1.000000
vn 0.000000 0.000000 1.000000
vn 0.000000 0.000000 1.000000
vn 0.000000 0.000000 1.000000
vn 0.000000 0.000000 1.000000
vn 0.000000 0.000000 1.000000
vn 0.000000 0.000000 1.000000
vn 0.000000 0.000000 1.000000
vn 0.000000 0.000000 1.000000
vn 0.000000 0.000000 1.000000
vn 0.000000 0.000000 1.000000
vn 0.000000 0.000000 1.000000
vn 0.000000 0.000000 1.000000
vn 0.000000 0.000000 1.000000
vn 0.000000 0.000000 1.000000
vn 0.000000 0.000000 1.000000
vn 0.000000 0.000000 1.000000
vn 0.000000 0.000000 1.000000
vn 0.000000 0.000000 1.000000
vn 0.000000 0.000000 1.000000
vn 0.000000 0.000000 1.000000
vn 0.000000 0.000000 1.000000
vn 0.000000 0.000000 1.000000
vn 0.000000 0.000000 1.000000
vn 0.000000 0.000000 1.000000
vn 0.000000 0.000000 1.000000
vn 0.000000 0.000000 1.000000
vn 0.000000 0.000000 1.000000
vn -0.024018 -0.005016 0.999699
vn -0.072016 -0.015040 0.997290
vn -0.024018 -0.005016 0.999699
vn -0.072016 -0.015040 0.997290
vn -0.119824 -0.025024 0.992480
vn -0.167350 -0.034949 0.985278
vn -0.119824 -0.025024 0.992480
vn -0.214474 -0.044791 0.975702
vn -0.167351 -0.034949 0.985278
vn -0.214474 -0.044790 0.975702
vn -0.261080 -0.054524 0.963776
vn -0.307061 -0.064126 0.949527
vn -0.261079 -0.054523 0.963776
vn -0.307062 -0.064127 0.949526
vn -0.352291 -0.073572 0.932994
vn -0.352292 -0.073572 0.932994
vn -0.396682 -0.082843 0.914210
vn -0.440116 -0.091913 0.893224
vn -0.396682 -0.082843 0.914210
vn -0.440116 -0.091913 0.893225
vn -0.482491 -0.100763 0.870085
vn -0.482491 -0.100763 0.870086
vn -0.523697 -0.109368 0.844855
vn -0.563647 -0.117712 0.817585
vn -0.523699 -0.109369 0.844854
vn -0.602239 -0.125771 0.788346
vn -0.563646 -0.117711 0.817586
vn -0.602239 -0.125771 0.788346
vn -0.639381 -0.133528 0.757207
vn -0.674979 -0.140962 0.724247
vn -0.639381 -0.133528 0.757207
vn -0.674979 -0.140962 0.724247
vn -0.692174 -0.144553 0.707107
vn -0.692174 -0.144553 0.707107
vn -0.708951 -0.148057 0.689541
vn -0.708952 -0.148057 0.689541
vn -0.741216 -0.154795 0.653175
vn -0.741215 -0.154795 0.653176
vn -0.771702 -0.161161 0.615226
vn -0.800316 -0.167137 0.575812
vn -0.771702 -0.161161 0.615226
vn -0.827013 -0.172712 0.534996
vn -0.800316 -0.167137 0.575812
vn -0.827011 -0.172712 0.534998
vn -0.851711 -0.177870 0.492900
vn -0.874361 -0.182601 0.449610
vn -0.851713 -0.177871 0.492896
vn -0.874361 -0.182601 0.449610
vn -0.894902 -0.186890 0.405243
vn -0.894902 -0.186890 0.405244
vn -0.913291 -0.190731 0.359891
vn -0.929474 -0.194110 0.313688
vn -0.913291 -0.190731 0.359891
vn -0.929474 -0.194110 0.313686
vn -0.943423 -0.197023 0.266711
vn -0.943423 -0.197023 0.266711
vn -0.955096 -0.199461 0.219104
vn -0.964471 -0.201419 0.170958
vn -0.955097 -0.199461 0.219102
vn -0.971520 -0.202891 0.122413
vn -0.964470 -0.201419 0.170959
vn -0.971520 -0.202891 0.122411
vn -0.976229 -0.203875 0.073561
vn -0.978587 -0.204367 0.024543
vn -0.976229 -0.203875 0.073560
vn -0.978587 -0.204367 0.024546
vn -0.978881 -0.204429 -0.000000
vn -0.978881 -0.204429 0.000000
vn -0.675823 -0.141138 -0.723424
vn -0.641864 -0.134157 -0.754992
vn -0.675000 -0.140850 -0.724248
vn -0.606212 -0.126797 -0.785130
vn -0.639422 -0.133331 -0.757207
vn -0.568971 -0.119087 -0.813690
vn -0.602293 -0.125511 -0.788346
vn -0.530234 -0.111048 -0.840547
vn -0.563712 -0.117402 -0.817585
vn -0.490107 -0.102707 -0.865590
vn -0.523769 -0.109021 -0.844855
vn -0.448718 -0.094095 -0.888706
vn -0.482570 -0.100385 -0.870086
vn -0.406205 -0.085243 -0.909797
vn -0.440200 -0.091511 -0.893224
vn -0.362698 -0.076178 -0.928788
vn -0.396770 -0.082419 -0.914210
vn -0.318371 -0.066940 -0.945600
vn -0.352384 -0.073129 -0.932994
vn -0.273365 -0.057560 -0.960187
vn -0.307158 -0.063664 -0.949527
vn -0.227844 -0.048072 -0.972510
vn -0.261181 -0.054041 -0.963776
vn -0.181959 -0.038508 -0.982552
vn -0.214579 -0.044285 -0.975702
vn -0.135904 -0.028908 -0.990300
vn -0.167461 -0.034421 -0.985278
vn -0.089805 -0.019298 -0.995772
vn -0.119940 -0.024471 -0.992480
vn -0.072136 -0.014465 -0.997290
vn -0.050051 -0.010756 -0.998689
vn -0.016680 -0.003483 -0.999855
vn -0.024125 -0.004504 -0.999699
vn 0.000000 0.000000 -1.000000
vn 0.000000 0.000000 -1.000000
vn 0.000000 0.000000 -1.000000
vn 0.000000 0.000000 -1.000000
vn 0.000000 0.000000 -1.000000
vn 0.000000 0.000000 -1.000000
vn 0.000000 0.000000 -1.000000
vn 0.000000 0.000000 -1.000000
vn 0.000000 0.000000 -1.000000
vn 0.000000 0.000000 -1.000000
vn 0.000000 0.000000 -1.000000
vn 0.000000 0.000000 -1.000000
vn 0.022853 0.004773 -0.999727
vn 0.068736 0.014243 -0.997533
vn 0.023995 0.005127 -0.999699
vn 0.114789 0.023775 -0.993105
vn 0.071975 0.015236 -0.997290
vn 0.160908 0.033341 -0.986406
vn 0.119770 0.025285 -0.992480
vn 0.206893 0.042893 -0.977423
vn 0.167286 0.035259 -0.985278
vn 0.252602 0.052399 -0.966150
vn 0.214401 0.045138 -0.975702
vn 0.297869 0.061821 -0.952603
vn 0.261001 0.054901 -0.963776
vn 0.342537 0.071124 -0.936808
vn 0.306978 0.064529 -0.949526
vn 0.386437 0.080270 -0.918816
vn 0.352203 0.073995 -0.932994
vn 0.429425 0.089228 -0.898684
vn 0.396590 0.083286 -0.914210
vn 0.471345 0.097964 -0.876491
vn 0.440020 0.092376 -0.893224
vn 0.512065 0.106450 -0.852325
vn 0.482391 0.101246 -0.870085
vn 0.551458 0.114658 -0.826285
vn 0.523591 0.109873 -0.844855
vn 0.589397 0.122562 -0.798492
vn 0.563536 0.118240 -0.817586
vn 0.625773 0.130142 -0.769071
vn 0.602124 0.126323 -0.788346
vn 0.639260 0.134103 -0.757207
vn 0.655889 0.136673 -0.742381
vn 0.680283 0.142070 -0.719049
vn 0.674872 0.141474 -0.724247
vn -0.674788 -0.141877 -0.724246
vn -0.674566 -0.143158 -0.724200
vn -0.674394 -0.144416 -0.724111
vn -0.674298 -0.145635 -0.723957
vn -0.674282 -0.146733 -0.723749
vn -0.674379 -0.147882 -0.723425
vn -0.674657 -0.148975 -0.722941
vn -0.655606 -0.155493 -0.738920
vn -0.646105 -0.099397 -0.756749
vn -0.656041 -0.156879 -0.738240
vn -0.678680 -0.134035 -0.722099
vn -0.678081 -0.134769 -0.722526
vn -0.677642 -0.135471 -0.722807
vn -0.677326 -0.136097 -0.722985
vn -0.676965 -0.136953 -0.723161
vn -0.676567 -0.138129 -0.723310
vn -0.676070 -0.139955 -0.723424
vn -0.635678 -0.162425 -0.754673
vn -0.664531 -0.120969 -0.737404
vn -0.031595 0.068162 -0.997174
vn -0.381356 -0.151339 -0.911956
vn -0.355658 -0.057206 -0.932864
vn -0.376043 -0.158286 -0.912982
vn -0.419553 -0.181142 -0.889473
vn -0.367794 -0.160283 -0.915989
vn -0.628981 -0.139959 -0.764718
vn -0.630185 -0.136349 -0.764379
vn -0.631146 -0.132661 -0.764236
vn -0.631851 -0.128929 -0.764291
vn -0.446331 0.021553 -0.894608
vn -0.464923 -0.007938 -0.885315
vn -0.411873 0.005604 -0.911224
vn -0.376790 -0.031989 -0.925746
vn -0.418450 -0.022514 -0.907961
vn -0.415327 0.000928 -0.909672
vn -0.366765 -0.056347 -0.928606
vn -0.591907 -0.171884 -0.787466
vn -0.550542 -0.175508 -0.816150
vn -0.501845 -0.276792 -0.819474
vn -0.512530 -0.159408 -0.843743
vn -0.477610 -0.123487 -0.869851
vn -0.488118 -0.142277 -0.861103
vn -0.508254 -0.241376 -0.826690
vn -0.647179 -0.142295 -0.748940
vn -0.307295 -0.063005 -0.949526
vn -0.347216 -0.197376 -0.916779
vn -0.375952 -0.158097 -0.913053
vn -0.647668 -0.160979 -0.744722
vn -0.538547 -0.182187 -0.822664
vn -0.631486 -0.180317 -0.754129
vn -0.538345 -0.179065 -0.823481
vn -0.649011 -0.172631 -0.740934
vn -0.395019 -0.194289 -0.897893
vn -0.362113 -0.212595 -0.907567
vn -0.394655 -0.195693 -0.897748
vn -0.538052 -0.177248 -0.824065
vn -0.650396 -0.156924 -0.743210
vn -0.650109 -0.154688 -0.743929
vn -0.649104 -0.152193 -0.745320
vn -0.647571 -0.149727 -0.747150
vn -0.645314 -0.146995 -0.749641
vn -0.642302 -0.143999 -0.752803
vn -0.631200 -0.134463 -0.763876
vn -0.648999 -0.170606 -0.741414
vn -0.537914 -0.176734 -0.824266
vn -0.362146 -0.212647 -0.907541
vn -0.399911 -0.205540 -0.893210
vn -0.339625 -0.225869 -0.913038
vn -0.399626 -0.192362 -0.896268
vn -0.357809 -0.228717 -0.905351
vn -0.018940 -0.029293 -0.999391
vn -0.010302 -0.422389 -0.906356
vn -0.017589 -0.251830 -0.967612
vn -0.022023 -0.202313 -0.979073
vn -0.063109 -0.168946 -0.983603
vn -0.119844 -0.322199 -0.939055
vn -0.165538 -0.308573 -0.936685
vn -0.029789 -0.206790 -0.977932
vn -0.062163 -0.279340 -0.958178
vn -0.039436 -0.122886 -0.991637
vn -0.118827 -0.294269 -0.948307
vn -0.165312 -0.276453 -0.946702
vn -0.175964 -0.271241 -0.946290
vn -0.188226 -0.268850 -0.944611
vn -0.202392 -0.269028 -0.941627
vn -0.164402 -0.285120 -0.944287
vn -0.037835 -0.214425 -0.976007
vn -0.063523 -0.249955 -0.966172
vn -0.046965 -0.152374 -0.987206
vn -0.118975 -0.275609 -0.953879
vn -0.079293 -0.172016 -0.981898
vn -0.045733 -0.221234 -0.974148
vn -0.050919 -0.212289 -0.975879
vn -0.059618 -0.214231 -0.974962
vn -0.065579 -0.231369 -0.970653
vn -0.080175 -0.163345 -0.983306
vn -0.080227 -0.144820 -0.986200
vn -0.054604 -0.174858 -0.983078
vn -0.080436 -0.153859 -0.984813
vn -0.175339 -0.224038 -0.958678
vn -0.178272 -0.264409 -0.947791
vn -0.128232 -0.278860 -0.951732
vn -0.135386 -0.271056 -0.952995
vn -0.145668 -0.266134 -0.952866
vn -0.174934 -0.233162 -0.956574
vn -0.165244 -0.270462 -0.948443
vn -0.131467 -0.215083 -0.967706
vn -0.086329 -0.272553 -0.958260
vn -0.092008 -0.259872 -0.961250
vn -0.098815 -0.253339 -0.962317
vn -0.106938 -0.251479 -0.961937
vn -0.132043 -0.203811 -0.970065
vn -0.090806 -0.250911 -0.963742
vn -0.079616 -0.134850 -0.987662
vn -0.139306 -0.258663 -0.955870
vn -0.120133 -0.260790 -0.957892
vn -0.131398 -0.191778 -0.972603
vn -0.414426 -0.227299 -0.881241
vn -0.265691 -0.329821 -0.905884
vn -0.277449 -0.280642 -0.918838
vn -0.303268 -0.210147 -0.929444
vn -0.400626 -0.285950 -0.870478
vn -0.402073 -0.280962 -0.871434
vn -0.277989 -0.323190 -0.904583
vn -0.303983 -0.207222 -0.929867
vn -0.403617 -0.276296 -0.872212
vn -0.313375 -0.210738 -0.925951
vn -0.405311 -0.271762 -0.872851
vn -0.314120 -0.207697 -0.926386
vn -0.289899 -0.316348 -0.903262
vn -0.407059 -0.267587 -0.873327
vn -0.323209 -0.210590 -0.922598
vn -0.408998 -0.263428 -0.873685
vn -0.323972 -0.207481 -0.923035
vn -0.301442 -0.309265 -0.901936
vn -0.306029 -0.295550 -0.904984
vn -0.311366 -0.283365 -0.907059
vn -0.317445 -0.272476 -0.908287
vn -0.324302 -0.262648 -0.908760
vn -0.332003 -0.253688 -0.908524
vn -0.340554 -0.245518 -0.907603
vn -0.351638 -0.236738 -0.905707
vn -0.647611 -0.130048 -0.750791
vn -0.651111 -0.128463 -0.748032
vn -0.653823 -0.126976 -0.745917
vn -0.655874 -0.125594 -0.744349
vn -0.657476 -0.124248 -0.743161
vn -0.658687 -0.122955 -0.742303
vn -0.659581 -0.121714 -0.741713
vn -0.660331 -0.120315 -0.741274
vn -0.630941 -0.136302 -0.763764
vn -0.660864 -0.118721 -0.741056
vn -0.577056 -0.068438 -0.813832
vn -0.662363 -0.108721 -0.741252
vn -0.578340 -0.066435 -0.813086
vn -0.579131 -0.065022 -0.812637
vn -0.660187 -0.116078 -0.742078
vn -0.662621 -0.107440 -0.741209
vn -0.579902 -0.063352 -0.812220
vn -0.660963 -0.104814 -0.743063
vn -0.661236 -0.102820 -0.743098
vn -0.580589 -0.061433 -0.811876
vn -0.444895 -0.275305 -0.852218
vn -0.437098 -0.246863 -0.864872
vn -0.432595 -0.222246 -0.873767
vn -0.431010 -0.200554 -0.879778
vn -0.432102 -0.181053 -0.883463
vn -0.435765 -0.163176 -0.885145
vn -0.437729 -0.205692 -0.875262
vn -0.415242 -0.196085 -0.888327
vn -0.540338 -0.177235 -0.822571
vn -0.536279 -0.166011 -0.827554
vn -0.444154 -0.140605 -0.884849
vn -0.443432 -0.146954 -0.884179
vn -0.445696 -0.134968 -0.884951
vn -0.533979 -0.158500 -0.830508
vn -0.657071 -0.110424 -0.745697
vn -0.661944 -0.099889 -0.742868
vn -0.582591 -0.008841 -0.812717
vn -0.581203 -0.058799 -0.811632
vn -0.449619 -0.130010 -0.883708
vn -0.532198 -0.151284 -0.832994
vn -0.449574 -0.130175 -0.883707
vn -0.457005 -0.113704 -0.882166
vn -0.467308 -0.097642 -0.878686
vn -0.566396 -0.048353 -0.822714
vn -0.567258 0.017841 -0.823347
vn -0.654836 -0.131179 -0.744300
vn -0.651938 -0.107093 -0.750672
vn -0.548478 -0.036106 -0.835385
vn -0.653182 -0.088806 -0.751975
vn -0.615015 -0.081439 -0.784299
vn -0.580156 -0.060512 -0.812254
vn -0.540846 -0.056136 -0.839247
vn -0.496935 -0.068554 -0.865076
vn -0.524077 -0.109464 -0.844607
vn -0.464318 -0.078803 -0.882156
vn -0.464093 -0.060725 -0.883703
vn -0.466650 -0.043038 -0.883394
vn -0.467333 -0.097613 -0.878676
vn -0.548216 -0.074424 -0.833019
vn -0.461149 -0.060406 -0.885264
vn -0.469086 -0.025204 -0.882793
vn -0.475979 -0.007234 -0.879427
vn -0.486153 0.011454 -0.873798
vn -0.500053 0.031344 -0.865428
vn -0.556441 -0.063645 -0.828446
vn -0.501487 -0.008294 -0.865126
vn -0.437234 0.044813 -0.898230
vn -0.429897 0.061534 -0.900779
vn -0.425130 0.078615 -0.901712
vn -0.422928 0.096469 -0.901014
vn -0.423402 0.115552 -0.898542
vn -0.467270 -0.006326 -0.884092
vn -0.504579 0.050164 -0.861907
vn -0.410131 0.042879 -0.911018
vn -0.410751 0.047777 -0.910495
vn -0.505263 0.056832 -0.861092
vn -0.413859 0.132310 -0.900675
vn -0.399344 0.051355 -0.915362
vn -0.506395 0.063718 -0.859945
vn -0.410063 0.151345 -0.899413
vn -0.509852 0.079232 -0.856605
vn -0.390403 0.164627 -0.905805
vn -0.476869 0.004370 -0.878964
vn -0.387971 0.059610 -0.919742
vn -0.385473 0.184260 -0.904134
vn -0.480252 0.088787 -0.872625
vn -0.374696 0.066599 -0.924752
vn -0.480835 0.096115 -0.871527
vn -0.359736 0.067590 -0.930603
vn -0.445525 0.016374 -0.895120
vn -0.360529 0.071984 -0.929966
vn -0.467710 0.036088 -0.883145
vn -0.481886 0.103853 -0.870057
vn -0.372493 0.200829 -0.906044
vn -0.432880 0.018286 -0.901266
vn -0.462962 0.052849 -0.884801
vn -0.432716 0.017276 -0.901365
vn -0.406517 0.067920 -0.911115
vn -0.405073 0.021296 -0.914037
vn -0.411674 0.063185 -0.909138
vn -0.405094 0.058447 -0.912405
vn -0.330131 -0.007775 -0.943903
vn -0.359755 0.139073 -0.922624
vn -0.283583 0.170979 -0.943582
vn -0.264931 0.176547 -0.947968
vn -0.274803 0.171706 -0.946045
vn -0.252446 0.185085 -0.949745
vn -0.244755 0.197875 -0.949179
vn -0.242374 0.215752 -0.945889
vn -0.275829 0.178503 -0.944487
vn -0.283631 0.196481 -0.938589
vn -0.213602 0.131058 -0.968090
vn -0.206219 0.117827 -0.971386
vn -0.200595 0.195618 -0.959945
vn -0.197376 0.211126 -0.957324
vn -0.218714 0.143343 -0.965203
vn -0.235339 0.161897 -0.958334
vn -0.226414 0.189352 -0.955449
vn -0.235471 0.212132 -0.948448
vn -0.253822 0.248901 -0.934678
vn -0.192914 0.181685 -0.964248
vn -0.156324 0.118923 -0.980520
vn -0.161128 0.131843 -0.978088
vn -0.152289 0.179239 -0.971947
vn -0.146827 0.190028 -0.970737
vn -0.149514 0.104931 -0.983176
vn -0.171543 0.189048 -0.966868
vn -0.181041 0.215642 -0.959543
vn -0.109915 0.104513 -0.988431
vn -0.144454 0.175970 -0.973739
vn -0.115788 0.119653 -0.986041
vn -0.110434 0.157394 -0.981342
vn -0.108718 0.171220 -0.979216
vn -0.126069 0.172941 -0.976831
vn -0.118250 0.151536 -0.981353
vn -0.086097 0.109376 -0.990265
vn -0.033985 0.029951 -0.998973
vn -0.097913 0.171568 -0.980295
vn -0.127611 0.247674 -0.960402
vn -0.250854 -0.101955 -0.962641
vn -0.322046 -0.287611 -0.901979
vn -0.314790 -0.195318 -0.928848
vn -0.311717 -0.207208 -0.927306
vn -0.261883 -0.236283 -0.935728
vn -0.304144 -0.202788 -0.930792
vn -0.269156 -0.208625 -0.940229
vn -0.319694 -0.250943 -0.913687
vn -0.304626 -0.182839 -0.934758
vn -0.149048 -0.119459 -0.981588
vn -0.182501 -0.237910 -0.953987
vn -0.275214 -0.272931 -0.921827
vn -0.176688 -0.236786 -0.955360
vn -0.236987 -0.195261 -0.951688
vn -0.174110 -0.189102 -0.966399
vn -0.174619 -0.185360 -0.967031
vn -0.171126 -0.237166 -0.956278
vn -0.147848 -0.208986 -0.966678
vn -0.156788 -0.232919 -0.959774
vn -0.090061 -0.219177 -0.971520
vn -0.074171 -0.004701 -0.997234
vn -0.109836 -0.186488 -0.976298
vn -0.073585 -0.265690 -0.961246
vn -0.125412 -0.221026 -0.967171
vn -0.401269 0.099221 -0.910570
vn -0.359495 0.044307 -0.932095
vn -0.252443 0.000024 -0.967612
vn -0.395892 0.133384 -0.908558
vn -0.354305 0.058012 -0.933329
vn -0.348127 0.021635 -0.937198
vn -0.290369 0.029152 -0.956471
vn -0.226773 -0.053180 -0.972495
vn -0.347883 0.125254 -0.929133
vn -0.304108 0.090210 -0.948357
vn -0.306067 0.099004 -0.946848
vn -0.200168 0.052569 -0.978350
vn -0.258232 0.142915 -0.955453
vn -0.236752 0.134437 -0.962224
vn -0.227065 0.151656 -0.961999
vn -0.259186 0.154041 -0.953464
vn -0.091922 -0.009140 -0.995724
vn -0.221886 0.154322 -0.962783
vn -0.185556 0.127186 -0.974368
vn -0.044943 -0.035136 -0.998371
vn -0.134629 0.110255 -0.984743
vn -0.128690 0.170760 -0.976873
vn -0.213062 0.255476 -0.943046
vn -0.183424 0.171512 -0.967956
vn -0.247852 -0.164958 -0.954651
vn -0.205340 -0.087500 -0.974771
vn -0.208964 -0.189508 -0.959386
vn -0.187975 -0.232563 -0.954243
vn -0.248123 -0.158978 -0.955595
vn -0.189685 -0.229677 -0.954603
vn -0.246610 -0.147463 -0.957830
vn -0.105791 -0.090859 -0.990229
vn -0.151144 -0.131623 -0.979709
vn -0.150434 -0.282396 -0.947429
vn -0.144182 -0.223892 -0.963890
vn -0.122672 -0.175951 -0.976726
vn -0.108804 -0.184841 -0.976727
vn -0.149996 0.040241 -0.987867
vn -0.238292 0.143579 -0.960522
vn -0.206164 0.060880 -0.976622
vn -0.264921 0.185451 -0.946269
vn -0.197963 0.111600 -0.973836
vn -0.192633 0.124321 -0.973364
vn 0.184247 -0.982880 0.000000
vn 0.143688 -0.989623 0.000149
vn 0.179971 -0.983672 -0.000188
vn 0.102842 -0.994698 0.000217
vn 0.130698 -0.991422 -0.000297
vn 0.061844 -0.998086 0.000205
vn 0.081114 -0.996705 -0.000326
vn 0.020732 -0.999785 0.000116
vn 0.031368 -0.999508 -0.000274
vn -0.024382 -0.999703 0.000127
vn -0.018525 -0.999828 -0.000141
vn -0.069674 -0.997570 -0.000069
vn -0.108218 -0.994127 0.000053
vn -0.068345 -0.997662 -0.000131
vn -0.142582 -0.989783 0.000141
vn -0.117965 -0.993018 -0.000290
vn -0.173763 -0.984787 -0.000058
vn -0.202436 -0.979295 0.000044
vn -0.167330 -0.985901 -0.000288
vn -0.233242 -0.972419 0.000131
vn -0.216275 -0.976332 -0.000326
vn -0.268101 -0.963391 -0.000063
vn -0.301958 -0.953321 0.000053
vn -0.264657 -0.964343 -0.000212
vn -0.312400 -0.949951 -0.000307
vn -0.333751 -0.942661 0.000134
vn -0.359362 -0.933198 -0.000262
vn -0.363387 -0.931638 -0.000099
vn -0.391326 -0.920252 0.000066
vn -0.405427 -0.914127 -0.000326
vn -0.417789 -0.908544 0.000038
vn -0.446837 -0.894615 -0.000055
vn -0.450497 -0.892778 -0.000223
vn -0.480132 -0.877196 0.000160
vn -0.513218 -0.858258 0.000177
vn -0.494425 -0.869220 -0.000322
vn -0.537159 -0.843481 -0.000279
vn -0.544243 -0.838928 0.000025
vn -0.573526 -0.819188 -0.000030
vn -0.578530 -0.815661 -0.000262
vn -0.601180 -0.799114 0.000142
vn -0.627332 -0.778752 0.000043
vn -0.652101 -0.758133 -0.000048
vn -0.618464 -0.785813 -0.000313
vn -0.675615 -0.737255 0.000127
vn -0.656859 -0.754013 -0.000277
vn -0.697992 -0.716106 -0.000066
vn -0.719316 -0.694683 0.000047
vn -0.693633 -0.720328 -0.000283
vn -0.739580 -0.673069 0.000070
vn -0.758806 -0.651316 -0.000105
vn -0.728681 -0.684854 -0.000327
vn -0.777106 -0.629369 0.000103
vn -0.761900 -0.647695 -0.000278
vn -0.794585 -0.607153 -0.000171
vn -0.811174 -0.584805 0.000083
vn -0.793237 -0.608913 -0.000257
vn -0.829524 -0.558471 0.000085
vn -0.822615 -0.568599 -0.000312
vn -0.850356 -0.526208 -0.000093
vn -0.870727 -0.491767 0.000077
vn -0.849928 -0.526899 -0.000131
vn -0.875134 -0.483881 -0.000262
vn -0.889481 -0.456972 0.000190
vn -0.906653 -0.421877 0.000188
vn -0.898166 -0.439656 -0.000322
vn -0.922309 -0.386452 0.000056
vn -0.936495 -0.350680 -0.000065
vn -0.918970 -0.394328 -0.000264
vn -0.949232 -0.314578 0.000129
vn -0.937479 -0.348041 -0.000188
vn -0.960544 -0.278127 0.000185
vn -0.953663 -0.300877 -0.000319
vn -0.970415 -0.241443 0.000098
vn -0.978860 -0.204529 -0.000136
vn -0.967476 -0.252962 -0.000303
vn -0.978880 -0.204436 -0.000140
vn -0.985902 -0.167326 0.000101
vn -0.987855 -0.155380 -0.000304
vn -0.991548 -0.129740 0.000186
vn -0.994372 -0.105942 -0.000318
vn -0.995774 -0.091838 0.000127
vn -0.998417 -0.056251 -0.000184
vn -0.998560 -0.053653 -0.000071
vn -0.999885 -0.015197 0.000059
vn -0.999979 -0.006421 -0.000267
vn -0.999722 0.023554 0.000189
vn -0.999056 0.043435 -0.000322
vn -0.998041 0.062558 0.000189
vn -0.995648 0.093193 -0.000260
vn -0.994789 0.101958 0.000072
vn -0.989911 0.141693 -0.000088
vn -0.989767 0.142693 -0.000135
vn -0.983329 0.181837 0.000103
vn -0.981423 0.191856 -0.000275
vn -0.974958 0.222387 0.000204
vn -0.970640 0.240538 -0.000327
vn -0.964718 0.263284 0.000235
vn -0.957443 0.288621 -0.000313
vn -0.952508 0.304514 0.000212
vn -0.941868 0.335984 -0.000259
vn -0.938143 0.346247 0.000158
vn -0.923951 0.382510 -0.000184
vn -0.921427 0.388551 0.000101
vn -0.902222 0.431273 0.000059
vn -0.903727 0.428110 -0.000108
vn -0.881270 0.472613 -0.000059
vn -0.880218 0.474569 0.000052
vn -0.856386 0.516336 -0.000031
vn -0.832157 0.554540 0.000024
vn -0.856625 0.515939 -0.000055
vn -0.806470 0.591275 0.000147
vn -0.829834 0.558010 -0.000163
vn -0.777649 0.628699 0.000219
vn -0.800989 0.598679 -0.000227
vn -0.746937 0.664895 0.000223
vn -0.770148 0.637865 -0.000245
vn -0.715932 0.698170 0.000239
vn -0.737395 0.675461 -0.000284
vn -0.682918 0.730494 0.000296
vn -0.702813 0.711374 -0.000320
vn -0.647490 0.762074 0.000286
vn -0.666482 0.745521 -0.000328
vn -0.611416 0.791310 0.000274
vn -0.628493 0.777815 -0.000326
vn -0.588947 0.808172 -0.000313
vn -0.574363 0.818600 0.000251
vn -0.547918 0.836532 -0.000283
vn -0.536032 0.844198 0.000220
vn -0.505539 0.862803 -0.000246
vn -0.495657 0.868518 0.000203
vn -0.461915 0.886924 -0.000212
vn -0.458018 0.888943 -0.000030
vn -0.420551 0.907269 0.000031
vn -0.417120 0.908851 -0.000142
vn -0.381142 0.924517 0.000114
vn -0.371293 0.928516 -0.000275
vn -0.342773 0.939418 0.000204
vn -0.324585 0.945857 -0.000326
vn -0.303851 0.952720 0.000217
vn -0.276989 0.960873 -0.000297
vn -0.264391 0.964415 0.000148
vn -0.228772 0.973480 -0.000189
vn -0.224522 0.974469 0.000000
vn -0.184226 0.982884 0.000000
vn -0.143688 0.989623 0.000149
vn -0.179954 0.983675 -0.000188
vn -0.102843 0.994698 0.000218
vn -0.130716 0.991420 -0.000297
vn -0.061865 0.998084 0.000204
vn -0.081096 0.996706 -0.000326
vn -0.020732 0.999785 0.000115
vn -0.031368 0.999508 -0.000275
vn 0.018525 0.999828 -0.000142
vn 0.063959 0.997953 -0.000030
vn 0.022298 0.999751 0.000031
vn 0.106624 0.994299 0.000203
vn 0.068345 0.997662 -0.000213
vn 0.153369 0.988169 0.000220
vn 0.117965 0.993018 -0.000246
vn 0.198740 0.980052 0.000251
vn 0.167330 0.985901 -0.000284
vn 0.243613 0.969873 0.000274
vn 0.216275 0.976332 -0.000313
vn 0.288367 0.957520 0.000286
vn 0.264656 0.964343 -0.000326
vn 0.333479 0.942757 0.000296
vn 0.312401 0.949950 -0.000327
vn 0.359360 0.933199 -0.000320
vn 0.376655 0.926354 0.000239
vn 0.405428 0.914127 -0.000284
vn 0.418414 0.908256 0.000223
vn 0.450495 0.892779 -0.000245
vn 0.461022 0.887389 0.000219
vn 0.494428 0.869218 -0.000228
vn 0.502429 0.864618 0.000147
vn 0.537157 0.843482 -0.000162
vn 0.578152 0.815929 -0.000031
vn 0.540673 0.841233 0.000024
vn 0.578532 0.815660 -0.000055
vn 0.616710 0.787190 0.000052
vn 0.618462 0.785815 -0.000059
vn 0.654206 0.756316 0.000058
vn 0.656850 0.754021 -0.000108
vn 0.688913 0.724844 0.000101
vn 0.693633 0.720328 -0.000184
vn 0.721155 0.692774 0.000158
vn 0.728678 0.684856 -0.000259
vn 0.751021 0.660278 0.000212
vn 0.761909 0.647685 -0.000313
vn 0.778710 0.627384 0.000235
vn 0.793239 0.608910 -0.000327
vn 0.804467 0.593997 0.000204
vn 0.822609 0.568607 -0.000275
vn 0.828363 0.560192 0.000103
vn 0.870833 0.491579 0.000073
vn 0.850467 0.526029 -0.000088
vn 0.849933 0.526891 -0.000135
vn 0.875132 0.483885 -0.000260
vn 0.889582 0.456775 0.000189
vn 0.906742 0.421686 0.000189
vn 0.898166 0.439656 -0.000322
vn 0.936571 0.350477 -0.000070
vn 0.922393 0.386252 0.000060
vn 0.918970 0.394328 -0.000266
vn 0.949299 0.314376 0.000127
vn 0.937479 0.348041 -0.000184
vn 0.960599 0.277939 0.000186
vn 0.953664 0.300873 -0.000318
vn 0.970464 0.241245 0.000100
vn 0.967474 0.252971 -0.000304
vn 0.985936 0.167124 0.000098
vn 0.978904 0.204319 -0.000135
vn 0.978881 0.204431 -0.000141
vn 0.991573 0.129546 0.000185
vn 0.987855 0.155375 -0.000303
vn 0.995794 0.091622 0.000129
vn 0.994371 0.105951 -0.000319
vn 0.998417 0.056246 -0.000188
vn 0.999888 0.014973 0.000056
vn 0.998571 0.053438 -0.000066
vn 0.999979 0.006426 -0.000264
vn 0.999718 -0.023745 0.000188
vn 0.999056 -0.043444 -0.000323
vn 0.998027 -0.062785 0.000190
vn 0.995648 -0.093188 -0.000263
vn 0.989881 -0.141901 -0.000094
vn 0.994766 -0.102180 0.000076
vn 0.989766 -0.142697 -0.000131
vn 0.983703 -0.179801 0.000085
vn 0.981424 -0.191852 -0.000312
vn 0.971167 -0.238400 -0.000172
vn 0.977428 -0.211267 0.000082
vn 0.964044 -0.265743 0.000103
vn 0.970639 -0.240542 -0.000257
vn 0.957443 -0.288621 -0.000278
vn 0.947147 -0.320799 0.000071
vn 0.956050 -0.293205 -0.000104
vn 0.941867 -0.335986 -0.000327
vn 0.926248 -0.376914 -0.000066
vn 0.937220 -0.348739 0.000047
vn 0.914220 -0.405219 0.000128
vn 0.923950 -0.382514 -0.000283
vn 0.886573 -0.462588 0.000044
vn 0.901010 -0.433798 -0.000048
vn 0.903732 -0.428099 -0.000277
vn 0.870767 -0.491696 0.000142
vn 0.881268 -0.472617 -0.000313
vn 0.834509 -0.550995 0.000025
vn 0.853438 -0.521195 -0.000029
vn 0.856625 -0.515939 -0.000263
vn 0.813821 -0.581115 0.000177
vn 0.829834 -0.558010 -0.000279
vn 0.791071 -0.611725 0.000160
vn 0.800985 -0.598685 -0.000322
vn 0.746486 -0.665401 0.000038
vn 0.767536 -0.641006 -0.000055
vn 0.770156 -0.637856 -0.000223
vn 0.705869 -0.708342 -0.000099
vn 0.726934 -0.686707 0.000066
vn 0.737395 -0.675461 -0.000326
vn 0.683127 -0.730299 0.000133
vn 0.702805 -0.711382 -0.000263
vn 0.631252 -0.775578 -0.000063
vn 0.658279 -0.752774 0.000052
vn 0.666491 -0.745513 -0.000307
vn 0.602942 -0.797785 0.000132
vn 0.628494 -0.777814 -0.000212
vn 0.553393 -0.832920 -0.000057
vn 0.577428 -0.816442 0.000044
vn 0.588935 -0.808180 -0.000326
vn 0.547929 -0.836525 -0.000288
vn 0.526784 -0.849999 0.000141
vn 0.463109 -0.886301 -0.000068
vn 0.497047 -0.867723 0.000054
vn 0.505540 -0.862803 -0.000290
vn 0.422455 -0.906384 0.000127
vn 0.461913 -0.886925 -0.000131
vn 0.417123 -0.908850 -0.000142
vn 0.381125 -0.924524 0.000115
vn 0.371292 -0.928516 -0.000274
vn 0.342774 -0.939418 0.000205
vn 0.324568 -0.945862 -0.000326
vn 0.303849 -0.952720 0.000217
vn 0.277006 -0.960868 -0.000297
vn 0.264414 -0.964409 0.000148
vn 0.228772 -0.973480 -0.000189
vn 0.224520 -0.974470 0.000000
vn 0.204428 -0.978882 0.000000
vn 0.204428 -0.978882 0.000000
vn 0.675166 0.140062 -0.724246
vn 0.675483 0.138774 -0.724199
vn 0.675825 0.137566 -0.724111
vn 0.676225 0.136408 -0.723956
vn 0.676653 0.135388 -0.723748
vn 0.677197 0.134383 -0.723426
vn 0.677894 0.133486 -0.722939
vn 0.663038 0.119895 -0.738922
vn 0.631883 0.167495 -0.756749
vn 0.663996 0.118794 -0.738239
vn 0.680175 0.146942 -0.718171
vn 0.680012 0.146367 -0.718443
vn 0.679936 0.145869 -0.718617
vn 0.679897 0.145221 -0.718784
vn 0.679935 0.144263 -0.718942
vn 0.680096 0.142965 -0.719048
vn 0.667138 0.150877 -0.729495
vn 0.661437 0.108755 -0.742074
vn 0.348827 0.089917 -0.932864
vn 0.410051 0.013938 -0.911956
vn 0.407961 0.005440 -0.912983
vn 0.456983 0.001912 -0.889474
vn 0.401207 0.000313 -0.915987
vn 0.632424 0.123474 -0.764718
vn 0.632083 0.127258 -0.764380
vn 0.631488 0.131024 -0.764236
vn 0.630639 0.134733 -0.764292
vn 0.413179 0.208131 -0.886546
vn 0.408276 0.181048 -0.894725
vn 0.456370 0.164294 -0.874491
vn 0.354249 0.142698 -0.924200
vn 0.370294 0.146383 -0.917308
vn 0.372036 0.145030 -0.916818
vn 0.487113 0.077984 -0.869850
vn 0.533488 0.059042 -0.843744
vn 0.574770 0.059501 -0.816149
vn 0.611226 0.079376 -0.787466
vn 0.504263 0.064970 -0.861103
vn 0.562377 -0.017786 -0.826690
vn 0.650036 0.128613 -0.748940
vn 0.570678 -0.052808 -0.819474
vn 0.306827 0.065248 -0.949526
vn 0.397190 -0.041919 -0.916778
vn 0.407804 0.005575 -0.913052
vn 0.657962 0.111688 -0.744722
vn 0.566449 0.048580 -0.822664
vn 0.650872 0.087490 -0.754129
vn 0.663858 0.101544 -0.740933
vn 0.565016 0.051357 -0.823480
vn 0.416932 -0.049897 -0.907567
vn 0.439760 -0.019955 -0.897894
vn 0.439988 -0.021383 -0.897749
vn 0.658839 0.116495 -0.743209
vn 0.657682 0.118429 -0.743928
vn 0.655767 0.120309 -0.745316
vn 0.653367 0.121962 -0.747153
vn 0.650202 0.123564 -0.749646
vn 0.646255 0.125098 -0.752798
vn 0.632258 0.129396 -0.763876
vn 0.563687 0.053323 -0.824266
vn 0.663035 0.103397 -0.741413
vn 0.564019 0.052907 -0.824065
vn 0.416986 -0.049934 -0.907540
vn 0.448748 -0.028308 -0.893210
vn 0.419443 -0.066396 -0.905350
vn 0.443212 -0.016344 -0.896268
vn 0.401636 -0.071064 -0.913038
vn 0.029081 -0.019265 -0.999391
vn 0.178489 -0.382952 -0.906361
vn 0.116904 -0.223731 -0.967614
vn 0.101154 -0.176590 -0.979073
vn 0.125448 -0.129566 -0.983603
vn 0.238792 -0.247334 -0.939044
vn 0.275174 -0.216483 -0.936704
vn 0.110060 -0.177590 -0.977931
vn 0.168793 -0.231184 -0.958156
vn 0.085326 -0.096850 -0.991635
vn 0.226660 -0.222098 -0.948313
vn 0.262141 -0.187183 -0.946702
vn 0.269813 -0.178147 -0.946290
vn 0.280090 -0.171051 -0.944612
vn 0.293159 -0.165538 -0.941624
vn 0.264773 -0.195498 -0.944286
vn 0.120490 -0.181352 -0.976009
vn 0.158234 -0.203594 -0.966184
vn 0.104021 -0.120826 -0.987209
vn 0.219318 -0.204918 -0.953891
vn 0.130455 -0.184454 -0.974145
vn 0.131629 -0.174166 -0.975879
vn 0.140372 -0.172465 -0.974962
vn 0.120023 -0.138395 -0.983077
vn 0.138851 -0.117615 -0.983304
vn 0.131472 -0.100585 -0.986204
vn 0.141508 -0.125897 -0.981899
vn 0.152696 -0.185792 -0.970652
vn 0.135287 -0.108798 -0.984815
vn 0.250343 -0.135124 -0.958681
vn 0.229120 -0.204233 -0.951732
vn 0.232553 -0.194217 -0.952995
vn 0.240004 -0.185592 -0.952866
vn 0.253623 -0.143648 -0.956577
vn 0.259671 -0.181708 -0.948448
vn 0.269196 -0.170961 -0.947790
vn 0.202580 -0.133937 -0.970063
vn 0.197164 -0.123152 -0.972605
vn 0.188195 -0.215210 -0.958263
vn 0.126935 -0.091722 -0.987661
vn 0.188324 -0.201328 -0.961250
vn 0.191947 -0.192619 -0.962317
vn 0.198652 -0.187659 -0.961936
vn 0.183639 -0.193601 -0.963740
vn 0.206552 -0.144470 -0.967711
vn 0.231185 -0.181289 -0.955870
vn 0.214461 -0.190912 -0.957893
vn 0.375485 -0.195917 -0.905885
vn 0.470758 -0.042439 -0.881241
vn 0.366578 -0.146145 -0.918838
vn 0.362024 -0.071196 -0.929446
vn 0.481582 -0.101695 -0.870481
vn 0.384104 -0.184929 -0.904580
vn 0.480914 -0.096555 -0.871435
vn 0.361510 -0.068238 -0.929868
vn 0.371527 -0.067725 -0.925949
vn 0.480464 -0.091693 -0.872208
vn 0.392277 -0.173873 -0.903265
vn 0.480200 -0.086827 -0.872851
vn 0.370989 -0.064615 -0.926386
vn 0.480131 -0.082300 -0.873327
vn 0.380476 -0.063627 -0.922599
vn 0.400022 -0.162780 -0.901934
vn 0.398737 -0.148370 -0.904984
vn 0.398751 -0.135057 -0.907060
vn 0.399962 -0.122662 -0.908287
vn 0.402315 -0.110900 -0.908760
vn 0.405784 -0.099611 -0.908524
vn 0.410353 -0.088696 -0.907603
vn 0.416995 -0.076218 -0.905708
vn 0.379932 -0.060484 -0.923035
vn 0.480243 -0.077726 -0.873685
vn 0.645528 0.140008 -0.750794
vn 0.648105 0.142865 -0.748031
vn 0.649991 0.145308 -0.745920
vn 0.651320 0.147399 -0.744349
vn 0.652252 0.149279 -0.743157
vn 0.652840 0.150936 -0.742306
vn 0.653165 0.152443 -0.741712
vn 0.653292 0.154018 -0.741274
vn 0.632757 0.127608 -0.763763
vn 0.653142 0.155698 -0.741056
vn 0.556215 0.168232 -0.813832
vn 0.650514 0.165461 -0.741252
vn 0.556590 0.170585 -0.813085
vn 0.556750 0.172190 -0.812638
vn 0.650239 0.166731 -0.741209
vn 0.651464 0.157848 -0.742077
vn 0.647666 0.168484 -0.743062
vn 0.556787 0.174038 -0.812218
vn 0.556650 0.176060 -0.811877
vn 0.647123 0.170409 -0.743097
vn 0.459012 -0.013507 -0.888327
vn 0.483466 -0.013311 -0.875262
vn 0.517896 -0.074241 -0.852216
vn 0.499364 -0.051294 -0.864872
vn 0.485385 -0.030535 -0.873767
vn 0.475249 -0.011288 -0.879779
vn 0.468448 0.007015 -0.883463
vn 0.464650 0.024865 -0.885145
vn 0.566109 0.053834 -0.822570
vn 0.463304 0.048913 -0.884849
vn 0.557891 0.062502 -0.827557
vn 0.552780 0.068462 -0.830510
vn 0.465184 0.042801 -0.884179
vn 0.462461 0.054694 -0.884951
vn 0.646596 0.173388 -0.742866
vn 0.537436 0.225065 -0.812717
vn 0.646347 0.161778 -0.745697
vn 0.556156 0.178729 -0.811632
vn 0.548262 0.074359 -0.832994
vn 0.464072 0.060804 -0.883708
vn 0.464097 0.060633 -0.883707
vn 0.464316 0.078705 -0.882166
vn 0.467328 0.097542 -0.878687
vn 0.512706 0.243379 -0.823346
vn 0.538407 0.182372 -0.822714
vn 0.517912 0.171965 -0.837971
vn 0.634129 0.180035 -0.751975
vn 0.501554 0.153828 -0.851341
vn 0.585438 0.141021 -0.798358
vn 0.619094 0.160651 -0.768709
vn 0.663182 0.139398 -0.735362
vn 0.658224 0.156697 -0.736333
vn 0.658521 0.154780 -0.736473
vn 0.649528 0.135710 -0.748129
vn 0.578428 0.195396 -0.791986
vn 0.558080 0.081309 -0.825794
vn 0.467340 0.097583 -0.878675
vn 0.524083 0.109432 -0.844608
vn 0.457048 0.113616 -0.882156
vn 0.449608 0.130089 -0.883702
vn 0.444871 0.147326 -0.883394
vn 0.532179 0.151198 -0.833021
vn 0.535405 0.164374 -0.828446
vn 0.439966 0.164641 -0.882793
vn 0.439091 0.183869 -0.879427
vn 0.446782 0.129199 -0.885265
vn 0.440934 0.205059 -0.873801
vn 0.445714 0.228861 -0.865425
vn 0.430747 0.181215 -0.884092
vn 0.462890 0.193106 -0.865126
vn 0.382752 0.216060 -0.898231
vn 0.369339 0.228443 -0.900779
vn 0.358132 0.242192 -0.901712
vn 0.348970 0.257670 -0.901014
vn 0.341766 0.275351 -0.898542
vn 0.358692 0.203431 -0.911019
vn 0.442332 0.247906 -0.861908
vn 0.357298 0.208173 -0.910495
vn 0.440287 0.254297 -0.861092
vn 0.326313 0.286886 -0.900675
vn 0.438564 0.261077 -0.859942
vn 0.315217 0.302811 -0.899413
vn 0.345409 0.206900 -0.915361
vn 0.435261 0.194859 -0.878964
vn 0.331686 0.209904 -0.919742
vn 0.435526 0.276665 -0.856606
vn 0.291887 0.307110 -0.905806
vn 0.316728 0.210979 -0.924755
vn 0.404584 0.273554 -0.872628
vn 0.279508 0.323134 -0.904135
vn 0.302616 0.205920 -0.930602
vn 0.402176 0.280529 -0.871526
vn 0.393508 0.193143 -0.898803
vn 0.400044 0.288040 -0.870057
vn 0.260982 0.333127 -0.906044
vn 0.301585 0.210263 -0.929966
vn 0.398541 0.191870 -0.896856
vn 0.412856 0.227078 -0.882035
vn 0.398727 0.206208 -0.893585
vn 0.354170 0.229316 -0.906630
vn 0.374619 0.155337 -0.914074
vn 0.378899 0.247038 -0.891856
vn 0.373327 0.157323 -0.914263
vn 0.358410 0.213616 -0.908796
vn 0.301118 0.046058 -0.952474
vn 0.325952 0.145603 -0.934107
vn 0.372063 0.165857 -0.913269
vn 0.336481 0.226026 -0.914162
vn 0.341581 0.206898 -0.916796
vn 0.271885 0.282028 -0.920075
vn 0.189876 0.267967 -0.944532
vn 0.172852 0.268941 -0.947519
vn 0.153898 0.264839 -0.951933
vn 0.138784 0.267136 -0.953613
vn 0.127420 0.276591 -0.952503
vn 0.172559 0.269056 -0.947540
vn 0.172388 0.232440 -0.957212
vn 0.162261 0.271485 -0.948666
vn 0.161772 0.291610 -0.942759
vn 0.135126 0.260869 -0.955871
vn 0.124277 0.194262 -0.973045
vn 0.123955 0.209015 -0.970025
vn 0.100290 0.246657 -0.963899
vn 0.088446 0.250039 -0.964188
vn 0.079880 0.265239 -0.960868
vn 0.122965 0.178873 -0.976158
vn 0.111942 0.257956 -0.959650
vn 0.110694 0.282575 -0.952837
vn 0.077307 0.154411 -0.984978
vn 0.084774 0.239441 -0.967203
vn 0.076952 0.139757 -0.987191
vn 0.076491 0.168348 -0.982755
vn 0.052196 0.207801 -0.976777
vn 0.043680 0.215400 -0.975549
vn 0.062209 0.230396 -0.971106
vn 0.050624 0.167426 -0.984584
vn 0.032428 0.208938 -0.977391
vn 0.059857 0.259350 -0.963927
vn 0.061330 0.176449 -0.982397
vn 0.039719 0.127107 -0.991093
vn 0.022028 0.205415 -0.978427
vn 0.017528 0.273488 -0.961716
vn 0.010669 0.478370 -0.878093
vn 0.018330 0.026402 -0.999483
vn 0.270691 0.006964 -0.962641
vn 0.366649 -0.053006 -0.928848
vn 0.410236 -0.134680 -0.901980
vn 0.368592 -0.065131 -0.927307
vn 0.334557 -0.111716 -0.935730
vn 0.352341 -0.045638 -0.934758
vn 0.359883 -0.064114 -0.930792
vn 0.330154 -0.083467 -0.940230
vn 0.393407 -0.102020 -0.913686
vn 0.184400 -0.049822 -0.981588
vn 0.262472 -0.144981 -0.953986
vn 0.256693 -0.146278 -0.955359
vn 0.295327 -0.084094 -0.951688
vn 0.361441 -0.139969 -0.921829
vn 0.251742 -0.148856 -0.956278
vn 0.234201 -0.099958 -0.967036
vn 0.235247 -0.103644 -0.966394
vn 0.219133 -0.132348 -0.966677
vn 0.236904 -0.150703 -0.959773
vn 0.069854 0.025376 -0.997234
vn 0.173772 -0.214038 -0.961245
vn 0.203389 -0.152361 -0.967171
vn 0.170254 -0.164810 -0.971520
vn 0.175292 -0.126944 -0.976298
vn 0.304314 0.217643 -0.927375
vn 0.243797 0.093469 -0.965312
vn 0.303576 0.220427 -0.926959
vn 0.315735 0.251731 -0.914846
vn 0.301026 0.181954 -0.936096
vn 0.300343 0.204358 -0.931682
vn 0.254561 0.244700 -0.935586
vn 0.264107 0.208527 -0.941682
vn 0.231298 0.190018 -0.954146
vn 0.269853 0.274523 -0.922939
vn 0.173681 0.235102 -0.956327
vn 0.143162 0.115487 -0.982938
vn 0.169546 0.188984 -0.967233
vn 0.164621 0.234052 -0.958186
vn 0.144183 0.207853 -0.967475
vn 0.157591 0.244457 -0.956768
vn 0.128635 0.222485 -0.966413
vn 0.107543 0.190612 -0.975757
vn 0.085950 0.209938 -0.973929
vn 0.069104 0.251024 -0.965511
vn 0.121114 0.222622 -0.967352
vn 0.071137 0.002719 -0.997463
vn 0.223197 0.001996 -0.974771
vn 0.267344 -0.090036 -0.959386
vn 0.291014 -0.046393 -0.955593
vn 0.293157 -0.051975 -0.954650
vn 0.285016 -0.036440 -0.957830
vn 0.265756 -0.134552 -0.954604
vn 0.265339 -0.137919 -0.954240
vn 0.133314 -0.040925 -0.990229
vn 0.191191 -0.060131 -0.979709
vn 0.250883 -0.198590 -0.947428
vn 0.173689 -0.125847 -0.976726
vn 0.182839 -0.112151 -0.976725
vn 0.221740 -0.147479 -0.963889
vn 0.240559 0.138828 -0.960655
vn 0.242936 0.157806 -0.957120
vn 0.183058 0.231427 -0.955474
vn 0.202232 0.192491 -0.960234
vn 0.198741 0.081150 -0.976687
vn 0.242198 0.172280 -0.954809
vn 0.139984 0.224973 -0.964257
vn 0.146398 0.134864 -0.979989
vn 0.146087 0.281732 -0.948307
vn 0.116891 0.170978 -0.978316
vn 0.104533 0.185402 -0.977087
vn 0.101351 0.086933 -0.991045
vn -0.204429 0.978881 0.000000
vn -0.204429 0.978881 0.000000
vn 0.000000 0.000000 1.000000
vn 0.000000 0.000000 1.000000
vn 0.000000 0.000000 1.000000
vn 0.000000 0.000000 1.000000
vn 0.000000 0.000000 1.000000
vn 0.000000 0.000000 1.000000
vn -0.000000 0.000000 1.000000
vn -0.000000 0.000000 1.000000
vn -0.000000 0.000000 1.000000
vn -0.000000 0.000000 1.000000
vn -0.000000 0.000000 1.000000
vn -0.000000 0.000000 1.000000
vn 0.000000 0.000000 1.000000
vn 0.000000 0.000000 1.000000
vn 0.000000 0.000000 1.000000
vn 0.000000 0.000000 1.000000
vn 0.000000 0.000000 1.000000
vn -0.000000 0.000000 1.000000
vn -0.000000 0.000000 1.000000
vn -0.000000 0.000000 1.000000
vn -0.000000 0.000000 1.000000
vn 0.000000 0.000000 1.000000
vn 0.000000 0.000000 1.000000
vn 0.000000 0.000000 1.000000
vn 0.000000 0.000000 1.000000
vn 0.000000 0.000000 1.000000
vn 0.000000 0.000000 1.000000
vn 0.000000 0.000000 1.000000
vn 0.000000 0.000000 1.000000
vn 0.000000 0.000000 1.000000
vn 0.000000 0.000000 1.000000
vn 0.000000 0.000000 1.000000
vn -0.000000 0.000000 1.000000
vn 0.000000 0.000000 1.000000
vn -0.000000 0.000000 1.000000
vn -0.000000 0.000000 1.000000
vn -0.000000 0.000000 1.000000
vn 0.000000 0.000000 1.000000
vn 0.000000 0.000000 1.000000
vn 0.000000 0.000000 1.000000
vn -0.000000 0.000000 1.000000
vn -0.000000 0.000000 1.000000
vn -0.000000 0.000000 1.000000
vn 0.000000 0.000000 1.000000
vn -0.000000 0.000000 1.000000
vn -0.000000 0.000000 1.000000
vn -0.000000 0.000000 1.000000
vn -0.000000 0.000000 1.000000
vn -0.000000 0.000000 1.000000
vn -0.000000 0.000000 1.000000
vn -0.000000 0.000000 1.000000
vn -0.000000 0.000000 1.000000
vn -0.000000 0.000000 1.000000
vn -0.000000 0.000000 1.000000
vn -0.000000 0.000000 1.000000
vn -0.000000 0.000000 1.000000
vn -0.000000 0.000000 1.000000
vn -0.000000 0.000000 1.000000
vn -0.000000 0.000000 1.000000
vn 0.000000 0.000000 1.000000
vn 0.000000 0.000000 1.000000
vn 0.000000 0.000000 1.000000
vn 0.000000 0.000000 1.000000
vn -0.000000 0.000000 1.000000
vn 0.000000 0.000000 1.000000
vn -0.000000 0.000000 1.000000
vn 0.000000 0.000000 1.000000
vn 0.000000 0.000000 1.000000
vn 0.000000 0.000000 1.000000
vn 0.000000 0.000000 1.000000
vn 0.000000 0.000000 1.000000
vn -0.692174 -0.144553 0.707107
vn -0.692174 -0.144553 0.707107
vn 0.692174 0.144553 0.707107
vn 0.692174 0.144553 0.707107
vn 0.000000 0.000000 1.000000
vn 0.000000 0.000000 1.000000
vn 0.000000 0.000000 1.000000
vn 0.000000 0.000000 1.000000
vn -0.000000 0.000000 1.000000
vn 0.000000 0.000000 1.000000
vn -0.000000 0.000000 1.000000
vn 0.000000 0.000000 1.000000
vn -0.000000 0.000000 1.000000
vn 0.000000 0.000000 1.000000
vn -0.000000 0.000000 1.000000
vn -0.000000 0.000000 1.000000
vn 0.000000 0.000000 1.000000
vn -0.000000 0.000000 1.000000
vn -0.000000 0.000000 1.000000
vn -0.000000 0.000000 1.000000
vn -0.978881 -0.204429 0.000000
vn -0.978881 -0.204429 0.000000
vn 0.978881 0.204429 0.000000
vn 0.978881 0.204429 -0.000000
vn 0.000000 -0.000000 -1.000000
vn -0.000000 0.000000 -1.000000
vn 0.000000 -0.000000 -1.000000
vn 0.000000 -0.000000 -1.000000
vn 0.000000 -0.000000 -1.000000
vn 0.000000 -0.000000 -1.000000
vn 0.000000 -0.000000 -1.000000
vn 0.000000 0.000000 -1.000000
vn 0.000000 -0.000000 -1.000000
vn 0.000000 -0.000000 -1.000000
vn 0.000000 0.000000 -1.000000
vn 0.000000 -0.000000 -1.000000
vn 0.000000 0.000000 -1.000000
vn -0.000000 -0.000000 -1.000000
vn 0.000000 -0.000000 -1.000000
vn 0.000000 0.000000 -1.000000
vn -0.000000 -0.000000 -1.000000
vn 0.000000 0.000000 -1.000000
vn -0.000000 -0.000000 -1.000000
vn 0.000000 0.000000 -1.000000
vn 0.000000 0.000000 -1.000000
vn -0.000000 -0.000000 -1.000000
vn 0.000000 0.000000 -1.000000
vn -0.000000 -0.000000 -1.000000
vn -0.000000 -0.000000 -1.000000
vn 0.000000 0.000000 -1.000000
vn -0.000000 -0.000000 -1.000000
vn 0.000000 0.000000 -1.000000
vn -0.000000 -0.000000 -1.000000
vn 0.000000 0.000000 -1.000000
vn 0.000000 0.000000 -1.000000
vn -0.000000 -0.000000 -1.000000
vn 0.000000 0.000000 -1.000000
vn -0.000000 -0.000000 -1.000000
vn 0.000000 0.000000 -1.000000
vn -0.000000 -0.000000 -1.000000
vn -0.000000 -0.000000 -1.000000
vn 0.000000 -0.000000 -1.000000
vn -0.000000 -0.000000 -1.000000
vn -0.000000 0.000000 -1.000000
vn -0.000000 -0.000000 -1.000000
vn 0.000000 0.000000 -1.000000
vn 0.000000 0.000000 -1.000000
vn -0.000000 -0.000000 -1.000000
vn 0.000000 0.000000 -1.000000
vn -0.000000 -0.000000 -1.000000
vn -0.000000 -0.000000 -1.000000
vn 0.000000 0.000000 -1.000000
vn -0.000000 -0.000000 -1.000000
vn 0.000000 0.000000 -1.000000
vn 0.000000 0.000000 -1.000000
vn -0.000000 -0.000000 -1.000000
vn 0.000000 0.000000 -1.000000
vn -0.000000 -0.000000 -1.000000
vn -0.000000 0.000000 -1.000000
vn -0.000000 0.000000 -1.000000
vn -0.000000 -0.000000 -1.000000
vn -0.000000 0.000000 -1.000000
vn -0.000000 0.000000 -1.000000
vn 0.000000 0.000000 -1.000000
vn -0.000000 0.000000 -1.000000
vn -0.000000 0.000000 -1.000000
vn -0.000000 0.000000 -1.000000
vn -0.000000 -0.000000 -1.000000
vn -0.000000 0.000000 -1.000000
vn -0.000000 0.000000 -1.000000
vn -0.000000 0.000000 -1.000000
vn 0.000000 0.000000 -1.000000
vn -0.000000 0.000000 -1.000000
vn -0.000000 0.000000 -1.000000
vn -0.000000 0.000000 -1.000000
vn -0.000000 -0.000000 -1.000000
vn -0.000000 0.000000 -1.000000
vn -0.000000 0.000000 -1.000000
vn -0.000000 0.000000 -1.000000
vn 0.000000 0.000000 -1.000000
vn -0.000000 0.000000 -1.000000
vn -0.000000 0.000000 -1.000000
vn -0.000000 0.000000 -1.000000
vn -0.000000 -0.000000 -1.000000
vn -0.000000 0.000000 -1.000000
vn -0.000000 0.000000 -1.000000
vn -0.000000 0.000000 -1.000000
vn 0.000000 0.000000 -1.000000
vn -0.000000 0.000000 -1.000000
vn -0.000000 0.000000 -1.000000
vn -0.000000 0.000000 -1.000000
vn -0.000000 0.000000 -1.000000
vn -0.000000 0.000000 -1.000000
vn -0.000000 0.000000 -1.000000
vn -0.000000 0.000000 -1.000000
vn -0.000000 0.000000 -1.000000
vn -0.000000 0.000000 -1.000000
vn -0.000000 0.000000 -1.000000
vn -0.000000 0.000000 -1.000000
vn -0.000000 0.000000 -1.000000
vn -0.000000 0.000000 -1.000000
vn -0.000000 0.000000 -1.000000
vn -0.000000 0.000000 -1.000000
vn -0.000000 0.000000 -1.000000
vn -0.000000 0.000000 -1.000000
vn -0.000000 0.000000 -1.000000
vn -0.000000 0.000000 -1.000000
vn -0.000000 0.000000 -1.000000
vn -0.000000 0.000000 -1.000000
vn -0.000000 0.000000 -1.000000
vn -0.000000 0.000000 -1.000000
vn -0.000000 0.000000 -1.000000
vn -0.000000 0.000000 -1.000000
vn -0.000000 -0.000000 -1.000000
vn 0.000000 0.000000 -1.000000
vn -0.000000 0.000000 -1.000000
vn -0.000000 -0.000000 -1.000000
vn -0.000000 0.000000 -1.000000
vn 0.000000 0.000000 -1.000000
vn -0.000000 0.000000 -1.000000
vn -0.000000 -0.000000 -1.000000
vn -0.000000 0.000000 -1.000000
vn 0.000000 0.000000 -1.000000
vn -0.000000 -0.000000 -1.000000
vn -0.000000 0.000000 -1.000000
vn 0.000000 0.000000 -1.000000
vn -0.000000 0.000000 -1.000000
vn -0.000000 0.000000 -1.000000
vn -0.000000 -0.000000 -1.000000
vn -0.000000 -0.000000 -1.000000
vn -0.000000 0.000000 -1.000000
vn -0.000000 -0.000000 -1.000000
vn -0.000000 0.000000 -1.000000
vn -0.000000 0.000000 -1.000000
vn -0.000000 -0.000000 -1.000000
vn -0.000000 0.000000 -1.000000
vn -0.000000 -0.000000 -1.000000
vn -0.000000 -0.000000 -1.000000
vn -0.000000 0.000000 -1.000000
vn -0.000000 -0.000000 -1.000000
vn -0.000000 -0.000000 -1.000000
vn -0.000000 0.000000 -1.000000
vn -0.000000 0.000000 -1.000000
vn -0.000000 -0.000000 -1.000000
vn -0.000000 0.000000 -1.000000
vn -0.000000 0.000000 -1.000000
vn 0.000000 -0.000000 -1.000000
vn -0.000000 0.000000 -1.000000
vn -0.000000 -0.000000 -1.000000
vn -0.000000 0.000000 -1.000000
vn -0.000000 -0.000000 -1.000000
vn 0.000000 -0.000000 -1.000000
vn -0.000000 0.000000 -1.000000
vn -0.000000 -0.000000 -1.000000
vn -0.000000 -0.000000 -1.000000
vn -0.000000 0.000000 -1.000000
vn -0.000000 0.000000 -1.000000
vn 0.000000 -0.000000 -1.000000
vn -0.000000 0.000000 -1.000000
vn -0.000000 0.000000 -1.000000
vn -0.000000 -0.000000 -1.000000
vn -0.000000 0.000000 -1.000000
vn -0.000000 -0.000000 -1.000000
vn 0.000000 -0.000000 -1.000000
vn -0.000000 0.000000 -1.000000
vn -0.000000 -0.000000 -1.000000
vn -0.000000 0.000000 -1.000000
vn -0.000000 0.000000 -1.000000
vn 0.000000 -0.000000 -1.000000
vn -0.000000 0.000000 -1.000000
vn -0.000000 -0.000000 -1.000000
vn -0.000000 -0.000000 -1.000000
vn -0.000000 0.000000 -1.000000
vn -0.000000 -0.000000 -1.000000
vn 0.000000 -0.000000 -1.000000
vn -0.000000 0.000000 -1.000000
vn -0.000000 -0.000000 -1.000000
vn -0.000000 0.000000 -1.000000
vn -0.000000 0.000000 -1.000000
vn -0.000000 -0.000000 -1.000000
vn 0.000000 -0.000000 -1.000000
vn -0.000000 0.000000 -1.000000
vn -0.000000 0.000000 -1.000000
vn -0.000000 -0.000000 -1.000000
vn -0.000000 0.000000 -1.000000
vn -0.000000 0.000000 -1.000000
vn 0.000000 -0.000000 -1.000000
vn -0.000000 0.000000 -1.000000
vn -0.000000 -0.000000 -1.000000
vn -0.000000 0.000000 -1.000000
vn -0.000000 0.000000 -1.000000
vn -0.000000 -0.000000 -1.000000
vn 0.000000 -0.000000 -1.000000
vn -0.000000 0.000000 -1.000000
vn -0.000000 -0.000000 -1.000000
vn -0.000000 -0.000000 -1.000000
vn -0.000000 0.000000 -1.000000
vn -0.000000 -0.000000 -1.000000
vn 0.000000 -0.000000 -1.000000
vn -0.000000 0.000000 -1.000000
vn -0.000000 -0.000000 -1.000000
vn -0.000000 0.000000 -1.000000
vn -0.000000 -0.000000 -1.000000
vn -0.000000 0.000000 -1.000000
vn 0.000000 -0.000000 -1.000000
vn -0.000000 -0.000000 -1.000000
vn -0.000000 0.000000 -1.000000
vn -0.000000 0.000000 -1.000000
vn -0.000000 -0.000000 -1.000000
vn -0.000000 -0.000000 -1.000000
vn -0.000000 0.000000 -1.000000
vn 0.000000 -0.000000 -1.000000
vn 0.000000 -0.000000 -1.000000
vn -0.000000 0.000000 -1.000000
vn -0.000000 -0.000000 -1.000000
vn -0.000000 -0.000000 -1.000000
vn -0.000000 0.000000 -1.000000
vn 0.000000 -0.000000 -1.000000
vn 0.000000 -0.000000 -1.000000
vn -0.000000 0.000000 -1.000000
vn -0.000000 -0.000000 -1.000000
vn -0.000000 -0.000000 -1.000000
vn -0.000000 -0.000000 -1.000000
vn -0.000000 0.000000 -1.000000
vn 0.000000 -0.000000 -1.000000
vn 0.000000 -0.000000 -1.000000
vn -0.000000 0.000000 -1.000000
vn -0.000000 -0.000000 -1.000000
vn -0.000000 -0.000000 -1.000000
vn -0.000000 0.000000 -1.000000
vn 0.000000 -0.000000 -1.000000
vn 0.000000 -0.000000 -1.000000
vn -0.000000 0.000000 -1.000000
vn -0.000000 0.000000 -1.000000
vn -0.000000 -0.000000 -1.000000
vn -0.000000 -0.000000 -1.000000
vn -0.000000 0.000000 -1.000000
vn 0.000000 -0.000000 -1.000000
vn 0.000000 -0.000000 -1.000000
vn -0.000000 0.000000 -1.000000
vn -0.000000 -0.000000 -1.000000
vn -0.000000 -0.000000 -1.000000
vn -0.000000 0.000000 -1.000000
vn 0.000000 -0.000000 -1.000000
vn 0.000000 -0.000000 -1.000000
vn -0.000000 0.000000 -1.000000
vn -0.000000 -0.000000 -1.000000
vn -0.000000 0.000000 -1.000000
vn 0.000000 -0.000000 -1.000000
vn 0.000000 -0.000000 -1.000000
vn 0.000000 -0.000000 -1.000000
vn -0.000000 0.000000 -1.000000
vn -0.000000 -0.000000 -1.000000
vn -0.000000 -0.000000 -1.000000
vn -0.000000 0.000000 -1.000000
vn 0.000000 -0.000000 -1.000000
vn 0.000000 -0.000000 -1.000000
vn 0.000000 -0.000000 -1.000000
vn -0.000000 0.000000 -1.000000
vn -0.000000 -0.000000 -1.000000
vn 0.000000 -0.000000 -1.000000
vn -0.000000 0.000000 -1.000000
vn 0.000000 -0.000000 -1.000000
vn 0.000000 -0.000000 -1.000000
vn 0.000000 -0.000000 -1.000000
vn -0.000000 0.000000 -1.000000
vn -0.000000 -0.000000 -1.000000
vn -0.000000 0.000000 -1.000000
vn 0.000000 -0.000000 -1.000000
vn -0.000000 0.000000 -1.000000
vn 0.000000 -0.000000 -1.000000
vn -0.000000 0.000000 -1.000000
vn -0.000000 0.000000 -1.000000
vn 0.000000 -0.000000 -1.000000
vn -0.000000 0.000000 -1.000000
vn 0.000000 -0.000000 -1.000000
vn 0.000000 -0.000000 -1.000000
vn -0.000000 0.000000 -1.000000
vn -0.000000 0.000000 -1.000000
vn 0.000000 -0.000000 -1.000000
vn -0.000000 0.000000 -1.000000
vn 0.000000 -0.000000 -1.000000
vn 0.000000 -0.000000 -1.000000
vn -0.000000 0.000000 -1.000000
vn 0.000000 -0.000000 -1.000000
vn -0.000000 0.000000 -1.000000
vn 0.000000 -0.000000 -1.000000
vn 0.000000 -0.000000 -1.000000
vn 0.000000 -0.000000 -1.000000
vn -0.000000 -0.000000 -1.000000
vn 0.000000 -0.000000 -1.000000
vn -0.000000 0.000000 -1.000000
vn 0.000000 -0.000000 -1.000000
vn 0.000000 -0.000000 -1.000000
vn -0.000000 0.000000 -1.000000
vn 0.000000 -0.000000 -1.000000
vn -0.000000 0.000000 -1.000000
vn 0.000000 0.000000 -1.000000
vn 0.000000 -0.000000 -1.000000
vn -0.000000 0.000000 -1.000000
vn 0.000000 -0.000000 -1.000000
vn 0.000000 -0.000000 -1.000000
vn 0.000000 -0.000000 -1.000000
vn 0.000000 0.000000 -1.000000
vn 0.000000 -0.000000 -1.000000
vn -0.000000 0.000000 -1.000000
vn 0.000000 -0.000000 -1.000000
vn -0.000000 0.000000 -1.000000
vn -0.000000 0.000000 -1.000000
vn -0.000000 0.000000 -1.000000
vn 0.000000 0.000000 -1.000000
vn 0.000000 -0.000000 -1.000000
vn -0.000000 0.000000 -1.000000
vn 0.000000 -0.000000 -1.000000
vn 0.000000 -0.000000 -1.000000
vn -0.000000 0.000000 -1.000000
vn -0.000000 0.000000 -1.000000
vn 0.000000 -0.000000 -1.000000
vn 0.000000 -0.000000 -1.000000
vn -0.000000 0.000000 -1.000000
vn 0.000000 -0.000000 -1.000000
vn 0.000000 -0.000000 -1.000000
vn 0.000000 -0.000000 -1.000000
vn 0.000000 -0.000000 -1.000000
vn 0.000000 -0.000000 -1.000000
vn 0.000000 -0.000000 -1.000000
vn -0.000000 0.000000 -1.000000
vn -0.000000 0.000000 -1.000000
vn -0.000000 0.000000 -1.000000
vn -0.000000 0.000000 -1.000000
vn -0.000000 0.000000 -1.000000
vn -0.000000 0.000000 -1.000000
vn 0.000000 -0.000000 -1.000000
vn 0.000000 -0.000000 -1.000000
vn 0.000000 -0.000000 -1.000000
vn 0.000000 -0.000000 -1.000000
vn 0.000000 -0.000000 -1.000000
vn 0.000000 -0.000000 -1.000000
vn -0.000000 0.000000 -1.000000
vn -0.000000 0.000000 -1.000000
vn -0.000000 0.000000 -1.000000
vn -0.000000 0.000000 -1.000000
vn -0.000000 0.000000 -1.000000
vn -0.000000 0.000000 -1.000000
vn 0.000000 -0.000000 -1.000000
vn 0.000000 -0.000000 -1.000000
vn 0.000000 -0.000000 -1.000000
vn 0.000000 -0.000000 -1.000000
vn 0.000000 -0.000000 -1.000000
vn -0.000000 0.000000 -1.000000
vn -0.000000 0.000000 -1.000000
vn -0.000000 0.000000 -1.000000
vn -0.000000 0.000000 -1.000000
vn -0.000000 0.000000 -1.000000
vn 0.000000 -0.000000 -1.000000
vn -0.000000 -0.000000 -1.000000
vn 0.000000 -0.000000 -1.000000
vn 0.000000 -0.000000 -1.000000
vn 0.000000 -0.000000 -1.000000
vn 0.000000 0.000000 -1.000000
vn -0.000000 0.000000 -1.000000
vn -0.000000 0.000000 -1.000000
vn -0.000000 0.000000 -1.000000
vn -0.000000 0.000000 -1.000000
vn -0.000000 -0.000000 -1.000000
vn -0.000000 0.000000 -1.000000
vn 0.000000 -0.000000 -1.000000
vn 0.000000 -0.000000 -1.000000
vn 0.000000 -0.000000 -1.000000
vn 0.000000 -0.000000 -1.000000
vn -0.000000 0.000000 -1.000000
vn -0.000000 0.000000 -1.000000
vn -0.000000 0.000000 -1.000000
vn -0.000000 0.000000 -1.000000
vn 0.000000 -0.000000 -1.000000
vn 0.000000 -0.000000 -1.000000
vn 0.000000 -0.000000 -1.000000
vn 0.000000 -0.000000 -1.000000
vn 0.000000 -0.000000 -1.000000
vn -0.000000 0.000000 -1.000000
vn -0.000000 0.000000 -1.000000
vn -0.000000 0.000000 -1.000000
vn -0.000000 0.000000 -1.000000
vn -0.000000 0.000000 -1.000000
vn 0.000000 -0.000000 -1.000000
vn 0.000000 -0.000000 -1.000000
vn 0.000000 -0.000000 -1.000000
vn 0.000000 -0.000000 -1.000000
vn -0.000000 0.000000 -1.000000
vn -0.000000 0.000000 -1.000000
vn -0.000000 0.000000 -1.000000
vn -0.000000 0.000000 -1.000000
vn 0.000000 -0.000000 -1.000000
vn -0.000000 -0.000000 -1.000000
vn 0.000000 -0.000000 -1.000000
vn 0.000000 -0.000000 -1.000000
vn -0.000000 0.000000 -1.000000
vn -0.000000 0.000000 -1.000000
vn -0.000000 0.000000 -1.000000
vn 0.000000 -0.000000 -1.000000
vn -0.000000 -0.000000 -1.000000
vn -0.000000 -0.000000 -1.000000
vn -0.000000 -0.000000 -1.000000
vn -0.000000 0.000000 -1.000000
vn -0.000000 0.000000 -1.000000
vn -0.000000 0.000000 -1.000000
vn -0.000000 0.000000 -1.000000
vn 0.000000 -0.000000 -1.000000
vn -0.000000 -0.000000 -1.000000
vn -0.000000 -0.000000 -1.000000
vn -0.000000 0.000000 -1.000000
vn -0.000000 0.000000 -1.000000
vn -0.000000 0.000000 -1.000000
vn 0.000000 -0.000000 -1.000000
vn -0.000000 -0.000000 -1.000000
vn -0.000000 -0.000000 -1.000000
vn -0.000000 0.000000 -1.000000
vn -0.000000 0.000000 -1.000000
vn -0.000000 0.000000 -1.000000
vn 0.000000 -0.000000 -1.000000
vn -0.000000 -0.000000 -1.000000
vn -0.000000 -0.000000 -1.000000
vn -0.000000 0.000000 -1.000000
vn -0.000000 0.000000 -1.000000
vn 0.000000 -0.000000 -1.000000
vn -0.000000 -0.000000 -1.000000
vn -0.000000 0.000000 -1.000000
vn -0.000000 0.000000 -1.000000
vn -0.000000 0.000000 -1.000000
vn 0.000000 -0.000000 -1.000000
vn 0.000000 -0.000000 -1.000000
vn 0.000000 -0.000000 -1.000000
vn -0.000000 0.000000 -1.000000
vn 0.000000 -0.000000 -1.000000
vn 0.000000 -0.000000 -1.000000
vn -0.000000 0.000000 -1.000000
vn 0.000000 -0.000000 -1.000000
vn 0.000000 -0.000000 -1.000000
vn 0.000000 -0.000000 -1.000000
vn 0.000000 -0.000000 -1.000000
vn -0.000000 0.000000 -1.000000
vn 0.000000 -0.000000 -1.000000
vn 0.000000 -0.000000 -1.000000
vn -0.000000 0.000000 -1.000000
vn 0.000000 -0.000000 -1.000000
vn 0.000000 -0.000000 -1.000000
vn -0.000000 -0.000000 -1.000000
vn -0.000000 -0.000000 -1.000000
vn 0.000000 -0.000000 -1.000000
vn 0.000000 -0.000000 -1.000000
vn 0.000000 -0.000000 -1.000000
vn -0.000000 0.000000 -1.000000
vn 0.000000 -0.000000 -1.000000
vn 0.000000 -0.000000 -1.000000
vn -0.000000 0.000000 -1.000000
vn 0.000000 -0.000000 -1.000000
vn 0.000000 -0.000000 -1.000000
vn 0.000000 -0.000000 -1.000000
vn -0.000000 0.000000 -1.000000
vn 0.000000 -0.000000 -1.000000
vn 0.000000 -0.000000 -1.000000
vn 0.000000 -0.000000 -1.000000
vn 0.000000 -0.000000 -1.000000
vn -0.000000 -0.000000 -1.000000
vn 0.000000 -0.000000 -1.000000
vn 0.000000 -0.000000 -1.000000
vn 0.000000 -0.000000 -1.000000
vn -0.000000 -0.000000 -1.000000
vn 0.000000 -0.000000 -1.000000
vn 0.000000 -0.000000 -1.000000
vn -0.000000 -0.000000 -1.000000
vn 0.000000 -0.000000 -1.000000
vn 0.000000 -0.000000 -1.000000
vn 0.000000 -0.000000 -1.000000
vn 0.000000 -0.000000 -1.000000
vn -0.000000 -0.000000 -1.000000
vn 0.000000 -0.000000 -1.000000
vn -0.000000 0.000000 -1.000000
vn -0.000000 0.000000 -1.000000
vn 0.000000 -0.000000 -1.000000
vn 0.000000 -0.000000 -1.000000
vn -0.000000 -0.000000 -1.000000
vn 0.000000 -0.000000 -1.000000
vn 0.000000 -0.000000 -1.000000
vn 0.000000 -0.000000 -1.000000
vn -0.000000 -0.000000 -1.000000
vn 0.000000 -0.000000 -1.000000
vn 0.000000 -0.000000 -1.000000
vn 0.000000 -0.000000 -1.000000
vn -0.000000 -0.000000 -1.000000
vn 0.000000 -0.000000 -1.000000
vn 0.000000 -0.000000 -1.000000
vn 0.000000 -0.000000 -1.000000
vn -0.000000 -0.000000 -1.000000
vn 0.000000 -0.000000 -1.000000
vn 0.000000 -0.000000 -1.000000
vn -0.000000 -0.000000 -1.000000
vn 0.000000 -0.000000 -1.000000
vn 0.000000 -0.000000 -1.000000
vn 0.000000 -0.000000 -1.000000
vn -0.000000 -0.000000 -1.000000
vn 0.000000 -0.000000 -1.000000
vn 0.000000 -0.000000 -1.000000
vn -0.000000 -0.000000 -1.000000
vn 0.000000 -0.000000 -1.000000
vn 0.000000 -0.000000 -1.000000
vn 0.000000 -0.000000 -1.000000
vn -0.000000 -0.000000 -1.000000
vn -0.000000 0.000000 -1.000000
vn -0.000000 0.000000 -1.000000
vn 0.000000 -0.000000 -1.000000
vn 0.000000 -0.000000 -1.000000
vn 0.000000 -0.000000 -1.000000
vn -0.000000 -0.000000 -1.000000
vn -0.000000 0.000000 -1.000000
vn 0.000000 -0.000000 -1.000000
vn -0.000000 0.000000 -1.000000
vn 0.000000 -0.000000 -1.000000
vn 0.000000 -0.000000 -1.000000
vn 0.000000 -0.000000 -1.000000
vn 0.000000 -0.000000 -1.000000
vn 0.000000 -0.000000 -1.000000
vn 0.000000 -0.000000 -1.000000
vn 0.000000 -0.000000 -1.000000
vn 0.000000 -0.000000 -1.000000
vn 0.000000 -0.000000 -1.000000
vn 0.000000 -0.000000 -1.000000
vn 0.000000 -0.000000 -1.000000
vn 0.000000 -0.000000 -1.000000
vn 0.000000 -0.000000 -1.000000
vn 0.000000 -0.000000 -1.000000
vn 0.000000 -0.000000 -1.000000
vn 0.000000 -0.000000 -1.000000
vn 0.000000 -0.000000 -1.000000
vn 0.000000 -0.000000 -1.000000
vn 0.000000 -0.000000 -1.000000
vn 0.000000 -0.000000 -1.000000
vn 0.000000 -0.000000 -1.000000
vn 0.000000 -0.000000 -1.000000
vn 0.000000 -0.000000 -1.000000
vn 0.000000 -0.000000 -1.000000
vn 0.000000 -0.000000 -1.000000
vn 0.000000 -0.000000 -1.000000
vn 0.000000 -0.000000 -1.000000
vn 0.000000 -0.000000 -1.000000
vn 0.000000 -0.000000 -1.000000
vn 0.000000 -0.000000 -1.000000
vn 0.000000 -0.000000 -1.000000
vn 0.000000 -0.000000 -1.000000
vn 0.000000 -0.000000 -1.000000
vn 0.000000 -0.000000 -1.000000
vn 0.000000 -0.000000 -1.000000
vn 0.000000 -0.000000 -1.000000
vn 0.000000 -0.000000 -1.000000
vn 0.000000 -0.000000 -1.000000
vn 0.000000 -0.000000 -1.000000
vn 0.000000 -0.000000 -1.000000
vn 0.000000 -0.000000 -1.000000
vn 0.000000 -0.000000 -1.000000
vn 0.000000 -0.000000 -1.000000
vn 0.000000 -0.000000 -1.000000
vn 0.000000 -0.000000 -1.000000
vn 0.000000 -0.000000 -1.000000
vn 0.000000 -0.000000 -1.000000
vn 0.000000 -0.000000 -1.000000
vn 0.000000 -0.000000 -1.000000
vn 0.000000 -0.000000 -1.000000
vn 0.000000 -0.000000 -1.000000
vn 0.000000 -0.000000 -1.000000
vn 0.000000 -0.000000 -1.000000
vn 0.000000 -0.000000 -1.000000
vn 0.000000 -0.000000 -1.000000
vn 0.000000 -0.000000 -1.000000
vn 0.000000 -0.000000 -1.000000
vn 0.000000 -0.000000 -1.000000
vn 0.000000 -0.000000 -1.000000
vn 0.000000 -0.000000 -1.000000
vn 0.000000 -0.000000 -1.000000
vn 0.000000 -0.000000 -1.000000
vn 0.000000 -0.000000 -1.000000
vn 0.000000 -0.000000 -1.000000
vn 0.000000 -0.000000 -1.000000
vn 0.000000 -0.000000 -1.000000
vn 0.000000 -0.000000 -1.000000
vn 0.000000 -0.000000 -1.000000
vn 0.000000 -0.000000 -1.000000
vn 0.000000 -0.000000 -1.000000
vn 0.000000 -0.000000 -1.000000
vn 0.000000 -0.000000 -1.000000
vn 0.000000 -0.000000 -1.000000
vn 0.000000 -0.000000 -1.000000
vn 0.000000 -0.000000 -1.000000
vn 0.000000 -0.000000 -1.000000
vn 0.000000 -0.000000 -1.000000
vn -0.000000 0.000000 -1.000000
vn 0.000000 -0.000000 -1.000000
vn 0.000000 -0.000000 -1.000000
vn 0.000000 -0.000000 -1.000000
vn 0.000000 -0.000000 -1.000000
vn 0.000000 -0.000000 -1.000000
vn 0.000000 -0.000000 -1.000000
vn 0.000000 -0.000000 -1.000000
vn 0.000000 -0.000000 -1.000000
vn 0.000000 -0.000000 -1.000000
vn 0.000000 -0.000000 -1.000000
vn 0.000000 -0.000000 -1.000000
vn 0.000000 -0.000000 -1.000000
vn 0.000000 -0.000000 -1.000000
vn 0.000000 -0.000000 -1.000000
vn 0.000000 -0.000000 -1.000000
vn 0.000000 -0.000000 -1.000000
vn 0.000000 -0.000000 -1.000000
vn 0.000000 -0.000000 -1.000000
vn 0.000000 -0.000000 -1.000000
vn 0.000000 -0.000000 -1.000000
vn 0.000000 -0.000000 -1.000000
vn 0.000000 -0.000000 -1.000000
vn 0.000000 -0.000000 -1.000000
vn 0.000000 -0.000000 -1.000000
vn 0.000000 -0.000000 -1.000000
vn 0.000000 -0.000000 -1.000000
vn 0.000000 -0.000000 -1.000000
vn 0.000000 -0.000000 -1.000000
vn 0.000000 -0.000000 -1.000000
vn 0.000000 -0.000000 -1.000000
vn 0.000000 -0.000000 -1.000000
vn 0.000000 -0.000000 -1.000000
vn 0.000000 -0.000000 -1.000000
vn 0.000000 -0.000000 -1.000000
vn 0.000000 -0.000000 -1.000000
vn 0.000000 -0.000000 -1.000000
vn 0.000000 -0.000000 -1.000000
vn 0.000000 -0.000000 -1.000000
vn 0.000000 -0.000000 -1.000000
vn 0.000000 -0.000000 -1.000000
vn 0.000000 -0.000000 -1.000000
vn 0.000000 -0.000000 -1.000000
vn 0.000000 -0.000000 -1.000000
vn 0.000000 -0.000000 -1.000000
vn 0.000000 -0.000000 -1.000000
vn 0.379881 0.596528 -0.706996
vn 0.334395 0.623539 -0.706667
vn 0.335730 0.626028 -0.703828
vn 0.448685 0.541741 -0.710773
vn 0.464544 0.533248 -0.706997
vn 0.490549 0.509428 -0.706997
vn 0.394816 0.587147 -0.706667
vn 0.409136 0.576858 -0.706996
vn 0.437394 0.555737 -0.706996
vn 0.451316 0.544917 -0.706667
vn 0.394816 0.587147 -0.706667
vn 0.127272 -0.695670 -0.706998
vn 0.396392 0.589490 -0.703829
vn 0.515329 0.484345 -0.706998
vn 0.538833 0.458053 -0.706998
vn 0.500398 0.494373 -0.710773
vn 0.464542 0.533251 -0.706997
vn 0.490547 0.509430 -0.706997
vn 0.453116 0.547093 -0.703829
vn 0.503332 0.497272 -0.706667
vn 0.451315 0.544919 -0.706667
vn 0.560997 0.430626 -0.706996
vn 0.581762 0.402131 -0.706996
vn 0.547132 0.442095 -0.710773
vn 0.505340 0.499257 -0.703829
vn 0.515331 0.484345 -0.706996
vn 0.538833 0.458055 -0.706996
vn 0.550341 0.444688 -0.706666
vn 0.503331 0.497273 -0.706666
vn 0.588433 0.385420 -0.710773
vn 0.601083 0.372632 -0.706998
vn 0.618911 0.342205 -0.706997
vn 0.127271 -0.695672 -0.706996
vn 0.591884 0.387680 -0.706666
vn 0.560997 0.430623 -0.706998
vn 0.581761 0.402130 -0.706998
vn 0.550341 0.444689 -0.706666
vn 0.552536 0.446463 -0.703829
vn 0.623883 0.324917 -0.710773
vn 0.635199 0.310930 -0.706997
vn 0.649908 0.278881 -0.706997
vn 0.601081 0.372636 -0.706996
vn 0.618914 0.342201 -0.706996
vn 0.594245 0.389227 -0.703829
vn 0.591884 0.387681 -0.706666
vn 0.653135 0.261184 -0.710773
vn 0.663001 0.246140 -0.706997
vn 0.674447 0.212785 -0.706997
vn 0.630047 0.328124 -0.703829
vn 0.635198 0.310934 -0.706996
vn 0.649909 0.278882 -0.706996
vn 0.627542 0.326822 -0.706667
vn 0.656964 0.262715 -0.706667
vn 0.627544 0.326821 -0.706666
vn 0.675895 0.194854 -0.710773
vn 0.684214 0.178904 -0.706997
vn 0.692282 0.144574 -0.706997
vn 0.663002 0.246134 -0.706998
vn 0.674444 0.212790 -0.706998
vn 0.679858 0.195997 -0.706667
vn 0.659586 0.263764 -0.703828
vn 0.656965 0.262716 -0.706667
vn 0.691938 0.126587 -0.710773
vn 0.698627 0.109888 -0.706997
vn 0.703236 0.074928 -0.706997
vn 0.684215 0.178904 -0.706996
vn 0.692282 0.144576 -0.706996
vn 0.682572 0.196777 -0.703828
vn 0.679858 0.195995 -0.706668
vn 0.695994 0.127330 -0.706668
vn 0.706097 0.039782 -0.706997
vn 0.707202 0.004535 -0.706996
vn 0.701103 0.057066 -0.710773
vn 0.698628 0.109887 -0.706997
vn 0.703237 0.074925 -0.706997
vn 0.698772 0.127840 -0.703828
vn 0.695995 0.127332 -0.706667
vn 0.705214 0.057401 -0.706667
vn 0.706549 -0.030719 -0.706997
vn 0.704139 -0.065903 -0.706997
vn 0.703301 -0.013027 -0.710772
vn 0.706097 0.039787 -0.706996
vn 0.707202 0.004532 -0.706996
vn 0.708028 0.057629 -0.703829
vn 0.705214 0.057400 -0.706667
vn 0.707425 -0.013103 -0.706667
vn 0.699979 -0.100916 -0.706997
vn 0.694078 -0.135686 -0.706997
vn 0.698509 -0.082988 -0.710773
vn 0.707425 -0.013104 -0.706667
vn 0.706550 -0.030720 -0.706997
vn 0.704140 -0.065902 -0.706997
vn 0.702605 -0.083474 -0.706667
vn 0.710248 -0.013156 -0.703829
vn 0.686453 -0.170110 -0.706997
vn 0.677120 -0.204118 -0.706997
vn 0.686775 -0.152125 -0.710772
vn 0.705409 -0.083807 -0.703829
vn 0.699978 -0.100920 -0.706998
vn 0.694079 -0.135682 -0.706997
vn 0.702605 -0.083474 -0.706667
vn 0.668215 -0.219750 -0.710773
vn 0.666104 -0.237614 -0.706998
vn 0.653431 -0.270522 -0.706998
vn 0.690803 -0.153016 -0.706667
vn 0.690803 -0.153017 -0.706666
vn 0.693558 -0.153626 -0.703829
vn 0.686453 -0.170111 -0.706997
vn 0.677120 -0.204115 -0.706997
vn 0.672135 -0.221038 -0.706666
vn 0.643015 -0.285190 -0.710774
vn 0.639134 -0.302758 -0.706997
vn 0.623249 -0.334238 -0.706997
vn 0.646786 -0.286862 -0.706667
vn 0.672133 -0.221040 -0.706667
vn 0.674816 -0.221922 -0.703829
vn 0.666102 -0.237620 -0.706997
vn 0.653432 -0.270522 -0.706997
vn 0.605814 -0.364891 -0.706996
vn 0.586874 -0.394633 -0.706996
vn 0.611425 -0.347796 -0.710773
vn 0.649366 -0.288007 -0.703829
vn 0.646786 -0.286862 -0.706667
vn 0.639138 -0.302752 -0.706996
vn 0.623250 -0.334238 -0.706996
vn 0.566473 -0.423395 -0.706997
vn 0.544662 -0.451108 -0.706997
vn 0.573756 -0.406947 -0.710773
vn 0.615010 -0.349835 -0.706667
vn 0.617464 -0.351233 -0.703828
vn 0.615009 -0.349837 -0.706667
vn 0.577120 -0.409333 -0.706667
vn 0.605813 -0.364893 -0.706997
vn 0.586873 -0.394634 -0.706997
vn 0.521502 -0.477694 -0.706996
vn 0.497042 -0.503096 -0.706996
vn 0.530388 -0.462051 -0.710772
vn 0.577122 -0.409332 -0.706667
vn 0.579425 -0.410965 -0.703829
vn 0.566471 -0.423397 -0.706998
vn 0.544666 -0.451103 -0.706998
vn 0.471348 -0.527244 -0.706997
vn 0.444481 -0.550084 -0.706997
vn 0.481745 -0.512566 -0.710772
vn 0.533497 -0.464760 -0.706667
vn 0.535625 -0.466616 -0.703829
vn 0.533497 -0.464762 -0.706667
vn 0.521503 -0.477693 -0.706996
vn 0.497041 -0.503097 -0.706996
vn 0.416506 -0.571558 -0.706997
vn 0.387502 -0.591606 -0.706997
vn 0.428316 -0.557984 -0.710773
vn 0.484569 -0.515572 -0.706667
vn 0.471342 -0.527249 -0.706997
vn 0.444481 -0.550084 -0.706997
vn 0.486503 -0.517630 -0.703828
vn 0.484569 -0.515571 -0.706668
vn 0.357528 -0.610187 -0.706998
vn 0.326666 -0.627251 -0.706997
vn 0.370630 -0.597858 -0.710773
vn 0.432549 -0.563495 -0.703829
vn 0.372803 -0.601365 -0.706667
vn 0.416511 -0.571554 -0.706997
vn 0.387497 -0.591609 -0.706997
vn 0.430829 -0.561255 -0.706668
vn 0.430828 -0.561257 -0.706667
vn 0.295002 -0.642751 -0.706997
vn 0.262589 -0.656660 -0.706997
vn 0.309263 -0.631791 -0.710772
vn 0.374291 -0.603764 -0.703829
vn 0.357529 -0.610187 -0.706997
vn 0.326673 -0.627248 -0.706997
vn 0.372803 -0.601365 -0.706667
vn 0.311076 -0.635495 -0.706667
vn 0.229535 -0.668931 -0.706997
vn 0.195906 -0.679541 -0.706997
vn 0.177942 -0.680542 -0.710773
vn 0.244818 -0.659444 -0.710773
vn 0.294994 -0.642755 -0.706997
vn 0.262589 -0.656660 -0.706997
vn 0.312317 -0.638031 -0.703828
vn 0.311076 -0.635495 -0.706667
vn 0.178985 -0.684534 -0.706667
vn 0.178986 -0.684534 -0.706666
vn 0.229538 -0.668930 -0.706997
vn 0.195908 -0.679540 -0.706997
vn 0.247237 -0.665956 -0.703830
vn 0.179699 -0.687266 -0.703828
vn 0.246253 -0.663311 -0.706666
vn 0.246254 -0.663310 -0.706667
vn 0.161790 -0.688461 -0.706998
vn 0.161791 -0.688463 -0.706996
vn 0.092436 -0.701149 -0.706998
vn 0.057371 -0.704885 -0.706998
vn 0.109299 -0.694877 -0.710774
vn 0.022167 -0.706869 -0.706997
vn -0.013097 -0.707095 -0.706997
vn 0.039568 -0.702308 -0.710773
vn 0.109943 -0.698953 -0.706667
vn 0.092433 -0.701149 -0.706998
vn 0.057372 -0.704885 -0.706998
vn 0.109940 -0.698954 -0.706666
vn 0.110381 -0.701742 -0.703828
vn -0.048327 -0.705564 -0.706996
vn -0.083436 -0.702278 -0.706996
vn -0.030555 -0.702758 -0.710773
vn 0.022171 -0.706870 -0.706996
vn -0.013100 -0.707096 -0.706996
vn 0.039801 -0.706427 -0.706666
vn 0.039957 -0.709244 -0.703829
vn 0.039799 -0.706428 -0.706666
vn -0.118336 -0.697246 -0.706997
vn -0.152946 -0.690480 -0.706997
vn -0.100377 -0.696223 -0.710772
vn -0.048327 -0.705564 -0.706996
vn -0.083439 -0.702278 -0.706996
vn -0.030734 -0.706878 -0.706667
vn -0.030859 -0.709699 -0.703829
vn -0.030737 -0.706879 -0.706666
vn -0.187169 -0.681999 -0.706997
vn -0.220934 -0.671820 -0.706997
vn -0.169199 -0.682769 -0.710773
vn -0.118340 -0.697244 -0.706998
vn -0.152943 -0.690480 -0.706998
vn -0.170191 -0.686773 -0.706667
vn -0.100965 -0.700306 -0.706667
vn -0.101367 -0.703100 -0.703829
vn -0.100964 -0.700305 -0.706667
vn -0.254151 -0.659972 -0.706997
vn -0.286731 -0.646484 -0.706997
vn -0.236340 -0.662529 -0.710773
vn -0.187169 -0.682000 -0.706996
vn -0.220940 -0.671820 -0.706996
vn -0.170192 -0.686772 -0.706667
vn -0.170871 -0.689512 -0.703829
vn -0.318595 -0.631390 -0.706996
vn -0.349670 -0.614725 -0.706996
vn -0.301132 -0.635707 -0.710772
vn -0.237725 -0.666415 -0.706667
vn -0.254146 -0.659973 -0.706997
vn -0.286727 -0.646485 -0.706997
vn -0.237726 -0.666415 -0.706667
vn -0.238674 -0.669073 -0.703829
vn -0.379885 -0.596527 -0.706996
vn -0.409138 -0.576856 -0.706996
vn -0.362932 -0.602563 -0.710773
vn -0.318594 -0.631390 -0.706997
vn -0.349675 -0.614721 -0.706997
vn -0.302897 -0.639434 -0.706667
vn -0.304105 -0.641985 -0.703829
vn -0.302897 -0.639434 -0.706667
vn -0.437390 -0.555739 -0.706997
vn -0.464545 -0.533249 -0.706997
vn -0.421125 -0.563432 -0.710773
vn -0.365060 -0.606097 -0.706667
vn -0.379879 -0.596529 -0.706997
vn -0.409142 -0.576851 -0.706997
vn -0.365060 -0.606097 -0.706667
vn -0.366517 -0.608514 -0.703829
vn -0.475132 -0.518702 -0.710773
vn -0.490543 -0.509432 -0.706998
vn -0.515336 -0.484337 -0.706998
vn -0.477918 -0.521744 -0.706666
vn -0.423595 -0.566736 -0.706667
vn -0.437387 -0.555741 -0.706997
vn -0.464545 -0.533247 -0.706997
vn -0.423594 -0.566736 -0.706667
vn -0.425284 -0.568997 -0.703829
vn -0.538831 -0.458058 -0.706996
vn -0.560995 -0.430628 -0.706996
vn -0.524416 -0.468818 -0.710772
vn -0.527491 -0.471567 -0.706666
vn -0.490545 -0.509432 -0.706997
vn -0.515334 -0.484341 -0.706997
vn -0.477918 -0.521745 -0.706666
vn -0.479824 -0.523825 -0.703829
vn -0.568490 -0.414272 -0.710773
vn -0.581761 -0.402131 -0.706997
vn -0.601084 -0.372629 -0.706997
vn -0.538832 -0.458055 -0.706998
vn -0.560990 -0.430632 -0.706998
vn -0.529595 -0.473448 -0.703830
vn -0.527491 -0.471567 -0.706666
vn -0.606912 -0.355612 -0.710772
vn -0.618912 -0.342206 -0.706996
vn -0.635199 -0.310932 -0.706996
vn -0.610471 -0.357698 -0.706667
vn -0.571824 -0.416702 -0.706666
vn -0.581764 -0.402127 -0.706997
vn -0.601085 -0.372628 -0.706997
vn -0.574105 -0.418364 -0.703829
vn -0.571823 -0.416702 -0.706667
vn -0.649908 -0.278881 -0.706997
vn -0.663001 -0.246139 -0.706997
vn -0.639305 -0.293413 -0.710773
vn -0.610472 -0.357693 -0.706668
vn -0.612909 -0.359121 -0.703829
vn -0.618910 -0.342209 -0.706996
vn -0.635199 -0.310932 -0.706996
vn -0.665342 -0.228303 -0.710773
vn -0.674446 -0.212786 -0.706997
vn -0.684214 -0.178905 -0.706997
vn -0.645619 -0.296315 -0.703828
vn -0.643051 -0.295136 -0.706668
vn -0.669244 -0.229642 -0.706667
vn -0.649909 -0.278878 -0.706997
vn -0.663000 -0.246143 -0.706997
vn -0.643054 -0.295133 -0.706667
vn -0.684767 -0.160921 -0.710773
vn -0.692281 -0.144575 -0.706997
vn -0.698627 -0.109886 -0.706997
vn -0.671915 -0.230555 -0.703828
vn -0.669243 -0.229638 -0.706668
vn -0.674448 -0.212779 -0.706997
vn -0.684213 -0.178908 -0.706997
vn -0.703236 -0.074929 -0.706997
vn -0.706096 -0.039782 -0.706997
vn -0.697387 -0.091939 -0.710773
vn -0.688782 -0.161865 -0.706667
vn -0.688782 -0.161866 -0.706668
vn -0.692282 -0.144572 -0.706997
vn -0.698626 -0.109893 -0.706997
vn -0.691531 -0.162512 -0.703828
vn -0.707202 -0.004535 -0.706997
vn -0.706549 0.030721 -0.706997
vn -0.703076 -0.022048 -0.710773
vn -0.704276 -0.092849 -0.703828
vn -0.701476 -0.092480 -0.706667
vn -0.701477 -0.092479 -0.706666
vn -0.703237 -0.074928 -0.706996
vn -0.706098 -0.039778 -0.706997
vn -0.701777 0.048068 -0.710773
vn -0.704139 0.065903 -0.706997
vn -0.699979 0.100917 -0.706997
vn -0.710020 -0.022265 -0.703829
vn -0.707199 -0.022177 -0.706667
vn -0.707199 -0.022176 -0.706666
vn -0.707202 -0.004539 -0.706997
vn -0.706549 0.030726 -0.706997
vn -0.694079 0.135686 -0.706996
vn -0.686454 0.170110 -0.706996
vn -0.693504 0.117702 -0.710773
vn -0.705893 0.048351 -0.706667
vn -0.704139 0.065901 -0.706997
vn -0.699980 0.100912 -0.706997
vn -0.705892 0.048350 -0.706667
vn -0.708709 0.048544 -0.703829
vn -0.678340 0.186167 -0.710772
vn -0.677121 0.204116 -0.706996
vn -0.666105 0.237614 -0.706996
vn -0.700355 0.118865 -0.703828
vn -0.694079 0.135685 -0.706996
vn -0.686452 0.170117 -0.706996
vn -0.697571 0.118392 -0.706667
vn -0.697571 0.118392 -0.706667
vn -0.656431 0.252785 -0.710773
vn -0.653431 0.270522 -0.706997
vn -0.639135 0.302757 -0.706997
vn -0.682316 0.187259 -0.706667
vn -0.685039 0.188006 -0.703829
vn -0.682316 0.187259 -0.706667
vn -0.677120 0.204115 -0.706997
vn -0.666105 0.237609 -0.706997
vn -0.623250 0.334239 -0.706996
vn -0.605814 0.364891 -0.706996
vn -0.628002 0.316885 -0.710773
vn -0.660280 0.254268 -0.706667
vn -0.662916 0.255282 -0.703828
vn -0.653434 0.270520 -0.706996
vn -0.639132 0.302767 -0.706995
vn -0.660280 0.254267 -0.706667
vn -0.586872 0.394634 -0.706997
vn -0.566472 0.423397 -0.706997
vn -0.593327 0.377843 -0.710772
vn -0.634203 0.320018 -0.703829
vn -0.631682 0.318747 -0.706667
vn -0.631683 0.318742 -0.706668
vn -0.623252 0.334236 -0.706996
vn -0.605813 0.364893 -0.706996
vn -0.552760 0.435039 -0.710772
vn -0.544665 0.451106 -0.706996
vn -0.521503 0.477693 -0.706996
vn -0.596806 0.380059 -0.706667
vn -0.596807 0.380054 -0.706669
vn -0.599189 0.381572 -0.703829
vn -0.586875 0.394630 -0.706997
vn -0.566472 0.423397 -0.706997
vn -0.506696 0.487916 -0.710773
vn -0.497042 0.503095 -0.706997
vn -0.471348 0.527244 -0.706997
vn -0.556001 0.437589 -0.706667
vn -0.558219 0.439337 -0.703829
vn -0.556000 0.437591 -0.706667
vn -0.544665 0.451105 -0.706997
vn -0.521499 0.477698 -0.706997
vn -0.455596 0.535942 -0.710774
vn -0.444478 0.550085 -0.706998
vn -0.416505 0.571557 -0.706998
vn -0.511700 0.492735 -0.703829
vn -0.509666 0.490777 -0.706667
vn -0.509666 0.490776 -0.706668
vn -0.497042 0.503095 -0.706997
vn -0.471352 0.527240 -0.706997
vn -0.387502 0.591606 -0.706997
vn -0.357527 0.610188 -0.706997
vn -0.399971 0.578640 -0.710773
vn -0.460100 0.541234 -0.703828
vn -0.458268 0.539086 -0.706666
vn -0.444481 0.550084 -0.706996
vn -0.416504 0.571560 -0.706996
vn -0.458270 0.539082 -0.706668
vn -0.340370 0.615590 -0.710773
vn -0.326672 0.627248 -0.706997
vn -0.294996 0.642754 -0.706997
vn -0.402317 0.582034 -0.706666
vn -0.402317 0.582034 -0.706666
vn -0.403922 0.584356 -0.703829
vn -0.387498 0.591608 -0.706997
vn -0.357526 0.610188 -0.706997
vn -0.277384 0.646421 -0.710773
vn -0.262593 0.656658 -0.706997
vn -0.229532 0.668932 -0.706997
vn -0.342365 0.619199 -0.706667
vn -0.343729 0.621671 -0.703830
vn -0.342364 0.619201 -0.706666
vn -0.326676 0.627248 -0.706996
vn -0.294996 0.642755 -0.706996
vn -0.195905 0.679542 -0.706997
vn -0.161791 0.688462 -0.706997
vn -0.211645 0.670827 -0.710773
vn -0.280125 0.652806 -0.703828
vn -0.279011 0.650211 -0.706667
vn -0.279011 0.650211 -0.706667
vn -0.262594 0.656659 -0.706996
vn -0.229532 0.668933 -0.706996
vn -0.143799 0.688566 -0.710773
vn -0.127271 0.695670 -0.706997
vn -0.092437 0.701150 -0.706997
vn -0.212886 0.674761 -0.706667
vn -0.212887 0.674760 -0.706667
vn -0.213737 0.677452 -0.703829
vn -0.195904 0.679541 -0.706998
vn -0.161790 0.688461 -0.706998
vn -0.074525 0.699462 -0.710773
vn -0.057375 0.704885 -0.706998
vn -0.022163 0.706868 -0.706998
vn -0.145218 0.695368 -0.703829
vn -0.144641 0.692605 -0.706667
vn -0.074962 0.703564 -0.706667
vn -0.144642 0.692604 -0.706667
vn -0.127270 0.695670 -0.706997
vn -0.092439 0.701149 -0.706997
vn -0.004513 0.703407 -0.710773
vn 0.013097 0.707096 -0.706996
vn 0.048323 0.705564 -0.706996
vn -0.075262 0.706372 -0.703829
vn -0.004539 0.707532 -0.706667
vn -0.074963 0.703564 -0.706667
vn -0.057371 0.704886 -0.706997
vn -0.022165 0.706869 -0.706997
vn 0.065550 0.700360 -0.710774
vn 0.083436 0.702276 -0.706998
vn 0.118340 0.697244 -0.706998
vn -0.004538 0.707531 -0.706667
vn -0.004556 0.710355 -0.703829
vn 0.013094 0.707096 -0.706996
vn 0.048333 0.705564 -0.706996
vn 0.134954 0.690354 -0.710773
vn 0.152946 0.690480 -0.706997
vn 0.187171 0.681999 -0.706997
vn 0.083432 0.702278 -0.706997
vn 0.118334 0.697246 -0.706997
vn 0.066194 0.707278 -0.703830
vn 0.065934 0.704468 -0.706666
vn 0.065931 0.704467 -0.706667
vn 0.203022 0.673486 -0.710773
vn 0.220939 0.671820 -0.706996
vn 0.254144 0.659975 -0.706996
vn 0.152950 0.690479 -0.706997
vn 0.187169 0.681999 -0.706997
vn 0.135745 0.694403 -0.706667
vn 0.135748 0.694403 -0.706666
vn 0.136290 0.697173 -0.703828
vn 0.204212 0.677435 -0.706667
vn 0.269071 0.649924 -0.710773
vn 0.286728 0.646484 -0.706998
vn 0.318597 0.631387 -0.706998
vn 0.220938 0.671819 -0.706997
vn 0.254146 0.659973 -0.706997
vn 0.205026 0.680139 -0.703829
vn 0.204211 0.677436 -0.706667
vn 0.332444 0.619905 -0.710773
vn 0.349677 0.614721 -0.706996
vn 0.379875 0.596532 -0.706996
vn 0.270649 0.653736 -0.706667
vn 0.286727 0.646486 -0.706996
vn 0.318599 0.631388 -0.706996
vn 0.334394 0.623540 -0.706667
vn 0.271729 0.656345 -0.703829
vn 0.270649 0.653736 -0.706667
vn 0.409146 0.576850 -0.706996
vn 0.437385 0.555743 -0.706996
vn 0.392514 0.583724 -0.710773
vn 0.349674 0.614723 -0.706996
vn 0.179960 -0.983674 0.000000
vn 0.179960 -0.983674 0.000000
vn 0.130700 -0.991422 0.000000
vn 0.130700 -0.991422 0.000000
vn 0.081124 -0.996704 0.000000
vn 0.081124 -0.996704 0.000000
vn 0.031349 -0.999508 0.000000
vn 0.031349 -0.999508 0.000000
vn -0.018523 -0.999829 0.000000
vn -0.018523 -0.999829 0.000000
vn -0.068334 -0.997663 0.000000
vn -0.068334 -0.997663 0.000000
vn -0.117982 -0.993016 0.000000
vn -0.117982 -0.993016 0.000000
vn -0.167332 -0.985901 0.000000
vn -0.167332 -0.985901 0.000000
vn -0.216260 -0.976336 0.000000
vn -0.216260 -0.976336 0.000000
vn -0.264656 -0.964343 0.000000
vn -0.264656 -0.964343 0.000000
vn -0.312407 -0.949948 0.000000
vn -0.312407 -0.949948 0.000000
vn -0.359361 -0.933199 0.000000
vn -0.359361 -0.933199 0.000000
vn -0.405430 -0.914126 0.000000
vn -0.405430 -0.914126 0.000000
vn -0.450490 -0.892781 0.000000
vn -0.450490 -0.892781 0.000000
vn -0.494439 -0.869212 0.000000
vn -0.494439 -0.869212 0.000000
vn -0.537147 -0.843488 0.000000
vn -0.537147 -0.843488 0.000000
vn -0.578525 -0.815665 0.000000
vn -0.578525 -0.815665 0.000000
vn -0.618463 -0.785814 0.000000
vn -0.618463 -0.785814 0.000000
vn -0.656865 -0.754008 0.000000
vn -0.656865 -0.754008 0.000000
vn -0.693628 -0.720333 0.000000
vn -0.693628 -0.720333 0.000000
vn -0.728680 -0.684855 0.000000
vn -0.728680 -0.684855 0.000000
vn -0.761906 -0.647688 0.000000
vn -0.761906 -0.647688 0.000000
vn -0.793238 -0.608911 0.000000
vn -0.793238 -0.608911 0.000000
vn -0.822611 -0.568605 0.000000
vn -0.822611 -0.568605 0.000000
vn -0.849931 -0.526894 0.000000
vn -0.849931 -0.526894 0.000000
vn -0.875134 -0.483880 0.000000
vn -0.875134 -0.483880 0.000000
vn -0.898167 -0.439655 0.000000
vn -0.898167 -0.439655 0.000000
vn -0.918968 -0.394332 0.000000
vn -0.918968 -0.394332 0.000000
vn -0.937478 -0.348045 0.000000
vn -0.937478 -0.348045 0.000000
vn -0.953666 -0.300868 0.000000
vn -0.953666 -0.300868 0.000000
vn -0.967473 -0.252975 0.000000
vn -0.967473 -0.252975 0.000000
vn -0.978882 -0.204424 0.000000
vn -0.978882 -0.204424 0.000000
vn -0.987854 -0.155388 0.000000
vn -0.987854 -0.155388 0.000000
vn -0.994372 -0.105947 0.000000
vn -0.994372 -0.105947 0.000000
vn -0.998417 -0.056246 0.000000
vn -0.998417 -0.056246 0.000000
vn -0.999979 -0.006417 0.000000
vn -0.999979 -0.006417 0.000000
vn -0.999056 0.043447 0.000000
vn -0.999056 0.043447 0.000000
vn -0.995649 0.093184 0.000000
vn -0.995649 0.093184 0.000000
vn -0.989768 0.142689 0.000000
vn -0.989768 0.142689 0.000000
vn -0.981423 0.191858 0.000000
vn -0.981423 0.191858 0.000000
vn -0.970638 0.240544 0.000000
vn -0.970638 0.240544 0.000000
vn -0.957444 0.288618 0.000000
vn -0.957444 0.288618 0.000000
vn -0.941870 0.335978 0.000000
vn -0.941870 0.335978 0.000000
vn -0.923950 0.382512 0.000000
vn -0.923950 0.382512 0.000000
vn -0.903727 0.428110 0.000000
vn -0.903727 0.428110 0.000000
vn -0.881273 0.472607 0.000000
vn -0.881273 0.472607 0.000000
vn -0.856615 0.515956 0.000000
vn -0.856615 0.515956 0.000000
vn -0.829838 0.558005 0.000000
vn -0.829838 0.558005 0.000000
vn -0.800988 0.598680 0.000000
vn -0.800988 0.598680 0.000000
vn -0.770152 0.637860 0.000000
vn -0.770152 0.637860 0.000000
vn -0.737395 0.675461 0.000000
vn -0.737395 0.675461 0.000000
vn -0.702814 0.711374 0.000000
vn -0.702814 0.711374 0.000000
vn -0.666489 0.745515 0.000000
vn -0.666489 0.745515 0.000000
vn -0.628493 0.777815 0.000000
vn -0.628493 0.777815 0.000000
vn -0.588934 0.808181 0.000000
vn -0.588934 0.808181 0.000000
vn -0.547921 0.836530 0.000000
vn -0.547921 0.836530 0.000000
vn -0.505540 0.862803 0.000000
vn -0.505540 0.862803 0.000000
vn -0.461917 0.886923 0.000000
vn -0.461917 0.886923 0.000000
vn -0.417122 0.908851 0.000000
vn -0.417122 0.908851 0.000000
vn -0.371305 0.928511 0.000000
vn -0.371305 0.928511 0.000000
vn -0.324556 0.945866 0.000000
vn -0.324556 0.945866 0.000000
vn -0.277008 0.960868 0.000000
vn -0.277008 0.960868 0.000000
vn -0.228771 0.973480 0.000000
vn -0.228771 0.973480 0.000000
vn -0.179959 0.983674 0.000000
vn -0.179959 0.983674 0.000000
vn -0.130709 0.991421 0.000000
vn -0.130709 0.991421 0.000000
vn -0.081123 0.996704 0.000000
vn -0.081123 0.996704 0.000000
vn -0.031341 0.999509 0.000000
vn -0.031341 0.999509 0.000000
vn 0.018515 0.999829 -0.000000
vn 0.018515 0.999829 0.000000
vn 0.068342 0.997662 -0.000000
vn 0.068342 0.997662 0.000000
vn 0.117972 0.993017 -0.000000
vn 0.117972 0.993017 0.000000
vn 0.167323 0.985902 -0.000000
vn 0.167323 0.985902 0.000000
vn 0.216270 0.976334 -0.000000
vn 0.216270 0.976334 0.000000
vn 0.264656 0.964343 -0.000000
vn 0.264656 0.964343 0.000000
vn 0.312404 0.949949 -0.000000
vn 0.312404 0.949949 0.000000
vn 0.359361 0.933199 0.000000
vn 0.359361 0.933199 -0.000000
vn 0.405430 0.914126 0.000000
vn 0.405430 0.914126 -0.000000
vn 0.450496 0.892779 0.000000
vn 0.450496 0.892779 -0.000000
vn 0.494437 0.869214 0.000000
vn 0.494437 0.869214 -0.000000
vn 0.537150 0.843487 0.000000
vn 0.537150 0.843487 -0.000000
vn 0.578515 0.815672 0.000000
vn 0.578515 0.815672 -0.000000
vn 0.618472 0.785807 0.000000
vn 0.618472 0.785807 -0.000000
vn 0.656859 0.754013 0.000000
vn 0.656859 0.754013 -0.000000
vn 0.693630 0.720331 0.000000
vn 0.693630 0.720331 -0.000000
vn 0.728675 0.684860 0.000000
vn 0.728675 0.684860 -0.000000
vn 0.761907 0.647687 0.000000
vn 0.761907 0.647687 -0.000000
vn 0.793247 0.608900 0.000000
vn 0.793247 0.608900 -0.000000
vn 0.822607 0.568610 0.000000
vn 0.822607 0.568610 -0.000000
vn 0.849925 0.526904 -0.000000
vn 0.849925 0.526904 0.000000
vn 0.875140 0.483869 -0.000000
vn 0.875140 0.483869 0.000000
vn 0.898165 0.439659 -0.000000
vn 0.898165 0.439659 0.000000
vn 0.918966 0.394336 0.000000
vn 0.918966 0.394336 0.000000
vn 0.937483 0.348032 0.000000
vn 0.937483 0.348032 -0.000000
vn 0.953661 0.300885 0.000000
vn 0.953661 0.300885 -0.000000
vn 0.967474 0.252969 0.000000
vn 0.967474 0.252969 -0.000000
vn 0.978881 0.204429 0.000000
vn 0.987855 0.155379 0.000000
vn 0.978881 0.204429 -0.000000
vn 0.987855 0.155379 0.000000
vn 0.994372 0.105943 0.000000
vn 0.994372 0.105943 -0.000000
vn 0.998416 0.056259 0.000000
vn 0.998416 0.056259 -0.000000
vn 0.999979 0.006409 0.000000
vn 0.999979 0.006409 -0.000000
vn 0.999056 -0.043437 0.000000
vn 0.999056 -0.043437 0.000000
vn 0.995649 -0.093185 0.000000
vn 0.989766 -0.142701 0.000000
vn 0.995649 -0.093185 0.000000
vn 0.989766 -0.142701 0.000000
vn 0.981423 -0.191854 0.000000
vn 0.981423 -0.191854 0.000000
vn 0.970640 -0.240536 0.000000
vn 0.957444 -0.288618 0.000000
vn 0.970640 -0.240536 0.000000
vn 0.957444 -0.288618 0.000000
vn 0.941864 -0.335993 0.000000
vn 0.923949 -0.382516 0.000000
vn 0.941864 -0.335993 0.000000
vn 0.923949 -0.382516 0.000000
vn 0.903737 -0.428089 0.000000
vn 0.903737 -0.428089 0.000000
vn 0.881271 -0.472611 0.000000
vn 0.856615 -0.515956 0.000000
vn 0.881271 -0.472611 0.000000
vn 0.829834 -0.558010 0.000000
vn 0.856615 -0.515956 0.000000
vn 0.829834 -0.558010 0.000000
vn 0.800987 -0.598681 0.000000
vn 0.800987 -0.598681 0.000000
vn 0.770154 -0.637857 0.000000
vn 0.770154 -0.637857 0.000000
vn 0.737402 -0.675454 0.000000
vn 0.737402 -0.675454 0.000000
vn 0.702812 -0.711376 0.000000
vn 0.702812 -0.711376 0.000000
vn 0.666475 -0.745528 0.000000
vn 0.666475 -0.745528 0.000000
vn 0.628493 -0.777815 0.000000
vn 0.628493 -0.777815 0.000000
vn 0.588944 -0.808174 0.000000
vn 0.588944 -0.808174 0.000000
vn 0.547919 -0.836532 0.000000
vn 0.547919 -0.836532 0.000000
vn 0.505544 -0.862801 0.000000
vn 0.505544 -0.862801 0.000000
vn 0.461914 -0.886925 0.000000
vn 0.461914 -0.886925 0.000000
vn 0.417120 -0.908851 0.000000
vn 0.417120 -0.908851 0.000000
vn 0.371299 -0.928513 0.000000
vn 0.371299 -0.928513 0.000000
vn 0.324566 -0.945863 0.000000
vn 0.324566 -0.945863 0.000000
vn 0.277013 -0.960866 0.000000
vn 0.277013 -0.960866 0.000000
vn 0.228771 -0.973480 0.000000
vn 0.228771 -0.973480 0.000000
vn 0.000000 0.000000 -1.000000
vn 0.000000 0.000000 -1.000000
vn 0.000000 0.000000 -1.000000
vn -0.000000 0.000000 -1.000000
vn 0.000000 0.000000 -1.000000
vn -0.000000 0.000000 -1.000000
vn -0.000000 0.000000 -1.000000
vn -0.000000 0.000000 -1.000000
vn -0.000000 0.000000 -1.000000
vn 0.000000 0.000000 -1.000000
vn 0.000000 0.000000 -1.000000
vn 0.000000 0.000000 -1.000000
vn 0.000000 0.000000 -1.000000
vn 0.000000 0.000000 -1.000000
vn 0.000000 0.000000 -1.000000
vn -0.000000 0.000000 -1.000000
vn -0.000000 0.000000 -1.000000
vn -0.000000 0.000000 -1.000000
vn -0.000000 0.000000 -1.000000
vn 0.000000 0.000000 -1.000000
vn -0.000000 0.000000 -1.000000
vn -0.000000 0.000000 -1.000000
vn -0.000000 0.000000 -1.000000
vn -0.000000 0.000000 -1.000000
vn 0.000000 0.000000 -1.000000
vn 0.000000 0.000000 -1.000000
vn 0.000000 0.000000 -1.000000
vn 0.000000 0.000000 -1.000000
vn 0.000000 0.000000 -1.000000
vn -0.000000 0.000000 -1.000000
vn 0.000000 0.000000 -1.000000
vn 0.000000 0.000000 -1.000000
vn -0.000000 0.000000 -1.000000
vn -0.000000 0.000000 -1.000000
vn -0.000000 0.000000 -1.000000
vn 0.000000 0.000000 -1.000000
vn 0.000000 0.000000 -1.000000
vn 0.000000 0.000000 -1.000000
vn 0.000000 0.000000 -1.000000
vn 0.000000 0.000000 -1.000000
vn 0.000000 0.000000 -1.000000
vn 0.000000 0.000000 -1.000000
vn 0.000000 0.000000 -1.000000
vn 0.000000 0.000000 -1.000000
vn 0.000000 0.000000 -1.000000
vn 0.000000 0.000000 -1.000000
vn 0.000000 0.000000 -1.000000
vn 0.000000 0.000000 -1.000000
vn 0.000000 0.000000 -1.000000
vn 0.000000 0.000000 -1.000000
vn 0.000000 0.000000 -1.000000
vn 0.000000 0.000000 -1.000000
vn 0.000000 0.000000 -1.000000
vn 0.000000 0.000000 -1.000000
vn 0.000000 0.000000 -1.000000
vn 0.000000 0.000000 -1.000000
vn 0.000000 0.000000 -1.000000
vn 0.000000 0.000000 -1.000000
vn 0.000000 0.000000 -1.000000
vn 0.000000 0.000000 -1.000000
vn 0.000000 0.000000 -1.000000
vn 0.000000 0.000000 -1.000000
vn 0.000000 0.000000 -1.000000
vn 0.000000 0.000000 -1.000000
vn 0.000000 0.000000 -1.000000
vn 0.000000 0.000000 -1.000000
vn 0.000000 0.000000 -1.000000
vn 0.000000 0.000000 -1.000000
vn 0.000000 0.000000 -1.000000
vn 0.000000 0.000000 -1.000000
vn 0.000000 0.000000 -1.000000
vn 0.000000 0.000000 -1.000000
vn 0.000000 0.000000 -1.000000
vn 0.000000 0.000000 -1.000000
vn 0.000000 0.000000 -1.000000
vn 0.000000 0.000000 -1.000000
vn 0.000000 0.000000 -1.000000
vn 0.000000 0.000000 -1.000000
vn 0.000000 0.000000 -1.000000
vn 0.000000 0.000000 -1.000000
vn 0.000000 0.000000 -1.000000
vn 0.000000 0.000000 -1.000000
vn 0.000000 0.000000 -1.000000
vn 0.000000 0.000000 -1.000000
vn 0.000000 0.000000 -1.000000
vn 0.000000 0.000000 -1.000000
vn 0.000000 0.000000 -1.000000
vn 0.000000 0.000000 -1.000000
vn 0.000000 0.000000 -1.000000
vn 0.000000 0.000000 -1.000000
vn 0.000000 0.000000 -1.000000
vn 0.000000 0.000000 -1.000000
vn 0.000000 0.000000 -1.000000
vn 0.000000 0.000000 -1.000000
vn 0.000000 0.000000 -1.000000
vn 0.000000 0.000000 -1.000000
vn 0.000000 0.000000 -1.000000
vn 0.000000 0.000000 -1.000000
vn 0.000000 0.000000 -1.000000
vn 0.000000 0.000000 -1.000000
vn 0.000000 0.000000 -1.000000
vn 0.000000 0.000000 -1.000000
vn 0.000000 -0.000000 -1.000000
vn 0.000000 0.000000 -1.000000
vn 0.000000 -0.000000 -1.000000
vn 0.000000 0.000000 -1.000000
vn 0.000000 -0.000000 -1.000000
vn 0.000000 0.000000 -1.000000
vn 0.000000 0.000000 -1.000000
vn 0.000000 -0.000000 -1.000000
vn 0.000000 0.000000 -1.000000
vn 0.000000 0.000000 -1.000000
vn 0.000000 0.000000 -1.000000
vn 0.000000 0.000000 -1.000000
vn 0.000000 0.000000 -1.000000
vn 0.000000 0.000000 -1.000000
vn 0.000000 -0.000000 -1.000000
vn 0.000000 -0.000000 -1.000000
vn 0.000000 0.000000 -1.000000
vn 0.000000 0.000000 -1.000000
vn 0.000000 0.000000 -1.000000
vn 0.000000 -0.000000 -1.000000
vn 0.000000 0.000000 -1.000000
vn 0.000000 -0.000000 -1.000000
vn -0.541741 0.448685 -0.710773
vn -0.533248 0.464544 -0.706997
vn -0.509428 0.490549 -0.706997
vn -0.587147 0.394816 -0.706667
vn -0.576858 0.409136 -0.706996
vn -0.555737 0.437394 -0.706996
vn -0.589490 0.396392 -0.703829
vn -0.587147 0.394816 -0.706667
vn -0.544917 0.451316 -0.706667
vn -0.494373 0.500398 -0.710773
vn -0.484345 0.515329 -0.706998
vn -0.458053 0.538833 -0.706998
vn 0.695670 0.127272 -0.706998
vn -0.533251 0.464542 -0.706997
vn -0.509430 0.490547 -0.706997
vn -0.547093 0.453116 -0.703829
vn -0.544919 0.451315 -0.706667
vn -0.497272 0.503332 -0.706667
vn -0.442095 0.547132 -0.710773
vn -0.430626 0.560997 -0.706996
vn -0.402131 0.581762 -0.706996
vn -0.497273 0.503331 -0.706666
vn -0.484345 0.515331 -0.706996
vn -0.458055 0.538833 -0.706996
vn -0.444688 0.550341 -0.706666
vn -0.499257 0.505340 -0.703829
vn -0.385420 0.588433 -0.710773
vn -0.372632 0.601083 -0.706998
vn -0.342205 0.618911 -0.706997
vn -0.430623 0.560997 -0.706998
vn -0.402130 0.581761 -0.706998
vn -0.446463 0.552536 -0.703829
vn -0.444689 0.550341 -0.706666
vn -0.387680 0.591884 -0.706666
vn 0.695672 0.127271 -0.706996
vn -0.324917 0.623883 -0.710773
vn -0.310930 0.635199 -0.706997
vn -0.278881 0.649908 -0.706997
vn -0.389227 0.594245 -0.703829
vn -0.372636 0.601081 -0.706996
vn -0.342201 0.618914 -0.706996
vn -0.387681 0.591884 -0.706666
vn -0.261184 0.653135 -0.710773
vn -0.246140 0.663001 -0.706997
vn -0.212785 0.674447 -0.706997
vn -0.310934 0.635198 -0.706996
vn -0.278882 0.649909 -0.706996
vn -0.328124 0.630047 -0.703829
vn -0.326822 0.627542 -0.706667
vn -0.326821 0.627544 -0.706666
vn -0.194854 0.675895 -0.710773
vn -0.178904 0.684214 -0.706997
vn -0.144574 0.692282 -0.706997
vn -0.246134 0.663002 -0.706998
vn -0.212790 0.674444 -0.706998
vn -0.262715 0.656965 -0.706667
vn -0.263764 0.659586 -0.703828
vn -0.195997 0.679858 -0.706667
vn -0.262716 0.656964 -0.706667
vn -0.126587 0.691938 -0.710773
vn -0.109888 0.698627 -0.706997
vn -0.074928 0.703236 -0.706997
vn -0.178904 0.684215 -0.706996
vn -0.144576 0.692282 -0.706996
vn -0.196777 0.682572 -0.703828
vn -0.195995 0.679858 -0.706668
vn -0.127330 0.695994 -0.706668
vn -0.039782 0.706097 -0.706997
vn -0.004535 0.707202 -0.706996
vn -0.057066 0.701103 -0.710773
vn -0.109887 0.698628 -0.706997
vn -0.074925 0.703237 -0.706997
vn -0.127840 0.698772 -0.703828
vn -0.127332 0.695995 -0.706667
vn -0.057401 0.705214 -0.706667
vn 0.030719 0.706549 -0.706997
vn 0.065903 0.704139 -0.706997
vn 0.013027 0.703301 -0.710772
vn -0.039787 0.706097 -0.706996
vn -0.004532 0.707202 -0.706996
vn -0.057629 0.708028 -0.703829
vn -0.057400 0.705214 -0.706667
vn 0.100916 0.699979 -0.706997
vn 0.135686 0.694078 -0.706997
vn 0.082988 0.698509 -0.710773
vn 0.013104 0.707425 -0.706667
vn 0.030720 0.706550 -0.706997
vn 0.065902 0.704140 -0.706997
vn 0.013156 0.710248 -0.703829
vn 0.013103 0.707425 -0.706667
vn 0.170110 0.686453 -0.706997
vn 0.204118 0.677120 -0.706997
vn 0.152125 0.686775 -0.710772
vn 0.083473 0.702605 -0.706667
vn 0.153017 0.690802 -0.706667
vn 0.100920 0.699978 -0.706998
vn 0.135682 0.694079 -0.706997
vn 0.083807 0.705409 -0.703829
vn 0.083474 0.702605 -0.706667
vn 0.237614 0.666104 -0.706998
vn 0.270522 0.653431 -0.706998
vn 0.219750 0.668215 -0.710773
vn 0.153626 0.693558 -0.703829
vn 0.221038 0.672135 -0.706666
vn 0.170111 0.686453 -0.706997
vn 0.204115 0.677120 -0.706997
vn 0.153016 0.690803 -0.706666
vn 0.285190 0.643015 -0.710774
vn 0.302758 0.639134 -0.706997
vn 0.334238 0.623249 -0.706997
vn 0.286862 0.646786 -0.706667
vn 0.221922 0.674816 -0.703829
vn 0.221040 0.672133 -0.706667
vn 0.237620 0.666102 -0.706997
vn 0.270522 0.653432 -0.706997
vn 0.347796 0.611425 -0.710773
vn 0.364891 0.605814 -0.706996
vn 0.394633 0.586874 -0.706996
vn 0.288007 0.649366 -0.703829
vn 0.286862 0.646786 -0.706667
vn 0.302752 0.639138 -0.706996
vn 0.334238 0.623250 -0.706996
vn 0.423395 0.566473 -0.706997
vn 0.451108 0.544662 -0.706997
vn 0.406947 0.573756 -0.710773
vn 0.349837 0.615009 -0.706667
vn 0.349835 0.615010 -0.706667
vn 0.351233 0.617464 -0.703828
vn 0.364893 0.605813 -0.706997
vn 0.394634 0.586873 -0.706997
vn 0.409333 0.577120 -0.706667
vn 0.477694 0.521502 -0.706996
vn 0.503096 0.497042 -0.706996
vn 0.462051 0.530388 -0.710772
vn 0.409332 0.577122 -0.706667
vn 0.410965 0.579425 -0.703829
vn 0.464761 0.533498 -0.706667
vn 0.423397 0.566471 -0.706998
vn 0.451103 0.544666 -0.706998
vn 0.512566 0.481745 -0.710772
vn 0.527244 0.471348 -0.706997
vn 0.550084 0.444481 -0.706997
vn 0.464761 0.533496 -0.706667
vn 0.466616 0.535625 -0.703829
vn 0.477693 0.521503 -0.706996
vn 0.503097 0.497041 -0.706996
vn 0.571558 0.416506 -0.706997
vn 0.591606 0.387502 -0.706997
vn 0.557984 0.428316 -0.710773
vn 0.515571 0.484569 -0.706668
vn 0.517630 0.486503 -0.703828
vn 0.527249 0.471342 -0.706997
vn 0.550084 0.444481 -0.706997
vn 0.561256 0.430828 -0.706668
vn 0.515572 0.484569 -0.706667
vn 0.610187 0.357528 -0.706998
vn 0.627251 0.326666 -0.706997
vn 0.597858 0.370630 -0.710773
vn 0.563495 0.432549 -0.703829
vn 0.571554 0.416511 -0.706997
vn 0.591609 0.387497 -0.706997
vn 0.561256 0.430830 -0.706667
vn 0.642751 0.295002 -0.706997
vn 0.656660 0.262589 -0.706997
vn 0.631791 0.309263 -0.710772
vn 0.601365 0.372803 -0.706667
vn 0.610187 0.357529 -0.706997
vn 0.627248 0.326673 -0.706997
vn 0.601365 0.372803 -0.706667
vn 0.603764 0.374291 -0.703829
vn 0.635495 0.311076 -0.706667
vn 0.659444 0.244818 -0.710773
vn 0.680542 0.177942 -0.710773
vn 0.668931 0.229535 -0.706997
vn 0.679541 0.195906 -0.706997
vn 0.642755 0.294994 -0.706997
vn 0.656660 0.262589 -0.706997
vn 0.638031 0.312317 -0.703828
vn 0.635495 0.311076 -0.706667
vn 0.684534 0.178985 -0.706667
vn 0.684534 0.178986 -0.706666
vn 0.665956 0.247237 -0.703830
vn 0.663311 0.246253 -0.706666
vn 0.668930 0.229538 -0.706997
vn 0.679540 0.195908 -0.706997
vn 0.663310 0.246254 -0.706667
vn 0.687266 0.179699 -0.703828
vn 0.688461 0.161790 -0.706998
vn 0.688463 0.161791 -0.706996
vn 0.701149 0.092436 -0.706998
vn 0.704885 0.057371 -0.706998
vn 0.694877 0.109299 -0.710774
vn 0.706869 0.022167 -0.706997
vn 0.707095 -0.013097 -0.706997
vn 0.702308 0.039568 -0.710773
vn 0.698953 0.109943 -0.706667
vn 0.701149 0.092433 -0.706998
vn 0.704885 0.057372 -0.706998
vn 0.698954 0.109940 -0.706666
vn 0.701742 0.110381 -0.703828
vn 0.705564 -0.048327 -0.706996
vn 0.702278 -0.083436 -0.706996
vn 0.702758 -0.030555 -0.710773
vn 0.706870 0.022171 -0.706996
vn 0.707096 -0.013100 -0.706996
vn 0.706427 0.039801 -0.706666
vn 0.709244 0.039957 -0.703829
vn 0.706428 0.039799 -0.706666
vn 0.697246 -0.118336 -0.706997
vn 0.690480 -0.152946 -0.706997
vn 0.696223 -0.100377 -0.710772
vn 0.705564 -0.048327 -0.706996
vn 0.702278 -0.083439 -0.706996
vn 0.706878 -0.030734 -0.706667
vn 0.709699 -0.030859 -0.703829
vn 0.706879 -0.030737 -0.706666
vn 0.681999 -0.187169 -0.706997
vn 0.671820 -0.220934 -0.706997
vn 0.682769 -0.169199 -0.710773
vn 0.697244 -0.118340 -0.706998
vn 0.690480 -0.152943 -0.706998
vn 0.700306 -0.100965 -0.706667
vn 0.703100 -0.101367 -0.703829
vn 0.700305 -0.100964 -0.706667
vn 0.659972 -0.254151 -0.706997
vn 0.646484 -0.286731 -0.706997
vn 0.662529 -0.236340 -0.710773
vn 0.682000 -0.187169 -0.706996
vn 0.671820 -0.220940 -0.706996
vn 0.686773 -0.170191 -0.706667
vn 0.689512 -0.170871 -0.703829
vn 0.686773 -0.170192 -0.706667
vn 0.631390 -0.318595 -0.706996
vn 0.614725 -0.349670 -0.706996
vn 0.635707 -0.301132 -0.710772
vn 0.666415 -0.237725 -0.706667
vn 0.659973 -0.254146 -0.706997
vn 0.646485 -0.286727 -0.706997
vn 0.666415 -0.237726 -0.706667
vn 0.669073 -0.238674 -0.703829
vn 0.596527 -0.379885 -0.706996
vn 0.576856 -0.409138 -0.706996
vn 0.602563 -0.362932 -0.710773
vn 0.606097 -0.365060 -0.706667
vn 0.631390 -0.318594 -0.706997
vn 0.614721 -0.349675 -0.706997
vn 0.639434 -0.302897 -0.706667
vn 0.641985 -0.304105 -0.703829
vn 0.639434 -0.302897 -0.706667
vn 0.555739 -0.437390 -0.706997
vn 0.533249 -0.464545 -0.706997
vn 0.563432 -0.421125 -0.710773
vn 0.596529 -0.379879 -0.706997
vn 0.576851 -0.409142 -0.706997
vn 0.606097 -0.365060 -0.706667
vn 0.608514 -0.366517 -0.703829
vn 0.509432 -0.490543 -0.706998
vn 0.484337 -0.515336 -0.706998
vn 0.518702 -0.475132 -0.710773
vn 0.566736 -0.423594 -0.706667
vn 0.568997 -0.425284 -0.703829
vn 0.555741 -0.437387 -0.706997
vn 0.533247 -0.464545 -0.706997
vn 0.566736 -0.423595 -0.706667
vn 0.458058 -0.538831 -0.706996
vn 0.430628 -0.560995 -0.706996
vn 0.468818 -0.524416 -0.710772
vn 0.521744 -0.477919 -0.706666
vn 0.471567 -0.527491 -0.706666
vn 0.509432 -0.490545 -0.706997
vn 0.484341 -0.515334 -0.706997
vn 0.521744 -0.477918 -0.706667
vn 0.523825 -0.479824 -0.703829
vn 0.414272 -0.568490 -0.710773
vn 0.402131 -0.581761 -0.706997
vn 0.372629 -0.601084 -0.706997
vn 0.458055 -0.538832 -0.706998
vn 0.430632 -0.560990 -0.706998
vn 0.473448 -0.529595 -0.703830
vn 0.471567 -0.527491 -0.706666
vn 0.355612 -0.606912 -0.710772
vn 0.342206 -0.618912 -0.706996
vn 0.310932 -0.635199 -0.706996
vn 0.416702 -0.571824 -0.706666
vn 0.402127 -0.581764 -0.706997
vn 0.372628 -0.601085 -0.706997
vn 0.418364 -0.574105 -0.703829
vn 0.416702 -0.571823 -0.706667
vn 0.278881 -0.649908 -0.706997
vn 0.246139 -0.663001 -0.706997
vn 0.293413 -0.639305 -0.710773
vn 0.359121 -0.612909 -0.703829
vn 0.295133 -0.643053 -0.706668
vn 0.342209 -0.618910 -0.706996
vn 0.310932 -0.635199 -0.706996
vn 0.357694 -0.610473 -0.706667
vn 0.357697 -0.610470 -0.706668
vn 0.212786 -0.674446 -0.706997
vn 0.178905 -0.684214 -0.706997
vn 0.228303 -0.665342 -0.710773
vn 0.296315 -0.645619 -0.703828
vn 0.278878 -0.649909 -0.706997
vn 0.246143 -0.663000 -0.706997
vn 0.295137 -0.643052 -0.706667
vn 0.144575 -0.692281 -0.706997
vn 0.109886 -0.698627 -0.706997
vn 0.160921 -0.684767 -0.710773
vn 0.230555 -0.671915 -0.703828
vn 0.229641 -0.669243 -0.706668
vn 0.229639 -0.669245 -0.706667
vn 0.212779 -0.674448 -0.706997
vn 0.178908 -0.684213 -0.706997
vn 0.074929 -0.703236 -0.706997
vn 0.039782 -0.706096 -0.706997
vn 0.091939 -0.697387 -0.710773
vn 0.161865 -0.688782 -0.706667
vn 0.161866 -0.688782 -0.706668
vn 0.162512 -0.691531 -0.703828
vn 0.144572 -0.692282 -0.706997
vn 0.109893 -0.698626 -0.706997
vn 0.004535 -0.707202 -0.706997
vn -0.030721 -0.706549 -0.706997
vn 0.022048 -0.703076 -0.710773
vn 0.092849 -0.704276 -0.703828
vn 0.092479 -0.701477 -0.706666
vn 0.022177 -0.707199 -0.706666
vn 0.074928 -0.703237 -0.706996
vn 0.039778 -0.706098 -0.706997
vn 0.092480 -0.701476 -0.706667
vn -0.048068 -0.701777 -0.710773
vn -0.065903 -0.704139 -0.706997
vn -0.100917 -0.699979 -0.706997
vn 0.022265 -0.710020 -0.703829
vn 0.004539 -0.707202 -0.706997
vn -0.030726 -0.706549 -0.706997
vn 0.022176 -0.707199 -0.706667
vn -0.048350 -0.705893 -0.706667
vn -0.135686 -0.694079 -0.706996
vn -0.170110 -0.686454 -0.706996
vn -0.117702 -0.693504 -0.710773
vn -0.065901 -0.704139 -0.706997
vn -0.100912 -0.699980 -0.706997
vn -0.048351 -0.705892 -0.706667
vn -0.048544 -0.708709 -0.703829
vn -0.204116 -0.677121 -0.706996
vn -0.237614 -0.666105 -0.706996
vn -0.186167 -0.678340 -0.710772
vn -0.118392 -0.697571 -0.706667
vn -0.118392 -0.697571 -0.706667
vn -0.118865 -0.700355 -0.703828
vn -0.135685 -0.694079 -0.706996
vn -0.170117 -0.686452 -0.706996
vn -0.187259 -0.682316 -0.706667
vn -0.252785 -0.656431 -0.710773
vn -0.270522 -0.653431 -0.706997
vn -0.302757 -0.639135 -0.706997
vn -0.187259 -0.682316 -0.706667
vn -0.188006 -0.685039 -0.703829
vn -0.204115 -0.677120 -0.706997
vn -0.237609 -0.666105 -0.706997
vn -0.254268 -0.660280 -0.706667
vn -0.316885 -0.628002 -0.710773
vn -0.334239 -0.623250 -0.706996
vn -0.364891 -0.605814 -0.706996
vn -0.254267 -0.660281 -0.706667
vn -0.255282 -0.662916 -0.703828
vn -0.270520 -0.653434 -0.706996
vn -0.302767 -0.639132 -0.706995
vn -0.377843 -0.593327 -0.710772
vn -0.394634 -0.586872 -0.706997
vn -0.423397 -0.566472 -0.706997
vn -0.318747 -0.631682 -0.706667
vn -0.318742 -0.631683 -0.706668
vn -0.320018 -0.634203 -0.703829
vn -0.334236 -0.623252 -0.706996
vn -0.364893 -0.605813 -0.706996
vn -0.435039 -0.552760 -0.710772
vn -0.451106 -0.544665 -0.706996
vn -0.477693 -0.521503 -0.706996
vn -0.380059 -0.596806 -0.706667
vn -0.394630 -0.586875 -0.706997
vn -0.423397 -0.566472 -0.706997
vn -0.381572 -0.599189 -0.703829
vn -0.380054 -0.596807 -0.706669
vn -0.487916 -0.506696 -0.710773
vn -0.503095 -0.497042 -0.706997
vn -0.527244 -0.471348 -0.706997
vn -0.439337 -0.558219 -0.703829
vn -0.437589 -0.556001 -0.706667
vn -0.437591 -0.556000 -0.706667
vn -0.451105 -0.544665 -0.706997
vn -0.477698 -0.521499 -0.706997
vn -0.535942 -0.455596 -0.710774
vn -0.550085 -0.444478 -0.706998
vn -0.571557 -0.416505 -0.706998
vn -0.490776 -0.509666 -0.706668
vn -0.492735 -0.511700 -0.703829
vn -0.490777 -0.509666 -0.706667
vn -0.503095 -0.497042 -0.706997
vn -0.527240 -0.471352 -0.706997
vn -0.591606 -0.387502 -0.706997
vn -0.610188 -0.357527 -0.706997
vn -0.578640 -0.399971 -0.710773
vn -0.539082 -0.458270 -0.706668
vn -0.550084 -0.444481 -0.706996
vn -0.571560 -0.416504 -0.706996
vn -0.539086 -0.458268 -0.706666
vn -0.541234 -0.460100 -0.703828
vn -0.627248 -0.326672 -0.706997
vn -0.642754 -0.294996 -0.706997
vn -0.615590 -0.340370 -0.710773
vn -0.582034 -0.402317 -0.706666
vn -0.582034 -0.402317 -0.706666
vn -0.591608 -0.387498 -0.706997
vn -0.584356 -0.403922 -0.703829
vn -0.610188 -0.357526 -0.706997
vn -0.646421 -0.277384 -0.710773
vn -0.656658 -0.262593 -0.706997
vn -0.668932 -0.229532 -0.706997
vn -0.621671 -0.343729 -0.703830
vn -0.619199 -0.342365 -0.706667
vn -0.619201 -0.342364 -0.706666
vn -0.627248 -0.326676 -0.706996
vn -0.642755 -0.294996 -0.706996
vn -0.679542 -0.195905 -0.706997
vn -0.688462 -0.161791 -0.706997
vn -0.670827 -0.211645 -0.710773
vn -0.650211 -0.279011 -0.706667
vn -0.650211 -0.279011 -0.706667
vn -0.652806 -0.280125 -0.703828
vn -0.656659 -0.262594 -0.706996
vn -0.668933 -0.229532 -0.706996
vn -0.688566 -0.143799 -0.710773
vn -0.695670 -0.127271 -0.706997
vn -0.701150 -0.092437 -0.706997
vn -0.677452 -0.213737 -0.703829
vn -0.674761 -0.212886 -0.706667
vn -0.679541 -0.195904 -0.706998
vn -0.688461 -0.161790 -0.706998
vn -0.674760 -0.212887 -0.706667
vn -0.699462 -0.074525 -0.710773
vn -0.704885 -0.057375 -0.706998
vn -0.706868 -0.022163 -0.706998
vn -0.703564 -0.074962 -0.706667
vn -0.695368 -0.145218 -0.703829
vn -0.692605 -0.144641 -0.706667
vn -0.692604 -0.144642 -0.706667
vn -0.695670 -0.127270 -0.706997
vn -0.701149 -0.092439 -0.706997
vn -0.703407 -0.004513 -0.710773
vn -0.707096 0.013097 -0.706996
vn -0.705564 0.048323 -0.706996
vn -0.706372 -0.075262 -0.703829
vn -0.703564 -0.074963 -0.706667
vn -0.704886 -0.057371 -0.706997
vn -0.706869 -0.022165 -0.706997
vn -0.700360 0.065550 -0.710774
vn -0.702276 0.083436 -0.706998
vn -0.697244 0.118340 -0.706998
vn -0.707532 -0.004538 -0.706667
vn -0.710355 -0.004556 -0.703829
vn -0.707531 -0.004539 -0.706667
vn -0.707096 0.013094 -0.706996
vn -0.705564 0.048333 -0.706996
vn -0.690354 0.134954 -0.710773
vn -0.690480 0.152946 -0.706997
vn -0.681999 0.187171 -0.706997
vn -0.702278 0.083432 -0.706997
vn -0.697246 0.118334 -0.706997
vn -0.704467 0.065931 -0.706667
vn -0.707278 0.066194 -0.703830
vn -0.704468 0.065934 -0.706666
vn -0.673486 0.203022 -0.710773
vn -0.671820 0.220939 -0.706996
vn -0.659975 0.254144 -0.706996
vn -0.690479 0.152950 -0.706997
vn -0.681999 0.187169 -0.706997
vn -0.694403 0.135748 -0.706666
vn -0.677435 0.204212 -0.706667
vn -0.697173 0.136290 -0.703828
vn -0.694403 0.135745 -0.706667
vn -0.649924 0.269071 -0.710773
vn -0.646484 0.286728 -0.706998
vn -0.631387 0.318597 -0.706998
vn -0.671819 0.220938 -0.706997
vn -0.659973 0.254146 -0.706997
vn -0.680139 0.205026 -0.703829
vn -0.677436 0.204211 -0.706667
vn -0.619905 0.332444 -0.710773
vn -0.614721 0.349677 -0.706996
vn -0.596532 0.379875 -0.706996
vn -0.646486 0.286727 -0.706996
vn -0.631388 0.318599 -0.706996
vn -0.623540 0.334394 -0.706667
vn -0.656345 0.271729 -0.703829
vn -0.653736 0.270649 -0.706667
vn -0.653736 0.270649 -0.706667
vn -0.576850 0.409146 -0.706996
vn -0.555743 0.437385 -0.706996
vn -0.583724 0.392514 -0.710773
vn -0.614723 0.349674 -0.706996
vn -0.596528 0.379881 -0.706996
vn -0.626028 0.335730 -0.703828
vn -0.623539 0.334395 -0.706667
vn 0.983674 0.179960 -0.000000
vn 0.983674 0.179960 0.000000
vn 0.991422 0.130700 0.000000
vn 0.991422 0.130700 -0.000000
vn 0.996704 0.081124 0.000000
vn 0.996704 0.081124 -0.000000
vn 0.999508 0.031349 0.000000
vn 0.999508 0.031349 -0.000000
vn 0.999829 -0.018523 0.000000
vn 0.999829 -0.018523 0.000000
vn 0.997663 -0.068334 0.000000
vn 0.997663 -0.068334 0.000000
vn 0.993016 -0.117982 0.000000
vn 0.993016 -0.117982 0.000000
vn 0.985901 -0.167332 0.000000
vn 0.985901 -0.167332 0.000000
vn 0.976336 -0.216260 0.000000
vn 0.976336 -0.216260 0.000000
vn 0.964343 -0.264656 0.000000
vn 0.964343 -0.264656 0.000000
vn 0.949948 -0.312407 0.000000
vn 0.949948 -0.312407 0.000000
vn 0.933199 -0.359361 0.000000
vn 0.933199 -0.359361 0.000000
vn 0.914126 -0.405430 0.000000
vn 0.914126 -0.405430 0.000000
vn 0.892781 -0.450490 0.000000
vn 0.892781 -0.450490 0.000000
vn 0.869212 -0.494439 0.000000
vn 0.869212 -0.494439 0.000000
vn 0.843488 -0.537147 0.000000
vn 0.843488 -0.537147 0.000000
vn 0.815665 -0.578525 0.000000
vn 0.815665 -0.578525 0.000000
vn 0.785814 -0.618463 0.000000
vn 0.785814 -0.618463 0.000000
vn 0.754008 -0.656865 0.000000
vn 0.754008 -0.656865 0.000000
vn 0.720333 -0.693628 0.000000
vn 0.720333 -0.693628 0.000000
vn 0.684855 -0.728680 0.000000
vn 0.684855 -0.728680 0.000000
vn 0.647688 -0.761906 0.000000
vn 0.647688 -0.761906 0.000000
vn 0.608911 -0.793238 0.000000
vn 0.608911 -0.793238 0.000000
vn 0.568605 -0.822611 0.000000
vn 0.568605 -0.822611 0.000000
vn 0.526894 -0.849931 0.000000
vn 0.526894 -0.849931 0.000000
vn 0.483880 -0.875134 0.000000
vn 0.483880 -0.875134 0.000000
vn 0.439655 -0.898167 0.000000
vn 0.439655 -0.898167 0.000000
vn 0.394332 -0.918968 0.000000
vn 0.394332 -0.918968 0.000000
vn 0.348045 -0.937478 0.000000
vn 0.348045 -0.937478 0.000000
vn 0.300868 -0.953666 0.000000
vn 0.300868 -0.953666 0.000000
vn 0.252975 -0.967473 0.000000
vn 0.252975 -0.967473 0.000000
vn 0.204424 -0.978882 0.000000
vn 0.204424 -0.978882 0.000000
vn 0.155388 -0.987854 0.000000
vn 0.155388 -0.987854 0.000000
vn 0.105947 -0.994372 0.000000
vn 0.105947 -0.994372 0.000000
vn 0.056246 -0.998417 0.000000
vn 0.056246 -0.998417 0.000000
vn 0.006417 -0.999979 0.000000
vn 0.006417 -0.999979 0.000000
vn -0.043447 -0.999056 0.000000
vn -0.043447 -0.999056 0.000000
vn -0.093184 -0.995649 0.000000
vn -0.093184 -0.995649 0.000000
vn -0.142689 -0.989768 0.000000
vn -0.142689 -0.989768 0.000000
vn -0.191858 -0.981423 0.000000
vn -0.191858 -0.981423 0.000000
vn -0.240544 -0.970638 0.000000
vn -0.240544 -0.970638 0.000000
vn -0.288618 -0.957444 0.000000
vn -0.288618 -0.957444 0.000000
vn -0.335978 -0.941870 0.000000
vn -0.335978 -0.941870 0.000000
vn -0.382512 -0.923950 0.000000
vn -0.382512 -0.923950 0.000000
vn -0.428110 -0.903727 0.000000
vn -0.428110 -0.903727 0.000000
vn -0.472607 -0.881273 0.000000
vn -0.472607 -0.881273 0.000000
vn -0.515956 -0.856615 0.000000
vn -0.515956 -0.856615 0.000000
vn -0.558005 -0.829838 0.000000
vn -0.558005 -0.829838 0.000000
vn -0.598680 -0.800988 0.000000
vn -0.598680 -0.800988 0.000000
vn -0.637860 -0.770152 0.000000
vn -0.637860 -0.770152 0.000000
vn -0.675461 -0.737395 0.000000
vn -0.675461 -0.737395 0.000000
vn -0.711374 -0.702814 0.000000
vn -0.711374 -0.702814 0.000000
vn -0.745515 -0.666489 0.000000
vn -0.745515 -0.666489 0.000000
vn -0.777815 -0.628493 0.000000
vn -0.777815 -0.628493 0.000000
vn -0.808181 -0.588934 0.000000
vn -0.808181 -0.588934 0.000000
vn -0.836530 -0.547921 0.000000
vn -0.836530 -0.547921 0.000000
vn -0.862803 -0.505540 0.000000
vn -0.886923 -0.461917 -0.000000
vn -0.862803 -0.505540 0.000000
vn -0.886923 -0.461917 0.000000
vn -0.908851 -0.417122 0.000000
vn -0.928511 -0.371305 -0.000000
vn -0.908851 -0.417122 0.000000
vn -0.945866 -0.324556 -0.000000
vn -0.928511 -0.371305 0.000000
vn -0.960868 -0.277008 -0.000000
vn -0.945866 -0.324556 0.000000
vn -0.960868 -0.277008 0.000000
vn -0.973480 -0.228771 0.000000
vn -0.973480 -0.228771 0.000000
vn -0.983674 -0.179959 0.000000
vn -0.983674 -0.179959 0.000000
vn -0.991421 -0.130709 -0.000000
vn -0.991421 -0.130709 0.000000
vn -0.996704 -0.081123 0.000000
vn -0.996704 -0.081123 0.000000
vn -0.999509 -0.031341 0.000000
vn -0.999509 -0.031341 0.000000
vn -0.999829 0.018515 0.000000
vn -0.999829 0.018515 0.000000
vn -0.997662 0.068342 0.000000
vn -0.997662 0.068342 0.000000
vn -0.993017 0.117972 0.000000
vn -0.993017 0.117972 0.000000
vn -0.985902 0.167323 0.000000
vn -0.985902 0.167323 0.000000
vn -0.976334 0.216270 0.000000
vn -0.976334 0.216270 0.000000
vn -0.964343 0.264656 0.000000
vn -0.964343 0.264656 0.000000
vn -0.949949 0.312404 0.000000
vn -0.949949 0.312404 0.000000
vn -0.933199 0.359361 0.000000
vn -0.933199 0.359361 0.000000
vn -0.914126 0.405430 0.000000
vn -0.914126 0.405430 0.000000
vn -0.892779 0.450496 0.000000
vn -0.892779 0.450496 0.000000
vn -0.869214 0.494437 0.000000
vn -0.869214 0.494437 0.000000
vn -0.843487 0.537150 0.000000
vn -0.843487 0.537150 0.000000
vn -0.815672 0.578515 0.000000
vn -0.815672 0.578515 0.000000
vn -0.785807 0.618472 0.000000
vn -0.785807 0.618472 0.000000
vn -0.754013 0.656859 0.000000
vn -0.754013 0.656859 0.000000
vn -0.720331 0.693630 0.000000
vn -0.720331 0.693630 0.000000
vn -0.684860 0.728675 0.000000
vn -0.647687 0.761907 0.000000
vn -0.684860 0.728675 0.000000
vn -0.647687 0.761907 0.000000
vn -0.608900 0.793247 0.000000
vn -0.568610 0.822607 0.000000
vn -0.608900 0.793247 0.000000
vn -0.568610 0.822607 0.000000
vn -0.526904 0.849925 0.000000
vn -0.526904 0.849925 0.000000
vn -0.483869 0.875140 0.000000
vn -0.483869 0.875140 0.000000
vn -0.439659 0.898165 0.000000
vn -0.439659 0.898165 0.000000
vn -0.394336 0.918966 0.000000
vn -0.394336 0.918966 0.000000
vn -0.348032 0.937483 0.000000
vn -0.348032 0.937483 0.000000
vn -0.300885 0.953661 0.000000
vn -0.300885 0.953661 0.000000
vn -0.252969 0.967474 0.000000
vn -0.252969 0.967474 0.000000
vn -0.204429 0.978881 0.000000
vn -0.204429 0.978881 0.000000
vn -0.155379 0.987855 0.000000
vn -0.155379 0.987855 0.000000
vn -0.105943 0.994372 0.000000
vn -0.105943 0.994372 0.000000
vn -0.056259 0.998416 0.000000
vn -0.056259 0.998416 0.000000
vn -0.006409 0.999979 0.000000
vn -0.006409 0.999979 0.000000
vn 0.043437 0.999056 0.000000
vn 0.043437 0.999056 -0.000000
vn 0.093185 0.995649 0.000000
vn 0.142701 0.989766 0.000000
vn 0.093185 0.995649 -0.000000
vn 0.191854 0.981423 0.000000
vn 0.142701 0.989766 0.000000
vn 0.191854 0.981423 0.000000
vn 0.240536 0.970640 0.000000
vn 0.240536 0.970640 -0.000000
vn 0.288618 0.957444 0.000000
vn 0.288618 0.957444 -0.000000
vn 0.335993 0.941864 0.000000
vn 0.335993 0.941864 -0.000000
vn 0.382516 0.923949 0.000000
vn 0.382516 0.923949 -0.000000
vn 0.428089 0.903737 0.000000
vn 0.428089 0.903737 -0.000000
vn 0.472611 0.881271 0.000000
vn 0.472611 0.881271 -0.000000
vn 0.515956 0.856615 0.000000
vn 0.515956 0.856615 -0.000000
vn 0.558010 0.829834 0.000000
vn 0.558010 0.829834 -0.000000
vn 0.598681 0.800987 -0.000000
vn 0.598681 0.800987 0.000000
vn 0.637857 0.770154 -0.000000
vn 0.637857 0.770154 0.000000
vn 0.675454 0.737402 -0.000000
vn 0.675454 0.737402 0.000000
vn 0.711376 0.702812 -0.000000
vn 0.711376 0.702812 0.000000
vn 0.745528 0.666475 -0.000000
vn 0.745528 0.666475 0.000000
vn 0.777815 0.628493 0.000000
vn 0.808174 0.588944 0.000000
vn 0.777815 0.628493 -0.000000
vn 0.808174 0.588944 0.000000
vn 0.836532 0.547919 0.000000
vn 0.836532 0.547919 -0.000000
vn 0.862801 0.505544 0.000000
vn 0.886925 0.461914 0.000000
vn 0.862801 0.505544 -0.000000
vn 0.886925 0.461914 0.000000
vn 0.908851 0.417120 0.000000
vn 0.908851 0.417120 -0.000000
vn 0.928513 0.371299 0.000000
vn 0.928513 0.371299 -0.000000
vn 0.945863 0.324566 0.000000
vn 0.945863 0.324566 -0.000000
vn 0.960866 0.277013 0.000000
vn 0.960866 0.277013 -0.000000
vn 0.973480 0.228771 0.000000
vn 0.973480 0.228771 -0.000000
vn 0.000000 0.000000 -1.000000
vn 0.000000 0.000000 -1.000000
vn 0.000000 0.000000 -1.000000
vn -0.000000 -0.000000 -1.000000
vn 0.000000 0.000000 -1.000000
vn -0.000000 -0.000000 -1.000000
vn -0.000000 -0.000000 -1.000000
vn -0.000000 -0.000000 -1.000000
vn -0.000000 -0.000000 -1.000000
vn 0.000000 0.000000 -1.000000
vn 0.000000 0.000000 -1.000000
vn 0.000000 0.000000 -1.000000
vn 0.000000 0.000000 -1.000000
vn 0.000000 0.000000 -1.000000
vn 0.000000 0.000000 -1.000000
vn -0.000000 -0.000000 -1.000000
vn -0.000000 -0.000000 -1.000000
vn -0.000000 -0.000000 -1.000000
vn -0.000000 -0.000000 -1.000000
vn 0.000000 0.000000 -1.000000
vn -0.000000 -0.000000 -1.000000
vn -0.000000 -0.000000 -1.000000
vn -0.000000 -0.000000 -1.000000
vn -0.000000 -0.000000 -1.000000
vn 0.000000 0.000000 -1.000000
vn 0.000000 0.000000 -1.000000
vn 0.000000 0.000000 -1.000000
vn 0.000000 0.000000 -1.000000
vn 0.000000 0.000000 -1.000000
vn -0.000000 -0.000000 -1.000000
vn -0.000000 0.000000 -1.000000
vn -0.000000 0.000000 -1.000000
vn -0.000000 -0.000000 -1.000000
vn -0.000000 -0.000000 -1.000000
vn -0.000000 -0.000000 -1.000000
vn 0.000000 0.000000 -1.000000
vn 0.000000 0.000000 -1.000000
vn -0.000000 0.000000 -1.000000
vn -0.000000 0.000000 -1.000000
vn 0.000000 0.000000 -1.000000
vn 0.000000 0.000000 -1.000000
vn 0.000000 0.000000 -1.000000
vn 0.000000 0.000000 -1.000000
vn 0.000000 0.000000 -1.000000
vn 0.000000 0.000000 -1.000000
vn -0.000000 0.000000 -1.000000
vn -0.000000 0.000000 -1.000000
vn 0.000000 0.000000 -1.000000
vn 0.000000 0.000000 -1.000000
vn -0.000000 0.000000 -1.000000
vn -0.000000 0.000000 -1.000000
vn 0.000000 0.000000 -1.000000
vn 0.000000 0.000000 -1.000000
vn 0.000000 0.000000 -1.000000
vn -0.000000 0.000000 -1.000000
vn 0.000000 0.000000 -1.000000
vn 0.000000 0.000000 -1.000000
vn -0.000000 0.000000 -1.000000
vn -0.000000 0.000000 -1.000000
vn -0.000000 0.000000 -1.000000
vn -0.000000 0.000000 -1.000000
vn -0.000000 0.000000 -1.000000
vn -0.000000 0.000000 -1.000000
vn -0.000000 0.000000 -1.000000
vn 0.000000 0.000000 -1.000000
vn 0.000000 0.000000 -1.000000
vn 0.000000 0.000000 -1.000000
vn 0.000000 0.000000 -1.000000
vn -0.000000 0.000000 -1.000000
vn 0.000000 0.000000 -1.000000
vn 0.000000 0.000000 -1.000000
vn -0.000000 0.000000 -1.000000
vn 0.000000 0.000000 -1.000000
vn 0.000000 0.000000 -1.000000
vn -0.000000 0.000000 -1.000000
vn -0.000000 0.000000 -1.000000
vn -0.000000 0.000000 -1.000000
vn 0.000000 0.000000 -1.000000
vn -0.000000 0.000000 -1.000000
vn -0.000000 0.000000 -1.000000
vn 0.000000 0.000000 -1.000000
vn 0.000000 0.000000 -1.000000
vn -0.000000 0.000000 -1.000000
vn -0.000000 0.000000 -1.000000
vn -0.000000 0.000000 -1.000000
vn 0.000000 0.000000 -1.000000
vn 0.000000 0.000000 -1.000000
vn -0.000000 0.000000 -1.000000
vn -0.000000 0.000000 -1.000000
vn -0.000000 0.000000 -1.000000
vn -0.000000 0.000000 -1.000000
vn 0.000000 0.000000 -1.000000
vn 0.000000 0.000000 -1.000000
vn -0.000000 0.000000 -1.000000
vn -0.000000 0.000000 -1.000000
vn 0.000000 0.000000 -1.000000
vn 0.000000 0.000000 -1.000000
vn 0.000000 0.000000 -1.000000
vn 0.000000 0.000000 -1.000000
vn 0.000000 0.000000 -1.000000
vn -0.000000 0.000000 -1.000000
vn 0.000000 0.000000 -1.000000
vn 0.000000 0.000000 -1.000000
vn 0.000000 0.000000 -1.000000
vn 0.000000 0.000000 -1.000000
vn 0.000000 0.000000 -1.000000
vn 0.000000 0.000000 -1.000000
vn 0.000000 0.000000 -1.000000
vn 0.000000 0.000000 -1.000000
vn 0.000000 0.000000 -1.000000
vn 0.000000 0.000000 -1.000000
vn -0.000000 0.000000 -1.000000
vn 0.000000 0.000000 -1.000000
vn 0.000000 0.000000 -1.000000
vn 0.000000 0.000000 -1.000000
vn 0.000000 0.000000 -1.000000
vn 0.000000 0.000000 -1.000000
vn 0.000000 0.000000 -1.000000
vn 0.000000 0.000000 -1.000000
vn 0.000000 0.000000 -1.000000
vn 0.000000 0.000000 -1.000000
vn 0.000000 0.000000 -1.000000
vn 0.000000 0.000000 -1.000000
vn 0.000000 0.000000 -1.000000
vn 0.628000 -0.316888 -0.710773
vn 0.639135 -0.302757 -0.706997
vn 0.653432 -0.270522 -0.706997
vn 0.605812 -0.364895 -0.706996
vn 0.623252 -0.334236 -0.706996
vn 0.631683 -0.318746 -0.706667
vn 0.599188 -0.381574 -0.703829
vn 0.596807 -0.380058 -0.706667
vn 0.596807 -0.380057 -0.706667
vn 0.656432 -0.252782 -0.710773
vn 0.666102 -0.237617 -0.706998
vn 0.677120 -0.204112 -0.706998
vn -0.161790 0.688461 -0.706998
vn 0.631683 -0.318743 -0.706668
vn 0.639136 -0.302755 -0.706996
vn 0.653431 -0.270525 -0.706996
vn 0.634205 -0.320016 -0.703828
vn 0.678339 -0.186169 -0.710773
vn 0.686454 -0.170110 -0.706996
vn 0.694079 -0.135687 -0.706996
vn 0.660280 -0.254267 -0.706668
vn 0.666104 -0.237615 -0.706996
vn 0.677121 -0.204116 -0.706996
vn 0.660282 -0.254264 -0.706667
vn 0.682317 -0.187261 -0.706666
vn 0.662916 -0.255282 -0.703828
vn 0.693504 -0.117702 -0.710773
vn 0.699979 -0.100916 -0.706997
vn 0.704139 -0.065903 -0.706997
vn 0.686453 -0.170110 -0.706997
vn 0.694079 -0.135680 -0.706997
vn 0.682317 -0.187262 -0.706666
vn 0.685038 -0.188009 -0.703829
vn 0.697572 -0.118392 -0.706666
vn 0.701777 -0.048068 -0.710773
vn -0.161791 0.688462 -0.706997
vn 0.706549 -0.030721 -0.706997
vn 0.707202 0.004535 -0.706997
vn 0.699979 -0.100924 -0.706997
vn 0.704139 -0.065901 -0.706997
vn 0.697572 -0.118392 -0.706666
vn 0.700353 -0.118864 -0.703830
vn 0.703076 0.022046 -0.710773
vn 0.706097 0.039782 -0.706996
vn 0.703237 0.074929 -0.706996
vn 0.706549 -0.030720 -0.706997
vn 0.707202 0.004532 -0.706997
vn 0.707199 0.022175 -0.706667
vn 0.705894 -0.048348 -0.706666
vn 0.708709 -0.048541 -0.703829
vn 0.705893 -0.048350 -0.706667
vn 0.697388 0.091942 -0.710772
vn 0.698627 0.109886 -0.706997
vn 0.692281 0.144574 -0.706997
vn 0.706096 0.039791 -0.706998
vn 0.703236 0.074921 -0.706998
vn 0.707198 0.022176 -0.706667
vn 0.710021 0.022265 -0.703828
vn 0.701476 0.092481 -0.706667
vn 0.684767 0.160922 -0.710773
vn 0.684214 0.178906 -0.706997
vn 0.674447 0.212785 -0.706997
vn 0.698628 0.109887 -0.706996
vn 0.692281 0.144579 -0.706996
vn 0.704276 0.092849 -0.703828
vn 0.701476 0.092480 -0.706667
vn 0.663002 0.246139 -0.706996
vn 0.649908 0.278883 -0.706996
vn 0.665343 0.228300 -0.710772
vn 0.684215 0.178902 -0.706997
vn 0.674445 0.212791 -0.706997
vn 0.691531 0.162510 -0.703829
vn 0.688783 0.161866 -0.706667
vn 0.688783 0.161864 -0.706667
vn 0.635199 0.310930 -0.706997
vn 0.618911 0.342205 -0.706997
vn 0.639304 0.293417 -0.710772
vn 0.663005 0.246132 -0.706996
vn 0.649908 0.278884 -0.706996
vn 0.671913 0.230557 -0.703830
vn 0.669244 0.229639 -0.706667
vn 0.669244 0.229641 -0.706666
vn 0.643051 0.295137 -0.706668
vn 0.601084 0.372629 -0.706997
vn 0.581761 0.402130 -0.706997
vn 0.606913 0.355610 -0.710773
vn 0.643054 0.295135 -0.706667
vn 0.635202 0.310927 -0.706996
vn 0.618910 0.342209 -0.706996
vn 0.645619 0.296312 -0.703829
vn 0.560995 0.430628 -0.706997
vn 0.538833 0.458055 -0.706997
vn 0.568490 0.414272 -0.710773
vn 0.612908 0.359123 -0.703829
vn 0.571823 0.416702 -0.706667
vn 0.601082 0.372633 -0.706997
vn 0.581764 0.402127 -0.706997
vn 0.610472 0.357696 -0.706667
vn 0.610472 0.357696 -0.706667
vn 0.524417 0.468817 -0.710772
vn 0.515331 0.484345 -0.706996
vn 0.490551 0.509427 -0.706996
vn 0.574105 0.418364 -0.703829
vn 0.560994 0.430628 -0.706997
vn 0.538832 0.458055 -0.706997
vn 0.527492 0.471566 -0.706667
vn 0.571824 0.416702 -0.706666
vn 0.464544 0.533248 -0.706997
vn 0.437385 0.555742 -0.706997
vn 0.475130 0.518703 -0.710773
vn 0.527489 0.471567 -0.706668
vn 0.529595 0.473450 -0.703829
vn 0.515328 0.484347 -0.706997
vn 0.490549 0.509429 -0.706997
vn 0.409142 0.576851 -0.706997
vn 0.379879 0.596529 -0.706997
vn 0.421123 0.563433 -0.710773
vn 0.477917 0.521744 -0.706667
vn 0.479825 0.523826 -0.703829
vn 0.423593 0.566737 -0.706667
vn 0.477917 0.521743 -0.706668
vn 0.464550 0.533245 -0.706996
vn 0.437385 0.555744 -0.706996
vn 0.349675 0.614722 -0.706997
vn 0.318595 0.631389 -0.706997
vn 0.362933 0.602563 -0.710773
vn 0.365061 0.606096 -0.706667
vn 0.423592 0.566737 -0.706667
vn 0.425283 0.568999 -0.703828
vn 0.409146 0.576851 -0.706995
vn 0.379878 0.596532 -0.706995
vn 0.286729 0.646485 -0.706996
vn 0.254151 0.659972 -0.706996
vn 0.301133 0.635705 -0.710772
vn 0.366518 0.608515 -0.703828
vn 0.349667 0.614725 -0.706998
vn 0.318604 0.631384 -0.706998
vn 0.365061 0.606096 -0.706667
vn 0.220931 0.671823 -0.706997
vn 0.187175 0.681998 -0.706996
vn 0.236339 0.662529 -0.710773
vn 0.302899 0.639433 -0.706667
vn 0.302899 0.639432 -0.706667
vn 0.304108 0.641985 -0.703828
vn 0.286727 0.646485 -0.706997
vn 0.254146 0.659974 -0.706997
vn 0.152946 0.690480 -0.706997
vn 0.118336 0.697246 -0.706997
vn 0.169200 0.682769 -0.710773
vn 0.237724 0.666415 -0.706667
vn 0.170192 0.686772 -0.706667
vn 0.238673 0.669074 -0.703829
vn 0.220938 0.671821 -0.706996
vn 0.187170 0.682000 -0.706996
vn 0.237725 0.666414 -0.706667
vn 0.083436 0.702278 -0.706996
vn 0.048323 0.705564 -0.706996
vn 0.100376 0.696224 -0.710772
vn 0.170872 0.689512 -0.703829
vn 0.152943 0.690480 -0.706998
vn 0.118341 0.697244 -0.706998
vn 0.170193 0.686772 -0.706667
vn 0.013102 0.707095 -0.706997
vn -0.022167 0.706869 -0.706997
vn 0.030555 0.702759 -0.710772
vn 0.083438 0.702278 -0.706996
vn 0.048326 0.705564 -0.706996
vn 0.100964 0.700306 -0.706667
vn 0.101366 0.703100 -0.703829
vn 0.100965 0.700305 -0.706667
vn 0.030734 0.706878 -0.706667
vn -0.057370 0.704885 -0.706998
vn -0.092436 0.701149 -0.706998
vn -0.109298 0.694878 -0.710774
vn -0.039569 0.702308 -0.710773
vn 0.013094 0.707095 -0.706997
vn -0.022165 0.706869 -0.706997
vn 0.030737 0.706879 -0.706666
vn 0.030859 0.709699 -0.703829
vn -0.109940 0.698953 -0.706667
vn -0.109939 0.698953 -0.706666
vn -0.057371 0.704886 -0.706997
vn -0.092439 0.701150 -0.706997
vn -0.039960 0.709245 -0.703829
vn -0.110379 0.701742 -0.703829
vn -0.039801 0.706426 -0.706667
vn -0.039801 0.706427 -0.706666
vn -0.127271 0.695670 -0.706998
vn -0.127270 0.695671 -0.706997
vn -0.195905 0.679541 -0.706997
vn -0.229536 0.668930 -0.706997
vn -0.177943 0.680542 -0.710773
vn -0.262589 0.656660 -0.706997
vn -0.294999 0.642752 -0.706997
vn -0.244818 0.659444 -0.710773
vn -0.178984 0.684534 -0.706667
vn -0.195904 0.679541 -0.706997
vn -0.229537 0.668930 -0.706997
vn -0.178986 0.684534 -0.706666
vn -0.179698 0.687265 -0.703829
vn -0.326669 0.627251 -0.706997
vn -0.357527 0.610188 -0.706997
vn -0.309261 0.631791 -0.710773
vn -0.262588 0.656660 -0.706997
vn -0.295001 0.642752 -0.706997
vn -0.246254 0.663311 -0.706666
vn -0.247237 0.665956 -0.703830
vn -0.246255 0.663311 -0.706666
vn -0.387502 0.591606 -0.706997
vn -0.416506 0.571558 -0.706997
vn -0.370631 0.597858 -0.710773
vn -0.326670 0.627249 -0.706998
vn -0.357526 0.610188 -0.706998
vn -0.311075 0.635496 -0.706667
vn -0.312317 0.638030 -0.703830
vn -0.311076 0.635495 -0.706666
vn -0.444481 0.550084 -0.706997
vn -0.471345 0.527247 -0.706997
vn -0.428316 0.557985 -0.710773
vn -0.387499 0.591608 -0.706997
vn -0.416508 0.571556 -0.706997
vn -0.430828 0.561257 -0.706667
vn -0.372804 0.601364 -0.706667
vn -0.374292 0.603763 -0.703829
vn -0.372805 0.601364 -0.706667
vn -0.497043 0.503095 -0.706997
vn -0.521503 0.477693 -0.706997
vn -0.481745 0.512566 -0.710773
vn -0.444481 0.550084 -0.706997
vn -0.471345 0.527247 -0.706997
vn -0.430829 0.561256 -0.706667
vn -0.432548 0.563496 -0.703829
vn -0.544663 0.451108 -0.706997
vn -0.566471 0.423398 -0.706997
vn -0.530387 0.462052 -0.710772
vn -0.484570 0.515571 -0.706667
vn -0.497042 0.503095 -0.706997
vn -0.521501 0.477694 -0.706997
vn -0.484570 0.515571 -0.706667
vn -0.486504 0.517629 -0.703829
vn -0.586876 0.394629 -0.706997
vn -0.605812 0.364894 -0.706997
vn -0.573757 0.406945 -0.710773
vn -0.533495 0.464762 -0.706667
vn -0.544662 0.451109 -0.706997
vn -0.566473 0.423396 -0.706997
vn -0.533497 0.464761 -0.706667
vn -0.535624 0.466617 -0.703829
vn -0.623252 0.334235 -0.706996
vn -0.639135 0.302759 -0.706996
vn -0.611423 0.347797 -0.710774
vn -0.579425 0.410965 -0.703828
vn -0.577122 0.409332 -0.706667
vn -0.586874 0.394632 -0.706997
vn -0.605815 0.364888 -0.706997
vn -0.577122 0.409332 -0.706667
vn -0.653431 0.270522 -0.706998
vn -0.666104 0.237613 -0.706998
vn -0.643016 0.285188 -0.710773
vn -0.617461 0.351234 -0.703829
vn -0.615010 0.349837 -0.706666
vn -0.623249 0.334238 -0.706998
vn -0.639132 0.302761 -0.706998
vn -0.615008 0.349839 -0.706667
vn -0.668215 0.219751 -0.710773
vn -0.677120 0.204118 -0.706997
vn -0.686453 0.170113 -0.706997
vn -0.649368 0.288005 -0.703829
vn -0.646787 0.286860 -0.706666
vn -0.653433 0.270519 -0.706997
vn -0.666106 0.237612 -0.706997
vn -0.646787 0.286860 -0.706666
vn -0.686775 0.152123 -0.710773
vn -0.694078 0.135683 -0.706998
vn -0.699979 0.100915 -0.706997
vn -0.672133 0.221039 -0.706667
vn -0.677120 0.204115 -0.706997
vn -0.686451 0.170117 -0.706997
vn -0.672135 0.221037 -0.706666
vn -0.674816 0.221919 -0.703829
vn -0.690802 0.153015 -0.706667
vn -0.698509 0.082991 -0.710772
vn -0.704140 0.065903 -0.706996
vn -0.706550 0.030721 -0.706996
vn -0.690803 0.153017 -0.706666
vn -0.694079 0.135685 -0.706996
vn -0.699981 0.100911 -0.706996
vn -0.693559 0.153628 -0.703829
vn -0.707202 -0.004535 -0.706997
vn -0.706097 -0.039782 -0.706997
vn -0.703301 0.013025 -0.710772
vn -0.707424 0.013101 -0.706668
vn -0.705408 0.083806 -0.703829
vn -0.704140 0.065908 -0.706996
vn -0.706550 0.030720 -0.706996
vn -0.702603 0.083478 -0.706668
vn -0.702606 0.083474 -0.706666
vn -0.703237 -0.074926 -0.706997
vn -0.698627 -0.109890 -0.706996
vn -0.701104 -0.057062 -0.710772
vn -0.710248 0.013156 -0.703828
vn -0.707425 0.013104 -0.706667
vn -0.707202 -0.004539 -0.706997
vn -0.706097 -0.039778 -0.706997
vn -0.692280 -0.144574 -0.706998
vn -0.684214 -0.178902 -0.706998
vn -0.691937 -0.126592 -0.710773
vn -0.708029 -0.057628 -0.703828
vn -0.705214 -0.057397 -0.706668
vn -0.705214 -0.057399 -0.706667
vn -0.703236 -0.074928 -0.706997
vn -0.698627 -0.109893 -0.706997
vn -0.674446 -0.212787 -0.706997
vn -0.663002 -0.246137 -0.706997
vn -0.675895 -0.194852 -0.710774
vn -0.695995 -0.127335 -0.706666
vn -0.695994 -0.127330 -0.706668
vn -0.698771 -0.127838 -0.703829
vn -0.692282 -0.144573 -0.706997
vn -0.684215 -0.178900 -0.706997
vn -0.649907 -0.278886 -0.706996
vn -0.635200 -0.310930 -0.706996
vn -0.653135 -0.261182 -0.710773
vn -0.679860 -0.195995 -0.706666
vn -0.679860 -0.195995 -0.706666
vn -0.656966 -0.262715 -0.706666
vn -0.682571 -0.196777 -0.703829
vn -0.674446 -0.212785 -0.706997
vn -0.663001 -0.246140 -0.706997
vn -0.618912 -0.342203 -0.706997
vn -0.601082 -0.372633 -0.706997
vn -0.623884 -0.324917 -0.710773
vn -0.659585 -0.263765 -0.703829
vn -0.627542 -0.326822 -0.706667
vn -0.649908 -0.278883 -0.706997
vn -0.635198 -0.310934 -0.706997
vn -0.656964 -0.262717 -0.706667
vn -0.588434 -0.385420 -0.710772
vn -0.581763 -0.402130 -0.706996
vn -0.560997 -0.430627 -0.706996
vn -0.630046 -0.328127 -0.703829
vn -0.618911 -0.342206 -0.706997
vn -0.601086 -0.372627 -0.706997
vn -0.627541 -0.326823 -0.706667
vn -0.591883 -0.387680 -0.706667
vn -0.538833 -0.458056 -0.706996
vn -0.515333 -0.484343 -0.706996
vn -0.547133 -0.442095 -0.710772
vn -0.591883 -0.387680 -0.706667
vn -0.581761 -0.402131 -0.706997
vn -0.560994 -0.430629 -0.706997
vn -0.594246 -0.389227 -0.703828
vn -0.500396 -0.494374 -0.710773
vn -0.490547 -0.509430 -0.706997
vn -0.464544 -0.533249 -0.706997
vn -0.550341 -0.444686 -0.706667
vn -0.503330 -0.497274 -0.706667
vn -0.538834 -0.458053 -0.706997
vn -0.515334 -0.484341 -0.706997
vn -0.550341 -0.444687 -0.706667
vn -0.552537 -0.446460 -0.703829
vn -0.448686 -0.541741 -0.710772
vn -0.437388 -0.555741 -0.706996
vn -0.409144 -0.576851 -0.706996
vn -0.505338 -0.499258 -0.703828
vn -0.503330 -0.497274 -0.706667
vn -0.490546 -0.509432 -0.706997
vn -0.464541 -0.533252 -0.706997
vn -0.392515 -0.583724 -0.710773
vn -0.379879 -0.596529 -0.706997
vn -0.349671 -0.614724 -0.706997
vn -0.451316 -0.544919 -0.706667
vn -0.453116 -0.547092 -0.703829
vn -0.451317 -0.544917 -0.706668
vn -0.437391 -0.555738 -0.706996
vn -0.409139 -0.576855 -0.706996
vn -0.332447 -0.619905 -0.710772
vn -0.318597 -0.631389 -0.706996
vn -0.286733 -0.646483 -0.706996
vn -0.394817 -0.587147 -0.706667
vn -0.394818 -0.587145 -0.706668
vn -0.396394 -0.589488 -0.703829
vn -0.379882 -0.596527 -0.706997
vn -0.349675 -0.614721 -0.706997
vn -0.269070 -0.649925 -0.710773
vn -0.254146 -0.659973 -0.706997
vn -0.220933 -0.671821 -0.706997
vn -0.334394 -0.623540 -0.706667
vn -0.334396 -0.623539 -0.706667
vn -0.335729 -0.626028 -0.703829
vn -0.318594 -0.631390 -0.706997
vn -0.286727 -0.646485 -0.706997
vn -0.203021 -0.673487 -0.710773
vn -0.187174 -0.681998 -0.706997
vn -0.152944 -0.690480 -0.706997
vn -0.270650 -0.653735 -0.706667
vn -0.271729 -0.656344 -0.703830
vn -0.270648 -0.653737 -0.706667
vn -0.254148 -0.659972 -0.706998
vn -0.220940 -0.671818 -0.706998
vn -0.134956 -0.690354 -0.710773
vn -0.118338 -0.697245 -0.706997
vn -0.083436 -0.702277 -0.706997
vn -0.204212 -0.677436 -0.706667
vn -0.187169 -0.681999 -0.706997
vn -0.152946 -0.690480 -0.706997
vn -0.204211 -0.677437 -0.706666
vn -0.205027 -0.680139 -0.703829
vn -0.048325 -0.705564 -0.706997
vn -0.013097 -0.707095 -0.706997
vn -0.065548 -0.700361 -0.710773
vn -0.135747 -0.694403 -0.706667
vn -0.135746 -0.694403 -0.706666
vn -0.118337 -0.697246 -0.706997
vn -0.136288 -0.697173 -0.703829
vn -0.083432 -0.702278 -0.706997
vn 0.004512 -0.703407 -0.710773
vn 0.022165 -0.706869 -0.706997
vn 0.057371 -0.704885 -0.706997
vn -0.065932 -0.704468 -0.706667
vn -0.066194 -0.707278 -0.703829
vn -0.048333 -0.705564 -0.706996
vn -0.013090 -0.707097 -0.706996
vn -0.065931 -0.704468 -0.706667
vn 0.092440 -0.701149 -0.706997
vn 0.127270 -0.695671 -0.706997
vn 0.074525 -0.699462 -0.710773
vn 0.004538 -0.707532 -0.706667
vn 0.004556 -0.710355 -0.703829
vn 0.004538 -0.707532 -0.706667
vn 0.022164 -0.706869 -0.706997
vn 0.057369 -0.704886 -0.706997
vn 0.161789 -0.688462 -0.706997
vn 0.195903 -0.679542 -0.706997
vn 0.143800 -0.688566 -0.710773
vn 0.074963 -0.703564 -0.706667
vn 0.074961 -0.703564 -0.706667
vn 0.075261 -0.706372 -0.703828
vn 0.092442 -0.701148 -0.706998
vn 0.127271 -0.695670 -0.706998
vn 0.229535 -0.668931 -0.706997
vn 0.262593 -0.656658 -0.706997
vn 0.211643 -0.670827 -0.710773
vn 0.212885 -0.674761 -0.706666
vn 0.145220 -0.695367 -0.703830
vn 0.144643 -0.692604 -0.706667
vn 0.144643 -0.692605 -0.706666
vn 0.161790 -0.688460 -0.706998
vn 0.195899 -0.679542 -0.706998
vn 0.277385 -0.646421 -0.710773
vn 0.294998 -0.642753 -0.706997
vn 0.326668 -0.627250 -0.706997
vn 0.212886 -0.674760 -0.706667
vn 0.213735 -0.677453 -0.703829
vn 0.229535 -0.668932 -0.706997
vn 0.262596 -0.656658 -0.706997
vn 0.340369 -0.615589 -0.710773
vn 0.357531 -0.610186 -0.706997
vn 0.387498 -0.591608 -0.706997
vn 0.342366 -0.619200 -0.706666
vn 0.279012 -0.650211 -0.706666
vn 0.280123 -0.652805 -0.703829
vn 0.279010 -0.650211 -0.706667
vn 0.294993 -0.642755 -0.706997
vn 0.326673 -0.627248 -0.706997
vn 0.399971 -0.578640 -0.710773
vn 0.416509 -0.571555 -0.706997
vn 0.444481 -0.550084 -0.706997
vn 0.357527 -0.610189 -0.706997
vn 0.387501 -0.591607 -0.706997
vn 0.343733 -0.621669 -0.703829
vn 0.342367 -0.619199 -0.706667
vn 0.455596 -0.535944 -0.710772
vn 0.471347 -0.527247 -0.706996
vn 0.497040 -0.503099 -0.706996
vn 0.416506 -0.571557 -0.706997
vn 0.444477 -0.550086 -0.706997
vn 0.402315 -0.582035 -0.706667
vn 0.403920 -0.584357 -0.703829
vn 0.402317 -0.582034 -0.706666
vn 0.506697 -0.487914 -0.710773
vn 0.521500 -0.477695 -0.706997
vn 0.544666 -0.451103 -0.706997
vn 0.471350 -0.527242 -0.706997
vn 0.497039 -0.503098 -0.706997
vn 0.460099 -0.541234 -0.703829
vn 0.458266 -0.539085 -0.706668
vn 0.509667 -0.490774 -0.706668
vn 0.458271 -0.539083 -0.706666
vn 0.566473 -0.423396 -0.706997
vn 0.552760 -0.435039 -0.710772
vn 0.586870 -0.394637 -0.706997
vn 0.521500 -0.477696 -0.706996
vn 0.544667 -0.451104 -0.706996
vn 0.509666 -0.490777 -0.706667
vn 0.511700 -0.492735 -0.703828
vn 0.605818 -0.364885 -0.706996
vn 0.623249 -0.334241 -0.706996
vn 0.593327 -0.377842 -0.710774
vn 0.566475 -0.423392 -0.706998
vn 0.586869 -0.394637 -0.706998
vn 0.556001 -0.437590 -0.706667
vn 0.556000 -0.437591 -0.706667
vn 0.558219 -0.439337 -0.703829
vn -0.228771 0.973480 0.000000
vn -0.228771 0.973480 0.000000
vn -0.277008 0.960868 0.000000
vn -0.277008 0.960868 0.000000
vn -0.324565 0.945864 0.000000
vn -0.324565 0.945864 0.000000
vn -0.371298 0.928514 0.000000
vn -0.371298 0.928514 0.000000
vn -0.417129 0.908847 0.000000
vn -0.417129 0.908847 0.000000
vn -0.461910 0.886927 0.000000
vn -0.461910 0.886927 0.000000
vn -0.505540 0.862803 0.000000
vn -0.505540 0.862803 0.000000
vn -0.547921 0.836530 0.000000
vn -0.547921 0.836530 0.000000
vn -0.588939 0.808177 0.000000
vn -0.588939 0.808177 0.000000
vn -0.628493 0.777815 0.000000
vn -0.628493 0.777815 0.000000
vn -0.666479 0.745524 0.000000
vn -0.666479 0.745524 0.000000
vn -0.702814 0.711374 0.000000
vn -0.702814 0.711374 0.000000
vn -0.737400 0.675457 0.000000
vn -0.737400 0.675457 0.000000
vn -0.770148 0.637866 0.000000
vn -0.770148 0.637866 0.000000
vn -0.800989 0.598679 0.000000
vn -0.800989 0.598679 0.000000
vn -0.829836 0.558007 0.000000
vn -0.829836 0.558007 0.000000
vn -0.856619 0.515950 0.000000
vn -0.856619 0.515950 0.000000
vn -0.881271 0.472611 0.000000
vn -0.881271 0.472611 0.000000
vn -0.903730 0.428103 0.000000
vn -0.903730 0.428103 0.000000
vn -0.923950 0.382512 0.000000
vn -0.923950 0.382512 0.000000
vn -0.941869 0.335981 0.000000
vn -0.941869 0.335981 0.000000
vn -0.957444 0.288618 0.000000
vn -0.957444 0.288618 0.000000
vn -0.970638 0.240544 0.000000
vn -0.970638 0.240544 0.000000
vn -0.981423 0.191858 0.000000
vn -0.981423 0.191858 0.000000
vn -0.989768 0.142688 0.000000
vn -0.989768 0.142688 0.000000
vn -0.995648 0.093194 0.000000
vn -0.995648 0.093194 0.000000
vn -0.999056 0.043437 0.000000
vn -0.999056 0.043437 0.000000
vn -0.999979 -0.006418 0.000000
vn -0.999979 -0.006418 0.000000
vn -0.998417 -0.056245 0.000000
vn -0.998417 -0.056245 0.000000
vn -0.994372 -0.105947 0.000000
vn -0.994372 -0.105947 0.000000
vn -0.987854 -0.155388 0.000000
vn -0.987854 -0.155388 0.000000
vn -0.978882 -0.204425 0.000000
vn -0.978882 -0.204425 0.000000
vn -0.967476 -0.252963 0.000000
vn -0.967476 -0.252963 0.000000
vn -0.953663 -0.300876 0.000000
vn -0.953663 -0.300876 0.000000
vn -0.937480 -0.348040 0.000000
vn -0.937480 -0.348040 0.000000
vn -0.918966 -0.394338 0.000000
vn -0.918966 -0.394338 0.000000
vn -0.898165 -0.439659 0.000000
vn -0.898165 -0.439659 0.000000
vn -0.875136 -0.483877 0.000000
vn -0.875136 -0.483877 0.000000
vn -0.849932 -0.526892 0.000000
vn -0.849932 -0.526892 0.000000
vn -0.822607 -0.568611 0.000000
vn -0.822607 -0.568611 0.000000
vn -0.793242 -0.608907 0.000000
vn -0.793242 -0.608907 0.000000
vn -0.761909 -0.647685 0.000000
vn -0.761909 -0.647685 0.000000
vn -0.728679 -0.684855 0.000000
vn -0.728679 -0.684855 0.000000
vn -0.693628 -0.720333 0.000000
vn -0.693628 -0.720333 0.000000
vn -0.656857 -0.754015 0.000000
vn -0.656857 -0.754015 0.000000
vn -0.618468 -0.785810 0.000000
vn -0.618468 -0.785810 0.000000
vn -0.578519 -0.815669 0.000000
vn -0.578519 -0.815669 0.000000
vn -0.537151 -0.843486 0.000000
vn -0.537151 -0.843486 0.000000
vn -0.494439 -0.869212 0.000000
vn -0.494439 -0.869212 0.000000
vn -0.450490 -0.892781 0.000000
vn -0.450490 -0.892781 0.000000
vn -0.405430 -0.914126 0.000000
vn -0.405430 -0.914126 0.000000
vn -0.359364 -0.933197 0.000000
vn -0.359364 -0.933197 0.000000
vn -0.312408 -0.949948 0.000000
vn -0.312408 -0.949948 0.000000
vn -0.264656 -0.964343 0.000000
vn -0.264656 -0.964343 0.000000
vn -0.216265 -0.976335 0.000000
vn -0.216265 -0.976335 0.000000
vn -0.167328 -0.985901 0.000000
vn -0.167328 -0.985901 0.000000
vn -0.117973 -0.993017 0.000000
vn -0.117973 -0.993017 0.000000
vn -0.068343 -0.997662 0.000000
vn -0.068343 -0.997662 0.000000
vn -0.018510 -0.999829 0.000000
vn -0.018510 -0.999829 0.000000
vn 0.031340 -0.999509 0.000000
vn 0.031340 -0.999509 0.000000
vn 0.081119 -0.996704 0.000000
vn 0.081119 -0.996704 0.000000
vn 0.130713 -0.991420 0.000000
vn 0.130713 -0.991420 0.000000
vn 0.179961 -0.983674 0.000000
vn 0.179961 -0.983674 0.000000
vn 0.228771 -0.973480 0.000000
vn 0.228771 -0.973480 0.000000
vn 0.277001 -0.960870 0.000000
vn 0.277001 -0.960870 0.000000
vn 0.324561 -0.945865 0.000000
vn 0.324561 -0.945865 0.000000
vn 0.371308 -0.928510 0.000000
vn 0.371308 -0.928510 0.000000
vn 0.417118 -0.908852 0.000000
vn 0.417118 -0.908852 0.000000
vn 0.461914 -0.886925 0.000000
vn 0.461914 -0.886925 0.000000
vn 0.505541 -0.862803 0.000000
vn 0.505541 -0.862803 0.000000
vn 0.547924 -0.836528 0.000000
vn 0.547924 -0.836528 0.000000
vn 0.588938 -0.808178 0.000000
vn 0.588938 -0.808178 0.000000
vn 0.628489 -0.777819 0.000000
vn 0.628489 -0.777819 0.000000
vn 0.666487 -0.745517 0.000000
vn 0.666487 -0.745517 0.000000
vn 0.702809 -0.711378 0.000000
vn 0.702809 -0.711378 0.000000
vn 0.737398 -0.675459 0.000000
vn 0.737398 -0.675459 0.000000
vn 0.770155 -0.637857 0.000000
vn 0.770155 -0.637857 0.000000
vn 0.800993 -0.598674 0.000000
vn 0.800993 -0.598674 0.000000
vn 0.829831 -0.558015 0.000000
vn 0.829831 -0.558015 0.000000
vn 0.856614 -0.515958 0.000000
vn 0.856614 -0.515958 0.000000
vn 0.881273 -0.472607 0.000000
vn 0.881273 -0.472607 0.000000
vn 0.903734 -0.428094 0.000000
vn 0.903734 -0.428094 0.000000
vn 0.923947 -0.382520 0.000000
vn 0.923947 -0.382520 0.000000
vn 0.941867 -0.335986 0.000000
vn 0.941867 -0.335986 0.000000
vn 0.957444 -0.288619 0.000000
vn 0.957444 -0.288619 0.000000
vn 0.970641 -0.240535 0.000000
vn 0.970641 -0.240535 0.000000
vn 0.981424 -0.191850 0.000000
vn 0.981424 -0.191850 0.000000
vn 0.989765 -0.142706 0.000000
vn 0.989765 -0.142706 0.000000
vn 0.995649 -0.093184 0.000000
vn 0.995649 -0.093184 0.000000
vn 0.999056 -0.043438 0.000000
vn 0.999056 -0.043438 0.000000
vn 0.999979 0.006408 -0.000000
vn 0.999979 0.006408 -0.000000
vn 0.998416 0.056264 -0.000000
vn 0.998416 0.056264 0.000000
vn 0.994373 0.105938 -0.000000
vn 0.994373 0.105938 0.000000
vn 0.987855 0.155379 -0.000000
vn 0.987855 0.155379 0.000000
vn 0.978881 0.204433 -0.000000
vn 0.967475 0.252967 -0.000000
vn 0.978881 0.204433 0.000000
vn 0.967475 0.252967 -0.000000
vn 0.953661 0.300885 -0.000000
vn 0.953661 0.300885 0.000000
vn 0.937484 0.348029 -0.000000
vn 0.937484 0.348029 0.000000
vn 0.918965 0.394340 -0.000000
vn 0.918965 0.394340 0.000000
vn 0.898170 0.439648 -0.000000
vn 0.898170 0.439648 0.000000
vn 0.875134 0.483880 -0.000000
vn 0.849927 0.526901 -0.000000
vn 0.875134 0.483880 0.000000
vn 0.849927 0.526901 -0.000000
vn 0.822611 0.568605 -0.000000
vn 0.822611 0.568605 0.000000
vn 0.793243 0.608906 -0.000000
vn 0.761906 0.647688 -0.000000
vn 0.793243 0.608906 0.000000
vn 0.761906 0.647688 -0.000000
vn 0.728671 0.684864 -0.000000
vn 0.693633 0.720329 -0.000000
vn 0.728671 0.684864 0.000000
vn 0.693633 0.720329 -0.000000
vn 0.656869 0.754005 -0.000000
vn 0.656869 0.754005 0.000000
vn 0.618458 0.785818 -0.000000
vn 0.578529 0.815662 -0.000000
vn 0.618458 0.785818 0.000000
vn 0.537143 0.843491 -0.000000
vn 0.578529 0.815662 -0.000000
vn 0.537143 0.843491 -0.000000
vn 0.494428 0.869219 0.000000
vn 0.494428 0.869219 -0.000000
vn 0.450505 0.892774 -0.000000
vn 0.450505 0.892774 -0.000000
vn 0.405430 0.914126 -0.000000
vn 0.405430 0.914126 -0.000000
vn 0.359361 0.933199 0.000000
vn 0.359361 0.933199 -0.000000
vn 0.312404 0.949949 -0.000000
vn 0.312404 0.949949 -0.000000
vn 0.264656 0.964343 -0.000000
vn 0.264656 0.964343 -0.000000
vn 0.216260 0.976336 0.000000
vn 0.216260 0.976336 -0.000000
vn 0.167333 0.985900 -0.000000
vn 0.167333 0.985900 -0.000000
vn 0.117981 0.993016 -0.000000
vn 0.117981 0.993016 -0.000000
vn 0.068333 0.997663 0.000000
vn 0.068333 0.997663 -0.000000
vn 0.018515 0.999829 0.000000
vn 0.018515 0.999829 -0.000000
vn -0.031341 0.999509 0.000000
vn -0.031341 0.999509 0.000000
vn -0.081123 0.996704 0.000000
vn -0.081123 0.996704 0.000000
vn -0.130709 0.991421 0.000000
vn -0.130709 0.991421 0.000000
vn -0.179959 0.983674 0.000000
vn -0.179959 0.983674 0.000000
vn 0.000000 0.000000 -1.000000
vn 0.000000 0.000000 -1.000000
vn 0.000000 0.000000 -1.000000
vn 0.000000 0.000000 -1.000000
vn 0.000000 0.000000 -1.000000
vn 0.000000 0.000000 -1.000000
vn 0.000000 0.000000 -1.000000
vn 0.000000 0.000000 -1.000000
vn 0.000000 0.000000 -1.000000
vn 0.000000 0.000000 -1.000000
vn 0.000000 0.000000 -1.000000
vn 0.000000 0.000000 -1.000000
vn 0.000000 0.000000 -1.000000
vn 0.000000 0.000000 -1.000000
vn 0.000000 0.000000 -1.000000
vn 0.000000 0.000000 -1.000000
vn 0.000000 0.000000 -1.000000
vn 0.000000 0.000000 -1.000000
vn 0.000000 0.000000 -1.000000
vn 0.000000 0.000000 -1.000000
vn 0.000000 0.000000 -1.000000
vn 0.000000 0.000000 -1.000000
vn 0.000000 0.000000 -1.000000
vn 0.000000 0.000000 -1.000000
vn 0.000000 0.000000 -1.000000
vn 0.000000 0.000000 -1.000000
vn 0.000000 0.000000 -1.000000
vn 0.000000 0.000000 -1.000000
vn 0.000000 0.000000 -1.000000
vn 0.000000 0.000000 -1.000000
vn 0.000000 0.000000 -1.000000
vn 0.000000 0.000000 -1.000000
vn 0.000000 0.000000 -1.000000
vn 0.000000 0.000000 -1.000000
vn 0.000000 0.000000 -1.000000
vn 0.000000 0.000000 -1.000000
vn 0.000000 0.000000 -1.000000
vn 0.000000 0.000000 -1.000000
vn 0.000000 0.000000 -1.000000
vn 0.000000 0.000000 -1.000000
vn 0.000000 0.000000 -1.000000
vn 0.000000 0.000000 -1.000000
vn 0.000000 0.000000 -1.000000
vn 0.000000 0.000000 -1.000000
vn 0.000000 0.000000 -1.000000
vn 0.000000 0.000000 -1.000000
vn 0.000000 0.000000 -1.000000
vn 0.000000 0.000000 -1.000000
vn 0.000000 0.000000 -1.000000
vn 0.000000 0.000000 -1.000000
vn 0.000000 0.000000 -1.000000
vn 0.000000 0.000000 -1.000000
vn 0.000000 0.000000 -1.000000
vn 0.000000 0.000000 -1.000000
vn 0.000000 0.000000 -1.000000
vn 0.000000 0.000000 -1.000000
vn 0.000000 0.000000 -1.000000
vn 0.000000 0.000000 -1.000000
vn 0.000000 0.000000 -1.000000
vn 0.000000 0.000000 -1.000000
vn 0.000000 0.000000 -1.000000
vn 0.000000 0.000000 -1.000000
vn 0.000000 0.000000 -1.000000
vn 0.000000 0.000000 -1.000000
vn 0.000000 0.000000 -1.000000
vn 0.000000 0.000000 -1.000000
vn 0.000000 0.000000 -1.000000
vn 0.000000 0.000000 -1.000000
vn 0.000000 0.000000 -1.000000
vn 0.000000 0.000000 -1.000000
vn 0.000000 0.000000 -1.000000
vn 0.000000 0.000000 -1.000000
vn 0.000000 0.000000 -1.000000
vn 0.000000 0.000000 -1.000000
vn 0.000000 0.000000 -1.000000
vn 0.000000 0.000000 -1.000000
vn 0.000000 0.000000 -1.000000
vn 0.000000 0.000000 -1.000000
vn 0.000000 0.000000 -1.000000
vn 0.000000 0.000000 -1.000000
vn 0.000000 0.000000 -1.000000
vn 0.000000 0.000000 -1.000000
vn 0.000000 0.000000 -1.000000
vn 0.000000 0.000000 -1.000000
vn 0.000000 0.000000 -1.000000
vn 0.000000 0.000000 -1.000000
vn 0.000000 0.000000 -1.000000
vn 0.000000 0.000000 -1.000000
vn 0.000000 0.000000 -1.000000
vn 0.000000 0.000000 -1.000000
vn 0.000000 0.000000 -1.000000
vn 0.000000 0.000000 -1.000000
vn 0.000000 0.000000 -1.000000
vn 0.000000 0.000000 -1.000000
vn 0.000000 0.000000 -1.000000
vn 0.000000 0.000000 -1.000000
vn 0.000000 0.000000 -1.000000
vn 0.000000 0.000000 -1.000000
vn 0.000000 0.000000 -1.000000
vn 0.000000 0.000000 -1.000000
vn 0.000000 0.000000 -1.000000
vn 0.000000 0.000000 -1.000000
vn 0.000000 0.000000 -1.000000
vn 0.000000 0.000000 -1.000000
vn 0.000000 0.000000 -1.000000
vn 0.000000 0.000000 -1.000000
vn 0.000000 0.000000 -1.000000
vn 0.000000 0.000000 -1.000000
vn 0.000000 0.000000 -1.000000
vn 0.000000 0.000000 -1.000000
vn 0.000000 0.000000 -1.000000
vn 0.000000 0.000000 -1.000000
vn 0.000000 0.000000 -1.000000
vn 0.000000 0.000000 -1.000000
vn 0.000000 0.000000 -1.000000
vn 0.000000 0.000000 -1.000000
vn 0.000000 0.000000 -1.000000
vn 0.000000 0.000000 -1.000000
vn 0.000000 0.000000 -1.000000
vn 0.000000 0.000000 -1.000000
vn 0.000000 0.000000 -1.000000
vn 0.000000 0.000000 -1.000000
vn 0.000000 0.000000 -1.000000
vn 0.000000 0.000000 -1.000000
vn -0.316888 -0.628000 -0.710773
vn -0.302757 -0.639135 -0.706997
vn -0.270522 -0.653432 -0.706997
vn -0.380057 -0.596807 -0.706667
vn -0.364895 -0.605812 -0.706996
vn -0.334236 -0.623252 -0.706996
vn -0.381574 -0.599188 -0.703829
vn -0.380058 -0.596807 -0.706667
vn -0.318746 -0.631683 -0.706667
vn -0.252782 -0.656432 -0.710773
vn -0.237617 -0.666102 -0.706998
vn -0.204112 -0.677120 -0.706998
vn 0.688461 0.161790 -0.706998
vn -0.302755 -0.639136 -0.706996
vn -0.270525 -0.653431 -0.706996
vn -0.320016 -0.634205 -0.703828
vn -0.318743 -0.631683 -0.706668
vn -0.254264 -0.660281 -0.706668
vn -0.186169 -0.678339 -0.710773
vn -0.170110 -0.686454 -0.706996
vn -0.135687 -0.694079 -0.706996
vn -0.254267 -0.660281 -0.706666
vn -0.237615 -0.666104 -0.706996
vn -0.204116 -0.677121 -0.706996
vn -0.187261 -0.682317 -0.706666
vn -0.255282 -0.662916 -0.703828
vn -0.117702 -0.693504 -0.710773
vn -0.100916 -0.699979 -0.706997
vn -0.065903 -0.704139 -0.706997
vn -0.170110 -0.686453 -0.706997
vn -0.135680 -0.694079 -0.706997
vn -0.188009 -0.685038 -0.703829
vn -0.187262 -0.682317 -0.706666
vn -0.118392 -0.697572 -0.706666
vn 0.688462 0.161791 -0.706997
vn -0.048068 -0.701777 -0.710773
vn -0.030721 -0.706549 -0.706997
vn 0.004535 -0.707202 -0.706997
vn -0.118864 -0.700353 -0.703830
vn -0.100924 -0.699979 -0.706997
vn -0.065901 -0.704139 -0.706997
vn -0.118392 -0.697572 -0.706666
vn 0.022046 -0.703076 -0.710773
vn 0.039782 -0.706097 -0.706996
vn 0.074929 -0.703237 -0.706996
vn -0.030720 -0.706549 -0.706997
vn 0.004532 -0.707202 -0.706997
vn -0.048541 -0.708709 -0.703829
vn -0.048350 -0.705893 -0.706667
vn -0.048348 -0.705894 -0.706666
vn 0.091942 -0.697388 -0.710772
vn 0.109886 -0.698627 -0.706997
vn 0.144574 -0.692281 -0.706997
vn 0.039791 -0.706096 -0.706998
vn 0.074921 -0.703236 -0.706998
vn 0.022175 -0.707198 -0.706667
vn 0.022265 -0.710021 -0.703828
vn 0.092481 -0.701476 -0.706667
vn 0.022176 -0.707199 -0.706667
vn 0.160922 -0.684767 -0.710773
vn 0.178906 -0.684214 -0.706997
vn 0.212785 -0.674447 -0.706997
vn 0.109887 -0.698628 -0.706996
vn 0.144579 -0.692281 -0.706996
vn 0.092849 -0.704276 -0.703828
vn 0.092480 -0.701476 -0.706667
vn 0.161866 -0.688782 -0.706667
vn 0.246139 -0.663002 -0.706996
vn 0.278883 -0.649908 -0.706996
vn 0.228300 -0.665343 -0.710772
vn 0.178902 -0.684215 -0.706997
vn 0.212791 -0.674445 -0.706997
vn 0.162510 -0.691531 -0.703829
vn 0.161864 -0.688783 -0.706666
vn 0.229639 -0.669245 -0.706666
vn 0.310930 -0.635199 -0.706997
vn 0.342205 -0.618911 -0.706997
vn 0.293417 -0.639304 -0.710772
vn 0.246132 -0.663005 -0.706996
vn 0.278884 -0.649908 -0.706996
vn 0.230557 -0.671913 -0.703830
vn 0.229641 -0.669243 -0.706668
vn 0.372629 -0.601084 -0.706997
vn 0.402130 -0.581761 -0.706997
vn 0.355610 -0.606913 -0.710773
vn 0.295134 -0.643053 -0.706668
vn 0.310927 -0.635202 -0.706996
vn 0.342209 -0.618910 -0.706996
vn 0.296312 -0.645619 -0.703829
vn 0.295137 -0.643052 -0.706667
vn 0.430628 -0.560995 -0.706997
vn 0.458055 -0.538833 -0.706997
vn 0.414272 -0.568490 -0.710773
vn 0.357696 -0.610472 -0.706667
vn 0.416702 -0.571823 -0.706667
vn 0.372633 -0.601082 -0.706997
vn 0.402127 -0.581764 -0.706997
vn 0.359123 -0.612908 -0.703829
vn 0.357696 -0.610472 -0.706667
vn 0.484345 -0.515331 -0.706996
vn 0.509427 -0.490551 -0.706996
vn 0.468817 -0.524417 -0.710772
vn 0.418364 -0.574105 -0.703829
vn 0.471566 -0.527492 -0.706667
vn 0.430628 -0.560994 -0.706997
vn 0.458055 -0.538832 -0.706997
vn 0.416702 -0.571824 -0.706666
vn 0.518703 -0.475130 -0.710773
vn 0.533248 -0.464544 -0.706997
vn 0.555742 -0.437385 -0.706997
vn 0.521744 -0.477916 -0.706668
vn 0.473450 -0.529595 -0.703829
vn 0.471567 -0.527489 -0.706668
vn 0.484347 -0.515328 -0.706997
vn 0.509429 -0.490549 -0.706997
vn 0.563433 -0.421123 -0.710773
vn 0.576851 -0.409142 -0.706997
vn 0.596529 -0.379879 -0.706997
vn 0.523826 -0.479825 -0.703829
vn 0.521744 -0.477917 -0.706667
vn 0.533245 -0.464550 -0.706996
vn 0.555744 -0.437385 -0.706996
vn 0.614722 -0.349675 -0.706997
vn 0.631389 -0.318595 -0.706997
vn 0.602563 -0.362933 -0.710773
vn 0.566737 -0.423592 -0.706667
vn 0.566737 -0.423592 -0.706667
vn 0.568999 -0.425283 -0.703828
vn 0.576851 -0.409146 -0.706995
vn 0.596532 -0.379878 -0.706995
vn 0.606096 -0.365061 -0.706667
vn 0.646485 -0.286729 -0.706996
vn 0.659972 -0.254151 -0.706996
vn 0.635705 -0.301133 -0.710772
vn 0.606096 -0.365061 -0.706667
vn 0.608515 -0.366518 -0.703828
vn 0.639432 -0.302899 -0.706667
vn 0.614725 -0.349667 -0.706998
vn 0.631384 -0.318604 -0.706998
vn 0.662529 -0.236339 -0.710773
vn 0.671823 -0.220931 -0.706997
vn 0.681998 -0.187175 -0.706996
vn 0.639432 -0.302899 -0.706667
vn 0.641985 -0.304108 -0.703828
vn 0.646485 -0.286727 -0.706997
vn 0.659974 -0.254146 -0.706997
vn 0.690480 -0.152946 -0.706997
vn 0.697246 -0.118336 -0.706997
vn 0.682769 -0.169200 -0.710773
vn 0.666414 -0.237725 -0.706667
vn 0.669074 -0.238673 -0.703829
vn 0.671821 -0.220938 -0.706996
vn 0.682000 -0.187170 -0.706996
vn 0.686772 -0.170192 -0.706667
vn 0.666415 -0.237724 -0.706667
vn 0.702278 -0.083436 -0.706996
vn 0.705564 -0.048323 -0.706996
vn 0.696224 -0.100376 -0.710772
vn 0.689512 -0.170872 -0.703829
vn 0.690480 -0.152943 -0.706998
vn 0.697244 -0.118341 -0.706998
vn 0.686772 -0.170193 -0.706667
vn 0.707095 -0.013102 -0.706997
vn 0.706869 0.022167 -0.706997
vn 0.702759 -0.030555 -0.710772
vn 0.700305 -0.100965 -0.706667
vn 0.702278 -0.083438 -0.706996
vn 0.705564 -0.048326 -0.706996
vn 0.700306 -0.100964 -0.706667
vn 0.703100 -0.101366 -0.703829
vn 0.706878 -0.030734 -0.706667
vn 0.702308 0.039569 -0.710773
vn 0.694878 0.109298 -0.710774
vn 0.704885 0.057370 -0.706998
vn 0.701149 0.092436 -0.706998
vn 0.707095 -0.013094 -0.706997
vn 0.706869 0.022165 -0.706997
vn 0.709699 -0.030859 -0.703829
vn 0.706879 -0.030737 -0.706666
vn 0.698953 0.109940 -0.706667
vn 0.698953 0.109939 -0.706666
vn 0.709245 0.039960 -0.703829
vn 0.706426 0.039801 -0.706667
vn 0.704886 0.057371 -0.706997
vn 0.701150 0.092439 -0.706997
vn 0.706427 0.039801 -0.706666
vn 0.701742 0.110379 -0.703829
vn 0.695670 0.127271 -0.706998
vn 0.695671 0.127270 -0.706997
vn 0.679541 0.195905 -0.706997
vn 0.668930 0.229536 -0.706997
vn 0.680542 0.177943 -0.710773
vn 0.656660 0.262589 -0.706997
vn 0.642752 0.294999 -0.706997
vn 0.659444 0.244818 -0.710773
vn 0.684534 0.178984 -0.706667
vn 0.679541 0.195904 -0.706997
vn 0.668930 0.229537 -0.706997
vn 0.684534 0.178986 -0.706666
vn 0.687265 0.179698 -0.703829
vn 0.627251 0.326669 -0.706997
vn 0.610188 0.357527 -0.706997
vn 0.631791 0.309261 -0.710773
vn 0.656660 0.262588 -0.706997
vn 0.642752 0.295001 -0.706997
vn 0.663311 0.246254 -0.706666
vn 0.665956 0.247237 -0.703830
vn 0.663311 0.246255 -0.706666
vn 0.591606 0.387502 -0.706997
vn 0.571558 0.416506 -0.706997
vn 0.597858 0.370631 -0.710773
vn 0.627249 0.326670 -0.706998
vn 0.610188 0.357526 -0.706998
vn 0.635496 0.311075 -0.706667
vn 0.638030 0.312317 -0.703830
vn 0.635495 0.311076 -0.706666
vn 0.550084 0.444481 -0.706997
vn 0.527247 0.471345 -0.706997
vn 0.557985 0.428316 -0.710773
vn 0.591608 0.387499 -0.706997
vn 0.571556 0.416508 -0.706997
vn 0.601364 0.372804 -0.706667
vn 0.603763 0.374292 -0.703829
vn 0.601364 0.372805 -0.706667
vn 0.503095 0.497043 -0.706997
vn 0.477693 0.521503 -0.706997
vn 0.512566 0.481745 -0.710773
vn 0.550084 0.444481 -0.706997
vn 0.527247 0.471345 -0.706997
vn 0.561256 0.430828 -0.706667
vn 0.563496 0.432548 -0.703829
vn 0.561256 0.430829 -0.706667
vn 0.451108 0.544663 -0.706997
vn 0.423398 0.566471 -0.706997
vn 0.462052 0.530387 -0.710772
vn 0.515571 0.484570 -0.706667
vn 0.503095 0.497042 -0.706997
vn 0.477694 0.521501 -0.706997
vn 0.515571 0.484570 -0.706667
vn 0.517629 0.486504 -0.703829
vn 0.394629 0.586876 -0.706997
vn 0.364894 0.605812 -0.706997
vn 0.406945 0.573757 -0.710773
vn 0.409332 0.577122 -0.706667
vn 0.451109 0.544662 -0.706997
vn 0.423396 0.566473 -0.706997
vn 0.464761 0.533497 -0.706667
vn 0.466617 0.535624 -0.703829
vn 0.464762 0.533495 -0.706667
vn 0.334235 0.623252 -0.706996
vn 0.302759 0.639135 -0.706996
vn 0.347797 0.611423 -0.710774
vn 0.394632 0.586874 -0.706997
vn 0.364888 0.605815 -0.706997
vn 0.409332 0.577122 -0.706667
vn 0.410965 0.579425 -0.703828
vn 0.270522 0.653431 -0.706998
vn 0.237613 0.666104 -0.706998
vn 0.285188 0.643016 -0.710773
vn 0.349839 0.615008 -0.706667
vn 0.351234 0.617461 -0.703829
vn 0.334238 0.623249 -0.706998
vn 0.302761 0.639132 -0.706998
vn 0.349837 0.615010 -0.706666
vn 0.204118 0.677120 -0.706997
vn 0.170113 0.686453 -0.706997
vn 0.219751 0.668215 -0.710773
vn 0.286860 0.646787 -0.706666
vn 0.221039 0.672134 -0.706666
vn 0.270519 0.653433 -0.706997
vn 0.237612 0.666106 -0.706997
vn 0.286860 0.646787 -0.706666
vn 0.288005 0.649368 -0.703829
vn 0.152123 0.686775 -0.710773
vn 0.135683 0.694078 -0.706998
vn 0.100915 0.699979 -0.706997
vn 0.204115 0.677120 -0.706997
vn 0.170117 0.686451 -0.706997
vn 0.221919 0.674816 -0.703829
vn 0.221037 0.672134 -0.706667
vn 0.082991 0.698509 -0.710772
vn 0.065903 0.704140 -0.706996
vn 0.030721 0.706550 -0.706996
vn 0.153017 0.690802 -0.706667
vn 0.135685 0.694079 -0.706996
vn 0.100911 0.699981 -0.706996
vn 0.153628 0.693559 -0.703829
vn 0.153015 0.690803 -0.706666
vn -0.004535 0.707202 -0.706997
vn -0.039782 0.706097 -0.706997
vn 0.013025 0.703301 -0.710772
vn 0.083806 0.705408 -0.703829
vn 0.013101 0.707424 -0.706668
vn 0.065908 0.704140 -0.706996
vn 0.030720 0.706550 -0.706996
vn 0.083474 0.702606 -0.706666
vn 0.083478 0.702603 -0.706668
vn -0.074926 0.703237 -0.706997
vn -0.109890 0.698627 -0.706996
vn -0.057062 0.701104 -0.710772
vn 0.013156 0.710248 -0.703828
vn -0.004539 0.707202 -0.706997
vn -0.039778 0.706097 -0.706997
vn 0.013104 0.707425 -0.706667
vn -0.144574 0.692280 -0.706998
vn -0.178902 0.684214 -0.706998
vn -0.126592 0.691937 -0.710773
vn -0.057628 0.708029 -0.703828
vn -0.057397 0.705214 -0.706668
vn -0.057399 0.705214 -0.706667
vn -0.074928 0.703236 -0.706997
vn -0.109893 0.698627 -0.706997
vn -0.212787 0.674446 -0.706997
vn -0.246137 0.663002 -0.706997
vn -0.194852 0.675895 -0.710774
vn -0.127335 0.695995 -0.706666
vn -0.127330 0.695994 -0.706668
vn -0.127838 0.698771 -0.703829
vn -0.144573 0.692282 -0.706997
vn -0.178900 0.684215 -0.706997
vn -0.278886 0.649907 -0.706996
vn -0.310930 0.635200 -0.706996
vn -0.261182 0.653135 -0.710773
vn -0.196777 0.682571 -0.703829
vn -0.195995 0.679860 -0.706666
vn -0.262715 0.656966 -0.706666
vn -0.212785 0.674446 -0.706997
vn -0.246140 0.663001 -0.706997
vn -0.195995 0.679860 -0.706666
vn -0.324917 0.623884 -0.710773
vn -0.342203 0.618912 -0.706997
vn -0.372633 0.601082 -0.706997
vn -0.263765 0.659585 -0.703829
vn -0.278883 0.649908 -0.706997
vn -0.310934 0.635198 -0.706997
vn -0.262717 0.656964 -0.706667
vn -0.326822 0.627542 -0.706667
vn -0.402130 0.581763 -0.706996
vn -0.430627 0.560997 -0.706996
vn -0.385420 0.588434 -0.710772
vn -0.342206 0.618911 -0.706997
vn -0.372627 0.601086 -0.706997
vn -0.326823 0.627541 -0.706667
vn -0.328127 0.630046 -0.703829
vn -0.458056 0.538833 -0.706996
vn -0.484343 0.515333 -0.706996
vn -0.442095 0.547133 -0.710772
vn -0.387680 0.591883 -0.706667
vn -0.387680 0.591883 -0.706667
vn -0.389227 0.594246 -0.703828
vn -0.402131 0.581761 -0.706997
vn -0.430629 0.560994 -0.706997
vn -0.444687 0.550341 -0.706667
vn -0.494374 0.500396 -0.710773
vn -0.509430 0.490547 -0.706997
vn -0.533249 0.464544 -0.706997
vn -0.444686 0.550342 -0.706667
vn -0.446460 0.552537 -0.703829
vn -0.458053 0.538834 -0.706997
vn -0.484341 0.515334 -0.706997
vn -0.497274 0.503330 -0.706667
vn -0.541741 0.448686 -0.710772
vn -0.555741 0.437388 -0.706996
vn -0.576851 0.409144 -0.706996
vn -0.497274 0.503330 -0.706667
vn -0.499258 0.505338 -0.703828
vn -0.509432 0.490546 -0.706997
vn -0.533252 0.464541 -0.706997
vn -0.583724 0.392515 -0.710773
vn -0.596529 0.379879 -0.706997
vn -0.614724 0.349671 -0.706997
vn -0.544919 0.451316 -0.706667
vn -0.544917 0.451317 -0.706668
vn -0.547092 0.453116 -0.703829
vn -0.555738 0.437391 -0.706996
vn -0.576855 0.409139 -0.706996
vn -0.619905 0.332447 -0.710772
vn -0.631389 0.318597 -0.706996
vn -0.646483 0.286733 -0.706996
vn -0.587147 0.394817 -0.706667
vn -0.596527 0.379882 -0.706997
vn -0.614721 0.349675 -0.706997
vn -0.589488 0.396394 -0.703829
vn -0.587145 0.394818 -0.706668
vn -0.649925 0.269070 -0.710773
vn -0.659973 0.254146 -0.706997
vn -0.671821 0.220933 -0.706997
vn -0.626028 0.335729 -0.703829
vn -0.623539 0.334396 -0.706667
vn -0.623540 0.334394 -0.706667
vn -0.631390 0.318594 -0.706997
vn -0.646485 0.286727 -0.706997
vn -0.673487 0.203021 -0.710773
vn -0.681998 0.187174 -0.706997
vn -0.690480 0.152944 -0.706997
vn -0.653737 0.270648 -0.706667
vn -0.656344 0.271729 -0.703830
vn -0.653735 0.270650 -0.706667
vn -0.659972 0.254148 -0.706998
vn -0.671818 0.220940 -0.706998
vn -0.697245 0.118338 -0.706997
vn -0.702277 0.083436 -0.706997
vn -0.690354 0.134956 -0.710773
vn -0.677436 0.204212 -0.706667
vn -0.681999 0.187169 -0.706997
vn -0.690480 0.152946 -0.706997
vn -0.677437 0.204211 -0.706666
vn -0.680139 0.205027 -0.703829
vn -0.705564 0.048325 -0.706997
vn -0.707095 0.013097 -0.706997
vn -0.700361 0.065548 -0.710773
vn -0.694403 0.135747 -0.706667
vn -0.694403 0.135746 -0.706666
vn -0.697246 0.118337 -0.706997
vn -0.697173 0.136288 -0.703829
vn -0.702278 0.083432 -0.706997
vn -0.703407 -0.004512 -0.710773
vn -0.706869 -0.022165 -0.706997
vn -0.704885 -0.057371 -0.706997
vn -0.707278 0.066194 -0.703829
vn -0.704468 0.065932 -0.706667
vn -0.704468 0.065931 -0.706667
vn -0.705564 0.048333 -0.706996
vn -0.707097 0.013090 -0.706996
vn -0.701149 -0.092440 -0.706997
vn -0.695671 -0.127270 -0.706997
vn -0.699462 -0.074525 -0.710773
vn -0.707532 -0.004538 -0.706667
vn -0.707532 -0.004538 -0.706667
vn -0.710355 -0.004556 -0.703829
vn -0.706869 -0.022164 -0.706997
vn -0.704886 -0.057369 -0.706997
vn -0.688566 -0.143800 -0.710773
vn -0.688462 -0.161789 -0.706997
vn -0.679542 -0.195903 -0.706997
vn -0.706372 -0.075261 -0.703828
vn -0.703564 -0.074963 -0.706667
vn -0.701148 -0.092442 -0.706998
vn -0.695670 -0.127271 -0.706998
vn -0.703564 -0.074961 -0.706667
vn -0.670827 -0.211643 -0.710773
vn -0.668931 -0.229535 -0.706997
vn -0.656658 -0.262593 -0.706997
vn -0.674761 -0.212885 -0.706666
vn -0.695367 -0.145220 -0.703830
vn -0.692604 -0.144643 -0.706667
vn -0.692605 -0.144643 -0.706666
vn -0.688460 -0.161790 -0.706998
vn -0.679542 -0.195899 -0.706998
vn -0.646421 -0.277385 -0.710773
vn -0.642753 -0.294998 -0.706997
vn -0.627250 -0.326668 -0.706997
vn -0.677453 -0.213735 -0.703829
vn -0.674760 -0.212886 -0.706667
vn -0.668932 -0.229535 -0.706997
vn -0.656658 -0.262596 -0.706997
vn -0.615589 -0.340369 -0.710773
vn -0.610186 -0.357531 -0.706997
vn -0.591608 -0.387498 -0.706997
vn -0.650211 -0.279010 -0.706667
vn -0.652805 -0.280123 -0.703829
vn -0.650211 -0.279012 -0.706666
vn -0.642755 -0.294993 -0.706997
vn -0.627248 -0.326673 -0.706997
vn -0.578640 -0.399971 -0.710773
vn -0.571555 -0.416509 -0.706997
vn -0.550084 -0.444481 -0.706997
vn -0.610189 -0.357527 -0.706997
vn -0.591607 -0.387501 -0.706997
vn -0.619199 -0.342367 -0.706666
vn -0.621669 -0.343733 -0.703829
vn -0.619199 -0.342365 -0.706667
vn -0.535944 -0.455596 -0.710772
vn -0.527247 -0.471347 -0.706996
vn -0.503099 -0.497040 -0.706996
vn -0.571557 -0.416506 -0.706997
vn -0.550086 -0.444477 -0.706997
vn -0.582035 -0.402315 -0.706667
vn -0.539086 -0.458267 -0.706666
vn -0.584357 -0.403920 -0.703829
vn -0.582034 -0.402317 -0.706666
vn -0.487914 -0.506697 -0.710773
vn -0.477695 -0.521500 -0.706997
vn -0.451103 -0.544666 -0.706997
vn -0.527242 -0.471350 -0.706997
vn -0.503098 -0.497039 -0.706997
vn -0.541234 -0.460099 -0.703829
vn -0.539082 -0.458270 -0.706668
vn -0.435039 -0.552760 -0.710772
vn -0.423396 -0.566473 -0.706997
vn -0.394637 -0.586870 -0.706997
vn -0.477696 -0.521500 -0.706996
vn -0.451104 -0.544667 -0.706996
vn -0.437590 -0.556001 -0.706667
vn -0.492735 -0.511700 -0.703828
vn -0.490776 -0.509666 -0.706668
vn -0.490775 -0.509668 -0.706667
vn -0.364885 -0.605818 -0.706996
vn -0.334241 -0.623249 -0.706996
vn -0.377842 -0.593327 -0.710774
vn -0.423392 -0.566475 -0.706998
vn -0.394637 -0.586869 -0.706998
vn -0.439337 -0.558219 -0.703829
vn -0.437591 -0.556000 -0.706667
vn 0.973480 0.228771 0.000000
vn 0.973480 0.228771 -0.000000
vn 0.960868 0.277008 -0.000000
vn 0.960868 0.277008 0.000000
vn 0.945864 0.324565 -0.000000
vn 0.945864 0.324565 0.000000
vn 0.928514 0.371298 -0.000000
vn 0.928514 0.371298 0.000000
vn 0.908847 0.417129 -0.000000
vn 0.908847 0.417129 0.000000
vn 0.886927 0.461910 -0.000000
vn 0.886927 0.461910 0.000000
vn 0.862803 0.505540 -0.000000
vn 0.862803 0.505540 0.000000
vn 0.836530 0.547921 -0.000000
vn 0.836530 0.547921 0.000000
vn 0.808177 0.588939 -0.000000
vn 0.808177 0.588939 0.000000
vn 0.777815 0.628493 -0.000000
vn 0.777815 0.628493 0.000000
vn 0.745524 0.666479 0.000000
vn 0.745524 0.666479 -0.000000
vn 0.711374 0.702814 0.000000
vn 0.711374 0.702814 -0.000000
vn 0.675457 0.737400 0.000000
vn 0.675457 0.737400 -0.000000
vn 0.637866 0.770148 0.000000
vn 0.637866 0.770148 -0.000000
vn 0.598679 0.800989 -0.000000
vn 0.598679 0.800989 0.000000
vn 0.558007 0.829836 -0.000000
vn 0.558007 0.829836 0.000000
vn 0.515950 0.856619 -0.000000
vn 0.515950 0.856619 0.000000
vn 0.472611 0.881271 -0.000000
vn 0.472611 0.881271 0.000000
vn 0.428103 0.903730 -0.000000
vn 0.428103 0.903730 0.000000
vn 0.382512 0.923950 -0.000000
vn 0.382512 0.923950 0.000000
vn 0.335981 0.941869 -0.000000
vn 0.335981 0.941869 0.000000
vn 0.288618 0.957444 -0.000000
vn 0.288618 0.957444 0.000000
vn 0.240544 0.970638 -0.000000
vn 0.240544 0.970638 0.000000
vn 0.191858 0.981423 -0.000000
vn 0.191858 0.981423 0.000000
vn 0.142688 0.989768 -0.000000
vn 0.142688 0.989768 0.000000
vn 0.093194 0.995648 -0.000000
vn 0.093194 0.995648 0.000000
vn 0.043437 0.999056 -0.000000
vn 0.043437 0.999056 0.000000
vn -0.006418 0.999979 0.000000
vn -0.006418 0.999979 0.000000
vn -0.056245 0.998417 0.000000
vn -0.056245 0.998417 0.000000
vn -0.105947 0.994372 0.000000
vn -0.105947 0.994372 0.000000
vn -0.155388 0.987854 0.000000
vn -0.155388 0.987854 0.000000
vn -0.204425 0.978882 0.000000
vn -0.204425 0.978882 0.000000
vn -0.252963 0.967476 0.000000
vn -0.252963 0.967476 0.000000
vn -0.300876 0.953663 0.000000
vn -0.300876 0.953663 0.000000
vn -0.348040 0.937480 0.000000
vn -0.348040 0.937480 0.000000
vn -0.394338 0.918966 0.000000
vn -0.394338 0.918966 0.000000
vn -0.439659 0.898165 0.000000
vn -0.439659 0.898165 0.000000
vn -0.483877 0.875136 0.000000
vn -0.483877 0.875136 0.000000
vn -0.526892 0.849932 0.000000
vn -0.526892 0.849932 0.000000
vn -0.568611 0.822607 0.000000
vn -0.568611 0.822607 0.000000
vn -0.608907 0.793242 0.000000
vn -0.608907 0.793242 0.000000
vn -0.647685 0.761909 0.000000
vn -0.647685 0.761909 0.000000
vn -0.684855 0.728679 0.000000
vn -0.684855 0.728679 0.000000
vn -0.720333 0.693628 0.000000
vn -0.720333 0.693628 0.000000
vn -0.754015 0.656857 0.000000
vn -0.754015 0.656857 0.000000
vn -0.785810 0.618468 0.000000
vn -0.785810 0.618468 0.000000
vn -0.815669 0.578519 0.000000
vn -0.815669 0.578519 0.000000
vn -0.843486 0.537151 0.000000
vn -0.843486 0.537151 0.000000
vn -0.869212 0.494439 0.000000
vn -0.869212 0.494439 0.000000
vn -0.892781 0.450490 0.000000
vn -0.892781 0.450490 0.000000
vn -0.914126 0.405430 0.000000
vn -0.914126 0.405430 0.000000
vn -0.933197 0.359364 0.000000
vn -0.933197 0.359364 0.000000
vn -0.949948 0.312408 0.000000
vn -0.949948 0.312408 0.000000
vn -0.964343 0.264656 0.000000
vn -0.964343 0.264656 0.000000
vn -0.976335 0.216265 0.000000
vn -0.976335 0.216265 0.000000
vn -0.985901 0.167328 0.000000
vn -0.985901 0.167328 0.000000
vn -0.993017 0.117973 0.000000
vn -0.997662 0.068343 0.000000
vn -0.993017 0.117973 0.000000
vn -0.997662 0.068343 0.000000
vn -0.999829 0.018510 0.000000
vn -0.999509 -0.031340 0.000000
vn -0.999829 0.018510 0.000000
vn -0.996704 -0.081119 0.000000
vn -0.999509 -0.031340 0.000000
vn -0.991420 -0.130713 0.000000
vn -0.996704 -0.081119 0.000000
vn -0.991420 -0.130713 0.000000
vn -0.983674 -0.179961 0.000000
vn -0.983674 -0.179961 0.000000
vn -0.973480 -0.228771 0.000000
vn -0.973480 -0.228771 0.000000
vn -0.960870 -0.277001 0.000000
vn -0.960870 -0.277001 0.000000
vn -0.945865 -0.324561 0.000000
vn -0.945865 -0.324561 0.000000
vn -0.928510 -0.371308 0.000000
vn -0.928510 -0.371308 0.000000
vn -0.908852 -0.417118 0.000000
vn -0.908852 -0.417118 0.000000
vn -0.886925 -0.461914 0.000000
vn -0.886925 -0.461914 0.000000
vn -0.862803 -0.505541 0.000000
vn -0.862803 -0.505541 0.000000
vn -0.836528 -0.547924 0.000000
vn -0.836528 -0.547924 0.000000
vn -0.808178 -0.588938 0.000000
vn -0.808178 -0.588938 0.000000
vn -0.777819 -0.628489 0.000000
vn -0.777819 -0.628489 0.000000
vn -0.745517 -0.666487 0.000000
vn -0.745517 -0.666487 0.000000
vn -0.711378 -0.702809 0.000000
vn -0.711378 -0.702809 0.000000
vn -0.675459 -0.737398 0.000000
vn -0.675459 -0.737398 0.000000
vn -0.637857 -0.770155 0.000000
vn -0.637857 -0.770155 0.000000
vn -0.598674 -0.800993 0.000000
vn -0.598674 -0.800993 0.000000
vn -0.558015 -0.829831 0.000000
vn -0.558015 -0.829831 0.000000
vn -0.515958 -0.856614 0.000000
vn -0.515958 -0.856614 0.000000
vn -0.472607 -0.881273 0.000000
vn -0.472607 -0.881273 0.000000
vn -0.428094 -0.903734 0.000000
vn -0.428094 -0.903734 0.000000
vn -0.382520 -0.923947 0.000000
vn -0.382520 -0.923947 0.000000
vn -0.335986 -0.941867 0.000000
vn -0.288619 -0.957444 0.000000
vn -0.335986 -0.941867 0.000000
vn -0.288619 -0.957444 0.000000
vn -0.240535 -0.970641 0.000000
vn -0.191850 -0.981424 0.000000
vn -0.240535 -0.970641 0.000000
vn -0.191850 -0.981424 0.000000
vn -0.142706 -0.989765 0.000000
vn -0.142706 -0.989765 0.000000
vn -0.093184 -0.995649 0.000000
vn -0.093184 -0.995649 0.000000
vn -0.043438 -0.999056 0.000000
vn -0.043438 -0.999056 0.000000
vn 0.006408 -0.999979 0.000000
vn 0.006408 -0.999979 0.000000
vn 0.056264 -0.998416 0.000000
vn 0.056264 -0.998416 0.000000
vn 0.105938 -0.994373 0.000000
vn 0.105938 -0.994373 0.000000
vn 0.155379 -0.987855 0.000000
vn 0.155379 -0.987855 0.000000
vn 0.204433 -0.978881 0.000000
vn 0.204433 -0.978881 0.000000
vn 0.252967 -0.967475 0.000000
vn 0.252967 -0.967475 0.000000
vn 0.300885 -0.953661 0.000000
vn 0.300885 -0.953661 0.000000
vn 0.348029 -0.937484 0.000000
vn 0.348029 -0.937484 0.000000
vn 0.394340 -0.918965 0.000000
vn 0.394340 -0.918965 0.000000
vn 0.439648 -0.898170 0.000000
vn 0.439648 -0.898170 0.000000
vn 0.483880 -0.875134 0.000000
vn 0.526901 -0.849927 0.000000
vn 0.483880 -0.875134 0.000000
vn 0.568605 -0.822611 0.000000
vn 0.526901 -0.849927 0.000000
vn 0.568605 -0.822611 0.000000
vn 0.608906 -0.793243 0.000000
vn 0.608906 -0.793243 0.000000
vn 0.647688 -0.761906 0.000000
vn 0.647688 -0.761906 0.000000
vn 0.684864 -0.728671 0.000000
vn 0.684864 -0.728671 0.000000
vn 0.720329 -0.693633 0.000000
vn 0.720329 -0.693633 0.000000
vn 0.754005 -0.656869 0.000000
vn 0.754005 -0.656869 0.000000
vn 0.785818 -0.618458 0.000000
vn 0.785818 -0.618458 0.000000
vn 0.815662 -0.578529 0.000000
vn 0.815662 -0.578529 0.000000
vn 0.843491 -0.537143 0.000000
vn 0.843491 -0.537143 0.000000
vn 0.869219 -0.494428 0.000000
vn 0.869219 -0.494428 0.000000
vn 0.892774 -0.450505 0.000000
vn 0.892774 -0.450505 0.000000
vn 0.914126 -0.405430 0.000000
vn 0.914126 -0.405430 0.000000
vn 0.933199 -0.359361 0.000000
vn 0.933199 -0.359361 0.000000
vn 0.949949 -0.312404 0.000000
vn 0.949949 -0.312404 0.000000
vn 0.964343 -0.264656 0.000000
vn 0.976336 -0.216260 0.000000
vn 0.964343 -0.264656 0.000000
vn 0.976336 -0.216260 0.000000
vn 0.985900 -0.167333 0.000000
vn 0.985900 -0.167333 0.000000
vn 0.993016 -0.117981 0.000000
vn 0.997663 -0.068333 0.000000
vn 0.993016 -0.117981 0.000000
vn 0.997663 -0.068333 0.000000
vn 0.999829 -0.018515 0.000000
vn 0.999829 -0.018515 0.000000
vn 0.999509 0.031341 -0.000000
vn 0.999509 0.031341 0.000000
vn 0.996704 0.081123 -0.000000
vn 0.996704 0.081123 0.000000
vn 0.991421 0.130709 -0.000000
vn 0.991421 0.130709 0.000000
vn 0.983674 0.179959 -0.000000
vn 0.983674 0.179959 0.000000
vn 0.000000 0.000000 -1.000000
vn 0.000000 0.000000 -1.000000
vn 0.000000 0.000000 -1.000000
vn 0.000000 0.000000 -1.000000
vn 0.000000 0.000000 -1.000000
vn 0.000000 0.000000 -1.000000
vn 0.000000 0.000000 -1.000000
vn 0.000000 0.000000 -1.000000
vn 0.000000 0.000000 -1.000000
vn 0.000000 0.000000 -1.000000
vn 0.000000 0.000000 -1.000000
vn 0.000000 0.000000 -1.000000
vn 0.000000 0.000000 -1.000000
vn 0.000000 0.000000 -1.000000
vn 0.000000 0.000000 -1.000000
vn 0.000000 0.000000 -1.000000
vn 0.000000 0.000000 -1.000000
vn 0.000000 -0.000000 -1.000000
vn 0.000000 0.000000 -1.000000
vn 0.000000 0.000000 -1.000000
vn 0.000000 -0.000000 -1.000000
vn 0.000000 0.000000 -1.000000
vn 0.000000 0.000000 -1.000000
vn 0.000000 0.000000 -1.000000
vn 0.000000 0.000000 -1.000000
vn 0.000000 0.000000 -1.000000
vn 0.000000 0.000000 -1.000000
vn 0.000000 0.000000 -1.000000
vn 0.000000 0.000000 -1.000000
vn 0.000000 0.000000 -1.000000
vn 0.000000 0.000000 -1.000000
vn 0.000000 0.000000 -1.000000
vn 0.000000 0.000000 -1.000000
vn 0.000000 0.000000 -1.000000
vn 0.000000 0.000000 -1.000000
vn 0.000000 0.000000 -1.000000
vn 0.000000 0.000000 -1.000000
vn 0.000000 0.000000 -1.000000
vn 0.000000 0.000000 -1.000000
vn 0.000000 0.000000 -1.000000
vn 0.000000 0.000000 -1.000000
vn 0.000000 0.000000 -1.000000
vn 0.000000 0.000000 -1.000000
vn 0.000000 0.000000 -1.000000
vn 0.000000 0.000000 -1.000000
vn 0.000000 0.000000 -1.000000
vn 0.000000 0.000000 -1.000000
vn 0.000000 0.000000 -1.000000
vn 0.000000 0.000000 -1.000000
vn 0.000000 0.000000 -1.000000
vn 0.000000 0.000000 -1.000000
vn 0.000000 0.000000 -1.000000
vn 0.000000 0.000000 -1.000000
vn 0.000000 0.000000 -1.000000
vn 0.000000 0.000000 -1.000000
vn 0.000000 0.000000 -1.000000
vn 0.000000 0.000000 -1.000000
vn 0.000000 0.000000 -1.000000
vn 0.000000 0.000000 -1.000000
vn 0.000000 0.000000 -1.000000
vn 0.000000 0.000000 -1.000000
vn 0.000000 0.000000 -1.000000
vn 0.000000 0.000000 -1.000000
vn 0.000000 0.000000 -1.000000
vn 0.000000 0.000000 -1.000000
vn 0.000000 0.000000 -1.000000
vn 0.000000 0.000000 -1.000000
vn 0.000000 0.000000 -1.000000
vn 0.000000 0.000000 -1.000000
vn 0.000000 0.000000 -1.000000
vn 0.000000 0.000000 -1.000000
vn 0.000000 0.000000 -1.000000
vn 0.000000 0.000000 -1.000000
vn 0.000000 0.000000 -1.000000
vn 0.000000 0.000000 -1.000000
vn 0.000000 0.000000 -1.000000
vn 0.000000 0.000000 -1.000000
vn 0.000000 0.000000 -1.000000
vn 0.000000 0.000000 -1.000000
vn 0.000000 0.000000 -1.000000
vn 0.000000 0.000000 -1.000000
vn 0.000000 0.000000 -1.000000
vn 0.000000 0.000000 -1.000000
vn 0.000000 0.000000 -1.000000
vn 0.000000 0.000000 -1.000000
vn 0.000000 0.000000 -1.000000
vn 0.000000 0.000000 -1.000000
vn 0.000000 0.000000 -1.000000
vn 0.000000 0.000000 -1.000000
vn 0.000000 0.000000 -1.000000
vn 0.000000 0.000000 -1.000000
vn 0.000000 0.000000 -1.000000
vn 0.000000 0.000000 -1.000000
vn 0.000000 0.000000 -1.000000
vn 0.000000 0.000000 -1.000000
vn 0.000000 0.000000 -1.000000
vn 0.000000 0.000000 -1.000000
vn 0.000000 -0.000000 -1.000000
vn 0.000000 -0.000000 -1.000000
vn 0.000000 0.000000 -1.000000
vn 0.000000 0.000000 -1.000000
vn 0.000000 0.000000 -1.000000
vn 0.000000 0.000000 -1.000000
vn 0.000000 0.000000 -1.000000
vn 0.000000 0.000000 -1.000000
vn 0.000000 0.000000 -1.000000
vn 0.000000 0.000000 -1.000000
vn 0.000000 -0.000000 -1.000000
vn 0.000000 0.000000 -1.000000
vn 0.000000 0.000000 -1.000000
vn 0.000000 0.000000 -1.000000
vn 0.000000 0.000000 -1.000000
vn 0.000000 0.000000 -1.000000
vn 0.000000 0.000000 -1.000000
vn 0.000000 0.000000 -1.000000
vn 0.000000 0.000000 -1.000000
vn 0.000000 0.000000 -1.000000
vn 0.000000 0.000000 -1.000000
vn 0.000000 0.000000 -1.000000
vn 0.000000 -0.000000 -1.000000
vn 0.000000 0.000000 -1.000000
vn 0.000000 0.000000 -1.000000
vn 0.000000 -0.000000 -1.000000
vn 0.000000 0.000000 -1.000000
f 1//1 2//1 3//1
f 4//2 5//2 6//2
f 7//3 4//3 6//3
f 8//4 7//4 9//4
f 8//5 4//5 7//5
f 10//6 9//6 11//6
f 10//7 8//7 9//7
f 12//8 11//8 13//8
f 12//9 10//9 11//9
f 14//10 12//10 13//10
f 14//11 13//11 15//11
f 16//12 17//12 18//12
f 16//13 18//13 19//13
f 16//14 19//14 20//14
f 21//15 17//15 16//15
f 21//16 22//16 23//16
f 21//17 24//17 22//17
f 21//18 25//18 24//18
f 21//19 23//19 17//19
f 26//20 16//20 20//20
f 26//21 20//21 27//21
f 26//22 27//22 28//22
f 29//23 30//23 25//23
f 29//24 31//24 30//24
f 29//25 21//25 16//25
f 29//26 25//26 21//26
f 29//27 16//27 26//27
f 32//28 26//28 28//28
f 32//29 28//29 33//29
f 32//30 33//30 34//30
f 35//31 36//31 31//31
f 35//32 37//32 36//32
f 35//33 31//33 29//33
f 35//34 29//34 26//34
f 35//35 26//35 32//35
f 38//36 34//36 39//36
f 38//37 39//37 40//37
f 38//38 32//38 34//38
f 41//39 32//39 38//39
f 41//40 37//40 35//40
f 41//41 42//41 37//41
f 41//42 43//42 42//42
f 41//43 35//43 32//43
f 44//44 40//44 45//44
f 44//45 45//45 46//45
f 44//46 38//46 40//46
f 47//47 41//47 38//47
f 47//48 43//48 41//48
f 47//49 48//49 43//49
f 47//50 49//50 48//50
f 47//51 38//51 44//51
f 50//52 47//52 44//52
f 50//53 46//53 51//53
f 50//54 51//54 52//54
f 50//55 44//55 46//55
f 53//56 47//56 50//56
f 53//57 54//57 49//57
f 53//58 55//58 54//58
f 53//59 49//59 47//59
f 56//60 52//60 57//60
f 56//61 57//61 58//61
f 56//62 50//62 52//62
f 59//63 50//63 56//63
f 59//64 60//64 55//64
f 59//65 61//65 60//65
f 59//66 53//66 50//66
f 59//67 55//67 53//67
f 62//68 58//68 63//68
f 62//69 63//69 64//69
f 62//70 56//70 58//70
f 65//71 59//71 56//71
f 65//72 66//72 61//72
f 65//73 67//73 66//73
f 65//74 61//74 59//74
f 65//75 56//75 62//75
f 68//76 64//76 69//76
f 68//77 69//77 70//77
f 68//78 62//78 64//78
f 71//79 67//79 65//79
f 71//80 65//80 62//80
f 71//81 72//81 67//81
f 71//82 73//82 72//82
f 71//83 62//83 68//83
f 74//84 70//84 75//84
f 74//85 75//85 76//85
f 74//86 68//86 70//86
f 77//87 73//87 71//87
f 77//88 71//88 68//88
f 77//89 78//89 73//89
f 77//90 79//90 78//90
f 77//91 68//91 74//91
f 80//92 76//92 81//92
f 80//93 81//93 82//93
f 80//94 74//94 76//94
f 83//95 84//95 79//95
f 83//96 85//96 84//96
f 83//97 74//97 80//97
f 83//98 77//98 74//98
f 83//99 79//99 77//99
f 86//100 80//100 82//100
f 86//101 82//101 87//101
f 86//102 87//102 88//102
f 86//103 83//103 80//103
f 89//104 90//104 85//104
f 89//105 91//105 90//105
f 89//106 85//106 83//106
f 89//107 83//107 86//107
f 92//108 88//108 93//108
f 92//109 93//109 94//109
f 92//110 86//110 88//110
f 95//111 91//111 89//111
f 95//112 86//112 92//112
f 95//113 89//113 86//113
f 95//114 96//114 91//114
f 95//115 97//115 96//115
f 98//116 94//116 99//116
f 98//117 99//117 100//117
f 98//118 100//118 101//118
f 98//119 101//119 2//119
f 98//120 92//120 94//120
f 98//121 2//121 1//121
f 102//122 92//122 98//122
f 102//123 95//123 92//123
f 102//124 1//124 103//124
f 102//125 103//125 6//125
f 102//126 104//126 97//126
f 102//127 5//127 104//127
f 102//128 6//128 5//128
f 102//129 98//129 1//129
f 102//130 97//130 95//130
f 105//131 14//131 15//131
f 105//132 15//132 106//132
f 107//133 108//133 109//133
f 107//134 106//134 110//134
f 107//135 111//135 108//135
f 107//136 112//136 111//136
f 107//137 113//137 112//137
f 107//138 110//138 113//138
f 114//139 105//139 106//139
f 114//140 106//140 107//140
f 114//141 115//141 14//141
f 114//142 116//142 115//142
f 114//143 14//143 105//143
f 117//144 109//144 118//144
f 117//145 107//145 109//145
f 117//146 118//146 119//146
f 120//147 114//147 107//147
f 120//148 121//148 116//148
f 120//149 122//149 121//149
f 120//150 116//150 114//150
f 120//151 107//151 117//151
f 123//152 119//152 124//152
f 123//153 124//153 125//153
f 123//154 117//154 119//154
f 126//155 120//155 117//155
f 126//156 117//156 123//156
f 126//157 122//157 120//157
f 126//158 127//158 122//158
f 126//159 128//159 127//159
f 129//160 125//160 130//160
f 129//161 130//161 131//161
f 129//162 123//162 125//162
f 132//163 123//163 129//163
f 132//164 133//164 128//164
f 132//165 134//165 133//165
f 132//166 126//166 123//166
f 132//167 128//167 126//167
f 135//168 131//168 136//168
f 135//169 136//169 137//169
f 135//170 129//170 131//170
f 138//171 134//171 132//171
f 138//172 129//172 135//172
f 138//173 139//173 134//173
f 138//174 140//174 139//174
f 138//175 132//175 129//175
f 141//176 135//176 137//176
f 141//177 137//177 142//177
f 141//178 142//178 143//178
f 144//179 140//179 138//179
f 144//180 138//180 135//180
f 144//181 135//181 141//181
f 144//182 145//182 140//182
f 144//183 146//183 145//183
f 147//184 143//184 148//184
f 147//185 148//185 149//185
f 147//186 141//186 143//186
f 150//187 146//187 144//187
f 150//188 141//188 147//188
f 150//189 151//189 146//189
f 150//190 152//190 151//190
f 150//191 144//191 141//191
f 153//192 149//192 154//192
f 153//193 154//193 155//193
f 153//194 147//194 149//194
f 156//195 152//195 150//195
f 156//196 150//196 147//196
f 156//197 147//197 153//197
f 156//198 157//198 152//198
f 156//199 158//199 157//199
f 159//200 155//200 160//200
f 159//201 160//201 161//201
f 159//202 153//202 155//202
f 162//203 156//203 153//203
f 162//204 158//204 156//204
f 162//205 153//205 159//205
f 162//206 163//206 158//206
f 162//207 164//207 163//207
f 165//208 161//208 166//208
f 165//209 166//209 167//209
f 165//210 159//210 161//210
f 168//211 162//211 159//211
f 168//212 159//212 165//212
f 168//213 164//213 162//213
f 168//214 169//214 164//214
f 168//215 170//215 169//215
f 171//216 167//216 172//216
f 171//217 172//217 173//217
f 171//218 168//218 165//218
f 171//219 165//219 167//219
f 174//220 170//220 168//220
f 174//221 175//221 170//221
f 174//222 168//222 171//222
f 174//223 176//223 175//223
f 177//224 174//224 171//224
f 177//225 173//225 178//225
f 177//226 178//226 179//226
f 177//227 171//227 173//227
f 180//228 176//228 174//228
f 180//229 181//229 176//229
f 180//230 182//230 181//230
f 180//231 174//231 177//231
f 183//232 179//232 184//232
f 183//233 184//233 185//233
f 183//234 177//234 179//234
f 186//235 180//235 177//235
f 186//236 182//236 180//236
f 186//237 177//237 183//237
f 186//238 187//238 182//238
f 186//239 188//239 187//239
f 189//240 185//240 190//240
f 189//241 190//241 191//241
f 189//242 191//242 192//242
f 189//243 183//243 185//243
f 193//244 189//244 192//244
f 193//245 192//245 194//245
f 193//246 186//246 183//246
f 193//247 188//247 186//247
f 193//248 183//248 189//248
f 193//249 195//249 188//249
f 193//250 196//250 195//250
f 193//251 194//251 196//251
f 111//252 197//252 108//252
f 112//253 197//253 111//253
f 113//254 197//254 112//254
f 110//255 197//255 113//255
f 110//256 198//256 197//256
f 198//257 199//257 197//257
f 197//258 199//258 200//258
f 201//259 100//259 99//259
f 201//260 101//260 100//260
f 201//261 2//261 101//261
f 202//262 3//262 201//262
f 201//263 3//263 2//263
f 203//264 204//264 201//264
f 204//265 202//265 201//265
f 205//266 206//266 207//266
f 208//267 209//267 210//267
f 209//268 211//268 210//268
f 211//269 212//269 213//269
f 209//270 212//270 211//270
f 213//271 214//271 215//271
f 212//272 214//272 213//272
f 215//273 216//273 217//273
f 214//274 216//274 215//274
f 216//275 218//275 217//275
f 217//276 218//276 219//276
f 17//277 220//277 221//277
f 221//278 220//278 222//278
f 222//279 220//279 223//279
f 17//280 224//280 220//280
f 225//281 224//281 23//281
f 226//282 224//282 225//282
f 227//283 224//283 226//283
f 23//284 224//284 17//284
f 220//285 228//285 223//285
f 223//286 228//286 229//286
f 229//287 228//287 230//287
f 231//288 232//288 227//288
f 233//289 232//289 231//289
f 224//290 232//290 220//290
f 227//291 232//291 224//291
f 220//292 232//292 228//292
f 228//293 234//293 230//293
f 230//294 234//294 235//294
f 235//295 234//295 236//295
f 237//296 238//296 233//296
f 239//297 238//297 237//297
f 233//298 238//298 232//298
f 232//299 238//299 228//299
f 228//300 238//300 234//300
f 236//301 240//301 241//301
f 241//302 240//302 242//302
f 238//303 240//303 234//303
f 234//304 240//304 236//304
f 239//305 243//305 238//305
f 244//306 243//306 239//306
f 245//307 243//307 244//307
f 238//308 243//308 240//308
f 242//309 246//309 247//309
f 247//310 246//310 248//310
f 243//311 246//311 240//311
f 240//312 246//312 242//312
f 245//313 249//313 243//313
f 250//314 249//314 245//314
f 251//315 249//315 250//315
f 243//316 249//316 246//316
f 248//317 252//317 253//317
f 253//318 252//318 254//318
f 246//319 252//319 248//319
f 255//320 256//320 251//320
f 257//321 256//321 255//321
f 246//322 256//322 252//322
f 251//323 256//323 249//323
f 249//324 256//324 246//324
f 254//325 258//325 259//325
f 259//326 258//326 260//326
f 252//327 258//327 254//327
f 252//328 261//328 258//328
f 262//329 261//329 257//329
f 263//330 261//330 262//330
f 256//331 261//331 252//331
f 257//332 261//332 256//332
f 260//333 264//333 265//333
f 265//334 264//334 266//334
f 258//335 264//335 260//335
f 261//336 267//336 258//336
f 268//337 267//337 263//337
f 269//338 267//338 268//338
f 263//339 267//339 261//339
f 258//340 267//340 264//340
f 266//341 270//341 271//341
f 271//342 270//342 272//342
f 264//343 270//343 266//343
f 269//344 273//344 267//344
f 267//345 273//345 264//345
f 274//346 273//346 269//346
f 275//347 273//347 274//347
f 264//348 273//348 270//348
f 272//349 276//349 277//349
f 277//350 276//350 278//350
f 270//351 276//351 272//351
f 273//352 279//352 270//352
f 270//353 279//353 276//353
f 280//354 279//354 275//354
f 281//355 279//355 280//355
f 275//356 279//356 273//356
f 278//357 282//357 283//357
f 283//358 282//358 284//358
f 276//359 282//359 278//359
f 279//360 282//360 276//360
f 285//361 286//361 281//361
f 287//362 286//362 285//362
f 279//363 286//363 282//363
f 281//364 286//364 279//364
f 284//365 288//365 289//365
f 289//366 288//366 290//366
f 286//367 288//367 282//367
f 282//368 288//368 284//368
f 291//369 292//369 287//369
f 293//370 292//370 291//370
f 286//371 292//371 288//371
f 287//372 292//372 286//372
f 290//373 294//373 295//373
f 295//374 294//374 296//374
f 288//375 294//375 290//375
f 288//376 297//376 294//376
f 292//377 297//377 288//377
f 298//378 297//378 293//378
f 299//379 297//379 298//379
f 293//380 297//380 292//380
f 296//381 300//381 301//381
f 301//382 300//382 302//382
f 302//383 300//383 303//383
f 303//384 300//384 205//384
f 294//385 300//385 296//385
f 205//386 300//386 206//386
f 206//387 304//387 305//387
f 305//388 304//388 210//388
f 299//389 304//389 297//389
f 294//390 304//390 300//390
f 306//391 304//391 299//391
f 208//392 304//392 306//392
f 300//393 304//393 206//393
f 297//394 304//394 294//394
f 210//395 304//395 208//395
f 218//396 307//396 219//396
f 219//397 307//397 308//397
f 309//398 310//398 311//398
f 308//399 310//399 312//399
f 313//400 310//400 309//400
f 314//401 310//401 313//401
f 315//402 310//402 314//402
f 312//403 310//403 315//403
f 218//404 316//404 307//404
f 307//405 316//405 308//405
f 308//406 316//406 310//406
f 317//407 316//407 218//407
f 318//408 316//408 317//408
f 311//409 319//409 320//409
f 320//410 319//410 321//410
f 310//411 319//411 311//411
f 316//412 322//412 310//412
f 310//413 322//413 319//413
f 323//414 322//414 318//414
f 324//415 322//415 323//415
f 318//416 322//416 316//416
f 321//417 325//417 326//417
f 326//418 325//418 327//418
f 319//419 325//419 321//419
f 324//420 328//420 322//420
f 322//421 328//421 319//421
f 329//422 328//422 324//422
f 330//423 328//423 329//423
f 319//424 328//424 325//424
f 327//425 331//425 332//425
f 332//426 331//426 333//426
f 325//427 331//427 327//427
f 328//428 334//428 325//428
f 330//429 334//429 328//429
f 325//430 334//430 331//430
f 335//431 334//431 330//431
f 336//432 334//432 335//432
f 333//433 337//433 338//433
f 338//434 337//434 339//434
f 331//435 337//435 333//435
f 336//436 340//436 334//436
f 331//437 340//437 337//437
f 334//438 340//438 331//438
f 341//439 340//439 336//439
f 342//440 340//440 341//440
f 339//441 343//441 344//441
f 344//442 343//442 345//442
f 337//443 343//443 339//443
f 337//444 346//444 343//444
f 342//445 346//445 340//445
f 340//446 346//446 337//446
f 347//447 346//447 342//447
f 348//448 346//448 347//448
f 345//449 349//449 350//449
f 350//450 349//450 351//450
f 343//451 349//451 345//451
f 343//452 352//452 349//452
f 346//453 352//453 343//453
f 348//454 352//454 346//454
f 353//455 352//455 348//455
f 354//456 352//456 353//456
f 351//457 355//457 356//457
f 356//458 355//458 357//458
f 349//459 355//459 351//459
f 352//460 355//460 349//460
f 354//461 358//461 352//461
f 352//462 358//462 355//462
f 359//463 358//463 354//463
f 360//464 358//464 359//464
f 357//465 361//465 362//465
f 362//466 361//466 363//466
f 355//467 361//467 357//467
f 358//468 364//468 355//468
f 360//469 364//469 358//469
f 355//470 364//470 361//470
f 365//471 364//471 360//471
f 366//472 364//472 365//472
f 363//473 367//473 368//473
f 368//474 367//474 369//474
f 364//475 367//475 361//475
f 361//476 367//476 363//476
f 364//477 370//477 367//477
f 366//478 370//478 364//478
f 371//479 370//479 366//479
f 372//480 370//480 371//480
f 369//481 373//481 374//481
f 374//482 373//482 375//482
f 367//483 373//483 369//483
f 372//484 376//484 370//484
f 367//485 376//485 373//485
f 377//486 376//486 372//486
f 370//487 376//487 367//487
f 378//488 376//488 377//488
f 376//489 379//489 373//489
f 375//490 379//490 380//490
f 380//491 379//491 381//491
f 373//492 379//492 375//492
f 378//493 382//493 376//493
f 383//494 382//494 378//494
f 384//495 382//495 383//495
f 376//496 382//496 379//496
f 381//497 385//497 386//497
f 386//498 385//498 387//498
f 379//499 385//499 381//499
f 382//500 385//500 379//500
f 382//501 388//501 385//501
f 384//502 388//502 382//502
f 389//503 388//503 384//503
f 390//504 388//504 389//504
f 388//505 391//505 385//505
f 387//506 391//506 392//506
f 392//507 391//507 393//507
f 393//508 391//508 192//508
f 192//509 391//509 194//509
f 385//510 391//510 387//510
f 388//511 394//511 391//511
f 390//512 394//512 388//512
f 391//513 394//513 194//513
f 395//514 394//514 390//514
f 396//515 394//515 395//515
f 194//516 394//516 396//516
f 397//517 15//517 13//517
f 397//518 106//518 15//518
f 397//519 110//519 106//519
f 198//520 110//520 397//520
f 23//521 22//521 398//521
f 398//522 22//522 399//522
f 399//523 24//523 400//523
f 22//524 24//524 399//524
f 400//525 25//525 401//525
f 24//526 25//526 400//526
f 25//527 402//527 401//527
f 25//528 30//528 402//528
f 402//529 31//529 403//529
f 30//530 31//530 402//530
f 403//531 36//531 404//531
f 31//532 36//532 403//532
f 404//533 37//533 405//533
f 36//534 37//534 404//534
f 37//535 406//535 405//535
f 37//536 42//536 406//536
f 406//537 43//537 407//537
f 42//538 43//538 406//538
f 43//539 408//539 407//539
f 43//540 48//540 408//540
f 408//541 49//541 409//541
f 48//542 49//542 408//542
f 409//543 54//543 410//543
f 49//544 54//544 409//544
f 410//545 55//545 411//545
f 54//546 55//546 410//546
f 411//547 60//547 412//547
f 55//548 60//548 411//548
f 412//549 61//549 413//549
f 60//550 61//550 412//550
f 413//551 66//551 414//551
f 61//552 66//552 413//552
f 414//553 67//553 415//553
f 66//554 67//554 414//554
f 415//555 72//555 416//555
f 67//556 72//556 415//556
f 72//557 73//557 416//557
f 416//558 73//558 417//558
f 73//559 78//559 417//559
f 417//560 78//560 418//560
f 78//561 79//561 418//561
f 418//562 79//562 419//562
f 79//563 84//563 419//563
f 419//564 84//564 420//564
f 84//565 85//565 420//565
f 420//566 85//566 421//566
f 421//567 90//567 422//567
f 85//568 90//568 421//568
f 422//569 91//569 423//569
f 90//570 91//570 422//570
f 423//571 96//571 424//571
f 91//572 96//572 423//572
f 424//573 97//573 425//573
f 96//574 97//574 424//574
f 425//575 104//575 426//575
f 97//576 104//576 425//576
f 426//577 5//577 427//577
f 104//578 5//578 426//578
f 427//579 4//579 428//579
f 5//580 4//580 427//580
f 428//581 8//581 429//581
f 4//582 8//582 428//582
f 429//583 10//583 430//583
f 8//584 10//584 429//584
f 10//585 431//585 430//585
f 10//586 12//586 431//586
f 431//587 14//587 432//587
f 12//588 14//588 431//588
f 432//589 115//589 433//589
f 14//590 115//590 432//590
f 433//591 116//591 434//591
f 115//592 116//592 433//592
f 116//593 435//593 434//593
f 116//594 121//594 435//594
f 121//595 436//595 435//595
f 121//596 122//596 436//596
f 436//597 127//597 437//597
f 122//598 127//598 436//598
f 127//599 438//599 437//599
f 127//600 128//600 438//600
f 438//601 133//601 439//601
f 128//602 133//602 438//602
f 133//603 440//603 439//603
f 133//604 134//604 440//604
f 134//605 139//605 440//605
f 440//606 139//606 441//606
f 139//607 442//607 441//607
f 139//608 140//608 442//608
f 140//609 145//609 442//609
f 442//610 145//610 443//610
f 145//611 146//611 443//611
f 443//612 146//612 444//612
f 146//613 151//613 444//613
f 444//614 151//614 445//614
f 151//615 446//615 445//615
f 151//616 152//616 446//616
f 152//617 157//617 446//617
f 446//618 157//618 447//618
f 157//619 448//619 447//619
f 157//620 158//620 448//620
f 158//621 449//621 448//621
f 158//622 163//622 449//622
f 163//623 164//623 449//623
f 449//624 164//624 450//624
f 164//625 451//625 450//625
f 164//626 169//626 451//626
f 169//627 170//627 451//627
f 451//628 170//628 452//628
f 170//629 453//629 452//629
f 170//630 175//630 453//630
f 175//631 454//631 453//631
f 175//632 176//632 454//632
f 176//633 181//633 454//633
f 454//634 181//634 455//634
f 455//635 182//635 456//635
f 181//636 182//636 455//636
f 182//637 457//637 456//637
f 182//638 187//638 457//638
f 457//639 188//639 458//639
f 187//640 188//640 457//640
f 188//641 459//641 458//641
f 188//642 195//642 459//642
f 459//643 196//643 460//643
f 195//644 196//644 459//644
f 460//645 194//645 461//645
f 196//646 194//646 460//646
f 103//647 462//647 6//647
f 1//648 462//648 103//648
f 3//649 202//649 462//649
f 3//650 462//650 1//650
f 463//651 313//651 309//651
f 463//652 314//652 313//652
f 463//653 315//653 314//653
f 463//654 312//654 315//654
f 464//655 312//655 463//655
f 465//656 464//656 463//656
f 465//657 463//657 466//657
f 467//658 198//658 397//658
f 199//659 198//659 467//659
f 302//660 468//660 301//660
f 303//661 468//661 302//661
f 205//662 468//662 303//662
f 207//663 469//663 468//663
f 207//664 468//664 205//664
f 470//665 471//665 468//665
f 469//666 470//666 468//666
f 462//667 204//667 472//667
f 202//668 204//668 462//668
f 219//669 473//669 217//669
f 308//670 473//670 219//670
f 312//671 473//671 308//671
f 312//672 464//672 473//672
f 225//673 23//673 398//673
f 225//674 398//674 474//674
f 226//675 474//675 475//675
f 226//676 225//676 474//676
f 227//677 475//677 476//677
f 227//678 226//678 475//678
f 477//679 227//679 476//679
f 231//680 227//680 477//680
f 233//681 477//681 478//681
f 233//682 231//682 477//682
f 237//683 478//683 479//683
f 237//684 233//684 478//684
f 239//685 479//685 480//685
f 239//686 237//686 479//686
f 481//687 239//687 480//687
f 244//688 239//688 481//688
f 245//689 481//689 482//689
f 245//690 244//690 481//690
f 483//691 245//691 482//691
f 250//692 245//692 483//692
f 251//693 483//693 484//693
f 251//694 250//694 483//694
f 255//695 484//695 485//695
f 255//696 251//696 484//696
f 257//697 485//697 486//697
f 257//698 255//698 485//698
f 262//699 486//699 487//699
f 262//700 257//700 486//700
f 263//701 487//701 488//701
f 263//702 262//702 487//702
f 268//703 488//703 489//703
f 268//704 263//704 488//704
f 269//705 489//705 490//705
f 269//706 268//706 489//706
f 274//707 490//707 491//707
f 274//708 269//708 490//708
f 275//709 274//709 491//709
f 275//710 491//710 492//710
f 280//711 275//711 492//711
f 280//712 492//712 493//712
f 281//713 280//713 493//713
f 281//714 493//714 494//714
f 285//715 281//715 494//715
f 285//716 494//716 495//716
f 287//717 285//717 495//717
f 287//718 495//718 496//718
f 291//719 496//719 497//719
f 291//720 287//720 496//720
f 293//721 497//721 498//721
f 293//722 291//722 497//722
f 298//723 498//723 499//723
f 298//724 293//724 498//724
f 299//725 499//725 500//725
f 299//726 298//726 499//726
f 306//727 500//727 501//727
f 306//728 299//728 500//728
f 208//729 501//729 502//729
f 208//730 306//730 501//730
f 209//731 502//731 503//731
f 209//732 208//732 502//732
f 212//733 503//733 504//733
f 212//734 209//734 503//734
f 214//735 504//735 505//735
f 214//736 212//736 504//736
f 506//737 214//737 505//737
f 216//738 214//738 506//738
f 218//739 506//739 507//739
f 218//740 216//740 506//740
f 317//741 507//741 508//741
f 317//742 218//742 507//742
f 318//743 508//743 509//743
f 318//744 317//744 508//744
f 510//745 318//745 509//745
f 323//746 318//746 510//746
f 511//747 323//747 510//747
f 324//748 323//748 511//748
f 329//749 511//749 512//749
f 329//750 324//750 511//750
f 513//751 329//751 512//751
f 330//752 329//752 513//752
f 335//753 513//753 514//753
f 335//754 330//754 513//754
f 515//755 335//755 514//755
f 336//756 335//756 515//756
f 341//757 336//757 515//757
f 341//758 515//758 516//758
f 517//759 341//759 516//759
f 342//760 341//760 517//760
f 347//761 342//761 517//761
f 347//762 517//762 518//762
f 348//763 347//763 518//763
f 348//764 518//764 519//764
f 353//765 348//765 519//765
f 353//766 519//766 520//766
f 521//767 353//767 520//767
f 354//768 353//768 521//768
f 359//769 354//769 521//769
f 359//770 521//770 522//770
f 523//771 359//771 522//771
f 360//772 359//772 523//772
f 524//773 360//773 523//773
f 365//774 360//774 524//774
f 366//775 365//775 524//775
f 366//776 524//776 525//776
f 526//777 366//777 525//777
f 371//778 366//778 526//778
f 372//779 371//779 526//779
f 372//780 526//780 527//780
f 528//781 372//781 527//781
f 377//782 372//782 528//782
f 529//783 377//783 528//783
f 378//784 377//784 529//784
f 383//785 378//785 529//785
f 383//786 529//786 530//786
f 384//787 530//787 531//787
f 384//788 383//788 530//788
f 532//789 384//789 531//789
f 389//790 384//790 532//790
f 390//791 532//791 533//791
f 390//792 389//792 532//792
f 534//793 390//793 533//793
f 395//794 390//794 534//794
f 396//795 534//795 535//795
f 396//796 395//796 534//796
f 194//797 535//797 461//797
f 194//798 396//798 535//798
f 536//799 305//799 210//799
f 536//800 206//800 305//800
f 469//801 207//801 536//801
f 536//802 207//802 206//802
f 464//803 537//803 473//803
f 464//804 465//804 537//804
f 470//805 536//805 538//805
f 470//806 469//806 536//806
f 142//807 539//807 143//807
f 540//808 148//808 143//808
f 540//809 149//809 148//809
f 540//810 154//810 149//810
f 540//811 155//811 154//811
f 540//812 160//812 155//812
f 540//813 161//813 160//813
f 540//814 166//814 161//814
f 540//815 167//815 166//815
f 540//816 172//816 167//816
f 540//817 173//817 172//817
f 540//818 178//818 173//818
f 540//819 179//819 178//819
f 540//820 143//820 539//820
f 184//821 179//821 540//821
f 541//822 119//822 118//822
f 541//823 124//823 119//823
f 541//824 125//824 124//824
f 541//825 130//825 125//825
f 541//826 131//826 130//826
f 541//827 136//827 131//827
f 541//828 137//828 136//828
f 541//829 142//829 137//829
f 185//830 184//830 540//830
f 542//831 190//831 185//831
f 542//832 191//832 190//832
f 542//833 192//833 191//833
f 542//834 541//834 200//834
f 542//835 185//835 540//835
f 197//836 109//836 108//836
f 197//837 118//837 109//837
f 197//838 541//838 118//838
f 197//839 200//839 541//839
f 543//840 356//840 357//840
f 543//841 357//841 362//841
f 543//842 362//842 363//842
f 543//843 363//843 368//843
f 543//844 368//844 369//844
f 543//845 369//845 374//845
f 543//846 374//846 375//846
f 543//847 375//847 380//847
f 543//848 380//848 381//848
f 543//849 381//849 386//849
f 543//850 386//850 387//850
f 351//851 356//851 543//851
f 350//852 351//852 543//852
f 345//853 350//853 543//853
f 544//854 345//854 543//854
f 545//855 192//855 542//855
f 545//856 543//856 387//856
f 545//857 387//857 392//857
f 545//858 392//858 393//858
f 545//859 393//859 192//859
f 344//860 345//860 544//860
f 546//861 333//861 338//861
f 546//862 338//862 339//862
f 546//863 339//863 344//863
f 546//864 545//864 466//864
f 332//865 333//865 546//865
f 463//866 546//866 466//866
f 327//867 332//867 546//867
f 326//868 327//868 546//868
f 321//869 326//869 546//869
f 320//870 321//870 546//870
f 320//871 546//871 463//871
f 311//872 320//872 463//872
f 309//873 311//873 463//873
f 200//874 466//874 545//874
f 200//875 545//875 542//875
f 541//876 539//876 142//876
f 544//877 546//877 344//877
f 547//878 548//878 549//878
f 547//879 549//879 550//879
f 551//880 549//880 548//880
f 551//881 552//881 549//881
f 553//882 552//882 551//882
f 553//883 554//883 552//883
f 555//884 550//884 556//884
f 555//885 547//885 550//885
f 557//886 554//886 553//886
f 557//887 558//887 554//887
f 559//888 555//888 556//888
f 559//889 556//889 560//889
f 561//890 560//890 562//890
f 561//891 559//891 560//891
f 563//892 558//892 557//892
f 563//893 564//893 558//893
f 565//894 562//894 566//894
f 565//895 561//895 562//895
f 567//896 564//896 563//896
f 567//897 568//897 564//897
f 569//898 568//898 567//898
f 569//899 570//899 568//899
f 571//900 565//900 566//900
f 571//901 566//901 572//901
f 571//902 572//902 573//902
f 574//903 570//903 569//903
f 574//904 575//904 576//904
f 574//905 576//905 570//905
f 577//906 571//906 573//906
f 578//907 575//907 574//907
f 579//908 573//908 580//908
f 579//909 577//909 573//909
f 581//910 582//910 575//910
f 581//911 575//911 578//911
f 583//912 580//912 584//912
f 583//913 579//913 580//913
f 585//914 586//914 587//914
f 585//915 587//915 582//915
f 585//916 582//916 581//916
f 588//917 584//917 589//917
f 588//918 583//918 584//918
f 590//919 586//919 585//919
f 591//920 589//920 592//920
f 591//921 588//921 589//921
f 593//922 594//922 586//922
f 593//923 586//923 590//923
f 595//924 592//924 596//924
f 595//925 591//925 592//925
f 597//926 598//926 594//926
f 597//927 594//927 593//927
f 599//928 595//928 596//928
f 599//929 596//929 600//929
f 601//930 602//930 598//930
f 601//931 598//931 597//931
f 603//932 599//932 600//932
f 603//933 600//933 604//933
f 605//934 604//934 606//934
f 605//935 603//935 604//935
f 607//936 606//936 608//936
f 607//937 605//937 606//937
f 609//938 608//938 610//938
f 609//939 607//939 608//939
f 611//940 609//940 610//940
f 612//941 611//941 610//941
f 613//942 612//942 610//942
f 614//943 613//943 610//943
f 615//944 614//944 610//944
f 616//945 615//945 610//945
f 616//946 610//946 617//946
f 616//947 617//947 618//947
f 619//948 616//948 618//948
f 619//949 618//949 620//949
f 619//950 620//950 621//950
f 622//951 619//951 621//951
f 622//952 621//952 623//952
f 622//953 623//953 624//953
f 622//954 624//954 625//954
f 626//955 622//955 625//955
f 626//956 625//956 627//956
f 626//957 627//957 628//957
f 626//958 628//958 629//958
f 630//959 626//959 629//959
f 630//960 629//960 631//960
f 630//961 631//961 632//961
f 633//962 630//962 632//962
f 633//963 632//963 634//963
f 633//964 634//964 635//964
f 633//965 635//965 636//965
f 637//966 633//966 636//966
f 637//967 636//967 638//967
f 639//968 637//968 638//968
f 640//969 639//969 638//969
f 641//970 640//970 638//970
f 642//971 641//971 638//971
f 643//972 642//972 638//972
f 644//973 642//973 643//973
f 644//974 643//974 645//974
f 644//975 645//975 646//975
f 644//976 646//976 647//976
f 644//977 647//977 648//977
f 644//978 648//978 649//978
f 650//979 644//979 649//979
f 651//980 644//980 650//980
f 652//981 644//981 651//981
f 653//982 644//982 652//982
f 654//983 644//983 653//983
f 655//984 656//984 644//984
f 655//985 644//985 654//985
f 657//986 656//986 655//986
f 658//987 659//987 656//987
f 658//988 656//988 657//988
f 660//989 659//989 658//989
f 661//990 659//990 660//990
f 661//991 662//991 659//991
f 663//992 662//992 661//992
f 663//993 664//993 662//993
f 663//994 665//994 664//994
f 663//995 666//995 665//995
f 663//996 667//996 666//996
f 663//997 668//997 667//997
f 669//998 668//998 663//998
f 670//999 669//999 663//999
f 671//1000 670//1000 663//1000
f 672//1001 671//1001 663//1001
f 673//1002 672//1002 663//1002
f 674//1003 673//1003 663//1003
f 675//1004 674//1004 663//1004
f 676//1005 675//1005 663//1005
f 677//1006 678//1006 679//1006
f 677//1007 679//1007 680//1007
f 681//1008 679//1008 682//1008
f 681//1009 680//1009 679//1009
f 683//1010 678//1010 677//1010
f 683//1011 684//1011 678//1011
f 685//1012 681//1012 682//1012
f 685//1013 682//1013 686//1013
f 687//1014 684//1014 683//1014
f 687//1015 688//1015 684//1015
f 689//1016 686//1016 690//1016
f 689//1017 685//1017 686//1017
f 691//1018 688//1018 687//1018
f 691//1019 692//1019 693//1019
f 691//1020 693//1020 688//1020
f 694//1021 689//1021 690//1021
f 694//1022 690//1022 695//1022
f 694//1023 695//1023 696//1023
f 697//1024 692//1024 691//1024
f 698//1025 696//1025 699//1025
f 698//1026 694//1026 696//1026
f 700//1027 692//1027 697//1027
f 700//1028 701//1028 702//1028
f 700//1029 702//1029 692//1029
f 703//1030 698//1030 699//1030
f 704//1031 703//1031 699//1031
f 704//1032 699//1032 705//1032
f 706//1033 701//1033 700//1033
f 707//1034 704//1034 705//1034
f 707//1035 705//1035 708//1035
f 707//1036 708//1036 709//1036
f 710//1037 701//1037 706//1037
f 710//1038 711//1038 712//1038
f 710//1039 712//1039 701//1039
f 713//1040 711//1040 710//1040
f 714//1041 707//1041 709//1041
f 715//1042 711//1042 713//1042
f 715//1043 716//1043 711//1043
f 717//1044 714//1044 709//1044
f 717//1045 709//1045 718//1045
f 719//1046 716//1046 715//1046
f 719//1047 720//1047 716//1047
f 721//1048 717//1048 718//1048
f 721//1049 718//1049 722//1049
f 721//1050 722//1050 723//1050
f 724//1051 720//1051 719//1051
f 724//1052 725//1052 726//1052
f 724//1053 726//1053 720//1053
f 727//1054 721//1054 723//1054
f 728//1055 725//1055 724//1055
f 729//1056 727//1056 723//1056
f 729//1057 723//1057 730//1057
f 731//1058 725//1058 728//1058
f 731//1059 732//1059 725//1059
f 733//1060 729//1060 730//1060
f 733//1061 730//1061 734//1061
f 735//1062 733//1062 734//1062
f 735//1063 734//1063 736//1063
f 737//1064 735//1064 736//1064
f 737//1065 736//1065 738//1065
f 739//1066 737//1066 738//1066
f 740//1067 741//1067 742//1067
f 740//1068 743//1068 741//1068
f 740//1069 744//1069 743//1069
f 740//1070 745//1070 744//1070
f 740//1071 746//1071 745//1071
f 740//1072 739//1072 746//1072
f 740//1073 737//1073 739//1073
f 747//1074 748//1074 749//1074
f 747//1075 750//1075 748//1075
f 747//1076 751//1076 750//1076
f 747//1077 752//1077 751//1077
f 747//1078 753//1078 752//1078
f 747//1079 754//1079 753//1079
f 747//1080 755//1080 754//1080
f 747//1081 756//1081 755//1081
f 747//1082 757//1082 756//1082
f 747//1083 758//1083 757//1083
f 747//1084 759//1084 758//1084
f 747//1085 760//1085 759//1085
f 747//1086 761//1086 760//1086
f 747//1087 676//1087 663//1087
f 747//1088 749//1088 676//1088
f 762//1089 763//1089 761//1089
f 762//1090 761//1090 747//1090
f 764//1091 740//1091 742//1091
f 765//1092 763//1092 762//1092
f 766//1093 742//1093 767//1093
f 766//1094 764//1094 742//1094
f 768//1095 769//1095 763//1095
f 768//1096 763//1096 765//1096
f 770//1097 766//1097 767//1097
f 771//1098 769//1098 768//1098
f 772//1099 767//1099 773//1099
f 772//1100 770//1100 767//1100
f 774//1101 775//1101 769//1101
f 774//1102 769//1102 771//1102
f 776//1103 772//1103 773//1103
f 777//1104 775//1104 774//1104
f 778//1105 776//1105 773//1105
f 779//1106 775//1106 777//1106
f 780//1107 773//1107 781//1107
f 780//1108 778//1108 773//1108
f 782//1109 775//1109 779//1109
f 783//1110 780//1110 781//1110
f 784//1111 775//1111 782//1111
f 785//1112 783//1112 781//1112
f 786//1113 775//1113 784//1113
f 787//1114 781//1114 788//1114
f 787//1115 785//1115 781//1115
f 789//1116 775//1116 786//1116
f 790//1117 787//1117 788//1117
f 791//1118 775//1118 789//1118
f 792//1119 788//1119 793//1119
f 792//1120 790//1120 788//1120
f 794//1121 775//1121 791//1121
f 795//1122 792//1122 793//1122
f 796//1123 775//1123 794//1123
f 797//1124 795//1124 793//1124
f 798//1125 775//1125 796//1125
f 799//1126 793//1126 800//1126
f 799//1127 797//1127 793//1127
f 801//1128 802//1128 775//1128
f 801//1129 775//1129 798//1129
f 803//1130 804//1130 802//1130
f 803//1131 805//1131 804//1131
f 803//1132 806//1132 805//1132
f 803//1133 800//1133 806//1133
f 803//1134 799//1134 800//1134
f 803//1135 802//1135 801//1135
f 542//1136 540//1136 807//1136
f 542//1137 807//1137 808//1137
f 808//1138 807//1138 602//1138
f 808//1139 602//1139 601//1139
f 809//1140 810//1140 811//1140
f 809//1141 811//1141 812//1141
f 812//1142 811//1142 732//1142
f 812//1143 732//1143 731//1143
f 813//1144 607//1144 814//1144
f 607//1145 609//1145 814//1145
f 814//1146 609//1146 611//1146
f 815//1147 814//1147 611//1147
f 816//1148 611//1148 612//1148
f 816//1149 815//1149 611//1149
f 817//1150 612//1150 613//1150
f 817//1151 816//1151 612//1151
f 818//1152 613//1152 614//1152
f 818//1153 817//1153 613//1153
f 819//1154 614//1154 615//1154
f 819//1155 615//1155 616//1155
f 819//1156 818//1156 614//1156
f 820//1157 819//1157 616//1157
f 821//1158 616//1158 619//1158
f 821//1159 619//1159 622//1159
f 821//1160 820//1160 616//1160
f 822//1161 622//1161 626//1161
f 822//1162 821//1162 622//1162
f 823//1163 822//1163 626//1163
f 824//1164 626//1164 630//1164
f 824//1165 630//1165 633//1165
f 824//1166 823//1166 626//1166
f 825//1167 824//1167 633//1167
f 826//1168 633//1168 637//1168
f 826//1169 825//1169 633//1169
f 827//1170 637//1170 639//1170
f 827//1171 826//1171 637//1171
f 828//1172 639//1172 640//1172
f 828//1173 827//1173 639//1173
f 829//1174 640//1174 641//1174
f 829//1175 641//1175 642//1175
f 829//1176 828//1176 640//1176
f 830//1177 829//1177 642//1177
f 541//1178 542//1178 808//1178
f 831//1179 541//1179 808//1179
f 832//1180 808//1180 601//1180
f 832//1181 601//1181 597//1181
f 832//1182 831//1182 808//1182
f 833//1183 832//1183 597//1183
f 834//1184 597//1184 593//1184
f 834//1185 593//1185 590//1185
f 834//1186 833//1186 597//1186
f 835//1187 590//1187 585//1187
f 835//1188 834//1188 590//1188
f 836//1189 835//1189 585//1189
f 837//1190 585//1190 581//1190
f 837//1191 836//1191 585//1191
f 838//1192 581//1192 578//1192
f 838//1193 578//1193 574//1193
f 838//1194 837//1194 581//1194
f 839//1195 838//1195 574//1195
f 840//1196 574//1196 569//1196
f 840//1197 839//1197 574//1197
f 841//1198 569//1198 567//1198
f 841//1199 567//1199 563//1199
f 841//1200 840//1200 569//1200
f 842//1201 841//1201 563//1201
f 843//1202 563//1202 557//1202
f 843//1203 557//1203 553//1203
f 843//1204 842//1204 563//1204
f 844//1205 843//1205 553//1205
f 845//1206 553//1206 551//1206
f 845//1207 551//1207 548//1207
f 845//1208 844//1208 553//1208
f 846//1209 845//1209 548//1209
f 847//1210 548//1210 547//1210
f 847//1211 846//1211 548//1211
f 848//1212 547//1212 555//1212
f 848//1213 847//1213 547//1213
f 849//1214 555//1214 559//1214
f 849//1215 559//1215 561//1215
f 849//1216 848//1216 555//1216
f 850//1217 849//1217 561//1217
f 851//1218 561//1218 565//1218
f 851//1219 565//1219 571//1219
f 851//1220 850//1220 561//1220
f 852//1221 851//1221 571//1221
f 853//1222 571//1222 577//1222
f 853//1223 852//1223 571//1223
f 854//1224 577//1224 579//1224
f 854//1225 579//1225 583//1225
f 854//1226 853//1226 577//1226
f 855//1227 854//1227 583//1227
f 856//1228 583//1228 588//1228
f 856//1229 588//1229 591//1229
f 856//1230 855//1230 583//1230
f 857//1231 856//1231 591//1231
f 858//1232 591//1232 595//1232
f 858//1233 857//1233 591//1233
f 859//1234 595//1234 599//1234
f 859//1235 858//1235 595//1235
f 860//1236 599//1236 603//1236
f 860//1237 859//1237 599//1237
f 861//1238 603//1238 605//1238
f 861//1239 605//1239 607//1239
f 861//1240 860//1240 603//1240
f 813//1241 861//1241 607//1241
f 644//1242 862//1242 642//1242
f 862//1243 863//1243 642//1243
f 863//1244 864//1244 642//1244
f 864//1245 865//1245 642//1245
f 865//1246 866//1246 642//1246
f 866//1247 867//1247 642//1247
f 867//1248 868//1248 642//1248
f 868//1249 869//1249 642//1249
f 869//1250 870//1250 642//1250
f 871//1251 872//1251 873//1251
f 874//1252 872//1252 871//1252
f 873//1253 875//1253 876//1253
f 872//1254 875//1254 873//1254
f 876//1255 877//1255 878//1255
f 875//1256 877//1256 876//1256
f 878//1257 879//1257 880//1257
f 877//1258 879//1258 878//1258
f 880//1259 881//1259 882//1259
f 879//1260 881//1260 880//1260
f 881//1261 883//1261 882//1261
f 883//1262 884//1262 882//1262
f 882//1263 884//1263 885//1263
f 884//1264 886//1264 885//1264
f 885//1265 886//1265 887//1265
f 886//1266 888//1266 887//1266
f 887//1267 889//1267 890//1267
f 888//1268 889//1268 887//1268
f 889//1269 891//1269 890//1269
f 890//1270 891//1270 892//1270
f 891//1271 893//1271 892//1271
f 892//1272 894//1272 870//1272
f 893//1273 894//1273 892//1273
f 870//1274 894//1274 642//1274
f 642//1275 895//1275 830//1275
f 894//1276 895//1276 642//1276
f 895//1277 896//1277 830//1277
f 896//1278 897//1278 830//1278
f 897//1279 898//1279 830//1279
f 898//1280 899//1280 830//1280
f 899//1281 900//1281 830//1281
f 900//1282 901//1282 830//1282
f 901//1283 902//1283 830//1283
f 902//1284 903//1284 830//1284
f 904//1285 644//1285 656//1285
f 904//1286 656//1286 659//1286
f 904//1287 862//1287 644//1287
f 905//1288 659//1288 662//1288
f 905//1289 904//1289 659//1289
f 906//1290 662//1290 664//1290
f 906//1291 905//1291 662//1291
f 907//1292 664//1292 665//1292
f 907//1293 906//1293 664//1293
f 908//1294 665//1294 666//1294
f 908//1295 907//1295 665//1295
f 909//1296 666//1296 667//1296
f 909//1297 908//1297 666//1297
f 910//1298 667//1298 668//1298
f 910//1299 909//1299 667//1299
f 911//1300 668//1300 669//1300
f 911//1301 910//1301 668//1301
f 912//1302 669//1302 670//1302
f 912//1303 911//1303 669//1303
f 913//1304 670//1304 671//1304
f 913//1305 912//1305 670//1305
f 914//1306 671//1306 672//1306
f 914//1307 913//1307 671//1307
f 915//1308 914//1308 672//1308
f 916//1309 672//1309 673//1309
f 916//1310 673//1310 674//1310
f 916//1311 915//1311 672//1311
f 917//1312 674//1312 675//1312
f 917//1313 916//1313 674//1313
f 918//1314 675//1314 676//1314
f 918//1315 917//1315 675//1315
f 919//1316 918//1316 676//1316
f 920//1317 676//1317 921//1317
f 922//1318 676//1318 920//1318
f 923//1319 676//1319 922//1319
f 924//1320 676//1320 923//1320
f 919//1321 676//1321 924//1321
f 676//1322 925//1322 921//1322
f 926//1323 749//1323 927//1323
f 928//1324 749//1324 926//1324
f 929//1325 749//1325 928//1325
f 930//1326 749//1326 929//1326
f 925//1327 749//1327 930//1327
f 676//1328 749//1328 925//1328
f 931//1329 749//1329 748//1329
f 931//1330 748//1330 750//1330
f 931//1331 927//1331 749//1331
f 932//1332 750//1332 751//1332
f 932//1333 931//1333 750//1333
f 933//1334 751//1334 752//1334
f 933//1335 932//1335 751//1335
f 934//1336 752//1336 753//1336
f 934//1337 933//1337 752//1337
f 935//1338 753//1338 754//1338
f 935//1339 934//1339 753//1339
f 936//1340 754//1340 755//1340
f 936//1341 935//1341 754//1341
f 937//1342 755//1342 756//1342
f 937//1343 936//1343 755//1343
f 938//1344 756//1344 757//1344
f 938//1345 937//1345 756//1345
f 939//1346 938//1346 757//1346
f 940//1347 757//1347 758//1347
f 940//1348 758//1348 759//1348
f 940//1349 939//1349 757//1349
f 941//1350 759//1350 760//1350
f 941//1351 940//1351 759//1351
f 942//1352 760//1352 761//1352
f 942//1353 941//1353 760//1353
f 943//1354 761//1354 763//1354
f 943//1355 942//1355 761//1355
f 944//1356 763//1356 769//1356
f 944//1357 943//1357 763//1357
f 945//1358 769//1358 775//1358
f 945//1359 944//1359 769//1359
f 946//1360 945//1360 775//1360
f 540//1361 539//1361 807//1361
f 539//1362 947//1362 807//1362
f 807//1363 948//1363 602//1363
f 602//1364 948//1364 598//1364
f 947//1365 948//1365 807//1365
f 948//1366 949//1366 598//1366
f 598//1367 950//1367 594//1367
f 594//1368 950//1368 586//1368
f 949//1369 950//1369 598//1369
f 586//1370 951//1370 587//1370
f 950//1371 951//1371 586//1371
f 951//1372 952//1372 587//1372
f 587//1373 953//1373 582//1373
f 952//1374 953//1374 587//1374
f 582//1375 954//1375 575//1375
f 575//1376 954//1376 576//1376
f 953//1377 954//1377 582//1377
f 954//1378 955//1378 576//1378
f 576//1379 956//1379 570//1379
f 955//1380 956//1380 576//1380
f 570//1381 957//1381 568//1381
f 568//1382 957//1382 564//1382
f 956//1383 957//1383 570//1383
f 957//1384 958//1384 564//1384
f 564//1385 959//1385 558//1385
f 558//1386 959//1386 554//1386
f 958//1387 959//1387 564//1387
f 959//1388 960//1388 554//1388
f 554//1389 961//1389 552//1389
f 552//1390 961//1390 549//1390
f 960//1391 961//1391 554//1391
f 961//1392 962//1392 549//1392
f 549//1393 963//1393 550//1393
f 962//1394 963//1394 549//1394
f 550//1395 964//1395 556//1395
f 963//1396 964//1396 550//1396
f 556//1397 965//1397 560//1397
f 560//1398 965//1398 562//1398
f 964//1399 965//1399 556//1399
f 965//1400 966//1400 562//1400
f 562//1401 967//1401 566//1401
f 566//1402 967//1402 572//1402
f 966//1403 967//1403 562//1403
f 967//1404 968//1404 572//1404
f 572//1405 969//1405 573//1405
f 968//1406 969//1406 572//1406
f 573//1407 970//1407 580//1407
f 580//1408 970//1408 584//1408
f 969//1409 970//1409 573//1409
f 970//1410 971//1410 584//1410
f 584//1411 972//1411 589//1411
f 589//1412 972//1412 592//1412
f 971//1413 972//1413 584//1413
f 972//1414 973//1414 592//1414
f 592//1415 974//1415 596//1415
f 973//1416 974//1416 592//1416
f 596//1417 975//1417 600//1417
f 974//1418 975//1418 596//1418
f 600//1419 976//1419 604//1419
f 975//1420 976//1420 600//1420
f 604//1421 977//1421 606//1421
f 606//1422 977//1422 608//1422
f 976//1423 977//1423 604//1423
f 977//1424 978//1424 608//1424
f 979//1425 980//1425 981//1425
f 981//1426 980//1426 982//1426
f 983//1427 984//1427 979//1427
f 979//1428 984//1428 980//1428
f 985//1429 986//1429 983//1429
f 983//1430 986//1430 984//1430
f 987//1431 988//1431 985//1431
f 985//1432 988//1432 986//1432
f 989//1433 990//1433 987//1433
f 987//1434 990//1434 988//1434
f 989//1435 991//1435 990//1435
f 992//1436 993//1436 989//1436
f 989//1437 993//1437 991//1437
f 994//1438 995//1438 992//1438
f 992//1439 995//1439 993//1439
f 994//1440 996//1440 995//1440
f 994//1441 997//1441 996//1441
f 998//1442 997//1442 994//1442
f 998//1443 999//1443 997//1443
f 1000//1444 999//1444 998//1444
f 1000//1445 1001//1445 999//1445
f 1002//1446 1003//1446 1000//1446
f 1000//1447 1003//1447 1001//1447
f 775//1448 802//1448 946//1448
f 946//1449 802//1449 1004//1449
f 1004//1450 802//1450 1005//1450
f 1005//1451 802//1451 1006//1451
f 1006//1452 802//1452 1007//1452
f 1007//1453 802//1453 1008//1453
f 1008//1454 802//1454 1009//1454
f 1009//1455 802//1455 1010//1455
f 1010//1456 802//1456 1002//1456
f 1003//1457 802//1457 1011//1457
f 1002//1458 802//1458 1003//1458
f 802//1459 1012//1459 1011//1459
f 1011//1460 1012//1460 1013//1460
f 1013//1461 1012//1461 1014//1461
f 1014//1462 1012//1462 1015//1462
f 1015//1463 1012//1463 1016//1463
f 1016//1464 1012//1464 1017//1464
f 1017//1465 1012//1465 1018//1465
f 1018//1466 1012//1466 1019//1466
f 1019//1467 1012//1467 1020//1467
f 1021//1468 610//1468 978//1468
f 610//1469 608//1469 978//1469
f 1022//1470 802//1470 804//1470
f 1022//1471 1012//1471 802//1471
f 1023//1472 804//1472 805//1472
f 1023//1473 1022//1473 804//1473
f 1024//1474 805//1474 806//1474
f 1024//1475 1023//1475 805//1475
f 1025//1476 806//1476 800//1476
f 1025//1477 800//1477 793//1477
f 1025//1478 1024//1478 806//1478
f 1026//1479 793//1479 788//1479
f 1026//1480 1025//1480 793//1480
f 1027//1481 1026//1481 788//1481
f 1028//1482 788//1482 781//1482
f 1028//1483 1027//1483 788//1483
f 1029//1484 781//1484 773//1484
f 1029//1485 773//1485 767//1485
f 1029//1486 1028//1486 781//1486
f 1030//1487 1029//1487 767//1487
f 1031//1488 767//1488 742//1488
f 1031//1489 1030//1489 767//1489
f 1032//1490 742//1490 741//1490
f 1032//1491 741//1491 743//1491
f 1032//1492 1031//1492 742//1492
f 1033//1493 1032//1493 743//1493
f 1034//1494 743//1494 744//1494
f 1034//1495 744//1495 745//1495
f 1034//1496 1033//1496 743//1496
f 1035//1497 1034//1497 745//1497
f 1036//1498 745//1498 746//1498
f 1036//1499 1035//1499 745//1499
f 1037//1500 746//1500 739//1500
f 1037//1501 1036//1501 746//1501
f 610//1502 1038//1502 617//1502
f 1021//1503 1038//1503 610//1503
f 617//1504 1039//1504 618//1504
f 1038//1505 1039//1505 617//1505
f 618//1506 1040//1506 620//1506
f 1039//1507 1040//1507 618//1507
f 620//1508 1041//1508 621//1508
f 1040//1509 1041//1509 620//1509
f 621//1510 1042//1510 623//1510
f 1041//1511 1042//1511 621//1511
f 623//1512 1043//1512 624//1512
f 1042//1513 1043//1513 623//1513
f 624//1514 1044//1514 625//1514
f 1043//1515 1044//1515 624//1515
f 625//1516 1045//1516 627//1516
f 1044//1517 1045//1517 625//1517
f 627//1518 1046//1518 628//1518
f 1045//1519 1046//1519 627//1519
f 628//1520 1047//1520 629//1520
f 1046//1521 1047//1521 628//1521
f 629//1522 1048//1522 631//1522
f 1047//1523 1048//1523 629//1523
f 631//1524 1049//1524 632//1524
f 1048//1525 1049//1525 631//1525
f 632//1526 1050//1526 634//1526
f 1049//1527 1050//1527 632//1527
f 634//1528 1051//1528 635//1528
f 1050//1529 1051//1529 634//1529
f 635//1530 1052//1530 636//1530
f 1051//1531 1052//1531 635//1531
f 636//1532 1053//1532 638//1532
f 1052//1533 1053//1533 636//1533
f 1037//1534 739//1534 1054//1534
f 739//1535 738//1535 1054//1535
f 1053//1536 643//1536 638//1536
f 1055//1537 643//1537 1053//1537
f 810//1538 1056//1538 811//1538
f 1056//1539 1057//1539 811//1539
f 811//1540 1058//1540 732//1540
f 732//1541 1058//1541 725//1541
f 1057//1542 1058//1542 811//1542
f 1058//1543 1059//1543 725//1543
f 725//1544 1060//1544 726//1544
f 726//1545 1060//1545 720//1545
f 1059//1546 1060//1546 725//1546
f 720//1547 1061//1547 716//1547
f 1060//1548 1061//1548 720//1548
f 1061//1549 1062//1549 716//1549
f 716//1550 1063//1550 711//1550
f 1062//1551 1063//1551 716//1551
f 711//1552 1064//1552 712//1552
f 712//1553 1064//1553 701//1553
f 1063//1554 1064//1554 711//1554
f 1064//1555 1065//1555 701//1555
f 701//1556 1066//1556 702//1556
f 1065//1557 1066//1557 701//1557
f 702//1558 1067//1558 692//1558
f 692//1559 1067//1559 693//1559
f 1066//1560 1067//1560 702//1560
f 1067//1561 1068//1561 693//1561
f 693//1562 1069//1562 688//1562
f 688//1563 1069//1563 684//1563
f 1068//1564 1069//1564 693//1564
f 1069//1565 1070//1565 684//1565
f 684//1566 1071//1566 678//1566
f 678//1567 1071//1567 679//1567
f 1070//1568 1071//1568 684//1568
f 1071//1569 1072//1569 679//1569
f 679//1570 1073//1570 682//1570
f 1072//1571 1073//1571 679//1571
f 682//1572 1074//1572 686//1572
f 1073//1573 1074//1573 682//1573
f 686//1574 1075//1574 690//1574
f 690//1575 1075//1575 695//1575
f 1074//1576 1075//1576 686//1576
f 1075//1577 1076//1577 695//1577
f 695//1578 1077//1578 696//1578
f 696//1579 1077//1579 699//1579
f 1076//1580 1077//1580 695//1580
f 1077//1581 1078//1581 699//1581
f 699//1582 1079//1582 705//1582
f 1078//1583 1079//1583 699//1583
f 705//1584 1080//1584 708//1584
f 708//1585 1080//1585 709//1585
f 1079//1586 1080//1586 705//1586
f 1080//1587 1081//1587 709//1587
f 709//1588 1082//1588 718//1588
f 718//1589 1082//1589 722//1589
f 1081//1590 1082//1590 709//1590
f 1082//1591 1083//1591 722//1591
f 722//1592 1084//1592 723//1592
f 1083//1593 1084//1593 722//1593
f 723//1594 1085//1594 730//1594
f 1084//1595 1085//1595 723//1595
f 730//1596 1086//1596 734//1596
f 1085//1597 1086//1597 730//1597
f 734//1598 1087//1598 736//1598
f 736//1599 1087//1599 738//1599
f 1086//1600 1087//1600 734//1600
f 1087//1601 1054//1601 738//1601
f 643//1602 1088//1602 645//1602
f 645//1603 1088//1603 646//1603
f 1055//1604 1088//1604 643//1604
f 1088//1605 1089//1605 646//1605
f 646//1606 1090//1606 647//1606
f 1089//1607 1090//1607 646//1607
f 647//1608 1091//1608 648//1608
f 648//1609 1091//1609 649//1609
f 1090//1610 1091//1610 647//1610
f 1091//1611 1092//1611 649//1611
f 649//1612 1093//1612 650//1612
f 1092//1613 1093//1613 649//1613
f 650//1614 1094//1614 651//1614
f 1093//1615 1094//1615 650//1615
f 651//1616 1095//1616 652//1616
f 1094//1617 1095//1617 651//1617
f 652//1618 1096//1618 653//1618
f 1095//1619 1096//1619 652//1619
f 653//1620 1097//1620 654//1620
f 1096//1621 1097//1621 653//1621
f 654//1622 1098//1622 655//1622
f 1097//1623 1098//1623 654//1623
f 655//1624 1099//1624 657//1624
f 657//1625 1099//1625 658//1625
f 1098//1626 1099//1626 655//1626
f 658//1627 1100//1627 660//1627
f 1099//1628 1100//1628 658//1628
f 1100//1629 1101//1629 660//1629
f 660//1630 1102//1630 661//1630
f 1101//1631 1102//1631 660//1631
f 661//1632 1103//1632 663//1632
f 1102//1633 1103//1633 661//1633
f 1104//1634 1105//1634 1106//1634
f 1106//1635 1107//1635 1104//1635
f 1105//1636 1108//1636 1106//1636
f 1106//1637 1109//1637 1107//1637
f 1108//1638 1110//1638 1106//1638
f 1106//1639 1111//1639 1109//1639
f 1110//1640 1112//1640 1106//1640
f 1106//1641 1113//1641 1111//1641
f 1112//1642 1114//1642 1106//1642
f 1106//1643 1115//1643 1113//1643
f 1114//1644 1116//1644 1106//1644
f 1106//1645 1117//1645 1115//1645
f 1116//1646 1118//1646 1106//1646
f 1106//1647 1119//1647 1117//1647
f 1118//1648 1120//1648 1106//1648
f 1106//1649 1121//1649 1119//1649
f 1120//1650 1122//1650 1106//1650
f 1106//1651 1123//1651 1121//1651
f 1122//1652 1124//1652 1106//1652
f 1106//1653 1125//1653 1123//1653
f 1124//1654 1126//1654 1106//1654
f 1106//1655 1127//1655 1125//1655
f 1126//1656 1128//1656 1106//1656
f 1106//1657 1129//1657 1127//1657
f 1128//1658 1130//1658 1106//1658
f 1106//1659 1131//1659 1129//1659
f 1130//1660 1132//1660 1106//1660
f 1106//1661 1133//1661 1131//1661
f 1132//1662 1134//1662 1106//1662
f 1106//1663 1135//1663 1133//1663
f 1134//1664 1136//1664 1106//1664
f 1135//1665 747//1665 1137//1665
f 1137//1666 747//1666 1138//1666
f 1138//1667 747//1667 1139//1667
f 1139//1668 747//1668 1140//1668
f 1140//1669 747//1669 1141//1669
f 1141//1670 747//1670 1142//1670
f 1142//1671 747//1671 1143//1671
f 1143//1672 747//1672 1144//1672
f 1144//1673 747//1673 1145//1673
f 1145//1674 747//1674 1146//1674
f 1146//1675 747//1675 1147//1675
f 1147//1676 747//1676 1148//1676
f 1148//1677 747//1677 1149//1677
f 1106//1678 747//1678 1135//1678
f 747//1679 1150//1679 1149//1679
f 747//1680 1151//1680 1150//1680
f 747//1681 1152//1681 1151//1681
f 747//1682 1153//1682 1152//1682
f 747//1683 1154//1683 1153//1683
f 747//1684 1155//1684 1154//1684
f 747//1685 1156//1685 1155//1685
f 747//1686 1157//1686 1156//1686
f 747//1687 1158//1687 1157//1687
f 747//1688 1159//1688 1158//1688
f 747//1689 1160//1689 1159//1689
f 747//1690 1161//1690 1160//1690
f 747//1691 1162//1691 1161//1691
f 747//1692 1163//1692 1162//1692
f 747//1693 1164//1693 1163//1693
f 747//1694 1165//1694 1164//1694
f 747//1695 1166//1695 1165//1695
f 747//1696 1167//1696 1166//1696
f 747//1697 1168//1697 1167//1697
f 1136//1698 1169//1698 1106//1698
f 1170//1699 1103//1699 1171//1699
f 1171//1700 1103//1700 1172//1700
f 1172//1701 1103//1701 1173//1701
f 1173//1702 1103//1702 1174//1702
f 1174//1703 1103//1703 1175//1703
f 1175//1704 1103//1704 1176//1704
f 1176//1705 1103//1705 1177//1705
f 1177//1706 1103//1706 1178//1706
f 1178//1707 1103//1707 1179//1707
f 1179//1708 1103//1708 1180//1708
f 1180//1709 1103//1709 1181//1709
f 1181//1710 1103//1710 1182//1710
f 1182//1711 1103//1711 1183//1711
f 1183//1712 1103//1712 1184//1712
f 1184//1713 1103//1713 1169//1713
f 1169//1714 1103//1714 1106//1714
f 1170//1715 1185//1715 1103//1715
f 1185//1716 1186//1716 1103//1716
f 1186//1717 1187//1717 1103//1717
f 1187//1718 1188//1718 1103//1718
f 1188//1719 1189//1719 1103//1719
f 1189//1720 1190//1720 1103//1720
f 1190//1721 1191//1721 1103//1721
f 1191//1722 1192//1722 1103//1722
f 1192//1723 1193//1723 1103//1723
f 1193//1724 1194//1724 1103//1724
f 1194//1725 1195//1725 1103//1725
f 1195//1726 1196//1726 1103//1726
f 1196//1727 1197//1727 1103//1727
f 1197//1728 1198//1728 1103//1728
f 1198//1729 1199//1729 1103//1729
f 1199//1730 1200//1730 1103//1730
f 1201//1731 663//1731 1202//1731
f 1202//1732 663//1732 1203//1732
f 1203//1733 663//1733 1204//1733
f 1204//1734 663//1734 1205//1734
f 1205//1735 663//1735 1206//1735
f 1206//1736 663//1736 1207//1736
f 1207//1737 663//1737 1208//1737
f 1208//1738 663//1738 1209//1738
f 1209//1739 663//1739 1210//1739
f 1210//1740 663//1740 1211//1740
f 1200//1741 663//1741 1103//1741
f 1211//1742 663//1742 1212//1742
f 1212//1743 663//1743 1213//1743
f 1213//1744 663//1744 1214//1744
f 1214//1745 663//1745 1215//1745
f 1215//1746 663//1746 1216//1746
f 1216//1747 663//1747 1217//1747
f 1217//1748 663//1748 1218//1748
f 1218//1749 663//1749 1219//1749
f 1219//1750 663//1750 1220//1750
f 1220//1751 663//1751 1221//1751
f 1221//1752 663//1752 1222//1752
f 1222//1753 663//1753 1223//1753
f 1223//1754 663//1754 1224//1754
f 1224//1755 663//1755 1225//1755
f 1225//1756 663//1756 1226//1756
f 1226//1757 663//1757 1227//1757
f 1227//1758 663//1758 1228//1758
f 1228//1759 663//1759 1229//1759
f 1229//1760 663//1760 1230//1760
f 1230//1761 663//1761 1231//1761
f 1231//1762 663//1762 1232//1762
f 1232//1763 663//1763 1200//1763
f 747//1764 663//1764 1168//1764
f 1168//1765 663//1765 1201//1765
f 747//1766 1233//1766 762//1766
f 762//1767 1233//1767 765//1767
f 1106//1768 1233//1768 747//1768
f 1233//1769 1234//1769 765//1769
f 765//1770 1235//1770 768//1770
f 768//1771 1235//1771 771//1771
f 1234//1772 1235//1772 765//1772
f 771//1773 1236//1773 774//1773
f 1235//1774 1236//1774 771//1774
f 1236//1775 1237//1775 774//1775
f 774//1776 1238//1776 777//1776
f 777//1777 1238//1777 779//1777
f 1237//1778 1238//1778 774//1778
f 1238//1779 1239//1779 779//1779
f 779//1780 1240//1780 782//1780
f 1239//1781 1240//1781 779//1781
f 782//1782 1241//1782 784//1782
f 784//1783 1241//1783 786//1783
f 1240//1784 1241//1784 782//1784
f 1241//1785 1242//1785 786//1785
f 786//1786 1243//1786 789//1786
f 1242//1787 1243//1787 786//1787
f 789//1788 1244//1788 791//1788
f 791//1789 1244//1789 794//1789
f 1243//1790 1244//1790 789//1790
f 794//1791 1245//1791 796//1791
f 1244//1792 1245//1792 794//1792
f 1245//1793 1246//1793 796//1793
f 796//1794 1247//1794 798//1794
f 798//1795 1247//1795 801//1795
f 1246//1796 1247//1796 796//1796
f 1247//1797 1248//1797 801//1797
f 1248//1798 803//1798 801//1798
f 1249//1799 803//1799 1248//1799
f 1250//1800 809//1800 812//1800
f 1251//1801 1250//1801 812//1801
f 1252//1802 812//1802 731//1802
f 1252//1803 731//1803 728//1803
f 1252//1804 1251//1804 812//1804
f 1253//1805 1252//1805 728//1805
f 1254//1806 728//1806 724//1806
f 1254//1807 724//1807 719//1807
f 1254//1808 1253//1808 728//1808
f 1255//1809 719//1809 715//1809
f 1255//1810 1254//1810 719//1810
f 1256//1811 1255//1811 715//1811
f 1257//1812 715//1812 713//1812
f 1257//1813 1256//1813 715//1813
f 1258//1814 713//1814 710//1814
f 1258//1815 710//1815 706//1815
f 1258//1816 1257//1816 713//1816
f 1259//1817 1258//1817 706//1817
f 1260//1818 706//1818 700//1818
f 1260//1819 1259//1819 706//1819
f 1261//1820 700//1820 697//1820
f 1261//1821 697//1821 691//1821
f 1261//1822 1260//1822 700//1822
f 1262//1823 1261//1823 691//1823
f 1263//1824 691//1824 687//1824
f 1263//1825 687//1825 683//1825
f 1263//1826 1262//1826 691//1826
f 1264//1827 1263//1827 683//1827
f 1265//1828 683//1828 677//1828
f 1265//1829 677//1829 680//1829
f 1265//1830 1264//1830 683//1830
f 1266//1831 1265//1831 680//1831
f 1267//1832 680//1832 681//1832
f 1267//1833 1266//1833 680//1833
f 1268//1834 681//1834 685//1834
f 1268//1835 1267//1835 681//1835
f 1269//1836 685//1836 689//1836
f 1269//1837 689//1837 694//1837
f 1269//1838 1268//1838 685//1838
f 1270//1839 1269//1839 694//1839
f 1271//1840 694//1840 698//1840
f 1271//1841 698//1841 703//1841
f 1271//1842 1270//1842 694//1842
f 1272//1843 1271//1843 703//1843
f 1273//1844 703//1844 704//1844
f 1273//1845 1272//1845 703//1845
f 1274//1846 704//1846 707//1846
f 1274//1847 707//1847 714//1847
f 1274//1848 1273//1848 704//1848
f 1275//1849 1274//1849 714//1849
f 1276//1850 714//1850 717//1850
f 1276//1851 717//1851 721//1851
f 1276//1852 1275//1852 714//1852
f 1277//1853 1276//1853 721//1853
f 1278//1854 721//1854 727//1854
f 1278//1855 1277//1855 721//1855
f 1279//1856 727//1856 729//1856
f 1279//1857 1278//1857 727//1857
f 1280//1858 729//1858 733//1858
f 1280//1859 1279//1859 729//1859
f 1281//1860 733//1860 735//1860
f 1281//1861 735//1861 737//1861
f 1281//1862 1280//1862 733//1862
f 1282//1863 1281//1863 737//1863
f 803//1864 1283//1864 799//1864
f 1249//1865 1283//1865 803//1865
f 799//1866 1284//1866 797//1866
f 1283//1867 1284//1867 799//1867
f 797//1868 1285//1868 795//1868
f 795//1869 1285//1869 792//1869
f 1284//1870 1285//1870 797//1870
f 792//1871 1286//1871 790//1871
f 1285//1872 1286//1872 792//1872
f 1286//1873 1287//1873 790//1873
f 790//1874 1288//1874 787//1874
f 787//1875 1288//1875 785//1875
f 1287//1876 1288//1876 790//1876
f 1288//1877 1289//1877 785//1877
f 785//1878 1290//1878 783//1878
f 1289//1879 1290//1879 785//1879
f 783//1880 1291//1880 780//1880
f 780//1881 1291//1881 778//1881
f 1290//1882 1291//1882 783//1882
f 1291//1883 1292//1883 778//1883
f 778//1884 1293//1884 776//1884
f 1292//1885 1293//1885 778//1885
f 776//1886 1294//1886 772//1886
f 772//1887 1294//1887 770//1887
f 1293//1888 1294//1888 776//1888
f 770//1889 1295//1889 766//1889
f 1294//1890 1295//1890 770//1890
f 1295//1891 1296//1891 766//1891
f 766//1892 1297//1892 764//1892
f 764//1893 1297//1893 740//1893
f 1296//1894 1297//1894 766//1894
f 1297//1895 1298//1895 740//1895
f 737//1896 740//1896 1282//1896
f 1282//1897 740//1897 1298//1897
f 961//1898 846//1898 962//1898
f 961//1899 845//1899 846//1899
f 846//1900 847//1900 962//1900
f 962//1901 847//1901 963//1901
f 961//1902 844//1902 845//1902
f 960//1903 844//1903 961//1903
f 963//1904 848//1904 964//1904
f 847//1905 848//1905 963//1905
f 960//1906 843//1906 844//1906
f 959//1907 843//1907 960//1907
f 848//1908 849//1908 964//1908
f 964//1909 849//1909 965//1909
f 959//1910 842//1910 843//1910
f 958//1911 842//1911 959//1911
f 965//1912 850//1912 966//1912
f 849//1913 850//1913 965//1913
f 956//1914 841//1914 957//1914
f 957//1915 841//1915 958//1915
f 958//1916 841//1916 842//1916
f 850//1917 851//1917 966//1917
f 966//1918 851//1918 967//1918
f 956//1919 840//1919 841//1919
f 851//1920 852//1920 967//1920
f 967//1921 852//1921 968//1921
f 955//1922 839//1922 956//1922
f 956//1923 839//1923 840//1923
f 968//1924 853//1924 969//1924
f 852//1925 853//1925 968//1925
f 955//1926 838//1926 839//1926
f 954//1927 838//1927 955//1927
f 969//1928 854//1928 970//1928
f 853//1929 854//1929 969//1929
f 954//1930 837//1930 838//1930
f 953//1931 837//1931 954//1931
f 970//1932 855//1932 971//1932
f 854//1933 855//1933 970//1933
f 951//1934 836//1934 952//1934
f 952//1935 836//1935 953//1935
f 953//1936 836//1936 837//1936
f 971//1937 856//1937 972//1937
f 855//1938 856//1938 971//1938
f 951//1939 835//1939 836//1939
f 856//1940 857//1940 972//1940
f 972//1941 857//1941 973//1941
f 950//1942 834//1942 951//1942
f 951//1943 834//1943 835//1943
f 973//1944 858//1944 974//1944
f 857//1945 858//1945 973//1945
f 950//1946 833//1946 834//1946
f 949//1947 833//1947 950//1947
f 974//1948 859//1948 975//1948
f 858//1949 859//1949 974//1949
f 948//1950 832//1950 949//1950
f 949//1951 832//1951 833//1951
f 975//1952 860//1952 976//1952
f 859//1953 860//1953 975//1953
f 976//1954 861//1954 977//1954
f 860//1955 861//1955 976//1955
f 977//1956 813//1956 978//1956
f 861//1957 813//1957 977//1957
f 978//1958 814//1958 1021//1958
f 813//1959 814//1959 978//1959
f 814//1960 815//1960 1021//1960
f 815//1961 816//1961 1021//1961
f 816//1962 817//1962 1021//1962
f 817//1963 818//1963 1021//1963
f 818//1964 819//1964 1021//1964
f 819//1965 820//1965 1021//1965
f 1021//1966 820//1966 1038//1966
f 1038//1967 820//1967 1039//1967
f 820//1968 821//1968 1039//1968
f 1039//1969 821//1969 1040//1969
f 1040//1970 821//1970 1041//1970
f 821//1971 822//1971 1041//1971
f 1041//1972 822//1972 1042//1972
f 1042//1973 822//1973 1043//1973
f 1043//1974 822//1974 1044//1974
f 822//1975 823//1975 1044//1975
f 1044//1976 823//1976 1045//1976
f 1045//1977 823//1977 1046//1977
f 1046//1978 823//1978 1047//1978
f 823//1979 824//1979 1047//1979
f 1047//1980 824//1980 1048//1980
f 1048//1981 824//1981 1049//1981
f 824//1982 825//1982 1049//1982
f 1049//1983 825//1983 1050//1983
f 1050//1984 825//1984 1051//1984
f 1051//1985 825//1985 1052//1985
f 825//1986 826//1986 1052//1986
f 1052//1987 826//1987 1053//1987
f 826//1988 827//1988 1053//1988
f 827//1989 828//1989 1053//1989
f 828//1990 829//1990 1053//1990
f 829//1991 830//1991 1053//1991
f 830//1992 1055//1992 1053//1992
f 830//1993 903//1993 1055//1993
f 1055//1994 903//1994 1088//1994
f 1088//1995 903//1995 1089//1995
f 1089//1996 903//1996 1090//1996
f 1090//1997 903//1997 1091//1997
f 1091//1998 903//1998 1092//1998
f 903//1999 1093//1999 1092//1999
f 903//2000 1094//2000 1093//2000
f 903//2001 1095//2001 1094//2001
f 903//2002 1096//2002 1095//2002
f 903//2003 1097//2003 1096//2003
f 1299//2004 1098//2004 903//2004
f 903//2005 1098//2005 1097//2005
f 1299//2006 1099//2006 1098//2006
f 1300//2007 1100//2007 1299//2007
f 1299//2008 1100//2008 1099//2008
f 1300//2009 1101//2009 1100//2009
f 1300//2010 1102//2010 1101//2010
f 1301//2011 1102//2011 1300//2011
f 1301//2012 1103//2012 1102//2012
f 1302//2013 1103//2013 1301//2013
f 1303//2014 1103//2014 1302//2014
f 1304//2015 1103//2015 1303//2015
f 1305//2016 1103//2016 1304//2016
f 1306//2017 1103//2017 1305//2017
f 1306//2018 1307//2018 1103//2018
f 1307//2019 1308//2019 1103//2019
f 1308//2020 1309//2020 1103//2020
f 1309//2021 1310//2021 1103//2021
f 1310//2022 1311//2022 1103//2022
f 1311//2023 1312//2023 1103//2023
f 1312//2024 1313//2024 1103//2024
f 1313//2025 1314//2025 1103//2025
f 1070//2026 1265//2026 1071//2026
f 1071//2027 1265//2027 1072//2027
f 1072//2028 1265//2028 1266//2028
f 1072//2029 1267//2029 1073//2029
f 1266//2030 1267//2030 1072//2030
f 1070//2031 1264//2031 1265//2031
f 1267//2032 1268//2032 1073//2032
f 1073//2033 1268//2033 1074//2033
f 1074//2034 1268//2034 1075//2034
f 1075//2035 1269//2035 1076//2035
f 1268//2036 1269//2036 1075//2036
f 1070//2037 1263//2037 1264//2037
f 1069//2038 1263//2038 1070//2038
f 1069//2039 1262//2039 1263//2039
f 1067//2040 1262//2040 1068//2040
f 1068//2041 1262//2041 1069//2041
f 1269//2042 1270//2042 1076//2042
f 1076//2043 1270//2043 1077//2043
f 1067//2044 1261//2044 1262//2044
f 1270//2045 1271//2045 1077//2045
f 1077//2046 1271//2046 1078//2046
f 1067//2047 1260//2047 1261//2047
f 1065//2048 1260//2048 1066//2048
f 1066//2049 1260//2049 1067//2049
f 1271//2050 1272//2050 1078//2050
f 1065//2051 1259//2051 1260//2051
f 1272//2052 1273//2052 1078//2052
f 1078//2053 1273//2053 1079//2053
f 1064//2054 1258//2054 1065//2054
f 1065//2055 1258//2055 1259//2055
f 1273//2056 1274//2056 1079//2056
f 1079//2057 1274//2057 1080//2057
f 1080//2058 1274//2058 1081//2058
f 1064//2059 1257//2059 1258//2059
f 1063//2060 1257//2060 1064//2060
f 1274//2061 1275//2061 1081//2061
f 1063//2062 1256//2062 1257//2062
f 1062//2063 1256//2063 1063//2063
f 1275//2064 1276//2064 1081//2064
f 1081//2065 1276//2065 1082//2065
f 1062//2066 1255//2066 1256//2066
f 1060//2067 1255//2067 1061//2067
f 1061//2068 1255//2068 1062//2068
f 1082//2069 1277//2069 1083//2069
f 1276//2070 1277//2070 1082//2070
f 1060//2071 1254//2071 1255//2071
f 1059//2072 1254//2072 1060//2072
f 1277//2073 1278//2073 1083//2073
f 1083//2074 1278//2074 1084//2074
f 1059//2075 1253//2075 1254//2075
f 1278//2076 1279//2076 1084//2076
f 1084//2077 1279//2077 1085//2077
f 1059//2078 1252//2078 1253//2078
f 1058//2079 1252//2079 1059//2079
f 1279//2080 1280//2080 1085//2080
f 1085//2081 1280//2081 1086//2081
f 1280//2082 1281//2082 1086//2082
f 1086//2083 1281//2083 1087//2083
f 1281//2084 1282//2084 1087//2084
f 1087//2085 1282//2085 1054//2085
f 1282//2086 1037//2086 1054//2086
f 1032//2087 1298//2087 1031//2087
f 1033//2088 1298//2088 1032//2088
f 1034//2089 1298//2089 1033//2089
f 1035//2090 1298//2090 1034//2090
f 1036//2091 1298//2091 1035//2091
f 1037//2092 1298//2092 1036//2092
f 1282//2093 1298//2093 1037//2093
f 1315//2094 1106//2094 1316//2094
f 1317//2095 1106//2095 1315//2095
f 1318//2096 1106//2096 1317//2096
f 1319//2097 1106//2097 1318//2097
f 1320//2098 1106//2098 1319//2098
f 1321//2099 1106//2099 1320//2099
f 1322//2100 1106//2100 1321//2100
f 1323//2101 1106//2101 1322//2101
f 1324//2102 1106//2102 1323//2102
f 1325//2103 1106//2103 1324//2103
f 1326//2104 1106//2104 1325//2104
f 1327//2105 1106//2105 1326//2105
f 1328//2106 1106//2106 1327//2106
f 1314//2107 1106//2107 1103//2107
f 1316//2108 1106//2108 1314//2108
f 1298//2109 1297//2109 1031//2109
f 1329//2110 1233//2110 1328//2110
f 1328//2111 1233//2111 1106//2111
f 1329//2112 1234//2112 1233//2112
f 1031//2113 1296//2113 1030//2113
f 1297//2114 1296//2114 1031//2114
f 1329//2115 1235//2115 1234//2115
f 1330//2116 1235//2116 1329//2116
f 1296//2117 1295//2117 1030//2117
f 1330//2118 1236//2118 1235//2118
f 1030//2119 1294//2119 1029//2119
f 1295//2120 1294//2120 1030//2120
f 1020//2121 1237//2121 1330//2121
f 1330//2122 1237//2122 1236//2122
f 1294//2123 1293//2123 1029//2123
f 1020//2124 1238//2124 1237//2124
f 1293//2125 1292//2125 1029//2125
f 1020//2126 1239//2126 1238//2126
f 1292//2127 1291//2127 1029//2127
f 1029//2128 1291//2128 1028//2128
f 1020//2129 1240//2129 1239//2129
f 1291//2130 1290//2130 1028//2130
f 1020//2131 1241//2131 1240//2131
f 1290//2132 1289//2132 1028//2132
f 1020//2133 1242//2133 1241//2133
f 1289//2134 1288//2134 1028//2134
f 1028//2135 1288//2135 1027//2135
f 1020//2136 1243//2136 1242//2136
f 1288//2137 1287//2137 1027//2137
f 1020//2138 1244//2138 1243//2138
f 1027//2139 1286//2139 1026//2139
f 1287//2140 1286//2140 1027//2140
f 1020//2141 1245//2141 1244//2141
f 1286//2142 1285//2142 1026//2142
f 1020//2143 1246//2143 1245//2143
f 1285//2144 1284//2144 1026//2144
f 1020//2145 1247//2145 1246//2145
f 1026//2146 1283//2146 1025//2146
f 1284//2147 1283//2147 1026//2147
f 1022//2148 1249//2148 1012//2148
f 1023//2149 1249//2149 1022//2149
f 1024//2150 1249//2150 1023//2150
f 1025//2151 1249//2151 1024//2151
f 1283//2152 1249//2152 1025//2152
f 1012//2153 1248//2153 1020//2153
f 1249//2154 1248//2154 1012//2154
f 1020//2155 1248//2155 1247//2155
f 539//2156 541//2156 947//2156
f 947//2157 541//2157 831//2157
f 947//2158 831//2158 948//2158
f 948//2159 831//2159 832//2159
f 1056//2160 1250//2160 1057//2160
f 1057//2161 1250//2161 1251//2161
f 1057//2162 1251//2162 1058//2162
f 1058//2163 1251//2163 1252//2163
f 904//2164 863//2164 862//2164
f 904//2165 864//2165 863//2165
f 904//2166 865//2166 864//2166
f 904//2167 866//2167 865//2167
f 904//2168 867//2168 866//2168
f 904//2169 868//2169 867//2169
f 869//2170 868//2170 904//2170
f 905//2171 870//2171 869//2171
f 905//2172 869//2172 904//2172
f 892//2173 870//2173 905//2173
f 1331//2174 896//2174 895//2174
f 1331//2175 897//2175 896//2175
f 1331//2176 898//2176 897//2176
f 1331//2177 899//2177 898//2177
f 1331//2178 900//2178 899//2178
f 1331//2179 901//2179 900//2179
f 1331//2180 902//2180 901//2180
f 1332//2181 1331//2181 895//2181
f 1332//2182 895//2182 894//2182
f 1333//2183 1334//2183 1335//2183
f 1336//2184 910//2184 911//2184
f 1336//2185 911//2185 912//2185
f 1337//2186 910//2186 1336//2186
f 1338//2187 909//2187 910//2187
f 1338//2188 910//2188 1337//2188
f 1339//2189 873//2189 876//2189
f 1339//2190 871//2190 873//2190
f 1339//2191 874//2191 871//2191
f 1339//2192 872//2192 874//2192
f 1340//2193 1341//2193 1342//2193
f 1340//2194 1343//2194 1341//2194
f 1344//2195 1343//2195 1340//2195
f 1345//2196 1344//2196 1346//2196
f 1345//2197 1347//2197 1343//2197
f 1345//2198 1343//2198 1344//2198
f 1345//2199 1346//2199 1347//2199
f 1348//2200 905//2200 906//2200
f 1348//2201 906//2201 907//2201
f 1348//2202 1338//2202 1349//2202
f 1348//2203 907//2203 908//2203
f 1348//2204 908//2204 909//2204
f 1348//2205 909//2205 1338//2205
f 1348//2206 1349//2206 1350//2206
f 1348//2207 892//2207 905//2207
f 1351//2208 912//2208 913//2208
f 1351//2209 1336//2209 912//2209
f 1351//2210 1337//2210 1336//2210
f 1352//2211 890//2211 892//2211
f 1352//2212 1348//2212 1350//2212
f 1352//2213 892//2213 1348//2213
f 1353//2214 1352//2214 1350//2214
f 1353//2215 890//2215 1352//2215
f 1354//2216 1349//2216 1338//2216
f 1354//2217 1337//2217 1351//2217
f 1354//2218 1338//2218 1337//2218
f 1355//2219 1353//2219 1350//2219
f 1355//2220 887//2220 890//2220
f 1355//2221 885//2221 887//2221
f 1355//2222 882//2222 885//2222
f 1355//2223 880//2223 882//2223
f 1355//2224 878//2224 880//2224
f 1355//2225 876//2225 878//2225
f 1355//2226 1339//2226 876//2226
f 1355//2227 890//2227 1353//2227
f 1355//2228 1350//2228 1339//2228
f 1356//2229 1354//2229 1351//2229
f 1357//2230 1349//2230 1354//2230
f 1357//2231 1356//2231 1358//2231
f 1357//2232 1350//2232 1349//2232
f 1357//2233 1354//2233 1356//2233
f 1359//2234 918//2234 919//2234
f 1359//2235 919//2235 1360//2235
f 1359//2236 1360//2236 1361//2236
f 1359//2237 1361//2237 1362//2237
f 1359//2238 1363//2238 918//2238
f 1364//2239 1365//2239 1366//2239
f 1367//2240 1368//2240 1365//2240
f 1369//2241 1362//2241 1370//2241
f 1369//2242 1363//2242 1359//2242
f 1369//2243 1359//2243 1362//2243
f 1371//2244 1365//2244 1364//2244
f 1372//2245 1373//2245 1374//2245
f 1372//2246 1374//2246 1375//2246
f 1372//2247 1375//2247 1376//2247
f 1372//2248 1376//2248 1377//2248
f 1378//2249 1368//2249 1367//2249
f 1379//2250 1370//2250 1380//2250
f 1379//2251 1363//2251 1369//2251
f 1379//2252 1369//2252 1370//2252
f 1381//2253 1365//2253 1371//2253
f 1382//2254 1366//2254 1363//2254
f 1382//2255 1380//2255 1383//2255
f 1382//2256 1383//2256 1384//2256
f 1382//2257 1384//2257 1385//2257
f 1382//2258 1363//2258 1379//2258
f 1382//2259 1364//2259 1366//2259
f 1382//2260 1381//2260 1371//2260
f 1382//2261 1379//2261 1380//2261
f 1382//2262 1371//2262 1364//2262
f 1386//2263 1372//2263 1387//2263
f 1386//2264 1373//2264 1372//2264
f 1386//2265 1388//2265 1389//2265
f 1386//2266 1389//2266 1390//2266
f 1386//2267 1390//2267 1373//2267
f 1386//2268 1387//2268 1368//2268
f 1386//2269 1368//2269 1378//2269
f 1391//2270 1367//2270 1365//2270
f 1391//2271 1385//2271 1392//2271
f 1391//2272 1392//2272 1393//2272
f 1391//2273 1393//2273 1394//2273
f 1391//2274 1394//2274 1388//2274
f 1391//2275 1378//2275 1367//2275
f 1391//2276 1382//2276 1385//2276
f 1391//2277 1381//2277 1382//2277
f 1391//2278 1388//2278 1386//2278
f 1391//2279 1365//2279 1381//2279
f 1391//2280 1386//2280 1378//2280
f 1395//2281 1350//2281 1357//2281
f 1395//2282 1377//2282 1396//2282
f 1395//2283 1372//2283 1377//2283
f 1397//2284 1395//2284 1396//2284
f 1397//2285 1350//2285 1395//2285
f 1398//2286 1350//2286 1397//2286
f 1398//2287 1396//2287 1399//2287
f 1398//2288 1397//2288 1396//2288
f 1400//2289 1350//2289 1398//2289
f 1400//2290 1398//2290 1399//2290
f 1401//2291 1350//2291 1400//2291
f 1401//2292 1400//2292 1399//2292
f 1401//2293 1399//2293 1402//2293
f 1403//2294 1350//2294 1401//2294
f 1403//2295 1401//2295 1402//2295
f 1404//2296 1350//2296 1403//2296
f 1404//2297 1403//2297 1402//2297
f 1404//2298 1402//2298 1405//2298
f 1404//2299 1405//2299 1406//2299
f 1404//2300 1406//2300 1407//2300
f 1404//2301 1407//2301 1408//2301
f 1404//2302 1408//2302 1409//2302
f 1404//2303 1409//2303 1410//2303
f 1404//2304 1410//2304 1411//2304
f 1404//2305 1411//2305 1412//2305
f 1413//2306 875//2306 872//2306
f 1413//2307 877//2307 875//2307
f 1413//2308 879//2308 877//2308
f 1413//2309 881//2309 879//2309
f 1413//2310 883//2310 881//2310
f 1413//2311 884//2311 883//2311
f 1413//2312 886//2312 884//2312
f 1413//2313 888//2313 886//2313
f 1413//2314 872//2314 1339//2314
f 1413//2315 889//2315 888//2315
f 1413//2316 1339//2316 1414//2316
f 1415//2317 889//2317 1413//2317
f 1415//2318 1413//2318 1414//2318
f 1416//2319 1415//2319 1414//2319
f 1416//2320 891//2320 889//2320
f 1416//2321 889//2321 1415//2321
f 1417//2322 1416//2322 1414//2322
f 1417//2323 891//2323 1416//2323
f 1418//2324 891//2324 1417//2324
f 1418//2325 1417//2325 1414//2325
f 1419//2326 1412//2326 1420//2326
f 1419//2327 1420//2327 1421//2327
f 1419//2328 1421//2328 1422//2328
f 1419//2329 1422//2329 1423//2329
f 1419//2330 1423//2330 1424//2330
f 1419//2331 1424//2331 1425//2331
f 1419//2332 1350//2332 1404//2332
f 1419//2333 1404//2333 1412//2333
f 1419//2334 1339//2334 1350//2334
f 1426//2335 1419//2335 1425//2335
f 1426//2336 1339//2336 1419//2336
f 1427//2337 1339//2337 1426//2337
f 1427//2338 1425//2338 1428//2338
f 1427//2339 1426//2339 1425//2339
f 1429//2340 893//2340 891//2340
f 1429//2341 891//2341 1418//2341
f 1429//2342 1414//2342 1430//2342
f 1429//2343 1418//2343 1414//2343
f 1431//2344 1339//2344 1427//2344
f 1431//2345 1428//2345 1432//2345
f 1431//2346 1432//2346 1433//2346
f 1431//2347 1433//2347 1434//2347
f 1431//2348 1427//2348 1428//2348
f 1435//2349 1429//2349 1430//2349
f 1435//2350 1430//2350 1342//2350
f 1435//2351 1332//2351 894//2351
f 1435//2352 894//2352 893//2352
f 1435//2353 1342//2353 1341//2353
f 1435//2354 893//2354 1429//2354
f 1435//2355 1436//2355 1332//2355
f 1435//2356 1437//2356 1436//2356
f 1435//2357 1438//2357 1437//2357
f 1435//2358 1341//2358 1438//2358
f 1439//2359 1339//2359 1431//2359
f 1439//2360 1434//2360 1440//2360
f 1439//2361 1440//2361 1441//2361
f 1439//2362 1441//2362 1442//2362
f 1439//2363 1431//2363 1434//2363
f 1443//2364 1339//2364 1439//2364
f 1443//2365 1442//2365 1444//2365
f 1443//2366 1444//2366 1445//2366
f 1443//2367 1445//2367 1446//2367
f 1443//2368 1446//2368 1447//2368
f 1443//2369 1439//2369 1442//2369
f 1443//2370 1414//2370 1339//2370
f 1448//2371 1414//2371 1443//2371
f 1448//2372 1447//2372 1449//2372
f 1448//2373 1449//2373 1450//2373
f 1448//2374 1450//2374 1451//2374
f 1448//2375 1451//2375 1452//2375
f 1448//2376 1452//2376 1453//2376
f 1448//2377 1443//2377 1447//2377
f 1454//2378 1414//2378 1448//2378
f 1454//2379 1448//2379 1453//2379
f 1455//2380 1454//2380 1453//2380
f 1455//2381 1414//2381 1454//2381
f 1455//2382 1453//2382 1456//2382
f 1457//2383 1455//2383 1456//2383
f 1457//2384 1414//2384 1455//2384
f 1457//2385 1456//2385 1458//2385
f 1459//2386 1414//2386 1457//2386
f 1459//2387 1458//2387 1460//2387
f 1459//2388 1430//2388 1414//2388
f 1459//2389 1457//2389 1458//2389
f 1461//2390 1460//2390 1462//2390
f 1461//2391 1430//2391 1459//2391
f 1461//2392 1459//2392 1460//2392
f 1463//2393 1430//2393 1461//2393
f 1463//2394 1461//2394 1462//2394
f 1464//2395 1342//2395 1430//2395
f 1465//2396 1463//2396 1462//2396
f 1465//2397 1464//2397 1430//2397
f 1465//2398 1430//2398 1463//2398
f 1465//2399 1462//2399 1466//2399
f 1467//2400 1340//2400 1342//2400
f 1467//2401 1342//2401 1464//2401
f 1468//2402 1467//2402 1464//2402
f 1469//2403 1346//2403 1344//2403
f 1469//2404 1340//2404 1467//2404
f 1469//2405 1467//2405 1468//2405
f 1469//2406 1470//2406 1346//2406
f 1469//2407 1344//2407 1340//2407
f 1471//2408 1465//2408 1466//2408
f 1472//2409 1466//2409 1473//2409
f 1472//2410 1473//2410 1474//2410
f 1472//2411 1471//2411 1466//2411
f 1472//2412 1474//2412 1475//2412
f 1472//2413 1475//2413 1476//2413
f 1472//2414 1476//2414 1477//2414
f 1478//2415 1471//2415 1472//2415
f 1479//2416 1471//2416 1478//2416
f 1480//2417 1479//2417 1478//2417
f 1480//2418 1478//2418 1472//2418
f 1480//2419 1477//2419 1481//2419
f 1480//2420 1481//2420 1482//2420
f 1480//2421 1483//2421 1479//2421
f 1480//2422 1472//2422 1477//2422
f 1484//2423 1483//2423 1480//2423
f 1485//2424 1483//2424 1484//2424
f 1486//2425 1483//2425 1485//2425
f 1487//2426 1480//2426 1482//2426
f 1487//2427 1485//2427 1484//2427
f 1487//2428 1486//2428 1485//2428
f 1487//2429 1482//2429 1488//2429
f 1487//2430 1488//2430 1489//2430
f 1487//2431 1484//2431 1480//2431
f 1490//2432 1486//2432 1487//2432
f 1491//2433 1486//2433 1490//2433
f 1492//2434 1490//2434 1487//2434
f 1492//2435 1487//2435 1489//2435
f 1492//2436 1491//2436 1490//2436
f 1492//2437 1489//2437 1493//2437
f 1492//2438 1493//2438 1494//2438
f 1495//2439 1491//2439 1492//2439
f 1495//2440 1334//2440 1491//2440
f 1495//2441 1492//2441 1494//2441
f 1495//2442 1335//2442 1334//2442
f 1495//2443 1494//2443 1496//2443
f 1495//2444 1496//2444 1335//2444
f 1497//2445 913//2445 914//2445
f 1497//2446 1358//2446 1356//2446
f 1497//2447 1356//2447 1351//2447
f 1497//2448 1351//2448 913//2448
f 1498//2449 1497//2449 914//2449
f 1499//2450 1358//2450 1497//2450
f 1499//2451 1497//2451 1498//2451
f 1499//2452 1395//2452 1357//2452
f 1499//2453 1357//2453 1358//2453
f 1500//2454 915//2454 916//2454
f 1501//2455 1387//2455 1372//2455
f 1501//2456 1372//2456 1395//2456
f 1501//2457 1368//2457 1387//2457
f 1501//2458 1395//2458 1499//2458
f 1502//2459 1503//2459 1500//2459
f 1502//2460 1501//2460 1503//2460
f 1502//2461 1368//2461 1501//2461
f 1504//2462 1368//2462 1502//2462
f 1504//2463 1365//2463 1368//2463
f 1505//2464 1363//2464 1366//2464
f 1505//2465 917//2465 918//2465
f 1505//2466 1366//2466 1365//2466
f 1505//2467 918//2467 1363//2467
f 1505//2468 1365//2468 1504//2468
f 1506//2469 1464//2469 1465//2469
f 1506//2470 1468//2470 1464//2470
f 1507//2471 1506//2471 1508//2471
f 1507//2472 1468//2472 1506//2472
f 1507//2473 1469//2473 1468//2473
f 1507//2474 1470//2474 1469//2474
f 1507//2475 1509//2475 1470//2475
f 1507//2476 1508//2476 1509//2476
f 1510//2477 1465//2477 1471//2477
f 1510//2478 1506//2478 1465//2478
f 1510//2479 1508//2479 1506//2479
f 1510//2480 1511//2480 1508//2480
f 1512//2481 1510//2481 1471//2481
f 1513//2482 1512//2482 1471//2482
f 1513//2483 1479//2483 1483//2483
f 1513//2484 1471//2484 1479//2484
f 1514//2485 1515//2485 1516//2485
f 1514//2486 1513//2486 1483//2486
f 1514//2487 1483//2487 1486//2487
f 1517//2488 1334//2488 1515//2488
f 1517//2489 1486//2489 1491//2489
f 1517//2490 1491//2490 1334//2490
f 1517//2491 1515//2491 1514//2491
f 1517//2492 1514//2492 1486//2492
f 1518//2493 1498//2493 914//2493
f 1518//2494 914//2494 915//2494
f 1518//2495 915//2495 1500//2495
f 1518//2496 1500//2496 1503//2496
f 1518//2497 1499//2497 1498//2497
f 1518//2498 1503//2498 1501//2498
f 1518//2499 1501//2499 1499//2499
f 1519//2500 916//2500 917//2500
f 1519//2501 1500//2501 916//2501
f 1519//2502 1502//2502 1500//2502
f 1519//2503 1504//2503 1502//2503
f 1519//2504 1505//2504 1504//2504
f 1519//2505 917//2505 1505//2505
f 1520//2506 1516//2506 1511//2506
f 1520//2507 1512//2507 1513//2507
f 1520//2508 1511//2508 1510//2508
f 1520//2509 1510//2509 1512//2509
f 1520//2510 1513//2510 1514//2510
f 1520//2511 1514//2511 1516//2511
f 903//2512 902//2512 1331//2512
f 1299//2513 1331//2513 1332//2513
f 1299//2514 903//2514 1331//2514
f 1300//2515 1332//2515 1436//2515
f 1300//2516 1299//2516 1332//2516
f 1301//2517 1436//2517 1437//2517
f 1301//2518 1300//2518 1436//2518
f 1302//2519 1437//2519 1438//2519
f 1302//2520 1301//2520 1437//2520
f 1303//2521 1438//2521 1341//2521
f 1303//2522 1302//2522 1438//2522
f 1304//2523 1341//2523 1343//2523
f 1304//2524 1303//2524 1341//2524
f 1305//2525 1343//2525 1347//2525
f 1305//2526 1304//2526 1343//2526
f 1306//2527 1347//2527 1346//2527
f 1306//2528 1305//2528 1347//2528
f 1307//2529 1346//2529 1470//2529
f 1307//2530 1306//2530 1346//2530
f 1308//2531 1470//2531 1509//2531
f 1308//2532 1307//2532 1470//2532
f 1309//2533 1509//2533 1508//2533
f 1309//2534 1308//2534 1509//2534
f 1310//2535 1508//2535 1511//2535
f 1310//2536 1309//2536 1508//2536
f 1311//2537 1511//2537 1516//2537
f 1311//2538 1310//2538 1511//2538
f 1312//2539 1516//2539 1515//2539
f 1312//2540 1311//2540 1516//2540
f 1313//2541 1312//2541 1515//2541
f 1313//2542 1515//2542 1334//2542
f 1314//2543 1334//2543 1333//2543
f 1314//2544 1313//2544 1334//2544
f 921//2545 1201//2545 920//2545
f 920//2546 1202//2546 922//2546
f 1201//2547 1202//2547 920//2547
f 922//2548 1203//2548 923//2548
f 1202//2549 1203//2549 922//2549
f 923//2550 1204//2550 924//2550
f 1203//2551 1204//2551 923//2551
f 924//2552 1205//2552 919//2552
f 1204//2553 1205//2553 924//2553
f 919//2554 1206//2554 1360//2554
f 1205//2555 1206//2555 919//2555
f 1360//2556 1207//2556 1361//2556
f 1361//2557 1207//2557 1362//2557
f 1206//2558 1207//2558 1360//2558
f 1362//2559 1208//2559 1370//2559
f 1207//2560 1208//2560 1362//2560
f 1370//2561 1209//2561 1380//2561
f 1380//2562 1209//2562 1383//2562
f 1208//2563 1209//2563 1370//2563
f 1383//2564 1210//2564 1384//2564
f 1209//2565 1210//2565 1383//2565
f 1384//2566 1211//2566 1385//2566
f 1385//2567 1211//2567 1392//2567
f 1210//2568 1211//2568 1384//2568
f 1211//2569 1212//2569 1392//2569
f 1392//2570 1212//2570 1393//2570
f 1212//2571 1213//2571 1393//2571
f 1393//2572 1213//2572 1394//2572
f 1394//2573 1213//2573 1388//2573
f 1213//2574 1214//2574 1388//2574
f 1388//2575 1214//2575 1389//2575
f 1389//2576 1214//2576 1390//2576
f 1214//2577 1215//2577 1390//2577
f 1390//2578 1215//2578 1373//2578
f 1373//2579 1216//2579 1374//2579
f 1215//2580 1216//2580 1373//2580
f 1216//2581 1217//2581 1374//2581
f 1374//2582 1217//2582 1375//2582
f 1375//2583 1217//2583 1376//2583
f 1217//2584 1218//2584 1376//2584
f 1376//2585 1218//2585 1377//2585
f 1377//2586 1219//2586 1396//2586
f 1396//2587 1219//2587 1399//2587
f 1218//2588 1219//2588 1377//2588
f 1399//2589 1220//2589 1402//2589
f 1219//2590 1220//2590 1399//2590
f 1402//2591 1221//2591 1405//2591
f 1405//2592 1221//2592 1406//2592
f 1220//2593 1221//2593 1402//2593
f 1406//2594 1222//2594 1407//2594
f 1407//2595 1222//2595 1408//2595
f 1221//2596 1222//2596 1406//2596
f 1408//2597 1223//2597 1409//2597
f 1222//2598 1223//2598 1408//2598
f 1409//2599 1224//2599 1410//2599
f 1410//2600 1224//2600 1411//2600
f 1223//2601 1224//2601 1409//2601
f 1411//2602 1225//2602 1412//2602
f 1224//2603 1225//2603 1411//2603
f 1412//2604 1226//2604 1420//2604
f 1420//2605 1226//2605 1421//2605
f 1225//2606 1226//2606 1412//2606
f 1226//2607 1227//2607 1421//2607
f 1421//2608 1227//2608 1422//2608
f 1422//2609 1228//2609 1423//2609
f 1227//2610 1228//2610 1422//2610
f 1423//2611 1229//2611 1424//2611
f 1424//2612 1229//2612 1425//2612
f 1228//2613 1229//2613 1423//2613
f 1425//2614 1230//2614 1428//2614
f 1229//2615 1230//2615 1425//2615
f 1428//2616 1231//2616 1432//2616
f 1230//2617 1231//2617 1428//2617
f 1432//2618 1232//2618 1433//2618
f 1433//2619 1232//2619 1434//2619
f 1231//2620 1232//2620 1432//2620
f 1232//2621 1200//2621 1434//2621
f 1434//2622 1200//2622 1440//2622
f 1200//2623 1199//2623 1440//2623
f 1440//2624 1199//2624 1441//2624
f 1199//2625 1198//2625 1441//2625
f 1441//2626 1198//2626 1442//2626
f 1198//2627 1197//2627 1442//2627
f 1442//2628 1197//2628 1444//2628
f 1444//2629 1197//2629 1445//2629
f 1197//2630 1196//2630 1445//2630
f 1445//2631 1196//2631 1446//2631
f 1196//2632 1195//2632 1446//2632
f 1446//2633 1195//2633 1447//2633
f 1195//2634 1194//2634 1447//2634
f 1447//2635 1194//2635 1449//2635
f 1449//2636 1194//2636 1450//2636
f 1194//2637 1193//2637 1450//2637
f 1450//2638 1193//2638 1451//2638
f 1193//2639 1192//2639 1451//2639
f 1451//2640 1192//2640 1452//2640
f 1192//2641 1191//2641 1452//2641
f 1452//2642 1191//2642 1453//2642
f 1191//2643 1190//2643 1453//2643
f 1453//2644 1190//2644 1456//2644
f 1190//2645 1189//2645 1456//2645
f 1456//2646 1189//2646 1458//2646
f 1189//2647 1188//2647 1458//2647
f 1458//2648 1188//2648 1460//2648
f 1460//2649 1187//2649 1462//2649
f 1188//2650 1187//2650 1460//2650
f 1187//2651 1186//2651 1462//2651
f 1462//2652 1186//2652 1466//2652
f 1466//2653 1185//2653 1473//2653
f 1473//2654 1185//2654 1474//2654
f 1186//2655 1185//2655 1466//2655
f 1474//2656 1170//2656 1475//2656
f 1185//2657 1170//2657 1474//2657
f 1475//2658 1171//2658 1476//2658
f 1170//2659 1171//2659 1475//2659
f 1476//2660 1172//2660 1477//2660
f 1171//2661 1172//2661 1476//2661
f 1477//2662 1173//2662 1481//2662
f 1172//2663 1173//2663 1477//2663
f 1481//2664 1174//2664 1482//2664
f 1173//2665 1174//2665 1481//2665
f 1482//2666 1175//2666 1488//2666
f 1174//2667 1175//2667 1482//2667
f 1488//2668 1176//2668 1489//2668
f 1175//2669 1176//2669 1488//2669
f 1176//2670 1177//2670 1489//2670
f 1489//2671 1177//2671 1493//2671
f 1177//2672 1178//2672 1493//2672
f 1493//2673 1178//2673 1494//2673
f 1178//2674 1179//2674 1494//2674
f 1494//2675 1179//2675 1496//2675
f 1179//2676 1180//2676 1496//2676
f 1496//2677 1180//2677 1335//2677
f 1335//2678 1180//2678 1333//2678
f 1180//2679 1181//2679 1333//2679
f 1333//2680 1181//2680 1521//2680
f 1181//2681 1182//2681 1521//2681
f 1521//2682 1182//2682 1522//2682
f 1182//2683 1183//2683 1522//2683
f 1522//2684 1183//2684 1523//2684
f 1183//2685 1184//2685 1523//2685
f 1523//2686 1184//2686 1524//2686
f 1184//2687 1169//2687 1524//2687
f 1524//2688 1169//2688 1525//2688
f 1526//2689 1136//2689 1527//2689
f 1527//2690 1134//2690 1528//2690
f 1136//2691 1134//2691 1527//2691
f 1528//2692 1132//2692 1529//2692
f 1134//2693 1132//2693 1528//2693
f 1529//2694 1130//2694 1530//2694
f 1132//2695 1130//2695 1529//2695
f 1530//2696 1128//2696 1531//2696
f 1130//2697 1128//2697 1530//2697
f 1128//2698 1126//2698 1531//2698
f 1532//2699 1126//2699 1533//2699
f 1531//2700 1126//2700 1532//2700
f 1533//2701 1124//2701 1534//2701
f 1126//2702 1124//2702 1533//2702
f 1534//2703 1122//2703 1535//2703
f 1124//2704 1122//2704 1534//2704
f 1535//2705 1120//2705 1536//2705
f 1122//2706 1120//2706 1535//2706
f 1536//2707 1118//2707 1537//2707
f 1120//2708 1118//2708 1536//2708
f 1537//2709 1116//2709 1538//2709
f 1118//2710 1116//2710 1537//2710
f 1538//2711 1114//2711 1539//2711
f 1116//2712 1114//2712 1538//2712
f 1114//2713 1112//2713 1539//2713
f 1539//2714 1112//2714 1540//2714
f 1112//2715 1110//2715 1540//2715
f 1540//2716 1110//2716 1541//2716
f 1110//2717 1108//2717 1541//2717
f 1541//2718 1108//2718 1542//2718
f 1108//2719 1105//2719 1542//2719
f 1542//2720 1105//2720 1543//2720
f 1105//2721 1104//2721 1543//2721
f 1544//2722 1104//2722 1545//2722
f 1543//2723 1104//2723 1544//2723
f 1104//2724 1107//2724 1545//2724
f 1545//2725 1107//2725 1546//2725
f 1107//2726 1109//2726 1546//2726
f 1546//2727 1109//2727 1547//2727
f 1109//2728 1111//2728 1547//2728
f 1547//2729 1111//2729 1548//2729
f 1111//2730 1113//2730 1548//2730
f 1548//2731 1113//2731 1549//2731
f 1113//2732 1115//2732 1549//2732
f 1549//2733 1115//2733 1550//2733
f 1115//2734 1117//2734 1550//2734
f 1550//2735 1117//2735 1551//2735
f 1117//2736 1119//2736 1551//2736
f 1551//2737 1119//2737 1552//2737
f 1119//2738 1121//2738 1552//2738
f 1552//2739 1121//2739 1553//2739
f 1554//2740 1123//2740 1555//2740
f 1553//2741 1123//2741 1554//2741
f 1121//2742 1123//2742 1553//2742
f 1123//2743 1125//2743 1555//2743
f 1555//2744 1125//2744 1556//2744
f 1556//2745 1127//2745 1557//2745
f 1125//2746 1127//2746 1556//2746
f 1558//2747 1129//2747 1559//2747
f 1557//2748 1129//2748 1558//2748
f 1127//2749 1129//2749 1557//2749
f 1559//2750 1131//2750 1560//2750
f 1129//2751 1131//2751 1559//2751
f 1560//2752 1133//2752 1561//2752
f 1131//2753 1133//2753 1560//2753
f 1561//2754 1135//2754 1562//2754
f 1133//2755 1135//2755 1561//2755
f 1563//2756 1137//2756 1564//2756
f 1562//2757 1137//2757 1563//2757
f 1135//2758 1137//2758 1562//2758
f 1564//2759 1138//2759 1565//2759
f 1137//2760 1138//2760 1564//2760
f 1565//2761 1139//2761 1566//2761
f 1138//2762 1139//2762 1565//2762
f 1139//2763 1140//2763 1566//2763
f 1567//2764 1140//2764 1568//2764
f 1566//2765 1140//2765 1567//2765
f 1140//2766 1141//2766 1568//2766
f 1568//2767 1141//2767 1569//2767
f 1141//2768 1142//2768 1569//2768
f 1569//2769 1142//2769 1570//2769
f 1142//2770 1143//2770 1570//2770
f 1571//2771 1143//2771 1572//2771
f 1570//2772 1143//2772 1571//2772
f 1143//2773 1144//2773 1572//2773
f 1572//2774 1144//2774 1573//2774
f 1144//2775 1145//2775 1573//2775
f 1574//2776 1145//2776 1575//2776
f 1573//2777 1145//2777 1574//2777
f 1575//2778 1146//2778 1576//2778
f 1145//2779 1146//2779 1575//2779
f 1146//2780 1147//2780 1576//2780
f 1577//2781 1147//2781 1578//2781
f 1576//2782 1147//2782 1577//2782
f 1147//2783 1148//2783 1578//2783
f 1579//2784 1148//2784 1580//2784
f 1578//2785 1148//2785 1579//2785
f 1580//2786 1149//2786 1581//2786
f 1148//2787 1149//2787 1580//2787
f 1582//2788 1150//2788 1583//2788
f 1581//2789 1150//2789 1582//2789
f 1149//2790 1150//2790 1581//2790
f 1583//2791 1151//2791 1584//2791
f 1150//2792 1151//2792 1583//2792
f 1585//2793 1152//2793 1586//2793
f 1584//2794 1152//2794 1585//2794
f 1151//2795 1152//2795 1584//2795
f 1586//2796 1153//2796 1587//2796
f 1152//2797 1153//2797 1586//2797
f 1587//2798 1154//2798 1588//2798
f 1153//2799 1154//2799 1587//2799
f 1589//2800 1155//2800 1590//2800
f 1588//2801 1155//2801 1589//2801
f 1154//2802 1155//2802 1588//2802
f 1591//2803 1156//2803 1592//2803
f 1590//2804 1156//2804 1591//2804
f 1155//2805 1156//2805 1590//2805
f 1592//2806 1157//2806 1593//2806
f 1156//2807 1157//2807 1592//2807
f 1594//2808 1158//2808 1595//2808
f 1593//2809 1158//2809 1594//2809
f 1157//2810 1158//2810 1593//2810
f 1595//2811 1159//2811 1596//2811
f 1158//2812 1159//2812 1595//2812
f 1597//2813 1160//2813 1598//2813
f 1596//2814 1160//2814 1597//2814
f 1159//2815 1160//2815 1596//2815
f 1160//2816 1161//2816 1598//2816
f 1598//2817 1161//2817 1599//2817
f 1600//2818 1162//2818 1601//2818
f 1599//2819 1162//2819 1600//2819
f 1161//2820 1162//2820 1599//2820
f 1601//2821 1163//2821 927//2821
f 1162//2822 1163//2822 1601//2822
f 1163//2823 1164//2823 927//2823
f 927//2824 1164//2824 926//2824
f 1164//2825 1165//2825 926//2825
f 926//2826 1165//2826 928//2826
f 1165//2827 1166//2827 928//2827
f 928//2828 1166//2828 929//2828
f 1166//2829 1167//2829 929//2829
f 929//2830 1167//2830 930//2830
f 1167//2831 1168//2831 930//2831
f 930//2832 1168//2832 925//2832
f 1168//2833 1201//2833 921//2833
f 1168//2834 921//2834 925//2834
f 1004//2835 945//2835 946//2835
f 1005//2836 945//2836 1004//2836
f 1006//2837 945//2837 1005//2837
f 1007//2838 945//2838 1006//2838
f 1008//2839 945//2839 1007//2839
f 1009//2840 945//2840 1008//2840
f 1009//2841 1010//2841 945//2841
f 1002//2842 944//2842 1010//2842
f 1010//2843 944//2843 945//2843
f 1002//2844 1000//2844 944//2844
f 1014//2845 1602//2845 1013//2845
f 1015//2846 1602//2846 1014//2846
f 1016//2847 1602//2847 1015//2847
f 1017//2848 1602//2848 1016//2848
f 1018//2849 1602//2849 1017//2849
f 1019//2850 1602//2850 1018//2850
f 1013//2851 1603//2851 1011//2851
f 1602//2852 1603//2852 1013//2852
f 938//2853 1604//2853 937//2853
f 939//2854 1604//2854 938//2854
f 939//2855 1605//2855 1604//2855
f 940//2856 1606//2856 939//2856
f 939//2857 1606//2857 1605//2857
f 979//2858 1607//2858 983//2858
f 981//2859 1607//2859 979//2859
f 982//2860 1607//2860 981//2860
f 980//2861 1607//2861 982//2861
f 1608//2862 1609//2862 1610//2862
f 1611//2863 1609//2863 1612//2863
f 1612//2864 1609//2864 1608//2864
f 1611//2865 1613//2865 1609//2865
f 1611//2866 1614//2866 1613//2866
f 1615//2867 1614//2867 1611//2867
f 941//2868 1616//2868 940//2868
f 942//2869 1616//2869 941//2869
f 943//2870 1616//2870 942//2870
f 944//2871 1616//2871 943//2871
f 940//2872 1616//2872 1606//2872
f 1617//2873 1616//2873 1618//2873
f 1000//2874 1616//2874 944//2874
f 1606//2875 1616//2875 1617//2875
f 937//2876 1619//2876 936//2876
f 1604//2877 1619//2877 937//2877
f 1605//2878 1619//2878 1604//2878
f 998//2879 1620//2879 1000//2879
f 1616//2880 1620//2880 1618//2880
f 1000//2881 1620//2881 1616//2881
f 998//2882 1621//2882 1620//2882
f 1620//2883 1621//2883 1618//2883
f 1605//2884 1622//2884 1619//2884
f 1617//2885 1622//2885 1606//2885
f 1606//2886 1622//2886 1605//2886
f 994//2887 1623//2887 998//2887
f 992//2888 1623//2888 994//2888
f 989//2889 1623//2889 992//2889
f 987//2890 1623//2890 989//2890
f 985//2891 1623//2891 987//2891
f 983//2892 1623//2892 985//2892
f 1607//2893 1623//2893 983//2893
f 1618//2894 1623//2894 1607//2894
f 998//2895 1623//2895 1621//2895
f 1621//2896 1623//2896 1618//2896
f 1622//2897 1624//2897 1619//2897
f 1617//2898 1625//2898 1622//2898
f 1622//2899 1625//2899 1624//2899
f 1618//2900 1625//2900 1617//2900
f 1624//2901 1625//2901 1626//2901
f 931//2902 1627//2902 927//2902
f 927//2903 1627//2903 1601//2903
f 1601//2904 1627//2904 1600//2904
f 1600//2905 1627//2905 1599//2905
f 1628//2906 1627//2906 931//2906
f 1629//2907 1630//2907 1631//2907
f 1632//2908 1633//2908 1629//2908
f 1599//2909 1634//2909 1598//2909
f 1628//2910 1634//2910 1627//2910
f 1627//2911 1634//2911 1599//2911
f 1629//2912 1635//2912 1630//2912
f 1587//2913 1636//2913 1586//2913
f 1586//2914 1636//2914 1585//2914
f 1585//2915 1636//2915 1584//2915
f 1584//2916 1636//2916 1583//2916
f 1632//2917 1637//2917 1633//2917
f 1598//2918 1638//2918 1597//2918
f 1628//2919 1638//2919 1634//2919
f 1634//2920 1638//2920 1598//2920
f 1629//2921 1639//2921 1635//2921
f 1597//2922 1640//2922 1596//2922
f 1596//2923 1640//2923 1595//2923
f 1595//2924 1640//2924 1594//2924
f 1638//2925 1640//2925 1597//2925
f 1630//2926 1640//2926 1631//2926
f 1639//2927 1640//2927 1635//2927
f 1631//2928 1640//2928 1628//2928
f 1628//2929 1640//2929 1638//2929
f 1635//2930 1640//2930 1630//2930
f 1636//2931 1641//2931 1642//2931
f 1590//2932 1641//2932 1589//2932
f 1589//2933 1641//2933 1588//2933
f 1588//2934 1641//2934 1587//2934
f 1642//2935 1641//2935 1632//2935
f 1632//2936 1641//2936 1637//2936
f 1587//2937 1641//2937 1636//2937
f 1637//2938 1643//2938 1633//2938
f 1641//2939 1643//2939 1637//2939
f 1594//2940 1643//2940 1593//2940
f 1639//2941 1643//2941 1640//2941
f 1593//2942 1643//2942 1592//2942
f 1592//2943 1643//2943 1591//2943
f 1591//2944 1643//2944 1590//2944
f 1633//2945 1643//2945 1629//2945
f 1640//2946 1643//2946 1594//2946
f 1590//2947 1643//2947 1641//2947
f 1629//2948 1643//2948 1639//2948
f 1583//2949 1644//2949 1582//2949
f 1618//2950 1644//2950 1625//2950
f 1636//2951 1644//2951 1583//2951
f 1644//2952 1645//2952 1582//2952
f 1618//2953 1645//2953 1644//2953
f 1582//2954 1646//2954 1581//2954
f 1618//2955 1646//2955 1645//2955
f 1645//2956 1646//2956 1582//2956
f 1646//2957 1647//2957 1581//2957
f 1618//2958 1647//2958 1646//2958
f 1581//2959 1648//2959 1580//2959
f 1618//2960 1648//2960 1647//2960
f 1647//2961 1648//2961 1581//2961
f 1618//2962 1649//2962 1648//2962
f 1648//2963 1649//2963 1580//2963
f 1580//2964 1650//2964 1579//2964
f 1579//2965 1650//2965 1578//2965
f 1578//2966 1650//2966 1577//2966
f 1577//2967 1650//2967 1576//2967
f 1576//2968 1650//2968 1575//2968
f 1575//2969 1650//2969 1574//2969
f 1574//2970 1650//2970 1573//2970
f 1573//2971 1650//2971 1572//2971
f 1649//2972 1650//2972 1580//2972
f 1618//2973 1650//2973 1649//2973
f 984//2974 1651//2974 980//2974
f 986//2975 1651//2975 984//2975
f 988//2976 1651//2976 986//2976
f 990//2977 1651//2977 988//2977
f 991//2978 1651//2978 990//2978
f 993//2979 1651//2979 991//2979
f 995//2980 1651//2980 993//2980
f 996//2981 1651//2981 995//2981
f 980//2982 1651//2982 1607//2982
f 997//2983 1651//2983 996//2983
f 1607//2984 1651//2984 1652//2984
f 997//2985 1653//2985 1651//2985
f 1651//2986 1653//2986 1652//2986
f 1653//2987 1654//2987 1652//2987
f 997//2988 1654//2988 1653//2988
f 999//2989 1654//2989 997//2989
f 999//2990 1655//2990 1654//2990
f 1654//2991 1655//2991 1652//2991
f 1655//2992 1656//2992 1652//2992
f 999//2993 1656//2993 1655//2993
f 1650//2994 1657//2994 1572//2994
f 1618//2995 1657//2995 1650//2995
f 1572//2996 1657//2996 1571//2996
f 1571//2997 1657//2997 1570//2997
f 1570//2998 1657//2998 1569//2998
f 1569//2999 1657//2999 1568//2999
f 1568//3000 1657//3000 1567//3000
f 1567//3001 1657//3001 1566//3001
f 1607//3002 1657//3002 1618//3002
f 1657//3003 1658//3003 1566//3003
f 1607//3004 1658//3004 1657//3004
f 1607//3005 1659//3005 1658//3005
f 1566//3006 1659//3006 1565//3006
f 1658//3007 1659//3007 1566//3007
f 999//3008 1660//3008 1656//3008
f 1652//3009 1660//3009 1661//3009
f 1001//3010 1660//3010 999//3010
f 1656//3011 1660//3011 1652//3011
f 1607//3012 1662//3012 1659//3012
f 1659//3013 1662//3013 1565//3013
f 1565//3014 1662//3014 1564//3014
f 1564//3015 1662//3015 1563//3015
f 1563//3016 1662//3016 1562//3016
f 1661//3017 1663//3017 1610//3017
f 1660//3018 1663//3018 1661//3018
f 1610//3019 1663//3019 1608//3019
f 1001//3020 1663//3020 1660//3020
f 1608//3021 1663//3021 1664//3021
f 1665//3022 1666//3022 1667//3022
f 1667//3023 1666//3023 1603//3023
f 1603//3024 1666//3024 1011//3024
f 1003//3025 1666//3025 1001//3025
f 1011//3026 1666//3026 1003//3026
f 1001//3027 1666//3027 1663//3027
f 1663//3028 1666//3028 1664//3028
f 1664//3029 1666//3029 1665//3029
f 1662//3030 1668//3030 1562//3030
f 1607//3031 1668//3031 1662//3031
f 1562//3032 1668//3032 1561//3032
f 1561//3033 1668//3033 1560//3033
f 1560//3034 1668//3034 1559//3034
f 1607//3035 1669//3035 1668//3035
f 1652//3036 1669//3036 1607//3036
f 1559//3037 1669//3037 1558//3037
f 1558//3038 1669//3038 1557//3038
f 1668//3039 1669//3039 1559//3039
f 1557//3040 1669//3040 1556//3040
f 1556//3041 1669//3041 1555//3041
f 1669//3042 1670//3042 1555//3042
f 1652//3043 1670//3043 1669//3043
f 1555//3044 1670//3044 1554//3044
f 1554//3045 1670//3045 1553//3045
f 1553//3046 1670//3046 1552//3046
f 1552//3047 1670//3047 1551//3047
f 1551//3048 1670//3048 1550//3048
f 1670//3049 1671//3049 1550//3049
f 1652//3050 1671//3050 1670//3050
f 1671//3051 1672//3051 1550//3051
f 1652//3052 1672//3052 1671//3052
f 1550//3053 1672//3053 1549//3053
f 1652//3054 1673//3054 1672//3054
f 1549//3055 1673//3055 1548//3055
f 1672//3056 1673//3056 1549//3056
f 1661//3057 1674//3057 1652//3057
f 1673//3058 1674//3058 1548//3058
f 1652//3059 1674//3059 1673//3059
f 1548//3060 1674//3060 1547//3060
f 1674//3061 1675//3061 1547//3061
f 1661//3062 1675//3062 1674//3062
f 1547//3063 1675//3063 1546//3063
f 1675//3064 1676//3064 1546//3064
f 1661//3065 1676//3065 1675//3065
f 1609//3066 1677//3066 1610//3066
f 1661//3067 1678//3067 1676//3067
f 1546//3068 1678//3068 1545//3068
f 1676//3069 1678//3069 1546//3069
f 1610//3070 1679//3070 1661//3070
f 1661//3071 1679//3071 1678//3071
f 1677//3072 1679//3072 1610//3072
f 1677//3073 1680//3073 1679//3073
f 1614//3074 1681//3074 1613//3074
f 1609//3075 1681//3075 1677//3075
f 1615//3076 1681//3076 1614//3076
f 1677//3077 1681//3077 1680//3077
f 1682//3078 1681//3078 1683//3078
f 1683//3079 1681//3079 1615//3079
f 1613//3080 1681//3080 1609//3080
f 1680//3081 1684//3081 1679//3081
f 1681//3082 1684//3082 1680//3082
f 1678//3083 1685//3083 1545//3083
f 1545//3084 1685//3084 1544//3084
f 1544//3085 1685//3085 1543//3085
f 1543//3086 1686//3086 1542//3086
f 1542//3087 1686//3087 1541//3087
f 1541//3088 1686//3088 1540//3088
f 1685//3089 1686//3089 1543//3089
f 1687//3090 1686//3090 1685//3090
f 1687//3091 1688//3091 1686//3091
f 1687//3092 1689//3092 1688//3092
f 1686//3093 1690//3093 1540//3093
f 1689//3094 1690//3094 1688//3094
f 1691//3095 1690//3095 1689//3095
f 1540//3096 1690//3096 1539//3096
f 1539//3097 1690//3097 1538//3097
f 1538//3098 1690//3098 1537//3098
f 1688//3099 1690//3099 1686//3099
f 1691//3100 1692//3100 1690//3100
f 1691//3101 1693//3101 1692//3101
f 1693//3102 1694//3102 1692//3102
f 1690//3103 1694//3103 1537//3103
f 1692//3104 1694//3104 1690//3104
f 1695//3105 1694//3105 1693//3105
f 1537//3106 1694//3106 1536//3106
f 1536//3107 1694//3107 1535//3107
f 1695//3108 1696//3108 1694//3108
f 1694//3109 1696//3109 1535//3109
f 1535//3110 1696//3110 1534//3110
f 1695//3111 1697//3111 1696//3111
f 1698//3112 1697//3112 1695//3112
f 1696//3113 1697//3113 1534//3113
f 1534//3114 1697//3114 1533//3114
f 1533//3115 1697//3115 1532//3115
f 1532//3116 1697//3116 1531//3116
f 1531//3117 1697//3117 1698//3117
f 936//3118 1699//3118 935//3118
f 1624//3119 1699//3119 1619//3119
f 1626//3120 1699//3120 1624//3120
f 1619//3121 1699//3121 936//3121
f 1699//3122 1700//3122 935//3122
f 1625//3123 1701//3123 1626//3123
f 1626//3124 1701//3124 1699//3124
f 1699//3125 1701//3125 1700//3125
f 1644//3126 1701//3126 1625//3126
f 934//3127 1702//3127 933//3127
f 1642//3128 1703//3128 1636//3128
f 1632//3129 1703//3129 1642//3129
f 1644//3130 1703//3130 1701//3130
f 1636//3131 1703//3131 1644//3131
f 1632//3132 1704//3132 1703//3132
f 1703//3133 1704//3133 1705//3133
f 1705//3134 1704//3134 1702//3134
f 1632//3135 1706//3135 1704//3135
f 1629//3136 1706//3136 1632//3136
f 932//3137 1707//3137 931//3137
f 931//3138 1707//3138 1628//3138
f 1629//3139 1707//3139 1706//3139
f 1628//3140 1707//3140 1631//3140
f 1631//3141 1707//3141 1629//3141
f 1682//3142 1708//3142 1681//3142
f 1709//3143 1708//3143 1682//3143
f 1681//3144 1708//3144 1684//3144
f 1679//3145 1710//3145 1678//3145
f 1684//3146 1710//3146 1679//3146
f 1708//3147 1710//3147 1684//3147
f 1709//3148 1711//3148 1708//3148
f 1708//3149 1711//3149 1710//3149
f 1710//3150 1712//3150 1678//3150
f 1678//3151 1712//3151 1685//3151
f 1685//3152 1712//3152 1687//3152
f 1713//3153 1714//3153 1715//3153
f 1714//3154 1716//3154 1712//3154
f 1712//3155 1716//3155 1687//3155
f 1716//3156 1717//3156 1687//3156
f 1687//3157 1717//3157 1689//3157
f 1689//3158 1717//3158 1691//3158
f 1691//3159 1718//3159 1693//3159
f 1693//3160 1718//3160 1695//3160
f 1695//3161 1718//3161 1698//3161
f 1717//3162 1718//3162 1691//3162
f 1698//3163 1718//3163 1719//3163
f 935//3164 1720//3164 934//3164
f 934//3165 1720//3165 1702//3165
f 1701//3166 1720//3166 1700//3166
f 1700//3167 1720//3167 935//3167
f 1703//3168 1720//3168 1701//3168
f 1705//3169 1720//3169 1703//3169
f 1702//3170 1720//3170 1705//3170
f 933//3171 1721//3171 932//3171
f 1702//3172 1721//3172 933//3172
f 1704//3173 1721//3173 1702//3173
f 932//3174 1721//3174 1707//3174
f 1707//3175 1721//3175 1706//3175
f 1706//3176 1721//3176 1704//3176
f 1710//3177 1722//3177 1712//3177
f 1711//3178 1722//3178 1710//3178
f 1712//3179 1722//3179 1714//3179
f 1714//3180 1722//3180 1715//3180
f 1715//3181 1722//3181 1709//3181
f 1709//3182 1722//3182 1711//3182
f 1716//3183 1723//3183 1717//3183
f 1713//3184 1723//3184 1714//3184
f 1714//3185 1723//3185 1716//3185
f 1717//3186 1723//3186 1718//3186
f 1718//3187 1723//3187 1719//3187
f 1719//3188 1723//3188 1713//3188
f 1316//3189 1531//3189 1698//3189
f 1315//3190 1698//3190 1719//3190
f 1315//3191 1316//3191 1698//3191
f 1317//3192 1719//3192 1713//3192
f 1317//3193 1315//3193 1719//3193
f 1318//3194 1713//3194 1715//3194
f 1318//3195 1317//3195 1713//3195
f 1319//3196 1715//3196 1709//3196
f 1319//3197 1318//3197 1715//3197
f 1320//3198 1709//3198 1682//3198
f 1320//3199 1319//3199 1709//3199
f 1321//3200 1682//3200 1683//3200
f 1321//3201 1320//3201 1682//3201
f 1322//3202 1683//3202 1615//3202
f 1322//3203 1321//3203 1683//3203
f 1323//3204 1615//3204 1611//3204
f 1323//3205 1322//3205 1615//3205
f 1324//3206 1611//3206 1612//3206
f 1324//3207 1323//3207 1611//3207
f 1325//3208 1612//3208 1608//3208
f 1325//3209 1324//3209 1612//3209
f 1326//3210 1608//3210 1664//3210
f 1326//3211 1325//3211 1608//3211
f 1327//3212 1664//3212 1665//3212
f 1327//3213 1326//3213 1664//3213
f 1328//3214 1665//3214 1667//3214
f 1328//3215 1327//3215 1665//3215
f 1329//3216 1667//3216 1603//3216
f 1329//3217 1328//3217 1667//3217
f 1330//3218 1329//3218 1603//3218
f 1330//3219 1603//3219 1602//3219
f 1020//3220 1602//3220 1019//3220
f 1020//3221 1330//3221 1602//3221
f 1169//3222 1136//3222 1525//3222
f 1525//3223 1136//3223 1526//3223
f 1333//3224 1521//3224 1314//3224
f 1521//3225 1522//3225 1314//3225
f 1522//3226 1523//3226 1314//3226
f 1523//3227 1524//3227 1314//3227
f 1524//3228 1525//3228 1314//3228
f 1314//3229 1526//3229 1316//3229
f 1525//3230 1526//3230 1314//3230
f 1526//3231 1527//3231 1316//3231
f 1527//3232 1528//3232 1316//3232
f 1528//3233 1529//3233 1316//3233
f 1529//3234 1530//3234 1316//3234
f 1530//3235 1531//3235 1316//3235
f 1724//3236 1725//3236 1726//3236
f 1726//3237 1725//3237 1727//3237
f 1726//3238 1728//3238 1724//3238
f 1729//3239 1728//3239 1726//3239
f 1729//3240 1730//3240 1728//3240
f 1731//3241 1730//3241 1729//3241
f 1727//3242 1732//3242 1733//3242
f 1725//3243 1732//3243 1727//3243
f 1731//3244 1734//3244 1730//3244
f 1735//3245 1734//3245 1731//3245
f 1732//3246 1736//3246 1733//3246
f 1733//3247 1736//3247 1737//3247
f 1737//3248 1738//3248 1739//3248
f 1736//3249 1738//3249 1737//3249
f 1735//3250 1740//3250 1734//3250
f 1741//3251 1740//3251 1735//3251
f 1738//3252 1742//3252 1739//3252
f 1739//3253 1742//3253 1743//3253
f 1741//3254 1744//3254 1740//3254
f 1745//3255 1744//3255 1741//3255
f 1742//3256 1746//3256 1743//3256
f 1743//3257 1746//3257 1747//3257
f 1745//3258 1748//3258 1744//3258
f 1749//3259 1748//3259 1745//3259
f 1749//3260 1750//3260 1748//3260
f 1751//3261 1750//3261 1752//3261
f 1752//3262 1750//3262 1749//3262
f 1747//3263 1753//3263 1754//3263
f 1746//3264 1753//3264 1747//3264
f 1751//3265 1755//3265 1750//3265
f 1754//3266 1756//3266 1757//3266
f 1753//3267 1756//3267 1754//3267
f 1758//3268 1759//3268 1751//3268
f 1751//3269 1759//3269 1755//3269
f 1757//3270 1760//3270 1761//3270
f 1756//3271 1760//3271 1757//3271
f 1758//3272 1762//3272 1759//3272
f 1763//3273 1762//3273 1764//3273
f 1764//3274 1762//3274 1758//3274
f 1761//3275 1765//3275 1766//3275
f 1760//3276 1765//3276 1761//3276
f 1763//3277 1767//3277 1762//3277
f 1766//3278 1768//3278 1769//3278
f 1765//3279 1768//3279 1766//3279
f 1770//3280 1771//3280 1763//3280
f 1763//3281 1771//3281 1767//3281
f 1768//3282 1772//3282 1769//3282
f 1769//3283 1772//3283 1773//3283
f 1773//3284 1772//3284 1774//3284
f 1775//3285 1776//3285 1770//3285
f 1770//3286 1776//3286 1771//3286
f 1772//3287 1777//3287 1774//3287
f 1778//3288 1779//3288 1775//3288
f 1775//3289 1779//3289 1776//3289
f 1777//3290 1780//3290 1774//3290
f 1774//3291 1780//3291 1781//3291
f 1781//3292 1782//3292 1783//3292
f 1780//3293 1782//3293 1781//3293
f 1782//3294 1784//3294 1783//3294
f 1783//3295 1784//3295 1785//3295
f 1785//3296 1786//3296 1787//3296
f 1784//3297 1786//3297 1785//3297
f 1786//3298 1788//3298 1787//3298
f 1788//3299 1789//3299 1787//3299
f 1789//3300 1790//3300 1787//3300
f 1790//3301 1791//3301 1787//3301
f 1791//3302 1792//3302 1787//3302
f 1792//3303 1793//3303 1787//3303
f 1787//3304 1793//3304 1794//3304
f 1794//3305 1793//3305 1795//3305
f 1793//3306 1796//3306 1795//3306
f 1795//3307 1796//3307 1797//3307
f 1797//3308 1796//3308 1798//3308
f 1796//3309 1799//3309 1798//3309
f 1798//3310 1799//3310 1800//3310
f 1800//3311 1799//3311 1801//3311
f 1801//3312 1799//3312 1802//3312
f 1799//3313 1803//3313 1802//3313
f 1802//3314 1803//3314 1804//3314
f 1804//3315 1803//3315 1805//3315
f 1805//3316 1803//3316 1806//3316
f 1803//3317 1807//3317 1806//3317
f 1806//3318 1807//3318 1808//3318
f 1808//3319 1807//3319 1809//3319
f 1807//3320 1810//3320 1809//3320
f 1809//3321 1810//3321 1811//3321
f 1811//3322 1810//3322 1812//3322
f 1812//3323 1810//3323 1813//3323
f 1810//3324 1814//3324 1813//3324
f 1813//3325 1814//3325 1815//3325
f 1814//3326 1816//3326 1815//3326
f 1816//3327 1817//3327 1815//3327
f 1817//3328 1818//3328 1815//3328
f 1818//3329 1819//3329 1815//3329
f 1819//3330 1820//3330 1815//3330
f 1819//3331 1821//3331 1820//3331
f 1820//3332 1821//3332 1822//3332
f 1822//3333 1821//3333 1823//3333
f 1823//3334 1821//3334 1824//3334
f 1824//3335 1821//3335 1825//3335
f 1825//3336 1821//3336 1826//3336
f 1821//3337 1827//3337 1826//3337
f 1821//3338 1828//3338 1827//3338
f 1821//3339 1829//3339 1828//3339
f 1821//3340 1830//3340 1829//3340
f 1821//3341 1831//3341 1830//3341
f 1832//3342 1833//3342 1821//3342
f 1821//3343 1833//3343 1831//3343
f 1832//3344 1834//3344 1833//3344
f 1835//3345 1836//3345 1832//3345
f 1832//3346 1836//3346 1834//3346
f 1835//3347 1837//3347 1836//3347
f 1835//3348 1838//3348 1837//3348
f 1839//3349 1838//3349 1835//3349
f 1839//3350 1840//3350 1838//3350
f 1841//3351 1840//3351 1839//3351
f 1842//3352 1840//3352 1841//3352
f 1843//3353 1840//3353 1842//3353
f 1844//3354 1840//3354 1843//3354
f 1845//3355 1840//3355 1844//3355
f 1845//3356 1846//3356 1840//3356
f 1846//3357 1847//3357 1840//3357
f 1847//3358 1848//3358 1840//3358
f 1848//3359 1849//3359 1840//3359
f 1849//3360 1850//3360 1840//3360
f 1850//3361 1851//3361 1840//3361
f 1851//3362 1852//3362 1840//3362
f 1852//3363 1853//3363 1840//3363
f 1854//3364 1855//3364 1856//3364
f 1856//3365 1855//3365 1857//3365
f 1856//3366 1858//3366 1859//3366
f 1857//3367 1858//3367 1856//3367
f 1854//3368 1860//3368 1855//3368
f 1861//3369 1860//3369 1854//3369
f 1858//3370 1862//3370 1859//3370
f 1859//3371 1862//3371 1863//3371
f 1863//3372 1862//3372 1864//3372
f 1861//3373 1865//3373 1860//3373
f 1866//3374 1865//3374 1861//3374
f 1864//3375 1867//3375 1868//3375
f 1862//3376 1867//3376 1864//3376
f 1866//3377 1869//3377 1865//3377
f 1870//3378 1869//3378 1871//3378
f 1871//3379 1869//3379 1866//3379
f 1867//3380 1872//3380 1868//3380
f 1868//3381 1872//3381 1873//3381
f 1870//3382 1874//3382 1869//3382
f 1873//3383 1875//3383 1876//3383
f 1872//3384 1875//3384 1873//3384
f 1870//3385 1877//3385 1874//3385
f 1878//3386 1877//3386 1879//3386
f 1879//3387 1877//3387 1870//3387
f 1875//3388 1880//3388 1876//3388
f 1880//3389 1881//3389 1876//3389
f 1876//3390 1881//3390 1882//3390
f 1878//3391 1883//3391 1877//3391
f 1881//3392 1884//3392 1882//3392
f 1882//3393 1884//3393 1885//3393
f 1885//3394 1884//3394 1886//3394
f 1887//3395 1888//3395 1889//3395
f 1889//3396 1888//3396 1878//3396
f 1878//3397 1888//3397 1883//3397
f 1887//3398 1890//3398 1888//3398
f 1884//3399 1891//3399 1886//3399
f 1887//3400 1892//3400 1890//3400
f 1893//3401 1892//3401 1887//3401
f 1891//3402 1894//3402 1886//3402
f 1886//3403 1894//3403 1895//3403
f 1893//3404 1896//3404 1892//3404
f 1897//3405 1896//3405 1898//3405
f 1898//3406 1896//3406 1893//3406
f 1894//3407 1899//3407 1895//3407
f 1895//3408 1899//3408 1900//3408
f 1900//3409 1899//3409 1901//3409
f 1897//3410 1902//3410 1896//3410
f 1903//3411 1902//3411 1897//3411
f 1899//3412 1904//3412 1901//3412
f 1903//3413 1905//3413 1902//3413
f 1904//3414 1906//3414 1901//3414
f 1901//3415 1906//3415 1907//3415
f 1903//3416 1908//3416 1905//3416
f 1909//3417 1908//3417 1903//3417
f 1906//3418 1910//3418 1907//3418
f 1907//3419 1910//3419 1911//3419
f 1910//3420 1912//3420 1911//3420
f 1911//3421 1912//3421 1913//3421
f 1912//3422 1914//3422 1913//3422
f 1913//3423 1914//3423 1915//3423
f 1914//3424 1916//3424 1915//3424
f 1917//3425 1918//3425 1919//3425
f 1920//3426 1918//3426 1917//3426
f 1921//3427 1918//3427 1920//3427
f 1922//3428 1918//3428 1921//3428
f 1923//3429 1918//3429 1922//3429
f 1916//3430 1918//3430 1923//3430
f 1914//3431 1918//3431 1916//3431
f 1924//3432 1925//3432 1926//3432
f 1927//3433 1925//3433 1924//3433
f 1928//3434 1925//3434 1927//3434
f 1929//3435 1925//3435 1928//3435
f 1930//3436 1925//3436 1929//3436
f 1931//3437 1925//3437 1930//3437
f 1932//3438 1925//3438 1931//3438
f 1933//3439 1925//3439 1932//3439
f 1934//3440 1925//3440 1933//3440
f 1935//3441 1925//3441 1934//3441
f 1936//3442 1925//3442 1935//3442
f 1937//3443 1925//3443 1936//3443
f 1938//3444 1925//3444 1937//3444
f 1853//3445 1925//3445 1840//3445
f 1926//3446 1925//3446 1853//3446
f 1939//3447 1940//3447 1938//3447
f 1938//3448 1940//3448 1925//3448
f 1918//3449 1941//3449 1919//3449
f 1919//3450 1942//3450 1943//3450
f 1941//3451 1942//3451 1919//3451
f 1939//3452 1944//3452 1940//3452
f 1945//3453 1946//3453 1939//3453
f 1939//3454 1946//3454 1944//3454
f 1942//3455 1947//3455 1943//3455
f 1945//3456 1948//3456 1946//3456
f 1943//3457 1949//3457 1950//3457
f 1947//3458 1949//3458 1943//3458
f 1951//3459 1952//3459 1945//3459
f 1945//3460 1952//3460 1948//3460
f 1949//3461 1953//3461 1950//3461
f 1951//3462 1954//3462 1952//3462
f 1953//3463 1955//3463 1950//3463
f 1951//3464 1956//3464 1954//3464
f 1955//3465 1957//3465 1950//3465
f 1950//3466 1957//3466 1958//3466
f 1951//3467 1959//3467 1956//3467
f 1957//3468 1960//3468 1958//3468
f 1951//3469 1961//3469 1959//3469
f 1960//3470 1962//3470 1958//3470
f 1951//3471 1963//3471 1961//3471
f 1958//3472 1964//3472 1965//3472
f 1962//3473 1964//3473 1958//3473
f 1951//3474 1966//3474 1963//3474
f 1964//3475 1967//3475 1965//3475
f 1951//3476 1968//3476 1966//3476
f 1965//3477 1969//3477 1970//3477
f 1967//3478 1969//3478 1965//3478
f 1951//3479 1971//3479 1968//3479
f 1969//3480 1972//3480 1970//3480
f 1951//3481 1973//3481 1971//3481
f 1972//3482 1974//3482 1970//3482
f 1951//3483 1975//3483 1973//3483
f 1970//3484 1976//3484 1977//3484
f 1974//3485 1976//3485 1970//3485
f 1978//3486 1979//3486 1951//3486
f 1951//3487 1979//3487 1975//3487
f 1980//3488 1981//3488 1978//3488
f 1982//3489 1981//3489 1980//3489
f 1983//3490 1981//3490 1982//3490
f 1977//3491 1981//3491 1983//3491
f 1976//3492 1981//3492 1977//3492
f 1978//3493 1981//3493 1979//3493
f 543//3494 545//3494 1984//3494
f 1984//3495 545//3495 1985//3495
f 1984//3496 1985//3496 1778//3496
f 1778//3497 1985//3497 1779//3497
f 1986//3498 1987//3498 1988//3498
f 1988//3499 1987//3499 1989//3499
f 1988//3500 1989//3500 1909//3500
f 1909//3501 1989//3501 1908//3501
f 544//3502 543//3502 1984//3502
f 1990//3503 544//3503 1984//3503
f 1991//3504 1984//3504 1778//3504
f 1991//3505 1778//3505 1775//3505
f 1991//3506 1990//3506 1984//3506
f 1992//3507 1991//3507 1775//3507
f 1993//3508 1775//3508 1770//3508
f 1993//3509 1770//3509 1763//3509
f 1993//3510 1992//3510 1775//3510
f 1994//3511 1763//3511 1764//3511
f 1994//3512 1993//3512 1763//3512
f 1995//3513 1994//3513 1764//3513
f 1996//3514 1764//3514 1758//3514
f 1996//3515 1995//3515 1764//3515
f 1997//3516 1758//3516 1751//3516
f 1997//3517 1751//3517 1752//3517
f 1997//3518 1996//3518 1758//3518
f 1998//3519 1997//3519 1752//3519
f 1999//3520 1752//3520 1749//3520
f 1999//3521 1998//3521 1752//3521
f 2000//3522 1749//3522 1745//3522
f 2000//3523 1745//3523 1741//3523
f 2000//3524 1999//3524 1749//3524
f 2001//3525 2000//3525 1741//3525
f 2002//3526 1741//3526 1735//3526
f 2002//3527 1735//3527 1731//3527
f 2002//3528 2001//3528 1741//3528
f 2003//3529 2002//3529 1731//3529
f 2004//3530 1731//3530 1729//3530
f 2004//3531 1729//3531 1726//3531
f 2004//3532 2003//3532 1731//3532
f 2005//3533 2004//3533 1726//3533
f 2006//3534 1726//3534 1727//3534
f 2006//3535 2005//3535 1726//3535
f 2007//3536 1727//3536 1733//3536
f 2007//3537 2006//3537 1727//3537
f 2008//3538 1733//3538 1737//3538
f 2008//3539 1737//3539 1739//3539
f 2008//3540 2007//3540 1733//3540
f 2009//3541 2008//3541 1739//3541
f 2010//3542 1739//3542 1743//3542
f 2010//3543 1743//3543 1747//3543
f 2010//3544 2009//3544 1739//3544
f 2011//3545 2010//3545 1747//3545
f 2012//3546 1747//3546 1754//3546
f 2012//3547 2011//3547 1747//3547
f 2013//3548 1754//3548 1757//3548
f 2013//3549 1757//3549 1761//3549
f 2013//3550 2012//3550 1754//3550
f 2014//3551 2013//3551 1761//3551
f 2015//3552 1761//3552 1766//3552
f 2015//3553 1766//3553 1769//3553
f 2015//3554 2014//3554 1761//3554
f 2016//3555 2015//3555 1769//3555
f 2017//3556 1769//3556 1773//3556
f 2017//3557 2016//3557 1769//3557
f 2018//3558 1773//3558 1774//3558
f 2018//3559 2017//3559 1773//3559
f 2019//3560 1774//3560 1781//3560
f 2019//3561 2018//3561 1774//3561
f 2020//3562 1781//3562 1783//3562
f 2020//3563 1783//3563 1785//3563
f 2020//3564 2019//3564 1781//3564
f 2021//3565 2020//3565 1785//3565
f 2022//3566 2004//3566 2005//3566
f 2023//3567 2004//3567 2022//3567
f 2024//3568 2022//3568 2005//3568
f 2024//3569 2005//3569 2006//3569
f 2025//3570 2004//3570 2023//3570
f 2025//3571 2003//3571 2004//3571
f 2026//3572 2006//3572 2007//3572
f 2026//3573 2024//3573 2006//3573
f 2027//3574 2003//3574 2025//3574
f 2027//3575 2002//3575 2003//3575
f 2028//3576 2026//3576 2007//3576
f 2028//3577 2007//3577 2008//3577
f 2029//3578 2002//3578 2027//3578
f 2029//3579 2001//3579 2002//3579
f 2030//3580 2008//3580 2009//3580
f 2030//3581 2028//3581 2008//3581
f 2031//3582 1999//3582 2000//3582
f 2031//3583 2000//3583 2001//3583
f 2031//3584 2001//3584 2029//3584
f 2032//3585 2030//3585 2009//3585
f 2032//3586 2009//3586 2010//3586
f 2033//3587 1999//3587 2031//3587
f 2034//3588 2032//3588 2010//3588
f 2034//3589 2010//3589 2011//3589
f 2035//3590 1998//3590 1999//3590
f 2035//3591 1999//3591 2033//3591
f 2036//3592 2011//3592 2012//3592
f 2036//3593 2034//3593 2011//3593
f 2037//3594 1998//3594 2035//3594
f 2037//3595 1997//3595 1998//3595
f 2038//3596 2012//3596 2013//3596
f 2038//3597 2036//3597 2012//3597
f 2039//3598 1997//3598 2037//3598
f 2039//3599 1996//3599 1997//3599
f 2040//3600 2013//3600 2014//3600
f 2040//3601 2038//3601 2013//3601
f 2041//3602 1994//3602 1995//3602
f 2041//3603 1995//3603 1996//3603
f 2041//3604 1996//3604 2039//3604
f 2042//3605 2014//3605 2015//3605
f 2042//3606 2040//3606 2014//3606
f 2043//3607 1994//3607 2041//3607
f 2044//3608 2042//3608 2015//3608
f 2044//3609 2015//3609 2016//3609
f 2045//3610 1993//3610 1994//3610
f 2045//3611 1994//3611 2043//3611
f 2046//3612 2016//3612 2017//3612
f 2046//3613 2044//3613 2016//3613
f 2047//3614 1993//3614 2045//3614
f 2047//3615 1992//3615 1993//3615
f 2048//3616 2017//3616 2018//3616
f 2048//3617 2046//3617 2017//3617
f 2049//3618 1991//3618 1992//3618
f 2049//3619 1992//3619 2047//3619
f 2050//3620 2018//3620 2019//3620
f 2050//3621 2048//3621 2018//3621
f 2051//3622 2019//3622 2020//3622
f 2051//3623 2050//3623 2019//3623
f 2052//3624 2020//3624 2021//3624
f 2052//3625 2051//3625 2020//3625
f 2053//3626 2021//3626 2054//3626
f 2053//3627 2052//3627 2021//3627
f 2055//3628 2053//3628 2054//3628
f 2056//3629 2055//3629 2054//3629
f 2057//3630 2056//3630 2054//3630
f 2058//3631 2057//3631 2054//3631
f 2059//3632 2058//3632 2054//3632
f 2060//3633 2059//3633 2054//3633
f 2060//3634 2054//3634 2061//3634
f 2060//3635 2061//3635 2062//3635
f 2063//3636 2060//3636 2062//3636
f 2063//3637 2062//3637 2064//3637
f 2063//3638 2064//3638 2065//3638
f 2066//3639 2063//3639 2065//3639
f 2066//3640 2065//3640 2067//3640
f 2066//3641 2067//3641 2068//3641
f 2066//3642 2068//3642 2069//3642
f 2070//3643 2066//3643 2069//3643
f 2070//3644 2069//3644 2071//3644
f 2070//3645 2071//3645 2072//3645
f 2070//3646 2072//3646 2073//3646
f 2074//3647 2070//3647 2073//3647
f 2074//3648 2073//3648 2075//3648
f 2074//3649 2075//3649 2076//3649
f 2077//3650 2074//3650 2076//3650
f 2077//3651 2076//3651 2078//3651
f 2077//3652 2078//3652 2079//3652
f 2077//3653 2079//3653 2080//3653
f 2081//3654 2077//3654 2080//3654
f 2081//3655 2080//3655 2082//3655
f 2083//3656 2081//3656 2082//3656
f 2084//3657 2083//3657 2082//3657
f 2085//3658 2084//3658 2082//3658
f 2086//3659 2085//3659 2082//3659
f 2087//3660 2086//3660 2082//3660
f 2088//3661 2086//3661 2087//3661
f 2088//3662 2087//3662 2089//3662
f 2088//3663 2089//3663 2090//3663
f 2088//3664 2090//3664 2091//3664
f 2088//3665 2091//3665 2092//3665
f 2088//3666 2092//3666 2093//3666
f 2094//3667 2088//3667 2093//3667
f 2095//3668 2088//3668 2094//3668
f 2096//3669 2088//3669 2095//3669
f 2097//3670 2088//3670 2096//3670
f 2098//3671 2088//3671 2097//3671
f 2099//3672 2100//3672 2088//3672
f 2099//3673 2088//3673 2098//3673
f 2101//3674 2100//3674 2099//3674
f 2102//3675 2103//3675 2100//3675
f 2102//3676 2100//3676 2101//3676
f 2104//3677 2103//3677 2102//3677
f 2105//3678 2103//3678 2104//3678
f 2105//3679 2106//3679 2103//3679
f 2107//3680 2106//3680 2105//3680
f 2107//3681 2108//3681 2106//3681
f 2107//3682 2109//3682 2108//3682
f 2107//3683 2110//3683 2109//3683
f 2107//3684 2111//3684 2110//3684
f 2107//3685 2112//3685 2111//3685
f 2113//3686 2112//3686 2107//3686
f 2114//3687 2113//3687 2107//3687
f 2115//3688 2114//3688 2107//3688
f 2116//3689 2115//3689 2107//3689
f 2117//3690 2116//3690 2107//3690
f 2118//3691 2117//3691 2107//3691
f 2119//3692 2118//3692 2107//3692
f 2120//3693 2119//3693 2107//3693
f 2121//3694 2122//3694 2123//3694
f 2121//3695 2123//3695 2124//3695
f 2121//3696 2124//3696 2125//3696
f 2126//3697 2124//3697 2127//3697
f 2126//3698 2125//3698 2124//3698
f 2128//3699 2122//3699 2121//3699
f 2129//3700 2126//3700 2127//3700
f 2129//3701 2127//3701 2130//3701
f 2129//3702 2130//3702 2131//3702
f 2132//3703 2131//3703 2133//3703
f 2132//3704 2129//3704 2131//3704
f 2134//3705 2122//3705 2128//3705
f 2134//3706 2135//3706 2122//3706
f 2136//3707 2135//3707 2134//3707
f 2136//3708 2137//3708 2138//3708
f 2136//3709 2138//3709 2135//3709
f 2139//3710 2132//3710 2133//3710
f 2139//3711 2133//3711 2140//3711
f 2141//3712 2137//3712 2136//3712
f 2142//3713 2139//3713 2140//3713
f 2142//3714 2140//3714 2143//3714
f 2144//3715 2137//3715 2141//3715
f 2144//3716 2145//3716 2146//3716
f 2144//3717 2146//3717 2137//3717
f 2147//3718 2142//3718 2143//3718
f 2148//3719 2145//3719 2144//3719
f 2149//3720 2147//3720 2143//3720
f 2149//3721 2143//3721 2150//3721
f 2151//3722 2152//3722 2145//3722
f 2151//3723 2145//3723 2148//3723
f 2153//3724 2149//3724 2150//3724
f 2153//3725 2150//3725 2154//3725
f 2153//3726 2154//3726 2155//3726
f 2156//3727 2152//3727 2151//3727
f 2156//3728 2157//3728 2152//3728
f 2158//3729 2153//3729 2155//3729
f 2159//3730 2157//3730 2156//3730
f 2159//3731 2160//3731 2157//3731
f 2161//3732 2158//3732 2155//3732
f 2161//3733 2155//3733 2162//3733
f 2163//3734 2160//3734 2159//3734
f 2163//3735 2164//3735 2165//3735
f 2163//3736 2165//3736 2160//3736
f 2166//3737 2162//3737 2167//3737
f 2166//3738 2161//3738 2162//3738
f 2168//3739 2164//3739 2163//3739
f 2168//3740 2169//3740 2164//3740
f 2170//3741 2166//3741 2167//3741
f 2170//3742 2167//3742 2171//3742
f 2172//3743 2169//3743 2168//3743
f 2173//3744 2170//3744 2171//3744
f 2173//3745 2171//3745 2174//3745
f 2175//3746 2169//3746 2172//3746
f 2175//3747 2176//3747 2169//3747
f 2177//3748 2173//3748 2174//3748
f 2177//3749 2174//3749 2178//3749
f 2179//3750 2177//3750 2178//3750
f 2179//3751 2178//3751 2180//3751
f 2181//3752 2179//3752 2180//3752
f 2181//3753 2180//3753 2182//3753
f 2183//3754 2181//3754 2182//3754
f 2184//3755 2185//3755 2186//3755
f 2184//3756 2187//3756 2185//3756
f 2184//3757 2188//3757 2187//3757
f 2184//3758 2189//3758 2188//3758
f 2184//3759 2190//3759 2189//3759
f 2184//3760 2183//3760 2190//3760
f 2184//3761 2181//3761 2183//3761
f 2191//3762 2192//3762 2193//3762
f 2191//3763 2194//3763 2192//3763
f 2191//3764 2195//3764 2194//3764
f 2191//3765 2196//3765 2195//3765
f 2191//3766 2197//3766 2196//3766
f 2191//3767 2198//3767 2197//3767
f 2191//3768 2199//3768 2198//3768
f 2191//3769 2200//3769 2199//3769
f 2191//3770 2201//3770 2200//3770
f 2191//3771 2202//3771 2201//3771
f 2191//3772 2203//3772 2202//3772
f 2191//3773 2204//3773 2203//3773
f 2191//3774 2205//3774 2204//3774
f 2191//3775 2120//3775 2107//3775
f 2191//3776 2193//3776 2120//3776
f 2206//3777 2184//3777 2186//3777
f 2207//3778 2208//3778 2205//3778
f 2207//3779 2205//3779 2191//3779
f 2209//3780 2208//3780 2207//3780
f 2210//3781 2186//3781 2211//3781
f 2210//3782 2206//3782 2186//3782
f 2212//3783 2208//3783 2209//3783
f 2212//3784 2213//3784 2208//3784
f 2214//3785 2210//3785 2211//3785
f 2215//3786 2213//3786 2212//3786
f 2216//3787 2211//3787 2217//3787
f 2216//3788 2214//3788 2211//3788
f 2218//3789 2219//3789 2213//3789
f 2218//3790 2213//3790 2215//3790
f 2220//3791 2216//3791 2217//3791
f 2221//3792 2219//3792 2218//3792
f 2222//3793 2220//3793 2217//3793
f 2223//3794 2219//3794 2221//3794
f 2224//3795 2222//3795 2217//3795
f 2224//3796 2217//3796 2225//3796
f 2226//3797 2219//3797 2223//3797
f 2227//3798 2224//3798 2225//3798
f 2228//3799 2219//3799 2226//3799
f 2229//3800 2227//3800 2225//3800
f 2230//3801 2219//3801 2228//3801
f 2231//3802 2229//3802 2225//3802
f 2231//3803 2225//3803 2232//3803
f 2233//3804 2219//3804 2230//3804
f 2234//3805 2231//3805 2232//3805
f 2235//3806 2219//3806 2233//3806
f 2236//3807 2232//3807 2237//3807
f 2236//3808 2234//3808 2232//3808
f 2238//3809 2219//3809 2235//3809
f 2239//3810 2236//3810 2237//3810
f 2240//3811 2219//3811 2238//3811
f 2241//3812 2239//3812 2237//3812
f 2242//3813 2219//3813 2240//3813
f 2243//3814 2237//3814 2244//3814
f 2243//3815 2241//3815 2237//3815
f 2245//3816 2246//3816 2247//3816
f 2245//3817 2248//3817 2246//3817
f 2245//3818 2249//3818 2248//3818
f 2245//3819 2244//3819 2249//3819
f 2245//3820 2243//3820 2244//3820
f 2250//3821 2247//3821 2219//3821
f 2250//3822 2245//3822 2247//3822
f 2250//3823 2219//3823 2242//3823
f 546//3824 544//3824 1990//3824
f 546//3825 1990//3825 2251//3825
f 2251//3826 1990//3826 1991//3826
f 2251//3827 1991//3827 2049//3827
f 2252//3828 2253//3828 2254//3828
f 2252//3829 2254//3829 2255//3829
f 2255//3830 2254//3830 2176//3830
f 2255//3831 2176//3831 2175//3831
f 545//3832 546//3832 1985//3832
f 546//3833 2251//3833 1985//3833
f 1985//3834 2049//3834 1779//3834
f 1779//3835 2049//3835 1776//3835
f 2251//3836 2049//3836 1985//3836
f 2049//3837 2047//3837 1776//3837
f 1776//3838 2045//3838 1771//3838
f 1771//3839 2045//3839 1767//3839
f 2047//3840 2045//3840 1776//3840
f 1767//3841 2043//3841 1762//3841
f 2045//3842 2043//3842 1767//3842
f 2043//3843 2041//3843 1762//3843
f 1762//3844 2039//3844 1759//3844
f 2041//3845 2039//3845 1762//3845
f 1759//3846 2037//3846 1755//3846
f 1755//3847 2037//3847 1750//3847
f 2039//3848 2037//3848 1759//3848
f 2037//3849 2035//3849 1750//3849
f 1750//3850 2033//3850 1748//3850
f 2035//3851 2033//3851 1750//3851
f 1748//3852 2031//3852 1744//3852
f 1744//3853 2031//3853 1740//3853
f 2033//3854 2031//3854 1748//3854
f 2031//3855 2029//3855 1740//3855
f 1740//3856 2027//3856 1734//3856
f 1734//3857 2027//3857 1730//3857
f 2029//3858 2027//3858 1740//3858
f 2027//3859 2025//3859 1730//3859
f 1730//3860 2023//3860 1728//3860
f 1728//3861 2023//3861 1724//3861
f 2025//3862 2023//3862 1730//3862
f 2023//3863 2022//3863 1724//3863
f 1724//3864 2024//3864 1725//3864
f 2022//3865 2024//3865 1724//3865
f 1725//3866 2026//3866 1732//3866
f 2024//3867 2026//3867 1725//3867
f 1732//3868 2028//3868 1736//3868
f 1736//3869 2028//3869 1738//3869
f 2026//3870 2028//3870 1732//3870
f 2028//3871 2030//3871 1738//3871
f 1738//3872 2032//3872 1742//3872
f 1742//3873 2032//3873 1746//3873
f 2030//3874 2032//3874 1738//3874
f 2032//3875 2034//3875 1746//3875
f 1746//3876 2036//3876 1753//3876
f 2034//3877 2036//3877 1746//3877
f 1753//3878 2038//3878 1756//3878
f 1756//3879 2038//3879 1760//3879
f 2036//3880 2038//3880 1753//3880
f 2038//3881 2040//3881 1760//3881
f 1760//3882 2042//3882 1765//3882
f 1765//3883 2042//3883 1768//3883
f 2040//3884 2042//3884 1760//3884
f 2042//3885 2044//3885 1768//3885
f 1768//3886 2046//3886 1772//3886
f 2044//3887 2046//3887 1768//3887
f 1772//3888 2048//3888 1777//3888
f 2046//3889 2048//3889 1772//3889
f 1777//3890 2050//3890 1780//3890
f 2048//3891 2050//3891 1777//3891
f 1780//3892 2051//3892 1782//3892
f 1782//3893 2051//3893 1784//3893
f 2050//3894 2051//3894 1780//3894
f 2051//3895 2052//3895 1784//3895
f 2253//3896 1986//3896 1988//3896
f 2254//3897 2253//3897 1988//3897
f 2176//3898 1988//3898 1909//3898
f 2176//3899 1909//3899 1903//3899
f 2176//3900 2254//3900 1988//3900
f 2169//3901 2176//3901 1903//3901
f 2164//3902 1903//3902 1897//3902
f 2164//3903 1897//3903 1898//3903
f 2164//3904 2169//3904 1903//3904
f 2165//3905 1898//3905 1893//3905
f 2165//3906 2164//3906 1898//3906
f 2160//3907 2165//3907 1893//3907
f 2157//3908 1893//3908 1887//3908
f 2157//3909 2160//3909 1893//3909
f 2152//3910 1887//3910 1889//3910
f 2152//3911 1889//3911 1878//3911
f 2152//3912 2157//3912 1887//3912
f 2145//3913 2152//3913 1878//3913
f 2146//3914 1878//3914 1879//3914
f 2146//3915 2145//3915 1878//3915
f 2137//3916 1879//3916 1870//3916
f 2137//3917 1870//3917 1871//3917
f 2137//3918 2146//3918 1879//3918
f 2138//3919 2137//3919 1871//3919
f 2135//3920 1871//3920 1866//3920
f 2135//3921 1866//3921 1861//3921
f 2135//3922 2138//3922 1871//3922
f 2122//3923 2135//3923 1861//3923
f 2123//3924 1861//3924 1854//3924
f 2123//3925 1854//3925 1856//3925
f 2123//3926 2122//3926 1861//3926
f 2124//3927 2123//3927 1856//3927
f 2127//3928 1856//3928 1859//3928
f 2127//3929 2124//3929 1856//3929
f 2130//3930 1859//3930 1863//3930
f 2130//3931 2127//3931 1859//3931
f 2131//3932 1863//3932 1864//3932
f 2131//3933 1864//3933 1868//3933
f 2131//3934 2130//3934 1863//3934
f 2133//3935 2131//3935 1868//3935
f 2140//3936 1868//3936 1873//3936
f 2140//3937 1873//3937 1876//3937
f 2140//3938 2133//3938 1868//3938
f 2143//3939 2140//3939 1876//3939
f 2150//3940 1876//3940 1882//3940
f 2150//3941 2143//3941 1876//3941
f 2154//3942 1882//3942 1885//3942
f 2154//3943 1885//3943 1886//3943
f 2154//3944 2150//3944 1882//3944
f 2155//3945 2154//3945 1886//3945
f 2162//3946 1886//3946 1895//3946
f 2162//3947 1895//3947 1900//3947
f 2162//3948 2155//3948 1886//3948
f 2167//3949 2162//3949 1900//3949
f 2171//3950 1900//3950 1901//3950
f 2171//3951 2167//3951 1900//3951
f 2174//3952 1901//3952 1907//3952
f 2174//3953 2171//3953 1901//3953
f 2178//3954 1907//3954 1911//3954
f 2178//3955 2174//3955 1907//3955
f 2180//3956 1911//3956 1913//3956
f 2180//3957 1913//3957 1915//3957
f 2180//3958 2178//3958 1911//3958
f 2182//3959 2180//3959 1915//3959
f 1987//3960 2252//3960 1989//3960
f 2252//3961 2255//3961 1989//3961
f 1989//3962 2175//3962 1908//3962
f 1908//3963 2175//3963 1905//3963
f 2255//3964 2175//3964 1989//3964
f 2175//3965 2172//3965 1905//3965
f 1905//3966 2168//3966 1902//3966
f 1902//3967 2168//3967 1896//3967
f 2172//3968 2168//3968 1905//3968
f 1896//3969 2163//3969 1892//3969
f 2168//3970 2163//3970 1896//3970
f 2163//3971 2159//3971 1892//3971
f 1892//3972 2156//3972 1890//3972
f 2159//3973 2156//3973 1892//3973
f 1890//3974 2151//3974 1888//3974
f 1888//3975 2151//3975 1883//3975
f 2156//3976 2151//3976 1890//3976
f 2151//3977 2148//3977 1883//3977
f 1883//3978 2144//3978 1877//3978
f 2148//3979 2144//3979 1883//3979
f 1877//3980 2141//3980 1874//3980
f 1874//3981 2141//3981 1869//3981
f 2144//3982 2141//3982 1877//3982
f 2141//3983 2136//3983 1869//3983
f 1869//3984 2134//3984 1865//3984
f 1865//3985 2134//3985 1860//3985
f 2136//3986 2134//3986 1869//3986
f 2134//3987 2128//3987 1860//3987
f 1860//3988 2121//3988 1855//3988
f 1855//3989 2121//3989 1857//3989
f 2128//3990 2121//3990 1860//3990
f 2121//3991 2125//3991 1857//3991
f 1857//3992 2126//3992 1858//3992
f 2125//3993 2126//3993 1857//3993
f 1858//3994 2129//3994 1862//3994
f 2126//3995 2129//3995 1858//3995
f 1862//3996 2132//3996 1867//3996
f 1867//3997 2132//3997 1872//3997
f 2129//3998 2132//3998 1862//3998
f 2132//3999 2139//3999 1872//3999
f 1872//4000 2142//4000 1875//4000
f 1875//4001 2142//4001 1880//4001
f 2139//4002 2142//4002 1872//4002
f 2142//4003 2147//4003 1880//4003
f 1880//4004 2149//4004 1881//4004
f 2147//4005 2149//4005 1880//4005
f 1881//4006 2153//4006 1884//4006
f 1884//4007 2153//4007 1891//4007
f 2149//4008 2153//4008 1881//4008
f 2153//4009 2158//4009 1891//4009
f 1891//4010 2161//4010 1894//4010
f 1894//4011 2161//4011 1899//4011
f 2158//4012 2161//4012 1891//4012
f 2161//4013 2166//4013 1899//4013
f 1899//4014 2170//4014 1904//4014
f 2166//4015 2170//4015 1899//4015
f 1904//4016 2173//4016 1906//4016
f 2170//4017 2173//4017 1904//4017
f 1906//4018 2177//4018 1910//4018
f 2173//4019 2177//4019 1906//4019
f 1910//4020 2179//4020 1912//4020
f 1912//4021 2179//4021 1914//4021
f 2177//4022 2179//4022 1910//4022
f 2179//4023 2181//4023 1914//4023
f 1786//4024 1784//4024 2052//4024
f 1786//4025 2052//4025 2053//4025
f 1786//4026 2053//4026 1788//4026
f 2053//4027 2055//4027 1788//4027
f 1788//4028 2056//4028 1789//4028
f 2055//4029 2056//4029 1788//4029
f 1789//4030 2057//4030 1790//4030
f 2056//4031 2057//4031 1789//4031
f 1790//4032 2058//4032 1791//4032
f 2057//4033 2058//4033 1790//4033
f 1791//4034 2059//4034 1792//4034
f 1792//4035 2059//4035 1793//4035
f 2058//4036 2059//4036 1791//4036
f 2059//4037 2060//4037 1793//4037
f 1793//4038 2063//4038 1796//4038
f 1796//4039 2063//4039 1799//4039
f 2060//4040 2063//4040 1793//4040
f 1799//4041 2066//4041 1803//4041
f 2063//4042 2066//4042 1799//4042
f 2066//4043 2070//4043 1803//4043
f 1803//4044 2074//4044 1807//4044
f 1807//4045 2074//4045 1810//4045
f 2070//4046 2074//4046 1803//4046
f 2074//4047 2077//4047 1810//4047
f 1810//4048 2081//4048 1814//4048
f 2077//4049 2081//4049 1810//4049
f 1814//4050 2083//4050 1816//4050
f 2081//4051 2083//4051 1814//4051
f 1816//4052 2084//4052 1817//4052
f 2083//4053 2084//4053 1816//4053
f 1817//4054 2085//4054 1818//4054
f 1818//4055 2085//4055 1819//4055
f 2084//4056 2085//4056 1817//4056
f 2085//4057 2086//4057 1819//4057
f 2256//4058 1821//4058 1819//4058
f 2257//4059 2256//4059 1819//4059
f 2258//4060 2257//4060 1819//4060
f 2259//4061 2258//4061 1819//4061
f 2260//4062 2259//4062 1819//4062
f 2261//4063 2260//4063 1819//4063
f 2262//4064 2261//4064 1819//4064
f 2263//4065 2262//4065 1819//4065
f 2264//4066 2263//4066 1819//4066
f 2265//4067 2266//4067 2267//4067
f 2265//4068 2268//4068 2266//4068
f 2269//4069 2267//4069 2270//4069
f 2269//4070 2265//4070 2267//4070
f 2271//4071 2270//4071 2272//4071
f 2271//4072 2269//4072 2270//4072
f 2273//4073 2272//4073 2274//4073
f 2273//4074 2271//4074 2272//4074
f 2275//4075 2274//4075 2276//4075
f 2275//4076 2273//4076 2274//4076
f 2277//4077 2275//4077 2276//4077
f 2278//4078 2277//4078 2276//4078
f 2278//4079 2276//4079 2279//4079
f 2280//4080 2278//4080 2279//4080
f 2280//4081 2279//4081 2281//4081
f 2282//4082 2280//4082 2281//4082
f 2283//4083 2281//4083 2284//4083
f 2283//4084 2282//4084 2281//4084
f 2285//4085 2283//4085 2284//4085
f 2285//4086 2284//4086 2286//4086
f 2287//4087 2285//4087 2286//4087
f 2288//4088 2286//4088 2264//4088
f 2288//4089 2287//4089 2286//4089
f 2288//4090 2264//4090 1819//4090
f 2289//4091 1819//4091 2086//4091
f 2289//4092 2288//4092 1819//4092
f 2290//4093 2289//4093 2086//4093
f 2291//4094 2290//4094 2086//4094
f 2292//4095 2291//4095 2086//4095
f 2293//4096 2292//4096 2086//4096
f 2294//4097 2293//4097 2086//4097
f 2295//4098 2294//4098 2086//4098
f 2296//4099 2295//4099 2086//4099
f 2088//4100 2296//4100 2086//4100
f 1821//4101 2297//4101 1832//4101
f 1832//4102 2297//4102 1835//4102
f 2256//4103 2297//4103 1821//4103
f 1835//4104 2298//4104 1839//4104
f 2297//4105 2298//4105 1835//4105
f 1839//4106 2299//4106 1841//4106
f 2298//4107 2299//4107 1839//4107
f 1841//4108 2300//4108 1842//4108
f 2299//4109 2300//4109 1841//4109
f 1842//4110 2301//4110 1843//4110
f 2300//4111 2301//4111 1842//4111
f 1843//4112 2302//4112 1844//4112
f 2301//4113 2302//4113 1843//4113
f 1844//4114 2303//4114 1845//4114
f 2302//4115 2303//4115 1844//4115
f 1845//4116 2304//4116 1846//4116
f 2303//4117 2304//4117 1845//4117
f 1846//4118 2305//4118 1847//4118
f 2304//4119 2305//4119 1846//4119
f 1847//4120 2306//4120 1848//4120
f 2305//4121 2306//4121 1847//4121
f 1848//4122 2307//4122 1849//4122
f 2306//4123 2307//4123 1848//4123
f 1849//4124 2308//4124 1850//4124
f 2307//4125 2308//4125 1849//4125
f 1850//4126 2309//4126 1851//4126
f 2308//4127 2309//4127 1850//4127
f 1851//4128 2310//4128 1852//4128
f 2309//4129 2310//4129 1851//4129
f 1852//4130 2311//4130 1853//4130
f 2310//4131 2311//4131 1852//4131
f 2311//4132 2312//4132 1853//4132
f 1853//4133 2313//4133 2314//4133
f 1853//4134 2315//4134 2313//4134
f 1853//4135 2316//4135 2315//4135
f 1853//4136 2317//4136 2316//4136
f 1853//4137 2312//4137 2317//4137
f 2318//4138 1853//4138 2314//4138
f 1926//4139 2319//4139 2320//4139
f 1926//4140 2321//4140 2319//4140
f 1926//4141 2322//4141 2321//4141
f 1926//4142 2323//4142 2322//4142
f 1926//4143 2318//4143 2323//4143
f 1926//4144 1853//4144 2318//4144
f 1926//4145 2324//4145 1924//4145
f 1924//4146 2324//4146 1927//4146
f 2320//4147 2324//4147 1926//4147
f 1927//4148 2325//4148 1928//4148
f 2324//4149 2325//4149 1927//4149
f 1928//4150 2326//4150 1929//4150
f 2325//4151 2326//4151 1928//4151
f 1929//4152 2327//4152 1930//4152
f 2326//4153 2327//4153 1929//4153
f 1930//4154 2328//4154 1931//4154
f 2327//4155 2328//4155 1930//4155
f 1931//4156 2329//4156 1932//4156
f 2328//4157 2329//4157 1931//4157
f 1932//4158 2330//4158 1933//4158
f 2329//4159 2330//4159 1932//4159
f 1933//4160 2331//4160 1934//4160
f 2330//4161 2331//4161 1933//4161
f 1934//4162 2332//4162 1935//4162
f 2331//4163 2332//4163 1934//4163
f 1935//4164 2333//4164 1936//4164
f 2332//4165 2333//4165 1935//4165
f 1936//4166 2334//4166 1937//4166
f 2333//4167 2334//4167 1936//4167
f 1937//4168 2335//4168 1938//4168
f 2334//4169 2335//4169 1937//4169
f 1938//4170 2336//4170 1939//4170
f 2335//4171 2336//4171 1938//4171
f 1939//4172 2337//4172 1945//4172
f 2336//4173 2337//4173 1939//4173
f 1945//4174 2338//4174 1951//4174
f 2337//4175 2338//4175 1945//4175
f 2338//4176 2339//4176 1951//4176
f 2340//4177 2341//4177 2342//4177
f 2340//4178 2342//4178 2343//4178
f 2344//4179 2345//4179 2341//4179
f 2344//4180 2341//4180 2340//4180
f 2346//4181 2347//4181 2345//4181
f 2346//4182 2345//4182 2344//4182
f 2348//4183 2349//4183 2347//4183
f 2348//4184 2347//4184 2346//4184
f 2350//4185 2351//4185 2349//4185
f 2350//4186 2349//4186 2348//4186
f 2352//4187 2351//4187 2350//4187
f 2353//4188 2354//4188 2351//4188
f 2353//4189 2351//4189 2352//4189
f 2355//4190 2356//4190 2354//4190
f 2355//4191 2354//4191 2353//4191
f 2357//4192 2356//4192 2355//4192
f 2358//4193 2356//4193 2357//4193
f 2358//4194 2359//4194 2356//4194
f 2360//4195 2359//4195 2358//4195
f 2360//4196 2361//4196 2359//4196
f 2362//4197 2361//4197 2360//4197
f 2363//4198 2364//4198 2361//4198
f 2363//4199 2361//4199 2362//4199
f 1978//4200 1951//4200 2339//4200
f 1978//4201 2339//4201 2365//4201
f 1978//4202 2365//4202 2366//4202
f 1978//4203 2366//4203 2367//4203
f 1978//4204 2367//4204 2368//4204
f 1978//4205 2368//4205 2369//4205
f 1978//4206 2369//4206 2370//4206
f 1978//4207 2370//4207 2371//4207
f 1978//4208 2371//4208 2364//4208
f 1978//4209 2363//4209 2372//4209
f 1978//4210 2364//4210 2363//4210
f 2247//4211 1978//4211 2372//4211
f 2247//4212 2372//4212 2373//4212
f 2247//4213 2373//4213 2374//4213
f 2247//4214 2374//4214 2375//4214
f 2247//4215 2375//4215 2376//4215
f 2247//4216 2376//4216 2377//4216
f 2247//4217 2377//4217 2378//4217
f 2247//4218 2378//4218 2379//4218
f 2247//4219 2379//4219 2219//4219
f 1787//4220 2054//4220 2021//4220
f 1785//4221 1787//4221 2021//4221
f 1978//4222 2246//4222 1980//4222
f 2247//4223 2246//4223 1978//4223
f 1980//4224 2248//4224 1982//4224
f 2246//4225 2248//4225 1980//4225
f 1982//4226 2249//4226 1983//4226
f 2248//4227 2249//4227 1982//4227
f 1983//4228 2244//4228 1977//4228
f 1977//4229 2244//4229 1970//4229
f 2249//4230 2244//4230 1983//4230
f 1970//4231 2237//4231 1965//4231
f 2244//4232 2237//4232 1970//4232
f 2237//4233 2232//4233 1965//4233
f 1965//4234 2225//4234 1958//4234
f 2232//4235 2225//4235 1965//4235
f 1958//4236 2217//4236 1950//4236
f 1950//4237 2217//4237 1943//4237
f 2225//4238 2217//4238 1958//4238
f 2217//4239 2211//4239 1943//4239
f 1943//4240 2186//4240 1919//4240
f 2211//4241 2186//4241 1943//4241
f 1919//4242 2185//4242 1917//4242
f 1917//4243 2185//4243 1920//4243
f 2186//4244 2185//4244 1919//4244
f 2185//4245 2187//4245 1920//4245
f 1920//4246 2188//4246 1921//4246
f 1921//4247 2188//4247 1922//4247
f 2187//4248 2188//4248 1920//4248
f 2188//4249 2189//4249 1922//4249
f 1922//4250 2190//4250 1923//4250
f 2189//4251 2190//4251 1922//4251
f 1923//4252 2183//4252 1916//4252
f 2190//4253 2183//4253 1923//4253
f 2061//4254 1787//4254 1794//4254
f 2061//4255 2054//4255 1787//4255
f 2062//4256 1794//4256 1795//4256
f 2062//4257 2061//4257 1794//4257
f 2064//4258 1795//4258 1797//4258
f 2064//4259 2062//4259 1795//4259
f 2065//4260 1797//4260 1798//4260
f 2065//4261 2064//4261 1797//4261
f 2067//4262 1798//4262 1800//4262
f 2067//4263 2065//4263 1798//4263
f 2068//4264 1800//4264 1801//4264
f 2068//4265 2067//4265 1800//4265
f 2069//4266 1801//4266 1802//4266
f 2069//4267 2068//4267 1801//4267
f 2071//4268 1802//4268 1804//4268
f 2071//4269 2069//4269 1802//4269
f 2072//4270 1804//4270 1805//4270
f 2072//4271 2071//4271 1804//4271
f 2073//4272 1805//4272 1806//4272
f 2073//4273 2072//4273 1805//4273
f 2075//4274 1806//4274 1808//4274
f 2075//4275 2073//4275 1806//4275
f 2076//4276 1808//4276 1809//4276
f 2076//4277 2075//4277 1808//4277
f 2078//4278 1809//4278 1811//4278
f 2078//4279 2076//4279 1809//4279
f 2079//4280 1811//4280 1812//4280
f 2079//4281 2078//4281 1811//4281
f 2080//4282 1812//4282 1813//4282
f 2080//4283 2079//4283 1812//4283
f 2082//4284 1813//4284 1815//4284
f 2082//4285 2080//4285 1813//4285
f 1916//4286 2183//4286 2182//4286
f 1915//4287 1916//4287 2182//4287
f 1820//4288 2082//4288 1815//4288
f 1820//4289 2087//4289 2082//4289
f 2089//4290 1820//4290 1822//4290
f 2089//4291 1822//4291 1823//4291
f 2089//4292 2087//4292 1820//4292
f 2090//4293 2089//4293 1823//4293
f 2091//4294 1823//4294 1824//4294
f 2091//4295 2090//4295 1823//4295
f 2092//4296 1824//4296 1825//4296
f 2092//4297 1825//4297 1826//4297
f 2092//4298 2091//4298 1824//4298
f 2093//4299 2092//4299 1826//4299
f 2094//4300 1826//4300 1827//4300
f 2094//4301 2093//4301 1826//4301
f 2095//4302 1827//4302 1828//4302
f 2095//4303 2094//4303 1827//4303
f 2096//4304 1828//4304 1829//4304
f 2096//4305 2095//4305 1828//4305
f 2097//4306 1829//4306 1830//4306
f 2097//4307 2096//4307 1829//4307
f 2098//4308 1830//4308 1831//4308
f 2098//4309 2097//4309 1830//4309
f 2099//4310 1831//4310 1833//4310
f 2099//4311 2098//4311 1831//4311
f 2101//4312 1833//4312 1834//4312
f 2101//4313 1834//4313 1836//4313
f 2101//4314 2099//4314 1833//4314
f 2102//4315 1836//4315 1837//4315
f 2102//4316 2101//4316 1836//4316
f 2104//4317 2102//4317 1837//4317
f 2105//4318 1837//4318 1838//4318
f 2105//4319 2104//4319 1837//4319
f 2107//4320 1838//4320 1840//4320
f 2107//4321 2105//4321 1838//4321
f 2380//4322 2381//4322 2191//4322
f 2382//4323 2191//4323 2381//4323
f 2383//4324 2380//4324 2191//4324
f 2384//4325 2191//4325 2382//4325
f 2385//4326 2383//4326 2191//4326
f 2386//4327 2191//4327 2384//4327
f 2387//4328 2385//4328 2191//4328
f 2388//4329 2191//4329 2386//4329
f 2389//4330 2387//4330 2191//4330
f 2390//4331 2191//4331 2388//4331
f 2391//4332 2389//4332 2191//4332
f 2392//4333 2191//4333 2390//4333
f 2393//4334 2391//4334 2191//4334
f 2394//4335 2191//4335 2392//4335
f 2395//4336 2393//4336 2191//4336
f 2396//4337 2191//4337 2394//4337
f 2397//4338 2395//4338 2191//4338
f 2398//4339 2191//4339 2396//4339
f 2399//4340 2397//4340 2191//4340
f 2400//4341 2191//4341 2398//4341
f 2401//4342 2399//4342 2191//4342
f 2402//4343 2191//4343 2400//4343
f 2403//4344 2401//4344 2191//4344
f 2404//4345 2191//4345 2402//4345
f 2405//4346 2403//4346 2191//4346
f 2406//4347 2191//4347 2404//4347
f 2407//4348 2405//4348 2191//4348
f 2408//4349 2191//4349 2406//4349
f 2409//4350 2407//4350 2191//4350
f 2410//4351 2191//4351 2408//4351
f 2411//4352 2409//4352 2191//4352
f 1925//4353 2410//4353 2412//4353
f 1925//4354 2412//4354 2413//4354
f 1925//4355 2413//4355 2414//4355
f 1925//4356 2414//4356 2415//4356
f 1925//4357 2415//4357 2416//4357
f 1925//4358 2416//4358 2417//4358
f 1925//4359 2417//4359 2418//4359
f 1925//4360 2418//4360 2419//4360
f 1925//4361 2419//4361 2420//4361
f 1925//4362 2420//4362 2421//4362
f 1925//4363 2421//4363 2422//4363
f 1925//4364 2422//4364 2423//4364
f 1925//4365 2423//4365 2424//4365
f 1925//4366 2191//4366 2410//4366
f 2425//4367 1925//4367 2424//4367
f 2426//4368 1925//4368 2425//4368
f 2427//4369 1925//4369 2426//4369
f 2428//4370 1925//4370 2427//4370
f 2429//4371 1925//4371 2428//4371
f 2430//4372 1925//4372 2429//4372
f 2431//4373 1925//4373 2430//4373
f 2432//4374 1925//4374 2431//4374
f 2433//4375 1925//4375 2432//4375
f 2434//4376 1925//4376 2433//4376
f 2435//4377 1925//4377 2434//4377
f 2436//4378 1925//4378 2435//4378
f 2437//4379 1925//4379 2436//4379
f 2438//4380 1925//4380 2437//4380
f 2439//4381 1925//4381 2438//4381
f 2440//4382 1925//4382 2439//4382
f 2441//4383 1925//4383 2440//4383
f 2442//4384 1925//4384 2441//4384
f 2443//4385 1925//4385 2442//4385
f 2444//4386 2411//4386 2191//4386
f 2107//4387 2445//4387 2446//4387
f 2107//4388 2446//4388 2447//4388
f 2107//4389 2447//4389 2448//4389
f 2107//4390 2448//4390 2449//4390
f 2107//4391 2449//4391 2450//4391
f 2107//4392 2450//4392 2451//4392
f 2107//4393 2451//4393 2452//4393
f 2107//4394 2452//4394 2453//4394
f 2107//4395 2453//4395 2454//4395
f 2107//4396 2454//4396 2455//4396
f 2107//4397 2455//4397 2456//4397
f 2107//4398 2456//4398 2457//4398
f 2107//4399 2457//4399 2458//4399
f 2107//4400 2458//4400 2459//4400
f 2107//4401 2459//4401 2444//4401
f 2107//4402 2444//4402 2191//4402
f 2460//4403 2445//4403 2107//4403
f 2461//4404 2460//4404 2107//4404
f 2462//4405 2461//4405 2107//4405
f 2463//4406 2462//4406 2107//4406
f 2464//4407 2463//4407 2107//4407
f 2465//4408 2464//4408 2107//4408
f 2466//4409 2465//4409 2107//4409
f 2467//4410 2466//4410 2107//4410
f 2468//4411 2467//4411 2107//4411
f 2469//4412 2468//4412 2107//4412
f 2470//4413 2469//4413 2107//4413
f 2471//4414 2470//4414 2107//4414
f 2472//4415 2471//4415 2107//4415
f 2473//4416 2472//4416 2107//4416
f 2474//4417 2473//4417 2107//4417
f 2475//4418 2474//4418 2107//4418
f 1840//4419 2476//4419 2477//4419
f 1840//4420 2477//4420 2478//4420
f 1840//4421 2478//4421 2479//4421
f 1840//4422 2479//4422 2480//4422
f 1840//4423 2480//4423 2481//4423
f 1840//4424 2481//4424 2482//4424
f 1840//4425 2482//4425 2483//4425
f 1840//4426 2483//4426 2484//4426
f 1840//4427 2484//4427 2485//4427
f 1840//4428 2485//4428 2486//4428
f 1840//4429 2486//4429 2487//4429
f 1840//4430 2487//4430 2488//4430
f 1840//4431 2488//4431 2489//4431
f 1840//4432 2489//4432 2490//4432
f 1840//4433 2490//4433 2491//4433
f 1840//4434 2491//4434 2492//4434
f 1840//4435 2492//4435 2493//4435
f 1840//4436 2493//4436 2494//4436
f 1840//4437 2494//4437 2495//4437
f 1840//4438 2495//4438 2496//4438
f 1840//4439 2496//4439 2497//4439
f 1840//4440 2497//4440 2498//4440
f 1840//4441 2498//4441 2499//4441
f 1840//4442 2499//4442 2500//4442
f 1840//4443 2475//4443 2107//4443
f 1840//4444 2500//4444 2501//4444
f 1840//4445 2501//4445 2502//4445
f 1840//4446 2502//4446 2503//4446
f 1840//4447 2503//4447 2504//4447
f 1840//4448 2504//4448 2505//4448
f 1840//4449 2505//4449 2506//4449
f 1840//4450 2506//4450 2507//4450
f 1840//4451 2507//4451 2475//4451
f 1840//4452 1925//4452 2443//4452
f 1840//4453 2443//4453 2476//4453
f 2207//4454 1925//4454 1940//4454
f 2207//4455 1940//4455 1944//4455
f 2207//4456 2191//4456 1925//4456
f 2209//4457 2207//4457 1944//4457
f 2212//4458 1944//4458 1946//4458
f 2212//4459 1946//4459 1948//4459
f 2212//4460 2209//4460 1944//4460
f 2215//4461 1948//4461 1952//4461
f 2215//4462 2212//4462 1948//4462
f 2218//4463 2215//4463 1952//4463
f 2221//4464 1952//4464 1954//4464
f 2221//4465 1954//4465 1956//4465
f 2221//4466 2218//4466 1952//4466
f 2223//4467 2221//4467 1956//4467
f 2226//4468 1956//4468 1959//4468
f 2226//4469 2223//4469 1956//4469
f 2228//4470 1959//4470 1961//4470
f 2228//4471 1961//4471 1963//4471
f 2228//4472 2226//4472 1959//4472
f 2230//4473 2228//4473 1963//4473
f 2233//4474 1963//4474 1966//4474
f 2233//4475 2230//4475 1963//4475
f 2235//4476 1966//4476 1968//4476
f 2235//4477 1968//4477 1971//4477
f 2235//4478 2233//4478 1966//4478
f 2238//4479 1971//4479 1973//4479
f 2238//4480 2235//4480 1971//4480
f 2240//4481 2238//4481 1973//4481
f 2242//4482 1973//4482 1975//4482
f 2242//4483 1975//4483 1979//4483
f 2242//4484 2240//4484 1973//4484
f 2250//4485 2242//4485 1979//4485
f 1981//4486 2245//4486 1979//4486
f 1979//4487 2245//4487 2250//4487
f 2243//4488 1981//4488 1976//4488
f 2243//4489 2245//4489 1981//4489
f 2241//4490 1976//4490 1974//4490
f 2241//4491 2243//4491 1976//4491
f 2239//4492 1974//4492 1972//4492
f 2239//4493 1972//4493 1969//4493
f 2239//4494 2241//4494 1974//4494
f 2236//4495 1969//4495 1967//4495
f 2236//4496 2239//4496 1969//4496
f 2234//4497 2236//4497 1967//4497
f 2231//4498 1967//4498 1964//4498
f 2231//4499 1964//4499 1962//4499
f 2231//4500 2234//4500 1967//4500
f 2229//4501 2231//4501 1962//4501
f 2227//4502 1962//4502 1960//4502
f 2227//4503 2229//4503 1962//4503
f 2224//4504 1960//4504 1957//4504
f 2224//4505 1957//4505 1955//4505
f 2224//4506 2227//4506 1960//4506
f 2222//4507 2224//4507 1955//4507
f 2220//4508 1955//4508 1953//4508
f 2220//4509 2222//4509 1955//4509
f 2216//4510 1953//4510 1949//4510
f 2216//4511 1949//4511 1947//4511
f 2216//4512 2220//4512 1953//4512
f 2214//4513 1947//4513 1942//4513
f 2214//4514 2216//4514 1947//4514
f 2210//4515 2214//4515 1942//4515
f 2206//4516 1942//4516 1941//4516
f 2206//4517 1941//4517 1918//4517
f 2206//4518 2210//4518 1942//4518
f 2184//4519 2206//4519 1918//4519
f 1918//4520 1914//4520 2181//4520
f 1918//4521 2181//4521 2184//4521
f 2296//4522 2088//4522 2508//4522
f 2508//4523 2100//4523 2509//4523
f 2088//4524 2100//4524 2508//4524
f 2509//4525 2103//4525 2510//4525
f 2100//4526 2103//4526 2509//4526
f 2510//4527 2106//4527 2511//4527
f 2103//4528 2106//4528 2510//4528
f 2511//4529 2108//4529 2512//4529
f 2106//4530 2108//4530 2511//4530
f 2512//4531 2109//4531 2513//4531
f 2108//4532 2109//4532 2512//4532
f 2513//4533 2110//4533 2514//4533
f 2109//4534 2110//4534 2513//4534
f 2514//4535 2111//4535 2515//4535
f 2110//4536 2111//4536 2514//4536
f 2515//4537 2112//4537 2516//4537
f 2111//4538 2112//4538 2515//4538
f 2516//4539 2113//4539 2517//4539
f 2112//4540 2113//4540 2516//4540
f 2517//4541 2114//4541 2518//4541
f 2113//4542 2114//4542 2517//4542
f 2518//4543 2115//4543 2519//4543
f 2114//4544 2115//4544 2518//4544
f 2519//4545 2116//4545 2520//4545
f 2115//4546 2116//4546 2519//4546
f 2520//4547 2117//4547 2521//4547
f 2116//4548 2117//4548 2520//4548
f 2521//4549 2118//4549 2522//4549
f 2117//4550 2118//4550 2521//4550
f 2118//4551 2119//4551 2522//4551
f 2522//4552 2119//4552 2523//4552
f 2523//4553 2120//4553 2524//4553
f 2119//4554 2120//4554 2523//4554
f 2525//4555 2524//4555 2120//4555
f 2526//4556 2525//4556 2120//4556
f 2527//4557 2526//4557 2120//4557
f 2528//4558 2527//4558 2120//4558
f 2529//4559 2528//4559 2120//4559
f 2530//4560 2120//4560 2193//4560
f 2530//4561 2529//4561 2120//4561
f 2531//4562 2530//4562 2193//4562
f 2532//4563 2531//4563 2193//4563
f 2533//4564 2532//4564 2193//4564
f 2534//4565 2533//4565 2193//4565
f 2535//4566 2534//4566 2193//4566
f 2535//4567 2193//4567 2536//4567
f 2536//4568 2192//4568 2537//4568
f 2193//4569 2192//4569 2536//4569
f 2537//4570 2194//4570 2538//4570
f 2192//4571 2194//4571 2537//4571
f 2538//4572 2195//4572 2539//4572
f 2194//4573 2195//4573 2538//4573
f 2539//4574 2196//4574 2540//4574
f 2195//4575 2196//4575 2539//4575
f 2540//4576 2197//4576 2541//4576
f 2196//4577 2197//4577 2540//4577
f 2541//4578 2198//4578 2542//4578
f 2197//4579 2198//4579 2541//4579
f 2542//4580 2199//4580 2543//4580
f 2198//4581 2199//4581 2542//4581
f 2543//4582 2200//4582 2544//4582
f 2199//4583 2200//4583 2543//4583
f 2544//4584 2201//4584 2545//4584
f 2200//4585 2201//4585 2544//4585
f 2545//4586 2202//4586 2546//4586
f 2201//4587 2202//4587 2545//4587
f 2546//4588 2203//4588 2547//4588
f 2202//4589 2203//4589 2546//4589
f 2547//4590 2204//4590 2548//4590
f 2203//4591 2204//4591 2547//4591
f 2548//4592 2205//4592 2549//4592
f 2204//4593 2205//4593 2548//4593
f 2549//4594 2208//4594 2550//4594
f 2205//4595 2208//4595 2549//4595
f 2208//4596 2213//4596 2550//4596
f 2550//4597 2213//4597 2551//4597
f 2551//4598 2219//4598 2379//4598
f 2213//4599 2219//4599 2551//4599
f 2257//4600 2297//4600 2256//4600
f 2258//4601 2297//4601 2257//4601
f 2259//4602 2297//4602 2258//4602
f 2260//4603 2297//4603 2259//4603
f 2261//4604 2297//4604 2260//4604
f 2262//4605 2297//4605 2261//4605
f 2262//4606 2263//4606 2297//4606
f 2264//4607 2298//4607 2263//4607
f 2263//4608 2298//4608 2297//4608
f 2264//4609 2286//4609 2298//4609
f 2290//4610 2508//4610 2289//4610
f 2291//4611 2508//4611 2290//4611
f 2292//4612 2508//4612 2291//4612
f 2293//4613 2508//4613 2292//4613
f 2294//4614 2508//4614 2293//4614
f 2295//4615 2508//4615 2294//4615
f 2296//4616 2508//4616 2295//4616
f 2508//4617 2509//4617 2289//4617
f 2289//4618 2509//4618 2288//4618
f 2523//4619 2524//4619 2552//4619
f 2303//4620 2553//4620 2304//4620
f 2304//4621 2553//4621 2305//4621
f 2303//4622 2554//4622 2553//4622
f 2302//4623 2555//4623 2303//4623
f 2303//4624 2555//4624 2554//4624
f 2267//4625 2556//4625 2270//4625
f 2266//4626 2556//4626 2267//4626
f 2268//4627 2556//4627 2266//4627
f 2265//4628 2556//4628 2268//4628
f 2513//4629 2557//4629 2558//4629
f 2514//4630 2557//4630 2513//4630
f 2514//4631 2559//4631 2557//4631
f 2559//4632 2560//4632 2516//4632
f 2515//4633 2560//4633 2514//4633
f 2514//4634 2560//4634 2559//4634
f 2516//4635 2560//4635 2515//4635
f 2298//4636 2561//4636 2299//4636
f 2299//4637 2561//4637 2300//4637
f 2555//4638 2561//4638 2562//4638
f 2300//4639 2561//4639 2301//4639
f 2301//4640 2561//4640 2302//4640
f 2302//4641 2561//4641 2555//4641
f 2562//4642 2561//4642 2563//4642
f 2286//4643 2561//4643 2298//4643
f 2305//4644 2564//4644 2306//4644
f 2553//4645 2564//4645 2305//4645
f 2554//4646 2564//4646 2553//4646
f 2284//4647 2565//4647 2286//4647
f 2561//4648 2565//4648 2563//4648
f 2286//4649 2565//4649 2561//4649
f 2565//4650 2566//4650 2563//4650
f 2284//4651 2566//4651 2565//4651
f 2562//4652 2567//4652 2555//4652
f 2554//4653 2567//4653 2564//4653
f 2555//4654 2567//4654 2554//4654
f 2566//4655 2568//4655 2563//4655
f 2281//4656 2568//4656 2284//4656
f 2279//4657 2568//4657 2281//4657
f 2276//4658 2568//4658 2279//4658
f 2274//4659 2568//4659 2276//4659
f 2272//4660 2568//4660 2274//4660
f 2270//4661 2568//4661 2272//4661
f 2556//4662 2568//4662 2270//4662
f 2284//4663 2568//4663 2566//4663
f 2563//4664 2568//4664 2556//4664
f 2567//4665 2569//4665 2564//4665
f 2562//4666 2570//4666 2567//4666
f 2569//4667 2570//4667 2571//4667
f 2563//4668 2570//4668 2562//4668
f 2567//4669 2570//4669 2569//4669
f 2311//4670 2572//4670 2312//4670
f 2312//4671 2572//4671 2573//4671
f 2573//4672 2572//4672 2574//4672
f 2574//4673 2572//4673 2575//4673
f 2576//4674 2572//4674 2311//4674
f 2577//4675 2578//4675 2579//4675
f 2580//4676 2581//4676 2577//4676
f 2575//4677 2582//4677 2583//4677
f 2576//4678 2582//4678 2572//4678
f 2572//4679 2582//4679 2575//4679
f 2577//4680 2584//4680 2578//4680
f 2585//4681 2586//4681 2587//4681
f 2587//4682 2586//4682 2588//4682
f 2588//4683 2586//4683 2589//4683
f 2589//4684 2586//4684 2590//4684
f 2580//4685 2591//4685 2581//4685
f 2583//4686 2592//4686 2593//4686
f 2576//4687 2592//4687 2582//4687
f 2582//4688 2592//4688 2583//4688
f 2577//4689 2594//4689 2584//4689
f 2579//4690 2595//4690 2576//4690
f 2593//4691 2595//4691 2596//4691
f 2596//4692 2595//4692 2597//4692
f 2597//4693 2595//4693 2598//4693
f 2576//4694 2595//4694 2592//4694
f 2578//4695 2595//4695 2579//4695
f 2594//4696 2595//4696 2584//4696
f 2592//4697 2595//4697 2593//4697
f 2584//4698 2595//4698 2578//4698
f 2586//4699 2599//4699 2600//4699
f 2585//4700 2599//4700 2586//4700
f 2601//4701 2599//4701 2602//4701
f 2602//4702 2599//4702 2603//4702
f 2603//4703 2599//4703 2585//4703
f 2600//4704 2599//4704 2580//4704
f 2580//4705 2599//4705 2591//4705
f 2581//4706 2604//4706 2577//4706
f 2598//4707 2604//4707 2605//4707
f 2605//4708 2604//4708 2606//4708
f 2606//4709 2604//4709 2607//4709
f 2607//4710 2604//4710 2601//4710
f 2591//4711 2604//4711 2581//4711
f 2595//4712 2604//4712 2598//4712
f 2594//4713 2604//4713 2595//4713
f 2601//4714 2604//4714 2599//4714
f 2577//4715 2604//4715 2594//4715
f 2599//4716 2604//4716 2591//4716
f 2563//4717 2608//4717 2570//4717
f 2590//4718 2608//4718 2609//4718
f 2586//4719 2608//4719 2590//4719
f 2608//4720 2610//4720 2609//4720
f 2563//4721 2610//4721 2608//4721
f 2563//4722 2611//4722 2610//4722
f 2609//4723 2611//4723 2612//4723
f 2610//4724 2611//4724 2609//4724
f 2563//4725 2613//4725 2611//4725
f 2611//4726 2613//4726 2612//4726
f 2563//4727 2614//4727 2613//4727
f 2613//4728 2614//4728 2612//4728
f 2612//4729 2614//4729 2615//4729
f 2563//4730 2616//4730 2614//4730
f 2614//4731 2616//4731 2615//4731
f 2563//4732 2617//4732 2616//4732
f 2616//4733 2617//4733 2615//4733
f 2615//4734 2617//4734 2618//4734
f 2618//4735 2617//4735 2619//4735
f 2619//4736 2617//4736 2620//4736
f 2620//4737 2617//4737 2621//4737
f 2621//4738 2617//4738 2622//4738
f 2622//4739 2617//4739 2623//4739
f 2623//4740 2617//4740 2624//4740
f 2624//4741 2617//4741 2625//4741
f 2269//4742 2626//4742 2265//4742
f 2271//4743 2626//4743 2269//4743
f 2273//4744 2626//4744 2271//4744
f 2275//4745 2626//4745 2273//4745
f 2277//4746 2626//4746 2275//4746
f 2278//4747 2626//4747 2277//4747
f 2280//4748 2626//4748 2278//4748
f 2282//4749 2626//4749 2280//4749
f 2265//4750 2626//4750 2556//4750
f 2283//4751 2626//4751 2282//4751
f 2556//4752 2626//4752 2627//4752
f 2283//4753 2628//4753 2626//4753
f 2626//4754 2628//4754 2627//4754
f 2628//4755 2629//4755 2627//4755
f 2285//4756 2629//4756 2283//4756
f 2283//4757 2629//4757 2628//4757
f 2629//4758 2630//4758 2627//4758
f 2285//4759 2630//4759 2629//4759
f 2285//4760 2631//4760 2630//4760
f 2630//4761 2631//4761 2627//4761
f 2625//4762 2632//4762 2633//4762
f 2633//4763 2632//4763 2634//4763
f 2634//4764 2632//4764 2635//4764
f 2635//4765 2632//4765 2636//4765
f 2636//4766 2632//4766 2637//4766
f 2637//4767 2632//4767 2638//4767
f 2563//4768 2632//4768 2617//4768
f 2617//4769 2632//4769 2625//4769
f 2556//4770 2632//4770 2563//4770
f 2556//4771 2639//4771 2632//4771
f 2632//4772 2639//4772 2638//4772
f 2638//4773 2640//4773 2641//4773
f 2639//4774 2640//4774 2638//4774
f 2556//4775 2640//4775 2639//4775
f 2287//4776 2642//4776 2285//4776
f 2285//4777 2642//4777 2631//4777
f 2627//4778 2642//4778 2643//4778
f 2631//4779 2642//4779 2627//4779
f 2640//4780 2644//4780 2641//4780
f 2556//4781 2644//4781 2640//4781
f 2641//4782 2644//4782 2645//4782
f 2645//4783 2644//4783 2646//4783
f 2646//4784 2644//4784 2647//4784
f 2642//4785 2648//4785 2643//4785
f 2643//4786 2648//4786 2558//4786
f 2509//4787 2648//4787 2288//4787
f 2288//4788 2648//4788 2287//4788
f 2558//4789 2648//4789 2513//4789
f 2287//4790 2648//4790 2642//4790
f 2510//4791 2648//4791 2509//4791
f 2511//4792 2648//4792 2510//4792
f 2512//4793 2648//4793 2511//4793
f 2513//4794 2648//4794 2512//4794
f 2556//4795 2649//4795 2644//4795
f 2647//4796 2649//4796 2650//4796
f 2650//4797 2649//4797 2651//4797
f 2651//4798 2649//4798 2652//4798
f 2644//4799 2649//4799 2647//4799
f 2556//4800 2653//4800 2649//4800
f 2649//4801 2653//4801 2652//4801
f 2652//4802 2653//4802 2654//4802
f 2654//4803 2653//4803 2655//4803
f 2655//4804 2653//4804 2656//4804
f 2656//4805 2653//4805 2657//4805
f 2627//4806 2653//4806 2556//4806
f 2627//4807 2658//4807 2653//4807
f 2657//4808 2658//4808 2659//4808
f 2659//4809 2658//4809 2660//4809
f 2660//4810 2658//4810 2661//4810
f 2661//4811 2658//4811 2662//4811
f 2662//4812 2658//4812 2663//4812
f 2653//4813 2658//4813 2657//4813
f 2627//4814 2664//4814 2658//4814
f 2658//4815 2664//4815 2663//4815
f 2664//4816 2665//4816 2663//4816
f 2627//4817 2665//4817 2664//4817
f 2663//4818 2665//4818 2666//4818
f 2665//4819 2667//4819 2666//4819
f 2627//4820 2667//4820 2665//4820
f 2666//4821 2667//4821 2668//4821
f 2627//4822 2669//4822 2667//4822
f 2668//4823 2669//4823 2670//4823
f 2643//4824 2669//4824 2627//4824
f 2667//4825 2669//4825 2668//4825
f 2670//4826 2671//4826 2672//4826
f 2643//4827 2671//4827 2669//4827
f 2669//4828 2671//4828 2670//4828
f 2643//4829 2673//4829 2671//4829
f 2671//4830 2673//4830 2672//4830
f 2558//4831 2674//4831 2643//4831
f 2673//4832 2675//4832 2672//4832
f 2674//4833 2675//4833 2643//4833
f 2643//4834 2675//4834 2673//4834
f 2672//4835 2675//4835 2676//4835
f 2557//4836 2677//4836 2558//4836
f 2558//4837 2677//4837 2674//4837
f 2559//4838 2677//4838 2557//4838
f 2677//4839 2678//4839 2674//4839
f 2516//4840 2679//4840 2559//4840
f 2559//4841 2679//4841 2677//4841
f 2677//4842 2679//4842 2678//4842
f 2517//4843 2679//4843 2516//4843
f 2675//4844 2680//4844 2676//4844
f 2676//4845 2681//4845 2682//4845
f 2682//4846 2681//4846 2683//4846
f 2680//4847 2681//4847 2676//4847
f 2683//4848 2681//4848 2684//4848
f 2684//4849 2681//4849 2685//4849
f 2685//4850 2681//4850 2686//4850
f 2680//4851 2687//4851 2681//4851
f 2680//4852 2688//4852 2687//4852
f 2688//4853 2689//4853 2687//4853
f 2687//4854 2689//4854 2681//4854
f 2686//4855 2689//4855 2690//4855
f 2690//4856 2689//4856 2691//4856
f 2692//4857 2689//4857 2688//4857
f 2681//4858 2689//4858 2686//4858
f 2692//4859 2693//4859 2689//4859
f 2692//4860 2694//4860 2693//4860
f 2692//4861 2695//4861 2694//4861
f 2689//4862 2696//4862 2691//4862
f 2694//4863 2696//4863 2693//4863
f 2695//4864 2696//4864 2694//4864
f 2691//4865 2696//4865 2697//4865
f 2697//4866 2696//4866 2698//4866
f 2693//4867 2696//4867 2689//4867
f 2695//4868 2699//4868 2696//4868
f 2695//4869 2700//4869 2699//4869
f 2699//4870 2701//4870 2696//4870
f 2696//4871 2701//4871 2698//4871
f 2700//4872 2701//4872 2699//4872
f 2698//4873 2701//4873 2702//4873
f 2702//4874 2701//4874 2703//4874
f 2700//4875 2704//4875 2701//4875
f 2523//4876 2704//4876 2700//4876
f 2701//4877 2704//4877 2703//4877
f 2552//4878 2704//4878 2523//4878
f 2703//4879 2704//4879 2705//4879
f 2705//4880 2704//4880 2552//4880
f 2306//4881 2706//4881 2307//4881
f 2571//4882 2706//4882 2569//4882
f 2569//4883 2706//4883 2564//4883
f 2564//4884 2706//4884 2306//4884
f 2706//4885 2707//4885 2307//4885
f 2571//4886 2708//4886 2706//4886
f 2706//4887 2708//4887 2707//4887
f 2608//4888 2708//4888 2570//4888
f 2570//4889 2708//4889 2571//4889
f 2308//4890 2709//4890 2309//4890
f 2600//4891 2710//4891 2586//4891
f 2586//4892 2710//4892 2608//4892
f 2580//4893 2710//4893 2600//4893
f 2608//4894 2710//4894 2708//4894
f 2711//4895 2712//4895 2709//4895
f 2710//4896 2712//4896 2711//4896
f 2580//4897 2712//4897 2710//4897
f 2580//4898 2713//4898 2712//4898
f 2577//4899 2713//4899 2580//4899
f 2576//4900 2714//4900 2579//4900
f 2310//4901 2714//4901 2311//4901
f 2579//4902 2714//4902 2577//4902
f 2311//4903 2714//4903 2576//4903
f 2577//4904 2714//4904 2713//4904
f 2674//4905 2715//4905 2675//4905
f 2678//4906 2715//4906 2674//4906
f 2715//4907 2716//4907 2519//4907
f 2678//4908 2716//4908 2715//4908
f 2679//4909 2716//4909 2678//4909
f 2517//4910 2716//4910 2679//4910
f 2518//4911 2716//4911 2517//4911
f 2519//4912 2716//4912 2518//4912
f 2675//4913 2717//4913 2680//4913
f 2715//4914 2717//4914 2675//4914
f 2519//4915 2717//4915 2715//4915
f 2520//4916 2717//4916 2519//4916
f 2717//4917 2718//4917 2680//4917
f 2718//4918 2719//4918 2680//4918
f 2688//4919 2719//4919 2692//4919
f 2680//4920 2719//4920 2688//4920
f 2522//4921 2720//4921 2521//4921
f 2719//4922 2720//4922 2692//4922
f 2692//4923 2720//4923 2695//4923
f 2523//4924 2721//4924 2522//4924
f 2695//4925 2721//4925 2700//4925
f 2700//4926 2721//4926 2523//4926
f 2522//4927 2721//4927 2720//4927
f 2720//4928 2721//4928 2695//4928
f 2707//4929 2722//4929 2307//4929
f 2307//4930 2722//4930 2308//4930
f 2308//4931 2722//4931 2709//4931
f 2709//4932 2722//4932 2711//4932
f 2708//4933 2722//4933 2707//4933
f 2711//4934 2722//4934 2710//4934
f 2710//4935 2722//4935 2708//4935
f 2309//4936 2723//4936 2310//4936
f 2709//4937 2723//4937 2309//4937
f 2712//4938 2723//4938 2709//4938
f 2713//4939 2723//4939 2712//4939
f 2714//4940 2723//4940 2713//4940
f 2310//4941 2723//4941 2714//4941
f 2521//4942 2724//4942 2520//4942
f 2718//4943 2724//4943 2719//4943
f 2520//4944 2724//4944 2717//4944
f 2717//4945 2724//4945 2718//4945
f 2719//4946 2724//4946 2720//4946
f 2720//4947 2724//4947 2521//4947
f 2476//4948 2314//4948 2313//4948
f 2477//4949 2313//4949 2315//4949
f 2477//4950 2476//4950 2313//4950
f 2478//4951 2315//4951 2316//4951
f 2478//4952 2477//4952 2315//4952
f 2479//4953 2316//4953 2317//4953
f 2479//4954 2478//4954 2316//4954
f 2480//4955 2317//4955 2312//4955
f 2480//4956 2479//4956 2317//4956
f 2481//4957 2312//4957 2573//4957
f 2481//4958 2480//4958 2312//4958
f 2482//4959 2573//4959 2574//4959
f 2482//4960 2574//4960 2575//4960
f 2482//4961 2481//4961 2573//4961
f 2483//4962 2575//4962 2583//4962
f 2483//4963 2482//4963 2575//4963
f 2484//4964 2583//4964 2593//4964
f 2484//4965 2593//4965 2596//4965
f 2484//4966 2483//4966 2583//4966
f 2485//4967 2596//4967 2597//4967
f 2485//4968 2484//4968 2596//4968
f 2486//4969 2597//4969 2598//4969
f 2486//4970 2598//4970 2605//4970
f 2486//4971 2485//4971 2597//4971
f 2487//4972 2486//4972 2605//4972
f 2487//4973 2605//4973 2606//4973
f 2488//4974 2487//4974 2606//4974
f 2488//4975 2606//4975 2607//4975
f 2488//4976 2607//4976 2601//4976
f 2489//4977 2488//4977 2601//4977
f 2489//4978 2601//4978 2602//4978
f 2489//4979 2602//4979 2603//4979
f 2490//4980 2489//4980 2603//4980
f 2490//4981 2603//4981 2585//4981
f 2491//4982 2585//4982 2587//4982
f 2491//4983 2490//4983 2585//4983
f 2492//4984 2491//4984 2587//4984
f 2492//4985 2587//4985 2588//4985
f 2492//4986 2588//4986 2589//4986
f 2493//4987 2492//4987 2589//4987
f 2493//4988 2589//4988 2590//4988
f 2494//4989 2590//4989 2609//4989
f 2494//4990 2609//4990 2612//4990
f 2494//4991 2493//4991 2590//4991
f 2495//4992 2612//4992 2615//4992
f 2495//4993 2494//4993 2612//4993
f 2496//4994 2615//4994 2618//4994
f 2496//4995 2618//4995 2619//4995
f 2496//4996 2495//4996 2615//4996
f 2497//4997 2619//4997 2620//4997
f 2497//4998 2620//4998 2621//4998
f 2497//4999 2496//4999 2619//4999
f 2498//5000 2621//5000 2622//5000
f 2498//5001 2497//5001 2621//5001
f 2499//5002 2622//5002 2623//5002
f 2499//5003 2623//5003 2624//5003
f 2499//5004 2498//5004 2622//5004
f 2500//5005 2624//5005 2625//5005
f 2500//5006 2499//5006 2624//5006
f 2501//5007 2625//5007 2633//5007
f 2501//5008 2633//5008 2634//5008
f 2501//5009 2500//5009 2625//5009
f 2502//5010 2501//5010 2634//5010
f 2502//5011 2634//5011 2635//5011
f 2503//5012 2635//5012 2636//5012
f 2503//5013 2502//5013 2635//5013
f 2504//5014 2636//5014 2637//5014
f 2504//5015 2637//5015 2638//5015
f 2504//5016 2503//5016 2636//5016
f 2505//5017 2638//5017 2641//5017
f 2505//5018 2504//5018 2638//5018
f 2506//5019 2641//5019 2645//5019
f 2506//5020 2505//5020 2641//5020
f 2507//5021 2645//5021 2646//5021
f 2507//5022 2646//5022 2647//5022
f 2507//5023 2506//5023 2645//5023
f 2475//5024 2507//5024 2647//5024
f 2475//5025 2647//5025 2650//5025
f 2474//5026 2475//5026 2650//5026
f 2474//5027 2650//5027 2651//5027
f 2473//5028 2474//5028 2651//5028
f 2473//5029 2651//5029 2652//5029
f 2472//5030 2473//5030 2652//5030
f 2472//5031 2652//5031 2654//5031
f 2472//5032 2654//5032 2655//5032
f 2471//5033 2472//5033 2655//5033
f 2471//5034 2655//5034 2656//5034
f 2470//5035 2471//5035 2656//5035
f 2470//5036 2656//5036 2657//5036
f 2469//5037 2470//5037 2657//5037
f 2469//5038 2657//5038 2659//5038
f 2469//5039 2659//5039 2660//5039
f 2468//5040 2469//5040 2660//5040
f 2468//5041 2660//5041 2661//5041
f 2467//5042 2468//5042 2661//5042
f 2467//5043 2661//5043 2662//5043
f 2466//5044 2467//5044 2662//5044
f 2466//5045 2662//5045 2663//5045
f 2465//5046 2466//5046 2663//5046
f 2465//5047 2663//5047 2666//5047
f 2464//5048 2465//5048 2666//5048
f 2464//5049 2666//5049 2668//5049
f 2463//5050 2464//5050 2668//5050
f 2463//5051 2668//5051 2670//5051
f 2462//5052 2670//5052 2672//5052
f 2462//5053 2463//5053 2670//5053
f 2461//5054 2462//5054 2672//5054
f 2461//5055 2672//5055 2676//5055
f 2460//5056 2676//5056 2682//5056
f 2460//5057 2682//5057 2683//5057
f 2460//5058 2461//5058 2676//5058
f 2445//5059 2683//5059 2684//5059
f 2445//5060 2460//5060 2683//5060
f 2446//5061 2684//5061 2685//5061
f 2446//5062 2445//5062 2684//5062
f 2447//5063 2685//5063 2686//5063
f 2447//5064 2446//5064 2685//5064
f 2448//5065 2686//5065 2690//5065
f 2448//5066 2447//5066 2686//5066
f 2449//5067 2690//5067 2691//5067
f 2449//5068 2448//5068 2690//5068
f 2450//5069 2691//5069 2697//5069
f 2450//5070 2449//5070 2691//5070
f 2451//5071 2697//5071 2698//5071
f 2451//5072 2450//5072 2697//5072
f 2452//5073 2451//5073 2698//5073
f 2452//5074 2698//5074 2702//5074
f 2453//5075 2452//5075 2702//5075
f 2453//5076 2702//5076 2703//5076
f 2454//5077 2453//5077 2703//5077
f 2454//5078 2703//5078 2705//5078
f 2455//5079 2454//5079 2705//5079
f 2455//5080 2705//5080 2552//5080
f 2455//5081 2552//5081 2524//5081
f 2456//5082 2455//5082 2524//5082
f 2456//5083 2524//5083 2525//5083
f 2457//5084 2456//5084 2525//5084
f 2457//5085 2525//5085 2526//5085
f 2458//5086 2457//5086 2526//5086
f 2458//5087 2526//5087 2527//5087
f 2459//5088 2458//5088 2527//5088
f 2459//5089 2527//5089 2528//5089
f 2444//5090 2459//5090 2528//5090
f 2444//5091 2528//5091 2529//5091
f 2411//5092 2530//5092 2531//5092
f 2409//5093 2531//5093 2532//5093
f 2409//5094 2411//5094 2531//5094
f 2407//5095 2532//5095 2533//5095
f 2407//5096 2409//5096 2532//5096
f 2405//5097 2533//5097 2534//5097
f 2405//5098 2407//5098 2533//5098
f 2403//5099 2534//5099 2535//5099
f 2403//5100 2405//5100 2534//5100
f 2401//5101 2403//5101 2535//5101
f 2401//5102 2725//5102 2726//5102
f 2401//5103 2535//5103 2725//5103
f 2399//5104 2726//5104 2727//5104
f 2399//5105 2401//5105 2726//5105
f 2397//5106 2727//5106 2728//5106
f 2397//5107 2399//5107 2727//5107
f 2395//5108 2728//5108 2729//5108
f 2395//5109 2397//5109 2728//5109
f 2393//5110 2729//5110 2730//5110
f 2393//5111 2395//5111 2729//5111
f 2391//5112 2730//5112 2731//5112
f 2391//5113 2393//5113 2730//5113
f 2389//5114 2731//5114 2732//5114
f 2389//5115 2391//5115 2731//5115
f 2387//5116 2389//5116 2732//5116
f 2387//5117 2732//5117 2733//5117
f 2385//5118 2387//5118 2733//5118
f 2385//5119 2733//5119 2734//5119
f 2383//5120 2385//5120 2734//5120
f 2383//5121 2734//5121 2735//5121
f 2380//5122 2383//5122 2735//5122
f 2380//5123 2735//5123 2736//5123
f 2381//5124 2380//5124 2736//5124
f 2381//5125 2737//5125 2738//5125
f 2381//5126 2736//5126 2737//5126
f 2382//5127 2381//5127 2738//5127
f 2382//5128 2738//5128 2739//5128
f 2384//5129 2382//5129 2739//5129
f 2384//5130 2739//5130 2740//5130
f 2386//5131 2384//5131 2740//5131
f 2386//5132 2740//5132 2741//5132
f 2388//5133 2386//5133 2741//5133
f 2388//5134 2741//5134 2742//5134
f 2390//5135 2388//5135 2742//5135
f 2390//5136 2742//5136 2743//5136
f 2392//5137 2390//5137 2743//5137
f 2392//5138 2743//5138 2744//5138
f 2394//5139 2392//5139 2744//5139
f 2394//5140 2744//5140 2745//5140
f 2396//5141 2394//5141 2745//5141
f 2396//5142 2745//5142 2746//5142
f 2398//5143 2747//5143 2748//5143
f 2398//5144 2746//5144 2747//5144
f 2398//5145 2396//5145 2746//5145
f 2400//5146 2398//5146 2748//5146
f 2400//5147 2748//5147 2749//5147
f 2402//5148 2749//5148 2750//5148
f 2402//5149 2400//5149 2749//5149
f 2404//5150 2751//5150 2752//5150
f 2404//5151 2750//5151 2751//5151
f 2404//5152 2402//5152 2750//5152
f 2406//5153 2752//5153 2753//5153
f 2406//5154 2404//5154 2752//5154
f 2408//5155 2753//5155 2754//5155
f 2408//5156 2406//5156 2753//5156
f 2410//5157 2754//5157 2755//5157
f 2410//5158 2408//5158 2754//5158
f 2412//5159 2756//5159 2757//5159
f 2412//5160 2755//5160 2756//5160
f 2412//5161 2410//5161 2755//5161
f 2413//5162 2757//5162 2758//5162
f 2413//5163 2412//5163 2757//5163
f 2414//5164 2758//5164 2759//5164
f 2414//5165 2413//5165 2758//5165
f 2415//5166 2414//5166 2759//5166
f 2415//5167 2760//5167 2761//5167
f 2415//5168 2759//5168 2760//5168
f 2416//5169 2415//5169 2761//5169
f 2416//5170 2761//5170 2762//5170
f 2417//5171 2416//5171 2762//5171
f 2417//5172 2762//5172 2763//5172
f 2418//5173 2417//5173 2763//5173
f 2418//5174 2764//5174 2765//5174
f 2418//5175 2763//5175 2764//5175
f 2419//5176 2418//5176 2765//5176
f 2419//5177 2765//5177 2766//5177
f 2420//5178 2419//5178 2766//5178
f 2420//5179 2767//5179 2768//5179
f 2420//5180 2766//5180 2767//5180
f 2421//5181 2768//5181 2769//5181
f 2421//5182 2420//5182 2768//5182
f 2422//5183 2421//5183 2769//5183
f 2422//5184 2770//5184 2771//5184
f 2422//5185 2769//5185 2770//5185
f 2423//5186 2422//5186 2771//5186
f 2423//5187 2772//5187 2773//5187
f 2423//5188 2771//5188 2772//5188
f 2424//5189 2773//5189 2774//5189
f 2424//5190 2423//5190 2773//5190
f 2425//5191 2775//5191 2776//5191
f 2425//5192 2774//5192 2775//5192
f 2425//5193 2424//5193 2774//5193
f 2426//5194 2776//5194 2777//5194
f 2426//5195 2425//5195 2776//5195
f 2427//5196 2778//5196 2779//5196
f 2427//5197 2777//5197 2778//5197
f 2427//5198 2426//5198 2777//5198
f 2428//5199 2779//5199 2780//5199
f 2428//5200 2427//5200 2779//5200
f 2429//5201 2780//5201 2781//5201
f 2429//5202 2428//5202 2780//5202
f 2430//5203 2782//5203 2783//5203
f 2430//5204 2781//5204 2782//5204
f 2430//5205 2429//5205 2781//5205
f 2431//5206 2784//5206 2785//5206
f 2431//5207 2783//5207 2784//5207
f 2431//5208 2430//5208 2783//5208
f 2432//5209 2785//5209 2786//5209
f 2432//5210 2431//5210 2785//5210
f 2433//5211 2787//5211 2788//5211
f 2433//5212 2786//5212 2787//5212
f 2433//5213 2432//5213 2786//5213
f 2434//5214 2788//5214 2789//5214
f 2434//5215 2433//5215 2788//5215
f 2435//5216 2790//5216 2791//5216
f 2435//5217 2789//5217 2790//5217
f 2435//5218 2434//5218 2789//5218
f 2436//5219 2435//5219 2791//5219
f 2436//5220 2791//5220 2792//5220
f 2437//5221 2793//5221 2794//5221
f 2437//5222 2792//5222 2793//5222
f 2437//5223 2436//5223 2792//5223
f 2438//5224 2794//5224 2320//5224
f 2438//5225 2437//5225 2794//5225
f 2439//5226 2438//5226 2320//5226
f 2439//5227 2320//5227 2319//5227
f 2440//5228 2439//5228 2319//5228
f 2440//5229 2319//5229 2321//5229
f 2441//5230 2440//5230 2321//5230
f 2441//5231 2321//5231 2322//5231
f 2442//5232 2441//5232 2322//5232
f 2442//5233 2322//5233 2323//5233
f 2443//5234 2442//5234 2323//5234
f 2443//5235 2323//5235 2318//5235
f 2476//5236 2443//5236 2314//5236
f 2314//5237 2443//5237 2318//5237
f 2338//5238 2365//5238 2339//5238
f 2338//5239 2366//5239 2365//5239
f 2338//5240 2367//5240 2366//5240
f 2338//5241 2368//5241 2367//5241
f 2338//5242 2369//5242 2368//5242
f 2338//5243 2370//5243 2369//5243
f 2371//5244 2370//5244 2338//5244
f 2337//5245 2364//5245 2371//5245
f 2337//5246 2371//5246 2338//5246
f 2361//5247 2364//5247 2337//5247
f 2551//5248 2374//5248 2373//5248
f 2551//5249 2375//5249 2374//5249
f 2551//5250 2376//5250 2375//5250
f 2551//5251 2377//5251 2376//5251
f 2551//5252 2378//5252 2377//5252
f 2551//5253 2379//5253 2378//5253
f 2550//5254 2373//5254 2372//5254
f 2550//5255 2551//5255 2373//5255
f 2795//5256 2331//5256 2330//5256
f 2795//5257 2332//5257 2331//5257
f 2796//5258 2332//5258 2795//5258
f 2797//5259 2333//5259 2332//5259
f 2797//5260 2332//5260 2796//5260
f 2798//5261 2341//5261 2345//5261
f 2798//5262 2342//5262 2341//5262
f 2798//5263 2343//5263 2342//5263
f 2798//5264 2340//5264 2343//5264
f 2799//5265 2546//5265 2800//5265
f 2799//5266 2544//5266 2545//5266
f 2799//5267 2545//5267 2546//5267
f 2801//5268 2544//5268 2799//5268
f 2802//5269 2544//5269 2801//5269
f 2802//5270 2543//5270 2544//5270
f 2803//5271 2334//5271 2333//5271
f 2803//5272 2335//5272 2334//5272
f 2803//5273 2336//5273 2335//5273
f 2803//5274 2337//5274 2336//5274
f 2803//5275 2333//5275 2797//5275
f 2803//5276 2804//5276 2805//5276
f 2803//5277 2361//5277 2337//5277
f 2803//5278 2797//5278 2804//5278
f 2806//5279 2330//5279 2329//5279
f 2806//5280 2795//5280 2330//5280
f 2806//5281 2796//5281 2795//5281
f 2807//5282 2359//5282 2361//5282
f 2807//5283 2803//5283 2805//5283
f 2807//5284 2361//5284 2803//5284
f 2808//5285 2359//5285 2807//5285
f 2808//5286 2807//5286 2805//5286
f 2809//5287 2796//5287 2806//5287
f 2809//5288 2804//5288 2797//5288
f 2809//5289 2797//5289 2796//5289
f 2810//5290 2356//5290 2359//5290
f 2810//5291 2354//5291 2356//5291
f 2810//5292 2351//5292 2354//5292
f 2810//5293 2349//5293 2351//5293
f 2810//5294 2347//5294 2349//5294
f 2810//5295 2345//5295 2347//5295
f 2810//5296 2798//5296 2345//5296
f 2810//5297 2805//5297 2798//5297
f 2810//5298 2359//5298 2808//5298
f 2810//5299 2808//5299 2805//5299
f 2811//5300 2809//5300 2806//5300
f 2812//5301 2804//5301 2809//5301
f 2812//5302 2809//5302 2811//5302
f 2812//5303 2805//5303 2804//5303
f 2812//5304 2811//5304 2813//5304
f 2814//5305 2324//5305 2320//5305
f 2814//5306 2320//5306 2794//5306
f 2814//5307 2794//5307 2793//5307
f 2814//5308 2793//5308 2792//5308
f 2814//5309 2815//5309 2324//5309
f 2816//5310 2817//5310 2818//5310
f 2819//5311 2820//5311 2817//5311
f 2821//5312 2792//5312 2791//5312
f 2821//5313 2815//5313 2814//5313
f 2821//5314 2814//5314 2792//5314
f 2822//5315 2817//5315 2816//5315
f 2823//5316 2780//5316 2779//5316
f 2823//5317 2779//5317 2778//5317
f 2823//5318 2778//5318 2777//5318
f 2823//5319 2777//5319 2776//5319
f 2824//5320 2820//5320 2819//5320
f 2825//5321 2791//5321 2790//5321
f 2825//5322 2815//5322 2821//5322
f 2825//5323 2821//5323 2791//5323
f 2826//5324 2817//5324 2822//5324
f 2827//5325 2790//5325 2789//5325
f 2827//5326 2789//5326 2788//5326
f 2827//5327 2788//5327 2787//5327
f 2827//5328 2825//5328 2790//5328
f 2827//5329 2816//5329 2818//5329
f 2827//5330 2826//5330 2822//5330
f 2827//5331 2818//5331 2815//5331
f 2827//5332 2815//5332 2825//5332
f 2827//5333 2822//5333 2816//5333
f 2828//5334 2823//5334 2829//5334
f 2828//5335 2783//5335 2782//5335
f 2828//5336 2782//5336 2781//5336
f 2828//5337 2781//5337 2780//5337
f 2828//5338 2829//5338 2820//5338
f 2828//5339 2820//5339 2824//5339
f 2828//5340 2780//5340 2823//5340
f 2830//5341 2824//5341 2819//5341
f 2830//5342 2828//5342 2824//5342
f 2830//5343 2787//5343 2786//5343
f 2830//5344 2826//5344 2827//5344
f 2830//5345 2786//5345 2785//5345
f 2830//5346 2785//5346 2784//5346
f 2830//5347 2784//5347 2783//5347
f 2830//5348 2827//5348 2787//5348
f 2830//5349 2819//5349 2817//5349
f 2830//5350 2783//5350 2828//5350
f 2830//5351 2817//5351 2826//5351
f 2831//5352 2776//5352 2775//5352
f 2831//5353 2805//5353 2812//5353
f 2831//5354 2823//5354 2776//5354
f 2832//5355 2831//5355 2775//5355
f 2832//5356 2805//5356 2831//5356
f 2833//5357 2775//5357 2774//5357
f 2833//5358 2805//5358 2832//5358
f 2833//5359 2832//5359 2775//5359
f 2834//5360 2833//5360 2774//5360
f 2834//5361 2805//5361 2833//5361
f 2835//5362 2774//5362 2773//5362
f 2835//5363 2805//5363 2834//5363
f 2835//5364 2834//5364 2774//5364
f 2836//5365 2805//5365 2835//5365
f 2836//5366 2835//5366 2773//5366
f 2837//5367 2773//5367 2772//5367
f 2837//5368 2772//5368 2771//5368
f 2837//5369 2771//5369 2770//5369
f 2837//5370 2770//5370 2769//5370
f 2837//5371 2769//5371 2768//5371
f 2837//5372 2768//5372 2767//5372
f 2837//5373 2767//5373 2766//5373
f 2837//5374 2766//5374 2765//5374
f 2837//5375 2836//5375 2773//5375
f 2837//5376 2805//5376 2836//5376
f 2838//5377 2344//5377 2340//5377
f 2838//5378 2346//5378 2344//5378
f 2838//5379 2348//5379 2346//5379
f 2838//5380 2350//5380 2348//5380
f 2838//5381 2352//5381 2350//5381
f 2838//5382 2353//5382 2352//5382
f 2838//5383 2355//5383 2353//5383
f 2838//5384 2357//5384 2355//5384
f 2838//5385 2340//5385 2798//5385
f 2838//5386 2358//5386 2357//5386
f 2838//5387 2798//5387 2839//5387
f 2840//5388 2358//5388 2838//5388
f 2840//5389 2838//5389 2839//5389
f 2841//5390 2840//5390 2839//5390
f 2841//5391 2358//5391 2840//5391
f 2841//5392 2360//5392 2358//5392
f 2842//5393 2360//5393 2841//5393
f 2842//5394 2841//5394 2839//5394
f 2843//5395 2842//5395 2839//5395
f 2843//5396 2360//5396 2842//5396
f 2844//5397 2837//5397 2765//5397
f 2844//5398 2805//5398 2837//5398
f 2844//5399 2765//5399 2764//5399
f 2844//5400 2764//5400 2763//5400
f 2844//5401 2763//5401 2762//5401
f 2844//5402 2762//5402 2761//5402
f 2844//5403 2761//5403 2760//5403
f 2844//5404 2760//5404 2759//5404
f 2844//5405 2798//5405 2805//5405
f 2845//5406 2844//5406 2759//5406
f 2845//5407 2798//5407 2844//5407
f 2846//5408 2798//5408 2845//5408
f 2846//5409 2759//5409 2758//5409
f 2846//5410 2845//5410 2759//5410
f 2847//5411 2360//5411 2843//5411
f 2847//5412 2839//5412 2848//5412
f 2847//5413 2362//5413 2360//5413
f 2847//5414 2843//5414 2839//5414
f 2849//5415 2798//5415 2846//5415
f 2849//5416 2846//5416 2758//5416
f 2849//5417 2758//5417 2757//5417
f 2849//5418 2757//5418 2756//5418
f 2849//5419 2756//5419 2755//5419
f 2850//5420 2848//5420 2800//5420
f 2850//5421 2847//5421 2848//5421
f 2850//5422 2800//5422 2546//5422
f 2850//5423 2362//5423 2847//5423
f 2850//5424 2546//5424 2547//5424
f 2851//5425 2548//5425 2549//5425
f 2851//5426 2549//5426 2550//5426
f 2851//5427 2550//5427 2372//5427
f 2851//5428 2363//5428 2362//5428
f 2851//5429 2372//5429 2363//5429
f 2851//5430 2362//5430 2850//5430
f 2851//5431 2850//5431 2547//5431
f 2851//5432 2547//5432 2548//5432
f 2852//5433 2849//5433 2755//5433
f 2852//5434 2798//5434 2849//5434
f 2852//5435 2755//5435 2754//5435
f 2852//5436 2754//5436 2753//5436
f 2852//5437 2753//5437 2752//5437
f 2853//5438 2798//5438 2852//5438
f 2853//5439 2839//5439 2798//5439
f 2853//5440 2752//5440 2751//5440
f 2853//5441 2751//5441 2750//5441
f 2853//5442 2852//5442 2752//5442
f 2853//5443 2750//5443 2749//5443
f 2853//5444 2749//5444 2748//5444
f 2854//5445 2853//5445 2748//5445
f 2854//5446 2839//5446 2853//5446
f 2854//5447 2748//5447 2747//5447
f 2854//5448 2747//5448 2746//5448
f 2854//5449 2746//5449 2745//5449
f 2854//5450 2745//5450 2744//5450
f 2854//5451 2744//5451 2743//5451
f 2855//5452 2854//5452 2743//5452
f 2855//5453 2839//5453 2854//5453
f 2856//5454 2855//5454 2743//5454
f 2856//5455 2839//5455 2855//5455
f 2856//5456 2743//5456 2742//5456
f 2857//5457 2839//5457 2856//5457
f 2857//5458 2742//5458 2741//5458
f 2857//5459 2856//5459 2742//5459
f 2858//5460 2848//5460 2839//5460
f 2858//5461 2857//5461 2741//5461
f 2858//5462 2839//5462 2857//5462
f 2858//5463 2741//5463 2740//5463
f 2859//5464 2858//5464 2740//5464
f 2859//5465 2848//5465 2858//5465
f 2859//5466 2740//5466 2739//5466
f 2860//5467 2859//5467 2739//5467
f 2860//5468 2848//5468 2859//5468
f 2861//5469 2799//5469 2800//5469
f 2862//5470 2848//5470 2860//5470
f 2862//5471 2739//5471 2738//5471
f 2862//5472 2860//5472 2739//5472
f 2863//5473 2800//5473 2848//5473
f 2863//5474 2848//5474 2862//5474
f 2863//5475 2861//5475 2800//5475
f 2864//5476 2861//5476 2863//5476
f 2865//5477 2802//5477 2801//5477
f 2865//5478 2799//5478 2861//5478
f 2865//5479 2543//5479 2802//5479
f 2865//5480 2861//5480 2864//5480
f 2865//5481 2541//5481 2542//5481
f 2865//5482 2542//5482 2543//5482
f 2865//5483 2801//5483 2799//5483
f 2866//5484 2864//5484 2863//5484
f 2866//5485 2865//5485 2864//5485
f 2867//5486 2862//5486 2738//5486
f 2867//5487 2738//5487 2737//5487
f 2867//5488 2737//5488 2736//5488
f 2868//5489 2736//5489 2735//5489
f 2868//5490 2735//5490 2734//5490
f 2868//5491 2734//5491 2733//5491
f 2868//5492 2867//5492 2736//5492
f 2868//5493 2869//5493 2867//5493
f 2870//5494 2869//5494 2868//5494
f 2871//5495 2869//5495 2870//5495
f 2872//5496 2868//5496 2733//5496
f 2872//5497 2871//5497 2870//5497
f 2872//5498 2873//5498 2871//5498
f 2872//5499 2733//5499 2732//5499
f 2872//5500 2732//5500 2731//5500
f 2872//5501 2731//5501 2730//5501
f 2872//5502 2870//5502 2868//5502
f 2874//5503 2873//5503 2872//5503
f 2875//5504 2873//5504 2874//5504
f 2876//5505 2875//5505 2874//5505
f 2876//5506 2872//5506 2730//5506
f 2876//5507 2874//5507 2872//5507
f 2876//5508 2877//5508 2875//5508
f 2876//5509 2730//5509 2729//5509
f 2876//5510 2729//5510 2728//5510
f 2878//5511 2877//5511 2876//5511
f 2878//5512 2876//5512 2728//5512
f 2878//5513 2728//5513 2727//5513
f 2879//5514 2877//5514 2878//5514
f 2879//5515 2536//5515 2877//5515
f 2879//5516 2878//5516 2727//5516
f 2879//5517 2727//5517 2726//5517
f 2879//5518 2726//5518 2725//5518
f 2879//5519 2725//5519 2535//5519
f 2879//5520 2535//5520 2536//5520
f 2880//5521 2329//5521 2328//5521
f 2880//5522 2811//5522 2806//5522
f 2880//5523 2813//5523 2811//5523
f 2880//5524 2806//5524 2329//5524
f 2881//5525 2880//5525 2328//5525
f 2882//5526 2812//5526 2813//5526
f 2882//5527 2813//5527 2880//5527
f 2882//5528 2880//5528 2881//5528
f 2882//5529 2831//5529 2812//5529
f 2883//5530 2327//5530 2326//5530
f 2884//5531 2829//5531 2823//5531
f 2884//5532 2820//5532 2829//5532
f 2884//5533 2831//5533 2882//5533
f 2884//5534 2823//5534 2831//5534
f 2885//5535 2820//5535 2884//5535
f 2885//5536 2884//5536 2886//5536
f 2885//5537 2886//5537 2883//5537
f 2887//5538 2820//5538 2885//5538
f 2887//5539 2817//5539 2820//5539
f 2888//5540 2325//5540 2324//5540
f 2888//5541 2324//5541 2815//5541
f 2888//5542 2817//5542 2887//5542
f 2888//5543 2815//5543 2818//5543
f 2888//5544 2818//5544 2817//5544
f 2889//5545 2541//5545 2865//5545
f 2889//5546 2540//5546 2541//5546
f 2889//5547 2865//5547 2866//5547
f 2890//5548 2863//5548 2862//5548
f 2890//5549 2866//5549 2863//5549
f 2890//5550 2889//5550 2866//5550
f 2891//5551 2540//5551 2889//5551
f 2891//5552 2889//5552 2890//5552
f 2892//5553 2890//5553 2862//5553
f 2892//5554 2862//5554 2867//5554
f 2892//5555 2867//5555 2869//5555
f 2893//5556 2538//5556 2539//5556
f 2894//5557 2893//5557 2892//5557
f 2894//5558 2892//5558 2869//5558
f 2895//5559 2894//5559 2869//5559
f 2895//5560 2869//5560 2871//5560
f 2895//5561 2871//5561 2873//5561
f 2896//5562 2873//5562 2875//5562
f 2896//5563 2875//5563 2877//5563
f 2896//5564 2877//5564 2536//5564
f 2896//5565 2895//5565 2873//5565
f 2896//5566 2536//5566 2537//5566
f 2897//5567 2328//5567 2327//5567
f 2897//5568 2327//5568 2883//5568
f 2897//5569 2882//5569 2881//5569
f 2897//5570 2881//5570 2328//5570
f 2897//5571 2884//5571 2882//5571
f 2897//5572 2886//5572 2884//5572
f 2897//5573 2883//5573 2886//5573
f 2898//5574 2326//5574 2325//5574
f 2898//5575 2883//5575 2326//5575
f 2898//5576 2885//5576 2883//5576
f 2898//5577 2325//5577 2888//5577
f 2898//5578 2888//5578 2887//5578
f 2898//5579 2887//5579 2885//5579
f 2899//5580 2890//5580 2892//5580
f 2899//5581 2891//5581 2890//5581
f 2899//5582 2892//5582 2893//5582
f 2899//5583 2893//5583 2539//5583
f 2899//5584 2539//5584 2540//5584
f 2899//5585 2540//5585 2891//5585
f 2900//5586 2894//5586 2895//5586
f 2900//5587 2538//5587 2893//5587
f 2900//5588 2893//5588 2894//5588
f 2900//5589 2895//5589 2896//5589
f 2900//5590 2896//5590 2537//5590
f 2900//5591 2537//5591 2538//5591
f 2411//5592 2444//5592 2529//5592
f 2411//5593 2529//5593 2530//5593
f 468//5594 295//5594 296//5594
f 468//5595 296//5595 301//5595
f 2253//5596 283//5596 284//5596
f 2253//5597 284//5597 289//5597
f 2253//5598 289//5598 290//5598
f 2253//5599 290//5599 295//5599
f 2253//5600 295//5600 468//5600
f 278//5601 283//5601 2253//5601
f 277//5602 278//5602 2253//5602
f 471//5603 2253//5603 468//5603
f 272//5604 277//5604 2253//5604
f 271//5605 272//5605 2253//5605
f 1986//5606 2253//5606 471//5606
f 266//5607 271//5607 2252//5607
f 1987//5608 266//5608 2252//5608
f 1987//5609 260//5609 265//5609
f 1987//5610 265//5610 266//5610
f 259//5611 260//5611 1987//5611
f 254//5612 259//5612 1987//5612
f 253//5613 254//5613 1987//5613
f 248//5614 253//5614 1987//5614
f 247//5615 248//5615 1987//5615
f 242//5616 247//5616 1987//5616
f 241//5617 242//5617 1987//5617
f 236//5618 241//5618 1987//5618
f 235//5619 236//5619 1987//5619
f 230//5620 235//5620 1987//5620
f 229//5621 230//5621 1987//5621
f 223//5622 229//5622 1987//5622
f 223//5623 1987//5623 1986//5623
f 222//5624 223//5624 1986//5624
f 221//5625 222//5625 1986//5625
f 17//5626 1986//5626 810//5626
f 17//5627 221//5627 1986//5627
f 18//5628 17//5628 810//5628
f 19//5629 18//5629 810//5629
f 20//5630 19//5630 810//5630
f 1056//5631 810//5631 203//5631
f 1056//5632 203//5632 201//5632
f 809//5633 27//5633 20//5633
f 809//5634 20//5634 810//5634
f 94//5635 201//5635 99//5635
f 28//5636 27//5636 809//5636
f 93//5637 1056//5637 201//5637
f 93//5638 201//5638 94//5638
f 33//5639 28//5639 809//5639
f 88//5640 1056//5640 93//5640
f 34//5641 33//5641 809//5641
f 87//5642 1056//5642 88//5642
f 39//5643 34//5643 809//5643
f 82//5644 1056//5644 87//5644
f 40//5645 39//5645 809//5645
f 81//5646 1056//5646 82//5646
f 45//5647 40//5647 809//5647
f 76//5648 1056//5648 81//5648
f 46//5649 45//5649 809//5649
f 75//5650 1056//5650 76//5650
f 51//5651 46//5651 809//5651
f 70//5652 1056//5652 75//5652
f 52//5653 51//5653 809//5653
f 69//5654 1056//5654 70//5654
f 57//5655 52//5655 809//5655
f 64//5656 1250//5656 69//5656
f 64//5657 809//5657 1250//5657
f 58//5658 57//5658 809//5658
f 63//5659 809//5659 64//5659
f 63//5660 58//5660 809//5660
f 471//5661 203//5661 810//5661
f 471//5662 810//5662 1986//5662
f 1250//5663 1056//5663 69//5663
f 2253//5664 2252//5664 271//5664
f 466//5665 200//5665 199//5665
f 465//5666 466//5666 199//5666
f 204//5667 203//5667 471//5667
f 204//5668 471//5668 470//5668
f 473//5669 213//5669 215//5669
f 473//5670 215//5670 217//5670
f 536//5671 210//5671 211//5671
f 536//5672 211//5672 213//5672
f 536//5673 213//5673 473//5673
f 397//5674 473//5674 537//5674
f 397//5675 537//5675 467//5675
f 462//5676 536//5676 473//5676
f 462//5677 473//5677 397//5677
f 472//5678 538//5678 536//5678
f 472//5679 536//5679 462//5679
f 11//5680 397//5680 13//5680
f 9//5681 462//5681 397//5681
f 9//5682 397//5682 11//5682
f 7//5683 462//5683 9//5683
f 6//5684 462//5684 7//5684
f 199//5685 537//5685 465//5685
f 467//5686 537//5686 199//5686
f 470//5687 472//5687 204//5687
f 538//5688 472//5688 470//5688
f 2901//5689 445//5689 2902//5689
f 2903//5690 445//5690 446//5690
f 2903//5691 2902//5691 445//5691
f 2904//5692 445//5692 2901//5692
f 2905//5693 2903//5693 446//5693
f 2906//5694 445//5694 2904//5694
f 2907//5695 2905//5695 446//5695
f 2908//5696 444//5696 445//5696
f 2908//5697 445//5697 2906//5697
f 2909//5698 2907//5698 446//5698
f 2910//5699 444//5699 2908//5699
f 2911//5700 2909//5700 446//5700
f 2912//5701 444//5701 2910//5701
f 2913//5702 446//5702 447//5702
f 2913//5703 2911//5703 446//5703
f 2914//5704 444//5704 2912//5704
f 2915//5705 2913//5705 447//5705
f 2916//5706 444//5706 2914//5706
f 2917//5707 2915//5707 447//5707
f 2918//5708 443//5708 444//5708
f 2918//5709 444//5709 2916//5709
f 2919//5710 2917//5710 447//5710
f 2920//5711 443//5711 2918//5711
f 2921//5712 2919//5712 447//5712
f 2921//5713 447//5713 448//5713
f 2922//5714 443//5714 2920//5714
f 2923//5715 2921//5715 448//5715
f 2924//5716 443//5716 2922//5716
f 2925//5717 2923//5717 448//5717
f 2926//5718 443//5718 2924//5718
f 2926//5719 442//5719 443//5719
f 2927//5720 2925//5720 448//5720
f 2928//5721 442//5721 2926//5721
f 2929//5722 2927//5722 448//5722
f 2930//5723 442//5723 2928//5723
f 2931//5724 448//5724 449//5724
f 2931//5725 2929//5725 448//5725
f 2932//5726 442//5726 2930//5726
f 2933//5727 2931//5727 449//5727
f 2934//5728 442//5728 2932//5728
f 2935//5729 2933//5729 449//5729
f 2936//5730 442//5730 2934//5730
f 2936//5731 441//5731 442//5731
f 2937//5732 2935//5732 449//5732
f 2938//5733 441//5733 2936//5733
f 2939//5734 2937//5734 449//5734
f 2939//5735 449//5735 450//5735
f 2940//5736 441//5736 2938//5736
f 2941//5737 2939//5737 450//5737
f 2942//5738 441//5738 2940//5738
f 2942//5739 440//5739 441//5739
f 2943//5740 2941//5740 450//5740
f 2944//5741 440//5741 2942//5741
f 2945//5742 2943//5742 450//5742
f 2946//5743 440//5743 2944//5743
f 2947//5744 2945//5744 450//5744
f 2947//5745 450//5745 451//5745
f 2948//5746 440//5746 2946//5746
f 2949//5747 2947//5747 451//5747
f 2950//5748 439//5748 440//5748
f 2950//5749 440//5749 2948//5749
f 2951//5750 2949//5750 451//5750
f 2952//5751 439//5751 2950//5751
f 2953//5752 451//5752 452//5752
f 2953//5753 2951//5753 451//5753
f 2954//5754 439//5754 2952//5754
f 2955//5755 2953//5755 452//5755
f 2956//5756 438//5756 439//5756
f 2956//5757 439//5757 2954//5757
f 2957//5758 2955//5758 452//5758
f 2958//5759 438//5759 2956//5759
f 2959//5760 452//5760 453//5760
f 2959//5761 2957//5761 452//5761
f 2960//5762 438//5762 2958//5762
f 2961//5763 2959//5763 453//5763
f 2962//5764 437//5764 438//5764
f 2962//5765 438//5765 2960//5765
f 2963//5766 2961//5766 453//5766
f 2964//5767 437//5767 2962//5767
f 2965//5768 453//5768 454//5768
f 2965//5769 2963//5769 453//5769
f 2966//5770 437//5770 2964//5770
f 2967//5771 2965//5771 454//5771
f 2968//5772 436//5772 437//5772
f 2968//5773 437//5773 2966//5773
f 2969//5774 2967//5774 454//5774
f 2969//5775 454//5775 455//5775
f 2970//5776 436//5776 2968//5776
f 2971//5777 2969//5777 455//5777
f 2972//5778 436//5778 2970//5778
f 2972//5779 435//5779 436//5779
f 2973//5780 2971//5780 455//5780
f 2973//5781 455//5781 456//5781
f 2974//5782 435//5782 2972//5782
f 2975//5783 2973//5783 456//5783
f 2976//5784 435//5784 2974//5784
f 2976//5785 434//5785 435//5785
f 2977//5786 2975//5786 456//5786
f 2977//5787 456//5787 457//5787
f 2978//5788 434//5788 2976//5788
f 2979//5789 2977//5789 457//5789
f 2980//5790 433//5790 434//5790
f 2980//5791 434//5791 2978//5791
f 2981//5792 2979//5792 457//5792
f 2981//5793 457//5793 458//5793
f 2982//5794 432//5794 433//5794
f 2982//5795 433//5795 2980//5795
f 2983//5796 2981//5796 458//5796
f 2983//5797 458//5797 459//5797
f 2984//5798 432//5798 2982//5798
f 2985//5799 2983//5799 459//5799
f 2986//5800 431//5800 432//5800
f 2986//5801 432//5801 2984//5801
f 2987//5802 459//5802 460//5802
f 2987//5803 2985//5803 459//5803
f 2988//5804 430//5804 431//5804
f 2988//5805 431//5805 2986//5805
f 2989//5806 460//5806 461//5806
f 2989//5807 2987//5807 460//5807
f 2990//5808 430//5808 2988//5808
f 2990//5809 429//5809 430//5809
f 2991//5810 2989//5810 461//5810
f 2992//5811 421//5811 422//5811
f 2993//5812 2992//5812 422//5812
f 2994//5813 528//5813 2995//5813
f 2994//5814 529//5814 528//5814
f 2996//5815 421//5815 2992//5815
f 2997//5816 2995//5816 528//5816
f 2998//5817 422//5817 423//5817
f 2998//5818 2993//5818 422//5818
f 2999//5819 529//5819 2994//5819
f 3000//5820 421//5820 2996//5820
f 3001//5821 528//5821 527//5821
f 3001//5822 2997//5822 528//5822
f 3002//5823 2998//5823 423//5823
f 3003//5824 529//5824 2999//5824
f 3003//5825 530//5825 529//5825
f 3004//5826 420//5826 421//5826
f 3004//5827 421//5827 3000//5827
f 3005//5828 3001//5828 527//5828
f 3006//5829 3002//5829 423//5829
f 3006//5830 423//5830 424//5830
f 3007//5831 530//5831 3003//5831
f 3008//5832 420//5832 3004//5832
f 3009//5833 3005//5833 527//5833
f 3010//5834 3006//5834 424//5834
f 3011//5835 531//5835 530//5835
f 3011//5836 530//5836 3007//5836
f 3012//5837 420//5837 3008//5837
f 3013//5838 527//5838 526//5838
f 3013//5839 3009//5839 527//5839
f 3014//5840 3010//5840 424//5840
f 3014//5841 424//5841 425//5841
f 3015//5842 531//5842 3011//5842
f 3016//5843 419//5843 420//5843
f 3016//5844 420//5844 3012//5844
f 3017//5845 3013//5845 526//5845
f 3018//5846 3014//5846 425//5846
f 3019//5847 532//5847 531//5847
f 3019//5848 531//5848 3015//5848
f 3020//5849 419//5849 3016//5849
f 3021//5850 3017//5850 526//5850
f 3022//5851 3018//5851 425//5851
f 3022//5852 425//5852 426//5852
f 3023//5853 532//5853 3019//5853
f 3024//5854 419//5854 3020//5854
f 3025//5855 526//5855 525//5855
f 3025//5856 3021//5856 526//5856
f 3026//5857 3022//5857 426//5857
f 3027//5858 533//5858 532//5858
f 3027//5859 532//5859 3023//5859
f 3028//5860 419//5860 3024//5860
f 3029//5861 3025//5861 525//5861
f 3030//5862 426//5862 427//5862
f 3030//5863 3026//5863 426//5863
f 3031//5864 534//5864 533//5864
f 3031//5865 533//5865 3027//5865
f 3032//5866 418//5866 419//5866
f 3032//5867 419//5867 3028//5867
f 3033//5868 3029//5868 525//5868
f 3034//5869 427//5869 428//5869
f 3034//5870 3030//5870 427//5870
f 3035//5871 534//5871 3031//5871
f 3036//5872 418//5872 3032//5872
f 3037//5873 3033//5873 525//5873
f 3038//5874 428//5874 429//5874
f 3038//5875 3034//5875 428//5875
f 3039//5876 535//5876 534//5876
f 3039//5877 534//5877 3035//5877
f 3040//5878 418//5878 3036//5878
f 3041//5879 525//5879 524//5879
f 3041//5880 3037//5880 525//5880
f 3042//5881 3038//5881 429//5881
f 3043//5882 461//5882 535//5882
f 3043//5883 535//5883 3039//5883
f 3044//5884 418//5884 3040//5884
f 3045//5885 3041//5885 524//5885
f 3046//5886 3042//5886 429//5886
f 3046//5887 2990//5887 3047//5887
f 3046//5888 429//5888 2990//5888
f 3048//5889 461//5889 3043//5889
f 3048//5890 2991//5890 461//5890
f 3049//5891 417//5891 418//5891
f 3049//5892 418//5892 3044//5892
f 3050//5893 3045//5893 524//5893
f 3051//5894 3047//5894 3052//5894
f 3051//5895 3046//5895 3047//5895
f 3053//5896 2991//5896 3048//5896
f 3053//5897 3054//5897 2991//5897
f 3055//5898 417//5898 3049//5898
f 3056//5899 3050//5899 524//5899
f 3057//5900 3052//5900 3058//5900
f 3057//5901 3051//5901 3052//5901
f 3059//5902 3060//5902 3054//5902
f 3059//5903 3054//5903 3053//5903
f 3061//5904 417//5904 3055//5904
f 3062//5905 3056//5905 524//5905
f 3062//5906 524//5906 523//5906
f 3063//5907 3058//5907 3064//5907
f 3063//5908 3057//5908 3058//5908
f 3065//5909 3060//5909 3059//5909
f 3065//5910 3066//5910 3060//5910
f 3067//5911 417//5911 3061//5911
f 3068//5912 3062//5912 523//5912
f 3069//5913 3064//5913 3070//5913
f 3069//5914 3063//5914 3064//5914
f 3071//5915 3066//5915 3065//5915
f 3071//5916 3072//5916 3066//5916
f 3073//5917 417//5917 3067//5917
f 3073//5918 416//5918 417//5918
f 3074//5919 3068//5919 523//5919
f 3075//5920 3070//5920 3076//5920
f 3075//5921 3069//5921 3070//5921
f 3077//5922 3072//5922 3071//5922
f 3077//5923 3078//5923 3072//5923
f 3079//5924 416//5924 3073//5924
f 3080//5925 3074//5925 523//5925
f 3081//5926 3076//5926 3082//5926
f 3081//5927 3075//5927 3076//5927
f 3083//5928 3078//5928 3077//5928
f 3083//5929 3084//5929 3078//5929
f 3085//5930 416//5930 3079//5930
f 3086//5931 3080//5931 523//5931
f 3087//5932 3081//5932 3082//5932
f 3087//5933 3082//5933 3088//5933
f 3089//5934 3084//5934 3083//5934
f 3089//5935 3090//5935 3084//5935
f 3091//5936 416//5936 3085//5936
f 3092//5937 523//5937 522//5937
f 3092//5938 3086//5938 523//5938
f 3093//5939 3087//5939 3088//5939
f 3093//5940 3088//5940 3094//5940
f 3095//5941 3090//5941 3089//5941
f 3095//5942 3096//5942 3090//5942
f 3097//5943 416//5943 3091//5943
f 3098//5944 3092//5944 522//5944
f 3099//5945 3094//5945 3100//5945
f 3099//5946 3093//5946 3094//5946
f 3101//5947 3096//5947 3095//5947
f 3101//5948 3102//5948 3096//5948
f 3101//5949 3103//5949 3102//5949
f 3104//5950 416//5950 3097//5950
f 3105//5951 3098//5951 522//5951
f 415//5952 416//5952 3104//5952
f 3106//5953 3100//5953 3107//5953
f 3106//5954 3099//5954 3100//5954
f 3108//5955 3103//5955 3101//5955
f 3109//5956 415//5956 3104//5956
f 3110//5957 3105//5957 522//5957
f 3111//5958 3107//5958 3112//5958
f 3111//5959 3106//5959 3107//5959
f 3113//5960 3103//5960 3108//5960
f 3113//5961 3114//5961 3103//5961
f 3115//5962 415//5962 3109//5962
f 3116//5963 3110//5963 522//5963
f 3117//5964 3112//5964 3118//5964
f 3117//5965 3111//5965 3112//5965
f 3119//5966 3114//5966 3113//5966
f 3119//5967 3120//5967 3114//5967
f 3121//5968 415//5968 3115//5968
f 3122//5969 3118//5969 3123//5969
f 3122//5970 3117//5970 3118//5970
f 3124//5971 3120//5971 3119//5971
f 3124//5972 3125//5972 3120//5972
f 3124//5973 3126//5973 3125//5973
f 521//5974 3116//5974 522//5974
f 521//5975 3127//5975 3116//5975
f 3128//5976 415//5976 3121//5976
f 3129//5977 3127//5977 521//5977
f 3130//5978 3123//5978 3131//5978
f 3130//5979 3122//5979 3123//5979
f 3132//5980 3126//5980 3124//5980
f 3133//5981 415//5981 3128//5981
f 3134//5982 3129//5982 521//5982
f 3135//5983 3131//5983 3136//5983
f 3135//5984 3130//5984 3131//5984
f 3137//5985 3138//5985 3126//5985
f 3137//5986 3139//5986 3138//5986
f 3137//5987 3126//5987 3132//5987
f 3140//5988 3134//5988 521//5988
f 3141//5989 3136//5989 3142//5989
f 3141//5990 3135//5990 3136//5990
f 3143//5991 3139//5991 3137//5991
f 414//5992 3133//5992 3144//5992
f 414//5993 415//5993 3133//5993
f 3145//5994 414//5994 3144//5994
f 3146//5995 3140//5995 521//5995
f 3147//5996 3142//5996 3148//5996
f 3147//5997 3141//5997 3142//5997
f 3149//5998 3150//5998 3139//5998
f 3149//5999 3139//5999 3143//5999
f 3151//6000 414//6000 3145//6000
f 3152//6001 3147//6001 3148//6001
f 3153//6002 3148//6002 3150//6002
f 3153//6003 3150//6003 3149//6003
f 3154//6004 414//6004 3151//6004
f 520//6005 3146//6005 521//6005
f 520//6006 3155//6006 3156//6006
f 520//6007 3156//6007 3146//6007
f 3157//6008 3155//6008 520//6008
f 3158//6009 3157//6009 520//6009
f 3159//6010 3158//6010 520//6010
f 413//6011 414//6011 3154//6011
f 413//6012 3160//6012 3161//6012
f 413//6013 3162//6013 3160//6013
f 413//6014 3154//6014 3162//6014
f 3163//6015 413//6015 3161//6015
f 3164//6016 413//6016 3163//6016
f 519//6017 3159//6017 520//6017
f 519//6018 3165//6018 3166//6018
f 519//6019 3166//6019 3167//6019
f 519//6020 3167//6020 3168//6020
f 519//6021 3168//6021 3159//6021
f 3169//6022 3165//6022 519//6022
f 412//6023 413//6023 3164//6023
f 412//6024 3170//6024 3171//6024
f 412//6025 3172//6025 3170//6025
f 412//6026 3173//6026 3172//6026
f 412//6027 3174//6027 3173//6027
f 412//6028 3164//6028 3174//6028
f 518//6029 3169//6029 519//6029
f 518//6030 3175//6030 3176//6030
f 518//6031 3176//6031 3177//6031
f 518//6032 3177//6032 3178//6032
f 518//6033 3178//6033 3169//6033
f 411//6034 412//6034 3171//6034
f 411//6035 3179//6035 3180//6035
f 411//6036 3181//6036 3179//6036
f 411//6037 3182//6037 3181//6037
f 411//6038 3171//6038 3182//6038
f 517//6039 3175//6039 518//6039
f 517//6040 3183//6040 3184//6040
f 517//6041 3184//6041 3185//6041
f 517//6042 3185//6042 3175//6042
f 517//6043 3186//6043 3187//6043
f 517//6044 3187//6044 3183//6044
f 410//6045 3180//6045 3188//6045
f 410//6046 3189//6046 3190//6046
f 410//6047 3191//6047 3189//6047
f 410//6048 3192//6048 3191//6048
f 410//6049 3188//6049 3192//6049
f 410//6050 411//6050 3180//6050
f 516//6051 3186//6051 517//6051
f 516//6052 3193//6052 3194//6052
f 516//6053 3194//6053 3195//6053
f 516//6054 3195//6054 3186//6054
f 409//6055 410//6055 3190//6055
f 409//6056 3196//6056 3197//6056
f 409//6057 3198//6057 3196//6057
f 409//6058 3190//6058 3198//6058
f 515//6059 3199//6059 3200//6059
f 515//6060 3200//6060 3201//6060
f 515//6061 3201//6061 3202//6061
f 515//6062 3193//6062 516//6062
f 515//6063 3202//6063 3193//6063
f 408//6064 3203//6064 3204//6064
f 408//6065 3205//6065 3203//6065
f 408//6066 3206//6066 3205//6066
f 408//6067 3197//6067 3206//6067
f 408//6068 409//6068 3197//6068
f 514//6069 3199//6069 515//6069
f 514//6070 3207//6070 3208//6070
f 514//6071 3208//6071 3209//6071
f 514//6072 3209//6072 3199//6072
f 407//6073 408//6073 3204//6073
f 407//6074 3210//6074 3211//6074
f 407//6075 3212//6075 3210//6075
f 407//6076 3204//6076 3212//6076
f 513//6077 3207//6077 514//6077
f 513//6078 3213//6078 3214//6078
f 513//6079 3214//6079 3215//6079
f 513//6080 3215//6080 3207//6080
f 406//6081 3216//6081 3217//6081
f 406//6082 3211//6082 3216//6082
f 406//6083 407//6083 3211//6083
f 512//6084 3213//6084 513//6084
f 512//6085 3218//6085 3219//6085
f 512//6086 3219//6086 3220//6086
f 512//6087 3220//6087 3213//6087
f 405//6088 406//6088 3217//6088
f 405//6089 3221//6089 3222//6089
f 405//6090 3223//6090 3221//6090
f 405//6091 3217//6091 3223//6091
f 511//6092 3218//6092 512//6092
f 511//6093 3224//6093 3225//6093
f 511//6094 3225//6094 3218//6094
f 404//6095 405//6095 3222//6095
f 404//6096 3226//6096 3227//6096
f 404//6097 3222//6097 3226//6097
f 510//6098 3224//6098 511//6098
f 510//6099 3228//6099 3229//6099
f 510//6100 3229//6100 3224//6100
f 403//6101 404//6101 3227//6101
f 403//6102 3230//6102 3231//6102
f 403//6103 3227//6103 3230//6103
f 509//6104 3228//6104 510//6104
f 509//6105 3232//6105 3233//6105
f 509//6106 3233//6106 3228//6106
f 402//6107 3231//6107 3234//6107
f 402//6108 403//6108 3231//6108
f 508//6109 3232//6109 509//6109
f 508//6110 3235//6110 3232//6110
f 401//6111 3236//6111 3237//6111
f 401//6112 3234//6112 3236//6112
f 401//6113 402//6113 3234//6113
f 3238//6114 3152//6114 3148//6114
f 3238//6115 3148//6115 3153//6115
f 3239//6116 3238//6116 3153//6116
f 3239//6117 3153//6117 3240//6117
f 3241//6118 3152//6118 3238//6118
f 3241//6119 3242//6119 3152//6119
f 3243//6120 3240//6120 3244//6120
f 3243//6121 3239//6121 3240//6121
f 3245//6122 3246//6122 3242//6122
f 3245//6123 3242//6123 3241//6123
f 3247//6124 3243//6124 3244//6124
f 3247//6125 3244//6125 3248//6125
f 3249//6126 3250//6126 3246//6126
f 3249//6127 3246//6127 3245//6127
f 3251//6128 3248//6128 3252//6128
f 3251//6129 3247//6129 3248//6129
f 507//6130 3235//6130 508//6130
f 507//6131 3253//6131 3254//6131
f 507//6132 3254//6132 3235//6132
f 3255//6133 3250//6133 3249//6133
f 3255//6134 3256//6134 3250//6134
f 3255//6135 3257//6135 3256//6135
f 3258//6136 3252//6136 3259//6136
f 3258//6137 3251//6137 3252//6137
f 3260//6138 3257//6138 3255//6138
f 3261//6139 3259//6139 3262//6139
f 3261//6140 3258//6140 3259//6140
f 3263//6141 3264//6141 3257//6141
f 3263//6142 3257//6142 3260//6142
f 3265//6143 3262//6143 3266//6143
f 3265//6144 3261//6144 3262//6144
f 3267//6145 3268//6145 3264//6145
f 3267//6146 3264//6146 3263//6146
f 3269//6147 3265//6147 3266//6147
f 3269//6148 3266//6148 3270//6148
f 3271//6149 3272//6149 3268//6149
f 3271//6150 3273//6150 3272//6150
f 3271//6151 3268//6151 3267//6151
f 3274//6152 3270//6152 3275//6152
f 3274//6153 3269//6153 3270//6153
f 3276//6154 3273//6154 3271//6154
f 3277//6155 3275//6155 3278//6155
f 3277//6156 3274//6156 3275//6156
f 3279//6157 3280//6157 3273//6157
f 3279//6158 3281//6158 3280//6158
f 3279//6159 3273//6159 3276//6159
f 3282//6160 3278//6160 3283//6160
f 3282//6161 3277//6161 3278//6161
f 400//6162 3237//6162 3284//6162
f 400//6163 401//6163 3237//6163
f 3285//6164 3281//6164 3279//6164
f 3286//6165 3282//6165 3283//6165
f 3286//6166 3283//6166 3287//6166
f 3288//6167 3281//6167 3285//6167
f 3288//6168 3289//6168 3281//6168
f 3288//6169 3290//6169 3289//6169
f 3291//6170 3287//6170 3292//6170
f 3291//6171 3286//6171 3287//6171
f 3293//6172 3290//6172 3288//6172
f 3294//6173 3291//6173 3292//6173
f 3294//6174 3292//6174 3295//6174
f 3296//6175 3290//6175 3293//6175
f 3296//6176 3297//6176 3290//6176
f 3296//6177 3298//6177 3297//6177
f 3299//6178 3295//6178 3300//6178
f 3299//6179 3294//6179 3295//6179
f 506//6180 3253//6180 507//6180
f 506//6181 3301//6181 3253//6181
f 3302//6182 3303//6182 3298//6182
f 3302//6183 3298//6183 3296//6183
f 3304//6184 3299//6184 3300//6184
f 3304//6185 3300//6185 3305//6185
f 3306//6186 3303//6186 3302//6186
f 3307//6187 3304//6187 3305//6187
f 3307//6188 3305//6188 3308//6188
f 3309//6189 3310//6189 3303//6189
f 3309//6190 3303//6190 3306//6190
f 3311//6191 3307//6191 3308//6191
f 3311//6192 3308//6192 3312//6192
f 399//6193 400//6193 3284//6193
f 399//6194 3284//6194 3313//6194
f 3314//6195 3310//6195 3309//6195
f 3314//6196 3315//6196 3310//6196
f 505//6197 3301//6197 506//6197
f 505//6198 3312//6198 3301//6198
f 398//6199 399//6199 3313//6199
f 398//6200 3315//6200 3314//6200
f 398//6201 3313//6201 3315//6201
f 398//6202 3314//6202 3316//6202
f 504//6203 3311//6203 3312//6203
f 504//6204 3312//6204 505//6204
f 504//6205 3317//6205 3318//6205
f 504//6206 3318//6206 3311//6206
f 474//6207 398//6207 3316//6207
f 474//6208 3316//6208 3319//6208
f 503//6209 3320//6209 3317//6209
f 503//6210 3317//6210 504//6210
f 475//6211 474//6211 3319//6211
f 475//6212 3319//6212 3321//6212
f 502//6213 3322//6213 3320//6213
f 502//6214 3320//6214 503//6214
f 476//6215 475//6215 3321//6215
f 476//6216 3323//6216 3324//6216
f 476//6217 3321//6217 3323//6217
f 501//6218 3322//6218 502//6218
f 501//6219 3325//6219 3326//6219
f 501//6220 3326//6220 3322//6220
f 477//6221 3324//6221 3327//6221
f 477//6222 476//6222 3324//6222
f 500//6223 3325//6223 501//6223
f 500//6224 3328//6224 3329//6224
f 500//6225 3329//6225 3325//6225
f 478//6226 3327//6226 3330//6226
f 478//6227 3330//6227 3331//6227
f 478//6228 477//6228 3327//6228
f 499//6229 3328//6229 500//6229
f 499//6230 3332//6230 3333//6230
f 499//6231 3333//6231 3328//6231
f 479//6232 3331//6232 3334//6232
f 479//6233 3334//6233 3335//6233
f 479//6234 478//6234 3331//6234
f 498//6235 3336//6235 3337//6235
f 498//6236 3337//6236 3332//6236
f 498//6237 3332//6237 499//6237
f 480//6238 3335//6238 3338//6238
f 480//6239 3338//6239 3339//6239
f 480//6240 3339//6240 3340//6240
f 480//6241 479//6241 3335//6241
f 497//6242 3336//6242 498//6242
f 497//6243 3341//6243 3342//6243
f 497//6244 3342//6244 3336//6244
f 481//6245 3340//6245 3343//6245
f 481//6246 3343//6246 3344//6246
f 481//6247 480//6247 3340//6247
f 496//6248 3341//6248 497//6248
f 496//6249 3345//6249 3346//6249
f 496//6250 3346//6250 3347//6250
f 496//6251 3347//6251 3341//6251
f 482//6252 3344//6252 3348//6252
f 482//6253 3348//6253 3349//6253
f 482//6254 3349//6254 3350//6254
f 482//6255 481//6255 3344//6255
f 495//6256 3351//6256 3352//6256
f 495//6257 3352//6257 3353//6257
f 495//6258 3353//6258 3345//6258
f 495//6259 3345//6259 496//6259
f 483//6260 3350//6260 3354//6260
f 483//6261 3354//6261 3355//6261
f 483//6262 3355//6262 3356//6262
f 483//6263 3356//6263 3357//6263
f 483//6264 482//6264 3350//6264
f 494//6265 3358//6265 3359//6265
f 494//6266 3359//6266 3360//6266
f 494//6267 3360//6267 3361//6267
f 494//6268 3361//6268 3351//6268
f 494//6269 3351//6269 495//6269
f 484//6270 3357//6270 3362//6270
f 484//6271 3362//6271 3363//6271
f 484//6272 3363//6272 3364//6272
f 484//6273 483//6273 3357//6273
f 493//6274 3365//6274 3366//6274
f 493//6275 3366//6275 3367//6275
f 493//6276 3367//6276 3368//6276
f 493//6277 3368//6277 3358//6277
f 493//6278 3358//6278 494//6278
f 485//6279 3369//6279 3370//6279
f 485//6280 3364//6280 3371//6280
f 485//6281 3371//6281 3372//6281
f 485//6282 3372//6282 3373//6282
f 485//6283 3373//6283 3369//6283
f 485//6284 484//6284 3364//6284
f 492//6285 3365//6285 493//6285
f 492//6286 3374//6286 3375//6286
f 492//6287 3375//6287 3376//6287
f 492//6288 3376//6288 3377//6288
f 492//6289 3377//6289 3365//6289
f 486//6290 3370//6290 3378//6290
f 486//6291 3378//6291 3379//6291
f 486//6292 3379//6292 3380//6292
f 486//6293 3380//6293 3381//6293
f 486//6294 485//6294 3370//6294
f 491//6295 3382//6295 3383//6295
f 491//6296 3383//6296 3384//6296
f 491//6297 3384//6297 3385//6297
f 491//6298 3385//6298 3386//6298
f 491//6299 3386//6299 3374//6299
f 491//6300 3374//6300 492//6300
f 487//6301 3381//6301 3387//6301
f 487//6302 3387//6302 3388//6302
f 487//6303 3388//6303 3389//6303
f 487//6304 3389//6304 3390//6304
f 487//6305 3390//6305 3391//6305
f 487//6306 486//6306 3381//6306
f 490//6307 3382//6307 491//6307
f 490//6308 3392//6308 3393//6308
f 490//6309 3393//6309 3394//6309
f 490//6310 3394//6310 3395//6310
f 490//6311 3395//6311 3396//6311
f 490//6312 3396//6312 3382//6312
f 488//6313 3391//6313 3397//6313
f 488//6314 3397//6314 3398//6314
f 488//6315 3398//6315 3399//6315
f 488//6316 3399//6316 3400//6316
f 488//6317 3400//6317 3401//6317
f 488//6318 487//6318 3391//6318
f 489//6319 488//6319 3401//6319
f 489//6320 3401//6320 3402//6320
f 489//6321 3402//6321 3403//6321
f 489//6322 3403//6322 3404//6322
f 489//6323 3404//6323 3392//6323
f 489//6324 3392//6324 490//6324
f 3405//6325 3406//6325 3407//6325
f 3405//6326 3408//6326 3409//6326
f 3405//6327 3410//6327 3408//6327
f 3411//6328 3412//6328 3136//6328
f 3411//6329 3136//6329 3131//6329
f 3411//6330 3131//6330 3123//6330
f 3413//6331 3405//6331 3409//6331
f 3413//6332 3414//6332 3406//6332
f 3413//6333 3415//6333 3414//6333
f 3413//6334 3412//6334 3411//6334
f 3413//6335 3409//6335 3412//6335
f 3416//6336 2932//6336 2930//6336
f 3413//6337 3406//6337 3405//6337
f 3417//6338 3123//6338 3118//6338
f 3417//6339 3118//6339 3112//6339
f 3417//6340 3411//6340 3123//6340
f 3418//6341 3419//6341 3415//6341
f 3418//6342 3420//6342 3419//6342
f 3418//6343 3415//6343 3413//6343
f 3418//6344 3411//6344 3417//6344
f 3418//6345 3413//6345 3411//6345
f 3421//6346 3112//6346 3107//6346
f 3421//6347 3107//6347 3100//6347
f 3421//6348 3417//6348 3112//6348
f 3422//6349 3420//6349 3418//6349
f 3422//6350 3423//6350 3420//6350
f 3422//6351 3424//6351 3423//6351
f 3422//6352 3417//6352 3421//6352
f 3422//6353 3418//6353 3417//6353
f 3425//6354 3421//6354 3100//6354
f 3425//6355 3100//6355 3094//6355
f 3425//6356 3094//6356 3088//6356
f 3426//6357 3427//6357 3428//6357
f 3429//6358 3421//6358 3425//6358
f 3429//6359 3430//6359 3424//6359
f 3429//6360 3431//6360 3430//6360
f 3429//6361 3422//6361 3421//6361
f 3429//6362 3424//6362 3422//6362
f 3432//6363 3425//6363 3088//6363
f 3432//6364 3088//6364 3082//6364
f 3432//6365 3082//6365 3076//6365
f 3433//6366 3434//6366 3431//6366
f 3433//6367 3435//6367 3434//6367
f 3433//6368 3431//6368 3429//6368
f 3433//6369 3429//6369 3425//6369
f 3436//6370 3432//6370 3076//6370
f 3436//6371 3076//6371 3070//6371
f 3436//6372 3070//6372 3064//6372
f 3437//6373 3435//6373 3433//6373
f 3437//6374 3438//6374 3435//6374
f 3437//6375 3439//6375 3438//6375
f 3437//6376 3425//6376 3432//6376
f 3437//6377 3432//6377 3436//6377
f 3437//6378 3433//6378 3425//6378
f 3440//6379 3436//6379 3064//6379
f 3440//6380 3064//6380 3058//6380
f 3440//6381 3058//6381 3052//6381
f 3441//6382 3442//6382 3439//6382
f 3441//6383 3443//6383 3442//6383
f 3441//6384 3436//6384 3440//6384
f 3441//6385 3439//6385 3437//6385
f 3441//6386 3437//6386 3436//6386
f 3444//6387 3440//6387 3052//6387
f 3444//6388 3052//6388 3047//6388
f 3444//6389 3047//6389 2990//6389
f 3445//6390 3446//6390 3443//6390
f 3445//6391 3447//6391 3446//6391
f 3445//6392 3443//6392 3441//6392
f 3445//6393 3441//6393 3440//6393
f 3445//6394 3440//6394 3444//6394
f 3448//6395 2990//6395 2988//6395
f 3448//6396 2988//6396 2986//6396
f 3448//6397 3444//6397 2990//6397
f 3449//6398 3450//6398 3447//6398
f 3449//6399 3451//6399 3450//6399
f 3449//6400 3447//6400 3445//6400
f 3449//6401 3445//6401 3444//6401
f 3449//6402 3444//6402 3448//6402
f 3452//6403 2986//6403 2984//6403
f 3452//6404 2984//6404 2982//6404
f 3452//6405 3448//6405 2986//6405
f 3453//6406 3454//6406 3451//6406
f 3453//6407 3455//6407 3454//6407
f 3453//6408 3451//6408 3449//6408
f 3453//6409 3449//6409 3448//6409
f 3453//6410 3448//6410 3452//6410
f 3456//6411 2982//6411 2980//6411
f 3456//6412 2980//6412 2978//6412
f 3456//6413 3452//6413 2982//6413
f 3457//6414 3453//6414 3452//6414
f 3457//6415 3458//6415 3455//6415
f 3457//6416 3459//6416 3458//6416
f 3457//6417 3452//6417 3456//6417
f 3457//6418 3455//6418 3453//6418
f 3460//6419 2978//6419 2976//6419
f 3460//6420 2976//6420 2974//6420
f 3460//6421 3456//6421 2978//6421
f 3461//6422 3459//6422 3457//6422
f 3461//6423 3462//6423 3459//6423
f 3461//6424 3463//6424 3462//6424
f 3461//6425 3457//6425 3456//6425
f 3464//6426 3460//6426 2974//6426
f 3464//6427 2974//6427 2972//6427
f 3464//6428 2972//6428 2970//6428
f 3465//6429 3461//6429 3456//6429
f 3465//6430 3456//6430 3460//6430
f 3465//6431 3463//6431 3461//6431
f 3465//6432 3466//6432 3463//6432
f 3465//6433 3467//6433 3466//6433
f 3465//6434 3460//6434 3464//6434
f 3468//6435 3464//6435 2970//6435
f 3468//6436 2970//6436 2968//6436
f 3468//6437 2968//6437 2966//6437
f 3469//6438 3464//6438 3468//6438
f 3469//6439 3465//6439 3464//6439
f 3469//6440 3467//6440 3465//6440
f 3469//6441 3470//6441 3467//6441
f 3469//6442 3471//6442 3470//6442
f 3472//6443 2966//6443 2964//6443
f 3472//6444 2964//6444 2962//6444
f 3472//6445 3468//6445 2966//6445
f 3473//6446 3471//6446 3469//6446
f 3473//6447 3469//6447 3468//6447
f 3473//6448 3474//6448 3471//6448
f 3473//6449 3475//6449 3474//6449
f 3476//6450 2962//6450 2960//6450
f 3476//6451 2960//6451 2958//6451
f 3476//6452 3472//6452 2962//6452
f 3477//6453 3468//6453 3472//6453
f 3477//6454 3475//6454 3473//6454
f 3477//6455 3473//6455 3468//6455
f 3477//6456 3472//6456 3476//6456
f 3477//6457 3478//6457 3475//6457
f 3477//6458 3479//6458 3478//6458
f 3480//6459 2958//6459 2956//6459
f 3480//6460 2956//6460 2954//6460
f 3480//6461 3476//6461 2958//6461
f 3481//6462 3477//6462 3476//6462
f 3481//6463 3479//6463 3477//6463
f 3481//6464 3482//6464 3479//6464
f 3481//6465 3483//6465 3482//6465
f 3484//6466 2954//6466 2952//6466
f 3484//6467 2952//6467 2950//6467
f 3484//6468 3480//6468 2954//6468
f 3485//6469 3476//6469 3480//6469
f 3485//6470 3483//6470 3481//6470
f 3485//6471 3481//6471 3476//6471
f 3485//6472 3486//6472 3483//6472
f 3485//6473 3487//6473 3486//6473
f 3488//6474 2950//6474 2948//6474
f 3488//6475 2948//6475 2946//6475
f 3488//6476 3484//6476 2950//6476
f 3489//6477 3485//6477 3480//6477
f 3489//6478 3490//6478 3487//6478
f 3489//6479 3491//6479 3490//6479
f 3489//6480 3487//6480 3485//6480
f 3489//6481 3480//6481 3484//6481
f 3492//6482 2946//6482 2944//6482
f 3492//6483 2944//6483 2942//6483
f 3492//6484 3488//6484 2946//6484
f 3493//6485 3491//6485 3489//6485
f 3493//6486 3488//6486 3492//6486
f 3493//6487 3494//6487 3491//6487
f 3493//6488 3495//6488 3494//6488
f 3493//6489 3489//6489 3484//6489
f 3493//6490 3484//6490 3488//6490
f 3496//6491 2942//6491 2940//6491
f 3496//6492 2940//6492 2938//6492
f 3496//6493 3492//6493 2942//6493
f 3497//6494 3495//6494 3493//6494
f 3497//6495 3498//6495 3495//6495
f 3497//6496 3499//6496 3498//6496
f 3497//6497 3493//6497 3492//6497
f 3497//6498 3492//6498 3496//6498
f 3500//6499 2938//6499 2936//6499
f 3500//6500 2936//6500 2934//6500
f 3500//6501 2934//6501 3416//6501
f 3500//6502 3496//6502 2938//6502
f 3501//6503 3502//6503 3499//6503
f 3501//6504 3503//6504 3502//6504
f 3501//6505 3499//6505 3497//6505
f 3501//6506 3497//6506 3496//6506
f 3504//6507 3416//6507 3428//6507
f 3504//6508 3500//6508 3416//6508
f 3504//6509 3505//6509 3503//6509
f 3504//6510 3506//6510 3505//6510
f 3504//6511 3503//6511 3501//6511
f 3504//6512 3428//6512 3506//6512
f 3504//6513 3496//6513 3500//6513
f 3504//6514 3501//6514 3496//6514
f 3416//6515 2934//6515 2932//6515
f 3427//6516 3506//6516 3428//6516
f 3507//6517 2930//6517 2928//6517
f 3507//6518 2928//6518 2926//6518
f 3507//6519 3416//6519 2930//6519
f 3508//6520 2926//6520 2924//6520
f 3508//6521 2924//6521 2922//6521
f 3508//6522 3507//6522 2926//6522
f 3509//6523 3428//6523 3416//6523
f 3509//6524 3510//6524 3426//6524
f 3509//6525 3511//6525 3510//6525
f 3509//6526 3416//6526 3507//6526
f 3509//6527 3426//6527 3428//6527
f 3512//6528 2922//6528 2920//6528
f 3512//6529 2920//6529 2918//6529
f 3512//6530 3508//6530 2922//6530
f 3513//6531 3514//6531 3511//6531
f 3513//6532 3515//6532 3514//6532
f 3513//6533 3507//6533 3508//6533
f 3513//6534 3511//6534 3509//6534
f 3513//6535 3509//6535 3507//6535
f 3516//6536 2918//6536 2916//6536
f 3516//6537 2916//6537 2914//6537
f 3516//6538 3512//6538 2918//6538
f 3517//6539 3518//6539 3515//6539
f 3517//6540 3519//6540 3518//6540
f 3517//6541 3508//6541 3512//6541
f 3517//6542 3515//6542 3513//6542
f 3517//6543 3513//6543 3508//6543
f 3520//6544 2914//6544 2912//6544
f 3520//6545 2912//6545 2910//6545
f 3520//6546 3516//6546 2914//6546
f 3521//6547 3522//6547 3519//6547
f 3521//6548 3523//6548 3522//6548
f 3521//6549 3516//6549 3520//6549
f 3521//6550 3512//6550 3516//6550
f 3521//6551 3519//6551 3517//6551
f 3521//6552 3517//6552 3512//6552
f 3524//6553 2910//6553 2908//6553
f 3524//6554 2908//6554 2906//6554
f 3524//6555 3520//6555 2910//6555
f 3525//6556 3526//6556 3523//6556
f 3525//6557 3527//6557 3526//6557
f 3525//6558 3521//6558 3520//6558
f 3525//6559 3523//6559 3521//6559
f 3528//6560 2906//6560 2904//6560
f 3528//6561 2904//6561 2901//6561
f 3528//6562 3524//6562 2906//6562
f 3529//6563 3525//6563 3520//6563
f 3529//6564 3530//6564 3527//6564
f 3529//6565 3531//6565 3530//6565
f 3529//6566 3520//6566 3524//6566
f 3529//6567 3527//6567 3525//6567
f 3532//6568 2901//6568 2902//6568
f 3532//6569 2902//6569 2903//6569
f 3532//6570 3528//6570 2901//6570
f 3533//6571 3534//6571 3531//6571
f 3533//6572 3535//6572 3534//6572
f 3533//6573 3524//6573 3528//6573
f 3533//6574 3531//6574 3529//6574
f 3533//6575 3529//6575 3524//6575
f 3536//6576 2903//6576 2905//6576
f 3536//6577 2905//6577 2907//6577
f 3536//6578 3532//6578 2903//6578
f 3537//6579 3528//6579 3532//6579
f 3537//6580 3538//6580 3535//6580
f 3537//6581 3539//6581 3538//6581
f 3537//6582 3533//6582 3528//6582
f 3537//6583 3535//6583 3533//6583
f 3540//6584 3536//6584 2907//6584
f 3540//6585 2907//6585 2909//6585
f 3540//6586 2909//6586 2911//6586
f 3541//6587 3536//6587 3540//6587
f 3541//6588 3532//6588 3536//6588
f 3541//6589 3542//6589 3539//6589
f 3541//6590 3543//6590 3542//6590
f 3541//6591 3537//6591 3532//6591
f 3541//6592 3539//6592 3537//6592
f 3544//6593 2911//6593 2913//6593
f 3544//6594 2913//6594 2915//6594
f 3544//6595 3540//6595 2911//6595
f 3545//6596 3540//6596 3544//6596
f 3545//6597 3546//6597 3543//6597
f 3545//6598 3547//6598 3546//6598
f 3545//6599 3541//6599 3540//6599
f 3545//6600 3543//6600 3541//6600
f 3548//6601 3544//6601 2915//6601
f 3548//6602 2915//6602 2917//6602
f 3548//6603 2917//6603 2919//6603
f 3549//6604 3550//6604 3547//6604
f 3549//6605 3551//6605 3550//6605
f 3549//6606 3547//6606 3545//6606
f 3549//6607 3545//6607 3544//6607
f 3552//6608 3548//6608 2919//6608
f 3552//6609 2919//6609 2921//6609
f 3552//6610 2921//6610 2923//6610
f 3553//6611 3548//6611 3552//6611
f 3553//6612 3549//6612 3544//6612
f 3553//6613 3554//6613 3551//6613
f 3553//6614 3555//6614 3554//6614
f 3553//6615 3551//6615 3549//6615
f 3553//6616 3544//6616 3548//6616
f 3556//6617 2923//6617 2925//6617
f 3556//6618 2925//6618 2927//6618
f 3556//6619 3552//6619 2923//6619
f 3557//6620 3553//6620 3552//6620
f 3557//6621 3555//6621 3553//6621
f 3557//6622 3558//6622 3555//6622
f 3557//6623 3559//6623 3558//6623
f 3560//6624 3556//6624 2927//6624
f 3560//6625 2927//6625 2929//6625
f 3560//6626 2929//6626 2931//6626
f 3561//6627 3559//6627 3557//6627
f 3561//6628 3557//6628 3552//6628
f 3561//6629 3556//6629 3560//6629
f 3561//6630 3562//6630 3559//6630
f 3561//6631 3563//6631 3562//6631
f 3561//6632 3552//6632 3556//6632
f 3564//6633 3560//6633 2931//6633
f 3564//6634 2931//6634 2933//6634
f 3564//6635 2933//6635 2935//6635
f 3565//6636 3563//6636 3561//6636
f 3565//6637 3561//6637 3560//6637
f 3565//6638 3566//6638 3563//6638
f 3565//6639 3567//6639 3566//6639
f 3568//6640 2935//6640 2937//6640
f 3568//6641 2937//6641 2939//6641
f 3568//6642 3564//6642 2935//6642
f 3569//6643 3560//6643 3564//6643
f 3569//6644 3565//6644 3560//6644
f 3569//6645 3570//6645 3567//6645
f 3569//6646 3571//6646 3570//6646
f 3569//6647 3567//6647 3565//6647
f 3572//6648 2939//6648 2941//6648
f 3572//6649 2941//6649 2943//6649
f 3572//6650 3568//6650 2939//6650
f 3573//6651 3571//6651 3569//6651
f 3573//6652 3569//6652 3564//6652
f 3573//6653 3564//6653 3568//6653
f 3573//6654 3574//6654 3571//6654
f 3573//6655 3575//6655 3574//6655
f 3576//6656 3572//6656 2943//6656
f 3576//6657 2943//6657 2945//6657
f 3576//6658 2945//6658 2947//6658
f 3577//6659 3575//6659 3573//6659
f 3577//6660 3568//6660 3572//6660
f 3577//6661 3573//6661 3568//6661
f 3577//6662 3578//6662 3575//6662
f 3577//6663 3579//6663 3578//6663
f 3580//6664 2947//6664 2949//6664
f 3580//6665 2949//6665 2951//6665
f 3580//6666 3576//6666 2947//6666
f 3581//6667 3577//6667 3572//6667
f 3581//6668 3582//6668 3579//6668
f 3581//6669 3583//6669 3582//6669
f 3581//6670 3572//6670 3576//6670
f 3581//6671 3579//6671 3577//6671
f 3584//6672 3580//6672 2951//6672
f 3584//6673 2951//6673 2953//6673
f 3584//6674 2953//6674 2955//6674
f 3585//6675 3583//6675 3581//6675
f 3585//6676 3586//6676 3583//6676
f 3585//6677 3587//6677 3586//6677
f 3585//6678 3581//6678 3576//6678
f 3585//6679 3576//6679 3580//6679
f 3588//6680 3584//6680 2955//6680
f 3588//6681 2955//6681 2957//6681
f 3588//6682 2957//6682 2959//6682
f 3589//6683 3585//6683 3580//6683
f 3589//6684 3587//6684 3585//6684
f 3589//6685 3580//6685 3584//6685
f 3589//6686 3590//6686 3587//6686
f 3589//6687 3591//6687 3590//6687
f 3592//6688 2959//6688 2961//6688
f 3592//6689 2961//6689 2963//6689
f 3592//6690 3588//6690 2959//6690
f 3593//6691 3584//6691 3588//6691
f 3593//6692 3591//6692 3589//6692
f 3593//6693 3594//6693 3591//6693
f 3593//6694 3595//6694 3594//6694
f 3593//6695 3589//6695 3584//6695
f 3596//6696 2963//6696 2965//6696
f 3596//6697 2965//6697 2967//6697
f 3596//6698 3592//6698 2963//6698
f 3597//6699 3595//6699 3593//6699
f 3597//6700 3593//6700 3588//6700
f 3597//6701 3588//6701 3592//6701
f 3597//6702 3598//6702 3595//6702
f 3597//6703 3599//6703 3598//6703
f 3600//6704 3596//6704 2967//6704
f 3600//6705 2967//6705 2969//6705
f 3600//6706 2969//6706 2971//6706
f 3601//6707 3592//6707 3596//6707
f 3601//6708 3597//6708 3592//6708
f 3601//6709 3599//6709 3597//6709
f 3601//6710 3602//6710 3599//6710
f 3601//6711 3603//6711 3602//6711
f 3604//6712 3600//6712 2971//6712
f 3604//6713 2971//6713 2973//6713
f 3604//6714 2973//6714 2975//6714
f 3605//6715 3596//6715 3600//6715
f 3605//6716 3603//6716 3601//6716
f 3605//6717 3601//6717 3596//6717
f 3605//6718 3606//6718 3603//6718
f 3605//6719 3607//6719 3606//6719
f 3608//6720 3604//6720 2975//6720
f 3608//6721 2975//6721 2977//6721
f 3608//6722 2977//6722 2979//6722
f 3609//6723 3607//6723 3605//6723
f 3609//6724 3605//6724 3600//6724
f 3609//6725 3600//6725 3604//6725
f 3609//6726 3610//6726 3607//6726
f 3609//6727 3611//6727 3610//6727
f 3612//6728 2979//6728 2981//6728
f 3612//6729 2981//6729 2983//6729
f 3612//6730 3608//6730 2979//6730
f 3613//6731 3611//6731 3609//6731
f 3613//6732 3604//6732 3608//6732
f 3613//6733 3614//6733 3611//6733
f 3613//6734 3615//6734 3614//6734
f 3613//6735 3609//6735 3604//6735
f 3616//6736 3612//6736 2983//6736
f 3616//6737 2983//6737 2985//6737
f 3616//6738 2985//6738 2987//6738
f 3617//6739 3608//6739 3612//6739
f 3617//6740 3613//6740 3608//6740
f 3617//6741 3615//6741 3613//6741
f 3617//6742 3618//6742 3615//6742
f 3617//6743 3619//6743 3618//6743
f 3620//6744 3616//6744 2987//6744
f 3620//6745 2987//6745 2989//6745
f 3620//6746 2989//6746 2991//6746
f 3621//6747 3612//6747 3616//6747
f 3621//6748 3619//6748 3617//6748
f 3621//6749 3617//6749 3612//6749
f 3621//6750 3622//6750 3619//6750
f 3621//6751 3623//6751 3622//6751
f 3624//6752 2991//6752 3054//6752
f 3624//6753 3054//6753 3060//6753
f 3624//6754 3620//6754 2991//6754
f 3625//6755 3623//6755 3621//6755
f 3625//6756 3616//6756 3620//6756
f 3625//6757 3621//6757 3616//6757
f 3625//6758 3626//6758 3623//6758
f 3625//6759 3627//6759 3626//6759
f 3628//6760 3624//6760 3060//6760
f 3628//6761 3060//6761 3066//6761
f 3628//6762 3066//6762 3072//6762
f 3629//6763 3620//6763 3624//6763
f 3629//6764 3625//6764 3620//6764
f 3629//6765 3627//6765 3625//6765
f 3629//6766 3630//6766 3627//6766
f 3629//6767 3631//6767 3630//6767
f 3632//6768 3628//6768 3072//6768
f 3632//6769 3072//6769 3078//6769
f 3632//6770 3078//6770 3084//6770
f 3633//6771 3631//6771 3629//6771
f 3633//6772 3629//6772 3624//6772
f 3633//6773 3628//6773 3632//6773
f 3633//6774 3624//6774 3628//6774
f 3633//6775 3634//6775 3631//6775
f 3633//6776 3635//6776 3634//6776
f 3636//6777 3632//6777 3084//6777
f 3636//6778 3084//6778 3090//6778
f 3636//6779 3090//6779 3096//6779
f 3637//6780 3635//6780 3633//6780
f 3637//6781 3632//6781 3636//6781
f 3637//6782 3633//6782 3632//6782
f 3637//6783 3638//6783 3635//6783
f 3637//6784 3639//6784 3638//6784
f 3640//6785 3636//6785 3096//6785
f 3640//6786 3096//6786 3102//6786
f 3640//6787 3102//6787 3103//6787
f 3641//6788 3637//6788 3636//6788
f 3641//6789 3639//6789 3637//6789
f 3641//6790 3642//6790 3639//6790
f 3641//6791 3643//6791 3642//6791
f 3644//6792 3640//6792 3103//6792
f 3644//6793 3103//6793 3114//6793
f 3644//6794 3114//6794 3120//6794
f 3645//6795 3646//6795 3643//6795
f 3645//6796 3647//6796 3646//6796
f 3645//6797 3643//6797 3641//6797
f 3645//6798 3636//6798 3640//6798
f 3645//6799 3641//6799 3636//6799
f 3648//6800 3644//6800 3120//6800
f 3648//6801 3120//6801 3125//6801
f 3648//6802 3125//6802 3126//6802
f 3649//6803 3650//6803 3647//6803
f 3649//6804 3651//6804 3650//6804
f 3649//6805 3640//6805 3644//6805
f 3649//6806 3645//6806 3640//6806
f 3649//6807 3647//6807 3645//6807
f 3649//6808 3644//6808 3648//6808
f 3652//6809 3648//6809 3126//6809
f 3652//6810 3126//6810 3138//6810
f 3652//6811 3138//6811 3139//6811
f 3653//6812 3654//6812 3651//6812
f 3653//6813 3655//6813 3654//6813
f 3653//6814 3651//6814 3649//6814
f 3653//6815 3649//6815 3648//6815
f 3409//6816 3652//6816 3139//6816
f 3409//6817 3139//6817 3150//6817
f 3409//6818 3150//6818 3148//6818
f 3408//6819 3648//6819 3652//6819
f 3408//6820 3656//6820 3655//6820
f 3408//6821 3410//6821 3656//6821
f 3408//6822 3652//6822 3409//6822
f 3408//6823 3655//6823 3653//6823
f 3408//6824 3653//6824 3648//6824
f 3412//6825 3148//6825 3142//6825
f 3412//6826 3142//6826 3136//6826
f 3412//6827 3409//6827 3148//6827
f 3405//6828 3407//6828 3410//6828
f 3427//6829 3426//6829 3657//6829
f 3657//6830 3426//6830 3658//6830
f 3658//6831 3510//6831 3659//6831
f 3426//6832 3510//6832 3658//6832
f 3659//6833 3511//6833 3660//6833
f 3510//6834 3511//6834 3659//6834
f 3660//6835 3514//6835 3661//6835
f 3511//6836 3514//6836 3660//6836
f 3661//6837 3515//6837 3662//6837
f 3514//6838 3515//6838 3661//6838
f 3662//6839 3518//6839 3663//6839
f 3515//6840 3518//6840 3662//6840
f 3663//6841 3519//6841 3664//6841
f 3518//6842 3519//6842 3663//6842
f 3664//6843 3522//6843 3665//6843
f 3519//6844 3522//6844 3664//6844
f 3665//6845 3523//6845 3666//6845
f 3522//6846 3523//6846 3665//6846
f 3666//6847 3526//6847 3667//6847
f 3523//6848 3526//6848 3666//6848
f 3526//6849 3527//6849 3667//6849
f 3667//6850 3527//6850 3668//6850
f 3527//6851 3530//6851 3668//6851
f 3668//6852 3530//6852 3669//6852
f 3530//6853 3531//6853 3669//6853
f 3669//6854 3531//6854 3670//6854
f 3531//6855 3534//6855 3670//6855
f 3670//6856 3534//6856 3671//6856
f 3534//6857 3535//6857 3671//6857
f 3671//6858 3535//6858 3672//6858
f 3535//6859 3538//6859 3672//6859
f 3672//6860 3538//6860 3673//6860
f 3538//6861 3539//6861 3673//6861
f 3673//6862 3539//6862 3674//6862
f 3539//6863 3542//6863 3674//6863
f 3674//6864 3542//6864 3675//6864
f 3542//6865 3543//6865 3675//6865
f 3675//6866 3543//6866 3676//6866
f 3543//6867 3546//6867 3676//6867
f 3676//6868 3546//6868 3677//6868
f 3546//6869 3547//6869 3677//6869
f 3677//6870 3547//6870 3678//6870
f 3547//6871 3550//6871 3678//6871
f 3678//6872 3550//6872 3679//6872
f 3679//6873 3551//6873 3680//6873
f 3550//6874 3551//6874 3679//6874
f 3680//6875 3554//6875 3681//6875
f 3551//6876 3554//6876 3680//6876
f 3681//6877 3555//6877 3682//6877
f 3554//6878 3555//6878 3681//6878
f 3682//6879 3558//6879 3683//6879
f 3555//6880 3558//6880 3682//6880
f 3683//6881 3559//6881 3684//6881
f 3558//6882 3559//6882 3683//6882
f 3684//6883 3562//6883 3685//6883
f 3559//6884 3562//6884 3684//6884
f 3685//6885 3563//6885 3686//6885
f 3562//6886 3563//6886 3685//6886
f 3686//6887 3566//6887 3687//6887
f 3563//6888 3566//6888 3686//6888
f 3687//6889 3567//6889 3688//6889
f 3566//6890 3567//6890 3687//6890
f 3688//6891 3570//6891 3689//6891
f 3567//6892 3570//6892 3688//6892
f 3689//6893 3571//6893 3690//6893
f 3570//6894 3571//6894 3689//6894
f 3690//6895 3574//6895 3691//6895
f 3571//6896 3574//6896 3690//6896
f 3691//6897 3575//6897 3692//6897
f 3574//6898 3575//6898 3691//6898
f 3692//6899 3578//6899 3693//6899
f 3575//6900 3578//6900 3692//6900
f 3578//6901 3579//6901 3693//6901
f 3693//6902 3579//6902 3694//6902
f 3579//6903 3582//6903 3694//6903
f 3694//6904 3582//6904 3695//6904
f 3582//6905 3583//6905 3695//6905
f 3695//6906 3583//6906 3696//6906
f 3583//6907 3586//6907 3696//6907
f 3696//6908 3586//6908 3697//6908
f 3586//6909 3587//6909 3697//6909
f 3697//6910 3587//6910 3698//6910
f 3587//6911 3590//6911 3698//6911
f 3698//6912 3590//6912 3699//6912
f 3590//6913 3591//6913 3699//6913
f 3699//6914 3591//6914 3700//6914
f 3591//6915 3594//6915 3700//6915
f 3700//6916 3594//6916 3701//6916
f 3594//6917 3595//6917 3701//6917
f 3701//6918 3595//6918 3702//6918
f 3595//6919 3598//6919 3702//6919
f 3702//6920 3598//6920 3703//6920
f 3598//6921 3599//6921 3703//6921
f 3703//6922 3599//6922 3704//6922
f 3599//6923 3602//6923 3704//6923
f 3704//6924 3602//6924 3705//6924
f 3602//6925 3603//6925 3705//6925
f 3705//6926 3603//6926 3706//6926
f 3603//6927 3606//6927 3706//6927
f 3706//6928 3606//6928 3707//6928
f 3606//6929 3607//6929 3707//6929
f 3707//6930 3607//6930 3708//6930
f 3607//6931 3610//6931 3708//6931
f 3708//6932 3610//6932 3709//6932
f 3610//6933 3611//6933 3709//6933
f 3709//6934 3611//6934 3710//6934
f 3611//6935 3614//6935 3710//6935
f 3710//6936 3614//6936 3711//6936
f 3614//6937 3615//6937 3711//6937
f 3711//6938 3615//6938 3712//6938
f 3615//6939 3618//6939 3712//6939
f 3712//6940 3618//6940 3713//6940
f 3618//6941 3619//6941 3713//6941
f 3713//6942 3619//6942 3714//6942
f 3714//6943 3622//6943 3715//6943
f 3619//6944 3622//6944 3714//6944
f 3715//6945 3623//6945 3716//6945
f 3622//6946 3623//6946 3715//6946
f 3716//6947 3626//6947 3717//6947
f 3623//6948 3626//6948 3716//6948
f 3717//6949 3627//6949 3718//6949
f 3626//6950 3627//6950 3717//6950
f 3627//6951 3630//6951 3718//6951
f 3718//6952 3630//6952 3719//6952
f 3630//6953 3631//6953 3719//6953
f 3719//6954 3631//6954 3720//6954
f 3631//6955 3634//6955 3720//6955
f 3720//6956 3634//6956 3721//6956
f 3634//6957 3635//6957 3721//6957
f 3721//6958 3635//6958 3722//6958
f 3635//6959 3638//6959 3722//6959
f 3722//6960 3638//6960 3723//6960
f 3638//6961 3639//6961 3723//6961
f 3723//6962 3639//6962 3724//6962
f 3639//6963 3642//6963 3724//6963
f 3724//6964 3642//6964 3725//6964
f 3642//6965 3643//6965 3725//6965
f 3725//6966 3643//6966 3726//6966
f 3643//6967 3646//6967 3726//6967
f 3726//6968 3646//6968 3727//6968
f 3646//6969 3647//6969 3727//6969
f 3727//6970 3647//6970 3728//6970
f 3647//6971 3650//6971 3728//6971
f 3728//6972 3650//6972 3729//6972
f 3650//6973 3651//6973 3729//6973
f 3729//6974 3651//6974 3730//6974
f 3651//6975 3654//6975 3730//6975
f 3730//6976 3654//6976 3731//6976
f 3731//6977 3655//6977 3732//6977
f 3654//6978 3655//6978 3731//6978
f 3732//6979 3656//6979 3733//6979
f 3655//6980 3656//6980 3732//6980
f 3733//6981 3410//6981 3734//6981
f 3656//6982 3410//6982 3733//6982
f 3734//6983 3407//6983 3735//6983
f 3410//6984 3407//6984 3734//6984
f 3735//6985 3406//6985 3736//6985
f 3407//6986 3406//6986 3735//6986
f 3736//6987 3414//6987 3737//6987
f 3406//6988 3414//6988 3736//6988
f 3737//6989 3415//6989 3738//6989
f 3414//6990 3415//6990 3737//6990
f 3738//6991 3419//6991 3739//6991
f 3415//6992 3419//6992 3738//6992
f 3739//6993 3420//6993 3740//6993
f 3419//6994 3420//6994 3739//6994
f 3740//6995 3423//6995 3741//6995
f 3420//6996 3423//6996 3740//6996
f 3741//6997 3424//6997 3742//6997
f 3423//6998 3424//6998 3741//6998
f 3742//6999 3430//6999 3743//6999
f 3424//7000 3430//7000 3742//7000
f 3743//7001 3431//7001 3744//7001
f 3430//7002 3431//7002 3743//7002
f 3431//7003 3434//7003 3744//7003
f 3744//7004 3434//7004 3745//7004
f 3434//7005 3435//7005 3745//7005
f 3745//7006 3435//7006 3746//7006
f 3435//7007 3438//7007 3746//7007
f 3746//7008 3438//7008 3747//7008
f 3747//7009 3438//7009 3748//7009
f 3438//7010 3439//7010 3748//7010
f 3748//7011 3442//7011 3749//7011
f 3439//7012 3442//7012 3748//7012
f 3749//7013 3443//7013 3750//7013
f 3442//7014 3443//7014 3749//7014
f 3750//7015 3446//7015 3751//7015
f 3443//7016 3446//7016 3750//7016
f 3751//7017 3447//7017 3752//7017
f 3752//7018 3447//7018 3753//7018
f 3446//7019 3447//7019 3751//7019
f 3447//7020 3450//7020 3753//7020
f 3753//7021 3451//7021 3754//7021
f 3450//7022 3451//7022 3753//7022
f 3754//7023 3454//7023 3755//7023
f 3451//7024 3454//7024 3754//7024
f 3755//7025 3455//7025 3756//7025
f 3454//7026 3455//7026 3755//7026
f 3756//7027 3458//7027 3757//7027
f 3455//7028 3458//7028 3756//7028
f 3757//7029 3459//7029 3758//7029
f 3758//7030 3459//7030 3759//7030
f 3458//7031 3459//7031 3757//7031
f 3459//7032 3462//7032 3759//7032
f 3759//7033 3463//7033 3760//7033
f 3462//7034 3463//7034 3759//7034
f 3760//7035 3466//7035 3761//7035
f 3761//7036 3466//7036 3762//7036
f 3463//7037 3466//7037 3760//7037
f 3466//7038 3467//7038 3762//7038
f 3762//7039 3470//7039 3763//7039
f 3763//7040 3470//7040 3764//7040
f 3467//7041 3470//7041 3762//7041
f 3470//7042 3471//7042 3764//7042
f 3764//7043 3474//7043 3765//7043
f 3471//7044 3474//7044 3764//7044
f 3765//7045 3475//7045 3766//7045
f 3766//7046 3475//7046 3767//7046
f 3474//7047 3475//7047 3765//7047
f 3767//7048 3478//7048 3768//7048
f 3475//7049 3478//7049 3767//7049
f 3478//7050 3479//7050 3768//7050
f 3479//7051 3482//7051 3768//7051
f 3768//7052 3482//7052 3769//7052
f 3769//7053 3482//7053 3770//7053
f 3482//7054 3483//7054 3770//7054
f 3770//7055 3483//7055 3771//7055
f 3483//7056 3486//7056 3771//7056
f 3486//7057 3487//7057 3771//7057
f 3771//7058 3487//7058 3772//7058
f 3772//7059 3487//7059 3773//7059
f 3487//7060 3490//7060 3773//7060
f 3773//7061 3490//7061 3774//7061
f 3490//7062 3491//7062 3774//7062
f 3491//7063 3494//7063 3774//7063
f 3774//7064 3494//7064 3775//7064
f 3775//7065 3494//7065 3776//7065
f 3494//7066 3495//7066 3776//7066
f 3776//7067 3495//7067 3777//7067
f 3495//7068 3498//7068 3777//7068
f 3498//7069 3499//7069 3777//7069
f 3777//7070 3499//7070 3778//7070
f 3499//7071 3502//7071 3778//7071
f 3778//7072 3502//7072 3779//7072
f 3779//7073 3502//7073 3780//7073
f 3502//7074 3503//7074 3780//7074
f 3780//7075 3505//7075 3781//7075
f 3503//7076 3505//7076 3780//7076
f 3781//7077 3505//7077 3782//7077
f 3505//7078 3506//7078 3782//7078
f 3782//7079 3427//7079 3657//7079
f 3506//7080 3427//7080 3782//7080
f 3703//7081 3701//7081 3702//7081
f 3704//7082 3701//7082 3703//7082
f 3705//7083 3701//7083 3704//7083
f 3708//7084 3709//7084 3707//7084
f 3701//7085 3699//7085 3700//7085
f 3709//7086 3711//7086 3707//7086
f 3706//7087 3711//7087 3705//7087
f 3707//7088 3711//7088 3706//7088
f 3710//7089 3711//7089 3709//7089
f 3699//7090 3697//7090 3698//7090
f 3696//7091 3694//7091 3695//7091
f 3697//7092 3693//7092 3696//7092
f 3701//7093 3693//7093 3699//7093
f 3696//7094 3693//7094 3694//7094
f 3699//7095 3693//7095 3697//7095
f 3713//7096 3717//7096 3712//7096
f 3714//7097 3717//7097 3713//7097
f 3715//7098 3717//7098 3714//7098
f 3716//7099 3717//7099 3715//7099
f 3691//7100 3689//7100 3690//7100
f 3712//7101 3720//7101 3711//7101
f 3718//7102 3720//7102 3717//7102
f 3719//7103 3720//7103 3718//7103
f 3717//7104 3720//7104 3712//7104
f 3692//7105 3688//7105 3691//7105
f 3693//7106 3688//7106 3692//7106
f 3691//7107 3688//7107 3689//7107
f 3687//7108 3685//7108 3686//7108
f 3688//7109 3685//7109 3687//7109
f 3723//7110 3724//7110 3722//7110
f 3724//7111 3725//7111 3722//7111
f 3725//7112 3726//7112 3722//7112
f 3721//7113 3726//7113 3720//7113
f 3722//7114 3726//7114 3721//7114
f 3720//7115 3726//7115 3711//7115
f 3683//7116 3681//7116 3682//7116
f 3683//7117 3680//7117 3681//7117
f 3728//7118 3729//7118 3727//7118
f 3729//7119 3730//7119 3727//7119
f 3683//7120 3678//7120 3680//7120
f 3680//7121 3678//7121 3679//7121
f 3683//7122 3677//7122 3678//7122
f 3683//7123 3676//7123 3677//7123
f 3684//7124 3676//7124 3683//7124
f 3685//7125 3676//7125 3684//7125
f 3732//7126 3734//7126 3731//7126
f 3733//7127 3734//7127 3732//7127
f 3676//7128 3674//7128 3675//7128
f 3685//7129 3674//7129 3676//7129
f 3735//7130 3736//7130 3734//7130
f 3737//7131 3738//7131 3736//7131
f 3672//7132 3670//7132 3671//7132
f 3673//7133 3670//7133 3672//7133
f 3674//7134 3670//7134 3673//7134
f 3738//7135 3739//7135 3736//7135
f 3674//7136 3669//7136 3670//7136
f 3674//7137 3668//7137 3669//7137
f 3730//7138 3741//7138 3727//7138
f 3734//7139 3741//7139 3731//7139
f 3736//7140 3741//7140 3734//7140
f 3739//7141 3741//7141 3736//7141
f 3731//7142 3741//7142 3730//7142
f 3740//7143 3741//7143 3739//7143
f 3742//7144 3743//7144 3741//7144
f 3667//7145 3665//7145 3666//7145
f 3668//7146 3665//7146 3667//7146
f 3668//7147 3664//7147 3665//7147
f 3688//7148 3663//7148 3685//7148
f 3705//7149 3663//7149 3701//7149
f 3685//7150 3663//7150 3674//7150
f 3668//7151 3663//7151 3664//7151
f 3701//7152 3663//7152 3693//7152
f 3693//7153 3663//7153 3688//7153
f 3674//7154 3663//7154 3668//7154
f 3744//7155 3746//7155 3743//7155
f 3745//7156 3746//7156 3744//7156
f 3711//7157 3662//7157 3705//7157
f 3705//7158 3662//7158 3663//7158
f 3743//7159 3747//7159 3741//7159
f 3746//7160 3747//7160 3743//7160
f 3711//7161 3661//7161 3662//7161
f 3711//7162 3660//7162 3661//7162
f 3748//7163 3749//7163 3747//7163
f 3749//7164 3750//7164 3747//7164
f 3747//7165 3750//7165 3741//7165
f 3711//7166 3658//7166 3660//7166
f 3660//7167 3658//7167 3659//7167
f 3726//7168 3658//7168 3711//7168
f 3727//7169 3658//7169 3726//7169
f 3750//7170 3752//7170 3741//7170
f 3751//7171 3752//7171 3750//7171
f 3658//7172 3782//7172 3657//7172
f 3727//7173 3782//7173 3658//7173
f 3752//7174 3753//7174 3741//7174
f 3754//7175 3755//7175 3753//7175
f 3781//7176 3779//7176 3780//7176
f 3782//7177 3778//7177 3781//7177
f 3781//7178 3778//7178 3779//7178
f 3782//7179 3777//7179 3778//7179
f 3755//7180 3758//7180 3753//7180
f 3753//7181 3758//7181 3741//7181
f 3756//7182 3758//7182 3755//7182
f 3757//7183 3758//7183 3756//7183
f 3777//7184 3775//7184 3776//7184
f 3759//7185 3760//7185 3758//7185
f 3775//7186 3773//7186 3774//7186
f 3761//7187 3762//7187 3760//7187
f 3727//7188 3762//7188 3782//7188
f 3782//7189 3762//7189 3777//7189
f 3760//7190 3762//7190 3758//7190
f 3758//7191 3762//7191 3741//7191
f 3741//7192 3762//7192 3727//7192
f 3775//7193 3772//7193 3773//7193
f 3775//7194 3771//7194 3772//7194
f 3777//7195 3770//7195 3775//7195
f 3775//7196 3770//7196 3771//7196
f 3764//7197 3765//7197 3763//7197
f 3765//7198 3766//7198 3763//7198
f 3770//7199 3768//7199 3769//7199
f 3762//7200 3768//7200 3777//7200
f 3777//7201 3768//7201 3770//7201
f 3763//7202 3767//7202 3762//7202
f 3762//7203 3767//7203 3768//7203
f 3766//7204 3767//7204 3763//7204
f 3783//7205 3784//7205 3246//7205
f 3783//7206 3246//7206 3250//7206
f 3783//7207 3250//7207 3256//7207
f 3785//7208 3786//7208 3787//7208
f 3785//7209 3788//7209 3789//7209
f 3785//7210 3790//7210 3788//7210
f 3785//7211 3789//7211 3786//7211
f 3785//7212 3787//7212 3784//7212
f 3785//7213 3784//7213 3783//7213
f 3791//7214 3783//7214 3256//7214
f 3791//7215 3256//7215 3257//7215
f 3791//7216 3257//7216 3264//7216
f 3792//7217 3188//7217 3180//7217
f 3793//7218 3794//7218 3790//7218
f 3793//7219 3795//7219 3794//7219
f 3793//7220 3790//7220 3785//7220
f 3793//7221 3785//7221 3783//7221
f 3793//7222 3783//7222 3791//7222
f 3796//7223 3791//7223 3264//7223
f 3796//7224 3264//7224 3268//7224
f 3796//7225 3268//7225 3272//7225
f 3797//7226 3793//7226 3791//7226
f 3797//7227 3798//7227 3795//7227
f 3797//7228 3799//7228 3798//7228
f 3797//7229 3791//7229 3796//7229
f 3797//7230 3795//7230 3793//7230
f 3800//7231 3796//7231 3272//7231
f 3800//7232 3272//7232 3273//7232
f 3800//7233 3273//7233 3280//7233
f 3801//7234 3802//7234 3799//7234
f 3801//7235 3803//7235 3802//7235
f 3801//7236 3799//7236 3797//7236
f 3801//7237 3797//7237 3796//7237
f 3801//7238 3796//7238 3800//7238
f 3804//7239 3805//7239 3806//7239
f 3807//7240 3800//7240 3280//7240
f 3807//7241 3280//7241 3281//7241
f 3807//7242 3281//7242 3289//7242
f 3808//7243 3803//7243 3801//7243
f 3808//7244 3809//7244 3803//7244
f 3808//7245 3810//7245 3809//7245
f 3808//7246 3801//7246 3800//7246
f 3811//7247 3807//7247 3289//7247
f 3811//7248 3289//7248 3290//7248
f 3811//7249 3290//7249 3297//7249
f 3812//7250 3813//7250 3810//7250
f 3812//7251 3814//7251 3813//7251
f 3812//7252 3810//7252 3808//7252
f 3812//7253 3800//7253 3807//7253
f 3812//7254 3808//7254 3800//7254
f 3815//7255 3811//7255 3297//7255
f 3815//7256 3297//7256 3298//7256
f 3815//7257 3298//7257 3303//7257
f 3816//7258 3817//7258 3814//7258
f 3816//7259 3818//7259 3817//7259
f 3816//7260 3807//7260 3811//7260
f 3816//7261 3814//7261 3812//7261
f 3816//7262 3811//7262 3815//7262
f 3816//7263 3812//7263 3807//7263
f 3819//7264 3815//7264 3303//7264
f 3819//7265 3303//7265 3310//7265
f 3819//7266 3310//7266 3315//7266
f 3820//7267 3821//7267 3818//7267
f 3820//7268 3822//7268 3821//7268
f 3820//7269 3818//7269 3816//7269
f 3820//7270 3816//7270 3815//7270
f 3820//7271 3815//7271 3819//7271
f 3823//7272 3315//7272 3313//7272
f 3823//7273 3313//7273 3284//7273
f 3823//7274 3819//7274 3315//7274
f 3824//7275 3825//7275 3822//7275
f 3824//7276 3826//7276 3825//7276
f 3824//7277 3822//7277 3820//7277
f 3824//7278 3820//7278 3819//7278
f 3824//7279 3819//7279 3823//7279
f 3827//7280 3284//7280 3237//7280
f 3827//7281 3237//7281 3236//7281
f 3827//7282 3823//7282 3284//7282
f 3828//7283 3829//7283 3826//7283
f 3828//7284 3830//7284 3829//7284
f 3828//7285 3826//7285 3824//7285
f 3828//7286 3824//7286 3823//7286
f 3831//7287 3236//7287 3234//7287
f 3831//7288 3234//7288 3231//7288
f 3831//7289 3827//7289 3236//7289
f 3832//7290 3828//7290 3823//7290
f 3832//7291 3833//7291 3830//7291
f 3832//7292 3834//7292 3833//7292
f 3832//7293 3830//7293 3828//7293
f 3832//7294 3823//7294 3827//7294
f 3835//7295 3231//7295 3230//7295
f 3835//7296 3230//7296 3227//7296
f 3835//7297 3831//7297 3231//7297
f 3836//7298 3832//7298 3827//7298
f 3836//7299 3831//7299 3835//7299
f 3836//7300 3837//7300 3834//7300
f 3836//7301 3838//7301 3837//7301
f 3836//7302 3834//7302 3832//7302
f 3836//7303 3827//7303 3831//7303
f 3839//7304 3227//7304 3226//7304
f 3839//7305 3226//7305 3222//7305
f 3839//7306 3835//7306 3227//7306
f 3840//7307 3838//7307 3836//7307
f 3840//7308 3835//7308 3839//7308
f 3840//7309 3841//7309 3838//7309
f 3840//7310 3842//7310 3841//7310
f 3840//7311 3836//7311 3835//7311
f 3843//7312 3839//7312 3222//7312
f 3843//7313 3222//7313 3221//7313
f 3843//7314 3221//7314 3223//7314
f 3844//7315 3839//7315 3843//7315
f 3844//7316 3842//7316 3840//7316
f 3844//7317 3840//7317 3839//7317
f 3844//7318 3845//7318 3842//7318
f 3844//7319 3846//7319 3845//7319
f 3847//7320 3843//7320 3223//7320
f 3847//7321 3223//7321 3217//7321
f 3847//7322 3217//7322 3216//7322
f 3848//7323 3846//7323 3844//7323
f 3848//7324 3844//7324 3843//7324
f 3848//7325 3849//7325 3846//7325
f 3848//7326 3850//7326 3849//7326
f 3851//7327 3216//7327 3211//7327
f 3851//7328 3211//7328 3210//7328
f 3851//7329 3847//7329 3216//7329
f 3852//7330 3848//7330 3843//7330
f 3852//7331 3843//7331 3847//7331
f 3852//7332 3850//7332 3848//7332
f 3852//7333 3853//7333 3850//7333
f 3852//7334 3854//7334 3853//7334
f 3852//7335 3847//7335 3851//7335
f 3855//7336 3210//7336 3212//7336
f 3855//7337 3212//7337 3204//7337
f 3855//7338 3851//7338 3210//7338
f 3856//7339 3852//7339 3851//7339
f 3856//7340 3854//7340 3852//7340
f 3856//7341 3851//7341 3855//7341
f 3856//7342 3857//7342 3854//7342
f 3856//7343 3858//7343 3857//7343
f 3859//7344 3855//7344 3204//7344
f 3859//7345 3204//7345 3203//7345
f 3859//7346 3203//7346 3205//7346
f 3860//7347 3856//7347 3855//7347
f 3860//7348 3858//7348 3856//7348
f 3860//7349 3861//7349 3858//7349
f 3860//7350 3862//7350 3861//7350
f 3863//7351 3205//7351 3206//7351
f 3863//7352 3206//7352 3197//7352
f 3863//7353 3859//7353 3205//7353
f 3864//7354 3855//7354 3859//7354
f 3864//7355 3862//7355 3860//7355
f 3864//7356 3865//7356 3862//7356
f 3864//7357 3866//7357 3865//7357
f 3864//7358 3859//7358 3863//7358
f 3864//7359 3860//7359 3855//7359
f 3867//7360 3197//7360 3196//7360
f 3867//7361 3196//7361 3198//7361
f 3867//7362 3863//7362 3197//7362
f 3868//7363 3866//7363 3864//7363
f 3868//7364 3869//7364 3866//7364
f 3868//7365 3870//7365 3869//7365
f 3868//7366 3864//7366 3863//7366
f 3871//7367 3198//7367 3190//7367
f 3871//7368 3190//7368 3189//7368
f 3871//7369 3867//7369 3198//7369
f 3872//7370 3863//7370 3867//7370
f 3872//7371 3873//7371 3870//7371
f 3872//7372 3874//7372 3873//7372
f 3872//7373 3868//7373 3863//7373
f 3872//7374 3870//7374 3868//7374
f 3872//7375 3867//7375 3871//7375
f 3875//7376 3871//7376 3189//7376
f 3875//7377 3192//7377 3792//7377
f 3875//7378 3189//7378 3191//7378
f 3875//7379 3191//7379 3192//7379
f 3876//7380 3877//7380 3874//7380
f 3876//7381 3878//7381 3877//7381
f 3876//7382 3874//7382 3872//7382
f 3876//7383 3872//7383 3871//7383
f 3879//7384 3792//7384 3806//7384
f 3879//7385 3875//7385 3792//7385
f 3879//7386 3878//7386 3876//7386
f 3879//7387 3871//7387 3875//7387
f 3879//7388 3880//7388 3878//7388
f 3879//7389 3881//7389 3880//7389
f 3879//7390 3876//7390 3871//7390
f 3879//7391 3806//7391 3881//7391
f 3792//7392 3192//7392 3188//7392
f 3805//7393 3881//7393 3806//7393
f 3882//7394 3180//7394 3179//7394
f 3882//7395 3179//7395 3181//7395
f 3882//7396 3792//7396 3180//7396
f 3883//7397 3181//7397 3182//7397
f 3883//7398 3182//7398 3171//7398
f 3883//7399 3882//7399 3181//7399
f 3884//7400 3806//7400 3792//7400
f 3884//7401 3885//7401 3804//7401
f 3884//7402 3886//7402 3885//7402
f 3884//7403 3792//7403 3882//7403
f 3884//7404 3804//7404 3806//7404
f 3887//7405 3171//7405 3170//7405
f 3887//7406 3170//7406 3172//7406
f 3887//7407 3883//7407 3171//7407
f 3888//7408 3889//7408 3886//7408
f 3888//7409 3890//7409 3889//7409
f 3888//7410 3882//7410 3883//7410
f 3888//7411 3886//7411 3884//7411
f 3888//7412 3884//7412 3882//7412
f 3891//7413 3172//7413 3173//7413
f 3891//7414 3173//7414 3174//7414
f 3891//7415 3887//7415 3172//7415
f 3892//7416 3893//7416 3890//7416
f 3892//7417 3894//7417 3893//7417
f 3892//7418 3883//7418 3887//7418
f 3892//7419 3890//7419 3888//7419
f 3892//7420 3888//7420 3883//7420
f 3895//7421 3174//7421 3164//7421
f 3895//7422 3164//7422 3163//7422
f 3895//7423 3891//7423 3174//7423
f 3896//7424 3897//7424 3894//7424
f 3896//7425 3898//7425 3897//7425
f 3896//7426 3887//7426 3891//7426
f 3896//7427 3894//7427 3892//7427
f 3896//7428 3892//7428 3887//7428
f 3899//7429 3163//7429 3161//7429
f 3899//7430 3161//7430 3160//7430
f 3899//7431 3895//7431 3163//7431
f 3900//7432 3901//7432 3898//7432
f 3900//7433 3902//7433 3901//7433
f 3900//7434 3891//7434 3895//7434
f 3900//7435 3898//7435 3896//7435
f 3900//7436 3896//7436 3891//7436
f 3903//7437 3160//7437 3162//7437
f 3903//7438 3162//7438 3154//7438
f 3903//7439 3899//7439 3160//7439
f 3904//7440 3900//7440 3895//7440
f 3904//7441 3905//7441 3902//7441
f 3904//7442 3906//7442 3905//7442
f 3904//7443 3895//7443 3899//7443
f 3904//7444 3902//7444 3900//7444
f 3907//7445 3154//7445 3151//7445
f 3907//7446 3151//7446 3145//7446
f 3907//7447 3903//7447 3154//7447
f 3908//7448 3903//7448 3907//7448
f 3908//7449 3909//7449 3906//7449
f 3908//7450 3910//7450 3909//7450
f 3908//7451 3899//7451 3903//7451
f 3908//7452 3906//7452 3904//7452
f 3908//7453 3904//7453 3899//7453
f 3911//7454 3145//7454 3144//7454
f 3911//7455 3144//7455 3133//7455
f 3911//7456 3907//7456 3145//7456
f 3912//7457 3913//7457 3910//7457
f 3912//7458 3914//7458 3913//7458
f 3912//7459 3908//7459 3907//7459
f 3912//7460 3910//7460 3908//7460
f 3915//7461 3133//7461 3128//7461
f 3915//7462 3128//7462 3121//7462
f 3915//7463 3911//7463 3133//7463
f 3916//7464 3912//7464 3907//7464
f 3916//7465 3914//7465 3912//7465
f 3916//7466 3917//7466 3914//7466
f 3916//7467 3918//7467 3917//7467
f 3916//7468 3907//7468 3911//7468
f 3919//7469 3121//7469 3115//7469
f 3919//7470 3115//7470 3109//7470
f 3919//7471 3915//7471 3121//7471
f 3920//7472 3911//7472 3915//7472
f 3920//7473 3915//7473 3919//7473
f 3920//7474 3921//7474 3918//7474
f 3920//7475 3922//7475 3921//7475
f 3920//7476 3916//7476 3911//7476
f 3920//7477 3918//7477 3916//7477
f 3923//7478 3919//7478 3109//7478
f 3923//7479 3109//7479 3104//7479
f 3923//7480 3104//7480 3097//7480
f 3924//7481 3925//7481 3922//7481
f 3924//7482 3926//7482 3925//7482
f 3924//7483 3922//7483 3920//7483
f 3924//7484 3920//7484 3919//7484
f 3927//7485 3923//7485 3097//7485
f 3927//7486 3097//7486 3091//7486
f 3927//7487 3091//7487 3085//7487
f 3928//7488 3924//7488 3919//7488
f 3928//7489 3929//7489 3926//7489
f 3928//7490 3930//7490 3929//7490
f 3928//7491 3926//7491 3924//7491
f 3928//7492 3919//7492 3923//7492
f 3931//7493 3085//7493 3079//7493
f 3931//7494 3079//7494 3073//7494
f 3931//7495 3927//7495 3085//7495
f 3932//7496 3930//7496 3928//7496
f 3932//7497 3927//7497 3931//7497
f 3932//7498 3933//7498 3930//7498
f 3932//7499 3934//7499 3933//7499
f 3932//7500 3928//7500 3923//7500
f 3932//7501 3923//7501 3927//7501
f 3935//7502 3073//7502 3067//7502
f 3935//7503 3067//7503 3061//7503
f 3935//7504 3931//7504 3073//7504
f 3936//7505 3934//7505 3932//7505
f 3936//7506 3937//7506 3934//7506
f 3936//7507 3938//7507 3937//7507
f 3936//7508 3932//7508 3931//7508
f 3939//7509 3061//7509 3055//7509
f 3939//7510 3055//7510 3049//7510
f 3939//7511 3935//7511 3061//7511
f 3940//7512 3938//7512 3936//7512
f 3940//7513 3931//7513 3935//7513
f 3940//7514 3936//7514 3931//7514
f 3940//7515 3941//7515 3938//7515
f 3940//7516 3942//7516 3941//7516
f 3943//7517 3049//7517 3044//7517
f 3943//7518 3044//7518 3040//7518
f 3943//7519 3939//7519 3049//7519
f 3944//7520 3935//7520 3939//7520
f 3944//7521 3940//7521 3935//7521
f 3944//7522 3942//7522 3940//7522
f 3944//7523 3945//7523 3942//7523
f 3944//7524 3946//7524 3945//7524
f 3947//7525 3040//7525 3036//7525
f 3947//7526 3036//7526 3032//7526
f 3947//7527 3943//7527 3040//7527
f 3948//7528 3946//7528 3944//7528
f 3948//7529 3939//7529 3943//7529
f 3948//7530 3943//7530 3947//7530
f 3948//7531 3949//7531 3946//7531
f 3948//7532 3950//7532 3949//7532
f 3948//7533 3944//7533 3939//7533
f 3951//7534 3947//7534 3032//7534
f 3951//7535 3032//7535 3028//7535
f 3951//7536 3028//7536 3024//7536
f 3952//7537 3950//7537 3948//7537
f 3952//7538 3953//7538 3950//7538
f 3952//7539 3954//7539 3953//7539
f 3952//7540 3948//7540 3947//7540
f 3952//7541 3947//7541 3951//7541
f 3955//7542 3024//7542 3020//7542
f 3955//7543 3020//7543 3016//7543
f 3955//7544 3951//7544 3024//7544
f 3956//7545 3957//7545 3954//7545
f 3956//7546 3958//7546 3957//7546
f 3956//7547 3952//7547 3951//7547
f 3956//7548 3954//7548 3952//7548
f 3959//7549 3016//7549 3012//7549
f 3959//7550 3012//7550 3008//7550
f 3959//7551 3955//7551 3016//7551
f 3960//7552 3956//7552 3951//7552
f 3960//7553 3951//7553 3955//7553
f 3960//7554 3958//7554 3956//7554
f 3960//7555 3961//7555 3958//7555
f 3960//7556 3962//7556 3961//7556
f 3960//7557 3955//7557 3959//7557
f 3963//7558 3959//7558 3008//7558
f 3963//7559 3008//7559 3004//7559
f 3963//7560 3004//7560 3000//7560
f 3964//7561 3960//7561 3959//7561
f 3964//7562 3962//7562 3960//7562
f 3964//7563 3965//7563 3962//7563
f 3964//7564 3966//7564 3965//7564
f 3964//7565 3959//7565 3963//7565
f 3967//7566 3963//7566 3000//7566
f 3967//7567 3000//7567 2996//7567
f 3967//7568 2996//7568 2992//7568
f 3968//7569 3964//7569 3963//7569
f 3968//7570 3966//7570 3964//7570
f 3968//7571 3969//7571 3966//7571
f 3968//7572 3970//7572 3969//7572
f 3971//7573 3967//7573 2992//7573
f 3971//7574 2992//7574 2993//7574
f 3971//7575 2993//7575 2998//7575
f 3972//7576 3968//7576 3963//7576
f 3972//7577 3963//7577 3967//7577
f 3972//7578 3970//7578 3968//7578
f 3972//7579 3973//7579 3970//7579
f 3972//7580 3974//7580 3973//7580
f 3975//7581 3971//7581 2998//7581
f 3975//7582 2998//7582 3002//7582
f 3975//7583 3002//7583 3006//7583
f 3976//7584 3967//7584 3971//7584
f 3976//7585 3977//7585 3974//7585
f 3976//7586 3978//7586 3977//7586
f 3976//7587 3974//7587 3972//7587
f 3976//7588 3972//7588 3967//7588
f 3979//7589 3975//7589 3006//7589
f 3979//7590 3006//7590 3010//7590
f 3979//7591 3010//7591 3014//7591
f 3980//7592 3978//7592 3976//7592
f 3980//7593 3971//7593 3975//7593
f 3980//7594 3976//7594 3971//7594
f 3980//7595 3981//7595 3978//7595
f 3980//7596 3982//7596 3981//7596
f 3983//7597 3979//7597 3014//7597
f 3983//7598 3014//7598 3018//7598
f 3983//7599 3018//7599 3022//7599
f 3984//7600 3975//7600 3979//7600
f 3984//7601 3982//7601 3980//7601
f 3984//7602 3980//7602 3975//7602
f 3984//7603 3985//7603 3982//7603
f 3984//7604 3986//7604 3985//7604
f 3987//7605 3022//7605 3026//7605
f 3987//7606 3026//7606 3030//7606
f 3987//7607 3983//7607 3022//7607
f 3988//7608 3984//7608 3979//7608
f 3988//7609 3989//7609 3986//7609
f 3988//7610 3990//7610 3989//7610
f 3988//7611 3979//7611 3983//7611
f 3988//7612 3986//7612 3984//7612
f 3991//7613 3030//7613 3034//7613
f 3991//7614 3034//7614 3038//7614
f 3991//7615 3987//7615 3030//7615
f 3992//7616 3983//7616 3987//7616
f 3992//7617 3988//7617 3983//7617
f 3992//7618 3993//7618 3990//7618
f 3992//7619 3990//7619 3988//7619
f 3992//7620 3994//7620 3993//7620
f 3995//7621 3991//7621 3038//7621
f 3995//7622 3038//7622 3042//7622
f 3995//7623 3042//7623 3046//7623
f 3996//7624 3994//7624 3992//7624
f 3996//7625 3987//7625 3991//7625
f 3996//7626 3992//7626 3987//7626
f 3996//7627 3997//7627 3994//7627
f 3996//7628 3998//7628 3997//7628
f 3999//7629 3046//7629 3051//7629
f 3999//7630 3051//7630 3057//7630
f 3999//7631 3995//7631 3046//7631
f 4000//7632 3991//7632 3995//7632
f 4000//7633 3996//7633 3991//7633
f 4000//7634 3998//7634 3996//7634
f 4000//7635 4001//7635 3998//7635
f 4000//7636 4002//7636 4001//7636
f 4003//7637 3999//7637 3057//7637
f 4003//7638 3057//7638 3063//7638
f 4003//7639 3063//7639 3069//7639
f 4004//7640 4002//7640 4000//7640
f 4004//7641 3995//7641 3999//7641
f 4004//7642 4005//7642 4002//7642
f 4004//7643 4006//7643 4005//7643
f 4004//7644 4000//7644 3995//7644
f 4007//7645 4003//7645 3069//7645
f 4007//7646 3069//7646 3075//7646
f 4007//7647 3075//7647 3081//7647
f 4008//7648 4003//7648 4007//7648
f 4008//7649 4006//7649 4004//7649
f 4008//7650 4004//7650 3999//7650
f 4008//7651 3999//7651 4003//7651
f 4008//7652 4009//7652 4006//7652
f 4008//7653 4010//7653 4009//7653
f 4011//7654 4007//7654 3081//7654
f 4011//7655 3081//7655 3087//7655
f 4011//7656 3087//7656 3093//7656
f 4012//7657 4010//7657 4008//7657
f 4012//7658 4008//7658 4007//7658
f 4012//7659 4013//7659 4010//7659
f 4012//7660 4014//7660 4013//7660
f 4015//7661 4011//7661 3093//7661
f 4015//7662 3093//7662 3099//7662
f 4015//7663 3099//7663 3106//7663
f 4016//7664 4012//7664 4007//7664
f 4016//7665 4014//7665 4012//7665
f 4016//7666 4007//7666 4011//7666
f 4016//7667 4017//7667 4014//7667
f 4016//7668 4018//7668 4017//7668
f 4019//7669 4015//7669 3106//7669
f 4019//7670 3106//7670 3111//7670
f 4019//7671 3111//7671 3117//7671
f 4020//7672 4021//7672 4018//7672
f 4020//7673 4022//7673 4021//7673
f 4020//7674 4016//7674 4011//7674
f 4020//7675 4018//7675 4016//7675
f 4020//7676 4011//7676 4015//7676
f 4023//7677 4019//7677 3117//7677
f 4023//7678 3117//7678 3122//7678
f 4023//7679 3122//7679 3130//7679
f 4024//7680 4025//7680 4022//7680
f 4024//7681 4026//7681 4025//7681
f 4024//7682 4020//7682 4015//7682
f 4024//7683 4019//7683 4023//7683
f 4024//7684 4022//7684 4020//7684
f 4024//7685 4015//7685 4019//7685
f 4027//7686 4023//7686 3130//7686
f 4027//7687 3130//7687 3135//7687
f 4027//7688 3135//7688 3141//7688
f 4028//7689 4029//7689 4026//7689
f 4028//7690 4030//7690 4029//7690
f 4028//7691 4026//7691 4024//7691
f 4028//7692 4024//7692 4023//7692
f 3787//7693 4027//7693 3141//7693
f 3787//7694 3141//7694 3147//7694
f 3787//7695 3147//7695 3152//7695
f 4031//7696 4032//7696 4030//7696
f 4031//7697 4033//7697 4032//7697
f 4031//7698 4027//7698 3787//7698
f 4031//7699 4030//7699 4028//7699
f 4031//7700 4028//7700 4023//7700
f 4031//7701 4023//7701 4027//7701
f 3784//7702 3152//7702 3242//7702
f 3784//7703 3242//7703 3246//7703
f 3784//7704 3787//7704 3152//7704
f 3786//7705 4034//7705 4033//7705
f 3786//7706 3789//7706 4034//7706
f 3786//7707 4033//7707 4031//7707
f 3786//7708 4031//7708 3787//7708
f 3805//7709 3804//7709 4035//7709
f 4035//7710 3804//7710 4036//7710
f 4036//7711 3885//7711 4037//7711
f 3804//7712 3885//7712 4036//7712
f 4037//7713 3886//7713 4038//7713
f 3885//7714 3886//7714 4037//7714
f 4038//7715 3889//7715 4039//7715
f 3886//7716 3889//7716 4038//7716
f 4039//7717 3890//7717 4040//7717
f 3889//7718 3890//7718 4039//7718
f 4040//7719 3893//7719 4041//7719
f 3890//7720 3893//7720 4040//7720
f 4041//7721 3894//7721 4042//7721
f 3893//7722 3894//7722 4041//7722
f 4042//7723 3897//7723 4043//7723
f 3894//7724 3897//7724 4042//7724
f 4043//7725 3898//7725 4044//7725
f 3897//7726 3898//7726 4043//7726
f 4044//7727 3901//7727 4045//7727
f 3898//7728 3901//7728 4044//7728
f 3901//7729 3902//7729 4045//7729
f 4045//7730 3902//7730 4046//7730
f 3902//7731 3905//7731 4046//7731
f 4046//7732 3905//7732 4047//7732
f 3905//7733 3906//7733 4047//7733
f 4047//7734 3906//7734 4048//7734
f 3906//7735 3909//7735 4048//7735
f 4048//7736 3909//7736 4049//7736
f 4049//7737 3910//7737 4050//7737
f 3909//7738 3910//7738 4049//7738
f 4050//7739 3913//7739 4051//7739
f 3910//7740 3913//7740 4050//7740
f 4051//7741 3914//7741 4052//7741
f 3913//7742 3914//7742 4051//7742
f 4052//7743 3917//7743 4053//7743
f 3914//7744 3917//7744 4052//7744
f 4053//7745 3918//7745 4054//7745
f 3917//7746 3918//7746 4053//7746
f 4054//7747 3921//7747 4055//7747
f 3918//7748 3921//7748 4054//7748
f 4055//7749 3922//7749 4056//7749
f 3921//7750 3922//7750 4055//7750
f 4056//7751 3925//7751 4057//7751
f 3922//7752 3925//7752 4056//7752
f 4057//7753 3926//7753 4058//7753
f 3925//7754 3926//7754 4057//7754
f 4058//7755 3929//7755 4059//7755
f 3926//7756 3929//7756 4058//7756
f 4059//7757 3930//7757 4060//7757
f 3929//7758 3930//7758 4059//7758
f 4060//7759 3933//7759 4061//7759
f 3930//7760 3933//7760 4060//7760
f 4061//7761 3934//7761 4062//7761
f 3933//7762 3934//7762 4061//7762
f 4062//7763 3937//7763 4063//7763
f 3934//7764 3937//7764 4062//7764
f 4063//7765 3938//7765 4064//7765
f 3937//7766 3938//7766 4063//7766
f 4064//7767 3941//7767 4065//7767
f 3938//7768 3941//7768 4064//7768
f 4065//7769 3942//7769 4066//7769
f 3941//7770 3942//7770 4065//7770
f 4066//7771 3945//7771 4067//7771
f 3942//7772 3945//7772 4066//7772
f 4067//7773 3946//7773 4068//7773
f 3945//7774 3946//7774 4067//7774
f 4068//7775 3949//7775 4069//7775
f 3946//7776 3949//7776 4068//7776
f 4069//7777 3950//7777 4070//7777
f 3949//7778 3950//7778 4069//7778
f 4070//7779 3953//7779 4071//7779
f 3950//7780 3953//7780 4070//7780
f 3953//7781 3954//7781 4071//7781
f 4071//7782 3954//7782 4072//7782
f 3954//7783 3957//7783 4072//7783
f 4072//7784 3957//7784 4073//7784
f 3957//7785 3958//7785 4073//7785
f 4073//7786 3958//7786 4074//7786
f 3958//7787 3961//7787 4074//7787
f 4074//7788 3961//7788 4075//7788
f 3961//7789 3962//7789 4075//7789
f 4075//7790 3962//7790 4076//7790
f 3962//7791 3965//7791 4076//7791
f 4076//7792 3965//7792 4077//7792
f 3965//7793 3966//7793 4077//7793
f 4077//7794 3966//7794 4078//7794
f 3966//7795 3969//7795 4078//7795
f 4078//7796 3969//7796 4079//7796
f 3969//7797 3970//7797 4079//7797
f 4079//7798 3970//7798 4080//7798
f 3970//7799 3973//7799 4080//7799
f 4080//7800 3973//7800 4081//7800
f 3973//7801 3974//7801 4081//7801
f 4081//7802 3974//7802 4082//7802
f 4082//7803 3977//7803 4083//7803
f 3974//7804 3977//7804 4082//7804
f 4083//7805 3978//7805 4084//7805
f 3977//7806 3978//7806 4083//7806
f 4084//7807 3981//7807 4085//7807
f 3978//7808 3981//7808 4084//7808
f 4085//7809 3982//7809 4086//7809
f 3981//7810 3982//7810 4085//7810
f 4086//7811 3985//7811 4087//7811
f 3982//7812 3985//7812 4086//7812
f 4087//7813 3986//7813 4088//7813
f 3985//7814 3986//7814 4087//7814
f 4088//7815 3989//7815 4089//7815
f 3986//7816 3989//7816 4088//7816
f 4089//7817 3990//7817 4090//7817
f 3989//7818 3990//7818 4089//7818
f 4090//7819 3993//7819 4091//7819
f 3990//7820 3993//7820 4090//7820
f 4091//7821 3994//7821 4092//7821
f 4092//7822 3994//7822 4093//7822
f 3993//7823 3994//7823 4091//7823
f 3994//7824 3997//7824 4093//7824
f 4093//7825 3998//7825 4094//7825
f 4094//7826 3998//7826 4095//7826
f 3997//7827 3998//7827 4093//7827
f 4095//7828 4001//7828 4096//7828
f 3998//7829 4001//7829 4095//7829
f 4096//7830 4002//7830 4097//7830
f 4001//7831 4002//7831 4096//7831
f 4002//7832 4005//7832 4097//7832
f 4005//7833 4006//7833 4097//7833
f 4097//7834 4006//7834 4098//7834
f 4006//7835 4009//7835 4098//7835
f 4098//7836 4009//7836 4099//7836
f 4099//7837 4009//7837 4100//7837
f 4009//7838 4010//7838 4100//7838
f 4010//7839 4013//7839 4100//7839
f 4100//7840 4013//7840 4101//7840
f 4013//7841 4014//7841 4101//7841
f 4101//7842 4014//7842 4102//7842
f 4014//7843 4017//7843 4102//7843
f 4102//7844 4017//7844 4103//7844
f 4017//7845 4018//7845 4103//7845
f 4103//7846 4018//7846 4104//7846
f 4104//7847 4018//7847 4105//7847
f 4018//7848 4021//7848 4105//7848
f 4105//7849 4021//7849 4106//7849
f 4021//7850 4022//7850 4106//7850
f 4022//7851 4025//7851 4106//7851
f 4106//7852 4025//7852 4107//7852
f 4025//7853 4026//7853 4107//7853
f 4107//7854 4026//7854 4108//7854
f 4026//7855 4029//7855 4108//7855
f 4108//7856 4029//7856 4109//7856
f 4029//7857 4030//7857 4109//7857
f 4109//7858 4030//7858 4110//7858
f 4030//7859 4032//7859 4110//7859
f 4110//7860 4032//7860 4111//7860
f 4032//7861 4033//7861 4111//7861
f 4111//7862 4033//7862 4112//7862
f 4033//7863 4034//7863 4112//7863
f 4112//7864 4034//7864 4113//7864
f 4113//7865 4034//7865 4114//7865
f 4034//7866 3789//7866 4114//7866
f 3789//7867 3788//7867 4114//7867
f 4114//7868 3788//7868 4115//7868
f 3788//7869 3790//7869 4115//7869
f 4115//7870 3790//7870 4116//7870
f 4116//7871 3790//7871 4117//7871
f 3790//7872 3794//7872 4117//7872
f 4117//7873 3795//7873 4118//7873
f 3794//7874 3795//7874 4117//7874
f 4118//7875 3795//7875 4119//7875
f 4119//7876 3798//7876 4120//7876
f 3795//7877 3798//7877 4119//7877
f 3798//7878 3799//7878 4120//7878
f 4120//7879 3802//7879 4121//7879
f 4121//7880 3802//7880 4122//7880
f 3799//7881 3802//7881 4120//7881
f 3802//7882 3803//7882 4122//7882
f 4122//7883 3803//7883 4123//7883
f 3803//7884 3809//7884 4123//7884
f 3809//7885 3810//7885 4123//7885
f 4123//7886 3810//7886 4124//7886
f 4124//7887 3810//7887 4125//7887
f 3810//7888 3813//7888 4125//7888
f 4125//7889 3813//7889 4126//7889
f 3813//7890 3814//7890 4126//7890
f 4126//7891 3814//7891 4127//7891
f 3814//7892 3817//7892 4127//7892
f 3817//7893 3818//7893 4127//7893
f 4127//7894 3818//7894 4128//7894
f 3818//7895 3821//7895 4128//7895
f 4128//7896 3821//7896 4129//7896
f 3821//7897 3822//7897 4129//7897
f 4129//7898 3822//7898 4130//7898
f 4130//7899 3822//7899 4131//7899
f 3822//7900 3825//7900 4131//7900
f 4131//7901 3825//7901 4132//7901
f 3825//7902 3826//7902 4132//7902
f 3826//7903 3829//7903 4132//7903
f 4132//7904 3829//7904 4133//7904
f 4133//7905 3829//7905 4134//7905
f 3829//7906 3830//7906 4134//7906
f 4134//7907 3833//7907 4135//7907
f 3830//7908 3833//7908 4134//7908
f 4135//7909 3834//7909 4136//7909
f 4136//7910 3834//7910 4137//7910
f 3833//7911 3834//7911 4135//7911
f 4137//7912 3837//7912 4138//7912
f 3834//7913 3837//7913 4137//7913
f 3837//7914 3838//7914 4138//7914
f 4138//7915 3841//7915 4139//7915
f 3838//7916 3841//7916 4138//7916
f 4139//7917 3842//7917 4140//7917
f 3841//7918 3842//7918 4139//7918
f 4140//7919 3845//7919 4141//7919
f 3842//7920 3845//7920 4140//7920
f 4141//7921 3846//7921 4142//7921
f 3845//7922 3846//7922 4141//7922
f 4142//7923 3849//7923 4143//7923
f 3846//7924 3849//7924 4142//7924
f 4143//7925 3850//7925 4144//7925
f 3849//7926 3850//7926 4143//7926
f 4144//7927 3853//7927 4145//7927
f 3850//7928 3853//7928 4144//7928
f 4145//7929 3854//7929 4146//7929
f 3853//7930 3854//7930 4145//7930
f 3854//7931 3857//7931 4146//7931
f 4146//7932 3857//7932 4147//7932
f 3857//7933 3858//7933 4147//7933
f 4147//7934 3858//7934 4148//7934
f 3858//7935 3861//7935 4148//7935
f 4148//7936 3861//7936 4149//7936
f 3861//7937 3862//7937 4149//7937
f 4149//7938 3862//7938 4150//7938
f 3862//7939 3865//7939 4150//7939
f 4150//7940 3865//7940 4151//7940
f 4151//7941 3866//7941 4152//7941
f 4152//7942 3866//7942 4153//7942
f 3865//7943 3866//7943 4151//7943
f 3866//7944 3869//7944 4153//7944
f 4153//7945 3870//7945 4154//7945
f 3869//7946 3870//7946 4153//7946
f 4154//7947 3873//7947 4155//7947
f 4155//7948 3873//7948 4156//7948
f 3870//7949 3873//7949 4154//7949
f 3873//7950 3874//7950 4156//7950
f 4156//7951 3877//7951 4157//7951
f 3874//7952 3877//7952 4156//7952
f 4157//7953 3878//7953 4158//7953
f 3877//7954 3878//7954 4157//7954
f 4158//7955 3880//7955 4159//7955
f 3878//7956 3880//7956 4158//7956
f 4159//7957 3881//7957 4160//7957
f 3880//7958 3881//7958 4159//7958
f 4160//7959 3805//7959 4035//7959
f 3881//7960 3805//7960 4160//7960
f 4081//7961 4079//7961 4080//7961
f 4082//7962 4079//7962 4081//7962
f 4083//7963 4079//7963 4082//7963
f 4086//7964 4087//7964 4085//7964
f 4079//7965 4077//7965 4078//7965
f 4087//7966 4089//7966 4085//7966
f 4084//7967 4089//7967 4083//7967
f 4085//7968 4089//7968 4084//7968
f 4088//7969 4089//7969 4087//7969
f 4077//7970 4075//7970 4076//7970
f 4074//7971 4072//7971 4073//7971
f 4075//7972 4071//7972 4074//7972
f 4079//7973 4071//7973 4077//7973
f 4074//7974 4071//7974 4072//7974
f 4077//7975 4071//7975 4075//7975
f 4091//7976 4095//7976 4090//7976
f 4092//7977 4095//7977 4091//7977
f 4093//7978 4095//7978 4092//7978
f 4094//7979 4095//7979 4093//7979
f 4069//7980 4067//7980 4068//7980
f 4090//7981 4098//7981 4089//7981
f 4096//7982 4098//7982 4095//7982
f 4097//7983 4098//7983 4096//7983
f 4095//7984 4098//7984 4090//7984
f 4070//7985 4066//7985 4069//7985
f 4071//7986 4066//7986 4070//7986
f 4069//7987 4066//7987 4067//7987
f 4065//7988 4063//7988 4064//7988
f 4066//7989 4063//7989 4065//7989
f 4101//7990 4102//7990 4100//7990
f 4102//7991 4103//7991 4100//7991
f 4103//7992 4104//7992 4100//7992
f 4099//7993 4104//7993 4098//7993
f 4100//7994 4104//7994 4099//7994
f 4098//7995 4104//7995 4089//7995
f 4061//7996 4059//7996 4060//7996
f 4061//7997 4058//7997 4059//7997
f 4106//7998 4107//7998 4105//7998
f 4107//7999 4108//7999 4105//7999
f 4061//8000 4056//8000 4058//8000
f 4058//8001 4056//8001 4057//8001
f 4061//8002 4055//8002 4056//8002
f 4061//8003 4054//8003 4055//8003
f 4062//8004 4054//8004 4061//8004
f 4063//8005 4054//8005 4062//8005
f 4110//8006 4112//8006 4109//8006
f 4111//8007 4112//8007 4110//8007
f 4054//8008 4052//8008 4053//8008
f 4063//8009 4052//8009 4054//8009
f 4113//8010 4114//8010 4112//8010
f 4115//8011 4116//8011 4114//8011
f 4050//8012 4048//8012 4049//8012
f 4051//8013 4048//8013 4050//8013
f 4052//8014 4048//8014 4051//8014
f 4116//8015 4117//8015 4114//8015
f 4052//8016 4047//8016 4048//8016
f 4052//8017 4046//8017 4047//8017
f 4108//8018 4119//8018 4105//8018
f 4112//8019 4119//8019 4109//8019
f 4114//8020 4119//8020 4112//8020
f 4117//8021 4119//8021 4114//8021
f 4109//8022 4119//8022 4108//8022
f 4118//8023 4119//8023 4117//8023
f 4120//8024 4121//8024 4119//8024
f 4045//8025 4043//8025 4044//8025
f 4046//8026 4043//8026 4045//8026
f 4046//8027 4042//8027 4043//8027
f 4066//8028 4041//8028 4063//8028
f 4083//8029 4041//8029 4079//8029
f 4063//8030 4041//8030 4052//8030
f 4046//8031 4041//8031 4042//8031
f 4079//8032 4041//8032 4071//8032
f 4071//8033 4041//8033 4066//8033
f 4052//8034 4041//8034 4046//8034
f 4122//8035 4124//8035 4121//8035
f 4123//8036 4124//8036 4122//8036
f 4089//8037 4040//8037 4083//8037
f 4083//8038 4040//8038 4041//8038
f 4121//8039 4125//8039 4119//8039
f 4124//8040 4125//8040 4121//8040
f 4089//8041 4039//8041 4040//8041
f 4089//8042 4038//8042 4039//8042
f 4126//8043 4127//8043 4125//8043
f 4127//8044 4128//8044 4125//8044
f 4125//8045 4128//8045 4119//8045
f 4089//8046 4036//8046 4038//8046
f 4038//8047 4036//8047 4037//8047
f 4104//8048 4036//8048 4089//8048
f 4105//8049 4036//8049 4104//8049
f 4128//8050 4130//8050 4119//8050
f 4129//8051 4130//8051 4128//8051
f 4036//8052 4160//8052 4035//8052
f 4105//8053 4160//8053 4036//8053
f 4130//8054 4131//8054 4119//8054
f 4132//8055 4133//8055 4131//8055
f 4159//8056 4157//8056 4158//8056
f 4160//8057 4156//8057 4159//8057
f 4159//8058 4156//8058 4157//8058
f 4160//8059 4155//8059 4156//8059
f 4133//8060 4136//8060 4131//8060
f 4131//8061 4136//8061 4119//8061
f 4134//8062 4136//8062 4133//8062
f 4135//8063 4136//8063 4134//8063
f 4155//8064 4153//8064 4154//8064
f 4137//8065 4138//8065 4136//8065
f 4153//8066 4151//8066 4152//8066
f 4139//8067 4140//8067 4138//8067
f 4105//8068 4140//8068 4160//8068
f 4160//8069 4140//8069 4155//8069
f 4138//8070 4140//8070 4136//8070
f 4136//8071 4140//8071 4119//8071
f 4119//8072 4140//8072 4105//8072
f 4153//8073 4150//8073 4151//8073
f 4153//8074 4149//8074 4150//8074
f 4155//8075 4148//8075 4153//8075
f 4153//8076 4148//8076 4149//8076
f 4142//8077 4143//8077 4141//8077
f 4143//8078 4144//8078 4141//8078
f 4148//8079 4146//8079 4147//8079
f 4140//8080 4146//8080 4155//8080
f 4155//8081 4146//8081 4148//8081
f 4141//8082 4145//8082 4140//8082
f 4140//8083 4145//8083 4146//8083
f 4144//8084 4145//8084 4141//8084
f 4161//8085 4162//8085 3244//8085
f 3244//8086 4162//8086 3248//8086
f 3248//8087 4162//8087 3252//8087
f 4163//8088 4164//8088 4165//8088
f 4166//8089 4164//8089 4163//8089
f 4161//8090 4164//8090 4162//8090
f 4165//8091 4164//8091 4167//8091
f 4168//8092 4164//8092 4161//8092
f 4167//8093 4164//8093 4168//8093
f 4162//8094 4169//8094 3252//8094
f 3252//8095 4169//8095 3259//8095
f 3259//8096 4169//8096 3262//8096
f 3183//8097 4170//8097 3184//8097
f 4164//8098 4171//8098 4162//8098
f 4172//8099 4171//8099 4166//8099
f 4173//8100 4171//8100 4172//8100
f 4166//8101 4171//8101 4164//8101
f 4169//8102 4174//8102 3262//8102
f 3262//8103 4174//8103 3266//8103
f 3266//8104 4174//8104 3270//8104
f 4171//8105 4175//8105 4162//8105
f 4176//8106 4175//8106 4173//8106
f 4177//8107 4175//8107 4176//8107
f 4162//8108 4175//8108 4169//8108
f 4169//8109 4175//8109 4174//8109
f 4173//8110 4175//8110 4171//8110
f 4174//8111 4178//8111 3270//8111
f 3270//8112 4178//8112 3275//8112
f 3275//8113 4178//8113 3278//8113
f 4179//8114 4180//8114 4177//8114
f 4181//8115 4180//8115 4179//8115
f 4175//8116 4180//8116 4174//8116
f 4177//8117 4180//8117 4175//8117
f 4174//8118 4180//8118 4178//8118
f 4178//8119 4182//8119 3278//8119
f 4183//8120 4184//8120 4185//8120
f 3278//8121 4182//8121 3283//8121
f 3283//8122 4182//8122 3287//8122
f 4186//8123 4187//8123 4181//8123
f 4188//8124 4187//8124 4186//8124
f 4180//8125 4187//8125 4178//8125
f 4181//8126 4187//8126 4180//8126
f 4182//8127 4189//8127 3287//8127
f 3287//8128 4189//8128 3292//8128
f 3292//8129 4189//8129 3295//8129
f 4190//8130 4191//8130 4188//8130
f 4192//8131 4191//8131 4190//8131
f 4182//8132 4191//8132 4189//8132
f 4187//8133 4191//8133 4178//8133
f 4188//8134 4191//8134 4187//8134
f 4178//8135 4191//8135 4182//8135
f 4189//8136 4193//8136 3295//8136
f 3295//8137 4193//8137 3300//8137
f 3300//8138 4193//8138 3305//8138
f 4194//8139 4195//8139 4192//8139
f 4196//8140 4195//8140 4194//8140
f 4191//8141 4195//8141 4189//8141
f 4192//8142 4195//8142 4191//8142
f 4189//8143 4195//8143 4193//8143
f 4193//8144 4197//8144 3305//8144
f 3305//8145 4197//8145 3308//8145
f 3308//8146 4197//8146 3312//8146
f 4198//8147 4199//8147 4196//8147
f 4200//8148 4199//8148 4198//8148
f 4196//8149 4199//8149 4195//8149
f 4195//8150 4199//8150 4193//8150
f 3312//8151 4201//8151 3301//8151
f 3301//8152 4201//8152 3253//8152
f 4197//8153 4201//8153 3312//8153
f 4202//8154 4203//8154 4200//8154
f 4204//8155 4203//8155 4202//8155
f 4200//8156 4203//8156 4199//8156
f 4193//8157 4203//8157 4197//8157
f 4199//8158 4203//8158 4193//8158
f 3253//8159 4205//8159 3254//8159
f 3254//8160 4205//8160 3235//8160
f 4201//8161 4205//8161 3253//8161
f 4206//8162 4207//8162 4204//8162
f 4208//8163 4207//8163 4206//8163
f 4204//8164 4207//8164 4203//8164
f 4197//8165 4207//8165 4201//8165
f 4203//8166 4207//8166 4197//8166
f 4201//8167 4207//8167 4205//8167
f 3235//8168 4209//8168 3232//8168
f 3232//8169 4209//8169 3233//8169
f 4205//8170 4209//8170 3235//8170
f 4207//8171 4210//8171 4205//8171
f 4211//8172 4210//8172 4208//8172
f 4212//8173 4210//8173 4211//8173
f 4208//8174 4210//8174 4207//8174
f 3233//8175 4213//8175 3228//8175
f 3228//8176 4213//8176 3229//8176
f 4209//8177 4213//8177 3233//8177
f 4212//8178 4214//8178 4210//8178
f 4209//8179 4214//8179 4213//8179
f 4215//8180 4214//8180 4212//8180
f 4216//8181 4214//8181 4215//8181
f 4210//8182 4214//8182 4205//8182
f 4205//8183 4214//8183 4209//8183
f 4213//8184 4217//8184 3229//8184
f 3229//8185 4217//8185 3224//8185
f 3224//8186 4217//8186 3225//8186
f 4216//8187 4218//8187 4214//8187
f 4219//8188 4218//8188 4216//8188
f 4220//8189 4218//8189 4219//8189
f 4213//8190 4218//8190 4217//8190
f 4214//8191 4218//8191 4213//8191
f 3225//8192 4221//8192 3218//8192
f 3218//8193 4221//8193 3219//8193
f 4217//8194 4221//8194 3225//8194
f 4218//8195 4222//8195 4217//8195
f 4220//8196 4222//8196 4218//8196
f 4223//8197 4222//8197 4220//8197
f 4224//8198 4222//8198 4223//8198
f 3219//8199 4225//8199 3220//8199
f 3220//8200 4225//8200 3213//8200
f 4221//8201 4225//8201 3219//8201
f 4217//8202 4226//8202 4221//8202
f 4224//8203 4226//8203 4222//8203
f 4221//8204 4226//8204 4225//8204
f 4222//8205 4226//8205 4217//8205
f 4227//8206 4226//8206 4224//8206
f 4228//8207 4226//8207 4227//8207
f 3213//8208 4229//8208 3214//8208
f 3214//8209 4229//8209 3215//8209
f 4225//8210 4229//8210 3213//8210
f 4225//8211 4230//8211 4229//8211
f 4226//8212 4230//8212 4225//8212
f 4228//8213 4230//8213 4226//8213
f 4231//8214 4230//8214 4228//8214
f 4232//8215 4230//8215 4231//8215
f 3215//8216 4233//8216 3207//8216
f 3207//8217 4233//8217 3208//8217
f 4229//8218 4233//8218 3215//8218
f 4232//8219 4234//8219 4230//8219
f 4235//8220 4234//8220 4232//8220
f 4236//8221 4234//8221 4235//8221
f 4230//8222 4234//8222 4229//8222
f 3208//8223 4237//8223 3209//8223
f 3209//8224 4237//8224 3199//8224
f 4233//8225 4237//8225 3208//8225
f 4234//8226 4238//8226 4229//8226
f 4229//8227 4238//8227 4233//8227
f 4236//8228 4238//8228 4234//8228
f 4239//8229 4238//8229 4236//8229
f 4240//8230 4238//8230 4239//8230
f 3199//8231 4241//8231 3200//8231
f 3200//8232 4241//8232 3201//8232
f 4237//8233 4241//8233 3199//8233
f 4238//8234 4242//8234 4233//8234
f 4237//8235 4242//8235 4241//8235
f 4240//8236 4242//8236 4238//8236
f 4243//8237 4242//8237 4240//8237
f 4244//8238 4242//8238 4243//8238
f 4233//8239 4242//8239 4237//8239
f 3201//8240 4245//8240 3202//8240
f 3202//8241 4245//8241 3193//8241
f 4241//8242 4245//8242 3201//8242
f 4244//8243 4246//8243 4242//8243
f 4247//8244 4246//8244 4244//8244
f 4248//8245 4246//8245 4247//8245
f 4242//8246 4246//8246 4241//8246
f 3193//8247 4249//8247 3194//8247
f 3194//8248 4249//8248 3195//8248
f 4245//8249 4249//8249 3193//8249
f 4250//8250 4251//8250 4248//8250
f 4252//8251 4251//8251 4250//8251
f 4246//8252 4251//8252 4241//8252
f 4248//8253 4251//8253 4246//8253
f 4241//8254 4251//8254 4245//8254
f 4245//8255 4251//8255 4249//8255
f 3195//8256 4253//8256 3186//8256
f 3186//8257 4253//8257 3187//8257
f 3187//8258 4253//8258 4170//8258
f 4249//8259 4253//8259 3195//8259
f 4254//8260 4255//8260 4252//8260
f 4256//8261 4255//8261 4254//8261
f 4251//8262 4255//8262 4249//8262
f 4252//8263 4255//8263 4251//8263
f 4170//8264 4257//8264 4185//8264
f 4253//8265 4257//8265 4170//8265
f 4258//8266 4257//8266 4256//8266
f 4259//8267 4257//8267 4258//8267
f 4256//8268 4257//8268 4255//8268
f 4185//8269 4257//8269 4259//8269
f 4249//8270 4257//8270 4253//8270
f 4255//8271 4257//8271 4249//8271
f 3187//8272 4170//8272 3183//8272
f 4259//8273 4183//8273 4185//8273
f 3184//8274 4260//8274 3185//8274
f 3185//8275 4260//8275 3175//8275
f 4170//8276 4260//8276 3184//8276
f 3175//8277 4261//8277 3176//8277
f 3176//8278 4261//8278 3177//8278
f 4260//8279 4261//8279 3175//8279
f 4185//8280 4262//8280 4170//8280
f 4263//8281 4262//8281 4184//8281
f 4264//8282 4262//8282 4263//8282
f 4170//8283 4262//8283 4260//8283
f 4184//8284 4262//8284 4185//8284
f 3177//8285 4265//8285 3178//8285
f 3178//8286 4265//8286 3169//8286
f 4261//8287 4265//8287 3177//8287
f 4266//8288 4267//8288 4264//8288
f 4268//8289 4267//8289 4266//8289
f 4260//8290 4267//8290 4261//8290
f 4264//8291 4267//8291 4262//8291
f 4262//8292 4267//8292 4260//8292
f 3169//8293 4269//8293 3165//8293
f 3165//8294 4269//8294 3166//8294
f 4265//8295 4269//8295 3169//8295
f 4270//8296 4271//8296 4268//8296
f 4272//8297 4271//8297 4270//8297
f 4261//8298 4271//8298 4265//8298
f 4268//8299 4271//8299 4267//8299
f 4267//8300 4271//8300 4261//8300
f 3166//8301 4273//8301 3167//8301
f 3167//8302 4273//8302 3168//8302
f 4269//8303 4273//8303 3166//8303
f 4274//8304 4275//8304 4272//8304
f 4276//8305 4275//8305 4274//8305
f 4269//8306 4275//8306 4273//8306
f 4265//8307 4275//8307 4269//8307
f 4272//8308 4275//8308 4271//8308
f 4271//8309 4275//8309 4265//8309
f 3168//8310 4277//8310 3159//8310
f 3159//8311 4277//8311 3158//8311
f 4273//8312 4277//8312 3168//8312
f 4278//8313 4279//8313 4276//8313
f 4280//8314 4279//8314 4278//8314
f 4275//8315 4279//8315 4273//8315
f 4276//8316 4279//8316 4275//8316
f 3158//8317 4281//8317 3157//8317
f 3157//8318 4281//8318 3155//8318
f 4277//8319 4281//8319 3158//8319
f 4279//8320 4282//8320 4273//8320
f 4283//8321 4282//8321 4280//8321
f 4284//8322 4282//8322 4283//8322
f 4273//8323 4282//8323 4277//8323
f 4280//8324 4282//8324 4279//8324
f 3155//8325 4285//8325 3156//8325
f 3156//8326 4285//8326 3146//8326
f 4281//8327 4285//8327 3155//8327
f 4282//8328 4286//8328 4277//8328
f 4287//8329 4286//8329 4284//8329
f 4288//8330 4286//8330 4287//8330
f 4277//8331 4286//8331 4281//8331
f 4284//8332 4286//8332 4282//8332
f 3146//8333 4289//8333 3140//8333
f 3140//8334 4289//8334 3134//8334
f 4285//8335 4289//8335 3146//8335
f 4288//8336 4290//8336 4286//8336
f 4281//8337 4290//8337 4285//8337
f 4291//8338 4290//8338 4288//8338
f 4292//8339 4290//8339 4291//8339
f 4286//8340 4290//8340 4281//8340
f 3134//8341 4293//8341 3129//8341
f 3129//8342 4293//8342 3127//8342
f 4289//8343 4293//8343 3134//8343
f 4292//8344 4294//8344 4290//8344
f 4285//8345 4294//8345 4289//8345
f 4295//8346 4294//8346 4292//8346
f 4296//8347 4294//8347 4295//8347
f 4290//8348 4294//8348 4285//8348
f 4293//8349 4297//8349 3127//8349
f 3127//8350 4297//8350 3116//8350
f 3116//8351 4297//8351 3110//8351
f 4296//8352 4298//8352 4294//8352
f 4289//8353 4298//8353 4293//8353
f 4299//8354 4298//8354 4296//8354
f 4300//8355 4298//8355 4299//8355
f 4294//8356 4298//8356 4289//8356
f 4297//8357 4301//8357 3110//8357
f 3110//8358 4301//8358 3105//8358
f 3105//8359 4301//8359 3098//8359
f 4293//8360 4302//8360 4297//8360
f 4303//8361 4302//8361 4300//8361
f 4304//8362 4302//8362 4303//8362
f 4298//8363 4302//8363 4293//8363
f 4300//8364 4302//8364 4298//8364
f 4297//8365 4302//8365 4301//8365
f 4301//8366 4305//8366 3098//8366
f 3098//8367 4305//8367 3092//8367
f 3092//8368 4305//8368 3086//8368
f 4302//8369 4306//8369 4301//8369
f 4307//8370 4306//8370 4304//8370
f 4308//8371 4306//8371 4307//8371
f 4304//8372 4306//8372 4302//8372
f 3086//8373 4309//8373 3080//8373
f 3080//8374 4309//8374 3074//8374
f 4305//8375 4309//8375 3086//8375
f 4305//8376 4310//8376 4309//8376
f 4308//8377 4310//8377 4306//8377
f 4311//8378 4310//8378 4308//8378
f 4312//8379 4310//8379 4311//8379
f 4301//8380 4310//8380 4305//8380
f 4306//8381 4310//8381 4301//8381
f 3074//8382 4313//8382 3068//8382
f 3068//8383 4313//8383 3062//8383
f 4309//8384 4313//8384 3074//8384
f 4312//8385 4314//8385 4310//8385
f 4310//8386 4314//8386 4309//8386
f 4315//8387 4314//8387 4312//8387
f 4316//8388 4314//8388 4315//8388
f 3062//8389 4317//8389 3056//8389
f 3056//8390 4317//8390 3050//8390
f 4313//8391 4317//8391 3062//8391
f 4316//8392 4318//8392 4314//8392
f 4309//8393 4318//8393 4313//8393
f 4314//8394 4318//8394 4309//8394
f 4319//8395 4318//8395 4316//8395
f 4320//8396 4318//8396 4319//8396
f 3050//8397 4321//8397 3045//8397
f 3045//8398 4321//8398 3041//8398
f 4317//8399 4321//8399 3050//8399
f 4313//8400 4322//8400 4317//8400
f 4318//8401 4322//8401 4313//8401
f 4320//8402 4322//8402 4318//8402
f 4323//8403 4322//8403 4320//8403
f 4324//8404 4322//8404 4323//8404
f 3041//8405 4325//8405 3037//8405
f 3037//8406 4325//8406 3033//8406
f 4321//8407 4325//8407 3041//8407
f 4322//8408 4326//8408 4317//8408
f 4317//8409 4326//8409 4321//8409
f 4321//8410 4326//8410 4325//8410
f 4324//8411 4326//8411 4322//8411
f 4327//8412 4326//8412 4324//8412
f 4328//8413 4326//8413 4327//8413
f 3033//8414 4329//8414 3029//8414
f 3029//8415 4329//8415 3025//8415
f 4325//8416 4329//8416 3033//8416
f 4328//8417 4330//8417 4326//8417
f 4325//8418 4330//8418 4329//8418
f 4331//8419 4330//8419 4328//8419
f 4332//8420 4330//8420 4331//8420
f 4326//8421 4330//8421 4325//8421
f 4329//8422 4333//8422 3025//8422
f 3025//8423 4333//8423 3021//8423
f 3021//8424 4333//8424 3017//8424
f 4332//8425 4334//8425 4330//8425
f 4335//8426 4334//8426 4332//8426
f 4336//8427 4334//8427 4335//8427
f 4330//8428 4334//8428 4329//8428
f 4329//8429 4334//8429 4333//8429
f 3017//8430 4337//8430 3013//8430
f 3013//8431 4337//8431 3009//8431
f 4333//8432 4337//8432 3017//8432
f 4334//8433 4338//8433 4333//8433
f 4339//8434 4338//8434 4336//8434
f 4340//8435 4338//8435 4339//8435
f 4336//8436 4338//8436 4334//8436
f 4337//8437 4341//8437 3009//8437
f 3009//8438 4341//8438 3005//8438
f 3005//8439 4341//8439 3001//8439
f 4338//8440 4342//8440 4333//8440
f 4337//8441 4342//8441 4341//8441
f 4343//8442 4342//8442 4340//8442
f 4344//8443 4342//8443 4343//8443
f 4333//8444 4342//8444 4337//8444
f 4340//8445 4342//8445 4338//8445
f 4341//8446 4345//8446 3001//8446
f 3001//8447 4345//8447 2997//8447
f 2997//8448 4345//8448 2995//8448
f 4344//8449 4346//8449 4342//8449
f 4342//8450 4346//8450 4341//8450
f 4347//8451 4346//8451 4344//8451
f 4348//8452 4346//8452 4347//8452
f 4345//8453 4349//8453 2995//8453
f 2995//8454 4349//8454 2994//8454
f 2994//8455 4349//8455 2999//8455
f 4346//8456 4350//8456 4341//8456
f 4348//8457 4350//8457 4346//8457
f 4341//8458 4350//8458 4345//8458
f 4351//8459 4350//8459 4348//8459
f 4352//8460 4350//8460 4351//8460
f 4349//8461 4353//8461 2999//8461
f 2999//8462 4353//8462 3003//8462
f 3003//8463 4353//8463 3007//8463
f 4345//8464 4354//8464 4349//8464
f 4350//8465 4354//8465 4345//8465
f 4352//8466 4354//8466 4350//8466
f 4355//8467 4354//8467 4352//8467
f 4356//8468 4354//8468 4355//8468
f 4353//8469 4357//8469 3007//8469
f 3007//8470 4357//8470 3011//8470
f 3011//8471 4357//8471 3015//8471
f 4354//8472 4358//8472 4349//8472
f 4349//8473 4358//8473 4353//8473
f 4356//8474 4358//8474 4354//8474
f 4359//8475 4358//8475 4356//8475
f 4360//8476 4358//8476 4359//8476
f 4357//8477 4361//8477 3015//8477
f 3015//8478 4361//8478 3019//8478
f 3019//8479 4361//8479 3023//8479
f 4358//8480 4362//8480 4353//8480
f 4360//8481 4362//8481 4358//8481
f 4353//8482 4362//8482 4357//8482
f 4363//8483 4362//8483 4360//8483
f 4364//8484 4362//8484 4363//8484
f 4361//8485 4365//8485 3023//8485
f 3023//8486 4365//8486 3027//8486
f 3027//8487 4365//8487 3031//8487
f 4362//8488 4366//8488 4357//8488
f 4367//8489 4366//8489 4364//8489
f 4368//8490 4366//8490 4367//8490
f 4357//8491 4366//8491 4361//8491
f 4364//8492 4366//8492 4362//8492
f 3031//8493 4369//8493 3035//8493
f 3035//8494 4369//8494 3039//8494
f 4365//8495 4369//8495 3031//8495
f 4361//8496 4370//8496 4365//8496
f 4366//8497 4370//8497 4361//8497
f 4371//8498 4370//8498 4368//8498
f 4368//8499 4370//8499 4366//8499
f 4372//8500 4370//8500 4371//8500
f 4369//8501 4373//8501 3039//8501
f 3039//8502 4373//8502 3043//8502
f 3043//8503 4373//8503 3048//8503
f 4365//8504 4374//8504 4369//8504
f 4372//8505 4374//8505 4370//8505
f 4375//8506 4374//8506 4372//8506
f 4376//8507 4374//8507 4375//8507
f 4370//8508 4374//8508 4365//8508
f 3048//8509 4377//8509 3053//8509
f 3053//8510 4377//8510 3059//8510
f 4373//8511 4377//8511 3048//8511
f 4369//8512 4378//8512 4373//8512
f 4376//8513 4378//8513 4374//8513
f 4374//8514 4378//8514 4369//8514
f 4379//8515 4378//8515 4376//8515
f 4380//8516 4378//8516 4379//8516
f 3059//8517 4381//8517 3065//8517
f 3065//8518 4381//8518 3071//8518
f 4377//8519 4381//8519 3059//8519
f 4373//8520 4382//8520 4377//8520
f 4378//8521 4382//8521 4373//8521
f 4380//8522 4382//8522 4378//8522
f 4383//8523 4382//8523 4380//8523
f 4384//8524 4382//8524 4383//8524
f 3071//8525 4385//8525 3077//8525
f 3077//8526 4385//8526 3083//8526
f 4381//8527 4385//8527 3071//8527
f 4381//8528 4386//8528 4385//8528
f 4384//8529 4386//8529 4382//8529
f 4382//8530 4386//8530 4377//8530
f 4377//8531 4386//8531 4381//8531
f 4387//8532 4386//8532 4384//8532
f 4388//8533 4386//8533 4387//8533
f 4385//8534 4389//8534 3083//8534
f 3083//8535 4389//8535 3089//8535
f 3089//8536 4389//8536 3095//8536
f 4386//8537 4390//8537 4385//8537
f 4388//8538 4390//8538 4386//8538
f 4391//8539 4390//8539 4388//8539
f 4392//8540 4390//8540 4391//8540
f 4389//8541 4393//8541 3095//8541
f 3095//8542 4393//8542 3101//8542
f 3101//8543 4393//8543 3108//8543
f 4389//8544 4394//8544 4393//8544
f 4385//8545 4394//8545 4389//8545
f 4392//8546 4394//8546 4390//8546
f 4390//8547 4394//8547 4385//8547
f 4395//8548 4394//8548 4392//8548
f 4396//8549 4394//8549 4395//8549
f 4393//8550 4397//8550 3108//8550
f 3108//8551 4397//8551 3113//8551
f 3113//8552 4397//8552 3119//8552
f 4398//8553 4399//8553 4396//8553
f 4400//8554 4399//8554 4398//8554
f 4396//8555 4399//8555 4394//8555
f 4394//8556 4399//8556 4393//8556
f 4397//8557 4401//8557 3119//8557
f 3119//8558 4401//8558 3124//8558
f 3124//8559 4401//8559 3132//8559
f 4402//8560 4403//8560 4400//8560
f 4404//8561 4403//8561 4402//8561
f 4399//8562 4403//8562 4393//8562
f 4400//8563 4403//8563 4399//8563
f 4393//8564 4403//8564 4397//8564
f 4401//8565 4405//8565 3132//8565
f 3132//8566 4405//8566 3137//8566
f 3137//8567 4405//8567 3143//8567
f 4406//8568 4407//8568 4404//8568
f 4408//8569 4407//8569 4406//8569
f 4404//8570 4407//8570 4403//8570
f 4397//8571 4407//8571 4401//8571
f 4401//8572 4407//8572 4405//8572
f 4403//8573 4407//8573 4397//8573
f 3143//8574 4168//8574 3149//8574
f 4405//8575 4168//8575 3143//8575
f 3149//8576 4168//8576 3153//8576
f 4409//8577 4410//8577 4408//8577
f 4411//8578 4410//8578 4409//8578
f 4407//8579 4410//8579 4405//8579
f 4408//8580 4410//8580 4407//8580
f 3153//8581 4161//8581 3240//8581
f 3240//8582 4161//8582 3244//8582
f 4168//8583 4161//8583 3153//8583
f 4412//8584 4167//8584 4411//8584
f 4165//8585 4167//8585 4412//8585
f 4405//8586 4167//8586 4168//8586
f 4410//8587 4167//8587 4405//8587
f 4411//8588 4167//8588 4410//8588
f 4184//8589 4183//8589 4413//8589
f 4184//8590 4413//8590 4414//8590
f 4263//8591 4414//8591 4415//8591
f 4263//8592 4184//8592 4414//8592
f 4264//8593 4415//8593 4416//8593
f 4264//8594 4263//8594 4415//8594
f 4266//8595 4416//8595 4417//8595
f 4266//8596 4264//8596 4416//8596
f 4268//8597 4417//8597 4418//8597
f 4268//8598 4266//8598 4417//8598
f 4270//8599 4418//8599 4419//8599
f 4270//8600 4268//8600 4418//8600
f 4272//8601 4419//8601 4420//8601
f 4272//8602 4270//8602 4419//8602
f 4274//8603 4420//8603 4421//8603
f 4274//8604 4272//8604 4420//8604
f 4276//8605 4421//8605 4422//8605
f 4276//8606 4274//8606 4421//8606
f 4278//8607 4422//8607 4423//8607
f 4278//8608 4276//8608 4422//8608
f 4280//8609 4278//8609 4423//8609
f 4280//8610 4423//8610 4424//8610
f 4283//8611 4280//8611 4424//8611
f 4283//8612 4424//8612 4425//8612
f 4284//8613 4283//8613 4425//8613
f 4284//8614 4425//8614 4426//8614
f 4287//8615 4284//8615 4426//8615
f 4287//8616 4426//8616 4427//8616
f 4288//8617 4287//8617 4427//8617
f 4288//8618 4427//8618 4428//8618
f 4291//8619 4288//8619 4428//8619
f 4291//8620 4428//8620 4429//8620
f 4292//8621 4291//8621 4429//8621
f 4292//8622 4429//8622 4430//8622
f 4295//8623 4292//8623 4430//8623
f 4295//8624 4430//8624 4431//8624
f 4296//8625 4295//8625 4431//8625
f 4296//8626 4431//8626 4432//8626
f 4299//8627 4296//8627 4432//8627
f 4299//8628 4432//8628 4433//8628
f 4300//8629 4299//8629 4433//8629
f 4300//8630 4433//8630 4434//8630
f 4303//8631 4300//8631 4434//8631
f 4303//8632 4434//8632 4435//8632
f 4304//8633 4435//8633 4436//8633
f 4304//8634 4303//8634 4435//8634
f 4307//8635 4436//8635 4437//8635
f 4307//8636 4304//8636 4436//8636
f 4308//8637 4437//8637 4438//8637
f 4308//8638 4307//8638 4437//8638
f 4311//8639 4438//8639 4439//8639
f 4311//8640 4308//8640 4438//8640
f 4312//8641 4439//8641 4440//8641
f 4312//8642 4311//8642 4439//8642
f 4315//8643 4440//8643 4441//8643
f 4315//8644 4312//8644 4440//8644
f 4316//8645 4441//8645 4442//8645
f 4316//8646 4315//8646 4441//8646
f 4319//8647 4442//8647 4443//8647
f 4319//8648 4316//8648 4442//8648
f 4320//8649 4443//8649 4444//8649
f 4320//8650 4319//8650 4443//8650
f 4323//8651 4444//8651 4445//8651
f 4323//8652 4320//8652 4444//8652
f 4324//8653 4445//8653 4446//8653
f 4324//8654 4323//8654 4445//8654
f 4327//8655 4446//8655 4447//8655
f 4327//8656 4324//8656 4446//8656
f 4328//8657 4447//8657 4448//8657
f 4328//8658 4327//8658 4447//8658
f 4331//8659 4448//8659 4449//8659
f 4331//8660 4328//8660 4448//8660
f 4332//8661 4331//8661 4449//8661
f 4332//8662 4449//8662 4450//8662
f 4335//8663 4332//8663 4450//8663
f 4335//8664 4450//8664 4451//8664
f 4336//8665 4335//8665 4451//8665
f 4336//8666 4451//8666 4452//8666
f 4339//8667 4336//8667 4452//8667
f 4339//8668 4452//8668 4453//8668
f 4340//8669 4339//8669 4453//8669
f 4340//8670 4453//8670 4454//8670
f 4343//8671 4340//8671 4454//8671
f 4343//8672 4454//8672 4455//8672
f 4344//8673 4343//8673 4455//8673
f 4344//8674 4455//8674 4456//8674
f 4347//8675 4344//8675 4456//8675
f 4347//8676 4456//8676 4457//8676
f 4348//8677 4347//8677 4457//8677
f 4348//8678 4457//8678 4458//8678
f 4351//8679 4348//8679 4458//8679
f 4351//8680 4458//8680 4459//8680
f 4352//8681 4351//8681 4459//8681
f 4352//8682 4459//8682 4460//8682
f 4355//8683 4352//8683 4460//8683
f 4355//8684 4460//8684 4461//8684
f 4356//8685 4355//8685 4461//8685
f 4356//8686 4461//8686 4462//8686
f 4359//8687 4356//8687 4462//8687
f 4359//8688 4462//8688 4463//8688
f 4360//8689 4359//8689 4463//8689
f 4360//8690 4463//8690 4464//8690
f 4363//8691 4360//8691 4464//8691
f 4363//8692 4464//8692 4465//8692
f 4364//8693 4363//8693 4465//8693
f 4364//8694 4465//8694 4466//8694
f 4367//8695 4364//8695 4466//8695
f 4367//8696 4466//8696 4467//8696
f 4368//8697 4367//8697 4467//8697
f 4368//8698 4467//8698 4468//8698
f 4371//8699 4368//8699 4468//8699
f 4371//8700 4468//8700 4469//8700
f 4372//8701 4371//8701 4469//8701
f 4372//8702 4469//8702 4470//8702
f 4375//8703 4470//8703 4471//8703
f 4375//8704 4372//8704 4470//8704
f 4376//8705 4471//8705 4472//8705
f 4376//8706 4375//8706 4471//8706
f 4379//8707 4472//8707 4473//8707
f 4379//8708 4376//8708 4472//8708
f 4380//8709 4473//8709 4474//8709
f 4380//8710 4379//8710 4473//8710
f 4383//8711 4380//8711 4474//8711
f 4383//8712 4474//8712 4475//8712
f 4384//8713 4383//8713 4475//8713
f 4384//8714 4475//8714 4476//8714
f 4387//8715 4384//8715 4476//8715
f 4387//8716 4476//8716 4477//8716
f 4388//8717 4387//8717 4477//8717
f 4388//8718 4477//8718 4478//8718
f 4391//8719 4388//8719 4478//8719
f 4391//8720 4478//8720 4479//8720
f 4392//8721 4391//8721 4479//8721
f 4392//8722 4479//8722 4480//8722
f 4395//8723 4392//8723 4480//8723
f 4395//8724 4480//8724 4481//8724
f 4396//8725 4395//8725 4481//8725
f 4396//8726 4481//8726 4482//8726
f 4398//8727 4396//8727 4482//8727
f 4398//8728 4482//8728 4483//8728
f 4400//8729 4398//8729 4483//8729
f 4400//8730 4483//8730 4484//8730
f 4402//8731 4400//8731 4484//8731
f 4402//8732 4484//8732 4485//8732
f 4404//8733 4402//8733 4485//8733
f 4404//8734 4485//8734 4486//8734
f 4406//8735 4404//8735 4486//8735
f 4406//8736 4486//8736 4487//8736
f 4408//8737 4487//8737 4488//8737
f 4408//8738 4406//8738 4487//8738
f 4409//8739 4488//8739 4489//8739
f 4409//8740 4408//8740 4488//8740
f 4411//8741 4489//8741 4490//8741
f 4411//8742 4409//8742 4489//8742
f 4412//8743 4490//8743 4491//8743
f 4412//8744 4411//8744 4490//8744
f 4165//8745 4491//8745 4492//8745
f 4165//8746 4412//8746 4491//8746
f 4163//8747 4492//8747 4493//8747
f 4163//8748 4165//8748 4492//8748
f 4166//8749 4493//8749 4494//8749
f 4166//8750 4163//8750 4493//8750
f 4172//8751 4494//8751 4495//8751
f 4172//8752 4166//8752 4494//8752
f 4173//8753 4495//8753 4496//8753
f 4173//8754 4172//8754 4495//8754
f 4176//8755 4496//8755 4497//8755
f 4176//8756 4173//8756 4496//8756
f 4177//8757 4497//8757 4498//8757
f 4177//8758 4176//8758 4497//8758
f 4179//8759 4498//8759 4499//8759
f 4179//8760 4177//8760 4498//8760
f 4181//8761 4499//8761 4500//8761
f 4181//8762 4179//8762 4499//8762
f 4186//8763 4181//8763 4500//8763
f 4186//8764 4500//8764 4501//8764
f 4188//8765 4186//8765 4501//8765
f 4188//8766 4501//8766 4502//8766
f 4190//8767 4188//8767 4502//8767
f 4190//8768 4502//8768 4503//8768
f 4190//8769 4503//8769 4504//8769
f 4192//8770 4190//8770 4504//8770
f 4194//8771 4504//8771 4505//8771
f 4194//8772 4192//8772 4504//8772
f 4196//8773 4505//8773 4506//8773
f 4196//8774 4194//8774 4505//8774
f 4198//8775 4506//8775 4507//8775
f 4198//8776 4196//8776 4506//8776
f 4200//8777 4507//8777 4508//8777
f 4200//8778 4508//8778 4509//8778
f 4200//8779 4198//8779 4507//8779
f 4202//8780 4200//8780 4509//8780
f 4204//8781 4509//8781 4510//8781
f 4204//8782 4202//8782 4509//8782
f 4206//8783 4510//8783 4511//8783
f 4206//8784 4204//8784 4510//8784
f 4208//8785 4511//8785 4512//8785
f 4208//8786 4206//8786 4511//8786
f 4211//8787 4512//8787 4513//8787
f 4211//8788 4208//8788 4512//8788
f 4212//8789 4513//8789 4514//8789
f 4212//8790 4514//8790 4515//8790
f 4212//8791 4211//8791 4513//8791
f 4215//8792 4212//8792 4515//8792
f 4216//8793 4515//8793 4516//8793
f 4216//8794 4215//8794 4515//8794
f 4219//8795 4516//8795 4517//8795
f 4219//8796 4517//8796 4518//8796
f 4219//8797 4216//8797 4516//8797
f 4220//8798 4219//8798 4518//8798
f 4223//8799 4518//8799 4519//8799
f 4223//8800 4519//8800 4520//8800
f 4223//8801 4220//8801 4518//8801
f 4224//8802 4223//8802 4520//8802
f 4227//8803 4520//8803 4521//8803
f 4227//8804 4224//8804 4520//8804
f 4228//8805 4521//8805 4522//8805
f 4228//8806 4522//8806 4523//8806
f 4228//8807 4227//8807 4521//8807
f 4231//8808 4523//8808 4524//8808
f 4231//8809 4228//8809 4523//8809
f 4232//8810 4231//8810 4524//8810
f 4235//8811 4232//8811 4524//8811
f 4235//8812 4524//8812 4525//8812
f 4235//8813 4525//8813 4526//8813
f 4236//8814 4235//8814 4526//8814
f 4236//8815 4526//8815 4527//8815
f 4239//8816 4236//8816 4527//8816
f 4240//8817 4239//8817 4527//8817
f 4240//8818 4527//8818 4528//8818
f 4240//8819 4528//8819 4529//8819
f 4243//8820 4240//8820 4529//8820
f 4243//8821 4529//8821 4530//8821
f 4244//8822 4243//8822 4530//8822
f 4247//8823 4244//8823 4530//8823
f 4247//8824 4530//8824 4531//8824
f 4247//8825 4531//8825 4532//8825
f 4248//8826 4247//8826 4532//8826
f 4248//8827 4532//8827 4533//8827
f 4250//8828 4248//8828 4533//8828
f 4252//8829 4250//8829 4533//8829
f 4252//8830 4533//8830 4534//8830
f 4254//8831 4252//8831 4534//8831
f 4254//8832 4534//8832 4535//8832
f 4254//8833 4535//8833 4536//8833
f 4256//8834 4254//8834 4536//8834
f 4258//8835 4536//8835 4537//8835
f 4258//8836 4256//8836 4536//8836
f 4258//8837 4537//8837 4538//8837
f 4259//8838 4258//8838 4538//8838
f 4183//8839 4538//8839 4413//8839
f 4183//8840 4259//8840 4538//8840
f 4457//8841 4459//8841 4458//8841
f 4457//8842 4460//8842 4459//8842
f 4457//8843 4461//8843 4460//8843
f 4465//8844 4464//8844 4463//8844
f 4455//8845 4457//8845 4456//8845
f 4467//8846 4465//8846 4463//8846
f 4467//8847 4462//8847 4461//8847
f 4467//8848 4463//8848 4462//8848
f 4467//8849 4466//8849 4465//8849
f 4453//8850 4455//8850 4454//8850
f 4450//8851 4452//8851 4451//8851
f 4449//8852 4453//8852 4452//8852
f 4449//8853 4457//8853 4455//8853
f 4449//8854 4452//8854 4450//8854
f 4449//8855 4455//8855 4453//8855
f 4473//8856 4469//8856 4468//8856
f 4473//8857 4470//8857 4469//8857
f 4473//8858 4471//8858 4470//8858
f 4473//8859 4472//8859 4471//8859
f 4445//8860 4447//8860 4446//8860
f 4476//8861 4468//8861 4467//8861
f 4476//8862 4474//8862 4473//8862
f 4476//8863 4475//8863 4474//8863
f 4476//8864 4473//8864 4468//8864
f 4444//8865 4448//8865 4447//8865
f 4444//8866 4449//8866 4448//8866
f 4444//8867 4447//8867 4445//8867
f 4441//8868 4443//8868 4442//8868
f 4441//8869 4444//8869 4443//8869
f 4480//8870 4479//8870 4478//8870
f 4481//8871 4480//8871 4478//8871
f 4482//8872 4481//8872 4478//8872
f 4482//8873 4477//8873 4476//8873
f 4482//8874 4478//8874 4477//8874
f 4482//8875 4476//8875 4467//8875
f 4437//8876 4439//8876 4438//8876
f 4436//8877 4439//8877 4437//8877
f 4485//8878 4484//8878 4483//8878
f 4486//8879 4485//8879 4483//8879
f 4434//8880 4439//8880 4436//8880
f 4434//8881 4436//8881 4435//8881
f 4433//8882 4439//8882 4434//8882
f 4432//8883 4439//8883 4433//8883
f 4432//8884 4440//8884 4439//8884
f 4432//8885 4441//8885 4440//8885
f 4490//8886 4488//8886 4487//8886
f 4490//8887 4489//8887 4488//8887
f 4430//8888 4432//8888 4431//8888
f 4430//8889 4441//8889 4432//8889
f 4492//8890 4491//8890 4490//8890
f 4494//8891 4493//8891 4492//8891
f 4426//8892 4428//8892 4427//8892
f 4426//8893 4429//8893 4428//8893
f 4426//8894 4430//8894 4429//8894
f 4495//8895 4494//8895 4492//8895
f 4425//8896 4430//8896 4426//8896
f 4424//8897 4430//8897 4425//8897
f 4497//8898 4486//8898 4483//8898
f 4497//8899 4490//8899 4487//8899
f 4497//8900 4492//8900 4490//8900
f 4497//8901 4495//8901 4492//8901
f 4497//8902 4487//8902 4486//8902
f 4497//8903 4496//8903 4495//8903
f 4499//8904 4498//8904 4497//8904
f 4421//8905 4423//8905 4422//8905
f 4421//8906 4424//8906 4423//8906
f 4420//8907 4424//8907 4421//8907
f 4419//8908 4444//8908 4441//8908
f 4419//8909 4461//8909 4457//8909
f 4419//8910 4441//8910 4430//8910
f 4419//8911 4424//8911 4420//8911
f 4419//8912 4457//8912 4449//8912
f 4419//8913 4449//8913 4444//8913
f 4419//8914 4430//8914 4424//8914
f 4502//8915 4500//8915 4499//8915
f 4502//8916 4501//8916 4500//8916
f 4418//8917 4467//8917 4461//8917
f 4418//8918 4461//8918 4419//8918
f 4503//8919 4499//8919 4497//8919
f 4503//8920 4502//8920 4499//8920
f 4417//8921 4467//8921 4418//8921
f 4416//8922 4467//8922 4417//8922
f 4505//8923 4504//8923 4503//8923
f 4506//8924 4505//8924 4503//8924
f 4506//8925 4503//8925 4497//8925
f 4414//8926 4467//8926 4416//8926
f 4414//8927 4416//8927 4415//8927
f 4414//8928 4482//8928 4467//8928
f 4414//8929 4483//8929 4482//8929
f 4508//8930 4506//8930 4497//8930
f 4508//8931 4507//8931 4506//8931
f 4538//8932 4414//8932 4413//8932
f 4538//8933 4483//8933 4414//8933
f 4509//8934 4508//8934 4497//8934
f 4511//8935 4510//8935 4509//8935
f 4535//8936 4537//8936 4536//8936
f 4534//8937 4538//8937 4537//8937
f 4534//8938 4537//8938 4535//8938
f 4533//8939 4538//8939 4534//8939
f 4514//8940 4511//8940 4509//8940
f 4514//8941 4509//8941 4497//8941
f 4514//8942 4512//8942 4511//8942
f 4514//8943 4513//8943 4512//8943
f 4531//8944 4533//8944 4532//8944
f 4516//8945 4515//8945 4514//8945
f 4529//8946 4531//8946 4530//8946
f 4518//8947 4517//8947 4516//8947
f 4518//8948 4483//8948 4538//8948
f 4518//8949 4538//8949 4533//8949
f 4518//8950 4516//8950 4514//8950
f 4518//8951 4514//8951 4497//8951
f 4518//8952 4497//8952 4483//8952
f 4528//8953 4531//8953 4529//8953
f 4527//8954 4531//8954 4528//8954
f 4526//8955 4533//8955 4531//8955
f 4526//8956 4531//8956 4527//8956
f 4521//8957 4520//8957 4519//8957
f 4522//8958 4521//8958 4519//8958
f 4524//8959 4526//8959 4525//8959
f 4524//8960 4518//8960 4533//8960
f 4524//8961 4533//8961 4526//8961
f 4523//8962 4519//8962 4518//8962
f 4523//8963 4518//8963 4524//8963
f 4523//8964 4522//8964 4519//8964
f 4539//8965 4540//8965 3245//8965
f 3245//8966 4540//8966 3249//8966
f 3249//8967 4540//8967 3255//8967
f 4541//8968 4542//8968 4543//8968
f 4544//8969 4542//8969 4545//8969
f 4546//8970 4542//8970 4544//8970
f 4545//8971 4542//8971 4541//8971
f 4543//8972 4542//8972 4539//8972
f 4539//8973 4542//8973 4540//8973
f 4540//8974 4547//8974 3255//8974
f 3255//8975 4547//8975 3260//8975
f 3260//8976 4547//8976 3263//8976
f 3369//8977 4548//8977 3370//8977
f 4549//8978 4550//8978 4546//8978
f 4551//8979 4550//8979 4549//8979
f 4546//8980 4550//8980 4542//8980
f 4542//8981 4550//8981 4540//8981
f 4540//8982 4550//8982 4547//8982
f 4547//8983 4552//8983 3263//8983
f 3263//8984 4552//8984 3267//8984
f 3267//8985 4552//8985 3271//8985
f 4550//8986 4553//8986 4547//8986
f 4554//8987 4553//8987 4551//8987
f 4555//8988 4553//8988 4554//8988
f 4547//8989 4553//8989 4552//8989
f 4551//8990 4553//8990 4550//8990
f 4552//8991 4556//8991 3271//8991
f 3271//8992 4556//8992 3276//8992
f 3276//8993 4556//8993 3279//8993
f 4557//8994 4558//8994 4555//8994
f 4559//8995 4558//8995 4557//8995
f 4555//8996 4558//8996 4553//8996
f 4553//8997 4558//8997 4552//8997
f 4552//8998 4558//8998 4556//8998
f 4560//8999 4561//8999 4562//8999
f 4556//9000 4563//9000 3279//9000
f 3279//9001 4563//9001 3285//9001
f 3285//9002 4563//9002 3288//9002
f 4559//9003 4564//9003 4558//9003
f 4565//9004 4564//9004 4559//9004
f 4566//9005 4564//9005 4565//9005
f 4558//9006 4564//9006 4556//9006
f 4563//9007 4567//9007 3288//9007
f 3288//9008 4567//9008 3293//9008
f 3293//9009 4567//9009 3296//9009
f 4568//9010 4569//9010 4566//9010
f 4570//9011 4569//9011 4568//9011
f 4566//9012 4569//9012 4564//9012
f 4556//9013 4569//9013 4563//9013
f 4564//9014 4569//9014 4556//9014
f 4567//9015 4571//9015 3296//9015
f 3296//9016 4571//9016 3302//9016
f 3302//9017 4571//9017 3306//9017
f 4572//9018 4573//9018 4570//9018
f 4574//9019 4573//9019 4572//9019
f 4563//9020 4573//9020 4567//9020
f 4570//9021 4573//9021 4569//9021
f 4567//9022 4573//9022 4571//9022
f 4569//9023 4573//9023 4563//9023
f 4571//9024 4575//9024 3306//9024
f 3306//9025 4575//9025 3309//9025
f 3309//9026 4575//9026 3314//9026
f 4576//9027 4577//9027 4574//9027
f 4578//9028 4577//9028 4576//9028
f 4574//9029 4577//9029 4573//9029
f 4573//9030 4577//9030 4571//9030
f 4571//9031 4577//9031 4575//9031
f 3314//9032 4579//9032 3316//9032
f 3316//9033 4579//9033 3319//9033
f 4575//9034 4579//9034 3314//9034
f 4580//9035 4581//9035 4578//9035
f 4582//9036 4581//9036 4580//9036
f 4578//9037 4581//9037 4577//9037
f 4577//9038 4581//9038 4575//9038
f 4575//9039 4581//9039 4579//9039
f 3319//9040 4583//9040 3321//9040
f 3321//9041 4583//9041 3323//9041
f 4579//9042 4583//9042 3319//9042
f 4584//9043 4585//9043 4582//9043
f 4586//9044 4585//9044 4584//9044
f 4582//9045 4585//9045 4581//9045
f 4581//9046 4585//9046 4579//9046
f 3323//9047 4587//9047 3324//9047
f 3324//9048 4587//9048 3327//9048
f 4583//9049 4587//9049 3323//9049
f 4585//9050 4588//9050 4579//9050
f 4589//9051 4588//9051 4586//9051
f 4590//9052 4588//9052 4589//9052
f 4586//9053 4588//9053 4585//9053
f 4579//9054 4588//9054 4583//9054
f 3327//9055 4591//9055 3330//9055
f 3330//9056 4591//9056 3331//9056
f 4587//9057 4591//9057 3327//9057
f 4588//9058 4592//9058 4583//9058
f 4587//9059 4592//9059 4591//9059
f 4593//9060 4592//9060 4590//9060
f 4594//9061 4592//9061 4593//9061
f 4590//9062 4592//9062 4588//9062
f 4583//9063 4592//9063 4587//9063
f 3331//9064 4595//9064 3334//9064
f 3334//9065 4595//9065 3335//9065
f 4591//9066 4595//9066 3331//9066
f 4594//9067 4596//9067 4592//9067
f 4591//9068 4596//9068 4595//9068
f 4597//9069 4596//9069 4594//9069
f 4598//9070 4596//9070 4597//9070
f 4592//9071 4596//9071 4591//9071
f 4595//9072 4599//9072 3335//9072
f 3335//9073 4599//9073 3338//9073
f 3338//9074 4599//9074 3339//9074
f 4595//9075 4600//9075 4599//9075
f 4598//9076 4600//9076 4596//9076
f 4596//9077 4600//9077 4595//9077
f 4601//9078 4600//9078 4598//9078
f 4602//9079 4600//9079 4601//9079
f 4599//9080 4603//9080 3339//9080
f 3339//9081 4603//9081 3340//9081
f 3340//9082 4603//9082 3343//9082
f 4602//9083 4604//9083 4600//9083
f 4600//9084 4604//9084 4599//9084
f 4605//9085 4604//9085 4602//9085
f 4606//9086 4604//9086 4605//9086
f 3343//9087 4607//9087 3344//9087
f 3344//9088 4607//9088 3348//9088
f 4603//9089 4607//9089 3343//9089
f 4604//9090 4608//9090 4599//9090
f 4599//9091 4608//9091 4603//9091
f 4606//9092 4608//9092 4604//9092
f 4609//9093 4608//9093 4606//9093
f 4610//9094 4608//9094 4609//9094
f 4603//9095 4608//9095 4607//9095
f 3348//9096 4611//9096 3349//9096
f 3349//9097 4611//9097 3350//9097
f 4607//9098 4611//9098 3348//9098
f 4608//9099 4612//9099 4607//9099
f 4610//9100 4612//9100 4608//9100
f 4607//9101 4612//9101 4611//9101
f 4613//9102 4612//9102 4610//9102
f 4614//9103 4612//9103 4613//9103
f 4611//9104 4615//9104 3350//9104
f 3350//9105 4615//9105 3354//9105
f 3354//9106 4615//9106 3355//9106
f 4612//9107 4616//9107 4611//9107
f 4614//9108 4616//9108 4612//9108
f 4617//9109 4616//9109 4614//9109
f 4618//9110 4616//9110 4617//9110
f 3355//9111 4619//9111 3356//9111
f 3356//9112 4619//9112 3357//9112
f 4615//9113 4619//9113 3355//9113
f 4611//9114 4620//9114 4615//9114
f 4618//9115 4620//9115 4616//9115
f 4621//9116 4620//9116 4618//9116
f 4622//9117 4620//9117 4621//9117
f 4615//9118 4620//9118 4619//9118
f 4616//9119 4620//9119 4611//9119
f 3357//9120 4623//9120 3362//9120
f 3362//9121 4623//9121 3363//9121
f 4619//9122 4623//9122 3357//9122
f 4622//9123 4624//9123 4620//9123
f 4625//9124 4624//9124 4622//9124
f 4626//9125 4624//9125 4625//9125
f 4620//9126 4624//9126 4619//9126
f 3363//9127 4627//9127 3364//9127
f 3364//9128 4627//9128 3371//9128
f 4623//9129 4627//9129 3363//9129
f 4619//9130 4628//9130 4623//9130
f 4629//9131 4628//9131 4626//9131
f 4630//9132 4628//9132 4629//9132
f 4624//9133 4628//9133 4619//9133
f 4626//9134 4628//9134 4624//9134
f 4623//9135 4628//9135 4627//9135
f 4627//9136 4631//9136 3371//9136
f 3373//9137 4631//9137 4548//9137
f 3371//9138 4631//9138 3372//9138
f 3372//9139 4631//9139 3373//9139
f 4632//9140 4633//9140 4630//9140
f 4634//9141 4633//9141 4632//9141
f 4630//9142 4633//9142 4628//9142
f 4628//9143 4633//9143 4627//9143
f 4548//9144 4635//9144 4562//9144
f 4631//9145 4635//9145 4548//9145
f 4634//9146 4635//9146 4633//9146
f 4627//9147 4635//9147 4631//9147
f 4636//9148 4635//9148 4634//9148
f 4637//9149 4635//9149 4636//9149
f 4633//9150 4635//9150 4627//9150
f 4562//9151 4635//9151 4637//9151
f 3373//9152 4548//9152 3369//9152
f 4637//9153 4560//9153 4562//9153
f 3370//9154 4638//9154 3378//9154
f 3378//9155 4638//9155 3379//9155
f 4548//9156 4638//9156 3370//9156
f 3379//9157 4639//9157 3380//9157
f 3380//9158 4639//9158 3381//9158
f 4638//9159 4639//9159 3379//9159
f 4562//9160 4640//9160 4548//9160
f 4641//9161 4640//9161 4561//9161
f 4642//9162 4640//9162 4641//9162
f 4548//9163 4640//9163 4638//9163
f 4561//9164 4640//9164 4562//9164
f 3381//9165 4643//9165 3387//9165
f 3387//9166 4643//9166 3388//9166
f 4639//9167 4643//9167 3381//9167
f 4644//9168 4645//9168 4642//9168
f 4646//9169 4645//9169 4644//9169
f 4638//9170 4645//9170 4639//9170
f 4642//9171 4645//9171 4640//9171
f 4640//9172 4645//9172 4638//9172
f 3388//9173 4647//9173 3389//9173
f 3389//9174 4647//9174 3390//9174
f 4643//9175 4647//9175 3388//9175
f 4648//9176 4649//9176 4646//9176
f 4650//9177 4649//9177 4648//9177
f 4639//9178 4649//9178 4643//9178
f 4646//9179 4649//9179 4645//9179
f 4645//9180 4649//9180 4639//9180
f 3390//9181 4651//9181 3391//9181
f 3391//9182 4651//9182 3397//9182
f 4647//9183 4651//9183 3390//9183
f 4652//9184 4653//9184 4650//9184
f 4654//9185 4653//9185 4652//9185
f 4643//9186 4653//9186 4647//9186
f 4650//9187 4653//9187 4649//9187
f 4649//9188 4653//9188 4643//9188
f 3397//9189 4655//9189 3398//9189
f 3398//9190 4655//9190 3399//9190
f 4651//9191 4655//9191 3397//9191
f 4656//9192 4657//9192 4654//9192
f 4658//9193 4657//9193 4656//9193
f 4647//9194 4657//9194 4651//9194
f 4654//9195 4657//9195 4653//9195
f 4653//9196 4657//9196 4647//9196
f 3399//9197 4659//9197 3400//9197
f 3400//9198 4659//9198 3401//9198
f 4655//9199 4659//9199 3399//9199
f 4657//9200 4660//9200 4651//9200
f 4661//9201 4660//9201 4658//9201
f 4662//9202 4660//9202 4661//9202
f 4651//9203 4660//9203 4655//9203
f 4658//9204 4660//9204 4657//9204
f 3401//9205 4663//9205 3402//9205
f 3402//9206 4663//9206 3403//9206
f 4659//9207 4663//9207 3401//9207
f 4659//9208 4664//9208 4663//9208
f 4665//9209 4664//9209 4662//9209
f 4666//9210 4664//9210 4665//9210
f 4655//9211 4664//9211 4659//9211
f 4662//9212 4664//9212 4660//9212
f 4660//9213 4664//9213 4655//9213
f 3403//9214 4667//9214 3404//9214
f 3404//9215 4667//9215 3392//9215
f 4663//9216 4667//9216 3403//9216
f 4668//9217 4669//9217 4666//9217
f 4670//9218 4669//9218 4668//9218
f 4664//9219 4669//9219 4663//9219
f 4666//9220 4669//9220 4664//9220
f 3392//9221 4671//9221 3393//9221
f 3393//9222 4671//9222 3394//9222
f 4667//9223 4671//9223 3392//9223
f 4669//9224 4672//9224 4663//9224
f 4670//9225 4672//9225 4669//9225
f 4673//9226 4672//9226 4670//9226
f 4674//9227 4672//9227 4673//9227
f 4663//9228 4672//9228 4667//9228
f 3394//9229 4675//9229 3395//9229
f 3395//9230 4675//9230 3396//9230
f 4671//9231 4675//9231 3394//9231
f 4667//9232 4676//9232 4671//9232
f 4671//9233 4676//9233 4675//9233
f 4677//9234 4676//9234 4674//9234
f 4678//9235 4676//9235 4677//9235
f 4672//9236 4676//9236 4667//9236
f 4674//9237 4676//9237 4672//9237
f 4675//9238 4679//9238 3396//9238
f 3396//9239 4679//9239 3382//9239
f 3382//9240 4679//9240 3383//9240
f 4680//9241 4681//9241 4678//9241
f 4682//9242 4681//9242 4680//9242
f 4678//9243 4681//9243 4676//9243
f 4676//9244 4681//9244 4675//9244
f 4679//9245 4683//9245 3383//9245
f 3383//9246 4683//9246 3384//9246
f 3384//9247 4683//9247 3385//9247
f 4681//9248 4684//9248 4675//9248
f 4685//9249 4684//9249 4682//9249
f 4686//9250 4684//9250 4685//9250
f 4682//9251 4684//9251 4681//9251
f 4675//9252 4684//9252 4679//9252
f 3385//9253 4687//9253 3386//9253
f 3386//9254 4687//9254 3374//9254
f 4683//9255 4687//9255 3385//9255
f 4686//9256 4688//9256 4684//9256
f 4683//9257 4688//9257 4687//9257
f 4689//9258 4688//9258 4686//9258
f 4690//9259 4688//9259 4689//9259
f 4684//9260 4688//9260 4679//9260
f 4679//9261 4688//9261 4683//9261
f 3374//9262 4691//9262 3375//9262
f 3375//9263 4691//9263 3376//9263
f 4687//9264 4691//9264 3374//9264
f 4690//9265 4692//9265 4688//9265
f 4693//9266 4692//9266 4690//9266
f 4694//9267 4692//9267 4693//9267
f 4688//9268 4692//9268 4687//9268
f 3376//9269 4695//9269 3377//9269
f 3377//9270 4695//9270 3365//9270
f 4691//9271 4695//9271 3376//9271
f 4694//9272 4696//9272 4692//9272
f 4687//9273 4696//9273 4691//9273
f 4692//9274 4696//9274 4687//9274
f 4697//9275 4696//9275 4694//9275
f 4698//9276 4696//9276 4697//9276
f 3365//9277 4699//9277 3366//9277
f 3366//9278 4699//9278 3367//9278
f 4695//9279 4699//9279 3365//9279
f 4691//9280 4700//9280 4695//9280
f 4696//9281 4700//9281 4691//9281
f 4698//9282 4700//9282 4696//9282
f 4701//9283 4700//9283 4698//9283
f 4702//9284 4700//9284 4701//9284
f 3367//9285 4703//9285 3368//9285
f 3368//9286 4703//9286 3358//9286
f 4699//9287 4703//9287 3367//9287
f 4702//9288 4704//9288 4700//9288
f 4695//9289 4704//9289 4699//9289
f 4699//9290 4704//9290 4703//9290
f 4705//9291 4704//9291 4702//9291
f 4706//9292 4704//9292 4705//9292
f 4700//9293 4704//9293 4695//9293
f 4703//9294 4707//9294 3358//9294
f 3358//9295 4707//9295 3359//9295
f 3359//9296 4707//9296 3360//9296
f 4706//9297 4708//9297 4704//9297
f 4709//9298 4708//9298 4706//9298
f 4710//9299 4708//9299 4709//9299
f 4704//9300 4708//9300 4703//9300
f 4703//9301 4708//9301 4707//9301
f 3360//9302 4711//9302 3361//9302
f 3361//9303 4711//9303 3351//9303
f 4707//9304 4711//9304 3360//9304
f 4712//9305 4713//9305 4710//9305
f 4714//9306 4713//9306 4712//9306
f 4708//9307 4713//9307 4707//9307
f 4710//9308 4713//9308 4708//9308
f 3351//9309 4715//9309 3352//9309
f 3352//9310 4715//9310 3353//9310
f 4711//9311 4715//9311 3351//9311
f 4713//9312 4716//9312 4707//9312
f 4707//9313 4716//9313 4711//9313
f 4714//9314 4716//9314 4713//9314
f 4717//9315 4716//9315 4714//9315
f 4718//9316 4716//9316 4717//9316
f 4711//9317 4716//9317 4715//9317
f 4715//9318 4719//9318 3353//9318
f 3353//9319 4719//9319 3345//9319
f 3345//9320 4719//9320 3346//9320
f 4716//9321 4720//9321 4715//9321
f 4718//9322 4720//9322 4716//9322
f 4721//9323 4720//9323 4718//9323
f 4722//9324 4720//9324 4721//9324
f 4715//9325 4720//9325 4719//9325
f 4719//9326 4723//9326 3346//9326
f 3346//9327 4723//9327 3347//9327
f 3347//9328 4723//9328 3341//9328
f 4720//9329 4724//9329 4719//9329
f 4722//9330 4724//9330 4720//9330
f 4725//9331 4724//9331 4722//9331
f 4726//9332 4724//9332 4725//9332
f 4723//9333 4727//9333 3341//9333
f 3341//9334 4727//9334 3342//9334
f 3342//9335 4727//9335 3336//9335
f 4724//9336 4728//9336 4719//9336
f 4719//9337 4728//9337 4723//9337
f 4726//9338 4728//9338 4724//9338
f 4729//9339 4728//9339 4726//9339
f 4730//9340 4728//9340 4729//9340
f 4727//9341 4731//9341 3336//9341
f 3336//9342 4731//9342 3337//9342
f 3337//9343 4731//9343 3332//9343
f 4723//9344 4732//9344 4727//9344
f 4733//9345 4732//9345 4730//9345
f 4734//9346 4732//9346 4733//9346
f 4730//9347 4732//9347 4728//9347
f 4728//9348 4732//9348 4723//9348
f 4731//9349 4735//9349 3332//9349
f 3332//9350 4735//9350 3333//9350
f 3333//9351 4735//9351 3328//9351
f 4734//9352 4736//9352 4732//9352
f 4727//9353 4736//9353 4731//9353
f 4732//9354 4736//9354 4727//9354
f 4737//9355 4736//9355 4734//9355
f 4738//9356 4736//9356 4737//9356
f 4735//9357 4739//9357 3328//9357
f 3328//9358 4739//9358 3329//9358
f 3329//9359 4739//9359 3325//9359
f 4731//9360 4740//9360 4735//9360
f 4738//9361 4740//9361 4736//9361
f 4736//9362 4740//9362 4731//9362
f 4741//9363 4740//9363 4738//9363
f 4742//9364 4740//9364 4741//9364
f 3325//9365 4743//9365 3326//9365
f 3326//9366 4743//9366 3322//9366
f 4739//9367 4743//9367 3325//9367
f 4740//9368 4744//9368 4735//9368
f 4745//9369 4744//9369 4742//9369
f 4746//9370 4744//9370 4745//9370
f 4735//9371 4744//9371 4739//9371
f 4742//9372 4744//9372 4740//9372
f 3322//9373 4747//9373 3320//9373
f 3320//9374 4747//9374 3317//9374
f 4743//9375 4747//9375 3322//9375
f 4739//9376 4748//9376 4743//9376
f 4744//9377 4748//9377 4739//9377
f 4749//9378 4748//9378 4746//9378
f 4746//9379 4748//9379 4744//9379
f 4750//9380 4748//9380 4749//9380
f 4747//9381 4751//9381 3317//9381
f 3317//9382 4751//9382 3318//9382
f 3318//9383 4751//9383 3311//9383
f 4750//9384 4752//9384 4748//9384
f 4743//9385 4752//9385 4747//9385
f 4748//9386 4752//9386 4743//9386
f 4753//9387 4752//9387 4750//9387
f 4754//9388 4752//9388 4753//9388
f 3311//9389 4755//9389 3307//9389
f 3307//9390 4755//9390 3304//9390
f 4751//9391 4755//9391 3311//9391
f 4747//9392 4756//9392 4751//9392
f 4752//9393 4756//9393 4747//9393
f 4754//9394 4756//9394 4752//9394
f 4757//9395 4756//9395 4754//9395
f 4758//9396 4756//9396 4757//9396
f 4755//9397 4759//9397 3304//9397
f 3304//9398 4759//9398 3299//9398
f 3299//9399 4759//9399 3294//9399
f 4758//9400 4760//9400 4756//9400
f 4751//9401 4760//9401 4755//9401
f 4761//9402 4760//9402 4758//9402
f 4762//9403 4760//9403 4761//9403
f 4756//9404 4760//9404 4751//9404
f 4759//9405 4763//9405 3294//9405
f 3294//9406 4763//9406 3291//9406
f 3291//9407 4763//9407 3286//9407
f 4759//9408 4764//9408 4763//9408
f 4762//9409 4764//9409 4760//9409
f 4760//9410 4764//9410 4755//9410
f 4755//9411 4764//9411 4759//9411
f 4765//9412 4764//9412 4762//9412
f 4766//9413 4764//9413 4765//9413
f 4763//9414 4767//9414 3286//9414
f 3286//9415 4767//9415 3282//9415
f 3282//9416 4767//9416 3277//9416
f 4766//9417 4768//9417 4764//9417
f 4764//9418 4768//9418 4763//9418
f 4769//9419 4768//9419 4766//9419
f 4770//9420 4768//9420 4769//9420
f 4767//9421 4771//9421 3277//9421
f 3277//9422 4771//9422 3274//9422
f 3274//9423 4771//9423 3269//9423
f 4768//9424 4772//9424 4763//9424
f 4770//9425 4772//9425 4768//9425
f 4763//9426 4772//9426 4767//9426
f 4773//9427 4772//9427 4770//9427
f 4774//9428 4772//9428 4773//9428
f 4771//9429 4775//9429 3269//9429
f 3269//9430 4775//9430 3265//9430
f 3265//9431 4775//9431 3261//9431
f 4776//9432 4777//9432 4774//9432
f 4778//9433 4777//9433 4776//9433
f 4772//9434 4777//9434 4767//9434
f 4774//9435 4777//9435 4772//9435
f 4767//9436 4777//9436 4771//9436
f 4775//9437 4779//9437 3261//9437
f 3261//9438 4779//9438 3258//9438
f 3258//9439 4779//9439 3251//9439
f 4780//9440 4781//9440 4778//9440
f 4782//9441 4781//9441 4780//9441
f 4777//9442 4781//9442 4771//9442
f 4775//9443 4781//9443 4779//9443
f 4778//9444 4781//9444 4777//9444
f 4771//9445 4781//9445 4775//9445
f 4779//9446 4783//9446 3251//9446
f 3251//9447 4783//9447 3247//9447
f 3247//9448 4783//9448 3243//9448
f 4784//9449 4785//9449 4782//9449
f 4786//9450 4785//9450 4784//9450
f 4782//9451 4785//9451 4781//9451
f 4781//9452 4785//9452 4779//9452
f 4783//9453 4543//9453 3243//9453
f 3243//9454 4543//9454 3239//9454
f 3239//9455 4543//9455 3238//9455
f 4787//9456 4788//9456 4786//9456
f 4789//9457 4788//9457 4787//9457
f 4783//9458 4788//9458 4543//9458
f 4786//9459 4788//9459 4785//9459
f 4785//9460 4788//9460 4779//9460
f 4779//9461 4788//9461 4783//9461
f 3238//9462 4539//9462 3241//9462
f 3241//9463 4539//9463 3245//9463
f 4543//9464 4539//9464 3238//9464
f 4790//9465 4541//9465 4789//9465
f 4545//9466 4541//9466 4790//9466
f 4789//9467 4541//9467 4788//9467
f 4788//9468 4541//9468 4543//9468
f 4561//9469 4560//9469 4791//9469
f 4561//9470 4791//9470 4792//9470
f 4641//9471 4792//9471 4793//9471
f 4641//9472 4561//9472 4792//9472
f 4642//9473 4793//9473 4794//9473
f 4642//9474 4641//9474 4793//9474
f 4644//9475 4794//9475 4795//9475
f 4644//9476 4642//9476 4794//9476
f 4646//9477 4795//9477 4796//9477
f 4646//9478 4644//9478 4795//9478
f 4648//9479 4796//9479 4797//9479
f 4648//9480 4646//9480 4796//9480
f 4650//9481 4797//9481 4798//9481
f 4650//9482 4648//9482 4797//9482
f 4652//9483 4798//9483 4799//9483
f 4652//9484 4650//9484 4798//9484
f 4654//9485 4799//9485 4800//9485
f 4654//9486 4652//9486 4799//9486
f 4656//9487 4800//9487 4801//9487
f 4656//9488 4654//9488 4800//9488
f 4658//9489 4656//9489 4801//9489
f 4658//9490 4801//9490 4802//9490
f 4661//9491 4658//9491 4802//9491
f 4661//9492 4802//9492 4803//9492
f 4662//9493 4661//9493 4803//9493
f 4662//9494 4803//9494 4804//9494
f 4665//9495 4662//9495 4804//9495
f 4665//9496 4804//9496 4805//9496
f 4666//9497 4805//9497 4806//9497
f 4666//9498 4665//9498 4805//9498
f 4668//9499 4806//9499 4807//9499
f 4668//9500 4666//9500 4806//9500
f 4670//9501 4807//9501 4808//9501
f 4670//9502 4668//9502 4807//9502
f 4673//9503 4808//9503 4809//9503
f 4673//9504 4670//9504 4808//9504
f 4674//9505 4809//9505 4810//9505
f 4674//9506 4673//9506 4809//9506
f 4677//9507 4810//9507 4811//9507
f 4677//9508 4674//9508 4810//9508
f 4678//9509 4811//9509 4812//9509
f 4678//9510 4677//9510 4811//9510
f 4680//9511 4812//9511 4813//9511
f 4680//9512 4678//9512 4812//9512
f 4682//9513 4813//9513 4814//9513
f 4682//9514 4680//9514 4813//9514
f 4685//9515 4814//9515 4815//9515
f 4685//9516 4682//9516 4814//9516
f 4686//9517 4815//9517 4816//9517
f 4686//9518 4685//9518 4815//9518
f 4689//9519 4816//9519 4817//9519
f 4689//9520 4686//9520 4816//9520
f 4690//9521 4817//9521 4818//9521
f 4690//9522 4689//9522 4817//9522
f 4693//9523 4818//9523 4819//9523
f 4693//9524 4690//9524 4818//9524
f 4694//9525 4819//9525 4820//9525
f 4694//9526 4693//9526 4819//9526
f 4697//9527 4820//9527 4821//9527
f 4697//9528 4694//9528 4820//9528
f 4698//9529 4821//9529 4822//9529
f 4698//9530 4697//9530 4821//9530
f 4701//9531 4822//9531 4823//9531
f 4701//9532 4698//9532 4822//9532
f 4702//9533 4823//9533 4824//9533
f 4702//9534 4701//9534 4823//9534
f 4705//9535 4824//9535 4825//9535
f 4705//9536 4702//9536 4824//9536
f 4706//9537 4825//9537 4826//9537
f 4706//9538 4705//9538 4825//9538
f 4709//9539 4826//9539 4827//9539
f 4709//9540 4706//9540 4826//9540
f 4710//9541 4709//9541 4827//9541
f 4710//9542 4827//9542 4828//9542
f 4712//9543 4710//9543 4828//9543
f 4712//9544 4828//9544 4829//9544
f 4714//9545 4712//9545 4829//9545
f 4714//9546 4829//9546 4830//9546
f 4717//9547 4714//9547 4830//9547
f 4717//9548 4830//9548 4831//9548
f 4718//9549 4717//9549 4831//9549
f 4718//9550 4831//9550 4832//9550
f 4721//9551 4718//9551 4832//9551
f 4721//9552 4832//9552 4833//9552
f 4722//9553 4721//9553 4833//9553
f 4722//9554 4833//9554 4834//9554
f 4725//9555 4722//9555 4834//9555
f 4725//9556 4834//9556 4835//9556
f 4726//9557 4725//9557 4835//9557
f 4726//9558 4835//9558 4836//9558
f 4729//9559 4726//9559 4836//9559
f 4729//9560 4836//9560 4837//9560
f 4730//9561 4729//9561 4837//9561
f 4730//9562 4837//9562 4838//9562
f 4733//9563 4838//9563 4839//9563
f 4733//9564 4730//9564 4838//9564
f 4734//9565 4839//9565 4840//9565
f 4734//9566 4733//9566 4839//9566
f 4737//9567 4840//9567 4841//9567
f 4737//9568 4734//9568 4840//9568
f 4738//9569 4841//9569 4842//9569
f 4738//9570 4737//9570 4841//9570
f 4741//9571 4842//9571 4843//9571
f 4741//9572 4738//9572 4842//9572
f 4742//9573 4843//9573 4844//9573
f 4742//9574 4741//9574 4843//9574
f 4745//9575 4844//9575 4845//9575
f 4745//9576 4742//9576 4844//9576
f 4746//9577 4845//9577 4846//9577
f 4746//9578 4745//9578 4845//9578
f 4749//9579 4846//9579 4847//9579
f 4749//9580 4746//9580 4846//9580
f 4750//9581 4847//9581 4848//9581
f 4750//9582 4848//9582 4849//9582
f 4750//9583 4749//9583 4847//9583
f 4753//9584 4750//9584 4849//9584
f 4754//9585 4849//9585 4850//9585
f 4754//9586 4850//9586 4851//9586
f 4754//9587 4753//9587 4849//9587
f 4757//9588 4851//9588 4852//9588
f 4757//9589 4754//9589 4851//9589
f 4758//9590 4852//9590 4853//9590
f 4758//9591 4757//9591 4852//9591
f 4761//9592 4758//9592 4853//9592
f 4762//9593 4761//9593 4853//9593
f 4762//9594 4853//9594 4854//9594
f 4765//9595 4762//9595 4854//9595
f 4765//9596 4854//9596 4855//9596
f 4765//9597 4855//9597 4856//9597
f 4766//9598 4765//9598 4856//9598
f 4769//9599 4766//9599 4856//9599
f 4769//9600 4856//9600 4857//9600
f 4770//9601 4769//9601 4857//9601
f 4770//9602 4857//9602 4858//9602
f 4773//9603 4770//9603 4858//9603
f 4773//9604 4858//9604 4859//9604
f 4774//9605 4773//9605 4859//9605
f 4774//9606 4859//9606 4860//9606
f 4774//9607 4860//9607 4861//9607
f 4776//9608 4774//9608 4861//9608
f 4776//9609 4861//9609 4862//9609
f 4778//9610 4776//9610 4862//9610
f 4780//9611 4778//9611 4862//9611
f 4780//9612 4862//9612 4863//9612
f 4782//9613 4780//9613 4863//9613
f 4782//9614 4863//9614 4864//9614
f 4784//9615 4782//9615 4864//9615
f 4784//9616 4864//9616 4865//9616
f 4786//9617 4784//9617 4865//9617
f 4786//9618 4865//9618 4866//9618
f 4787//9619 4786//9619 4866//9619
f 4787//9620 4866//9620 4867//9620
f 4789//9621 4787//9621 4867//9621
f 4789//9622 4867//9622 4868//9622
f 4790//9623 4789//9623 4868//9623
f 4790//9624 4868//9624 4869//9624
f 4790//9625 4869//9625 4870//9625
f 4545//9626 4790//9626 4870//9626
f 4544//9627 4545//9627 4870//9627
f 4544//9628 4870//9628 4871//9628
f 4546//9629 4544//9629 4871//9629
f 4546//9630 4871//9630 4872//9630
f 4546//9631 4872//9631 4873//9631
f 4549//9632 4546//9632 4873//9632
f 4551//9633 4873//9633 4874//9633
f 4551//9634 4549//9634 4873//9634
f 4551//9635 4874//9635 4875//9635
f 4554//9636 4875//9636 4876//9636
f 4554//9637 4551//9637 4875//9637
f 4555//9638 4554//9638 4876//9638
f 4557//9639 4876//9639 4877//9639
f 4557//9640 4877//9640 4878//9640
f 4557//9641 4555//9641 4876//9641
f 4559//9642 4557//9642 4878//9642
f 4559//9643 4878//9643 4879//9643
f 4565//9644 4559//9644 4879//9644
f 4566//9645 4565//9645 4879//9645
f 4566//9646 4879//9646 4880//9646
f 4566//9647 4880//9647 4881//9647
f 4568//9648 4566//9648 4881//9648
f 4568//9649 4881//9649 4882//9649
f 4570//9650 4568//9650 4882//9650
f 4570//9651 4882//9651 4883//9651
f 4572//9652 4570//9652 4883//9652
f 4574//9653 4572//9653 4883//9653
f 4574//9654 4883//9654 4884//9654
f 4576//9655 4574//9655 4884//9655
f 4576//9656 4884//9656 4885//9656
f 4578//9657 4576//9657 4885//9657
f 4578//9658 4885//9658 4886//9658
f 4578//9659 4886//9659 4887//9659
f 4580//9660 4578//9660 4887//9660
f 4580//9661 4887//9661 4888//9661
f 4582//9662 4580//9662 4888//9662
f 4584//9663 4582//9663 4888//9663
f 4584//9664 4888//9664 4889//9664
f 4584//9665 4889//9665 4890//9665
f 4586//9666 4584//9666 4890//9666
f 4589//9667 4890//9667 4891//9667
f 4589//9668 4586//9668 4890//9668
f 4590//9669 4891//9669 4892//9669
f 4590//9670 4892//9670 4893//9670
f 4590//9671 4589//9671 4891//9671
f 4593//9672 4893//9672 4894//9672
f 4593//9673 4590//9673 4893//9673
f 4594//9674 4593//9674 4894//9674
f 4597//9675 4894//9675 4895//9675
f 4597//9676 4594//9676 4894//9676
f 4598//9677 4895//9677 4896//9677
f 4598//9678 4597//9678 4895//9678
f 4601//9679 4896//9679 4897//9679
f 4601//9680 4598//9680 4896//9680
f 4602//9681 4897//9681 4898//9681
f 4602//9682 4601//9682 4897//9682
f 4605//9683 4898//9683 4899//9683
f 4605//9684 4602//9684 4898//9684
f 4606//9685 4899//9685 4900//9685
f 4606//9686 4605//9686 4899//9686
f 4609//9687 4900//9687 4901//9687
f 4609//9688 4606//9688 4900//9688
f 4610//9689 4901//9689 4902//9689
f 4610//9690 4609//9690 4901//9690
f 4613//9691 4610//9691 4902//9691
f 4613//9692 4902//9692 4903//9692
f 4614//9693 4613//9693 4903//9693
f 4614//9694 4903//9694 4904//9694
f 4617//9695 4614//9695 4904//9695
f 4617//9696 4904//9696 4905//9696
f 4618//9697 4617//9697 4905//9697
f 4618//9698 4905//9698 4906//9698
f 4621//9699 4618//9699 4906//9699
f 4621//9700 4906//9700 4907//9700
f 4622//9701 4907//9701 4908//9701
f 4622//9702 4908//9702 4909//9702
f 4622//9703 4621//9703 4907//9703
f 4625//9704 4622//9704 4909//9704
f 4626//9705 4909//9705 4910//9705
f 4626//9706 4625//9706 4909//9706
f 4629//9707 4910//9707 4911//9707
f 4629//9708 4911//9708 4912//9708
f 4629//9709 4626//9709 4910//9709
f 4630//9710 4629//9710 4912//9710
f 4632//9711 4912//9711 4913//9711
f 4632//9712 4630//9712 4912//9712
f 4634//9713 4913//9713 4914//9713
f 4634//9714 4632//9714 4913//9714
f 4636//9715 4914//9715 4915//9715
f 4636//9716 4634//9716 4914//9716
f 4637//9717 4915//9717 4916//9717
f 4637//9718 4636//9718 4915//9718
f 4560//9719 4916//9719 4791//9719
f 4560//9720 4637//9720 4916//9720
f 4835//9721 4837//9721 4836//9721
f 4835//9722 4838//9722 4837//9722
f 4835//9723 4839//9723 4838//9723
f 4843//9724 4842//9724 4841//9724
f 4833//9725 4835//9725 4834//9725
f 4845//9726 4843//9726 4841//9726
f 4845//9727 4840//9727 4839//9727
f 4845//9728 4841//9728 4840//9728
f 4845//9729 4844//9729 4843//9729
f 4831//9730 4833//9730 4832//9730
f 4828//9731 4830//9731 4829//9731
f 4827//9732 4831//9732 4830//9732
f 4827//9733 4835//9733 4833//9733
f 4827//9734 4830//9734 4828//9734
f 4827//9735 4833//9735 4831//9735
f 4851//9736 4847//9736 4846//9736
f 4851//9737 4848//9737 4847//9737
f 4851//9738 4849//9738 4848//9738
f 4851//9739 4850//9739 4849//9739
f 4823//9740 4825//9740 4824//9740
f 4854//9741 4846//9741 4845//9741
f 4854//9742 4852//9742 4851//9742
f 4854//9743 4853//9743 4852//9743
f 4854//9744 4851//9744 4846//9744
f 4822//9745 4826//9745 4825//9745
f 4822//9746 4827//9746 4826//9746
f 4822//9747 4825//9747 4823//9747
f 4819//9748 4821//9748 4820//9748
f 4819//9749 4822//9749 4821//9749
f 4858//9750 4857//9750 4856//9750
f 4859//9751 4858//9751 4856//9751
f 4860//9752 4859//9752 4856//9752
f 4860//9753 4855//9753 4854//9753
f 4860//9754 4856//9754 4855//9754
f 4860//9755 4854//9755 4845//9755
f 4815//9756 4817//9756 4816//9756
f 4814//9757 4817//9757 4815//9757
f 4863//9758 4862//9758 4861//9758
f 4864//9759 4863//9759 4861//9759
f 4812//9760 4817//9760 4814//9760
f 4812//9761 4814//9761 4813//9761
f 4811//9762 4817//9762 4812//9762
f 4810//9763 4817//9763 4811//9763
f 4810//9764 4818//9764 4817//9764
f 4810//9765 4819//9765 4818//9765
f 4868//9766 4866//9766 4865//9766
f 4868//9767 4867//9767 4866//9767
f 4808//9768 4810//9768 4809//9768
f 4808//9769 4819//9769 4810//9769
f 4870//9770 4869//9770 4868//9770
f 4872//9771 4871//9771 4870//9771
f 4804//9772 4806//9772 4805//9772
f 4804//9773 4807//9773 4806//9773
f 4804//9774 4808//9774 4807//9774
f 4873//9775 4872//9775 4870//9775
f 4803//9776 4808//9776 4804//9776
f 4802//9777 4808//9777 4803//9777
f 4875//9778 4864//9778 4861//9778
f 4875//9779 4868//9779 4865//9779
f 4875//9780 4870//9780 4868//9780
f 4875//9781 4873//9781 4870//9781
f 4875//9782 4865//9782 4864//9782
f 4875//9783 4874//9783 4873//9783
f 4877//9784 4876//9784 4875//9784
f 4799//9785 4801//9785 4800//9785
f 4799//9786 4802//9786 4801//9786
f 4798//9787 4802//9787 4799//9787
f 4797//9788 4822//9788 4819//9788
f 4797//9789 4839//9789 4835//9789
f 4797//9790 4819//9790 4808//9790
f 4797//9791 4802//9791 4798//9791
f 4797//9792 4835//9792 4827//9792
f 4797//9793 4827//9793 4822//9793
f 4797//9794 4808//9794 4802//9794
f 4880//9795 4878//9795 4877//9795
f 4880//9796 4879//9796 4878//9796
f 4796//9797 4845//9797 4839//9797
f 4796//9798 4839//9798 4797//9798
f 4881//9799 4877//9799 4875//9799
f 4881//9800 4880//9800 4877//9800
f 4795//9801 4845//9801 4796//9801
f 4794//9802 4845//9802 4795//9802
f 4883//9803 4882//9803 4881//9803
f 4884//9804 4883//9804 4881//9804
f 4884//9805 4881//9805 4875//9805
f 4792//9806 4845//9806 4794//9806
f 4792//9807 4794//9807 4793//9807
f 4792//9808 4860//9808 4845//9808
f 4792//9809 4861//9809 4860//9809
f 4886//9810 4884//9810 4875//9810
f 4886//9811 4885//9811 4884//9811
f 4916//9812 4792//9812 4791//9812
f 4916//9813 4861//9813 4792//9813
f 4887//9814 4886//9814 4875//9814
f 4889//9815 4888//9815 4887//9815
f 4913//9816 4915//9816 4914//9816
f 4912//9817 4916//9817 4915//9817
f 4912//9818 4915//9818 4913//9818
f 4911//9819 4916//9819 4912//9819
f 4892//9820 4889//9820 4887//9820
f 4892//9821 4887//9821 4875//9821
f 4892//9822 4890//9822 4889//9822
f 4892//9823 4891//9823 4890//9823
f 4909//9824 4911//9824 4910//9824
f 4894//9825 4893//9825 4892//9825
f 4907//9826 4909//9826 4908//9826
f 4896//9827 4895//9827 4894//9827
f 4896//9828 4861//9828 4916//9828
f 4896//9829 4916//9829 4911//9829
f 4896//9830 4894//9830 4892//9830
f 4896//9831 4892//9831 4875//9831
f 4896//9832 4875//9832 4861//9832
f 4906//9833 4909//9833 4907//9833
f 4905//9834 4909//9834 4906//9834
f 4904//9835 4911//9835 4909//9835
f 4904//9836 4909//9836 4905//9836
f 4899//9837 4898//9837 4897//9837
f 4900//9838 4899//9838 4897//9838
f 4902//9839 4904//9839 4903//9839
f 4902//9840 4896//9840 4911//9840
f 4902//9841 4911//9841 4904//9841
f 4901//9842 4897//9842 4896//9842
f 4901//9843 4896//9843 4902//9843
f 4901//9844 4900//9844 4897//9844
