# Created by FreeCAD <https://www.freecad.org>
v 23.998199 -4.728138 62.890518
v 24.098328 -4.698423 62.997601
v -3.133024 -12.780129 71.849998
v 24.203449 -4.667225 63.099342
v 23.903311 -4.756299 62.778362
v 24.313301 -4.634623 63.195496
v 23.813902 -4.782834 62.661411
v 24.427612 -4.600698 63.285812
v 23.730192 -4.807677 62.539959
v 24.546097 -4.565534 63.370079
v 23.652390 -4.830768 62.414307
v 24.668461 -4.529219 63.448074
v 23.580688 -4.852047 62.284763
v 24.794399 -4.491843 63.519615
v 23.515268 -4.871463 62.151649
v 24.923599 -4.453499 63.584518
v 23.456287 -4.888967 62.015305
v 25.055740 -4.414282 63.642620
v 23.403896 -4.904515 61.876060
v 23.358225 -4.918070 61.734264
v 23.319386 -4.929596 61.590271
v 23.287476 -4.939066 61.444439
v 23.262575 -4.946456 61.297127
v 23.244743 -4.951749 61.148705
v 23.234026 -4.954929 60.999538
v 23.230452 -4.955990 60.849998
v 23.234026 -4.954929 60.700462
v -3.133024 -12.780129 47.849998
v 23.244743 -4.951749 60.551296
v 23.262575 -4.946456 60.402874
v 23.287476 -4.939066 60.255562
v 23.319386 -4.929596 60.109726
v 23.358225 -4.918070 59.965733
v 23.403896 -4.904515 59.823940
v 23.456287 -4.888967 59.684696
v 35.213852 -1.399563 71.849998
v 25.891542 -4.166233 63.841610
v 26.034765 -4.123727 63.849068
v 25.748854 -4.208580 63.826717
v 25.607052 -4.250664 63.804424
v 25.466494 -4.292379 63.774784
v 25.327526 -4.333622 63.737873
v 25.190495 -4.374290 63.693783
v 27.157194 -3.790613 63.642620
v 27.289337 -3.751397 63.584518
v 27.022440 -3.830606 63.693783
v 26.885408 -3.871274 63.737873
v 26.746441 -3.912517 63.774784
v 26.605883 -3.954232 63.804424
v 26.464083 -3.996315 63.826717
v 26.321392 -4.038662 63.841610
v 26.178169 -4.081168 63.849068
v 23.515268 -4.871463 59.548347
v 35.354519 -1.357816 71.839172
v 35.307819 -1.371676 71.845184
v 35.260891 -1.385603 71.848793
v 27.418535 -3.713053 63.519615
v 23.580688 -4.852047 59.415237
v 35.536819 -1.303713 71.791542
v 35.400879 -1.344057 71.830788
v 35.446789 -1.330432 71.820030
v 35.492138 -1.316974 71.806938
v 27.544476 -3.675677 63.448074
v 35.580719 -1.290685 71.773880
v 23.652390 -4.830768 59.285694
v 27.666838 -3.639362 63.370079
v 35.706707 -1.253294 71.707726
v 35.623734 -1.277918 71.753990
v 35.665764 -1.265444 71.731918
v 23.730192 -4.807677 59.160038
v 35.746460 -1.241496 71.681473
v 27.785322 -3.604198 63.285812
v 35.822025 -1.219070 71.623009
v 35.784931 -1.230078 71.653206
v 23.813902 -4.782834 59.038586
v 35.891735 -1.198381 71.557106
v 35.857655 -1.208495 71.590950
v 27.899635 -3.570272 63.195496
v 35.924179 -1.188752 71.521561
v 23.903311 -4.756299 58.921638
v 35.954914 -1.179631 71.484390
v 28.009487 -3.537671 63.099342
v 36.010956 -1.162998 71.405571
v 35.983864 -1.171039 71.445702
v 23.998199 -4.728138 58.809483
v 36.059322 -1.148645 71.321396
v 36.036129 -1.155528 71.364105
v 36.099545 -1.136707 71.232681
v 36.080479 -1.142366 71.277557
v 24.098328 -4.698423 58.702400
v 36.143791 -1.123576 71.092979
v 36.116482 -1.131681 71.186890
v 36.131241 -1.127301 71.140282
v 24.203449 -4.667225 58.600655
v 36.154102 -1.120516 71.045090
v 36.167908 -1.116419 70.948013
v 36.162148 -1.118128 70.996727
v 24.313301 -4.634623 58.504505
v 36.172523 -1.115049 70.849998
v 36.171368 -1.115392 70.899071
v 28.214737 -3.476757 62.890518
v 28.309624 -3.448596 62.778362
v 28.114609 -3.506473 62.997601
v 28.399033 -3.422061 62.661411
v 24.427612 -4.600698 58.414185
v 28.482742 -3.397218 62.539959
v 24.546097 -4.565534 58.329922
v 28.560547 -3.374127 62.414307
v 24.668461 -4.529219 58.251923
v 28.632246 -3.352848 62.284763
v 24.794399 -4.491843 58.180386
v 28.697668 -3.333433 62.151649
v 24.923599 -4.453499 58.115482
v 28.756647 -3.315928 62.015305
v 28.809038 -3.300380 61.876060
v 28.854710 -3.286826 61.734264
v 28.893549 -3.275299 61.590271
v 28.925459 -3.265829 61.444439
v 28.950359 -3.258439 61.297127
v 28.968191 -3.253147 61.148705
v 28.978909 -3.249966 60.999538
v 28.982483 -3.248905 60.849998
v 28.978909 -3.249966 60.700462
v 36.172523 -1.115049 48.849998
v 27.899635 -3.570272 58.504505
v 27.785322 -3.604198 58.414185
v 28.009487 -3.537671 58.600655
v 28.114609 -3.506473 58.702400
v 28.214737 -3.476757 58.809483
v 28.309624 -3.448596 58.921638
v 28.399033 -3.422061 59.038586
v 28.482742 -3.397218 59.160038
v 28.560547 -3.374127 59.285694
v 28.632246 -3.352848 59.415237
v 28.697668 -3.333433 59.548347
v 28.756647 -3.315928 59.684696
v 28.809038 -3.300380 59.823940
v 28.854710 -3.286826 59.965733
v 28.893549 -3.275299 60.109726
v 28.925459 -3.265829 60.255562
v 28.950359 -3.258439 60.402874
v 28.968191 -3.253147 60.551296
v 35.213852 -1.399563 47.849998
v 25.055740 -4.414282 58.057377
v 25.190495 -4.374290 58.006218
v 25.327526 -4.333622 57.962128
v 25.466494 -4.292379 57.925217
v 25.607052 -4.250664 57.895576
v 25.748854 -4.208580 57.873283
v 25.891542 -4.166233 57.858387
v 26.034765 -4.123727 57.850933
v 26.178169 -4.081168 57.850933
v 26.321392 -4.038662 57.858387
v 26.464083 -3.996315 57.873283
v 26.605883 -3.954232 57.895576
v 26.746441 -3.912517 57.925217
v 26.885408 -3.871274 57.962128
v 27.022440 -3.830606 58.006218
v 27.157194 -3.790613 58.057377
v 27.289337 -3.751397 58.115482
v 27.418535 -3.713053 58.180386
v 27.544476 -3.675677 58.251923
v 27.666838 -3.639362 58.329922
v 35.307819 -1.371676 47.854816
v 35.260891 -1.385603 47.851204
v 36.167908 -1.116419 48.751984
v 36.171368 -1.115392 48.800934
v 36.162148 -1.118128 48.703270
v 35.400879 -1.344057 47.869213
v 35.354519 -1.357816 47.860825
v 35.446789 -1.330432 47.879971
v 36.143791 -1.123576 48.607021
v 36.154102 -1.120516 48.654911
v 35.492138 -1.316974 47.893059
v 36.116482 -1.131681 48.513111
v 36.131241 -1.127301 48.559715
v 35.580719 -1.290685 47.926121
v 35.536819 -1.303713 47.908455
v 35.623734 -1.277918 47.946011
v 35.665764 -1.265444 47.968079
v 36.080479 -1.142366 48.422443
v 36.099545 -1.136707 48.467316
v 35.706707 -1.253294 47.992271
v 35.983864 -1.171039 48.254299
v 36.010956 -1.162998 48.294430
v 36.036129 -1.155528 48.335896
v 36.059322 -1.148645 48.378605
v 35.784931 -1.230078 48.046791
v 35.746460 -1.241496 48.018532
v 35.822025 -1.219070 48.076988
v 35.891735 -1.198381 48.142895
v 35.857655 -1.208495 48.109051
v 35.924179 -1.188752 48.178440
v 35.954914 -1.179631 48.215607
v 11.636698 -6.310559 47.849998
v 34.644821 0.517780 47.849998
v -3.228360 -12.803399 47.849998
v -3.180406 -12.792933 47.849998
v -3.374488 -12.820531 47.849998
v -3.276769 -12.811499 47.849998
v -3.325518 -12.817215 47.849998
v -3.521549 -12.816033 47.849998
v -3.423563 -12.821439 47.849998
v -3.472622 -12.819939 47.849998
v -3.618533 -12.801050 47.849998
v -3.570225 -12.809732 47.849998
v -3.666358 -12.790008 47.849998
v -3.760094 -12.760955 47.849998
v -3.713583 -12.776632 47.849998
v -3.894239 -12.700523 47.849998
v -3.805781 -12.743014 47.849998
v -3.850532 -12.722855 47.849998
v -3.978107 -12.649565 47.849998
v -3.936799 -12.676072 47.849998
v -4.093549 -12.558350 47.849998
v -4.018065 -12.621061 47.849998
v -4.056576 -12.590632 47.849998
v -4.128891 -12.524292 47.849998
v -4.162521 -12.488540 47.849998
v -4.224320 -12.412306 47.849998
v -4.194356 -12.451181 47.849998
v -4.252339 -12.372008 47.849998
v -4.278347 -12.330383 47.849998
v -4.324087 -12.243558 47.849998
v -4.302283 -12.287533 47.849998
v -4.343706 -12.198567 47.849998
v -4.361094 -12.152669 47.849998
v -4.376210 -12.105971 47.849998
v -0.517872 9.406542 47.849998
v -0.559670 9.327118 47.849998
v -0.605374 9.249876 47.849998
v -0.480086 9.487950 47.849998
v -0.654872 9.175009 47.849998
v -0.446404 9.571141 47.849998
v -0.708040 9.102702 47.849998
v -0.416911 9.655908 47.849998
v -0.764746 9.033134 47.849998
v -0.391680 9.742038 47.849998
v -0.824849 8.966481 47.849998
v -0.370774 9.829320 47.849998
v -0.888200 8.902905 47.849998
v -0.354244 9.917535 47.849998
v -0.954641 8.842567 47.849998
v -0.342132 10.006464 47.849998
v -1.024007 8.785616 47.849998
v -0.334468 10.095887 47.849998
v -1.096126 8.732192 47.849998
v -0.331270 10.185580 47.849998
v -1.170818 8.682430 47.849998
v -0.332548 10.275322 47.849998
v -1.247898 8.636454 47.849998
v -1.327173 8.594376 47.849998
v -1.408448 8.556302 47.849998
v -1.491519 8.522326 47.849998
v -1.576180 8.492535 47.849998
v -1.662222 8.466999 47.849998
v -1.749429 8.445785 47.849998
v -1.837585 8.428943 47.849998
v -1.926471 8.416516 47.849998
v -2.015866 8.408536 47.849998
v -2.105548 8.405022 47.849998
v -2.195293 8.405982 47.849998
v -2.284879 8.411415 47.849998
v -2.374083 8.421306 47.849998
v -2.462683 8.435632 47.849998
v -2.550458 8.454355 47.849998
v -2.637192 8.477431 47.849998
v -2.722667 8.504802 47.849998
v -2.806671 8.536399 47.849998
v -2.888997 8.572144 47.849998
v -2.969438 8.611948 47.849998
v -3.047795 8.655713 47.849998
v -3.123873 8.703328 47.849998
v -3.197483 8.754677 47.849998
v -3.268442 8.809631 47.849998
v -3.336574 8.868054 47.849998
v -3.401709 8.929800 47.849998
v -3.463685 8.994717 47.849998
v 0.398389 31.556978 47.849998
v 3.664048 34.612377 47.849998
v 4.233077 32.695034 47.849998
v -1.064852 11.655002 47.849998
v -1.138462 11.706350 47.849998
v -1.214540 11.753966 47.849998
v -1.292897 11.797730 47.849998
v -1.373338 11.837535 47.849998
v -1.455663 11.873281 47.849998
v -1.539668 11.904878 47.849998
v -1.625143 11.932248 47.849998
v -7.833760 17.118082 47.849998
v -1.711876 11.955324 47.849998
v -1.799652 11.974048 47.849998
v -1.888252 11.988373 47.849998
v -1.977455 11.998264 47.849998
v -2.067041 12.003697 47.849998
v -2.156787 12.004657 47.849998
v -2.246469 12.001143 47.849998
v -2.335864 11.993163 47.849998
v -2.424750 11.980737 47.849998
v -2.512906 11.963895 47.849998
v -2.600113 11.942680 47.849998
v -2.686154 11.917145 47.849998
v -2.770816 11.887353 47.849998
v -2.853887 11.853377 47.849998
v -2.935161 11.815304 47.849998
v -3.014437 11.773226 47.849998
v -3.091516 11.727248 47.849998
v -3.166209 11.677486 47.849998
v -3.238327 11.624063 47.849998
v -3.307693 11.567112 47.849998
v -3.374135 11.506774 47.849998
v -3.437486 11.443198 47.849998
v -3.497589 11.376544 47.849998
v -3.554295 11.306977 47.849998
v -3.607463 11.234671 47.849998
v -3.656961 11.159802 47.849998
v -3.702665 11.082561 47.849998
v -3.744462 11.003138 47.849998
v -3.782249 10.921729 47.849998
v -3.815930 10.838538 47.849998
v -8.687303 19.994099 47.849998
v -12.342606 14.736840 47.849998
v -3.845423 10.753772 47.849998
v -3.870654 10.667641 47.849998
v -3.891561 10.580359 47.849998
v -3.908090 10.492145 47.849998
v -3.920202 10.403214 47.849998
v -3.927867 10.313792 47.849998
v -3.931064 10.224099 47.849998
v -3.929787 10.134357 47.849998
v -3.924038 10.044791 47.849998
v -3.913831 9.955623 47.849998
v -3.899193 9.867074 47.849998
v -3.880159 9.779366 47.849998
v -3.856776 9.692714 47.849998
v -3.829104 9.607336 47.849998
v -3.797210 9.523444 47.849998
v -3.761175 9.441245 47.849998
v -3.721087 9.360946 47.849998
v -3.677045 9.282743 47.849998
v -21.255167 13.134885 47.849998
v -20.970652 12.176213 47.849998
v -16.183546 27.678909 47.849998
v -13.765176 19.530199 47.849998
v -15.509389 28.922096 47.849998
v -15.601985 28.889591 47.849998
v -15.556086 28.906981 47.849998
v -16.206818 27.774246 47.849998
v -16.196352 27.726294 47.849998
v -16.223948 27.920376 47.849998
v -16.214918 27.822657 47.849998
v -16.220633 27.871405 47.849998
v -15.733801 28.824236 47.849998
v -15.646976 28.869972 47.849998
v -15.690949 28.848169 47.849998
v -15.775425 28.798225 47.849998
v -16.223356 28.018507 47.849998
v -16.224857 27.969450 47.849998
v -15.815723 28.770206 47.849998
v -16.219450 28.067434 47.849998
v -16.213148 28.116112 47.849998
v -15.927709 28.674778 47.849998
v -15.854599 28.740242 47.849998
v -15.891957 28.708408 47.849998
v -16.193424 28.212244 47.849998
v -16.204466 28.164421 47.849998
v -15.961766 28.639435 47.849998
v -15.994050 28.602465 47.849998
v -16.024479 28.563951 47.849998
v -16.146431 28.351667 47.849998
v -16.180048 28.259470 47.849998
v -16.164371 28.305981 47.849998
v -16.079491 28.482685 47.849998
v -16.052982 28.523993 47.849998
v -16.103939 28.440126 47.849998
v -16.126272 28.396418 47.849998
v -22.393223 16.969572 47.849998
v -22.108709 16.010900 47.849998
v -3.629161 9.206834 47.849998
v -3.577552 9.133406 47.849998
v -3.522348 9.062641 47.849998
v -0.405558 10.716965 47.849998
v -0.382176 10.630314 47.849998
v -0.363142 10.542605 47.849998
v -0.348503 10.454057 47.849998
v -0.338297 10.364888 47.849998
v -0.433230 10.802343 47.849998
v -0.465124 10.886235 47.849998
v -0.501160 10.968433 47.849998
v -0.541248 11.048734 47.849998
v -0.585289 11.126936 47.849998
v -0.633174 11.202845 47.849998
v -0.684782 11.276273 47.849998
v -0.739987 11.347037 47.849998
v -0.798650 11.414963 47.849998
v -0.860626 11.479878 47.849998
v -0.925761 11.541625 47.849998
v -0.993892 11.600048 47.849998
v -3.180406 -12.792933 71.849998
v -3.228360 -12.803399 71.849998
v -3.276769 -12.811499 71.849998
v -3.325518 -12.817215 71.849998
v -3.374488 -12.820531 71.849998
v -3.423563 -12.821439 71.849998
v -3.472622 -12.819939 71.849998
v -3.521549 -12.816033 71.849998
v -3.570225 -12.809732 71.849998
v -3.618533 -12.801050 71.849998
v -3.666358 -12.790008 71.849998
v -3.713583 -12.776632 71.849998
v -3.760094 -12.760955 71.849998
v -3.805781 -12.743014 71.849998
v -3.850532 -12.722855 71.849998
v -3.894239 -12.700523 71.849998
v -3.936799 -12.676072 71.849998
v -3.978107 -12.649565 71.849998
v -4.018065 -12.621061 71.849998
v -4.056576 -12.590632 71.849998
v -4.093549 -12.558350 71.849998
v -4.128891 -12.524292 71.849998
v -4.162521 -12.488540 71.849998
v -4.194356 -12.451181 71.849998
v -4.224320 -12.412306 71.849998
v -4.252339 -12.372008 71.849998
v -4.278347 -12.330383 71.849998
v -4.302283 -12.287533 71.849998
v -4.324087 -12.243558 71.849998
v -4.343706 -12.198567 71.849998
v -4.361094 -12.152669 71.849998
v -4.376210 -12.105971 71.849998
v 34.691864 0.531741 47.851204
v 34.738789 0.545668 47.854816
v 34.785492 0.559528 47.860825
v 34.831852 0.573287 47.869213
v 34.877762 0.586912 47.879971
v 34.923107 0.600370 47.893059
v 34.967789 0.613631 47.908455
v 35.011688 0.626659 47.926121
v 35.054707 0.639426 47.946011
v 35.096737 0.651900 47.968079
v 35.137676 0.664050 47.992271
v 35.177429 0.675847 48.018532
v 35.215900 0.687265 48.046791
v 35.252995 0.698274 48.076988
v 35.288628 0.708848 48.109051
v 35.322704 0.718962 48.142895
v 35.355152 0.728592 48.178440
v 35.385883 0.737713 48.215607
v 35.414833 0.746304 48.254299
v 35.441929 0.754345 48.294430
v 35.467102 0.761816 48.335896
v 35.490295 0.768699 48.378605
v 35.511448 0.774978 48.422443
v 35.530518 0.780637 48.467316
v 35.547455 0.785663 48.513111
v 35.562214 0.790043 48.559715
v 35.574764 0.793768 48.607021
v 35.585072 0.796828 48.654911
v 35.593121 0.799215 48.703270
v 35.598877 0.800925 48.751984
v 35.602337 0.801951 48.800934
v 35.603493 0.802294 48.849998
v -3.702052 -10.862785 71.849998
v -12.342606 14.736840 71.849998
v -21.255167 13.134885 71.849998
v -20.970652 12.176213 71.849998
v -11.668447 15.980026 71.849998
v 34.644821 0.517780 71.849998
v 35.603493 0.802294 70.849998
v 34.691864 0.531741 71.848793
v 34.738789 0.545668 71.845184
v 34.785492 0.559528 71.839172
v 34.831852 0.573287 71.830788
v 34.877762 0.586912 71.820030
v 34.923107 0.600370 71.806938
v 34.967789 0.613631 71.791542
v 35.011688 0.626659 71.773880
v 35.054707 0.639426 71.753990
v 35.096737 0.651900 71.731918
v 35.137676 0.664050 71.707726
v 35.177429 0.675847 71.681473
v 35.215900 0.687265 71.653206
v 35.252995 0.698274 71.623009
v 35.288628 0.708848 71.590950
v 35.322704 0.718962 71.557106
v 35.355152 0.728592 71.521561
v 35.385883 0.737713 71.484390
v 35.414833 0.746304 71.445702
v 35.441929 0.754345 71.405571
v 35.467102 0.761816 71.364105
v 35.490295 0.768699 71.321396
v 35.511448 0.774978 71.277557
v 35.530518 0.780637 71.232681
v 35.547455 0.785663 71.186890
v 35.562214 0.790043 71.140282
v 35.574764 0.793768 71.092979
v 35.585072 0.796828 71.045090
v 35.593121 0.799215 70.996727
v 35.598877 0.800925 70.948013
v 35.602337 0.801951 70.899071
v 29.693769 -5.645585 60.849998
v 29.690193 -5.646646 60.999538
v 29.679478 -5.649827 61.148705
v 29.661646 -5.655118 61.297127
v 29.636744 -5.662508 61.444439
v 29.604836 -5.671978 61.590271
v 29.565994 -5.683506 61.734264
v 29.520325 -5.697060 61.876060
v 29.467934 -5.712608 62.015305
v 29.408953 -5.730113 62.151649
v 29.343533 -5.749528 62.284763
v 29.271832 -5.770807 62.414307
v 29.194029 -5.793898 62.539959
v 29.110319 -5.818741 62.661411
v 29.020908 -5.845276 62.778362
v 28.926022 -5.873436 62.890518
v 28.825893 -5.903152 62.997601
v 28.720772 -5.934350 63.099342
v 28.610920 -5.966952 63.195496
v 28.496609 -6.000877 63.285812
v 28.378124 -6.036041 63.370079
v 28.255760 -6.072356 63.448074
v 28.129822 -6.109732 63.519615
v 28.000622 -6.148076 63.584518
v 27.868481 -6.187293 63.642620
v 27.733725 -6.227285 63.693783
v 27.596695 -6.267953 63.737873
v 27.457726 -6.309196 63.774784
v 27.317167 -6.350911 63.804424
v 27.175367 -6.392994 63.826717
v 27.032677 -6.435342 63.841610
v 26.889456 -6.477848 63.849068
v 26.746052 -6.520407 63.849068
v 26.602829 -6.562912 63.841610
v 26.460138 -6.605260 63.826717
v 26.318338 -6.647344 63.804424
v 26.177780 -6.689058 63.774784
v 26.038813 -6.730301 63.737873
v 25.901781 -6.770969 63.693783
v 25.767027 -6.810962 63.642620
v 25.634884 -6.850179 63.584518
v 25.505684 -6.888522 63.519615
v 25.379745 -6.925899 63.448074
v 25.257383 -6.962214 63.370079
v 25.138899 -6.997377 63.285812
v 25.024586 -7.031302 63.195496
v 24.914734 -7.063904 63.099342
v 24.809612 -7.095102 62.997601
v 24.709484 -7.124818 62.890518
v 24.614597 -7.152979 62.778362
v 24.525188 -7.179514 62.661411
v 24.441479 -7.204357 62.539959
v 24.363674 -7.227448 62.414307
v 24.291975 -7.248727 62.284763
v 24.226553 -7.268142 62.151649
v 24.167572 -7.285646 62.015305
v 24.115181 -7.301195 61.876060
v 24.069511 -7.314749 61.734264
v 24.030672 -7.326276 61.590271
v 23.998762 -7.335746 61.444439
v 23.973862 -7.343136 61.297127
v 23.956030 -7.348428 61.148705
v 23.945312 -7.351609 60.999538
v 23.941738 -7.352670 60.849998
v 23.945312 -7.351609 60.700462
v 23.956030 -7.348428 60.551296
v 23.973862 -7.343136 60.402874
v 23.998762 -7.335746 60.255562
v 24.030672 -7.326276 60.109726
v 24.069511 -7.314749 59.965733
v 24.115181 -7.301195 59.823940
v 24.167572 -7.285646 59.684696
v 24.226553 -7.268142 59.548347
v 24.291975 -7.248727 59.415237
v 24.363674 -7.227448 59.285694
v 24.441479 -7.204357 59.160038
v 24.525188 -7.179514 59.038586
v 24.614597 -7.152979 58.921638
v 24.709484 -7.124818 58.809483
v 24.809612 -7.095102 58.702400
v 24.914734 -7.063904 58.600655
v 25.024586 -7.031302 58.504505
v 25.138899 -6.997377 58.414185
v 25.257383 -6.962214 58.329922
v 25.379745 -6.925899 58.251923
v 25.505684 -6.888522 58.180386
v 25.634884 -6.850179 58.115482
v 25.767027 -6.810962 58.057377
v 25.901781 -6.770969 58.006218
v 26.038813 -6.730301 57.962128
v 26.177780 -6.689058 57.925217
v 26.318338 -6.647344 57.895576
v 26.460138 -6.605260 57.873283
v 26.602829 -6.562912 57.858387
v 26.746052 -6.520407 57.850933
v 26.889456 -6.477848 57.850933
v 27.032677 -6.435342 57.858387
v 27.175367 -6.392994 57.873283
v 27.317167 -6.350911 57.895576
v 27.457726 -6.309196 57.925217
v 27.596695 -6.267953 57.962128
v 27.733725 -6.227285 58.006218
v 27.868481 -6.187293 58.057377
v 28.000622 -6.148076 58.115482
v 28.129822 -6.109732 58.180386
v 28.255760 -6.072356 58.251923
v 28.378124 -6.036041 58.329922
v 28.496609 -6.000877 58.414185
v 28.610920 -5.966952 58.504505
v 28.720772 -5.934350 58.600655
v 28.825893 -5.903152 58.702400
v 28.926022 -5.873436 58.809483
v 29.020908 -5.845276 58.921638
v 29.110319 -5.818741 59.038586
v 29.194029 -5.793898 59.160038
v 29.271832 -5.770807 59.285694
v 29.343533 -5.749528 59.415237
v 29.408953 -5.730113 59.548347
v 29.467934 -5.712608 59.684696
v 29.520325 -5.697060 59.823940
v 29.565994 -5.683506 59.965733
v 29.604836 -5.671978 60.109726
v 29.636744 -5.662508 60.255562
v 29.661646 -5.655118 60.402874
v 29.679478 -5.649827 60.551296
v 29.690193 -5.646646 60.700462
v -12.342606 14.736840 61.349998
v -12.342606 14.736840 58.349998
v 11.636698 -6.310559 49.849998
v -3.702052 -10.862785 49.849998
v -21.680981 11.965402 71.521561
v -21.711716 11.956281 71.484390
v -21.648537 11.975031 71.557106
v -21.578827 11.995719 71.623009
v -21.614456 11.985146 71.590950
v -21.503262 12.018146 71.681473
v -21.541733 12.006728 71.653206
v -21.767759 11.939648 71.405571
v -21.792933 11.932177 71.364105
v -21.740664 11.947689 71.445702
v -21.816126 11.925294 71.321396
v -21.837282 11.919015 71.277557
v -21.422567 12.042093 71.731918
v -21.337519 12.067334 71.773880
v -21.380537 12.054567 71.753990
v -21.463509 12.029943 71.707726
v -21.293619 12.080363 71.791542
v -21.856350 11.913356 71.232681
v -21.888042 11.903950 71.140282
v -21.873283 11.908331 71.186890
v -21.900595 11.900226 71.092979
v -21.203590 12.107081 71.820030
v -21.248940 12.093623 71.806938
v -21.157681 12.120707 71.830788
v -21.064617 12.148326 71.845184
v -21.111319 12.134466 71.839172
v -21.929323 11.891699 70.849998
v -21.910904 11.897165 71.045090
v -21.918947 11.894778 70.996727
v -21.924707 11.893069 70.948013
v -21.928169 11.892042 70.899071
v -21.017693 12.162252 71.848793
v -17.036716 13.343724 66.781731
v -17.103470 13.323914 66.710342
v -16.966637 13.364523 66.849564
v -17.166727 13.305140 66.635574
v -16.893402 13.386257 66.913666
v -17.226334 13.287450 66.557610
v -16.817194 13.408875 66.973877
v -17.282141 13.270887 66.476639
v -16.738205 13.432317 67.030052
v -17.334009 13.255494 66.392868
v -16.656630 13.456527 67.082047
v -17.381809 13.241308 66.306511
v -16.572670 13.481444 67.129745
v -17.425425 13.228364 66.217766
v -16.486536 13.507007 67.173012
v -17.464745 13.216695 66.126869
v -16.398441 13.533152 67.211746
v -17.499670 13.206329 66.034042
v -16.308605 13.559813 67.245857
v -17.530119 13.197293 65.939507
v -16.217251 13.586925 67.275246
v -17.556011 13.189609 65.843513
v -16.124605 13.614420 67.299858
v -17.577284 13.183295 65.746292
v -16.030901 13.642230 67.319618
v -17.593885 13.178368 65.648087
v -15.936367 13.670285 67.334480
v -17.605774 13.174840 65.549133
v -15.841240 13.698517 67.344406
v -17.612917 13.172720 65.449692
v -15.745757 13.726854 67.349380
v -17.615301 13.172012 65.349998
v -15.650157 13.755227 67.349380
v -15.554674 13.783565 67.344406
v -15.459547 13.811796 67.334480
v -15.365013 13.839851 67.319618
v -15.271308 13.867661 67.299858
v -15.178662 13.895157 67.275246
v -15.087309 13.922269 67.245857
v -14.997473 13.948930 67.211746
v -14.909378 13.975075 67.173012
v -14.823244 14.000637 67.129745
v -14.739285 14.025555 67.082047
v -14.657709 14.049765 67.030052
v -14.578720 14.073207 66.973877
v -14.502513 14.095824 66.913666
v -14.429277 14.117558 66.849564
v -14.359197 14.138357 66.781731
v -14.292445 14.158168 66.710342
v -14.229186 14.176942 66.635574
v -14.169580 14.194632 66.557610
v -14.113773 14.211194 66.476639
v -14.061905 14.226587 66.392868
v -14.014105 14.240773 66.306511
v -13.970490 14.253717 66.217766
v -13.931170 14.265387 66.126869
v -13.896243 14.275752 66.034042
v -13.865796 14.284788 65.939507
v -18.644722 12.866501 60.897354
v -18.593393 12.881734 60.949577
v -18.693493 12.852027 60.842529
v -18.539635 12.897689 60.999065
v -18.739580 12.838349 60.785236
v -18.483576 12.914326 61.045700
v -18.782873 12.825500 60.725616
v -18.425360 12.931603 61.089359
v -18.823265 12.813514 60.663818
v -18.365129 12.949479 61.129936
v -13.839903 14.292473 65.843513
v -18.860651 12.802418 60.599998
v -18.303034 12.967908 61.167332
v -18.894943 12.792241 60.534317
v -18.239229 12.986843 61.201454
v -18.926054 12.783008 60.466930
v -18.173872 13.006240 61.232216
v -18.953905 12.774742 60.398010
v -13.818629 14.298787 65.746292
v -18.107128 13.026048 61.259541
v -18.978428 12.767465 60.327728
v -18.039162 13.046220 61.283360
v -18.999561 12.761192 60.256260
v -17.970140 13.066704 61.303616
v -13.802028 14.303714 65.648087
v -19.017254 12.755941 60.183781
v -17.900236 13.087449 61.320259
v -19.031462 12.751725 60.110474
v -13.790141 14.307241 65.549133
v -17.829624 13.108405 61.333244
v -19.042149 12.748553 60.036514
v -17.758480 13.129519 61.342545
v -19.049288 12.746434 59.962093
v -17.686979 13.150740 61.348137
v -19.052862 12.745374 59.887398
v -17.615301 13.172012 61.349998
v -13.780613 14.310069 61.349998
v -13.780613 14.310069 65.349998
v -13.782997 14.309361 65.449692
v -18.782873 12.825500 58.974384
v -17.615301 13.172012 54.349998
v -18.739580 12.838349 58.914764
v -18.693493 12.852027 58.857471
v -18.644722 12.866501 58.802643
v -18.593393 12.881734 58.750423
v -18.539635 12.897689 58.700932
v -18.483576 12.914326 58.654301
v -18.425360 12.931603 58.610641
v -18.365129 12.949479 58.570065
v -18.303034 12.967908 58.532669
v -18.239229 12.986843 58.498547
v -18.173872 13.006240 58.467785
v -18.107128 13.026048 58.440460
v -18.039162 13.046220 58.416641
v -17.970140 13.066704 58.396385
v -17.900236 13.087449 58.379742
v -17.829624 13.108405 58.366753
v -17.758480 13.129519 58.357452
v -17.686979 13.150740 58.351864
v -17.615301 13.172012 58.349998
v -19.052862 12.745374 59.812603
v -21.929323 11.891699 48.849998
v -19.049288 12.746434 59.737904
v -19.042149 12.748553 59.663483
v -19.031462 12.751725 59.589527
v -19.017254 12.755941 59.516220
v -18.999561 12.761192 59.443741
v -18.978428 12.767465 59.372269
v -18.953905 12.774742 59.301987
v -18.926054 12.783008 59.233070
v -18.894943 12.792241 59.165684
v -18.860651 12.802418 59.099998
v -18.823265 12.813514 59.036182
v -17.612917 13.172720 54.250309
v -17.605774 13.174840 54.150864
v -17.593885 13.178368 54.051914
v -17.577284 13.183295 53.953709
v -17.556011 13.189609 53.856483
v -17.530119 13.197293 53.760490
v -17.499670 13.206329 53.665958
v -17.464745 13.216695 53.573132
v -17.425425 13.228364 53.482231
v -21.924707 11.893069 48.751984
v -21.918947 11.894778 48.703270
v -21.928169 11.892042 48.800934
v -17.381809 13.241308 53.393494
v -21.910904 11.897165 48.654911
v -21.900595 11.900226 48.607021
v -21.888042 11.903950 48.559715
v -17.334009 13.255494 53.307129
v -17.282141 13.270887 53.223358
v -21.837282 11.919015 48.422443
v -21.856350 11.913356 48.467316
v -21.873283 11.908331 48.513111
v -17.226334 13.287450 53.142391
v -21.816126 11.925294 48.378605
v -21.792933 11.932177 48.335896
v -17.166727 13.305140 53.064426
v -21.767759 11.939648 48.294430
v -21.740664 11.947689 48.254299
v -21.711716 11.956281 48.215607
v -17.103470 13.323914 52.989655
v -21.680981 11.965402 48.178440
v -17.036716 13.343724 52.918266
v -21.648537 11.975031 48.142895
v -21.614456 11.985146 48.109051
v -21.578827 11.995719 48.076988
v -21.541733 12.006728 48.046791
v -21.503262 12.018146 48.018532
v -21.463509 12.029943 47.992271
v -21.422567 12.042093 47.968079
v -21.337519 12.067334 47.926121
v -21.293619 12.080363 47.908455
v -21.380537 12.054567 47.946011
v -21.248940 12.093623 47.893059
v -21.203590 12.107081 47.879971
v -21.111319 12.134466 47.860825
v -21.064617 12.148326 47.854816
v -21.157681 12.120707 47.869213
v -21.017693 12.162252 47.851204
v -16.966637 13.364523 52.850437
v -16.893402 13.386257 52.786339
v -16.817194 13.408875 52.726124
v -16.738205 13.432317 52.669949
v -16.656630 13.456527 52.617950
v -16.572670 13.481444 52.570255
v -16.486536 13.507007 52.526989
v -16.398441 13.533152 52.488255
v -16.308605 13.559813 52.454147
v -16.217251 13.586925 52.424751
v -16.124605 13.614420 52.400143
v -16.030901 13.642230 52.380386
v -13.780613 14.310069 58.349998
v -13.780613 14.310069 54.349998
v -13.782997 14.309361 54.250309
v -13.790141 14.307241 54.150864
v -15.936367 13.670285 52.365520
v -15.841240 13.698517 52.355591
v -15.745757 13.726854 52.350620
v -15.650157 13.755227 52.350620
v -15.554674 13.783565 52.355591
v -15.459547 13.811796 52.365520
v -15.365013 13.839851 52.380386
v -15.271308 13.867661 52.400143
v -15.178662 13.895157 52.424751
v -15.087309 13.922269 52.454147
v -14.997473 13.948930 52.488255
v -14.909378 13.975075 52.526989
v -14.823244 14.000637 52.570255
v -14.739285 14.025555 52.617950
v -14.657709 14.049765 52.669949
v -14.578720 14.073207 52.726124
v -14.502513 14.095824 52.786339
v -14.429277 14.117558 52.850437
v -14.359197 14.138357 52.918266
v -14.292445 14.158168 52.989655
v -14.229186 14.176942 53.064426
v -14.169580 14.194632 53.142391
v -14.113773 14.211194 53.223358
v -14.061905 14.226587 53.307129
v -14.014105 14.240773 53.393494
v -13.970490 14.253717 53.482231
v -13.931170 14.265387 53.573132
v -13.896243 14.275752 53.665958
v -13.865796 14.284788 53.760490
v -13.839903 14.292473 53.856483
v -13.818629 14.298787 53.953709
v -13.802028 14.303714 54.051914
v 0.398389 31.556978 49.849998
v -21.302206 13.120924 47.851204
v -21.349133 13.106997 47.854816
v -21.395832 13.093138 47.860825
v -21.442194 13.079378 47.869213
v -21.488106 13.065753 47.879971
v -21.533455 13.052295 47.893059
v -21.578133 13.039035 47.908455
v -21.622034 13.026006 47.926121
v -21.665051 13.013239 47.946011
v -21.707081 13.000766 47.968079
v -21.748022 12.988615 47.992271
v -21.787777 12.976817 48.018532
v -21.826246 12.965400 48.046791
v -21.863342 12.954391 48.076988
v -21.898970 12.943817 48.109051
v -21.933050 12.933702 48.142895
v -21.965496 12.924073 48.178440
v -21.996229 12.914952 48.215607
v -22.025179 12.906361 48.254299
v -22.052273 12.898319 48.294430
v -22.077446 12.890849 48.335896
v -22.100639 12.883965 48.378605
v -22.121796 12.877687 48.422443
v -22.140863 12.872028 48.467316
v -22.157797 12.867002 48.513111
v -22.172558 12.862622 48.559715
v -22.185108 12.858897 48.607021
v -22.195417 12.855838 48.654911
v -22.203461 12.853450 48.703270
v -22.209221 12.851741 48.751984
v -22.212683 12.850714 48.800934
v -22.213839 12.850370 48.849998
v 4.373743 32.736782 71.839172
v 4.327042 32.722923 71.845184
v 4.280116 32.708996 71.848793
v 4.233077 32.695034 71.849998
v 4.466014 32.764168 71.820030
v 4.420104 32.750542 71.830788
v 4.511364 32.777626 71.806938
v 4.556044 32.790886 71.791542
v 4.684991 32.829155 71.731918
v 4.642962 32.816681 71.753990
v 4.599945 32.803913 71.773880
v 4.725933 32.841305 71.707726
v 4.804157 32.864521 71.653206
v 4.765687 32.853104 71.681473
v 4.841252 32.875530 71.623009
v 4.910960 32.896217 71.557106
v 4.876882 32.886105 71.590950
v 4.974140 32.914967 71.484390
v 4.943406 32.905846 71.521561
v 5.030183 32.931599 71.405571
v 5.003089 32.923557 71.445702
v 5.055357 32.939072 71.364105
v 5.078549 32.945953 71.321396
v 5.118774 32.957893 71.232681
v 5.099705 32.952232 71.277557
v 5.135709 32.962917 71.186890
v 5.173328 32.974083 71.045090
v 5.163018 32.971024 71.092979
v 5.150468 32.967297 71.140282
v 5.181372 32.976471 70.996727
v 5.187132 32.978180 70.948013
v 5.191748 32.979549 70.849998
v 5.190594 32.979206 70.899071
v -14.940360 27.004753 71.849998
v -14.940360 27.004753 49.849998
v 5.191748 32.979549 48.849998
v 4.373743 32.736782 47.860825
v 4.280116 32.708996 47.851204
v 4.327042 32.722923 47.854816
v 5.181372 32.976471 48.703270
v 5.187132 32.978180 48.751984
v 5.190594 32.979206 48.800934
v 4.420104 32.750542 47.869213
v 5.173328 32.974083 48.654911
v 5.118774 32.957893 48.467316
v 5.135709 32.962917 48.513111
v 5.150468 32.967297 48.559715
v 5.163018 32.971024 48.607021
v 4.642962 32.816681 47.946011
v 4.466014 32.764168 47.879971
v 4.511364 32.777626 47.893059
v 4.556044 32.790886 47.908455
v 4.599945 32.803913 47.926121
v 5.099705 32.952232 48.422443
v 4.684991 32.829155 47.968079
v 5.055357 32.939072 48.335896
v 5.078549 32.945953 48.378605
v 5.030183 32.931599 48.294430
v 4.765687 32.853104 48.018532
v 4.725933 32.841305 47.992271
v 5.003089 32.923557 48.254299
v 4.974140 32.914967 48.215607
v 4.876882 32.886105 48.109051
v 4.804157 32.864521 48.046791
v 4.841252 32.875530 48.076988
v 4.910960 32.896217 48.142895
v 4.943406 32.905846 48.178440
v -17.321232 14.302396 52.918266
v -17.387983 14.282585 52.989655
v -17.251150 14.323195 52.850437
v -17.451242 14.263811 53.064426
v -17.177916 14.344929 52.786339
v -17.510849 14.246121 53.142391
v -17.101707 14.367546 52.726124
v -17.566654 14.229560 53.223358
v -17.022718 14.390988 52.669949
v -17.618523 14.214166 53.307129
v -16.941143 14.415198 52.617950
v -17.666323 14.199980 53.393494
v -16.857183 14.440116 52.570255
v -17.709938 14.187036 53.482231
v -16.771049 14.465678 52.526989
v -17.749258 14.175366 53.573132
v -16.682955 14.491823 52.488255
v -17.784185 14.165001 53.665958
v -16.593119 14.518485 52.454147
v -17.814632 14.155965 53.760490
v -16.501766 14.545596 52.424751
v -17.840525 14.148280 53.856483
v -16.409121 14.573092 52.400143
v -17.861799 14.141967 53.953709
v -16.315414 14.600902 52.380386
v -17.878401 14.137040 54.051914
v -16.220881 14.628958 52.365520
v -17.890287 14.133512 54.150864
v -16.125753 14.657189 52.355591
v -17.897430 14.131392 54.250309
v -16.030272 14.685527 52.350620
v -17.899815 14.130684 54.349998
v -11.668447 15.980026 49.849998
v -15.934670 14.713899 52.350620
v -15.839189 14.742236 52.355591
v -15.744061 14.770468 52.365520
v -15.649528 14.798523 52.380386
v -15.555822 14.826333 52.400143
v -15.463177 14.853828 52.424751
v -15.371822 14.880940 52.454147
v -15.281986 14.907602 52.488255
v -15.193892 14.933746 52.526989
v -15.107759 14.959310 52.570255
v -15.023799 14.984227 52.617950
v -14.942224 15.008437 52.669949
v -14.863235 15.031879 52.726124
v -14.787026 15.054496 52.786339
v -14.713792 15.076231 52.850437
v -14.643711 15.097029 52.918266
v -14.576959 15.116839 52.989655
v -14.513700 15.135613 53.064426
v -14.454094 15.153303 53.142391
v -14.398288 15.169866 53.223358
v -14.346419 15.185259 53.307129
v -14.298618 15.199446 53.393494
v -14.255004 15.212389 53.482231
v -14.215684 15.224059 53.573132
v -14.180758 15.234425 53.665958
v -14.150310 15.243461 53.760490
v -18.877909 13.840406 58.750423
v -18.929237 13.825173 58.802643
v -18.978006 13.810699 58.857471
v -18.824148 13.856361 58.700932
v -19.024096 13.797021 58.914764
v -18.768089 13.872998 58.654301
v -19.067389 13.784173 58.974384
v -18.709873 13.890275 58.610641
v -19.107779 13.772185 59.036182
v -18.649643 13.908151 58.570065
v -14.124417 15.251144 53.856483
v -19.145166 13.761089 59.099998
v -18.587547 13.926579 58.532669
v -19.179457 13.750913 59.165684
v -18.523743 13.945516 58.498547
v -19.210567 13.741680 59.233070
v -18.458387 13.964911 58.467785
v -19.238419 13.733414 59.301987
v -14.103144 15.257459 53.953709
v -18.391642 13.984720 58.440460
v -19.262941 13.726136 59.372269
v -18.323675 14.004891 58.416641
v -19.284077 13.719864 59.443741
v -18.254654 14.025375 58.396385
v -14.086542 15.262385 54.051914
v -19.301769 13.714613 59.516220
v -18.184750 14.046122 58.379742
v -19.315977 13.710397 59.589527
v -14.074655 15.265913 54.150864
v -18.114138 14.067078 58.366753
v -19.326662 13.707225 59.663483
v -18.042994 14.088192 58.357452
v -19.333801 13.705107 59.737904
v -14.067511 15.268033 54.250309
v -17.971495 14.109411 58.351864
v -19.337376 13.704045 59.812603
v -17.899815 14.130684 58.349998
v -7.833760 17.118082 49.849998
v -11.668447 15.980026 58.349998
v -14.065127 15.268741 54.349998
v -14.065127 15.268741 58.349998
v -17.899815 14.130684 65.349998
v -17.899815 14.130684 61.349998
v -17.971495 14.109411 61.348137
v -18.042994 14.088192 61.342545
v -18.114138 14.067078 61.333244
v -18.184750 14.046122 61.320259
v -18.254654 14.025375 61.303616
v -18.323675 14.004891 61.283360
v -18.391642 13.984720 61.259541
v -18.458387 13.964911 61.232216
v -18.523743 13.945516 61.201454
v -18.587547 13.926579 61.167332
v -18.649643 13.908151 61.129936
v -18.709873 13.890275 61.089359
v -18.768089 13.872998 61.045700
v -18.824148 13.856361 60.999065
v -18.877909 13.840406 60.949577
v -18.929237 13.825173 60.897354
v -18.978006 13.810699 60.842529
v -19.024096 13.797021 60.785236
v -19.067389 13.784173 60.725616
v -22.213839 12.850370 70.849998
v -17.749258 14.175366 66.126869
v -17.784185 14.165001 66.034042
v -17.814632 14.155965 65.939507
v -17.840525 14.148280 65.843513
v -17.861799 14.141967 65.746292
v -17.878401 14.137040 65.648087
v -17.890287 14.133512 65.549133
v -17.897430 14.131392 65.449692
v -19.107779 13.772185 60.663818
v -19.145166 13.761089 60.599998
v -19.179457 13.750913 60.534317
v -19.210567 13.741680 60.466930
v -19.238419 13.733414 60.398010
v -19.262941 13.726136 60.327728
v -19.284077 13.719864 60.256260
v -19.301769 13.714613 60.183781
v -19.315977 13.710397 60.110474
v -19.326662 13.707225 60.036514
v -19.333801 13.705107 59.962093
v -19.337376 13.704045 59.887398
v -17.709938 14.187036 66.217766
v -22.203461 12.853450 70.996727
v -22.212683 12.850714 70.899071
v -22.209221 12.851741 70.948013
v -17.666323 14.199980 66.306511
v -22.195417 12.855838 71.045090
v -17.618523 14.214166 66.392868
v -22.157797 12.867002 71.186890
v -22.185108 12.858897 71.092979
v -22.172558 12.862622 71.140282
v -22.140863 12.872028 71.232681
v -17.566654 14.229560 66.476639
v -22.100639 12.883965 71.321396
v -22.121796 12.877687 71.277557
v -17.510849 14.246121 66.557610
v -22.077446 12.890849 71.364105
v -17.451242 14.263811 66.635574
v -22.025179 12.906361 71.445702
v -22.052273 12.898319 71.405571
v -21.996229 12.914952 71.484390
v -17.387983 14.282585 66.710342
v -21.965496 12.924073 71.521561
v -21.933050 12.933702 71.557106
v -17.321232 14.302396 66.781731
v -21.826246 12.965400 71.653206
v -21.898970 12.943817 71.590950
v -21.863342 12.954391 71.623009
v -21.787777 12.976817 71.681473
v -21.665051 13.013239 71.753990
v -21.748022 12.988615 71.707726
v -21.707081 13.000766 71.731918
v -21.622034 13.026006 71.773880
v -21.533455 13.052295 71.806938
v -21.578133 13.039035 71.791542
v -21.488106 13.065753 71.820030
v -21.395832 13.093138 71.839172
v -21.442194 13.079378 71.830788
v -21.349133 13.106997 71.845184
v -21.302206 13.120924 71.848793
v -16.857183 14.440116 67.129745
v -16.941143 14.415198 67.082047
v -17.022718 14.390988 67.030052
v -17.101707 14.367546 66.973877
v -17.177916 14.344929 66.913666
v -17.251150 14.323195 66.849564
v -16.771049 14.465678 67.173012
v -16.682955 14.491823 67.211746
v -16.593119 14.518485 67.245857
v -16.501766 14.545596 67.275246
v -16.409121 14.573092 67.299858
v -16.315414 14.600902 67.319618
v -16.220881 14.628958 67.334480
v -16.125753 14.657189 67.344406
v -14.065127 15.268741 65.349998
v -11.668447 15.980026 61.349998
v -14.065127 15.268741 61.349998
v -14.067511 15.268033 65.449692
v -14.074655 15.265913 65.549133
v -14.086542 15.262385 65.648087
v -14.103144 15.257459 65.746292
v -14.124417 15.251144 65.843513
v -14.150310 15.243461 65.939507
v -14.180758 15.234425 66.034042
v -14.215684 15.224059 66.126869
v -14.255004 15.212389 66.217766
v -14.298618 15.199446 66.306511
v -14.346419 15.185259 66.392868
v -14.398288 15.169866 66.476639
v -14.454094 15.153303 66.557610
v -14.513700 15.135613 66.635574
v -14.576959 15.116839 66.710342
v -14.643711 15.097029 66.781731
v -14.713792 15.076231 66.849564
v -14.787026 15.054496 66.913666
v -14.863235 15.031879 66.973877
v -14.942224 15.008437 67.030052
v -15.023799 14.984227 67.082047
v -15.107759 14.959310 67.129745
v -15.193892 14.933746 67.173012
v -15.281986 14.907602 67.211746
v -15.371822 14.880940 67.245857
v -15.463177 14.853828 67.275246
v -15.555822 14.826333 67.299858
v -15.649528 14.798523 67.319618
v -15.744061 14.770468 67.334480
v -15.839189 14.742236 67.344406
v -15.934670 14.713899 67.349380
v -16.030272 14.685527 67.349380
v 3.711088 34.626339 47.851204
v 3.758014 34.640266 47.854816
v 3.804714 34.654125 47.860825
v 3.851076 34.667885 47.869213
v 3.896986 34.681511 47.879971
v 3.942336 34.694969 47.893059
v 3.987015 34.708229 47.908455
v 4.030916 34.721256 47.926121
v 4.073933 34.734024 47.946011
v 4.115963 34.746498 47.968079
v 4.156904 34.758648 47.992271
v 4.196658 34.770447 48.018532
v 4.235128 34.781864 48.046791
v 4.272223 34.792873 48.076988
v 4.307853 34.803448 48.109051
v 4.341931 34.813560 48.142895
v 4.374378 34.823189 48.178440
v 4.405111 34.832310 48.215607
v 4.434061 34.840904 48.254299
v 4.461154 34.848946 48.294430
v 4.486329 34.856415 48.335896
v 4.509521 34.863297 48.378605
v 4.530677 34.869576 48.422443
v 4.549746 34.875237 48.467316
v 4.566680 34.880260 48.513111
v 4.581440 34.884644 48.559715
v 4.593989 34.888367 48.607021
v 4.604300 34.891426 48.654911
v 4.612344 34.893814 48.703270
v 4.618104 34.895523 48.751984
v 4.621565 34.896549 48.800934
v 4.622720 34.896893 48.849998
v -8.687303 19.994099 49.849998
v 4.622720 34.896893 70.849998
v -15.509389 28.922096 71.849998
v 3.664048 34.612377 71.849998
v 4.618104 34.895523 70.948013
v 4.621565 34.896549 70.899071
v 3.804714 34.654125 71.839172
v 3.711088 34.626339 71.848793
v 3.758014 34.640266 71.845184
v 3.851076 34.667885 71.830788
v 4.581440 34.884644 71.140282
v 4.593989 34.888367 71.092979
v 4.604300 34.891426 71.045090
v 4.566680 34.880260 71.186890
v 4.612344 34.893814 70.996727
v 3.987015 34.708229 71.791542
v 3.896986 34.681511 71.820030
v 3.942336 34.694969 71.806938
v 4.030916 34.721256 71.773880
v 4.073933 34.734024 71.753990
v 4.509521 34.863297 71.321396
v 4.530677 34.869576 71.277557
v 4.549746 34.875237 71.232681
v 4.486329 34.856415 71.364105
v 4.156904 34.758648 71.707726
v 4.115963 34.746498 71.731918
v 4.196658 34.770447 71.681473
v 4.434061 34.840904 71.445702
v 4.461154 34.848946 71.405571
v 4.272223 34.792873 71.623009
v 4.235128 34.781864 71.653206
v 4.374378 34.823189 71.521561
v 4.405111 34.832310 71.484390
v 4.307853 34.803448 71.590950
v 4.341931 34.813560 71.557106
v -22.819038 15.800089 71.521561
v -22.752512 15.819833 71.590950
v -22.786592 15.809718 71.557106
v -22.849771 15.790968 71.484390
v -22.601564 15.864631 71.707726
v -22.716885 15.830406 71.623009
v -22.679789 15.841415 71.653206
v -22.641319 15.852833 71.681473
v -22.518593 15.889255 71.753990
v -22.560623 15.876781 71.731918
v -22.975338 15.753702 71.277557
v -22.930990 15.766865 71.364105
v -22.954182 15.759981 71.321396
v -22.905815 15.774335 71.405571
v -22.878721 15.782376 71.445702
v -22.475576 15.902021 71.773880
v -23.011339 15.743018 71.186890
v -22.994406 15.748043 71.232681
v -22.386997 15.928310 71.806938
v -22.431675 15.915051 71.791542
v -23.038651 15.734913 71.092979
v -23.026100 15.738637 71.140282
v -23.048960 15.731853 71.045090
v -22.249374 15.969153 71.839172
v -22.295736 15.955394 71.830788
v -22.341648 15.941769 71.820030
v -22.202675 15.983013 71.845184
v -23.067381 15.726386 70.849998
v -23.062763 15.727757 70.948013
v -23.066225 15.726729 70.899071
v -23.057003 15.729465 70.996727
v -22.108709 16.010900 71.849998
v -22.155748 15.996940 71.848793
v -18.174774 17.178411 66.781731
v -18.241526 17.158602 66.710342
v -18.104692 17.199209 66.849564
v -18.304785 17.139828 66.635574
v -18.031458 17.220945 66.913666
v -18.364391 17.122137 66.557610
v -17.955250 17.243561 66.973877
v -18.420197 17.105576 66.476639
v -17.876261 17.267004 67.030052
v -18.472065 17.090181 66.392868
v -17.794685 17.291214 67.082047
v -18.519867 17.075994 66.306511
v -17.710726 17.316132 67.129745
v -18.563480 17.063051 66.217766
v -17.624592 17.341694 67.173012
v -18.602800 17.051382 66.126869
v -17.536499 17.367838 67.211746
v -18.637728 17.041016 66.034042
v -17.446663 17.394501 67.245857
v -18.668175 17.031981 65.939507
v -17.355309 17.421612 67.275246
v -18.694067 17.024296 65.843513
v -17.262663 17.449108 67.299858
v -18.715342 17.017982 65.746292
v -17.168957 17.476917 67.319618
v -18.731943 17.013056 65.648087
v -17.074423 17.504972 67.334480
v -18.743830 17.009527 65.549133
v -16.979296 17.533205 67.344406
v -18.750975 17.007408 65.449692
v -12.521990 18.856041 71.849998
v -16.883814 17.561543 67.349380
v -18.753357 17.006701 65.349998
v -16.788214 17.589914 67.349380
v -16.692730 17.618252 67.344406
v -16.597603 17.646482 67.334480
v -16.503071 17.674540 67.319618
v -16.409365 17.702349 67.299858
v -16.316719 17.729845 67.275246
v -16.225365 17.756956 67.245857
v -16.135529 17.783617 67.211746
v -16.047434 17.809763 67.173012
v -15.961301 17.835325 67.129745
v -15.877341 17.860243 67.082047
v -15.795766 17.884453 67.030052
v -15.716777 17.907894 66.973877
v -15.640569 17.930511 66.913666
v -15.567334 17.952246 66.849564
v -15.497253 17.973045 66.781731
v -15.430501 17.992855 66.710342
v -15.367243 18.011629 66.635574
v -15.307636 18.029320 66.557610
v -15.251830 18.045881 66.476639
v -15.199962 18.061275 66.392868
v -15.152161 18.075460 66.306511
v -15.108546 18.088406 66.217766
v -15.069226 18.100075 66.126869
v -15.034300 18.110439 66.034042
v -15.003853 18.119476 65.939507
v -19.731451 16.716421 60.949577
v -19.782780 16.701189 60.897354
v -19.831549 16.686714 60.842529
v -19.677691 16.732376 60.999065
v -19.877638 16.673037 60.785236
v -19.621632 16.749014 61.045700
v -19.920931 16.660189 60.725616
v -19.563416 16.766291 61.089359
v -19.961321 16.648201 60.663818
v -19.503185 16.784166 61.129936
v -14.977960 18.127161 65.843513
v -19.998709 16.637106 60.599998
v -19.441090 16.802595 61.167332
v -20.032999 16.626928 60.534317
v -19.377285 16.821531 61.201454
v -20.064110 16.617695 60.466930
v -19.311930 16.840927 61.232216
v -20.091961 16.609430 60.398010
v -14.956686 18.133474 65.746292
v -19.245184 16.860735 61.259541
v -20.116484 16.602152 60.327728
v -19.177217 16.880907 61.283360
v -20.137619 16.595879 60.256260
v -19.108196 16.901390 61.303616
v -14.940084 18.138401 65.648087
v -20.155312 16.590630 60.183781
v -19.038294 16.922136 61.320259
v -20.169519 16.586412 60.110474
v -18.967682 16.943092 61.333244
v -20.180204 16.583241 60.036514
v -18.896538 16.964207 61.342545
v -20.187344 16.581121 59.962093
v -18.825037 16.985428 61.348137
v -20.190918 16.580061 59.887398
v -18.753357 17.006701 61.349998
v -12.521990 18.856041 61.349998
v -14.921053 18.144049 65.449692
v -14.918670 18.144756 65.349998
v -14.928197 18.141930 65.549133
v -14.918670 18.144756 61.349998
v -18.753357 17.006701 54.349998
v -19.877638 16.673037 58.914764
v -19.920931 16.660189 58.974384
v -19.831549 16.686714 58.857471
v -19.782780 16.701189 58.802643
v -19.731451 16.716421 58.750423
v -19.677691 16.732376 58.700932
v -19.621632 16.749014 58.654301
v -19.563416 16.766291 58.610641
v -19.503185 16.784166 58.570065
v -19.441090 16.802595 58.532669
v -19.377285 16.821531 58.498547
v -19.311930 16.840927 58.467785
v -19.245184 16.860735 58.440460
v -19.177217 16.880907 58.416641
v -19.108196 16.901390 58.396385
v -19.038294 16.922136 58.379742
v -18.967682 16.943092 58.366753
v -18.896538 16.964207 58.357452
v -18.825037 16.985428 58.351864
v -18.753357 17.006701 58.349998
v -23.067381 15.726386 48.849998
v -20.190918 16.580061 59.812603
v -20.187344 16.581121 59.737904
v -20.180204 16.583241 59.663483
v -20.169519 16.586412 59.589527
v -20.155312 16.590630 59.516220
v -20.137619 16.595879 59.443741
v -20.116484 16.602152 59.372269
v -18.750975 17.007408 54.250309
v -18.743830 17.009527 54.150864
v -20.091961 16.609430 59.301987
v -18.731943 17.013056 54.051914
v -20.064110 16.617695 59.233070
v -20.032999 16.626928 59.165684
v -18.715342 17.017982 53.953709
v -19.998709 16.637106 59.099998
v -18.694067 17.024296 53.856483
v -19.961321 16.648201 59.036182
v -18.668175 17.031981 53.760490
v -18.637728 17.041016 53.665958
v -18.602800 17.051382 53.573132
v -18.563480 17.063051 53.482231
v -23.057003 15.729465 48.703270
v -23.066225 15.726729 48.800934
v -23.062763 15.727757 48.751984
v -18.519867 17.075994 53.393494
v -23.026100 15.738637 48.559715
v -23.048960 15.731853 48.654911
v -23.038651 15.734913 48.607021
v -18.472065 17.090181 53.307129
v -23.011339 15.743018 48.513111
v -18.420197 17.105576 53.223358
v -22.954182 15.759981 48.378605
v -22.994406 15.748043 48.467316
v -22.975338 15.753702 48.422443
v -18.364391 17.122137 53.142391
v -22.930990 15.766865 48.335896
v -18.304785 17.139828 53.064426
v -18.241526 17.158602 52.989655
v -22.786592 15.809718 48.142895
v -22.849771 15.790968 48.215607
v -22.819038 15.800089 48.178440
v -18.174774 17.178411 52.918266
v -22.752512 15.819833 48.109051
v -22.641319 15.852833 48.018532
v -22.716885 15.830406 48.076988
v -22.679789 15.841415 48.046791
v -22.878721 15.782376 48.254299
v -22.905815 15.774335 48.294430
v -22.601564 15.864631 47.992271
v -22.475576 15.902021 47.926121
v -22.560623 15.876781 47.968079
v -22.518593 15.889255 47.946011
v -22.431675 15.915051 47.908455
v -22.386997 15.928310 47.893059
v -22.341648 15.941769 47.879971
v -22.202675 15.983013 47.854816
v -22.295736 15.955394 47.869213
v -22.249374 15.969153 47.860825
v -22.155748 15.996940 47.851204
v -18.104692 17.199209 52.850437
v -18.031458 17.220945 52.786339
v -17.955250 17.243561 52.726124
v -17.876261 17.267004 52.669949
v -17.794685 17.291214 52.617950
v -17.710726 17.316132 52.570255
v -17.624592 17.341694 52.526989
v -17.536499 17.367838 52.488255
v -17.446663 17.394501 52.454147
v -17.355309 17.421612 52.424751
v -17.262663 17.449108 52.400143
v -17.168957 17.476917 52.380386
v -17.074423 17.504972 52.365520
v -16.979296 17.533205 52.355591
v -16.883814 17.561543 52.350620
v -14.918670 18.144756 54.349998
v -12.521990 18.856041 58.349998
v -14.918670 18.144756 58.349998
v -12.521990 18.856041 49.849998
v -16.788214 17.589914 52.350620
v -16.692730 17.618252 52.355591
v -16.597603 17.646482 52.365520
v -16.503071 17.674540 52.380386
v -16.409365 17.702349 52.400143
v -16.316719 17.729845 52.424751
v -16.225365 17.756956 52.454147
v -16.135529 17.783617 52.488255
v -16.047434 17.809763 52.526989
v -15.961301 17.835325 52.570255
v -15.877341 17.860243 52.617950
v -15.795766 17.884453 52.669949
v -15.716777 17.907894 52.726124
v -15.640569 17.930511 52.786339
v -15.567334 17.952246 52.850437
v -15.497253 17.973045 52.918266
v -15.430501 17.992855 52.989655
v -15.367243 18.011629 53.064426
v -15.307636 18.029320 53.142391
v -15.251830 18.045881 53.223358
v -15.199962 18.061275 53.307129
v -15.152161 18.075460 53.393494
v -15.108546 18.088406 53.482231
v -15.069226 18.100075 53.573132
v -15.034300 18.110439 53.665958
v -15.003853 18.119476 53.760490
v -14.977960 18.127161 53.856483
v -14.956686 18.133474 53.953709
v -14.940084 18.138401 54.051914
v -14.928197 18.141930 54.150864
v -14.921053 18.144049 54.250309
v -15.556086 28.906981 71.849998
v -15.601985 28.889591 71.849998
v -15.646976 28.869972 71.849998
v -15.690949 28.848169 71.849998
v -15.733801 28.824236 71.849998
v -15.775425 28.798225 71.849998
v -15.815723 28.770206 71.849998
v -15.854599 28.740242 71.849998
v -15.891957 28.708408 71.849998
v -15.927709 28.674778 71.849998
v -15.961766 28.639435 71.849998
v -15.994050 28.602465 71.849998
v -16.024479 28.563951 71.849998
v -16.052982 28.523993 71.849998
v -16.079491 28.482685 71.849998
v -16.103939 28.440126 71.849998
v -16.126272 28.396418 71.849998
v -16.146431 28.351667 71.849998
v -16.164371 28.305981 71.849998
v -16.180048 28.259470 71.849998
v -16.193424 28.212244 71.849998
v -16.204466 28.164421 71.849998
v -16.213148 28.116112 71.849998
v -16.219450 28.067434 71.849998
v -16.223356 28.018507 71.849998
v -16.224857 27.969450 71.849998
v -16.223948 27.920376 71.849998
v -16.220633 27.871405 71.849998
v -16.214918 27.822657 71.849998
v -16.206818 27.774246 71.849998
v -16.196352 27.726294 71.849998
v -16.183546 27.678909 71.849998
v -22.440264 16.955612 47.851204
v -22.487188 16.941685 47.854816
v -22.533890 16.927826 47.860825
v -22.580252 16.914066 47.869213
v -22.626162 16.900440 47.879971
v -22.671511 16.886982 47.893059
v -22.716188 16.873722 47.908455
v -22.760090 16.860693 47.926121
v -22.803108 16.847927 47.946011
v -22.845139 16.835453 47.968079
v -22.886078 16.823303 47.992271
v -22.925833 16.811504 48.018532
v -22.964302 16.800087 48.046791
v -23.001398 16.789078 48.076988
v -23.037027 16.778503 48.109051
v -23.071106 16.768391 48.142895
v -23.103552 16.758760 48.178440
v -23.134287 16.749640 48.215607
v -23.163235 16.741049 48.254299
v -23.190331 16.733007 48.294430
v -23.215504 16.725536 48.335896
v -23.238697 16.718653 48.378605
v -23.259851 16.712374 48.422443
v -23.278921 16.706715 48.467316
v -23.295855 16.701689 48.513111
v -23.310614 16.697309 48.559715
v -23.323164 16.693584 48.607021
v -23.333473 16.690525 48.654911
v -23.341518 16.688137 48.703270
v -23.347277 16.686428 48.751984
v -23.350739 16.685402 48.800934
v -23.351894 16.685059 48.849998
v -13.765176 19.530199 61.349998
v -13.765176 19.530199 71.849998
v -13.765176 19.530199 58.349998
v -15.715015 18.951527 66.710342
v -15.781768 18.931717 66.781731
v -15.851849 18.910917 66.849564
v -15.651757 18.970301 66.635574
v -15.925083 18.889183 66.913666
v -15.592151 18.987991 66.557610
v -16.001291 18.866566 66.973877
v -15.536345 19.004553 66.476639
v -16.080280 18.843124 67.030052
v -15.484475 19.019947 66.392868
v -16.161856 18.818914 67.082047
v -15.436675 19.034132 66.306511
v -16.245815 18.793997 67.129745
v -15.393061 19.047077 66.217766
v -16.331949 18.768435 67.173012
v -15.353741 19.058746 66.126869
v -16.420044 18.742289 67.211746
v -15.318814 19.069111 66.034042
v -16.509880 18.715628 67.245857
v -15.288366 19.078148 65.939507
v -16.601233 18.688517 67.275246
v -15.262474 19.085833 65.843513
v -16.693878 18.661020 67.299858
v -15.241199 19.092146 65.746292
v -16.787584 18.633211 67.319618
v -15.224599 19.097073 65.648087
v -16.882118 18.605156 67.334480
v -15.212711 19.100601 65.549133
v -16.977245 18.576923 67.344406
v -17.072727 18.548586 67.349380
v -17.168327 18.520214 67.349380
v -17.263811 18.491877 67.344406
v -17.358938 18.463644 67.334480
v -17.453472 18.435589 67.319618
v -17.639822 18.380283 67.275246
v -22.393223 16.969572 71.849998
v -17.547176 18.407780 67.299858
v -17.731176 18.353172 67.245857
v -17.821012 18.326511 67.211746
v -17.909107 18.300365 67.173012
v -22.487188 16.941685 71.845184
v -22.440264 16.955612 71.848793
v -17.995241 18.274803 67.129745
v -22.533890 16.927826 71.839172
v -18.079199 18.249886 67.082047
v -22.626162 16.900440 71.820030
v -22.580252 16.914066 71.830788
v -22.671511 16.886982 71.806938
v -22.716188 16.873722 71.791542
v -18.160776 18.225676 67.030052
v -22.760090 16.860693 71.773880
v -18.239765 18.202234 66.973877
v -18.315971 18.179617 66.913666
v -22.845139 16.835453 71.731918
v -22.925833 16.811504 71.681473
v -22.886078 16.823303 71.707726
v -22.803108 16.847927 71.753990
v -18.389208 18.157883 66.849564
v -22.964302 16.800087 71.653206
v -23.037027 16.778503 71.590950
v -23.001398 16.789078 71.623009
v -18.459288 18.137083 66.781731
v -23.071106 16.768391 71.557106
v -23.103552 16.758760 71.521561
v -23.163235 16.741049 71.445702
v -23.134287 16.749640 71.484390
v -23.190331 16.733007 71.405571
v -23.238697 16.718653 71.321396
v -23.215504 16.725536 71.364105
v -15.205567 19.102720 65.449692
v -15.203184 19.103428 65.349998
v -23.278921 16.706715 71.232681
v -23.259851 16.712374 71.277557
v -23.295855 16.701689 71.186890
v -23.310614 16.697309 71.140282
v -23.323164 16.693584 71.092979
v -23.347277 16.686428 70.948013
v -23.333473 16.690525 71.045090
v -23.341518 16.688137 70.996727
v -18.526039 18.117273 66.710342
v -23.351894 16.685059 70.849998
v -18.589298 18.098499 66.635574
v -18.648905 18.080809 66.557610
v -18.704712 18.064247 66.476639
v -18.756580 18.048853 66.392868
v -18.804380 18.034668 66.306511
v -18.847996 18.021723 66.217766
v -23.350739 16.685402 70.899071
v -18.887314 18.010054 66.126869
v -18.922241 17.999689 66.034042
v -18.952688 17.990652 65.939507
v -18.978582 17.982967 65.843513
v -18.999855 17.976654 65.746292
v -19.016457 17.971727 65.648087
v -19.028343 17.968199 65.549133
v -19.035488 17.966080 65.449692
v -19.037872 17.965372 65.349998
v -15.203184 19.103428 61.349998
v -19.037872 17.965372 61.349998
v -19.109550 17.944099 61.348137
v -19.181051 17.922878 61.342545
v -19.252195 17.901764 61.333244
v -19.322807 17.880808 61.320259
v -19.392710 17.860064 61.303616
v -19.461731 17.839579 61.283360
v -19.529699 17.819407 61.259541
v -19.596443 17.799599 61.232216
v -19.661800 17.780203 61.201454
v -19.725603 17.761267 61.167332
v -19.787699 17.742838 61.129936
v -19.847931 17.724962 61.089359
v -19.906147 17.707685 61.045700
v -19.962204 17.691048 60.999065
v -20.015965 17.675093 60.949577
v -20.067293 17.659861 60.897354
v -20.116062 17.645386 60.842529
v -20.162151 17.631708 60.785236
v -20.205444 17.618860 60.725616
v -20.245836 17.606873 60.663818
v -20.283222 17.595778 60.599998
v -20.317514 17.585600 60.534317
v -20.348623 17.576366 60.466930
v -20.376474 17.568102 60.398010
v -20.400999 17.560823 60.327728
v -20.422132 17.554552 60.256260
v -20.439825 17.549301 60.183781
v -20.454033 17.545084 60.110474
v -20.464718 17.541912 60.036514
v -20.471859 17.539793 59.962093
v -20.475431 17.538733 59.887398
v -15.203184 19.103428 54.349998
v -15.203184 19.103428 58.349998
v -20.475431 17.538733 59.812603
v -15.205567 19.102720 54.250309
v -15.212711 19.100601 54.150864
v -20.162151 17.631708 58.914764
v -19.037872 17.965372 54.349998
v -20.205444 17.618860 58.974384
v -20.116062 17.645386 58.857471
v -20.067293 17.659861 58.802643
v -20.015965 17.675093 58.750423
v -19.962204 17.691048 58.700932
v -19.906147 17.707685 58.654301
v -19.847931 17.724962 58.610641
v -19.787699 17.742838 58.570065
v -19.725603 17.761267 58.532669
v -19.661800 17.780203 58.498547
v -19.596443 17.799599 58.467785
v -19.529699 17.819407 58.440460
v -19.461731 17.839579 58.416641
v -19.392710 17.860064 58.396385
v -19.322807 17.880808 58.379742
v -19.252195 17.901764 58.366753
v -19.181051 17.922878 58.357452
v -19.109550 17.944099 58.351864
v -19.037872 17.965372 58.349998
v -17.358938 18.463644 52.365520
v -17.453472 18.435589 52.380386
v -17.263811 18.491877 52.355591
v -17.168327 18.520214 52.350620
v -17.072727 18.548586 52.350620
v -16.977245 18.576923 52.355591
v -16.882118 18.605156 52.365520
v -16.787584 18.633211 52.380386
v -16.693878 18.661020 52.400143
v -16.601233 18.688517 52.424751
v -16.509880 18.715628 52.454147
v -16.420044 18.742289 52.488255
v -16.331949 18.768435 52.526989
v -16.245815 18.793997 52.570255
v -16.161856 18.818914 52.617950
v -16.080280 18.843124 52.669949
v -16.001291 18.866566 52.726124
v -15.925083 18.889183 52.786339
v -15.851849 18.910917 52.850437
v -15.781768 18.931717 52.918266
v -15.715015 18.951527 52.989655
v -15.651757 18.970301 53.064426
v -15.592151 18.987991 53.142391
v -15.536345 19.004553 53.223358
v -15.484475 19.019947 53.307129
v -15.436675 19.034132 53.393494
v -15.393061 19.047077 53.482231
v -15.353741 19.058746 53.573132
v -15.318814 19.069111 53.665958
v -15.288366 19.078148 53.760490
v -15.262474 19.085833 53.856483
v -15.241199 19.092146 53.953709
v -15.224599 19.097073 54.051914
v -20.471859 17.539793 59.737904
v -20.464718 17.541912 59.663483
v -20.454033 17.545084 59.589527
v -20.439825 17.549301 59.516220
v -20.422132 17.554552 59.443741
v -20.400999 17.560823 59.372269
v -19.035488 17.966080 54.250309
v -19.028343 17.968199 54.150864
v -20.376474 17.568102 59.301987
v -19.016457 17.971727 54.051914
v -20.348623 17.576366 59.233070
v -20.317514 17.585600 59.165684
v -18.999855 17.976654 53.953709
v -20.283222 17.595778 59.099998
v -18.978582 17.982967 53.856483
v -20.245836 17.606873 59.036182
v -18.952688 17.990652 53.760490
v -18.922241 17.999689 53.665958
v -18.887314 18.010054 53.573132
v -18.847996 18.021723 53.482231
v -18.804380 18.034668 53.393494
v -18.756580 18.048853 53.307129
v -18.704712 18.064247 53.223358
v -18.648905 18.080809 53.142391
v -18.589298 18.098499 53.064426
v -18.526039 18.117273 52.989655
v -18.459288 18.137083 52.918266
v -18.389208 18.157883 52.850437
v -18.315971 18.179617 52.786339
v -18.239765 18.202234 52.726124
v -18.160776 18.225676 52.669949
v -18.079199 18.249886 52.617950
v -17.995241 18.274803 52.570255
v -17.909107 18.300365 52.526989
v -17.821012 18.326511 52.488255
v -17.731176 18.353172 52.454147
v -17.639822 18.380283 52.424751
v -17.547176 18.407780 52.400143
v -0.405558 10.716965 48.349998
v -0.433230 10.802343 48.349998
v -0.465124 10.886235 48.349998
v -0.501160 10.968433 48.349998
v -0.541248 11.048734 48.349998
v -0.585289 11.126936 48.349998
v -0.633174 11.202845 48.349998
v -0.684782 11.276273 48.349998
v -0.739987 11.347037 48.349998
v -0.798650 11.414963 48.349998
v -0.860626 11.479878 48.349998
v -0.925761 11.541625 48.349998
v -0.993892 11.600048 48.349998
v -1.064852 11.655002 48.349998
v -1.138462 11.706350 48.349998
v -1.214540 11.753966 48.349998
v -1.292897 11.797730 48.349998
v -1.373338 11.837535 48.349998
v -1.455663 11.873281 48.349998
v -1.539668 11.904878 48.349998
v -1.625143 11.932248 48.349998
v -1.711876 11.955324 48.349998
v -1.799652 11.974048 48.349998
v -1.888252 11.988373 48.349998
v -1.977455 11.998264 48.349998
v -2.067041 12.003697 48.349998
v -2.156787 12.004657 48.349998
v -2.246469 12.001143 48.349998
v -2.335864 11.993163 48.349998
v -2.424750 11.980737 48.349998
v -2.512906 11.963895 48.349998
v -2.600113 11.942680 48.349998
v -2.686154 11.917145 48.349998
v -2.770816 11.887353 48.349998
v -2.853887 11.853377 48.349998
v -2.935161 11.815304 48.349998
v -3.014437 11.773226 48.349998
v -3.091516 11.727248 48.349998
v -3.166209 11.677486 48.349998
v -3.238327 11.624063 48.349998
v -3.307693 11.567112 48.349998
v -3.374135 11.506774 48.349998
v -3.437486 11.443198 48.349998
v -3.497589 11.376544 48.349998
v -3.554295 11.306977 48.349998
v -3.607463 11.234671 48.349998
v -3.656961 11.159802 48.349998
v -3.702665 11.082561 48.349998
v -3.744462 11.003138 48.349998
v -3.782249 10.921729 48.349998
v -3.815930 10.838538 48.349998
v -3.845423 10.753772 48.349998
v -3.870654 10.667641 48.349998
v -3.891561 10.580359 48.349998
v -3.908090 10.492145 48.349998
v -3.920202 10.403214 48.349998
v -3.927867 10.313792 48.349998
v -3.931064 10.224099 48.349998
v -3.929787 10.134357 48.349998
v -3.924038 10.044791 48.349998
v -3.913831 9.955623 48.349998
v -3.899193 9.867074 48.349998
v -3.880159 9.779366 48.349998
v -3.856776 9.692714 48.349998
v -3.829104 9.607336 48.349998
v -3.797210 9.523444 48.349998
v -3.761175 9.441245 48.349998
v -3.721087 9.360946 48.349998
v -3.677045 9.282743 48.349998
v -3.629161 9.206834 48.349998
v -3.577552 9.133406 48.349998
v -3.522348 9.062641 48.349998
v -3.463685 8.994717 48.349998
v -3.401709 8.929800 48.349998
v -3.336574 8.868054 48.349998
v -3.268442 8.809631 48.349998
v -3.197483 8.754677 48.349998
v -3.123873 8.703328 48.349998
v -3.047795 8.655713 48.349998
v -2.969438 8.611948 48.349998
v -2.888997 8.572144 48.349998
v -2.806671 8.536399 48.349998
v -2.722667 8.504802 48.349998
v -2.637192 8.477431 48.349998
v -2.550458 8.454355 48.349998
v -2.462683 8.435632 48.349998
v -2.374083 8.421306 48.349998
v -2.284879 8.411415 48.349998
v -2.195293 8.405982 48.349998
v -2.105548 8.405022 48.349998
v -2.015866 8.408536 48.349998
v -1.926471 8.416516 48.349998
v -1.837585 8.428943 48.349998
v -1.749429 8.445785 48.349998
v -1.662222 8.466999 48.349998
v -1.576180 8.492535 48.349998
v -1.491519 8.522326 48.349998
v -1.408448 8.556302 48.349998
v -1.327173 8.594376 48.349998
v -1.247898 8.636454 48.349998
v -1.170818 8.682430 48.349998
v -1.096126 8.732192 48.349998
v -1.024007 8.785616 48.349998
v -0.954641 8.842567 48.349998
v -0.888200 8.902905 48.349998
v -0.824849 8.966481 48.349998
v -0.764746 9.033134 48.349998
v -0.708040 9.102702 48.349998
v -0.654872 9.175009 48.349998
v -0.605374 9.249876 48.349998
v -0.559670 9.327118 48.349998
v -0.517872 9.406542 48.349998
v -0.480086 9.487950 48.349998
v -0.446404 9.571141 48.349998
v -0.416911 9.655908 48.349998
v -0.391680 9.742038 48.349998
v -0.370774 9.829320 48.349998
v -0.354244 9.917535 48.349998
v -0.342132 10.006464 48.349998
v -0.334468 10.095887 48.349998
v -0.331270 10.185580 48.349998
v -0.332548 10.275322 48.349998
v -0.338297 10.364888 48.349998
v -0.348503 10.454057 48.349998
v -0.363142 10.542605 48.349998
v -0.382176 10.630314 48.349998
v -11.383934 15.021355 58.349998
v -11.383934 15.021355 61.349998
v 25.449938 -7.687399 62.380390
v 25.696754 -7.874927 62.210346
v 25.763508 -7.855115 62.281734
v 25.633497 -7.893700 62.135574
v 25.374161 -7.449111 62.724453
v 25.203119 -7.499873 62.550430
v 25.603876 -7.641714 62.537006
v 24.513615 -7.443726 62.043179
v 24.639311 -7.406422 62.283947
v 24.914946 -7.585396 62.153587
v 25.049538 -7.545452 62.359512
v 29.525229 -5.956381 60.849998
v 25.311714 -7.728421 62.208561
v 25.573891 -7.911390 62.057610
v 25.518084 -7.927952 61.976639
v 24.411526 -7.474024 61.790554
v 24.800676 -7.619309 61.934708
v 25.190580 -7.764371 62.023228
v 25.466215 -7.943346 61.892872
v 25.418415 -7.957532 61.806507
v 24.334057 -7.497015 61.528584
v 24.707869 -7.646853 61.705051
v 29.017229 -6.889478 60.949692
v 29.019611 -6.888771 60.849998
v 29.188150 -6.577974 60.849998
v 25.087738 -7.794892 61.826237
v 25.374802 -7.970476 61.717766
v 25.335480 -7.982145 61.626869
v 24.281981 -7.512470 61.259865
v 24.637442 -7.667754 61.466892
v 25.004210 -7.819682 61.619545
v 25.300554 -7.992511 61.534039
v 25.270105 -8.001547 61.439510
v 24.255810 -7.520237 60.987076
v 24.590099 -7.681804 61.222607
v 24.940828 -7.838492 61.405205
v 25.244213 -8.009232 61.343513
v 25.222940 -8.015545 61.246292
v 24.255810 -7.520237 60.712925
v 24.566309 -7.688865 60.974613
v 24.898220 -7.851138 61.185345
v 25.206339 -8.020472 61.148083
v 25.194452 -8.023999 61.049137
v 24.281981 -7.512470 60.440132
v 24.566309 -7.688865 60.725384
v 24.876808 -7.857492 60.962154
v 25.187305 -8.026120 60.949692
v 25.184923 -8.026828 60.849998
v 24.334057 -7.497015 60.171417
v 24.590099 -7.681804 60.477394
v 24.876808 -7.857492 60.737846
v 25.187305 -8.026120 60.750309
v 25.194452 -8.023999 60.650864
v 24.411526 -7.474024 59.909443
v 24.637442 -7.667754 60.233105
v 24.898220 -7.851138 60.514656
v 25.206339 -8.020472 60.551914
v 25.222940 -8.015545 60.453709
v 24.513615 -7.443726 59.656818
v 24.707869 -7.646853 59.994949
v 24.940828 -7.838492 60.294796
v 25.244213 -8.009232 60.356483
v 25.270105 -8.001547 60.260490
v 24.639311 -7.406422 59.416054
v 24.800676 -7.619309 59.765289
v 25.004210 -7.819682 60.080456
v 25.300554 -7.992511 60.165958
v 25.335480 -7.982145 60.073132
v 24.787363 -7.362483 59.189537
v 24.914946 -7.585396 59.546413
v 25.087738 -7.794892 59.873760
v 25.374802 -7.970476 59.982231
v 25.418415 -7.957532 59.893494
v 24.956303 -7.312345 58.979527
v 25.049538 -7.545452 59.340488
v 25.190580 -7.764371 59.676769
v 25.466215 -7.943346 59.807129
v 25.518084 -7.927952 59.723358
v 25.144449 -7.256507 58.788101
v 25.203119 -7.499873 59.149567
v 25.311714 -7.728421 59.491440
v 25.573891 -7.911390 59.642391
v 25.633497 -7.893700 59.564426
v 25.349930 -7.195525 58.617172
v 25.374161 -7.449111 58.975548
v 25.449938 -7.687399 59.319611
v 25.696754 -7.874927 59.489655
v 25.763508 -7.855115 59.418266
v 25.570707 -7.130002 58.468430
v 25.560963 -7.393672 58.820156
v 25.603876 -7.641714 59.162991
v 25.833588 -7.834317 59.350437
v 25.906824 -7.812582 59.286339
v 25.804586 -7.060592 58.343357
v 25.761671 -7.334106 58.684937
v 25.771997 -7.591819 59.023140
v 25.983028 -7.789966 59.226124
v 26.062019 -7.766523 59.169949
v 26.049238 -6.987984 58.243198
v 25.974287 -7.271006 58.571236
v 25.952633 -7.538209 58.901443
v 26.143595 -7.742313 59.117950
v 26.227554 -7.717396 59.070255
v 26.302238 -6.912899 58.168949
v 26.196699 -7.204998 58.480183
v 26.143988 -7.481420 58.799110
v 26.313688 -7.691833 59.026989
v 26.401783 -7.665689 58.988251
v 26.561068 -6.836084 58.121342
v 26.426699 -7.136739 58.412682
v 26.344160 -7.422012 58.717163
v 26.491619 -7.639027 58.954144
v 26.582973 -7.611915 58.924751
v 26.823154 -6.758301 58.100853
v 26.661997 -7.066907 58.369400
v 26.551159 -7.360579 58.656410
v 26.675619 -7.584420 58.900143
v 26.769325 -7.556610 58.880383
v 27.085896 -6.680326 58.107689
v 26.900259 -6.996196 58.350777
v 26.762928 -7.297731 58.617462
v 26.863857 -7.528554 58.865520
v 26.958984 -7.500323 58.855591
v 27.346680 -6.602931 58.141777
v 27.139114 -6.925309 58.356991
v 26.977364 -7.234090 58.600700
v 27.054466 -7.471986 58.850620
v 27.150068 -7.443613 58.850620
v 27.602911 -6.526886 58.202782
v 27.376188 -6.854950 58.387981
v 27.192331 -7.170292 58.606293
v 27.245550 -7.415276 58.855591
v 27.340677 -7.387044 58.865520
v 27.852047 -6.452947 58.290096
v 27.609127 -6.785819 58.443439
v 27.405701 -7.106969 58.634182
v 27.435209 -7.358989 58.880383
v 27.528915 -7.331179 58.900143
v 28.091612 -6.381850 58.402851
v 27.835615 -6.718601 58.522816
v 27.615343 -7.044751 58.684093
v 27.621561 -7.303683 58.924751
v 27.712915 -7.276572 58.954144
v 28.319221 -6.314300 58.539928
v 28.053400 -6.653967 58.625320
v 27.819183 -6.984256 58.755535
v 27.802752 -7.249910 58.988251
v 27.890846 -7.223765 59.026989
v 28.532618 -6.250968 58.699963
v 28.260319 -6.592558 58.749935
v 28.015190 -6.926085 58.847790
v 27.976980 -7.198202 59.070255
v 28.060940 -7.173285 59.117950
v 28.729675 -6.192485 58.881367
v 28.454317 -6.534984 58.895420
v 28.201418 -6.870816 58.959942
v 28.142515 -7.149075 59.169949
v 28.221504 -7.125632 59.226124
v 28.908442 -6.139431 59.082333
v 28.633461 -6.481818 59.060333
v 28.376013 -6.819000 59.090878
v 28.297710 -7.103016 59.286339
v 28.370947 -7.081281 59.350437
v 29.067133 -6.092335 59.300869
v 28.795973 -6.433587 59.243031
v 28.537245 -6.771150 59.239300
v 28.441027 -7.060483 59.418266
v 28.507780 -7.040672 59.489655
v 29.204180 -6.051662 59.534801
v 28.940241 -6.390771 59.441700
v 28.683506 -6.727743 59.403728
v 28.571037 -7.021898 59.564426
v 28.630644 -7.004208 59.642391
v 29.318213 -6.017819 59.781803
v 29.064827 -6.353797 59.654366
v 28.813345 -6.689209 59.582531
v 28.686451 -6.987646 59.723358
v 28.738317 -6.972253 59.807129
v 29.408104 -5.991142 60.039425
v 29.168493 -6.323031 59.878914
v 28.925472 -6.655932 59.773930
v 28.786119 -6.958066 59.893494
v 28.829733 -6.945123 59.982231
v 29.472958 -5.971895 60.305099
v 29.250212 -6.298779 60.113113
v 29.018774 -6.628242 59.976021
v 28.869055 -6.933453 60.073132
v 28.903980 -6.923088 60.165958
v 29.512127 -5.960269 60.576187
v 29.309170 -6.281281 60.354633
v 29.092321 -6.606414 60.186802
v 28.934429 -6.914051 60.260490
v 28.960321 -6.906367 60.356483
v 29.344780 -6.270712 60.601082
v 29.356689 -6.267178 60.849998
v 29.145384 -6.590667 60.404171
v 28.981594 -6.900054 60.453709
v 28.998196 -6.895127 60.551914
v 29.177431 -6.581155 60.625973
v 29.010082 -6.891599 60.650864
v 29.017229 -6.889478 60.750309
v 29.512127 -5.960269 61.123810
v 29.472958 -5.971895 61.394901
v 29.344780 -6.270712 61.098919
v 29.408104 -5.991142 61.660576
v 29.309170 -6.281281 61.345364
v 29.177431 -6.581155 61.074028
v 29.010082 -6.891599 61.049137
v 28.998196 -6.895127 61.148083
v 29.318213 -6.017819 61.918194
v 29.250212 -6.298779 61.586887
v 29.145384 -6.590667 61.295830
v 28.981594 -6.900054 61.246292
v 28.960321 -6.906367 61.343513
v 29.204180 -6.051662 62.165199
v 29.168493 -6.323031 61.821087
v 29.092321 -6.606414 61.513199
v 28.934429 -6.914051 61.439510
v 28.903980 -6.923088 61.534039
v 29.067133 -6.092335 62.399132
v 29.064827 -6.353797 62.045635
v 29.018774 -6.628242 61.723980
v 28.869055 -6.933453 61.626869
v 28.829733 -6.945123 61.717766
v 28.908442 -6.139431 62.617664
v 28.940241 -6.390771 62.258301
v 28.925472 -6.655932 61.926071
v 28.786119 -6.958066 61.806507
v 28.738317 -6.972253 61.892872
v 28.729675 -6.192485 62.818634
v 28.795973 -6.433587 62.456970
v 28.813345 -6.689209 62.117470
v 28.686451 -6.987646 61.976639
v 28.630644 -7.004208 62.057610
v 28.532618 -6.250968 63.000038
v 28.633461 -6.481818 62.639668
v 28.683506 -6.727743 62.296272
v 28.571037 -7.021898 62.135574
v 28.507780 -7.040672 62.210346
v 28.319221 -6.314300 63.160072
v 28.454317 -6.534984 62.804577
v 28.537245 -6.771150 62.460701
v 28.441027 -7.060483 62.281734
v 28.370947 -7.081281 62.349564
v 28.091612 -6.381850 63.297146
v 28.260319 -6.592558 62.950066
v 28.376013 -6.819000 62.609119
v 28.297710 -7.103016 62.413662
v 28.221504 -7.125632 62.473877
v 27.852047 -6.452947 63.409904
v 28.053400 -6.653967 63.074680
v 28.201418 -6.870816 62.740059
v 28.142515 -7.149075 62.530052
v 28.060940 -7.173285 62.582050
v 27.602911 -6.526886 63.497215
v 27.835615 -6.718601 63.177185
v 28.015190 -6.926085 62.852211
v 27.976980 -7.198202 62.629742
v 27.890846 -7.223765 62.673012
v 27.346680 -6.602931 63.558220
v 27.609127 -6.785819 63.256561
v 27.819183 -6.984256 62.944466
v 27.802752 -7.249910 62.711746
v 27.712915 -7.276572 62.745853
v 27.085896 -6.680326 63.592312
v 27.376188 -6.854950 63.312019
v 27.615343 -7.044751 63.015903
v 27.621561 -7.303683 62.775249
v 27.528915 -7.331179 62.799854
v 26.823154 -6.758301 63.599144
v 27.139114 -6.925309 63.343010
v 27.405701 -7.106969 63.065819
v 27.435209 -7.358989 62.819614
v 27.340677 -7.387044 62.834476
v 26.561068 -6.836084 63.578659
v 26.900259 -6.996196 63.349224
v 27.192331 -7.170292 63.093708
v 27.245550 -7.415276 62.844406
v 27.150068 -7.443613 62.849377
v 26.302238 -6.912899 63.531052
v 26.661997 -7.066907 63.330597
v 26.977364 -7.234090 63.099300
v 27.054466 -7.471986 62.849377
v 26.958984 -7.500323 62.844406
v 26.049238 -6.987984 63.456799
v 26.426699 -7.136739 63.287319
v 26.762928 -7.297731 63.082539
v 26.863857 -7.528554 62.834476
v 26.769325 -7.556610 62.819614
v 25.804586 -7.060592 63.356640
v 26.196699 -7.204998 63.219818
v 26.551159 -7.360579 63.043587
v 26.675619 -7.584420 62.799854
v 26.582973 -7.611915 62.775249
v 25.570707 -7.130002 63.231571
v 25.974287 -7.271006 63.128765
v 26.344160 -7.422012 62.982838
v 26.491619 -7.639027 62.745853
v 26.401783 -7.665689 62.711746
v 25.349930 -7.195525 63.082829
v 25.761671 -7.334106 63.015064
v 26.143988 -7.481420 62.900887
v 26.313688 -7.691833 62.673012
v 26.227554 -7.717396 62.629742
v 25.144449 -7.256507 62.911900
v 25.560963 -7.393672 62.879845
v 25.952633 -7.538209 62.798557
v 26.143595 -7.742313 62.582050
v 26.062019 -7.766523 62.530052
v 24.956303 -7.312345 62.720474
v 25.771997 -7.591819 62.676861
v 25.983028 -7.789966 62.473877
v 25.906824 -7.812582 62.413662
v 24.787363 -7.362483 62.510464
v 25.833588 -7.834317 62.349564
v -3.658880 7.622962 49.849998
v -3.528284 7.550021 49.849998
v -3.394216 7.483680 49.849998
v -3.785676 7.702321 49.849998
v -3.257007 7.424105 49.849998
v -3.908360 7.787902 49.849998
v -3.117000 7.371443 49.849998
v -4.026625 7.879493 49.849998
v -2.974541 7.325826 49.849998
v -4.140178 7.976864 49.849998
v -2.829986 7.287366 49.849998
v -4.248736 8.079774 49.849998
v -2.683693 7.256159 49.849998
v -4.352030 8.187968 49.849998
v -2.536026 7.232284 49.849998
v -4.449801 8.301176 49.849998
v -2.387354 7.215798 49.849998
v -4.541809 8.419117 49.849998
v -2.238044 7.206744 49.849998
v -4.627824 8.541497 49.849998
v -2.088468 7.205143 49.849998
v -4.707631 8.668013 49.849998
v -1.938999 7.211001 49.849998
v -1.790007 7.224301 49.849998
v -1.641863 7.245011 49.849998
v -1.494936 7.273080 49.849998
v -1.349591 7.308439 49.849998
v -1.206189 7.350997 49.849998
v -1.065087 7.400651 49.849998
v -0.926635 7.457277 49.849998
v -0.791177 7.520733 49.849998
v -0.659051 7.590863 49.849998
v -0.530585 7.667491 49.849998
v -0.406099 7.750428 49.849998
v -0.285901 7.839467 49.849998
v -0.170290 7.934386 49.849998
v -0.059555 8.034949 49.849998
v 0.046030 8.140908 49.849998
v 0.146202 8.251998 49.849998
v 0.240712 8.367944 49.849998
v 0.329325 8.488455 49.849998
v 0.411821 8.613235 49.849998
v 0.487995 8.741970 49.849998
v 0.557658 8.874343 49.849998
v 0.620635 9.010024 49.849998
v 0.676771 9.148675 49.849998
v -4.939106 11.261004 49.849998
v -4.882969 11.399655 49.849998
v -4.988260 11.119727 49.849998
v -5.030312 10.976175 49.849998
v -5.065156 10.830706 49.849998
v -5.092706 10.683681 49.849998
v -5.112893 10.535465 49.849998
v -5.125667 10.386427 49.849998
v -5.130996 10.236938 49.849998
v -5.128867 10.087369 49.849998
v -5.119285 9.938092 49.849998
v -5.102274 9.789478 49.849998
v -5.077877 9.641897 49.849998
v -5.046153 9.495716 49.849998
v -5.007183 9.351297 49.849998
v -4.961062 9.209001 49.849998
v -4.907906 9.069180 49.849998
v -4.847846 8.932182 49.849998
v -4.781033 8.798349 49.849998
v 0.725926 9.289952 49.849998
v 0.767978 9.433504 49.849998
v 0.802822 9.578973 49.849998
v 0.830371 9.725998 49.849998
v 0.850558 9.874214 49.849998
v 0.863332 10.023252 49.849998
v 0.868661 10.172741 49.849998
v 0.866532 10.322310 49.849998
v 0.856950 10.471587 49.849998
v 0.839939 10.620201 49.849998
v 0.815542 10.767782 49.849998
v 0.783819 10.913963 49.849998
v 0.744848 11.058382 49.849998
v -2.024291 13.202935 49.849998
v -1.874981 13.193881 49.849998
v -2.173867 13.204535 49.849998
v -2.323336 13.198678 49.849998
v -2.472328 13.185378 49.849998
v -2.620471 13.164668 49.849998
v -2.767398 13.136599 49.849998
v -2.912743 13.101240 49.849998
v -3.056145 13.058681 49.849998
v -3.197248 13.009028 49.849998
v -3.335700 12.952402 49.849998
v -3.471157 12.888946 49.849998
v -3.603283 12.818816 49.849998
v -3.731749 12.742188 49.849998
v -3.856236 12.659251 49.849998
v -3.976434 12.570212 49.849998
v -4.092044 12.475293 49.849998
v -4.202780 12.374730 49.849998
v -4.308364 12.268771 49.849998
v -4.408536 12.157681 49.849998
v -4.503047 12.041736 49.849998
v -4.591660 11.921224 49.849998
v -4.674156 11.796445 49.849998
v -4.750330 11.667709 49.849998
v -4.819992 11.535336 49.849998
v -1.726308 13.177396 49.849998
v -1.578642 13.153520 49.849998
v 0.698727 11.200679 49.849998
v 0.645571 11.340499 49.849998
v 0.585512 11.477496 49.849998
v 0.518698 11.611330 49.849998
v 0.445296 11.741666 49.849998
v 0.365489 11.868182 49.849998
v 0.279475 11.990562 49.849998
v 0.187467 12.108503 49.849998
v 0.089695 12.221711 49.849998
v -0.013598 12.329905 49.849998
v -0.122157 12.432816 49.849998
v -0.235709 12.530187 49.849998
v -0.353975 12.621777 49.849998
v -0.476658 12.707358 49.849998
v -0.603455 12.786717 49.849998
v -0.734050 12.859658 49.849998
v -0.868119 12.925999 49.849998
v -1.005327 12.985574 49.849998
v -1.145335 13.038236 49.849998
v -1.287794 13.083854 49.849998
v -1.432349 13.122313 49.849998
v -12.806504 19.814714 58.349998
v -12.806504 19.814714 61.349998
v -3.658880 7.622962 48.349998
v -3.528284 7.550021 48.349998
v -3.785676 7.702321 48.349998
v -3.394216 7.483680 48.349998
v -3.908360 7.787902 48.349998
v -3.257007 7.424105 48.349998
v -4.026625 7.879493 48.349998
v -3.117000 7.371443 48.349998
v -4.140178 7.976864 48.349998
v -2.974541 7.325826 48.349998
v -4.248736 8.079774 48.349998
v -2.829986 7.287366 48.349998
v -4.352030 8.187968 48.349998
v -2.683693 7.256159 48.349998
v -4.449801 8.301176 48.349998
v -2.536026 7.232284 48.349998
v -4.541809 8.419117 48.349998
v -2.387354 7.215798 48.349998
v -4.627824 8.541497 48.349998
v -2.238044 7.206744 48.349998
v -4.707631 8.668013 48.349998
v -2.088468 7.205143 48.349998
v -4.781033 8.798349 48.349998
v -1.938999 7.211001 48.349998
v -4.847846 8.932182 48.349998
v -1.790007 7.224301 48.349998
v -4.907906 9.069180 48.349998
v -1.641863 7.245011 48.349998
v -4.961062 9.209001 48.349998
v -1.494936 7.273080 48.349998
v -5.007183 9.351297 48.349998
v -1.349591 7.308439 48.349998
v -5.046153 9.495716 48.349998
v -1.206189 7.350997 48.349998
v -5.077877 9.641897 48.349998
v -1.065087 7.400651 48.349998
v -5.102274 9.789478 48.349998
v -0.926635 7.457277 48.349998
v -5.119285 9.938092 48.349998
v -0.791177 7.520733 48.349998
v -0.659051 7.590863 48.349998
v -5.130996 10.236938 48.349998
v -5.128867 10.087369 48.349998
v -0.530585 7.667491 48.349998
v -5.125667 10.386427 48.349998
v -0.406099 7.750428 48.349998
v -0.285901 7.839467 48.349998
v -5.092706 10.683681 48.349998
v -5.112893 10.535465 48.349998
v -0.170290 7.934386 48.349998
v -5.065156 10.830706 48.349998
v -0.059555 8.034949 48.349998
v 0.046030 8.140908 48.349998
v -5.030312 10.976175 48.349998
v 0.146202 8.251998 48.349998
v -4.988260 11.119727 48.349998
v 0.240712 8.367944 48.349998
v -4.882969 11.399655 48.349998
v -4.939106 11.261004 48.349998
v 0.329325 8.488455 48.349998
v 0.411821 8.613235 48.349998
v -4.819992 11.535336 48.349998
v 0.487995 8.741970 48.349998
v -4.750330 11.667709 48.349998
v 0.557658 8.874343 48.349998
v -4.674156 11.796445 48.349998
v 0.620635 9.010024 48.349998
v -4.591660 11.921224 48.349998
v 0.676771 9.148675 48.349998
v -4.503047 12.041736 48.349998
v 0.725926 9.289952 48.349998
v -4.408536 12.157681 48.349998
v 0.767978 9.433504 48.349998
v -4.308364 12.268771 48.349998
v 0.802822 9.578973 48.349998
v -4.202780 12.374730 48.349998
v 0.830371 9.725998 48.349998
v -4.092044 12.475293 48.349998
v 0.850558 9.874214 48.349998
v -3.976434 12.570212 48.349998
v 0.863332 10.023252 48.349998
v -3.856236 12.659251 48.349998
v 0.868661 10.172741 48.349998
v -3.731749 12.742188 48.349998
v 0.866532 10.322310 48.349998
v -3.603283 12.818816 48.349998
v 0.856950 10.471587 48.349998
v -3.471157 12.888946 48.349998
v 0.839939 10.620201 48.349998
v -3.335700 12.952402 48.349998
v 0.815542 10.767782 48.349998
v -3.197248 13.009028 48.349998
v 0.783819 10.913963 48.349998
v -3.056145 13.058681 48.349998
v 0.744848 11.058382 48.349998
v -2.912743 13.101240 48.349998
v 0.698727 11.200679 48.349998
v -2.767398 13.136599 48.349998
v 0.645571 11.340499 48.349998
v -2.620471 13.164668 48.349998
v 0.585512 11.477496 48.349998
v -2.472328 13.185378 48.349998
v 0.518698 11.611330 48.349998
v -2.323336 13.198678 48.349998
v 0.445296 11.741666 48.349998
v -2.173867 13.204535 48.349998
v 0.365489 11.868182 48.349998
v -2.024291 13.202935 48.349998
v 0.279475 11.990562 48.349998
v -1.874981 13.193881 48.349998
v 0.187467 12.108503 48.349998
v -1.726308 13.177396 48.349998
v 0.089695 12.221711 48.349998
v -1.578642 13.153520 48.349998
v -0.013598 12.329905 48.349998
v -1.432349 13.122313 48.349998
v -0.122157 12.432816 48.349998
v -1.287794 13.083854 48.349998
v -0.235709 12.530187 48.349998
v -1.145335 13.038236 48.349998
v -0.353975 12.621777 48.349998
v -1.005327 12.985574 48.349998
v -0.476658 12.707358 48.349998
v -0.868119 12.925999 48.349998
v -0.603455 12.786717 48.349998
v -0.734050 12.859658 48.349998
vn 0.284513 -0.958672 -0.000003
vn 0.284514 -0.958672 0.000001
vn 0.284514 -0.958672 0.000000
vn 0.284514 -0.958672 0.000000
vn 0.284514 -0.958672 -0.000001
vn 0.284515 -0.958672 0.000002
vn 0.284514 -0.958672 -0.000001
vn 0.284514 -0.958672 0.000001
vn 0.284515 -0.958671 0.000004
vn 0.284513 -0.958672 -0.000005
vn 0.284513 -0.958672 -0.000003
vn 0.284515 -0.958672 0.000004
vn 0.284515 -0.958672 0.000003
vn 0.284514 -0.958672 0.000000
vn 0.284514 -0.958672 -0.000001
vn 0.284515 -0.958672 0.000002
vn 0.284513 -0.958672 -0.000002
vn 0.284515 -0.958672 0.000001
vn 0.284514 -0.958672 -0.000001
vn 0.284514 -0.958672 -0.000001
vn 0.284514 -0.958672 0.000001
vn 0.284515 -0.958672 0.000002
vn 0.284514 -0.958672 -0.000001
vn 0.284515 -0.958672 0.000001
vn 0.284514 -0.958672 -0.000001
vn 0.284514 -0.958672 0.000000
vn 0.284514 -0.958672 0.000001
vn 0.284515 -0.958672 -0.000002
vn 0.284514 -0.958672 -0.000000
vn 0.284514 -0.958672 0.000001
vn 0.284514 -0.958672 0.000001
vn 0.284515 -0.958672 -0.000001
vn 0.284513 -0.958672 0.000002
vn 0.284515 -0.958672 -0.000002
vn 0.284516 -0.958671 -0.000004
vn 0.284510 -0.958673 0.000006
vn 0.284518 -0.958671 -0.000004
vn 0.284515 -0.958672 0.000002
vn 0.284512 -0.958672 0.000000
vn 0.284516 -0.958671 -0.000003
vn 0.284514 -0.958672 -0.000000
vn 0.284509 -0.958673 0.000004
vn 0.284517 -0.958671 -0.000002
vn 0.284514 -0.958672 0.000000
vn 0.284514 -0.958672 0.000000
vn 0.284515 -0.958672 -0.000003
vn 0.284514 -0.958672 0.000000
vn 0.284512 -0.958672 0.000001
vn 0.284515 -0.958672 -0.000002
vn 0.284511 -0.958673 0.000002
vn 0.284514 -0.958672 0.000001
vn 0.284487 -0.958680 -0.000274
vn 0.284517 -0.958671 -0.000003
vn 0.284515 -0.958671 -0.000003
vn 0.284513 -0.958672 -0.000002
vn 0.284525 -0.958669 0.000061
vn 0.284521 -0.958670 0.000031
vn 0.284549 -0.958662 0.000137
vn 0.284444 -0.958693 -0.000225
vn 0.284513 -0.958672 0.000002
vn 0.284517 -0.958671 0.000013
vn 0.284513 -0.958672 0.000003
vn 0.284515 -0.958672 -0.000001
vn 0.284514 -0.958672 -0.000003
vn 0.284678 -0.958623 0.000338
vn 0.284644 -0.958633 0.000270
vn 0.284516 -0.958671 -0.000004
vn 0.284518 -0.958671 0.000014
vn 0.284515 -0.958672 -0.000001
vn 0.284514 -0.958672 0.000000
vn 0.284638 -0.958635 0.000176
vn 0.284514 -0.958672 0.000001
vn 0.284513 -0.958672 -0.000005
vn 0.284675 -0.958624 0.000183
vn 0.284513 -0.958672 0.000001
vn 0.284507 -0.958674 -0.000018
vn 0.284514 -0.958672 0.000001
vn 0.284522 -0.958670 0.000016
vn 0.284514 -0.958672 -0.000000
vn 0.284226 -0.958757 -0.000231
vn 0.284509 -0.958673 -0.000012
vn 0.284514 -0.958672 -0.000000
vn 0.284521 -0.958670 0.000011
vn 0.284359 -0.958718 -0.000091
vn 0.284257 -0.958748 -0.000132
vn 0.284510 -0.958673 -0.000007
vn 0.284513 -0.958672 0.000003
vn 0.284338 -0.958724 -0.000060
vn 0.284570 -0.958655 0.000014
vn 0.284514 -0.958672 -0.000001
vn 0.284598 -0.958647 0.000030
vn 0.284619 -0.958641 0.000017
vn 0.284517 -0.958671 0.000003
vn 0.284497 -0.958677 -0.000002
vn 0.284514 -0.958672 -0.000000
vn 0.284514 -0.958672 -0.000000
vn 0.284507 -0.958674 0.000001
vn 0.284514 -0.958672 0.000000
vn 0.284515 -0.958672 0.000000
vn 0.284512 -0.958673 0.000002
vn 0.284516 -0.958671 0.000002
vn 0.284514 -0.958672 -0.000000
vn 0.284515 -0.958672 -0.000002
vn 0.284515 -0.958672 -0.000001
vn 0.284514 -0.958672 -0.000001
vn 0.284513 -0.958672 0.000001
vn 0.284512 -0.958672 0.000005
vn 0.284515 -0.958671 -0.000001
vn 0.284515 -0.958671 -0.000004
vn 0.284511 -0.958673 0.000003
vn 0.284514 -0.958672 0.000000
vn 0.284518 -0.958671 -0.000003
vn 0.284513 -0.958672 0.000001
vn 0.284513 -0.958672 0.000001
vn 0.284515 -0.958672 -0.000001
vn 0.284514 -0.958672 -0.000000
vn 0.284515 -0.958672 -0.000000
vn 0.284513 -0.958672 0.000001
vn 0.284514 -0.958672 -0.000000
vn 0.284514 -0.958672 0.000000
vn 0.284515 -0.958672 -0.000001
vn 0.284514 -0.958672 0.000000
vn 0.284514 -0.958672 -0.000002
vn 0.284515 -0.958672 0.000001
vn 0.284512 -0.958672 -0.000002
vn 0.284515 -0.958672 0.000000
vn 0.284515 -0.958672 0.000000
vn 0.284516 -0.958671 0.000001
vn 0.284513 -0.958672 -0.000001
vn 0.284515 -0.958672 0.000000
vn 0.284514 -0.958672 0.000000
vn 0.284511 -0.958673 -0.000003
vn 0.284519 -0.958670 0.000003
vn 0.284512 -0.958672 -0.000002
vn 0.284513 -0.958672 -0.000001
vn 0.284517 -0.958671 0.000001
vn 0.284513 -0.958672 -0.000001
vn 0.284514 -0.958672 0.000001
vn 0.284514 -0.958672 -0.000001
vn 0.284516 -0.958671 0.000002
vn 0.284514 -0.958672 0.000000
vn 0.284517 -0.958671 0.000005
vn 0.284515 -0.958671 0.000002
vn 0.284513 -0.958672 0.000000
vn 0.284514 -0.958672 -0.000002
vn 0.284518 -0.958671 0.000003
vn 0.284514 -0.958672 0.000000
vn 0.284510 -0.958673 -0.000005
vn 0.284516 -0.958671 0.000003
vn 0.284516 -0.958671 0.000001
vn 0.284514 -0.958672 -0.000001
vn 0.284514 -0.958672 0.000001
vn 0.284513 -0.958672 -0.000001
vn 0.284513 -0.958672 0.000000
vn 0.284516 -0.958671 0.000002
vn 0.284513 -0.958672 0.000000
vn 0.284513 -0.958672 0.000000
vn 0.284518 -0.958671 0.000002
vn 0.284511 -0.958673 -0.000003
vn 0.284517 -0.958671 0.000003
vn 0.284514 -0.958672 0.000000
vn 0.284515 -0.958672 0.000000
vn 0.284513 -0.958672 0.000001
vn 0.284532 -0.958667 -0.000360
vn 0.284507 -0.958674 -0.000001
vn 0.284492 -0.958678 -0.000000
vn 0.284530 -0.958667 -0.000082
vn 0.284514 -0.958672 0.000027
vn 0.284514 -0.958672 0.000025
vn 0.284500 -0.958676 -0.000001
vn 0.284282 -0.958741 0.000044
vn 0.284515 -0.958672 -0.000001
vn 0.284518 -0.958671 -0.000003
vn 0.284528 -0.958668 -0.000092
vn 0.284571 -0.958655 -0.000014
vn 0.284531 -0.958667 -0.000051
vn 0.284424 -0.958698 0.000260
vn 0.284486 -0.958680 0.000027
vn 0.284534 -0.958666 -0.000019
vn 0.284521 -0.958670 -0.000006
vn 0.284505 -0.958675 0.000007
vn 0.284544 -0.958663 -0.000063
vn 0.284479 -0.958682 0.000034
vn 0.284934 -0.958547 -0.000289
vn 0.284556 -0.958659 -0.000026
vn 0.284547 -0.958662 -0.000020
vn 0.284414 -0.958702 0.000157
vn 0.284559 -0.958659 -0.000068
vn 0.284510 -0.958673 0.000004
vn 0.284515 -0.958672 0.000000
vn 0.284676 -0.958624 -0.000183
vn 0.284729 -0.958608 -0.000202
vn 0.284551 -0.958661 -0.000034
vn 0.284530 -0.958667 -0.000015
vn 0.000000 0.000000 -1.000000
vn 0.000000 0.000000 -1.000000
vn 0.000000 0.000000 -1.000000
vn 0.000000 0.000000 -1.000000
vn 0.000000 0.000000 -1.000000
vn 0.000000 0.000000 -1.000000
vn 0.000000 0.000000 -1.000000
vn 0.000000 0.000000 -1.000000
vn 0.000000 0.000000 -1.000000
vn 0.000000 0.000000 -1.000000
vn 0.000000 0.000000 -1.000000
vn 0.000000 0.000000 -1.000000
vn 0.000000 0.000000 -1.000000
vn 0.000000 0.000000 -1.000000
vn 0.000000 0.000000 -1.000000
vn 0.000000 0.000000 -1.000000
vn 0.000000 0.000000 -1.000000
vn 0.000000 0.000000 -1.000000
vn 0.000000 0.000000 -1.000000
vn 0.000000 0.000000 -1.000000
vn 0.000000 0.000000 -1.000000
vn 0.000000 0.000000 -1.000000
vn 0.000000 0.000000 -1.000000
vn 0.000000 0.000000 -1.000000
vn 0.000000 0.000000 -1.000000
vn 0.000000 0.000000 -1.000000
vn 0.000000 0.000000 -1.000000
vn 0.000000 0.000000 -1.000000
vn 0.000000 0.000000 -1.000000
vn 0.000000 0.000000 -1.000000
vn 0.000000 0.000000 -1.000000
vn 0.000000 0.000000 -1.000000
vn 0.000000 0.000000 -1.000000
vn 0.000000 0.000000 -1.000000
vn 0.000000 -0.000000 -1.000000
vn 0.000000 0.000000 -1.000000
vn 0.000000 -0.000000 -1.000000
vn 0.000000 0.000000 -1.000000
vn 0.000000 -0.000000 -1.000000
vn 0.000000 0.000000 -1.000000
vn 0.000000 -0.000000 -1.000000
vn 0.000000 0.000000 -1.000000
vn 0.000000 -0.000000 -1.000000
vn 0.000000 0.000000 -1.000000
vn 0.000000 -0.000000 -1.000000
vn 0.000000 0.000000 -1.000000
vn 0.000000 -0.000000 -1.000000
vn 0.000000 0.000000 -1.000000
vn 0.000000 -0.000000 -1.000000
vn 0.000000 0.000000 -1.000000
vn 0.000000 -0.000000 -1.000000
vn 0.000000 0.000000 -1.000000
vn 0.000000 -0.000000 -1.000000
vn 0.000000 0.000000 -1.000000
vn 0.000000 0.000000 -1.000000
vn 0.000000 0.000000 -1.000000
vn 0.000000 0.000000 -1.000000
vn 0.000000 0.000000 -1.000000
vn 0.000000 0.000000 -1.000000
vn 0.000000 0.000000 -1.000000
vn 0.000000 0.000000 -1.000000
vn 0.000000 -0.000000 -1.000000
vn 0.000000 -0.000000 -1.000000
vn 0.000000 -0.000000 -1.000000
vn 0.000000 -0.000000 -1.000000
vn 0.000000 -0.000000 -1.000000
vn 0.000000 -0.000000 -1.000000
vn 0.000000 -0.000000 -1.000000
vn 0.000000 -0.000000 -1.000000
vn 0.000000 -0.000000 -1.000000
vn 0.000000 -0.000000 -1.000000
vn 0.000000 -0.000000 -1.000000
vn 0.000000 -0.000000 -1.000000
vn 0.000000 -0.000000 -1.000000
vn 0.000000 -0.000000 -1.000000
vn 0.000000 -0.000000 -1.000000
vn 0.000000 -0.000000 -1.000000
vn 0.000000 -0.000000 -1.000000
vn 0.000000 -0.000000 -1.000000
vn 0.000000 -0.000000 -1.000000
vn 0.000000 -0.000000 -1.000000
vn 0.000000 -0.000000 -1.000000
vn 0.000000 -0.000000 -1.000000
vn 0.000000 -0.000000 -1.000000
vn 0.000000 0.000000 -1.000000
vn 0.000000 0.000000 -1.000000
vn 0.000000 0.000000 -1.000000
vn 0.000000 0.000000 -1.000000
vn 0.000000 0.000000 -1.000000
vn 0.000000 0.000000 -1.000000
vn 0.000000 0.000000 -1.000000
vn 0.000000 0.000000 -1.000000
vn 0.000000 0.000000 -1.000000
vn 0.000000 0.000000 -1.000000
vn 0.000000 0.000000 -1.000000
vn 0.000000 0.000000 -1.000000
vn 0.000000 0.000000 -1.000000
vn 0.000000 0.000000 -1.000000
vn 0.000000 0.000000 -1.000000
vn 0.000000 0.000000 -1.000000
vn 0.000000 0.000000 -1.000000
vn 0.000000 0.000000 -1.000000
vn 0.000000 0.000000 -1.000000
vn 0.000000 0.000000 -1.000000
vn 0.000000 0.000000 -1.000000
vn 0.000000 0.000000 -1.000000
vn 0.000000 0.000000 -1.000000
vn 0.000000 0.000000 -1.000000
vn 0.000000 0.000000 -1.000000
vn 0.000000 0.000000 -1.000000
vn 0.000000 0.000000 -1.000000
vn 0.000000 0.000000 -1.000000
vn 0.000000 0.000000 -1.000000
vn 0.000000 0.000000 -1.000000
vn 0.000000 0.000000 -1.000000
vn 0.000000 0.000000 -1.000000
vn 0.000000 0.000000 -1.000000
vn 0.000000 0.000000 -1.000000
vn 0.000000 0.000000 -1.000000
vn 0.000000 0.000000 -1.000000
vn 0.000000 0.000000 -1.000000
vn 0.000000 0.000000 -1.000000
vn 0.000000 0.000000 -1.000000
vn 0.000000 0.000000 -1.000000
vn 0.000000 0.000000 -1.000000
vn 0.000000 0.000000 -1.000000
vn 0.000000 0.000000 -1.000000
vn 0.000000 0.000000 -1.000000
vn 0.000000 0.000000 -1.000000
vn 0.000000 0.000000 -1.000000
vn 0.000000 0.000000 -1.000000
vn 0.000000 0.000000 -1.000000
vn 0.000000 0.000000 -1.000000
vn 0.000000 0.000000 -1.000000
vn 0.000000 0.000000 -1.000000
vn 0.000000 0.000000 -1.000000
vn 0.000000 0.000000 -1.000000
vn 0.000000 0.000000 -1.000000
vn 0.000000 0.000000 -1.000000
vn 0.000000 0.000000 -1.000000
vn 0.000000 0.000000 -1.000000
vn 0.000000 0.000000 -1.000000
vn 0.000000 0.000000 -1.000000
vn 0.000000 0.000000 -1.000000
vn 0.000000 0.000000 -1.000000
vn 0.000000 0.000000 -1.000000
vn 0.000000 0.000000 -1.000000
vn 0.000000 -0.000000 -1.000000
vn 0.000000 0.000000 -1.000000
vn 0.000000 0.000000 -1.000000
vn 0.000000 0.000000 -1.000000
vn 0.000000 0.000000 -1.000000
vn 0.000000 0.000000 -1.000000
vn 0.000000 0.000000 -1.000000
vn 0.000000 0.000000 -1.000000
vn 0.000000 0.000000 -1.000000
vn 0.000000 0.000000 -1.000000
vn 0.000000 -0.000000 -1.000000
vn 0.000000 0.000000 -1.000000
vn 0.000000 0.000000 -1.000000
vn 0.000000 -0.000000 -1.000000
vn 0.000000 -0.000000 -1.000000
vn 0.000000 0.000000 -1.000000
vn 0.000000 0.000000 -1.000000
vn 0.000000 0.000000 -1.000000
vn 0.000000 -0.000000 -1.000000
vn 0.000000 0.000000 -1.000000
vn 0.000000 0.000000 -1.000000
vn 0.000000 0.000000 -1.000000
vn 0.000000 -0.000000 -1.000000
vn 0.000000 0.000000 -1.000000
vn 0.000000 -0.000000 -1.000000
vn 0.000000 0.000000 -1.000000
vn 0.000000 0.000000 -1.000000
vn 0.000000 0.000000 -1.000000
vn 0.000000 0.000000 -1.000000
vn 0.000000 -0.000000 -1.000000
vn 0.000000 0.000000 -1.000000
vn 0.000000 0.000000 -1.000000
vn 0.000000 0.000000 -1.000000
vn 0.000000 0.000000 -1.000000
vn 0.000000 0.000000 -1.000000
vn 0.000000 0.000000 -1.000000
vn 0.000000 0.000000 -1.000000
vn 0.000000 0.000000 -1.000000
vn 0.000000 0.000000 -1.000000
vn 0.000000 0.000000 -1.000000
vn 0.000000 -0.000000 -1.000000
vn 0.000000 0.000000 -1.000000
vn 0.000000 0.000000 -1.000000
vn 0.000000 0.000000 -1.000000
vn 0.000000 0.000000 -1.000000
vn 0.000000 0.000000 -1.000000
vn 0.000000 0.000000 -1.000000
vn 0.000000 0.000000 -1.000000
vn 0.000000 0.000000 -1.000000
vn 0.000000 0.000000 -1.000000
vn 0.000000 0.000000 -1.000000
vn 0.000000 0.000000 -1.000000
vn 0.000000 0.000000 -1.000000
vn 0.000000 0.000000 -1.000000
vn 0.000000 0.000000 -1.000000
vn 0.000000 0.000000 -1.000000
vn 0.000000 0.000000 -1.000000
vn 0.000000 0.000000 -1.000000
vn 0.000000 0.000000 -1.000000
vn 0.260870 -0.965374 0.000000
vn 0.213224 -0.977003 0.000000
vn 0.260870 -0.965374 0.000000
vn 0.213224 -0.977003 0.000000
vn 0.165020 -0.986290 0.000000
vn 0.116464 -0.993195 0.000000
vn 0.165020 -0.986290 0.000000
vn 0.116464 -0.993195 0.000000
vn 0.067558 -0.997715 0.000000
vn 0.067558 -0.997715 0.000000
vn 0.018497 -0.999829 0.000000
vn 0.018497 -0.999829 0.000000
vn -0.030564 -0.999533 0.000000
vn -0.079566 -0.996830 0.000000
vn -0.030564 -0.999533 -0.000000
vn -0.079566 -0.996830 0.000000
vn -0.128375 -0.991726 -0.000000
vn -0.128375 -0.991726 0.000000
vn -0.176891 -0.984231 0.000000
vn -0.176891 -0.984231 -0.000000
vn -0.224979 -0.974364 0.000000
vn -0.224979 -0.974364 -0.000000
vn -0.272507 -0.962154 0.000000
vn -0.272507 -0.962154 -0.000000
vn -0.319410 -0.947617 0.000000
vn -0.319410 -0.947617 -0.000000
vn -0.365514 -0.930806 0.000000
vn -0.410734 -0.911755 0.000000
vn -0.365514 -0.930806 -0.000000
vn -0.410734 -0.911755 0.000000
vn -0.454982 -0.890500 0.000000
vn -0.454982 -0.890500 -0.000000
vn -0.498148 -0.867092 0.000000
vn -0.540072 -0.841619 0.000000
vn -0.498148 -0.867092 -0.000000
vn -0.540072 -0.841619 0.000000
vn -0.580725 -0.814100 0.000000
vn -0.619961 -0.784633 0.000000
vn -0.580725 -0.814100 -0.000000
vn -0.619961 -0.784633 0.000000
vn -0.657718 -0.753264 0.000000
vn -0.657718 -0.753264 -0.000000
vn -0.693899 -0.720072 0.000000
vn -0.728396 -0.685156 0.000000
vn -0.693899 -0.720072 -0.000000
vn -0.728396 -0.685156 0.000000
vn -0.761124 -0.648606 0.000000
vn -0.792041 -0.610468 0.000000
vn -0.761124 -0.648606 -0.000000
vn -0.821035 -0.570877 0.000000
vn -0.792041 -0.610468 0.000000
vn -0.821035 -0.570877 0.000000
vn -0.848067 -0.529889 0.000000
vn -0.848067 -0.529889 -0.000000
vn -0.873035 -0.487658 0.000000
vn -0.873035 -0.487658 -0.000000
vn -0.895918 -0.444219 0.000000
vn -0.895918 -0.444219 -0.000000
vn -0.916635 -0.399726 0.000000
vn -0.916635 -0.399726 -0.000000
vn -0.935145 -0.354264 0.000000
vn -0.935145 -0.354264 -0.000000
vn -0.951399 -0.307962 0.000000
vn -0.951399 -0.307962 -0.000000
vn 0.023545 0.006988 -0.999698
vn 0.023543 0.006987 -0.999698
vn 0.070556 0.020940 -0.997288
vn 0.070562 0.020941 -0.997288
vn 0.117352 0.034827 -0.992480
vn 0.117343 0.034825 -0.992481
vn 0.163849 0.048627 -0.985286
vn 0.163849 0.048627 -0.985286
vn 0.210113 0.062357 -0.975686
vn 0.210113 0.062357 -0.975686
vn 0.255644 0.075870 -0.963789
vn 0.255662 0.075875 -0.963784
vn 0.300700 0.089242 -0.949534
vn 0.300700 0.089242 -0.949534
vn 0.345054 0.102405 -0.932980
vn 0.345054 0.102405 -0.932980
vn 0.388478 0.115293 -0.914217
vn 0.388505 0.115300 -0.914204
vn 0.431025 0.127919 -0.893227
vn 0.431025 0.127919 -0.893227
vn 0.472513 0.140233 -0.870095
vn 0.472544 0.140241 -0.870077
vn 0.512914 0.152223 -0.844836
vn 0.512914 0.152223 -0.844836
vn 0.551968 0.163813 -0.817617
vn 0.551968 0.163813 -0.817616
vn 0.589813 0.175045 -0.788339
vn 0.589813 0.175045 -0.788340
vn 0.626217 0.185848 -0.757174
vn 0.626182 0.185839 -0.757206
vn 0.661021 0.196178 -0.724268
vn 0.661057 0.196188 -0.724233
vn 0.694308 0.206056 -0.689549
vn 0.694272 0.206047 -0.689588
vn 0.725917 0.215438 -0.653170
vn 0.725952 0.215447 -0.653127
vn 0.755748 0.224292 -0.615255
vn 0.783823 0.232624 -0.575767
vn 0.755748 0.224292 -0.615254
vn 0.783790 0.232612 -0.575817
vn 0.809934 0.240371 -0.535003
vn 0.809934 0.240371 -0.535003
vn 0.834139 0.247555 -0.492877
vn 0.834139 0.247555 -0.492877
vn 0.856294 0.254132 -0.449642
vn 0.856323 0.254139 -0.449582
vn 0.876446 0.260110 -0.405198
vn 0.894421 0.265445 -0.359931
vn 0.876419 0.260104 -0.405260
vn 0.894421 0.265445 -0.359931
vn 0.910289 0.270155 -0.313672
vn 0.910289 0.270155 -0.313672
vn 0.923945 0.274207 -0.266714
vn 0.923945 0.274207 -0.266715
vn 0.935372 0.277600 -0.219130
vn 0.944554 0.280326 -0.170981
vn 0.935387 0.277603 -0.219059
vn 0.944543 0.280320 -0.171054
vn 0.951461 0.282375 -0.122415
vn 0.956076 0.283745 -0.073530
vn 0.951470 0.282376 -0.122342
vn 0.956076 0.283745 -0.073529
vn 0.958382 0.284429 -0.024566
vn 0.958382 0.284429 -0.024566
vn 0.000000 0.000000 1.000000
vn 0.000000 0.000000 1.000000
vn 0.000000 0.000000 1.000000
vn 0.000000 0.000000 1.000000
vn 0.000000 0.000000 1.000000
vn 0.000000 0.000000 1.000000
vn 0.000000 0.000000 1.000000
vn 0.000000 0.000000 1.000000
vn 0.000000 0.000000 1.000000
vn 0.000000 0.000000 1.000000
vn 0.000000 0.000000 1.000000
vn 0.000000 0.000000 1.000000
vn 0.000000 0.000000 1.000000
vn 0.000000 0.000000 1.000000
vn 0.000000 0.000000 1.000000
vn 0.000000 0.000000 1.000000
vn 0.000000 0.000000 1.000000
vn 0.000000 0.000000 1.000000
vn 0.000000 0.000000 1.000000
vn 0.000000 0.000000 1.000000
vn 0.000000 0.000000 1.000000
vn 0.000000 0.000000 1.000000
vn 0.000000 0.000000 1.000000
vn 0.000000 0.000000 1.000000
vn 0.000000 0.000000 1.000000
vn 0.000000 0.000000 1.000000
vn 0.000000 0.000000 1.000000
vn 0.000000 0.000000 1.000000
vn 0.000000 0.000000 1.000000
vn 0.000000 0.000000 1.000000
vn 0.000000 0.000000 1.000000
vn 0.000000 0.000000 1.000000
vn 0.000000 0.000000 1.000000
vn 0.000000 0.000000 1.000000
vn 0.000000 0.000000 1.000000
vn 0.000000 0.000000 1.000000
vn 0.000000 0.000000 1.000000
vn 0.000000 0.000000 1.000000
vn 0.958672 0.284515 -0.000000
vn 0.958672 0.284515 0.000000
vn 0.023545 0.006988 0.999698
vn 0.023543 0.006987 0.999698
vn 0.070482 0.020918 0.997294
vn 0.070487 0.020919 0.997293
vn 0.117425 0.034849 0.992470
vn 0.117416 0.034847 0.992471
vn 0.163777 0.048605 0.985299
vn 0.163777 0.048605 0.985299
vn 0.210113 0.062357 0.975686
vn 0.210113 0.062357 0.975686
vn 0.255713 0.075891 0.963769
vn 0.255731 0.075896 0.963764
vn 0.300700 0.089242 0.949534
vn 0.300700 0.089242 0.949534
vn 0.344989 0.102386 0.933006
vn 0.388505 0.115301 0.914205
vn 0.344989 0.102386 0.933006
vn 0.388479 0.115292 0.914217
vn 0.431084 0.127937 0.893196
vn 0.431084 0.127937 0.893196
vn 0.472513 0.140233 0.870095
vn 0.472544 0.140241 0.870077
vn 0.512807 0.152191 0.844906
vn 0.512807 0.152191 0.844906
vn 0.552068 0.163843 0.817543
vn 0.552067 0.163843 0.817543
vn 0.589813 0.175045 0.788340
vn 0.589813 0.175045 0.788340
vn 0.626174 0.185835 0.757213
vn 0.626139 0.185826 0.757244
vn 0.661022 0.196179 0.724268
vn 0.694307 0.206057 0.689549
vn 0.661057 0.196188 0.724233
vn 0.694272 0.206045 0.689588
vn 0.725949 0.215448 0.653132
vn 0.725984 0.215457 0.653089
vn 0.755720 0.224283 0.615292
vn 0.755720 0.224283 0.615292
vn 0.783824 0.232622 0.575767
vn 0.783789 0.232614 0.575817
vn 0.809935 0.240371 0.535002
vn 0.809934 0.240371 0.535003
vn 0.834139 0.247555 0.492878
vn 0.834139 0.247555 0.492877
vn 0.856294 0.254131 0.449643
vn 0.876458 0.260116 0.405168
vn 0.856323 0.254139 0.449582
vn 0.876432 0.260106 0.405231
vn 0.894411 0.265442 0.359957
vn 0.894411 0.265442 0.359957
vn 0.910296 0.270157 0.313649
vn 0.923939 0.274206 0.266735
vn 0.910297 0.270157 0.313648
vn 0.923939 0.274206 0.266735
vn 0.935371 0.277600 0.219131
vn 0.935387 0.277603 0.219059
vn 0.944557 0.280325 0.170968
vn 0.944544 0.280323 0.171041
vn 0.951461 0.282375 0.122414
vn 0.956076 0.283745 0.073541
vn 0.951470 0.282376 0.122342
vn 0.958382 0.284429 0.024562
vn 0.956076 0.283745 0.073541
vn 0.958382 0.284429 0.024562
vn 0.958374 0.284426 0.024925
vn 0.958374 0.284425 0.024938
vn 0.955992 0.283719 0.074724
vn 0.955991 0.283718 0.074737
vn 0.951231 0.282306 0.124349
vn 0.951231 0.282306 0.124349
vn 0.944107 0.280191 0.173652
vn 0.944109 0.280193 0.173640
vn 0.934638 0.277382 0.222511
vn 0.934636 0.277380 0.222523
vn 0.922837 0.273879 0.270854
vn 0.922840 0.273881 0.270842
vn 0.908756 0.269701 0.318472
vn 0.892402 0.264847 0.365343
vn 0.908753 0.269699 0.318483
vn 0.892402 0.264847 0.365343
vn 0.873829 0.259334 0.411300
vn 0.873833 0.259336 0.411291
vn 0.853103 0.253184 0.456194
vn 0.853098 0.253182 0.456204
vn 0.830239 0.246398 0.499991
vn 0.830234 0.246396 0.500001
vn 0.805304 0.238997 0.542555
vn 0.805298 0.238996 0.542564
vn 0.778381 0.231008 0.583745
vn 0.778382 0.231008 0.583744
vn 0.749526 0.222444 0.623482
vn 0.749520 0.222442 0.623489
vn 0.718797 0.213324 0.661683
vn 0.686283 0.203675 0.698235
vn 0.718797 0.213324 0.661683
vn 0.686283 0.203675 0.698235
vn 0.652057 0.193517 0.733058
vn 0.652057 0.193517 0.733057
vn 0.616233 0.182885 0.766035
vn 0.578837 0.171787 0.797143
vn 0.616233 0.182885 0.766035
vn 0.578831 0.171785 0.797148
vn 0.540051 0.160276 0.826230
vn 0.540051 0.160276 0.826230
vn 0.499870 0.148351 0.853301
vn 0.499875 0.148353 0.853297
vn 0.458498 0.136073 0.878216
vn 0.458493 0.136071 0.878219
vn 0.415960 0.123448 0.900965
vn 0.415965 0.123450 0.900962
vn 0.372371 0.110512 0.921481
vn 0.372368 0.110511 0.921482
vn 0.327892 0.097311 0.939690
vn 0.327895 0.097313 0.939689
vn 0.282574 0.083862 0.955573
vn 0.282570 0.083861 0.955574
vn 0.236557 0.070205 0.969078
vn 0.236560 0.070206 0.969077
vn 0.189962 0.056377 0.980172
vn 0.142875 0.042402 0.988832
vn 0.189962 0.056377 0.980172
vn 0.142875 0.042402 0.988832
vn 0.095445 0.028326 0.995032
vn 0.095445 0.028326 0.995032
vn 0.047797 0.014185 0.998756
vn 0.047796 0.014185 0.998756
vn 0.000000 0.000000 1.000000
vn 0.000000 0.000000 1.000000
vn -0.047796 -0.014185 0.998756
vn -0.047796 -0.014185 0.998756
vn -0.095445 -0.028326 0.995032
vn -0.095446 -0.028326 0.995032
vn -0.142875 -0.042402 0.988832
vn -0.142873 -0.042402 0.988832
vn -0.189962 -0.056377 0.980172
vn -0.189962 -0.056377 0.980172
vn -0.236560 -0.070206 0.969077
vn -0.282570 -0.083861 0.955574
vn -0.236560 -0.070206 0.969077
vn -0.282570 -0.083861 0.955574
vn -0.327895 -0.097313 0.939689
vn -0.327895 -0.097313 0.939689
vn -0.372371 -0.110512 0.921481
vn -0.372367 -0.110511 0.921483
vn -0.415960 -0.123448 0.900965
vn -0.415961 -0.123448 0.900965
vn -0.458497 -0.136073 0.878217
vn -0.458497 -0.136073 0.878217
vn -0.499870 -0.148351 0.853301
vn -0.499875 -0.148353 0.853297
vn -0.540051 -0.160276 0.826230
vn -0.540052 -0.160277 0.826230
vn -0.578836 -0.171787 0.797144
vn -0.578831 -0.171785 0.797148
vn -0.616233 -0.182885 0.766035
vn -0.616233 -0.182885 0.766035
vn -0.652057 -0.193517 0.733058
vn -0.652057 -0.193517 0.733058
vn -0.686283 -0.203675 0.698235
vn -0.686284 -0.203675 0.698235
vn -0.718797 -0.213325 0.661683
vn -0.718791 -0.213322 0.661690
vn -0.749526 -0.222444 0.623482
vn -0.778382 -0.231008 0.583744
vn -0.749526 -0.222444 0.623481
vn -0.778382 -0.231008 0.583744
vn -0.805298 -0.238996 0.542564
vn -0.830239 -0.246398 0.499992
vn -0.805303 -0.238998 0.542556
vn -0.830234 -0.246397 0.500000
vn -0.853098 -0.253182 0.456204
vn -0.873829 -0.259334 0.411300
vn -0.853103 -0.253184 0.456195
vn -0.873829 -0.259334 0.411300
vn -0.892402 -0.264846 0.365343
vn -0.892402 -0.264846 0.365342
vn -0.908756 -0.269701 0.318472
vn -0.922840 -0.273881 0.270842
vn -0.908752 -0.269699 0.318483
vn -0.922840 -0.273881 0.270842
vn -0.934635 -0.277381 0.222524
vn -0.934635 -0.277381 0.222523
vn -0.944109 -0.280193 0.173640
vn -0.944109 -0.280193 0.173640
vn -0.951231 -0.282306 0.124349
vn -0.951231 -0.282306 0.124350
vn -0.955991 -0.283719 0.074736
vn -0.955991 -0.283719 0.074736
vn -0.958374 -0.284426 0.024925
vn -0.958374 -0.284426 0.024925
vn -0.958374 -0.284426 -0.024926
vn -0.958374 -0.284426 -0.024926
vn -0.955991 -0.283719 -0.074736
vn -0.955991 -0.283719 -0.074736
vn -0.951231 -0.282306 -0.124349
vn -0.951231 -0.282306 -0.124350
vn -0.944109 -0.280193 -0.173640
vn -0.944109 -0.280193 -0.173640
vn -0.934636 -0.277381 -0.222518
vn -0.934637 -0.277381 -0.222517
vn -0.922840 -0.273881 -0.270842
vn -0.922840 -0.273881 -0.270842
vn -0.908753 -0.269700 -0.318479
vn -0.908750 -0.269698 -0.318491
vn -0.892402 -0.264846 -0.365342
vn -0.892402 -0.264846 -0.365343
vn -0.873833 -0.259336 -0.411291
vn -0.873833 -0.259336 -0.411291
vn -0.853093 -0.253180 -0.456214
vn -0.853097 -0.253182 -0.456205
vn -0.830234 -0.246397 -0.500000
vn -0.830239 -0.246398 -0.499992
vn -0.805311 -0.238999 -0.542544
vn -0.805305 -0.238999 -0.542552
vn -0.778382 -0.231008 -0.583744
vn -0.778382 -0.231008 -0.583744
vn -0.749516 -0.222441 -0.623494
vn -0.749517 -0.222442 -0.623494
vn -0.718790 -0.213323 -0.661690
vn -0.718797 -0.213324 -0.661683
vn -0.686284 -0.203675 -0.698235
vn -0.686283 -0.203675 -0.698235
vn -0.652070 -0.193521 -0.733045
vn -0.652070 -0.193521 -0.733045
vn -0.616219 -0.182881 -0.766047
vn -0.616219 -0.182881 -0.766047
vn -0.578852 -0.171791 -0.797131
vn -0.578846 -0.171790 -0.797136
vn -0.540035 -0.160272 -0.826242
vn -0.540035 -0.160271 -0.826242
vn -0.499893 -0.148358 -0.853286
vn -0.499888 -0.148356 -0.853289
vn -0.458479 -0.136067 -0.878227
vn -0.458479 -0.136067 -0.878227
vn -0.415961 -0.123448 -0.900965
vn -0.415960 -0.123448 -0.900965
vn -0.372388 -0.110517 -0.921473
vn -0.372392 -0.110518 -0.921471
vn -0.327874 -0.097306 -0.939697
vn -0.327873 -0.097306 -0.939697
vn -0.282570 -0.083861 -0.955574
vn -0.282570 -0.083861 -0.955574
vn -0.236560 -0.070206 -0.969077
vn -0.236560 -0.070206 -0.969077
vn -0.189962 -0.056377 -0.980172
vn -0.189962 -0.056377 -0.980172
vn -0.142875 -0.042402 -0.988832
vn -0.142873 -0.042402 -0.988832
vn -0.095470 -0.028334 -0.995029
vn -0.095469 -0.028333 -0.995029
vn -0.047772 -0.014178 -0.998758
vn -0.047772 -0.014178 -0.998758
vn 0.000000 0.000000 -1.000000
vn 0.000000 0.000000 -1.000000
vn 0.047772 0.014178 -0.998758
vn 0.047773 0.014178 -0.998758
vn 0.095469 0.028333 -0.995029
vn 0.095469 0.028333 -0.995029
vn 0.142875 0.042402 -0.988832
vn 0.142875 0.042402 -0.988832
vn 0.189962 0.056377 -0.980171
vn 0.189962 0.056377 -0.980171
vn 0.236557 0.070205 -0.969078
vn 0.236560 0.070206 -0.969077
vn 0.282574 0.083862 -0.955573
vn 0.282570 0.083861 -0.955574
vn 0.327870 0.097305 -0.939698
vn 0.327874 0.097306 -0.939697
vn 0.372392 0.110518 -0.921471
vn 0.372388 0.110517 -0.921473
vn 0.415960 0.123449 -0.900965
vn 0.458479 0.136067 -0.878227
vn 0.415965 0.123450 -0.900962
vn 0.458474 0.136065 -0.878230
vn 0.499887 0.148357 -0.853289
vn 0.499893 0.148358 -0.853286
vn 0.540035 0.160271 -0.826242
vn 0.540035 0.160271 -0.826242
vn 0.578852 0.171791 -0.797131
vn 0.578846 0.171790 -0.797136
vn 0.616219 0.182881 -0.766047
vn 0.616219 0.182881 -0.766047
vn 0.652070 0.193521 -0.733045
vn 0.652070 0.193521 -0.733045
vn 0.686283 0.203675 -0.698235
vn 0.686283 0.203675 -0.698235
vn 0.718797 0.213324 -0.661683
vn 0.718797 0.213324 -0.661683
vn 0.749517 0.222441 -0.623494
vn 0.749511 0.222440 -0.623502
vn 0.778381 0.231008 -0.583744
vn 0.778382 0.231008 -0.583744
vn 0.805305 0.238998 -0.542552
vn 0.805311 0.239000 -0.542543
vn 0.830239 0.246398 -0.499991
vn 0.830234 0.246397 -0.500001
vn 0.853098 0.253182 -0.456205
vn 0.853093 0.253181 -0.456214
vn 0.873833 0.259336 -0.411291
vn 0.873838 0.259337 -0.411281
vn 0.892401 0.264847 -0.365343
vn 0.908754 0.269700 -0.318479
vn 0.892402 0.264847 -0.365343
vn 0.908750 0.269698 -0.318490
vn 0.922837 0.273880 -0.270854
vn 0.922840 0.273880 -0.270842
vn 0.934639 0.277382 -0.222506
vn 0.934637 0.277381 -0.222518
vn 0.944107 0.280192 -0.173652
vn 0.944109 0.280192 -0.173640
vn 0.951231 0.282306 -0.124349
vn 0.951231 0.282306 -0.124349
vn 0.955992 0.283718 -0.074724
vn 0.958374 0.284425 -0.024938
vn 0.955991 0.283719 -0.074737
vn 0.958374 0.284426 -0.024926
vn -0.958672 -0.284514 0.000000
vn -0.958672 -0.284514 0.000000
vn -0.958672 -0.284514 0.000000
vn -0.958672 -0.284514 0.000000
vn -0.284514 0.958672 0.000000
vn -0.284514 0.958672 0.000000
vn -0.284575 0.958654 0.000647
vn -0.284502 0.958676 -0.000083
vn -0.284477 0.958683 -0.000189
vn -0.284509 0.958673 -0.000050
vn -0.284499 0.958676 -0.000094
vn -0.284520 0.958670 0.000016
vn -0.284517 0.958671 0.000012
vn -0.284479 0.958682 -0.000073
vn -0.284642 0.958634 0.000221
vn -0.284500 0.958676 -0.000028
vn -0.284496 0.958677 -0.000035
vn -0.284514 0.958672 -0.000002
vn -0.284522 0.958669 0.000025
vn -0.284628 0.958638 0.000159
vn -0.284992 0.958530 0.000496
vn -0.284511 0.958673 -0.000006
vn -0.284499 0.958676 -0.000034
vn -0.284520 0.958670 0.000012
vn -0.284542 0.958664 0.000028
vn -0.284606 0.958645 0.000073
vn -0.285038 0.958516 0.000253
vn -0.284493 0.958678 -0.000010
vn -0.284682 0.958622 0.000077
vn -0.284527 0.958668 -0.000000
vn -0.284489 0.958679 -0.000012
vn -0.285109 0.958495 0.000128
vn -0.284504 0.958675 -0.000006
vn -0.284201 0.958765 -0.000060
vn -0.284513 0.958672 -0.000002
vn -0.284484 0.958681 0.000001
vn -0.284528 0.958668 0.000003
vn -0.284514 0.958672 0.000000
vn -0.284514 0.958672 -0.000000
vn -0.284514 0.958672 0.000000
vn -0.284514 0.958672 0.000000
vn -0.284574 0.958654 -0.000645
vn -0.284511 0.958673 0.000028
vn -0.285108 0.958495 -0.000128
vn -0.284201 0.958765 0.000060
vn -0.284498 0.958677 0.000112
vn -0.284476 0.958683 0.000188
vn -0.284507 0.958674 0.000062
vn -0.284514 0.958672 0.000002
vn -0.284514 0.958672 -0.000000
vn -0.284517 0.958671 -0.000012
vn -0.284518 0.958671 -0.000003
vn -0.284516 0.958671 -0.000002
vn -0.284479 0.958682 0.000073
vn -0.285037 0.958516 -0.000253
vn -0.284682 0.958622 -0.000077
vn -0.284461 0.958688 0.000113
vn -0.284378 0.958712 0.000078
vn -0.284544 0.958663 -0.000059
vn -0.284480 0.958682 0.000016
vn -0.284491 0.958679 0.000011
vn -0.284480 0.958682 0.000016
vn -0.284533 0.958666 -0.000019
vn -0.284612 0.958643 -0.000138
vn -0.284513 0.958672 0.000001
vn -0.284537 0.958665 -0.000012
vn -0.284815 0.958583 -0.000250
vn -0.284505 0.958674 0.000005
vn -0.284507 0.958674 0.000012
vn -0.284472 0.958684 0.000021
vn -0.284082 0.958800 0.000502
vn -0.284515 0.958672 -0.000001
vn 0.284829 -0.958578 -0.000298
vn 0.284274 -0.958743 0.000271
vn 0.284490 -0.958679 0.000022
vn 0.284397 -0.958706 0.000170
vn 0.284422 -0.958699 0.000066
vn 0.284216 -0.958760 0.000161
vn 0.284444 -0.958693 0.000159
vn 0.284604 -0.958645 -0.000193
vn 0.284514 -0.958672 0.000003
vn 0.284579 -0.958653 -0.000142
vn 0.284511 -0.958673 0.000005
vn 0.283948 -0.958840 0.000216
vn 0.284505 -0.958674 0.000000
vn 0.284756 -0.958600 -0.000093
vn 0.284473 -0.958684 0.000121
vn 0.284480 -0.958682 0.000246
vn 0.284515 -0.958672 0.000000
vn 0.284523 -0.958669 -0.000048
vn 0.284493 -0.958678 0.000006
vn 0.284542 -0.958664 -0.000010
vn 0.284632 -0.958637 -0.000012
vn 0.284505 -0.958675 0.000001
vn 0.284310 -0.958732 0.000016
vn 0.284076 -0.958802 0.000028
vn 0.284518 -0.958671 -0.000002
vn 0.284509 -0.958673 0.000003
vn 0.284521 -0.958670 -0.000003
vn 0.284514 -0.958672 0.000001
vn 0.284518 -0.958671 -0.000027
vn 0.284513 -0.958672 0.000078
vn 0.284513 -0.958672 0.000003
vn 0.284514 -0.958672 0.000000
vn 0.284512 -0.958673 -0.000003
vn 0.284517 -0.958671 0.000003
vn 0.284517 -0.958671 0.000004
vn 0.284512 -0.958672 -0.000002
vn 0.284512 -0.958672 -0.000002
vn 0.284516 -0.958671 0.000002
vn 0.284514 -0.958672 0.000000
vn 0.284514 -0.958672 -0.000000
vn 0.284513 -0.958672 -0.000002
vn 0.284515 -0.958672 0.000000
vn 0.284513 -0.958672 -0.000001
vn 0.284515 -0.958672 0.000001
vn 0.284514 -0.958672 0.000000
vn 0.284511 -0.958673 -0.000004
vn 0.284513 -0.958672 -0.000002
vn 0.284516 -0.958671 0.000002
vn 0.284517 -0.958671 0.000002
vn 0.284510 -0.958673 -0.000005
vn 0.284510 -0.958673 -0.000004
vn 0.284513 -0.958672 -0.000001
vn 0.284517 -0.958671 0.000002
vn 0.284515 -0.958672 0.000001
vn 0.284514 -0.958672 0.000001
vn 0.284514 -0.958672 -0.000000
vn 0.284519 -0.958670 0.000005
vn 0.284520 -0.958670 0.000005
vn 0.284508 -0.958674 0.000005
vn 0.284509 -0.958673 -0.000006
vn 0.284513 -0.958672 0.000001
vn 0.284516 -0.958671 0.000001
vn 0.284515 -0.958671 -0.000001
vn 0.284515 -0.958672 0.000000
vn 0.284520 -0.958670 -0.000005
vn 0.284515 -0.958672 -0.000001
vn 0.284513 -0.958672 0.000001
vn 0.284510 -0.958673 0.000003
vn 0.284517 -0.958671 -0.000002
vn 0.284515 -0.958672 -0.000000
vn 0.284516 -0.958671 -0.000001
vn 0.284509 -0.958673 0.000003
vn 0.284516 -0.958671 -0.000001
vn 0.284510 -0.958673 0.000002
vn 0.284517 -0.958671 -0.000002
vn 0.284512 -0.958672 0.000001
vn 0.284514 -0.958672 0.000000
vn 0.284519 -0.958670 -0.000003
vn 0.284509 -0.958673 0.000002
vn 0.284516 -0.958671 -0.000001
vn 0.284516 -0.958671 -0.000001
vn 0.284514 -0.958672 -0.000000
vn 0.284514 -0.958672 0.000000
vn 0.284515 -0.958672 -0.000000
vn 0.284512 -0.958673 0.000001
vn 0.284512 -0.958672 0.000001
vn 0.284515 -0.958672 -0.000000
vn 0.284515 -0.958672 -0.000000
vn 0.284511 -0.958673 0.000001
vn 0.284515 -0.958672 -0.000000
vn 0.284508 -0.958674 0.000002
vn 0.284507 -0.958674 0.000002
vn 0.284525 -0.958669 -0.000002
vn 0.284509 -0.958673 0.000001
vn 0.284509 -0.958673 0.000001
vn 0.284526 -0.958668 -0.000003
vn 0.284514 -0.958672 0.000000
vn 0.284521 -0.958670 -0.000001
vn 0.284501 -0.958676 -0.000004
vn 0.284524 -0.958669 -0.000002
vn 0.284517 -0.958671 -0.000001
vn 0.284524 -0.958669 0.000003
vn 0.284516 -0.958671 -0.000000
vn 0.284505 -0.958675 -0.000003
vn 0.284504 -0.958675 0.000002
vn 0.284522 -0.958670 0.000002
vn 0.284516 -0.958671 -0.000000
vn 0.284511 -0.958673 -0.000001
vn 0.284528 -0.958668 -0.000004
vn 0.284509 -0.958673 0.000001
vn 0.284508 -0.958674 -0.000002
vn 0.284529 -0.958668 -0.000002
vn 0.284522 -0.958670 0.000002
vn 0.284513 -0.958672 0.000000
vn 0.284507 -0.958674 0.000002
vn 0.284518 -0.958671 0.000001
vn 0.284503 -0.958675 0.000001
vn 0.284504 -0.958675 -0.000003
vn 0.284513 -0.958672 0.000000
vn 0.284512 -0.958672 0.000000
vn 0.284521 -0.958670 0.000002
vn 0.284517 -0.958671 -0.000000
vn 0.284523 -0.958669 0.000002
vn 0.284517 -0.958671 -0.000000
vn 0.284503 -0.958675 -0.000004
vn 0.284515 -0.958672 0.000000
vn 0.284514 -0.958672 0.000000
vn 0.284513 -0.958672 -0.000001
vn 0.284520 -0.958670 0.000002
vn 0.284514 -0.958672 0.000000
vn 0.284526 -0.958668 0.000003
vn 0.284510 -0.958673 -0.000001
vn 0.284507 -0.958674 -0.000002
vn 0.284508 -0.958674 -0.000002
vn 0.284525 -0.958669 0.000002
vn 0.284509 -0.958673 -0.000001
vn 0.284521 -0.958670 0.000001
vn 0.284524 -0.958669 0.000002
vn 0.284516 -0.958671 0.000000
vn 0.284504 -0.958675 -0.000002
vn 0.284516 -0.958671 0.000000
vn 0.284509 -0.958673 -0.000001
vn 0.284529 -0.958668 0.000002
vn 0.284513 -0.958672 -0.000000
vn 0.284503 -0.958675 -0.000001
vn 0.284512 -0.958672 -0.000000
vn 0.284517 -0.958671 0.000000
vn 0.284517 -0.958671 0.000000
vn 0.284515 -0.958672 0.000000
vn 0.284502 -0.958675 0.000003
vn 0.284524 -0.958669 -0.000003
vn 0.284522 -0.958669 -0.000002
vn 0.284504 -0.958675 0.000003
vn 0.284517 -0.958671 -0.000001
vn 0.284522 -0.958670 -0.000002
vn 0.284507 -0.958674 0.000002
vn 0.284512 -0.958673 0.000001
vn 0.284522 -0.958670 -0.000002
vn 0.284505 -0.958675 0.000003
vn 0.284524 -0.958669 -0.000003
vn 0.284503 -0.958675 0.000004
vn 0.284514 -0.958672 0.000000
vn 0.284515 -0.958672 -0.000000
vn 0.284515 -0.958671 -0.000001
vn 0.284508 -0.958674 0.000005
vn 0.284520 -0.958670 -0.000005
vn 0.284514 -0.958672 -0.000000
vn 0.284518 -0.958671 -0.000003
vn 0.284510 -0.958673 0.000004
vn 0.284517 -0.958671 -0.000002
vn 0.284514 -0.958672 -0.000000
vn 0.284514 -0.958672 0.000000
vn 0.284513 -0.958672 0.000002
vn 0.284427 -0.958698 -0.000001
vn 0.284193 -0.958767 -0.000025
vn 0.284515 -0.958672 0.000000
vn 0.284819 -0.958581 0.000056
vn 0.284135 -0.958784 -0.000086
vn 0.284513 -0.958672 0.000001
vn 0.284513 -0.958672 0.000002
vn 0.284516 -0.958671 -0.000000
vn 0.284784 -0.958592 0.000121
vn 0.284232 -0.958756 -0.000118
vn 0.284555 -0.958660 0.000012
vn 0.284515 -0.958672 0.000000
vn 0.284216 -0.958760 -0.000161
vn 0.284499 -0.958676 -0.000004
vn 0.284513 -0.958672 0.000002
vn 0.284422 -0.958699 -0.000066
vn 0.284518 -0.958671 0.000002
vn 0.284542 -0.958663 0.000010
vn 0.284517 -0.958671 -0.000004
vn 0.284484 -0.958681 -0.000012
vn 0.284512 -0.958673 0.000003
vn 0.284449 -0.958691 -0.000079
vn 0.284330 -0.958727 -0.000204
vn 0.284398 -0.958706 -0.000169
vn 0.284518 -0.958671 0.000002
vn 0.284528 -0.958668 0.000014
vn 0.284515 -0.958672 0.000000
vn 0.284491 -0.958679 -0.000014
vn 0.284626 -0.958638 0.000270
vn 0.284511 -0.958673 -0.000020
vn 0.284473 -0.958684 -0.000122
vn 0.284516 -0.958671 0.000001
vn 0.284485 -0.958680 -0.000082
vn 0.284480 -0.958682 -0.000245
vn 0.284515 -0.958672 -0.000000
vn 0.284522 -0.958670 0.000042
vn 0.284517 -0.958671 -0.000003
vn 0.284512 -0.958672 0.000002
vn 0.284516 -0.958671 -0.000002
vn 0.284514 -0.958672 0.000000
vn 0.284515 -0.958672 -0.000000
vn 0.284515 -0.958672 -0.000001
vn 0.284514 -0.958672 -0.000000
vn 0.284516 -0.958671 0.000001
vn 0.284515 -0.958672 -0.000006
vn 0.284511 -0.958673 0.000004
vn 0.284516 -0.958671 -0.000002
vn 0.284509 -0.958673 0.000005
vn 0.284513 -0.958672 0.000001
vn 0.284515 -0.958672 -0.000001
vn 0.284518 -0.958671 -0.000005
vn 0.284514 -0.958672 0.000000
vn 0.284513 -0.958672 0.000001
vn 0.284520 -0.958670 -0.000002
vn 0.284514 -0.958672 0.000000
vn 0.284514 -0.958672 0.000000
vn 0.284508 -0.958674 -0.000005
vn 0.284513 -0.958672 -0.000001
vn 0.284515 -0.958671 0.000001
vn 0.284520 -0.958670 0.000005
vn 0.284515 -0.958672 0.000001
vn 0.284513 -0.958672 -0.000001
vn 0.284510 -0.958673 -0.000003
vn 0.284517 -0.958671 0.000002
vn 0.284515 -0.958672 0.000000
vn 0.284516 -0.958671 0.000001
vn 0.284509 -0.958673 -0.000003
vn 0.284516 -0.958671 0.000001
vn 0.284510 -0.958673 -0.000002
vn 0.284517 -0.958671 0.000002
vn 0.284512 -0.958672 -0.000001
vn 0.284514 -0.958672 -0.000000
vn 0.284519 -0.958670 0.000003
vn 0.284509 -0.958673 -0.000002
vn 0.284516 -0.958671 0.000001
vn 0.284516 -0.958671 0.000001
vn 0.284514 -0.958672 0.000000
vn 0.284514 -0.958672 -0.000000
vn 0.284515 -0.958672 0.000000
vn 0.284512 -0.958673 -0.000001
vn 0.284512 -0.958672 -0.000001
vn 0.284515 -0.958672 0.000000
vn 0.284515 -0.958672 0.000000
vn 0.284511 -0.958673 -0.000001
vn 0.284514 -0.958672 0.000000
vn 0.284517 -0.958671 0.000001
vn 0.284528 -0.958668 0.000004
vn 0.284507 -0.958674 -0.000002
vn 0.284513 -0.958672 -0.000000
vn 0.958672 0.284514 -0.000000
vn 0.958672 0.284514 0.000000
vn -0.023545 -0.006988 -0.999698
vn -0.023544 -0.006987 -0.999698
vn -0.070559 -0.020941 -0.997288
vn -0.070562 -0.020941 -0.997288
vn -0.117352 -0.034827 -0.992480
vn -0.117347 -0.034826 -0.992480
vn -0.163842 -0.048625 -0.985287
vn -0.210106 -0.062355 -0.975688
vn -0.163842 -0.048625 -0.985287
vn -0.210113 -0.062358 -0.975686
vn -0.255644 -0.075870 -0.963789
vn -0.255644 -0.075870 -0.963789
vn -0.300723 -0.089248 -0.949527
vn -0.300712 -0.089246 -0.949530
vn -0.345041 -0.102401 -0.932985
vn -0.345053 -0.102404 -0.932980
vn -0.388478 -0.115293 -0.914217
vn -0.388492 -0.115296 -0.914211
vn -0.431026 -0.127919 -0.893226
vn -0.431024 -0.127919 -0.893227
vn -0.472528 -0.140236 -0.870087
vn -0.472530 -0.140237 -0.870086
vn -0.512897 -0.152218 -0.844847
vn -0.551985 -0.163819 -0.817603
vn -0.512913 -0.152222 -0.844836
vn -0.551969 -0.163813 -0.817616
vn -0.589812 -0.175044 -0.788341
vn -0.589794 -0.175040 -0.788355
vn -0.626238 -0.185854 -0.757155
vn -0.626220 -0.185850 -0.757171
vn -0.661021 -0.196177 -0.724270
vn -0.694290 -0.206050 -0.689569
vn -0.661021 -0.196177 -0.724270
vn -0.694307 -0.206057 -0.689549
vn -0.725935 -0.215442 -0.653148
vn -0.725917 -0.215438 -0.653169
vn -0.755748 -0.224291 -0.615255
vn -0.755765 -0.224295 -0.615232
vn -0.783806 -0.232617 -0.575793
vn -0.783789 -0.232614 -0.575818
vn -0.809935 -0.240371 -0.535002
vn -0.809933 -0.240371 -0.535006
vn -0.834138 -0.247555 -0.492879
vn -0.834141 -0.247555 -0.492875
vn -0.856294 -0.254130 -0.449643
vn -0.856294 -0.254130 -0.449643
vn -0.876434 -0.260107 -0.405225
vn -0.876432 -0.260107 -0.405230
vn -0.894445 -0.265452 -0.359865
vn -0.894447 -0.265453 -0.359860
vn -0.910278 -0.270153 -0.313704
vn -0.910288 -0.270154 -0.313676
vn -0.923944 -0.274207 -0.266716
vn -0.923936 -0.274206 -0.266745
vn -0.935380 -0.277601 -0.219094
vn -0.935379 -0.277601 -0.219099
vn -0.944561 -0.280326 -0.170947
vn -0.944562 -0.280326 -0.170941
vn -0.951462 -0.282374 -0.122413
vn -0.956074 -0.283743 -0.073569
vn -0.951462 -0.282374 -0.122413
vn -0.958383 -0.284428 -0.024568
vn -0.956074 -0.283743 -0.073569
vn -0.958383 -0.284430 -0.024530
vn 0.284577 -0.958653 0.000683
vn 0.284550 -0.958661 0.000401
vn 0.284500 -0.958676 -0.000142
vn 0.284595 -0.958648 0.000358
vn 0.284525 -0.958669 0.000033
vn 0.284636 -0.958636 0.000226
vn 0.284344 -0.958722 -0.000368
vn 0.284524 -0.958669 0.000030
vn 0.284525 -0.958669 0.000032
vn 0.284723 -0.958610 0.000419
vn 0.284629 -0.958638 0.000163
vn 0.284510 -0.958673 -0.000022
vn 0.284517 -0.958671 -0.000001
vn 0.284787 -0.958591 0.000325
vn 0.284526 -0.958668 0.000025
vn 0.284313 -0.958731 -0.000173
vn 0.284523 -0.958669 0.000018
vn 0.284443 -0.958693 -0.000051
vn 0.284108 -0.958792 -0.000309
vn 0.284481 -0.958682 -0.000064
vn 0.284538 -0.958665 0.000040
vn 0.283980 -0.958830 -0.000285
vn 0.284514 -0.958672 -0.000000
vn 0.285209 -0.958465 0.000321
vn 0.285634 -0.958339 0.000272
vn 0.284620 -0.958640 0.000007
vn 0.284152 -0.958779 -0.000103
vn 0.284511 -0.958673 -0.000005
vn 0.284655 -0.958630 0.000028
vn 0.284519 -0.958670 0.000004
vn 0.283820 -0.958878 -0.000032
vn 0.284515 -0.958672 -0.000000
vn 0.284514 -0.958672 -0.000000
vn 0.284514 -0.958672 0.000000
vn 0.284514 -0.958672 0.000000
vn 0.284514 -0.958672 0.000000
vn 0.284514 -0.958672 0.000001
vn 0.284577 -0.958653 -0.000685
vn 0.284735 -0.958606 -0.000039
vn 0.284547 -0.958662 -0.000262
vn 0.284497 -0.958677 0.000014
vn 0.284498 -0.958677 0.000151
vn 0.284523 -0.958669 -0.000008
vn 0.284879 -0.958563 -0.000054
vn 0.284178 -0.958772 0.000094
vn 0.283530 -0.958963 0.000336
vn 0.284568 -0.958656 -0.000022
vn 0.284472 -0.958684 0.000106
vn 0.284535 -0.958665 -0.000065
vn 0.284076 -0.958801 0.001091
vn 0.284811 -0.958584 -0.000099
vn 0.284556 -0.958659 -0.000119
vn 0.284463 -0.958687 0.000132
vn 0.284036 -0.958814 0.000256
vn 0.284551 -0.958661 -0.000011
vn 0.284526 -0.958668 -0.000001
vn 0.285024 -0.958520 -0.000295
vn 0.284207 -0.958763 0.000533
vn 0.284519 -0.958670 -0.000011
vn 0.284539 -0.958664 -0.000007
vn 0.284461 -0.958687 0.000022
vn 0.284523 -0.958669 -0.000007
vn 0.284516 -0.958671 0.000002
vn 0.284510 -0.958673 0.000011
vn 0.284482 -0.958681 0.000014
vn 0.284544 -0.958663 -0.000059
vn 0.284313 -0.958732 0.000174
vn 0.284514 -0.958672 -0.000001
vn -0.284598 0.958647 -0.000084
vn -0.284541 0.958664 -0.000024
vn -0.284655 0.958630 -0.000192
vn -0.284556 0.958659 -0.000054
vn -0.284517 0.958671 -0.000000
vn -0.284165 0.958775 0.000214
vn -0.284663 0.958628 -0.000264
vn -0.284609 0.958644 -0.000058
vn -0.284858 0.958570 -0.000175
vn -0.284520 0.958670 -0.000009
vn -0.284688 0.958620 -0.000389
vn -0.284516 0.958671 -0.000009
vn -0.284623 0.958640 -0.000036
vn -0.284188 0.958768 0.000101
vn -0.284416 0.958701 0.000338
vn -0.284511 0.958673 0.000011
vn -0.284578 0.958653 -0.000342
vn -0.284471 0.958685 0.000016
vn -0.284106 0.958793 0.000092
vn -0.284494 0.958678 0.000010
vn -0.284517 0.958671 -0.000011
vn -0.284515 0.958672 -0.000001
vn -0.284531 0.958667 -0.000100
vn -0.284512 0.958673 0.000005
vn -0.284515 0.958672 -0.000000
vn -0.284512 0.958672 0.000000
vn -0.284382 0.958711 0.000007
vn -0.284291 0.958738 0.000011
vn -0.284526 0.958668 -0.000004
vn -0.284534 0.958666 -0.000371
vn -0.284517 0.958671 -0.000003
vn -0.284514 0.958672 0.000000
vn -0.284515 0.958671 0.000002
vn -0.284513 0.958672 -0.000001
vn -0.284514 0.958672 0.000000
vn -0.284512 0.958672 -0.000002
vn -0.284512 0.958672 -0.000002
vn -0.284516 0.958671 0.000002
vn -0.284512 0.958672 -0.000002
vn -0.284514 0.958672 -0.000000
vn -0.284519 0.958670 0.000005
vn -0.284515 0.958672 0.000001
vn -0.284513 0.958672 -0.000001
vn -0.284515 0.958672 0.000001
vn -0.284515 0.958672 0.000001
vn -0.284511 0.958673 -0.000004
vn -0.284513 0.958672 -0.000002
vn -0.284516 0.958671 0.000002
vn -0.284512 0.958672 -0.000002
vn -0.284517 0.958671 0.000003
vn -0.284514 0.958672 0.000000
vn -0.284511 0.958673 -0.000004
vn -0.284517 0.958671 0.000003
vn -0.284515 0.958672 0.000001
vn -0.284510 0.958673 -0.000004
vn -0.284514 0.958672 0.000000
vn -0.284511 0.958673 -0.000003
vn -0.284517 0.958671 0.000004
vn -0.284523 0.958669 0.000008
vn -0.284513 0.958672 -0.000002
vn -0.284515 0.958672 0.000001
vn -0.284518 0.958671 0.000005
vn -0.284515 0.958672 0.000000
vn -0.284508 0.958674 0.000011
vn -0.284517 0.958671 -0.000005
vn -0.284514 0.958672 0.000003
vn -0.284510 0.958673 0.000008
vn -0.284516 0.958671 -0.000003
vn -0.284514 0.958672 -0.000001
vn -0.284513 0.958672 0.000001
vn -0.284516 0.958671 -0.000003
vn -0.284510 0.958673 0.000006
vn -0.284519 0.958671 -0.000007
vn -0.284515 0.958672 -0.000001
vn -0.284514 0.958672 -0.000001
vn -0.284513 0.958672 0.000001
vn -0.284510 0.958673 0.000004
vn -0.284518 0.958671 -0.000005
vn -0.284509 0.958673 0.000006
vn -0.284514 0.958672 -0.000000
vn -0.284514 0.958672 0.000001
vn -0.284516 0.958671 -0.000002
vn -0.284512 0.958672 0.000002
vn -0.284517 0.958671 -0.000002
vn -0.284512 0.958672 0.000002
vn -0.284518 0.958671 -0.000003
vn -0.284509 0.958673 0.000004
vn -0.284521 0.958670 -0.000005
vn -0.284514 0.958672 -0.000000
vn -0.284511 0.958673 0.000002
vn -0.284509 0.958673 0.000001
vn -0.284521 0.958670 -0.000002
vn -0.284513 0.958672 0.000000
vn -0.284521 0.958670 -0.000002
vn -0.284509 0.958673 0.000001
vn -0.284497 0.958677 0.000005
vn -0.284514 0.958672 -0.000000
vn -0.284504 0.958675 0.000002
vn -0.284525 0.958668 0.000004
vn -0.284524 0.958669 -0.000002
vn -0.284509 0.958673 0.000004
vn -0.284515 0.958672 0.000000
vn -0.284516 0.958671 -0.000000
vn -0.284514 0.958672 -0.000000
vn -0.284518 0.958671 -0.000001
vn -0.284505 0.958675 -0.000003
vn -0.284510 0.958673 0.000000
vn -0.284529 0.958667 0.000005
vn -0.284522 0.958669 -0.000005
vn -0.284514 0.958672 -0.000000
vn -0.284507 0.958674 -0.000002
vn -0.284516 0.958671 -0.000000
vn -0.284510 0.958673 -0.000001
vn -0.284513 0.958672 0.000000
vn -0.284510 0.958673 0.000002
vn -0.284517 0.958671 0.000001
vn -0.284515 0.958672 -0.000000
vn -0.284504 0.958675 -0.000003
vn -0.284510 0.958673 0.000003
vn -0.284512 0.958672 0.000000
vn -0.284538 0.958665 0.000007
vn -0.284517 0.958671 -0.000000
vn -0.284493 0.958678 -0.000006
vn -0.284512 0.958672 0.000001
vn -0.284512 0.958672 -0.000000
vn -0.284538 0.958665 0.000007
vn -0.284508 0.958674 0.000000
vn -0.284514 0.958672 -0.000000
vn -0.284514 0.958672 0.000000
vn -0.284514 0.958672 0.000000
vn -0.284508 0.958674 0.000000
vn -0.284512 0.958672 0.000000
vn -0.284517 0.958671 0.000000
vn -0.284512 0.958672 -0.000000
vn -0.284515 0.958672 0.000000
vn -0.284513 0.958672 -0.000000
vn -0.284516 0.958671 0.000000
vn -0.284514 0.958672 0.000000
vn -0.284510 0.958673 -0.000000
vn -0.284518 0.958671 0.000001
vn -0.284516 0.958671 0.000000
vn -0.284524 0.958669 0.000002
vn -0.284504 0.958675 -0.000002
vn -0.284510 0.958673 -0.000001
vn -0.284513 0.958672 0.000000
vn -0.284509 0.958673 -0.000001
vn -0.284521 0.958670 0.000002
vn -0.284521 0.958670 0.000002
vn -0.284497 0.958677 -0.000005
vn -0.284514 0.958672 0.000000
vn -0.284514 0.958672 0.000000
vn -0.284513 0.958672 0.000002
vn -0.284515 0.958672 0.000000
vn -0.284517 0.958671 -0.000003
vn -0.284510 0.958673 0.000004
vn -0.284511 0.958673 0.000003
vn -0.284523 0.958669 -0.000007
vn -0.284515 0.958672 -0.000001
vn -0.284514 0.958672 0.000000
vn -0.284525 0.958669 -0.000004
vn -0.284514 0.958672 -0.000000
vn -0.284514 0.958672 0.000000
vn -0.284504 0.958675 0.000003
vn -0.284530 0.958667 -0.000005
vn -0.284506 0.958674 0.000002
vn -0.284509 0.958673 0.000002
vn -0.284518 0.958671 -0.000001
vn -0.284504 0.958675 0.000003
vn -0.284538 0.958665 -0.000007
vn -0.284491 0.958679 0.000006
vn -0.284540 0.958664 -0.000007
vn -0.284513 0.958672 0.000000
vn -0.284513 0.958672 0.000002
vn -0.284427 0.958698 -0.000001
vn -0.284515 0.958672 -0.000001
vn -0.284849 0.958572 0.000042
vn -0.284466 0.958686 -0.000007
vn -0.284513 0.958672 0.000001
vn -0.284188 0.958769 -0.000101
vn -0.284537 0.958665 0.000009
vn -0.284602 0.958646 0.000028
vn -0.284519 0.958670 -0.000005
vn -0.284481 0.958682 -0.000011
vn -0.284858 0.958570 0.000175
vn -0.284512 0.958672 0.000002
vn -0.284506 0.958674 -0.000003
vn -0.284554 0.958660 0.000017
vn -0.284512 0.958672 0.000002
vn -0.284901 0.958557 0.000274
vn -0.284535 0.958666 0.000018
vn -0.284508 0.958674 -0.000002
vn -0.284514 0.958672 -0.000000
vn -0.284514 0.958672 0.000000
vn -0.284513 0.958672 -0.000000
vn -0.284515 0.958671 -0.000002
vn -0.284503 0.958675 -0.000010
vn -0.284451 0.958691 -0.000076
vn -0.284515 0.958671 0.000001
vn -0.284532 0.958667 0.000009
vn -0.284352 0.958720 -0.000308
vn -0.284551 0.958661 0.000079
vn -0.284580 0.958652 0.000132
vn -0.284570 0.958655 0.000149
vn -0.284519 0.958670 0.000015
vn -0.284460 0.958688 -0.000174
vn -0.284578 0.958653 0.000341
vn -0.284531 0.958667 0.000100
vn -0.284503 0.958675 -0.000069
vn -0.284515 0.958672 -0.000001
vn -0.284515 0.958672 0.000000
vn -0.284513 0.958672 0.000001
vn -0.284516 0.958671 -0.000002
vn -0.284512 0.958672 0.000002
vn -0.284513 0.958672 0.000001
vn -0.284514 0.958672 -0.000000
vn -0.284514 0.958672 -0.000001
vn -0.284528 0.958668 0.000106
vn -0.284517 0.958671 0.000009
vn -0.284511 0.958673 0.000004
vn -0.284516 0.958671 -0.000002
vn -0.284517 0.958671 -0.000003
vn -0.284511 0.958673 0.000004
vn -0.284515 0.958672 -0.000001
vn -0.284514 0.958672 -0.000000
vn -0.284517 0.958671 -0.000004
vn -0.284513 0.958672 0.000002
vn -0.284514 0.958672 0.000000
vn -0.284509 0.958673 0.000003
vn -0.284517 0.958671 -0.000002
vn -0.284521 0.958670 -0.000004
vn -0.284509 0.958673 -0.000002
vn -0.284524 0.958669 0.000005
vn -0.284506 0.958674 -0.000003
vn -0.284511 0.958673 -0.000002
vn -0.284515 0.958672 0.000000
vn -0.284522 0.958669 0.000004
vn -0.284507 0.958674 -0.000003
vn -0.284519 0.958670 0.000003
vn -0.284511 0.958673 -0.000001
vn -0.284517 0.958671 0.000002
vn -0.284511 0.958673 -0.000001
vn -0.284516 0.958671 0.000001
vn -0.284513 0.958672 -0.000000
vn -0.284508 0.958674 -0.000005
vn -0.284520 0.958670 0.000004
vn -0.284509 0.958673 -0.000003
vn -0.284514 0.958672 -0.000000
vn -0.284513 0.958672 -0.000000
vn -0.284515 0.958672 0.000000
vn -0.284514 0.958672 0.000001
vn -0.284520 0.958670 0.000005
vn -0.284509 0.958673 -0.000004
vn -0.284518 0.958671 0.000002
vn -0.284514 0.958672 -0.000001
vn -0.284514 0.958672 0.000001
vn -0.284516 0.958671 0.000002
vn -0.284509 0.958673 -0.000005
vn -0.284512 0.958672 -0.000002
vn -0.284518 0.958671 0.000003
vn -0.284509 0.958673 -0.000006
vn -0.284518 0.958671 0.000004
vn -0.284514 0.958672 0.000000
vn -0.284514 0.958672 0.000000
vn -0.284519 0.958670 -0.000003
vn 0.023545 0.006988 -0.999698
vn 0.023545 0.006988 -0.999698
vn 0.070559 0.020941 -0.997288
vn 0.070559 0.020940 -0.997288
vn 0.117350 0.034827 -0.992480
vn 0.117350 0.034827 -0.992480
vn 0.163844 0.048625 -0.985287
vn 0.163844 0.048626 -0.985287
vn 0.210110 0.062356 -0.975687
vn 0.210109 0.062356 -0.975687
vn 0.255639 0.075868 -0.963791
vn 0.255639 0.075868 -0.963791
vn 0.300715 0.089246 -0.949529
vn 0.300716 0.089246 -0.949529
vn 0.345047 0.102403 -0.932982
vn 0.345047 0.102403 -0.932982
vn 0.388486 0.115295 -0.914213
vn 0.388486 0.115295 -0.914213
vn 0.431031 0.127921 -0.893223
vn 0.431031 0.127921 -0.893223
vn 0.472526 0.140236 -0.870088
vn 0.472526 0.140236 -0.870088
vn 0.512903 0.152219 -0.844843
vn 0.512903 0.152219 -0.844843
vn 0.551977 0.163816 -0.817610
vn 0.551977 0.163816 -0.817610
vn 0.589803 0.175042 -0.788348
vn 0.589803 0.175042 -0.788348
vn 0.626213 0.185847 -0.757178
vn 0.626213 0.185847 -0.757178
vn 0.661048 0.196186 -0.724242
vn 0.661048 0.196186 -0.724242
vn 0.694292 0.206052 -0.689566
vn 0.694288 0.206050 -0.689571
vn 0.725926 0.215440 -0.653159
vn 0.725931 0.215441 -0.653153
vn 0.755755 0.224292 -0.615246
vn 0.783806 0.232617 -0.575793
vn 0.755745 0.224290 -0.615259
vn 0.783806 0.232617 -0.575793
vn 0.809920 0.240368 -0.535027
vn 0.809929 0.240370 -0.535011
vn 0.834154 0.247560 -0.492850
vn 0.834150 0.247559 -0.492857
vn 0.856293 0.254130 -0.449643
vn 0.856297 0.254131 -0.449636
vn 0.876422 0.260104 -0.405254
vn 0.894440 0.265451 -0.359879
vn 0.876422 0.260104 -0.405254
vn 0.894440 0.265451 -0.359879
vn 0.910288 0.270155 -0.313674
vn 0.910282 0.270153 -0.313694
vn 0.923946 0.274208 -0.266709
vn 0.923952 0.274209 -0.266688
vn 0.935376 0.277601 -0.219111
vn 0.944557 0.280325 -0.170965
vn 0.935376 0.277600 -0.219111
vn 0.944556 0.280325 -0.170974
vn 0.951462 0.282375 -0.122413
vn 0.956075 0.283744 -0.073554
vn 0.951463 0.282375 -0.122404
vn 0.956075 0.283744 -0.073554
vn 0.958383 0.284429 -0.024540
vn 0.958383 0.284429 -0.024540
vn -0.958672 -0.284514 -0.000000
vn -0.958672 -0.284514 0.000000
vn -0.284548 0.958662 0.000285
vn -0.284559 0.958658 0.000534
vn -0.284541 0.958664 0.000097
vn -0.284589 0.958650 0.000278
vn -0.284418 0.958700 -0.000309
vn -0.284588 0.958650 0.000292
vn -0.284461 0.958688 -0.000186
vn -0.284601 0.958646 0.000154
vn -0.284207 0.958763 -0.000533
vn -0.284512 0.958672 -0.000010
vn -0.284512 0.958672 -0.000010
vn -0.284514 0.958672 -0.000005
vn -0.284516 0.958671 -0.000002
vn -0.284542 0.958664 0.000057
vn -0.284530 0.958667 0.000032
vn -0.284232 0.958755 -0.000249
vn -0.284745 0.958603 0.000159
vn -0.284169 0.958774 -0.000182
vn -0.283940 0.958842 -0.000309
vn -0.284191 0.958768 -0.000188
vn -0.284511 0.958673 -0.000003
vn -0.284717 0.958612 0.000123
vn -0.284838 0.958576 0.000191
vn -0.284506 0.958674 -0.000009
vn -0.285403 0.958408 0.000250
vn -0.284214 0.958761 -0.000061
vn -0.284504 0.958675 -0.000012
vn -0.284523 0.958669 0.000009
vn -0.284519 0.958670 0.000004
vn -0.283820 0.958878 -0.000032
vn -0.284514 0.958672 -0.000001
vn -0.284522 0.958669 0.000007
vn -0.284514 0.958672 0.000000
vn -0.284514 0.958672 0.000000
vn -0.284514 0.958672 0.000001
vn -0.283820 0.958878 0.000032
vn -0.284519 0.958670 -0.000004
vn -0.284574 0.958654 -0.000655
vn -0.284495 0.958678 0.000179
vn -0.284214 0.958761 0.000061
vn -0.284629 0.958638 -0.000022
vn -0.284488 0.958679 0.000014
vn -0.284511 0.958673 0.000005
vn -0.285403 0.958408 -0.000250
vn -0.284542 0.958664 -0.000040
vn -0.284418 0.958700 0.000309
vn -0.284589 0.958650 -0.000278
vn -0.284605 0.958645 -0.000339
vn -0.284434 0.958696 0.000249
vn -0.284029 0.958816 0.000263
vn -0.284901 0.958557 -0.000197
vn -0.284519 0.958670 -0.000009
vn -0.283969 0.958833 0.000292
vn -0.284518 0.958671 -0.000014
vn -0.284773 0.958595 -0.000512
vn -0.284515 0.958672 -0.000007
vn -0.284499 0.958676 0.000051
vn -0.285288 0.958442 -0.000557
vn -0.284532 0.958667 -0.000030
vn -0.284526 0.958668 -0.000011
vn -0.283607 0.958940 0.000812
vn -0.284520 0.958670 -0.000002
vn -0.284646 0.958633 -0.000171
vn -0.284504 0.958675 0.000023
vn -0.284517 0.958671 -0.000007
vn -0.284034 0.958814 0.000447
vn 0.284598 -0.958647 -0.000084
vn 0.284541 -0.958664 -0.000024
vn 0.284516 -0.958671 -0.000006
vn 0.284529 -0.958668 -0.000023
vn 0.284301 -0.958735 0.000332
vn 0.284504 -0.958675 0.000012
vn 0.284352 -0.958720 0.000308
vn 0.284735 -0.958606 -0.000111
vn 0.284099 -0.958795 0.000244
vn 0.284604 -0.958645 -0.000055
vn 0.284588 -0.958650 -0.000151
vn 0.284784 -0.958592 -0.000121
vn 0.284512 -0.958672 0.000000
vn 0.284544 -0.958663 -0.000017
vn 0.284570 -0.958655 -0.000149
vn 0.284530 -0.958667 -0.000033
vn 0.284885 -0.958562 -0.000119
vn 0.284537 -0.958665 -0.000009
vn 0.284578 -0.958653 -0.000341
vn 0.284509 -0.958673 0.000016
vn 0.284531 -0.958667 -0.000100
vn 0.284530 -0.958667 -0.000092
vn 0.284291 -0.958738 0.000011
vn 0.284382 -0.958711 0.000007
vn 0.284512 -0.958672 0.000000
vn 0.284722 -0.958610 -0.000019
vn 0.284492 -0.958679 0.000004
vn 0.284514 -0.958672 -0.000000
vn 0.284517 -0.958671 -0.000009
vn 0.284515 -0.958672 -0.000001
vn 0.284534 -0.958666 -0.000372
vn 0.284514 -0.958672 0.000000
vn 0.284510 -0.958673 -0.000006
vn 0.284506 -0.958674 -0.000007
vn 0.284514 -0.958672 0.000000
vn 0.284526 -0.958668 0.000010
vn 0.284518 -0.958671 0.000005
vn 0.284503 -0.958675 -0.000010
vn 0.284512 -0.958672 -0.000002
vn 0.284520 -0.958670 0.000006
vn 0.284519 -0.958670 0.000005
vn 0.284515 -0.958672 0.000001
vn 0.284515 -0.958671 0.000002
vn 0.284515 -0.958672 0.000001
vn 0.284512 -0.958672 -0.000002
vn 0.284511 -0.958673 -0.000004
vn 0.284513 -0.958672 -0.000002
vn 0.284513 -0.958672 -0.000001
vn 0.284519 -0.958670 0.000005
vn 0.284523 -0.958669 0.000010
vn 0.284507 -0.958674 -0.000007
vn 0.284507 -0.958674 -0.000009
vn 0.284517 -0.958671 0.000003
vn 0.284522 -0.958670 0.000009
vn 0.284510 -0.958673 -0.000004
vn 0.284507 -0.958674 -0.000008
vn 0.284511 -0.958673 -0.000003
vn 0.284510 -0.958673 -0.000005
vn 0.284523 -0.958669 0.000008
vn 0.284521 -0.958670 0.000008
vn 0.284500 -0.958676 -0.000012
vn 0.284518 -0.958671 -0.000004
vn 0.284514 -0.958672 -0.000000
vn 0.284521 -0.958670 0.000006
vn 0.284511 -0.958673 0.000003
vn 0.284513 -0.958672 0.000001
vn 0.284505 -0.958675 0.000009
vn 0.284530 -0.958667 -0.000016
vn 0.284507 -0.958674 0.000007
vn 0.284522 -0.958669 -0.000007
vn 0.284506 -0.958674 0.000007
vn 0.284510 -0.958673 0.000004
vn 0.284523 -0.958669 -0.000008
vn 0.284512 -0.958672 0.000001
vn 0.284515 -0.958672 -0.000001
vn 0.284515 -0.958672 -0.000001
vn 0.284506 -0.958674 0.000005
vn 0.284517 -0.958671 -0.000002
vn 0.284512 -0.958672 0.000001
vn 0.284523 -0.958669 -0.000006
vn 0.284506 -0.958674 0.000005
vn 0.284517 -0.958671 -0.000002
vn 0.284520 -0.958670 -0.000003
vn 0.284508 -0.958674 0.000003
vn 0.284521 -0.958670 -0.000004
vn 0.284500 -0.958676 0.000007
vn 0.284528 -0.958668 -0.000007
vn 0.284512 -0.958673 0.000001
vn 0.284503 -0.958675 0.000005
vn 0.284526 -0.958668 -0.000006
vn 0.284487 -0.958680 0.000007
vn 0.284544 -0.958663 -0.000008
vn 0.284513 -0.958672 0.000001
vn 0.284494 -0.958678 0.000005
vn 0.284527 -0.958668 -0.000003
vn 0.284496 -0.958677 0.000005
vn 0.284514 -0.958672 -0.000000
vn 0.284504 -0.958675 0.000002
vn 0.284525 -0.958668 0.000004
vn 0.284523 -0.958669 -0.000002
vn 0.284516 -0.958671 -0.000001
vn 0.284500 -0.958676 -0.000005
vn 0.284515 -0.958671 -0.000000
vn 0.284530 -0.958667 0.000005
vn 0.284518 -0.958671 -0.000001
vn 0.284522 -0.958670 0.000002
vn 0.284510 -0.958673 0.000001
vn 0.284494 -0.958678 -0.000006
vn 0.284510 -0.958673 0.000002
vn 0.284501 -0.958676 0.000002
vn 0.284526 -0.958668 0.000004
vn 0.284528 -0.958668 -0.000002
vn 0.284530 -0.958667 0.000005
vn 0.284500 -0.958676 0.000002
vn 0.284509 -0.958673 0.000002
vn 0.284473 -0.958684 -0.000012
vn 0.284522 -0.958670 -0.000000
vn 0.284529 -0.958668 0.000004
vn 0.284512 -0.958672 0.000000
vn 0.284538 -0.958665 0.000007
vn 0.284517 -0.958671 0.000000
vn 0.284524 -0.958669 0.000003
vn 0.284529 -0.958667 -0.000000
vn 0.284502 -0.958675 -0.000003
vn 0.284508 -0.958674 0.000000
vn 0.284509 -0.958673 -0.000003
vn 0.284533 -0.958666 0.000012
vn 0.284502 -0.958676 -0.000008
vn 0.284514 -0.958672 0.000000
vn 0.284514 -0.958672 0.000000
vn 0.284495 -0.958678 -0.000005
vn 0.284494 -0.958678 -0.000005
vn 0.284544 -0.958663 0.000008
vn 0.284487 -0.958680 -0.000007
vn 0.284513 -0.958672 -0.000001
vn 0.284527 -0.958668 0.000003
vn 0.284504 -0.958675 -0.000002
vn 0.284523 -0.958669 0.000002
vn 0.284516 -0.958671 0.000000
vn 0.284518 -0.958671 0.000001
vn 0.284510 -0.958673 -0.000001
vn 0.284501 -0.958676 -0.000002
vn 0.284529 -0.958668 0.000002
vn 0.284500 -0.958676 -0.000002
vn 0.284522 -0.958669 0.000000
vn 0.284512 -0.958672 -0.000000
vn 0.284517 -0.958671 -0.000000
vn 0.284529 -0.958667 0.000000
vn 0.284508 -0.958674 0.000000
vn 0.284513 -0.958672 0.000000
vn 0.284501 -0.958676 0.000004
vn 0.284523 -0.958669 -0.000002
vn 0.284538 -0.958665 -0.000007
vn 0.284527 -0.958668 -0.000004
vn 0.284475 -0.958684 0.000013
vn 0.284529 -0.958667 -0.000005
vn 0.284522 -0.958670 -0.000006
vn 0.284500 -0.958676 0.000013
vn 0.284525 -0.958669 -0.000003
vn 0.284522 -0.958669 -0.000007
vn 0.284493 -0.958678 0.000006
vn 0.284522 -0.958670 -0.000002
vn 0.284511 -0.958673 0.000003
vn 0.284528 -0.958668 -0.000005
vn 0.284509 -0.958673 0.000004
vn 0.284499 -0.958676 0.000005
vn 0.284517 -0.958671 -0.000003
vn 0.284525 -0.958668 -0.000004
vn 0.284507 -0.958674 0.000006
vn 0.284519 -0.958670 -0.000006
vn 0.284514 -0.958672 0.000000
vn 0.284514 -0.958672 0.000000
vn 0.284513 -0.958672 0.000002
vn 0.284427 -0.958698 -0.000001
vn 0.284337 -0.958724 -0.000010
vn 0.284512 -0.958672 0.000002
vn 0.284360 -0.958718 -0.000033
vn 0.284191 -0.958768 -0.000077
vn 0.284516 -0.958671 -0.000002
vn 0.284584 -0.958651 0.000015
vn 0.284549 -0.958662 0.000006
vn 0.284519 -0.958670 -0.000005
vn 0.284509 -0.958673 -0.000001
vn 0.284533 -0.958666 0.000005
vn 0.284698 -0.958617 0.000087
vn 0.284512 -0.958672 0.000002
vn 0.284574 -0.958654 0.000016
vn 0.284518 -0.958671 -0.000005
vn 0.284514 -0.958672 -0.000000
vn 0.284510 -0.958673 -0.000004
vn 0.284510 -0.958673 0.000006
vn 0.284570 -0.958655 0.000053
vn 0.284655 -0.958630 0.000192
vn 0.284556 -0.958659 0.000054
vn 0.284524 -0.958669 0.000009
vn 0.284488 -0.958680 -0.000030
vn 0.284603 -0.958645 0.000089
vn 0.284517 -0.958671 0.000000
vn 0.284487 -0.958680 -0.000026
vn 0.284688 -0.958620 0.000389
vn 0.284475 -0.958683 -0.000081
vn 0.284517 -0.958671 0.000006
vn 0.284517 -0.958671 0.000006
vn 0.284512 -0.958672 -0.000002
vn 0.284530 -0.958667 0.000022
vn 0.284503 -0.958675 -0.000009
vn 0.284517 -0.958671 -0.000024
vn 0.284552 -0.958661 0.000222
vn 0.284503 -0.958675 -0.000069
vn 0.284513 -0.958672 -0.000001
vn 0.284507 -0.958674 0.000007
vn 0.284525 -0.958669 -0.000010
vn 0.284503 -0.958675 0.000010
vn 0.284521 -0.958670 -0.000006
vn 0.284514 -0.958672 0.000000
vn 0.284515 -0.958672 -0.000001
vn 0.284514 -0.958672 -0.000000
vn 0.284526 -0.958668 0.000012
vn 0.284511 -0.958673 0.000004
vn 0.284513 -0.958672 0.000001
vn 0.284523 -0.958669 -0.000010
vn 0.284507 -0.958674 0.000009
vn 0.284522 -0.958670 -0.000009
vn 0.284507 -0.958674 0.000008
vn 0.284510 -0.958673 0.000005
vn 0.284521 -0.958670 -0.000008
vn 0.284518 -0.958671 -0.000005
vn 0.284514 -0.958672 0.000000
vn 0.284514 -0.958672 0.000000
vn 0.284511 -0.958673 -0.000006
vn 0.284513 -0.958672 -0.000004
vn 0.284505 -0.958674 -0.000015
vn 0.284529 -0.958668 0.000026
vn 0.284507 -0.958674 -0.000010
vn 0.284521 -0.958670 0.000011
vn 0.284506 -0.958674 -0.000011
vn 0.284510 -0.958673 -0.000006
vn 0.284522 -0.958669 0.000012
vn 0.284513 -0.958672 -0.000002
vn 0.284515 -0.958672 0.000001
vn 0.284514 -0.958672 0.000001
vn 0.284508 -0.958674 -0.000007
vn 0.284516 -0.958671 0.000003
vn 0.284512 -0.958672 -0.000002
vn 0.284521 -0.958670 0.000008
vn 0.284507 -0.958674 -0.000007
vn 0.284516 -0.958671 0.000002
vn 0.284519 -0.958670 0.000004
vn 0.284510 -0.958673 -0.000004
vn 0.284519 -0.958670 0.000005
vn 0.284504 -0.958675 -0.000009
vn 0.284525 -0.958669 0.000009
vn 0.284512 -0.958672 -0.000001
vn 0.284506 -0.958674 -0.000006
vn 0.284523 -0.958669 0.000006
vn 0.284515 -0.958672 0.000001
vn 0.284511 -0.958673 -0.000002
vn 0.284510 -0.958673 -0.000002
vn 0.284522 -0.958669 0.000005
vn 0.284498 -0.958677 -0.000009
vn 0.284514 -0.958672 0.000000
vn 0.284514 -0.958672 -0.000001
vn 0.284514 -0.958672 0.000000
vn 0.284519 -0.958670 0.000003
vn -0.307968 0.951397 0.000000
vn -0.307968 0.951397 0.000000
vn -0.354283 0.935138 0.000000
vn -0.354283 0.935138 0.000000
vn -0.399718 0.916638 0.000000
vn -0.399718 0.916638 0.000000
vn -0.444211 0.895922 0.000000
vn -0.444211 0.895922 0.000000
vn -0.487620 0.873056 0.000000
vn -0.487620 0.873056 0.000000
vn -0.529933 0.848040 0.000000
vn -0.529933 0.848040 0.000000
vn -0.570862 0.821046 0.000000
vn -0.570862 0.821046 0.000000
vn -0.610480 0.792031 0.000000
vn -0.610480 0.792031 0.000000
vn -0.648584 0.761143 0.000000
vn -0.648584 0.761143 0.000000
vn -0.685171 0.728383 0.000000
vn -0.685171 0.728383 0.000000
vn -0.720081 0.693890 0.000000
vn -0.720081 0.693890 0.000000
vn -0.753233 0.657753 0.000000
vn -0.753233 0.657753 0.000000
vn -0.784647 0.619942 0.000000
vn -0.784647 0.619942 0.000000
vn -0.814106 0.580716 0.000000
vn -0.814106 0.580716 0.000000
vn -0.841609 0.540088 0.000000
vn -0.841609 0.540088 0.000000
vn -0.867107 0.498121 0.000000
vn -0.867107 0.498121 0.000000
vn -0.890492 0.454999 0.000000
vn -0.890492 0.454999 0.000000
vn -0.911760 0.410723 0.000000
vn -0.930806 0.365514 0.000000
vn -0.911760 0.410723 0.000000
vn -0.930806 0.365514 0.000000
vn -0.947621 0.319397 0.000000
vn -0.947621 0.319397 0.000000
vn -0.962151 0.272519 0.000000
vn -0.974366 0.224967 0.000000
vn -0.962151 0.272519 0.000000
vn -0.974366 0.224967 0.000000
vn -0.984231 0.176888 0.000000
vn -0.984231 0.176888 0.000000
vn -0.991724 0.128391 0.000000
vn -0.991724 0.128391 0.000000
vn -0.996828 0.079585 0.000000
vn -0.996828 0.079585 0.000000
vn -0.999532 0.030584 0.000000
vn -0.999532 0.030584 0.000000
vn -0.999828 -0.018536 -0.000000
vn -0.999828 -0.018536 0.000000
vn -0.997717 -0.067538 -0.000000
vn -0.993199 -0.116426 -0.000000
vn -0.997717 -0.067538 0.000000
vn -0.986288 -0.165035 -0.000000
vn -0.993199 -0.116426 -0.000000
vn -0.986288 -0.165035 -0.000000
vn -0.977002 -0.213230 -0.000000
vn -0.977002 -0.213230 0.000000
vn -0.965367 -0.260897 -0.000000
vn -0.965367 -0.260897 0.000000
vn -0.023544 -0.006987 -0.999698
vn -0.023545 -0.006988 -0.999698
vn -0.070561 -0.020941 -0.997288
vn -0.070559 -0.020941 -0.997288
vn -0.117348 -0.034827 -0.992480
vn -0.117352 -0.034827 -0.992480
vn -0.163842 -0.048625 -0.985287
vn -0.163842 -0.048625 -0.985287
vn -0.210112 -0.062357 -0.975687
vn -0.210105 -0.062355 -0.975688
vn -0.255644 -0.075870 -0.963789
vn -0.255644 -0.075870 -0.963789
vn -0.300723 -0.089248 -0.949527
vn -0.300723 -0.089248 -0.949527
vn -0.345041 -0.102401 -0.932985
vn -0.388480 -0.115293 -0.914216
vn -0.345041 -0.102401 -0.932985
vn -0.388491 -0.115297 -0.914211
vn -0.431024 -0.127920 -0.893227
vn -0.431026 -0.127920 -0.893226
vn -0.472545 -0.140241 -0.870077
vn -0.472527 -0.140237 -0.870087
vn -0.512895 -0.152216 -0.844849
vn -0.512897 -0.152217 -0.844847
vn -0.551986 -0.163818 -0.817604
vn -0.551986 -0.163818 -0.817604
vn -0.589795 -0.175039 -0.788355
vn -0.589795 -0.175039 -0.788355
vn -0.626217 -0.185850 -0.757174
vn -0.626238 -0.185854 -0.757155
vn -0.661044 -0.196184 -0.724247
vn -0.661020 -0.196178 -0.724270
vn -0.694287 -0.206050 -0.689572
vn -0.694290 -0.206050 -0.689569
vn -0.725917 -0.215438 -0.653169
vn -0.725935 -0.215442 -0.653148
vn -0.755768 -0.224296 -0.615228
vn -0.755748 -0.224291 -0.615255
vn -0.783789 -0.232613 -0.575818
vn -0.783806 -0.232617 -0.575793
vn -0.809933 -0.240371 -0.535006
vn -0.809919 -0.240368 -0.535028
vn -0.834138 -0.247556 -0.492879
vn -0.834154 -0.247559 -0.492851
vn -0.856308 -0.254134 -0.449614
vn -0.876419 -0.260103 -0.405261
vn -0.856293 -0.254131 -0.449643
vn -0.876432 -0.260108 -0.405230
vn -0.894445 -0.265454 -0.359865
vn -0.894447 -0.265455 -0.359860
vn -0.910291 -0.270155 -0.313666
vn -0.923944 -0.274207 -0.266716
vn -0.910277 -0.270153 -0.313709
vn -0.923946 -0.274208 -0.266710
vn -0.935380 -0.277601 -0.219094
vn -0.935380 -0.277601 -0.219094
vn -0.944554 -0.280326 -0.170983
vn -0.944561 -0.280326 -0.170947
vn -0.951466 -0.282375 -0.122376
vn -0.956075 -0.283743 -0.073563
vn -0.951462 -0.282376 -0.122413
vn -0.956074 -0.283742 -0.073569
vn -0.958383 -0.284427 -0.024568
vn -0.958383 -0.284427 -0.024568
vn -0.958672 -0.284514 0.000000
vn -0.958672 -0.284514 0.000000
vn -0.958672 -0.284514 0.000000
vn -0.958672 -0.284514 0.000000
vn -0.284504 0.958675 -0.000004
vn -0.284524 0.958669 0.000004
vn -0.284517 0.958671 0.000001
vn -0.284512 0.958673 -0.000001
vn -0.284520 0.958670 0.000002
vn -0.284517 0.958671 0.000001
vn -0.284508 0.958674 -0.000002
vn -0.284506 0.958674 -0.000004
vn -0.284519 0.958670 0.000002
vn -0.284515 0.958672 0.000000
vn -0.284501 0.958676 -0.000004
vn -0.284515 0.958672 0.000001
vn -0.284531 0.958667 0.000005
vn -0.284510 0.958673 -0.000002
vn -0.284512 0.958673 -0.000001
vn -0.284524 0.958669 0.000006
vn -0.284501 0.958676 -0.000004
vn -0.284509 0.958673 -0.000003
vn -0.284525 0.958669 0.000003
vn -0.284510 0.958673 -0.000002
vn -0.284522 0.958670 0.000002
vn -0.284522 0.958669 0.000006
vn -0.284504 0.958675 -0.000003
vn -0.284507 0.958674 -0.000005
vn -0.284513 0.958672 -0.000000
vn -0.284510 0.958673 -0.000003
vn -0.284529 0.958668 0.000004
vn -0.284521 0.958670 0.000005
vn -0.284518 0.958671 0.000003
vn -0.284511 0.958673 -0.000002
vn -0.284513 0.958672 -0.000001
vn -0.284522 0.958669 0.000007
vn -0.284508 0.958674 -0.000005
vn -0.284522 0.958670 -0.000009
vn -0.284507 0.958674 0.000008
vn -0.284510 0.958673 0.000005
vn -0.284523 0.958669 -0.000009
vn -0.284514 0.958672 0.000000
vn -0.284511 0.958673 0.000003
vn -0.284477 0.958682 -0.000838
vn -0.284511 0.958673 0.000004
vn -0.284534 0.958666 0.000366
vn -0.284519 0.958670 -0.000005
vn -0.284479 0.958682 -0.000252
vn -0.284581 0.958652 0.000284
vn -0.284513 0.958672 -0.000032
vn -0.284511 0.958673 0.000003
vn -0.284504 0.958675 -0.000058
vn -0.284531 0.958667 0.000043
vn -0.284507 0.958674 0.000007
vn -0.284520 0.958670 -0.000006
vn -0.284404 0.958705 -0.000198
vn -0.284540 0.958664 0.000039
vn -0.284397 0.958707 -0.000224
vn -0.284517 0.958671 0.000011
vn -0.284508 0.958674 0.000005
vn -0.284412 0.958702 -0.000132
vn -0.284579 0.958653 0.000080
vn -0.284511 0.958673 -0.000011
vn -0.284524 0.958669 -0.000008
vn -0.284534 0.958666 0.000053
vn -0.284462 0.958687 -0.000032
vn -0.284428 0.958697 -0.000061
vn -0.284436 0.958695 -0.000055
vn -0.284481 0.958682 -0.000026
vn -0.284621 0.958640 0.000082
vn -0.284514 0.958672 0.000000
vn -0.284505 0.958674 0.000003
vn -0.284550 0.958661 -0.000014
vn -0.284503 0.958675 -0.000010
vn -0.284923 0.958550 0.000198
vn -0.284495 0.958677 -0.000015
vn -0.284583 0.958652 0.000043
vn -0.284494 0.958678 -0.000013
vn -0.284513 0.958672 -0.000002
vn -0.284631 0.958637 0.000014
vn -0.284420 0.958700 -0.000018
vn -0.284510 0.958673 0.000006
vn -0.284514 0.958672 -0.000000
vn -0.284518 0.958671 -0.000005
vn -0.284509 0.958674 0.000006
vn -0.284519 0.958670 -0.000005
vn -0.284507 0.958674 0.000008
vn -0.284521 0.958670 -0.000007
vn -0.283927 0.958846 -0.000021
vn -0.284538 0.958665 0.000011
vn -0.284514 0.958672 0.000000
vn -0.284514 0.958672 0.000000
vn -0.284517 0.958671 -0.000003
vn -0.284505 0.958674 0.000009
vn -0.284521 0.958670 -0.000007
vn -0.284513 0.958672 0.000001
vn -0.284514 0.958672 -0.000000
vn -0.284511 0.958673 0.000003
vn -0.284522 0.958669 -0.000008
vn -0.284500 0.958676 0.000012
vn -0.284515 0.958672 -0.000000
vn -0.284514 0.958672 0.000000
vn -0.284515 0.958672 0.000000
vn -0.284529 0.958667 0.000000
vn -0.284517 0.958671 -0.000000
vn -0.284512 0.958672 -0.000000
vn -0.284498 0.958677 -0.000002
vn -0.284525 0.958669 0.000001
vn -0.284521 0.958670 0.000001
vn -0.284509 0.958674 -0.000001
vn -0.284502 0.958676 -0.000002
vn -0.284526 0.958668 0.000002
vn -0.284515 0.958672 0.000000
vn -0.284514 0.958672 -0.000000
vn -0.284504 0.958675 -0.000002
vn -0.284537 0.958665 0.000005
vn -0.284513 0.958672 -0.000001
vn -0.284487 0.958680 -0.000007
vn -0.284544 0.958663 0.000007
vn -0.284494 0.958678 -0.000006
vn -0.284514 0.958672 -0.000000
vn -0.284496 0.958677 -0.000005
vn -0.284517 0.958671 -0.000001
vn -0.284509 0.958673 0.000002
vn -0.284520 0.958670 -0.000002
vn -0.284531 0.958667 -0.000006
vn -0.284494 0.958678 0.000006
vn -0.284514 0.958672 -0.000000
vn -0.284501 0.958676 0.000004
vn -0.284517 0.958671 -0.000001
vn -0.284528 0.958668 -0.000004
vn -0.284538 0.958665 -0.000007
vn -0.284505 0.958675 0.000003
vn -0.284523 0.958669 -0.000003
vn -0.284514 0.958672 0.000000
vn -0.284514 0.958672 0.000000
vn -0.284505 0.958675 -0.000003
vn -0.284550 0.958661 0.000014
vn -0.284496 0.958677 0.000005
vn -0.284494 0.958678 0.000006
vn -0.284544 0.958663 -0.000007
vn -0.284487 0.958680 0.000007
vn -0.284513 0.958672 0.000001
vn -0.284537 0.958665 -0.000005
vn -0.284504 0.958675 0.000002
vn -0.284514 0.958672 0.000000
vn -0.284515 0.958671 -0.000000
vn -0.284526 0.958668 -0.000002
vn -0.284502 0.958676 0.000002
vn -0.284509 0.958673 0.000001
vn -0.284521 0.958670 -0.000001
vn -0.284525 0.958669 -0.000001
vn -0.284498 0.958677 0.000002
vn -0.284512 0.958672 0.000000
vn -0.284517 0.958671 0.000000
vn -0.284529 0.958667 -0.000000
vn -0.284515 0.958672 0.000000
vn -0.284514 0.958672 0.000000
vn -0.284508 0.958674 0.000005
vn -0.284522 0.958669 -0.000007
vn -0.284513 0.958672 0.000001
vn -0.284511 0.958673 0.000002
vn -0.284518 0.958671 -0.000003
vn -0.284521 0.958670 -0.000005
vn -0.284510 0.958673 0.000003
vn -0.284507 0.958674 0.000005
vn -0.284522 0.958669 -0.000006
vn -0.284510 0.958673 0.000002
vn -0.284509 0.958673 0.000003
vn -0.284524 0.958669 -0.000006
vn -0.284510 0.958673 0.000002
vn -0.284515 0.958672 -0.000001
vn -0.284515 0.958672 -0.000000
vn -0.284506 0.958674 0.000004
vn -0.284517 0.958671 -0.000001
vn -0.284512 0.958673 0.000001
vn -0.284524 0.958669 -0.000004
vn -0.284504 0.958675 0.000004
vn -0.284517 0.958671 -0.000001
vn -0.284521 0.958670 -0.000003
vn -0.284508 0.958674 0.000002
vn -0.284519 0.958670 -0.000002
vn -0.284501 0.958676 0.000004
vn -0.284531 0.958667 -0.000005
vn -0.284511 0.958673 0.000001
vn -0.284501 0.958676 0.000004
vn -0.284525 0.958669 -0.000003
vn -0.284521 0.958670 -0.000002
vn -0.284504 0.958675 0.000003
vn -0.284513 0.958672 0.000000
vn -0.284529 0.958667 -0.000004
vn -0.284514 0.958672 0.000000
vn -0.284523 0.958669 0.000003
vn -0.284505 0.958675 -0.000003
vn -0.284538 0.958665 0.000007
vn -0.284528 0.958668 0.000004
vn -0.284517 0.958671 0.000001
vn -0.284501 0.958676 -0.000004
vn -0.284515 0.958672 0.000000
vn -0.284500 0.958676 -0.000012
vn -0.284514 0.958672 0.000000
vn -0.284522 0.958669 0.000008
vn -0.284494 0.958678 -0.000006
vn -0.284531 0.958667 0.000006
vn -0.284511 0.958673 -0.000003
vn -0.284520 0.958670 0.000002
vn -0.284514 0.958672 0.000000
vn -0.284509 0.958673 -0.000002
vn -0.284513 0.958672 -0.000001
vn -0.284517 0.958671 0.000001
vn -0.284521 0.958670 0.000007
vn -0.284505 0.958674 -0.000009
vn -0.284517 0.958671 0.000003
vn -0.284521 0.958670 0.000007
vn -0.284507 0.958674 -0.000008
vn -0.284519 0.958670 0.000005
vn -0.284509 0.958673 -0.000006
vn -0.284518 0.958671 0.000005
vn -0.284514 0.958672 0.000000
vn -0.284510 0.958673 -0.000006
vn -0.284514 0.958672 0.000000
vn -0.284514 0.958672 -0.000000
vn -0.284524 0.958669 0.000008
vn -0.284508 0.958674 -0.000005
vn -0.284520 0.958670 0.000006
vn -0.284507 0.958674 -0.000007
vn -0.284511 0.958673 -0.000003
vn -0.284519 0.958670 0.000005
vn -0.284511 0.958673 -0.000004
vn -0.284523 0.958669 0.000009
vn -0.284510 0.958673 -0.000005
vn -0.284507 0.958674 -0.000009
vn -0.284522 0.958670 0.000009
vn -0.284511 0.958673 -0.000003
vn -0.284514 0.958672 -0.000000
vn -0.284477 0.958682 0.000837
vn -0.285004 0.958526 -0.000062
vn -0.284287 0.958739 0.000011
vn -0.284417 0.958700 0.000620
vn -0.284518 0.958671 -0.000018
vn -0.284453 0.958690 0.000374
vn -0.284715 0.958612 -0.000051
vn -0.284575 0.958654 -0.000011
vn -0.284451 0.958691 0.000018
vn -0.284416 0.958701 0.000338
vn -0.284517 0.958671 -0.000008
vn -0.284973 0.958536 -0.000177
vn -0.284494 0.958678 0.000002
vn -0.284491 0.958679 0.000002
vn -0.284670 0.958626 -0.000418
vn -0.284524 0.958669 -0.000050
vn -0.284506 0.958674 0.000030
vn -0.284354 0.958720 0.000101
vn -0.284404 0.958704 0.000197
vn -0.284511 0.958673 0.000011
vn -0.284422 0.958699 0.000066
vn -0.284655 0.958630 -0.000192
vn -0.284462 0.958687 0.000032
vn -0.284432 0.958696 0.000058
vn -0.284427 0.958698 0.000062
vn -0.284860 0.958569 -0.000409
vn -0.284514 0.958672 -0.000000
vn -0.284528 0.958668 -0.000006
vn -0.284581 0.958652 -0.000088
vn -0.284516 0.958671 -0.000005
vn -0.284595 0.958648 -0.000056
vn -0.951282 -0.308323 0.000000
vn -0.934729 -0.355362 0.000000
vn -0.951282 -0.308323 0.000000
vn -0.915854 -0.401512 0.000000
vn -0.934729 -0.355362 0.000000
vn -0.894703 -0.446662 0.000000
vn -0.915854 -0.401512 0.000000
vn -0.871326 -0.490704 0.000000
vn -0.894703 -0.446662 0.000000
vn -0.845780 -0.533531 0.000000
vn -0.871326 -0.490704 0.000000
vn -0.818137 -0.575024 0.000000
vn -0.845780 -0.533531 0.000000
vn -0.788458 -0.615088 0.000000
vn -0.818137 -0.575024 0.000000
vn -0.756821 -0.653622 0.000000
vn -0.788458 -0.615088 0.000000
vn -0.723294 -0.690540 0.000000
vn -0.756821 -0.653622 0.000000
vn -0.687979 -0.725731 0.000000
vn -0.723294 -0.690540 0.000000
vn -0.687979 -0.725731 0.000000
vn -0.650949 -0.759122 0.000000
vn -0.650949 -0.759122 0.000000
vn -0.612295 -0.790630 0.000000
vn -0.612295 -0.790630 0.000000
vn -0.572128 -0.820164 0.000000
vn -0.572128 -0.820164 0.000000
vn -0.530537 -0.847662 0.000000
vn -0.530537 -0.847662 0.000000
vn -0.487620 -0.873056 0.000000
vn -0.487620 -0.873056 0.000000
vn -0.443501 -0.896274 0.000000
vn -0.443501 -0.896274 0.000000
vn -0.398277 -0.917265 0.000000
vn -0.398277 -0.917265 0.000000
vn -0.352055 -0.935979 0.000000
vn -0.304962 -0.952365 0.000000
vn -0.352055 -0.935979 0.000000
vn -0.304962 -0.952365 0.000000
vn -0.257113 -0.966381 0.000000
vn -0.208618 -0.977997 0.000000
vn -0.257113 -0.966381 0.000000
vn -0.159611 -0.987180 0.000000
vn -0.208618 -0.977997 0.000000
vn -0.110211 -0.993908 0.000000
vn -0.159611 -0.987180 0.000000
vn -0.060535 -0.998166 0.000000
vn -0.110211 -0.993908 0.000000
vn -0.010690 -0.999943 0.000000
vn -0.060535 -0.998166 0.000000
vn 0.039156 -0.999233 0.000000
vn -0.010690 -0.999943 0.000000
vn 0.088906 -0.996040 0.000000
vn 0.039156 -0.999233 0.000000
vn 0.138455 -0.990369 0.000000
vn 0.088906 -0.996040 0.000000
vn 0.187652 -0.982236 0.000000
vn 0.138455 -0.990369 0.000000
vn 0.236372 -0.971663 0.000000
vn 0.187652 -0.982236 0.000000
vn 0.284517 -0.958671 0.000000
vn 0.236372 -0.971663 0.000000
vn 0.331941 -0.943300 0.000000
vn 0.284517 -0.958671 0.000000
vn 0.378556 -0.925579 0.000000
vn 0.331941 -0.943300 0.000000
vn 0.424216 -0.905561 0.000000
vn 0.378556 -0.925579 0.000000
vn 0.468832 -0.883287 0.000000
vn 0.424216 -0.905561 0.000000
vn 0.468832 -0.883287 0.000000
vn 0.512281 -0.858818 0.000000
vn 0.512281 -0.858818 0.000000
vn 0.554446 -0.832219 0.000000
vn 0.554446 -0.832219 0.000000
vn 0.595239 -0.803549 0.000000
vn 0.634554 -0.772879 0.000000
vn 0.595239 -0.803549 0.000000
vn 0.672287 -0.740290 0.000000
vn 0.634554 -0.772879 0.000000
vn 0.708358 -0.705853 0.000000
vn 0.672287 -0.740290 0.000000
vn 0.742660 -0.669669 0.000000
vn 0.708358 -0.705853 0.000000
vn 0.775115 -0.631820 0.000000
vn 0.742660 -0.669669 0.000000
vn 0.805643 -0.592401 0.000000
vn 0.775115 -0.631820 0.000000
vn 0.834175 -0.551500 0.000000
vn 0.805643 -0.592401 0.000000
vn 0.834175 -0.551500 0.000000
vn 0.884940 -0.465706 0.000000
vn 0.860625 -0.509239 0.000000
vn 0.860625 -0.509239 0.000000
vn 0.907053 -0.421017 0.000000
vn 0.884940 -0.465706 0.000000
vn 0.926912 -0.375278 0.000000
vn 0.907053 -0.421017 0.000000
vn 0.944465 -0.328611 0.000000
vn 0.926912 -0.375278 0.000000
vn 0.959671 -0.281125 0.000000
vn 0.944465 -0.328611 0.000000
vn 0.959671 -0.281125 0.000000
vn 0.972491 -0.232940 0.000000
vn 0.972491 -0.232940 0.000000
vn 0.982894 -0.184173 0.000000
vn 0.982894 -0.184173 0.000000
vn 0.990852 -0.134952 0.000000
vn 0.996347 -0.085395 0.000000
vn 0.990852 -0.134952 0.000000
vn 0.996347 -0.085395 0.000000
vn 0.999365 -0.035629 0.000000
vn 0.999365 -0.035629 0.000000
vn 0.999899 0.014233 0.000000
vn 0.997946 0.064058 -0.000000
vn 0.999899 0.014233 -0.000000
vn 0.997946 0.064058 -0.000000
vn 0.993513 0.113717 -0.000000
vn 0.986609 0.163101 -0.000000
vn 0.993513 0.113717 -0.000000
vn 0.977252 0.212079 -0.000000
vn 0.986609 0.163101 -0.000000
vn 0.965467 0.260525 -0.000000
vn 0.977252 0.212079 -0.000000
vn 0.965467 0.260525 -0.000000
vn 0.951281 0.308326 -0.000000
vn 0.951281 0.308326 -0.000000
vn 0.934729 0.355362 -0.000000
vn 0.934729 0.355362 -0.000000
vn 0.915856 0.401508 0.000000
vn 0.915856 0.401508 -0.000000
vn 0.894701 0.446665 0.000000
vn 0.894701 0.446665 -0.000000
vn 0.871326 0.490705 0.000000
vn 0.845783 0.533527 -0.000000
vn 0.871326 0.490705 -0.000000
vn 0.845783 0.533527 -0.000000
vn 0.818137 0.575023 0.000000
vn 0.788459 0.615088 -0.000000
vn 0.818137 0.575023 -0.000000
vn 0.788459 0.615088 -0.000000
vn 0.756816 0.653628 -0.000000
vn 0.756816 0.653628 -0.000000
vn 0.723299 0.690535 -0.000000
vn 0.723299 0.690535 -0.000000
vn 0.687974 0.725736 -0.000000
vn 0.687974 0.725736 -0.000000
vn 0.650948 0.759122 -0.000000
vn 0.650948 0.759122 -0.000000
vn 0.612302 0.790624 -0.000000
vn 0.612302 0.790624 -0.000000
vn 0.572127 0.820165 -0.000000
vn 0.572127 0.820165 -0.000000
vn 0.530530 0.847666 -0.000000
vn 0.530530 0.847666 -0.000000
vn 0.487628 0.873052 -0.000000
vn 0.487628 0.873052 -0.000000
vn 0.443501 0.896274 0.000000
vn 0.398268 0.917269 -0.000000
vn 0.443501 0.896274 -0.000000
vn 0.352055 0.935979 -0.000000
vn 0.398268 0.917269 -0.000000
vn 0.304962 0.952365 -0.000000
vn 0.352055 0.935979 -0.000000
vn 0.257113 0.966381 -0.000000
vn 0.304962 0.952365 -0.000000
vn 0.257113 0.966381 -0.000000
vn 0.208618 0.977997 -0.000000
vn 0.208618 0.977997 0.000000
vn 0.110201 0.993909 -0.000000
vn 0.159621 0.987178 -0.000000
vn 0.159621 0.987178 0.000000
vn 0.110201 0.993909 -0.000000
vn 0.060535 0.998166 0.000000
vn 0.010700 0.999943 -0.000000
vn 0.060535 0.998166 -0.000000
vn 0.010700 0.999943 -0.000000
vn -0.039156 0.999233 0.000000
vn -0.088917 0.996039 0.000000
vn -0.039156 0.999233 0.000000
vn -0.088917 0.996039 0.000000
vn -0.138455 0.990369 0.000000
vn -0.187652 0.982235 0.000000
vn -0.138455 0.990369 0.000000
vn -0.187652 0.982235 0.000000
vn -0.236372 0.971663 0.000000
vn -0.236372 0.971663 0.000000
vn -0.284517 0.958671 0.000000
vn -0.331941 0.943300 0.000000
vn -0.284517 0.958671 0.000000
vn -0.331941 0.943300 0.000000
vn -0.378556 0.925579 0.000000
vn -0.378556 0.925579 0.000000
vn -0.424216 0.905561 0.000000
vn -0.424216 0.905561 0.000000
vn -0.468833 0.883287 0.000000
vn -0.468833 0.883287 0.000000
vn -0.512273 0.858823 0.000000
vn -0.512273 0.858823 0.000000
vn -0.554446 0.832219 0.000000
vn -0.595246 0.803543 0.000000
vn -0.554446 0.832219 0.000000
vn -0.595246 0.803543 0.000000
vn -0.634554 0.772879 0.000000
vn -0.634554 0.772879 0.000000
vn -0.672288 0.740289 0.000000
vn -0.672288 0.740289 0.000000
vn -0.742655 0.669675 0.000000
vn -0.708358 0.705853 0.000000
vn -0.708358 0.705853 0.000000
vn -0.742655 0.669675 0.000000
vn -0.775119 0.631815 0.000000
vn -0.775119 0.631815 0.000000
vn -0.834172 0.551504 0.000000
vn -0.805644 0.592400 0.000000
vn -0.805644 0.592400 0.000000
vn -0.834172 0.551504 0.000000
vn -0.860627 0.509236 0.000000
vn -0.860627 0.509236 0.000000
vn -0.884940 0.465705 0.000000
vn -0.884940 0.465705 0.000000
vn -0.907053 0.421016 0.000000
vn -0.907053 0.421016 0.000000
vn -0.926912 0.375279 0.000000
vn -0.926912 0.375279 0.000000
vn -0.944466 0.328611 0.000000
vn -0.959671 0.281127 0.000000
vn -0.944466 0.328611 0.000000
vn -0.959671 0.281127 0.000000
vn -0.972492 0.232938 0.000000
vn -0.972492 0.232938 0.000000
vn -0.982893 0.184175 0.000000
vn -0.990852 0.134954 0.000000
vn -0.982893 0.184175 0.000000
vn -0.990852 0.134954 0.000000
vn -0.996347 0.085394 0.000000
vn -0.996347 0.085394 0.000000
vn -0.999365 0.035626 0.000000
vn -0.999365 0.035626 0.000000
vn -0.999899 -0.014233 0.000000
vn -0.999899 -0.014233 0.000000
vn -0.993513 -0.113719 0.000000
vn -0.997946 -0.064056 0.000000
vn -0.997946 -0.064056 0.000000
vn -0.986609 -0.163101 0.000000
vn -0.993513 -0.113719 0.000000
vn -0.977253 -0.212078 0.000000
vn -0.986609 -0.163101 0.000000
vn -0.977253 -0.212078 0.000000
vn -0.965466 -0.260527 0.000000
vn -0.965466 -0.260527 0.000000
vn -0.023545 -0.006988 0.999698
vn -0.023544 -0.006987 0.999698
vn -0.070485 -0.020919 0.997294
vn -0.070488 -0.020919 0.997293
vn -0.117425 -0.034849 0.992470
vn -0.117421 -0.034848 0.992471
vn -0.163770 -0.048603 0.985300
vn -0.210105 -0.062355 0.975688
vn -0.163770 -0.048603 0.985300
vn -0.210113 -0.062358 0.975686
vn -0.255713 -0.075891 0.963769
vn -0.255713 -0.075891 0.963769
vn -0.300723 -0.089248 0.949527
vn -0.300712 -0.089246 0.949530
vn -0.344976 -0.102382 0.933011
vn -0.388491 -0.115297 0.914211
vn -0.344988 -0.102385 0.933006
vn -0.388478 -0.115292 0.914217
vn -0.431086 -0.127937 0.893195
vn -0.431084 -0.127937 0.893196
vn -0.472528 -0.140236 0.870087
vn -0.472530 -0.140237 0.870086
vn -0.512791 -0.152186 0.844917
vn -0.512807 -0.152190 0.844907
vn -0.552085 -0.163847 0.817530
vn -0.552068 -0.163843 0.817543
vn -0.589794 -0.175040 0.788355
vn -0.589812 -0.175044 0.788341
vn -0.626195 -0.185842 0.757194
vn -0.626177 -0.185837 0.757210
vn -0.661021 -0.196177 0.724270
vn -0.694290 -0.206050 0.689569
vn -0.661021 -0.196177 0.724270
vn -0.694307 -0.206057 0.689549
vn -0.725967 -0.215452 0.653110
vn -0.755720 -0.224282 0.615292
vn -0.725949 -0.215448 0.653131
vn -0.783806 -0.232619 0.575793
vn -0.755737 -0.224288 0.615269
vn -0.783789 -0.232612 0.575818
vn -0.809935 -0.240371 0.535002
vn -0.834139 -0.247554 0.492879
vn -0.809933 -0.240371 0.535006
vn -0.856294 -0.254130 0.449643
vn -0.834141 -0.247555 0.492875
vn -0.876447 -0.260111 0.405196
vn -0.856294 -0.254130 0.449643
vn -0.876445 -0.260110 0.405201
vn -0.894436 -0.265450 0.359891
vn -0.894437 -0.265450 0.359886
vn -0.910286 -0.270155 0.313681
vn -0.910295 -0.270156 0.313653
vn -0.923939 -0.274206 0.266735
vn -0.923931 -0.274205 0.266765
vn -0.935380 -0.277601 0.219094
vn -0.935379 -0.277601 0.219099
vn -0.944563 -0.280326 0.170934
vn -0.944564 -0.280326 0.170928
vn -0.951462 -0.282374 0.122413
vn -0.956073 -0.283742 0.073580
vn -0.951462 -0.282374 0.122413
vn -0.958383 -0.284428 0.024563
vn -0.956073 -0.283742 0.073580
vn -0.958383 -0.284430 0.024527
vn 0.958672 0.284514 0.000000
vn 0.958672 0.284514 -0.000000
vn 0.958672 0.284514 0.000000
vn 0.958672 0.284514 0.000000
vn 0.958672 0.284514 -0.000000
vn 0.958672 0.284514 0.000000
vn -0.284195 -0.821819 0.493809
vn -0.307200 -0.828646 0.467947
vn -0.272564 -0.818021 0.506508
vn -0.275926 -0.815318 0.509040
vn -0.402177 -0.856832 0.322633
vn -0.416837 -0.861183 0.290878
vn -0.388732 -0.857950 0.335871
vn -0.359387 -0.843791 0.398569
vn 0.878926 -0.476631 0.017638
vn -0.318551 -0.831671 0.454806
vn -0.318556 -0.831670 0.454804
vn -0.322152 -0.829040 0.457068
vn -0.328916 -0.835092 0.440949
vn -0.349339 -0.841153 0.412825
vn -0.417852 -0.866594 0.272792
vn -0.429967 -0.865084 0.258376
vn -0.441533 -0.868516 0.225229
vn -0.394643 -0.854254 0.338387
vn -0.394646 -0.854254 0.338385
vn -0.359387 -0.843791 0.398570
vn -0.394645 -0.854253 0.338388
vn -0.359389 -0.843790 0.398569
vn -0.363189 -0.841218 0.400557
vn -0.368374 -0.846799 0.383707
vn -0.386011 -0.852034 0.353601
vn -0.451500 -0.871469 0.191544
vn -0.459841 -0.873945 0.157374
vn -0.440810 -0.873404 0.207007
vn -0.423985 -0.862961 0.274837
vn -0.423987 -0.862960 0.274835
vn 0.878929 -0.476626 0.017622
vn -0.423984 -0.862962 0.274837
vn -0.394645 -0.854254 0.338385
vn -0.398625 -0.851733 0.340072
vn -0.402174 -0.856834 0.322632
vn -0.416832 -0.861184 0.290884
vn -0.457372 -0.878321 0.139153
vn -0.466539 -0.875934 0.122802
vn -0.471577 -0.877429 0.087941
vn -0.447111 -0.869825 0.208556
vn -0.447114 -0.869824 0.208553
vn -0.423984 -0.862960 0.274841
vn -0.428109 -0.860483 0.276211
vn -0.447115 -0.869824 0.208553
vn -0.429972 -0.865085 0.258363
vn -0.441528 -0.868515 0.225245
vn -0.474944 -0.878427 0.052854
vn -0.476630 -0.878927 0.017628
vn -0.467377 -0.881288 0.069931
vn -0.463801 -0.874776 0.140195
vn -0.463798 -0.874777 0.140198
vn -0.451354 -0.867382 0.209588
vn -0.451499 -0.871471 0.191541
vn -0.459840 -0.873946 0.157368
vn -0.447113 -0.869826 0.208548
vn -0.476630 -0.878927 -0.017629
vn -0.474944 -0.878427 -0.052854
vn -0.470725 -0.882280 0.000000
vn -0.477247 -0.878769 0.000000
vn -0.473876 -0.877769 0.070454
vn -0.473879 -0.877767 0.070450
vn -0.463798 -0.874778 0.140196
vn -0.463796 -0.874779 0.140198
vn -0.468123 -0.872358 0.140895
vn -0.466539 -0.875934 0.122806
vn -0.471578 -0.877429 0.087934
vn -0.467377 -0.881288 -0.069930
vn -0.471578 -0.877429 -0.087941
vn -0.466540 -0.875934 -0.122802
vn -0.477247 -0.878769 0.000000
vn -0.473874 -0.877770 0.070454
vn -0.473877 -0.877768 0.070450
vn -0.478249 -0.875365 0.070805
vn -0.474943 -0.878427 0.052868
vn -0.476629 -0.878928 0.017628
vn -0.457373 -0.878320 -0.139155
vn -0.459840 -0.873946 -0.157370
vn -0.451498 -0.871470 -0.191543
vn -0.473878 -0.877768 -0.070453
vn -0.463800 -0.874777 -0.140197
vn -0.473877 -0.877768 -0.070451
vn -0.477247 -0.878769 0.000000
vn -0.477247 -0.878769 0.000000
vn -0.481639 -0.876369 0.000000
vn -0.476629 -0.878928 -0.017629
vn -0.474943 -0.878427 -0.052868
vn -0.441533 -0.868515 -0.225235
vn -0.429969 -0.865083 -0.258377
vn -0.440810 -0.873405 -0.207004
vn -0.463800 -0.874777 -0.140196
vn -0.473875 -0.877770 -0.070451
vn -0.478249 -0.875365 -0.070805
vn -0.473876 -0.877769 -0.070454
vn -0.471579 -0.877429 -0.087931
vn -0.466539 -0.875933 -0.122811
vn -0.417854 -0.866592 -0.272793
vn -0.416840 -0.861184 -0.290872
vn -0.402173 -0.856831 -0.322641
vn -0.447113 -0.869824 -0.208556
vn -0.447112 -0.869825 -0.208553
vn -0.459843 -0.873946 -0.157362
vn -0.451499 -0.871469 -0.191548
vn -0.463797 -0.874779 -0.140195
vn -0.463797 -0.874779 -0.140195
vn -0.468123 -0.872358 -0.140895
vn -0.386005 -0.852036 -0.353604
vn -0.368374 -0.846803 -0.383699
vn -0.388731 -0.857949 -0.335875
vn -0.423986 -0.862961 -0.274835
vn -0.423985 -0.862962 -0.274833
vn -0.441532 -0.868514 -0.225237
vn -0.429971 -0.865083 -0.258373
vn -0.451354 -0.867382 -0.209588
vn -0.447113 -0.869824 -0.208556
vn -0.447111 -0.869827 -0.208548
vn -0.423987 -0.862961 -0.274834
vn -0.353734 -0.847563 -0.395612
vn -0.349334 -0.841151 -0.412833
vn -0.328919 -0.835092 -0.440946
vn -0.394643 -0.854253 -0.338392
vn -0.394642 -0.854254 -0.338389
vn -0.359384 -0.843790 -0.398573
vn -0.416836 -0.861185 -0.290873
vn -0.402169 -0.856832 -0.322644
vn -0.428110 -0.860484 -0.276206
vn -0.423984 -0.862962 -0.274836
vn -0.307192 -0.828646 -0.467952
vn -0.284198 -0.821822 -0.493802
vn -0.313205 -0.835534 -0.451426
vn -0.359390 -0.843789 -0.398570
vn -0.386008 -0.852036 -0.353599
vn -0.368378 -0.846804 -0.383693
vn -0.398622 -0.851735 -0.340071
vn -0.394645 -0.854254 -0.338385
vn -0.394646 -0.854251 -0.338394
vn -0.267556 -0.821988 -0.502742
vn -0.260001 -0.814641 -0.518420
vn -0.234647 -0.807116 -0.541760
vn -0.318557 -0.831671 -0.454802
vn -0.318556 -0.831668 -0.454808
vn -0.349330 -0.841150 -0.412838
vn -0.328916 -0.835092 -0.440949
vn -0.363187 -0.841216 -0.400563
vn -0.359388 -0.843791 -0.398569
vn -0.359388 -0.843787 -0.398578
vn -0.217227 -0.807052 -0.549071
vn -0.208219 -0.799272 -0.563746
vn -0.180771 -0.791126 -0.584329
vn -0.272563 -0.818022 -0.506507
vn -0.272562 -0.818017 -0.506516
vn -0.221858 -0.802974 -0.553183
vn -0.307200 -0.828646 -0.467947
vn -0.284195 -0.821819 -0.493809
vn -0.322152 -0.829040 -0.457068
vn -0.318554 -0.831673 -0.454800
vn -0.318554 -0.831672 -0.454802
vn -0.272556 -0.818022 -0.506511
vn -0.162737 -0.790879 -0.589939
vn -0.152380 -0.782699 -0.603458
vn -0.123091 -0.774007 -0.621097
vn -0.221861 -0.802974 -0.553183
vn -0.260004 -0.814639 -0.518422
vn -0.234640 -0.807112 -0.541770
vn -0.275930 -0.815321 -0.509033
vn -0.272561 -0.818021 -0.506509
vn -0.104611 -0.773625 -0.624949
vn -0.093026 -0.765083 -0.637177
vn -0.062210 -0.755937 -0.651681
vn -0.166957 -0.786681 -0.594355
vn -0.108394 -0.769301 -0.629624
vn -0.166956 -0.786679 -0.594358
vn -0.224973 -0.800199 -0.555939
vn -0.208238 -0.799274 -0.563736
vn -0.180769 -0.791122 -0.584336
vn -0.221859 -0.802975 -0.553182
vn -0.221858 -0.802973 -0.553185
vn -0.043429 -0.755471 -0.653741
vn -0.030727 -0.746591 -0.664573
vn 0.001310 -0.737083 -0.675801
vn -0.046756 -0.751010 -0.658633
vn -0.108391 -0.769302 -0.629624
vn -0.152373 -0.782697 -0.603463
vn -0.123113 -0.774013 -0.621085
vn -0.166955 -0.786681 -0.594356
vn -0.169799 -0.783822 -0.597321
vn -0.166954 -0.786680 -0.594358
vn 0.020201 -0.736584 -0.676044
vn 0.033851 -0.727429 -0.685347
vn 0.066806 -0.717649 -0.693193
vn -0.046752 -0.751011 -0.658633
vn -0.093006 -0.765080 -0.637183
vn -0.062214 -0.755942 -0.651676
vn -0.110952 -0.766356 -0.632762
vn -0.108394 -0.769298 -0.629628
vn -0.108398 -0.769303 -0.629622
vn 0.085629 -0.717169 -0.691618
vn 0.100108 -0.707763 -0.699321
vn 0.133632 -0.697814 -0.703703
vn 0.017347 -0.731987 -0.681097
vn 0.017351 -0.731983 -0.681102
vn -0.046754 -0.751004 -0.658641
vn -0.030733 -0.746595 -0.664569
vn 0.001315 -0.737083 -0.675801
vn 0.017344 -0.731982 -0.681103
vn -0.048998 -0.747969 -0.661922
vn -0.046755 -0.751006 -0.658638
vn 0.152229 -0.697404 -0.700324
vn 0.167363 -0.687803 -0.706340
vn 0.201151 -0.677776 -0.707219
vn 0.083262 -0.712422 -0.696795
vn 0.083266 -0.712417 -0.696799
vn 0.150365 -0.692504 -0.705570
vn 0.015414 -0.728856 -0.684494
vn 0.033845 -0.727432 -0.685345
vn 0.066808 -0.717649 -0.693193
vn 0.017337 -0.731981 -0.681104
vn 0.268669 -0.657741 -0.703700
vn 0.219330 -0.677487 -0.702073
vn 0.234937 -0.667752 -0.706337
vn 0.150373 -0.692506 -0.705566
vn 0.083274 -0.712412 -0.696803
vn 0.083263 -0.712423 -0.696793
vn 0.081679 -0.709187 -0.700273
vn 0.100105 -0.707764 -0.699320
vn 0.133640 -0.697812 -0.703704
vn 0.150373 -0.692506 -0.705566
vn 0.302194 -0.647787 -0.699322
vn 0.335494 -0.637904 -0.693197
vn 0.286255 -0.657623 -0.696843
vn 0.285396 -0.652432 -0.702055
vn 0.217969 -0.672443 -0.707326
vn 0.217968 -0.672445 -0.707325
vn 0.167355 -0.687803 -0.706342
vn 0.201153 -0.677773 -0.707221
vn 0.150371 -0.692506 -0.705566
vn 0.217968 -0.672445 -0.707325
vn 0.149107 -0.689174 -0.709089
vn 0.368447 -0.628125 -0.685351
vn 0.400993 -0.618466 -0.675799
vn 0.352360 -0.638004 -0.684684
vn 0.285403 -0.652434 -0.702050
vn 0.351996 -0.632671 -0.689802
vn 0.234943 -0.667745 -0.706342
vn 0.268657 -0.657739 -0.703706
vn 0.217969 -0.672445 -0.707324
vn 0.285403 -0.652432 -0.702053
vn 0.217042 -0.669012 -0.710856
vn 0.433024 -0.608966 -0.664569
vn 0.464513 -0.599620 -0.651677
vn 0.416972 -0.618831 -0.665720
vn 0.351992 -0.632670 -0.689805
vn 0.284803 -0.648903 -0.705558
vn 0.302196 -0.647788 -0.699320
vn 0.335494 -0.637906 -0.693195
vn 0.285393 -0.652430 -0.702059
vn 0.495325 -0.590469 -0.637181
vn 0.525395 -0.581545 -0.621100
vn 0.479445 -0.600291 -0.640143
vn 0.417090 -0.613349 -0.670700
vn 0.417088 -0.613351 -0.670700
vn 0.351992 -0.632665 -0.689810
vn 0.351992 -0.632665 -0.689810
vn 0.368457 -0.628127 -0.685344
vn 0.400978 -0.618475 -0.675799
vn 0.351734 -0.629041 -0.693246
vn 0.554679 -0.572859 -0.603460
vn 0.583072 -0.564432 -0.584331
vn 0.539179 -0.582564 -0.608198
vn 0.480034 -0.594668 -0.644932
vn 0.480031 -0.594671 -0.644932
vn 0.433038 -0.608954 -0.664569
vn 0.464520 -0.599611 -0.651680
vn 0.417094 -0.613344 -0.670703
vn 0.417088 -0.613349 -0.670702
vn 0.417161 -0.609621 -0.674046
vn 0.610524 -0.556285 -0.563745
vn 0.636951 -0.548442 -0.541761
vn 0.595555 -0.565834 -0.570215
vn 0.540213 -0.576807 -0.612751
vn 0.540208 -0.576812 -0.612751
vn 0.540209 -0.576809 -0.612753
vn 0.495309 -0.590474 -0.637188
vn 0.525411 -0.581541 -0.621090
vn 0.480417 -0.590851 -0.648148
vn 0.480034 -0.594668 -0.644932
vn 0.480036 -0.594667 -0.644932
vn 0.662305 -0.540919 -0.518420
vn 0.686501 -0.533738 -0.493802
vn 0.648036 -0.550260 -0.526558
vn 0.597012 -0.559948 -0.574487
vn 0.597007 -0.559952 -0.574488
vn 0.540206 -0.576808 -0.612756
vn 0.554675 -0.572859 -0.603463
vn 0.583076 -0.564431 -0.584329
vn 0.540887 -0.572905 -0.615810
vn 0.709498 -0.526907 -0.467955
vn 0.731218 -0.520461 -0.440954
vn 0.696077 -0.535999 -0.477684
vn 0.649886 -0.544255 -0.530504
vn 0.649885 -0.544256 -0.530504
vn 0.610533 -0.556287 -0.563733
vn 0.636936 -0.548451 -0.541769
vn 0.597974 -0.555964 -0.577348
vn 0.597011 -0.559950 -0.574486
vn 0.597007 -0.559953 -0.574487
vn 0.751633 -0.514409 -0.412832
vn 0.770679 -0.508757 -0.383694
vn 0.739227 -0.523195 -0.424040
vn 0.698292 -0.529889 -0.481254
vn 0.698283 -0.529897 -0.481258
vn 0.662304 -0.540919 -0.518421
vn 0.686497 -0.533739 -0.493807
vn 0.649885 -0.544258 -0.530502
vn 0.651109 -0.540194 -0.533149
vn 0.649881 -0.544262 -0.530504
vn 0.777031 -0.511976 -0.366201
vn 0.788306 -0.503523 -0.353609
vn 0.804476 -0.498723 -0.322636
vn 0.741760 -0.516990 -0.427217
vn 0.741753 -0.516997 -0.427220
vn 0.741754 -0.516993 -0.427222
vn 0.698291 -0.529892 -0.481252
vn 0.709501 -0.526913 -0.467944
vn 0.731219 -0.520467 -0.440946
vn 0.698291 -0.529892 -0.481252
vn 0.699760 -0.525755 -0.483651
vn 0.819139 -0.494373 -0.290872
vn 0.832271 -0.490476 -0.258376
vn 0.809136 -0.502446 -0.304709
vn 0.779849 -0.505685 -0.368941
vn 0.779846 -0.505689 -0.368943
vn 0.779847 -0.505691 -0.368938
vn 0.743443 -0.512791 -0.429346
vn 0.751630 -0.514404 -0.412845
vn 0.770689 -0.508748 -0.383686
vn 0.741756 -0.516996 -0.427215
vn 0.835204 -0.494712 -0.240197
vn 0.843837 -0.487041 -0.225233
vn 0.853796 -0.484085 -0.191554
vn 0.838455 -0.488295 -0.241996
vn 0.812190 -0.496090 -0.306990
vn 0.812190 -0.496090 -0.306990
vn 0.779847 -0.505691 -0.368938
vn 0.781723 -0.501430 -0.370778
vn 0.788305 -0.503523 -0.353609
vn 0.804472 -0.498724 -0.322642
vn 0.854987 -0.488841 -0.173296
vn 0.862145 -0.481606 -0.157359
vn 0.868840 -0.479619 -0.122812
vn 0.838455 -0.488296 -0.241994
vn 0.812185 -0.496094 -0.306996
vn 0.814222 -0.491785 -0.308527
vn 0.819138 -0.494372 -0.290878
vn 0.832275 -0.490473 -0.258369
vn 0.812190 -0.496088 -0.306990
vn 0.873874 -0.478131 -0.087942
vn 0.877241 -0.477132 -0.052844
vn 0.874970 -0.482910 -0.035009
vn 0.868289 -0.484892 -0.104664
vn 0.858386 -0.482381 -0.174594
vn 0.858386 -0.482380 -0.174594
vn 0.838456 -0.488293 -0.241995
vn 0.838455 -0.488294 -0.241996
vn 0.840621 -0.483951 -0.243201
vn 0.843833 -0.487044 -0.225242
vn 0.853798 -0.484086 -0.191544
vn 0.878520 -0.476402 -0.035271
vn 0.878519 -0.476404 -0.035269
vn 0.871785 -0.478404 -0.105452
vn 0.871787 -0.478401 -0.105448
vn 0.858387 -0.482377 -0.174595
vn 0.858387 -0.482378 -0.174596
vn 0.860652 -0.478007 -0.175466
vn 0.862140 -0.481614 -0.157361
vn 0.868835 -0.479627 -0.122814
vn 0.878519 -0.476404 -0.035271
vn 0.878518 -0.476406 -0.035269
vn 0.873878 -0.478126 -0.087929
vn 0.877242 -0.477129 -0.052871
vn 0.871785 -0.478404 -0.105452
vn 0.871788 -0.478400 -0.105446
vn 0.874120 -0.474009 -0.105971
vn 0.880887 -0.471996 -0.035447
vn 0.878927 -0.476631 -0.017639
vn 0.878929 -0.476626 -0.017623
vn 0.877241 -0.477133 0.052844
vn 0.873874 -0.478132 0.087942
vn 0.874970 -0.482910 0.035009
vn 0.868840 -0.479619 0.122812
vn 0.862144 -0.481607 0.157363
vn 0.868288 -0.484893 0.104663
vn 0.878519 -0.476404 0.035268
vn 0.878519 -0.476404 0.035268
vn 0.878520 -0.476402 0.035271
vn 0.854988 -0.488839 0.173296
vn 0.853797 -0.484084 0.191554
vn 0.843840 -0.487039 0.225228
vn 0.871786 -0.478404 0.105447
vn 0.871787 -0.478400 0.105455
vn 0.877242 -0.477129 0.052871
vn 0.873878 -0.478127 0.087933
vn 0.878518 -0.476406 0.035271
vn 0.880888 -0.471996 0.035447
vn 0.832270 -0.490478 0.258375
vn 0.819135 -0.494376 0.290878
vn 0.835202 -0.494713 0.240200
vn 0.858386 -0.482382 0.174592
vn 0.858386 -0.482381 0.174594
vn 0.871786 -0.478404 0.105446
vn 0.868836 -0.479627 0.122810
vn 0.862139 -0.481614 0.157367
vn 0.871788 -0.478399 0.105455
vn 0.874120 -0.474010 0.105971
vn 0.804479 -0.498722 0.322628
vn 0.788306 -0.503523 0.353609
vn 0.809138 -0.502444 0.304706
vn 0.838455 -0.488296 0.241994
vn 0.838455 -0.488293 0.241999
vn 0.858388 -0.482377 0.174592
vn 0.858388 -0.482376 0.174597
vn 0.853800 -0.484086 0.191537
vn 0.843831 -0.487044 0.225251
vn 0.860651 -0.478008 0.175465
vn 0.770675 -0.508755 0.383704
vn 0.751635 -0.514405 0.412834
vn 0.777031 -0.511976 0.366201
vn 0.779846 -0.505689 0.368943
vn 0.812191 -0.496089 0.306986
vn 0.812191 -0.496087 0.306991
vn 0.840620 -0.483954 0.243200
vn 0.838456 -0.488293 0.241995
vn 0.832279 -0.490472 0.258360
vn 0.819133 -0.494373 0.290888
vn 0.838456 -0.488293 0.241996
vn 0.731223 -0.520463 0.440943
vn 0.709496 -0.526911 0.467953
vn 0.739224 -0.523194 0.424046
vn 0.779849 -0.505685 0.368941
vn 0.812188 -0.496093 0.306989
vn 0.812187 -0.496089 0.306998
vn 0.804478 -0.498723 0.322631
vn 0.788305 -0.503523 0.353609
vn 0.814221 -0.491788 0.308526
vn 0.686501 -0.533738 0.493802
vn 0.662296 -0.540921 0.518429
vn 0.696080 -0.536000 0.477678
vn 0.741756 -0.516992 0.427221
vn 0.741755 -0.516991 0.427223
vn 0.779847 -0.505691 0.368938
vn 0.770679 -0.508754 0.383697
vn 0.751638 -0.514405 0.412830
vn 0.779847 -0.505691 0.368938
vn 0.781723 -0.501430 0.370778
vn 0.648037 -0.550256 0.526561
vn 0.636961 -0.548438 0.541752
vn 0.610513 -0.556288 0.563753
vn 0.698290 -0.529890 0.481257
vn 0.698291 -0.529891 0.481253
vn 0.743443 -0.512791 0.429346
vn 0.731219 -0.520467 0.440946
vn 0.709501 -0.526913 0.467944
vn 0.741756 -0.516996 0.427215
vn 0.741754 -0.516993 0.427222
vn 0.583084 -0.564429 0.584323
vn 0.554666 -0.572863 0.603468
vn 0.595556 -0.565829 0.570219
vn 0.649884 -0.544261 0.530500
vn 0.649880 -0.544257 0.530510
vn 0.597010 -0.559953 0.574483
vn 0.686497 -0.533739 0.493807
vn 0.662304 -0.540919 0.518421
vn 0.698291 -0.529892 0.481252
vn 0.698291 -0.529892 0.481252
vn 0.699760 -0.525755 0.483651
vn 0.539173 -0.582564 0.608204
vn 0.525408 -0.581546 0.621089
vn 0.495324 -0.590474 0.637176
vn 0.597014 -0.559950 0.574483
vn 0.649875 -0.544261 0.530512
vn 0.649878 -0.544263 0.530506
vn 0.636937 -0.548446 0.541773
vn 0.610534 -0.556282 0.563736
vn 0.597014 -0.559951 0.574482
vn 0.651103 -0.540193 0.533157
vn 0.464499 -0.599620 0.651688
vn 0.433039 -0.608956 0.664567
vn 0.479453 -0.600291 0.640137
vn 0.540206 -0.576807 0.612756
vn 0.540209 -0.576809 0.612753
vn 0.480040 -0.594663 0.644932
vn 0.597019 -0.559947 0.574481
vn 0.583076 -0.564431 0.584329
vn 0.554675 -0.572859 0.603463
vn 0.597983 -0.555959 0.577344
vn 0.400993 -0.618472 0.675794
vn 0.368447 -0.628131 0.685346
vn 0.416963 -0.618836 0.665721
vn 0.480034 -0.594668 0.644932
vn 0.540887 -0.572905 0.615810
vn 0.525391 -0.581552 0.621097
vn 0.495330 -0.590474 0.637173
vn 0.540209 -0.576809 0.612753
vn 0.540206 -0.576808 0.612756
vn 0.335495 -0.637910 0.693192
vn 0.302194 -0.647792 0.699316
vn 0.352360 -0.638010 0.684679
vn 0.417088 -0.613349 0.670701
vn 0.417082 -0.613347 0.670707
vn 0.480417 -0.590851 0.648148
vn 0.464498 -0.599623 0.651685
vn 0.433038 -0.608960 0.664565
vn 0.480035 -0.594668 0.644931
vn 0.480034 -0.594667 0.644932
vn 0.286265 -0.657623 0.696839
vn 0.268651 -0.657741 0.703707
vn 0.234953 -0.667742 0.706341
vn 0.351992 -0.632665 0.689810
vn 0.351995 -0.632666 0.689807
vn 0.417084 -0.613350 0.670704
vn 0.417151 -0.609627 0.674047
vn 0.401001 -0.618463 0.675797
vn 0.368432 -0.628128 0.685356
vn 0.417088 -0.613351 0.670700
vn 0.201153 -0.677781 0.707214
vn 0.167348 -0.687813 0.706334
vn 0.219321 -0.677492 0.702070
vn 0.217960 -0.672446 0.707326
vn 0.285405 -0.652429 0.702054
vn 0.285403 -0.652429 0.702056
vn 0.351992 -0.632665 0.689810
vn 0.352003 -0.632667 0.689802
vn 0.335495 -0.637912 0.693190
vn 0.302196 -0.647794 0.699314
vn 0.351746 -0.629041 0.693241
vn 0.133649 -0.697809 0.703705
vn 0.100108 -0.707763 0.699321
vn 0.152237 -0.697399 0.700328
vn 0.217966 -0.672439 0.707330
vn 0.285393 -0.652430 0.702059
vn 0.284804 -0.648908 0.705553
vn 0.268658 -0.657744 0.703701
vn 0.234944 -0.667750 0.706336
vn 0.285403 -0.652432 0.702053
vn 0.085629 -0.717169 0.691618
vn 0.066806 -0.717649 0.693193
vn 0.033851 -0.727429 0.685347
vn 0.150361 -0.692503 0.705571
vn 0.150376 -0.692506 0.705565
vn 0.217968 -0.672445 0.707325
vn 0.217969 -0.672445 0.707324
vn 0.217043 -0.669017 0.710850
vn 0.201154 -0.677778 0.707215
vn 0.167357 -0.687809 0.706336
vn 0.020194 -0.736589 0.676039
vn 0.001313 -0.737088 0.675796
vn -0.030739 -0.746600 0.664563
vn 0.083273 -0.712421 0.696794
vn 0.083267 -0.712420 0.696796
vn 0.150371 -0.692506 0.705566
vn 0.149109 -0.689179 0.709083
vn 0.083271 -0.712416 0.696800
vn 0.150361 -0.692505 0.705570
vn 0.133642 -0.697817 0.703699
vn 0.100107 -0.707769 0.699315
vn -0.043429 -0.755471 0.653741
vn -0.062193 -0.755937 0.651684
vn -0.093023 -0.765087 0.637173
vn 0.017345 -0.731984 0.681101
vn -0.046758 -0.751007 0.658636
vn 0.017341 -0.731984 0.681101
vn 0.083266 -0.712421 0.696795
vn 0.066808 -0.717649 0.693193
vn 0.033870 -0.727425 0.685351
vn 0.081669 -0.709193 0.700268
vn -0.123107 -0.774007 0.621094
vn -0.152371 -0.782692 0.603470
vn -0.104602 -0.773625 0.624951
vn -0.046756 -0.751005 0.658640
vn 0.015423 -0.728850 0.684500
vn 0.001295 -0.737095 0.675788
vn 0.017344 -0.731982 0.681103
vn -0.030730 -0.746599 0.664564
vn 0.017350 -0.731983 0.681102
vn -0.180786 -0.791127 0.584324
vn -0.208211 -0.799266 0.563758
vn -0.162737 -0.790879 0.589939
vn -0.108387 -0.769299 0.629628
vn -0.108394 -0.769298 0.629628
vn -0.046753 -0.751009 0.658635
vn -0.049006 -0.747975 0.661916
vn -0.046763 -0.751008 0.658635
vn -0.108391 -0.769302 0.629624
vn -0.062195 -0.755931 0.651690
vn -0.093031 -0.765082 0.637177
vn -0.234661 -0.807116 0.541754
vn -0.259996 -0.814635 0.518432
vn -0.217227 -0.807052 0.549071
vn -0.166955 -0.786681 0.594357
vn -0.166959 -0.786680 0.594356
vn -0.108389 -0.769300 0.629627
vn -0.123094 -0.774007 0.621096
vn -0.152373 -0.782697 0.603463
vn -0.110941 -0.766355 0.632765
vn -0.267556 -0.821988 0.502742
vn -0.284198 -0.821822 0.493802
vn -0.307192 -0.828646 0.467952
vn -0.221861 -0.802974 0.553183
vn -0.221858 -0.802974 0.553183
vn -0.166955 -0.786680 0.594357
vn -0.166954 -0.786680 0.594357
vn -0.169799 -0.783822 0.597321
vn -0.180769 -0.791122 0.584336
vn -0.208238 -0.799274 0.563736
vn -0.328929 -0.835092 0.440940
vn -0.349337 -0.841148 0.412835
vn -0.313205 -0.835534 0.451426
vn -0.318553 -0.831670 0.454806
vn -0.272564 -0.818022 0.506507
vn -0.272563 -0.818022 0.506507
vn -0.224982 -0.800200 0.555935
vn -0.221864 -0.802976 0.553178
vn -0.234644 -0.807108 0.541773
vn -0.260008 -0.814636 0.518425
vn -0.221857 -0.802977 0.553179
vn -0.353737 -0.847561 0.395614
vn -0.368369 -0.846802 0.383707
vn -0.386005 -0.852036 0.353604
vn -0.359387 -0.843789 0.398575
vn -0.318553 -0.831670 0.454807
vn -0.272551 -0.818022 0.506513
vn -0.284514 0.958672 0.000000
vn -0.284514 0.958672 0.000000
vn 0.000000 0.000000 1.000000
vn 0.000000 0.000000 1.000000
vn 0.000000 0.000000 1.000000
vn 0.000000 0.000000 1.000000
vn 0.000000 0.000000 1.000000
vn 0.000000 0.000000 1.000000
vn 0.000000 0.000000 1.000000
vn 0.000000 0.000000 1.000000
vn 0.000000 0.000000 1.000000
vn 0.000000 0.000000 1.000000
vn 0.000000 0.000000 1.000000
vn 0.000000 0.000000 1.000000
vn 0.000000 0.000000 1.000000
vn 0.000000 0.000000 1.000000
vn 0.000000 0.000000 1.000000
vn 0.000000 0.000000 1.000000
vn 0.000000 0.000000 1.000000
vn 0.000000 0.000000 1.000000
vn 0.000000 0.000000 1.000000
vn 0.000000 0.000000 1.000000
vn 0.000000 0.000000 1.000000
vn 0.000000 0.000000 1.000000
vn 0.000000 0.000000 1.000000
vn 0.000000 0.000000 1.000000
vn 0.000000 0.000000 1.000000
vn 0.000000 0.000000 1.000000
vn 0.000000 0.000000 1.000000
vn 0.000000 0.000000 1.000000
vn 0.000000 0.000000 1.000000
vn 0.000000 0.000000 1.000000
vn 0.000000 0.000000 1.000000
vn 0.000000 0.000000 1.000000
vn 0.000000 0.000000 1.000000
vn 0.000000 0.000000 1.000000
vn 0.000000 0.000000 1.000000
vn 0.000000 0.000000 1.000000
vn 0.000000 0.000000 1.000000
vn 0.000000 0.000000 1.000000
vn 0.000000 0.000000 1.000000
vn 0.000000 0.000000 1.000000
vn 0.000000 0.000000 1.000000
vn 0.000000 0.000000 1.000000
vn 0.000000 0.000000 1.000000
vn 0.000000 0.000000 1.000000
vn 0.000000 0.000000 1.000000
vn 0.000000 0.000000 1.000000
vn 0.000000 0.000000 1.000000
vn 0.000000 0.000000 1.000000
vn 0.000000 0.000000 1.000000
vn 0.000000 0.000000 1.000000
vn 0.000000 0.000000 1.000000
vn 0.000000 0.000000 1.000000
vn 0.000000 0.000000 1.000000
vn 0.000000 0.000000 1.000000
vn 0.000000 0.000000 1.000000
vn 0.000000 0.000000 1.000000
vn 0.000000 0.000000 1.000000
vn 0.000000 0.000000 1.000000
vn 0.000000 0.000000 1.000000
vn 0.000000 0.000000 1.000000
vn 0.000000 0.000000 1.000000
vn 0.000000 0.000000 1.000000
vn 0.000000 0.000000 1.000000
vn 0.000000 0.000000 1.000000
vn 0.000000 0.000000 1.000000
vn 0.000000 0.000000 1.000000
vn 0.000000 0.000000 1.000000
vn 0.000000 0.000000 1.000000
vn 0.000000 0.000000 1.000000
vn 0.000000 0.000000 1.000000
vn 0.000000 0.000000 1.000000
vn 0.000000 0.000000 1.000000
vn 0.000000 0.000000 1.000000
vn 0.000000 0.000000 1.000000
vn 0.000000 0.000000 1.000000
vn 0.000000 0.000000 1.000000
vn 0.000000 0.000000 1.000000
vn 0.000000 0.000000 1.000000
vn 0.000000 0.000000 1.000000
vn 0.000000 0.000000 1.000000
vn 0.000000 0.000000 1.000000
vn 0.000000 0.000000 1.000000
vn 0.000000 0.000000 1.000000
vn 0.000000 0.000000 1.000000
vn 0.000000 0.000000 1.000000
vn 0.000000 0.000000 1.000000
vn 0.000000 0.000000 1.000000
vn 0.000000 0.000000 1.000000
vn 0.000000 0.000000 1.000000
vn 0.000000 0.000000 1.000000
vn 0.000000 0.000000 1.000000
vn 0.000000 0.000000 1.000000
vn 0.000000 0.000000 1.000000
vn 0.000000 0.000000 1.000000
vn 0.000000 0.000000 1.000000
vn 0.000000 0.000000 1.000000
vn 0.000000 0.000000 1.000000
vn 0.000000 0.000000 1.000000
vn 0.000000 0.000000 1.000000
vn 0.000000 0.000000 1.000000
vn 0.000000 0.000000 1.000000
vn 0.000000 0.000000 1.000000
vn 0.000000 0.000000 1.000000
vn 0.000000 0.000000 1.000000
vn 0.000000 0.000000 1.000000
vn 0.000000 0.000000 1.000000
vn 0.000000 0.000000 1.000000
vn 0.000000 0.000000 1.000000
vn 0.000000 0.000000 1.000000
vn 0.000000 0.000000 1.000000
vn 0.000000 0.000000 1.000000
vn 0.000000 0.000000 1.000000
vn 0.000000 0.000000 1.000000
vn 0.000000 0.000000 1.000000
vn 0.000000 0.000000 1.000000
vn 0.000000 0.000000 1.000000
vn 0.000000 0.000000 1.000000
vn 0.000000 0.000000 1.000000
vn 0.000000 0.000000 1.000000
vn 0.000000 0.000000 1.000000
vn 0.000000 0.000000 1.000000
vn 0.000000 0.000000 1.000000
vn 0.000000 0.000000 1.000000
vn 0.000000 0.000000 1.000000
vn 0.000000 0.000000 1.000000
vn 0.000000 0.000000 1.000000
vn 0.000000 0.000000 1.000000
vn 0.000000 0.000000 1.000000
vn 0.000000 0.000000 1.000000
vn 0.000000 0.000000 1.000000
vn 0.000000 0.000000 1.000000
vn 0.000000 0.000000 1.000000
vn 0.000000 0.000000 1.000000
vn 0.000000 0.000000 1.000000
vn -0.958672 -0.284515 -0.000000
vn -0.958672 -0.284515 0.000000
vn -0.000000 0.000000 -1.000000
vn 0.000000 0.000000 -1.000000
vn -0.000000 0.000000 -1.000000
vn -0.958672 -0.284514 0.000000
vn -0.958672 -0.284514 0.000000
vn -0.958374 -0.284426 -0.024939
vn -0.958374 -0.284425 -0.024929
vn -0.955992 -0.283718 -0.074728
vn -0.955991 -0.283718 -0.074728
vn -0.951234 -0.282306 -0.124329
vn -0.951232 -0.282307 -0.124339
vn -0.944106 -0.280192 -0.173657
vn -0.944106 -0.280192 -0.173657
vn -0.934634 -0.277381 -0.222528
vn -0.934634 -0.277381 -0.222528
vn -0.922838 -0.273880 -0.270852
vn -0.922841 -0.273879 -0.270841
vn -0.908760 -0.269700 -0.318462
vn -0.908757 -0.269700 -0.318470
vn -0.892399 -0.264846 -0.365351
vn -0.892402 -0.264846 -0.365343
vn -0.873835 -0.259336 -0.411287
vn -0.873831 -0.259335 -0.411297
vn -0.853105 -0.253183 -0.456190
vn -0.853100 -0.253183 -0.456200
vn -0.830219 -0.246392 -0.500027
vn -0.830225 -0.246393 -0.500018
vn -0.805311 -0.239000 -0.542543
vn -0.805311 -0.239000 -0.542543
vn -0.778391 -0.231010 -0.583731
vn -0.778387 -0.231010 -0.583737
vn -0.749514 -0.222441 -0.623498
vn -0.749518 -0.222441 -0.623492
vn -0.718784 -0.213320 -0.661698
vn -0.718780 -0.213319 -0.661703
vn -0.686282 -0.203675 -0.698237
vn -0.686286 -0.203675 -0.698232
vn -0.652086 -0.193526 -0.733030
vn -0.652084 -0.193525 -0.733031
vn -0.616229 -0.182884 -0.766038
vn -0.616233 -0.182885 -0.766036
vn -0.578837 -0.171787 -0.797143
vn -0.578834 -0.171786 -0.797145
vn -0.540038 -0.160272 -0.826240
vn -0.540038 -0.160272 -0.826240
vn -0.499851 -0.148345 -0.853313
vn -0.499855 -0.148346 -0.853310
vn -0.458536 -0.136084 -0.878194
vn -0.458533 -0.136083 -0.878197
vn -0.415938 -0.123442 -0.900976
vn -0.415941 -0.123442 -0.900975
vn -0.372369 -0.110511 -0.921482
vn -0.372370 -0.110511 -0.921481
vn -0.327918 -0.097319 -0.939680
vn -0.327917 -0.097319 -0.939681
vn -0.282528 -0.083848 -0.955587
vn -0.282526 -0.083848 -0.955588
vn -0.236604 -0.070219 -0.969065
vn -0.236604 -0.070219 -0.969065
vn -0.189962 -0.056377 -0.980171
vn -0.189962 -0.056377 -0.980171
vn -0.142874 -0.042402 -0.988832
vn -0.142874 -0.042402 -0.988832
vn -0.095420 -0.028319 -0.995034
vn -0.095420 -0.028319 -0.995034
vn -0.047820 -0.014192 -0.998755
vn -0.047821 -0.014192 -0.998755
vn -0.000000 0.000000 -1.000000
vn 0.000000 -0.000000 -1.000000
vn 0.047821 0.014192 -0.998755
vn 0.047820 0.014192 -0.998755
vn 0.095420 0.028319 -0.995034
vn 0.095420 0.028319 -0.995034
vn 0.142874 0.042402 -0.988832
vn 0.142874 0.042402 -0.988832
vn 0.189964 0.056377 -0.980171
vn 0.189961 0.056377 -0.980172
vn 0.236604 0.070220 -0.969065
vn 0.236604 0.070220 -0.969065
vn 0.282531 0.083849 -0.955586
vn 0.282526 0.083848 -0.955588
vn 0.327917 0.097319 -0.939681
vn 0.327918 0.097319 -0.939680
vn 0.372369 0.110511 -0.921482
vn 0.372369 0.110511 -0.921482
vn 0.415939 0.123442 -0.900976
vn 0.458533 0.136083 -0.878197
vn 0.415939 0.123442 -0.900976
vn 0.458533 0.136083 -0.878197
vn 0.499855 0.148346 -0.853310
vn 0.499855 0.148346 -0.853310
vn 0.540038 0.160272 -0.826240
vn 0.540038 0.160272 -0.826240
vn 0.578833 0.171785 -0.797146
vn 0.578833 0.171785 -0.797146
vn 0.616234 0.182885 -0.766035
vn 0.616234 0.182885 -0.766035
vn 0.652080 0.193525 -0.733035
vn 0.652089 0.193526 -0.733026
vn 0.686286 0.203675 -0.698232
vn 0.686277 0.203674 -0.698241
vn 0.718780 0.213320 -0.661703
vn 0.718789 0.213321 -0.661693
vn 0.749514 0.222441 -0.623498
vn 0.749514 0.222441 -0.623497
vn 0.778397 0.231011 -0.583723
vn 0.778387 0.231010 -0.583737
vn 0.805310 0.238999 -0.542545
vn 0.805312 0.238999 -0.542543
vn 0.830224 0.246393 -0.500018
vn 0.830224 0.246393 -0.500018
vn 0.853101 0.253182 -0.456200
vn 0.853100 0.253182 -0.456200
vn 0.873832 0.259335 -0.411295
vn 0.873832 0.259335 -0.411295
vn 0.892398 0.264847 -0.365351
vn 0.892405 0.264847 -0.365335
vn 0.908759 0.269701 -0.318462
vn 0.908754 0.269701 -0.318478
vn 0.922840 0.273879 -0.270844
vn 0.922840 0.273879 -0.270844
vn 0.934633 0.277381 -0.222534
vn 0.934637 0.277380 -0.222517
vn 0.944106 0.280192 -0.173657
vn 0.944105 0.280192 -0.173659
vn 0.951233 0.282306 -0.124332
vn 0.951231 0.282307 -0.124348
vn 0.955992 0.283718 -0.074719
vn 0.955992 0.283718 -0.074719
vn 0.958374 0.284425 -0.024939
vn 0.958374 0.284425 -0.024939
vn 0.958672 0.284514 0.000000
vn 0.958672 0.284514 0.000000
vn 0.000000 0.000000 1.000000
vn -0.000000 0.000000 1.000000
vn 0.000000 -0.000000 1.000000
vn 0.023862 0.007082 -0.999690
vn 0.023861 0.007081 -0.999690
vn 0.071683 0.021274 -0.997200
vn 0.071681 0.021273 -0.997201
vn 0.119209 0.035379 -0.992239
vn 0.119209 0.035379 -0.992239
vn 0.166443 0.049397 -0.984813
vn 0.166443 0.049397 -0.984813
vn 0.213331 0.063312 -0.974927
vn 0.213331 0.063312 -0.974926
vn 0.259639 0.077055 -0.962627
vn 0.259639 0.077055 -0.962627
vn 0.305313 0.090610 -0.947931
vn 0.305312 0.090610 -0.947932
vn 0.350238 0.103943 -0.930876
vn 0.350247 0.103947 -0.930872
vn 0.394300 0.117021 -0.911501
vn 0.394290 0.117017 -0.911505
vn 0.437372 0.129803 -0.889863
vn 0.479326 0.142254 -0.866031
vn 0.437374 0.129803 -0.889863
vn 0.520115 0.154359 -0.840032
vn 0.479326 0.142254 -0.866031
vn 0.559623 0.166084 -0.811935
vn 0.520115 0.154359 -0.840032
vn 0.597738 0.177396 -0.781818
vn 0.559621 0.166084 -0.811936
vn 0.634331 0.188256 -0.749789
vn 0.597738 0.177396 -0.781818
vn 0.669383 0.198660 -0.715864
vn 0.634343 0.188261 -0.749778
vn 0.702746 0.208561 -0.680183
vn 0.669383 0.198660 -0.715864
vn 0.702735 0.208557 -0.680197
vn 0.734388 0.217951 -0.642784
vn 0.734375 0.217948 -0.642801
vn 0.764195 0.226799 -0.603795
vn 0.764194 0.226798 -0.603797
vn 0.792102 0.235081 -0.563304
vn 0.792093 0.235077 -0.563318
vn 0.818025 0.242773 -0.521436
vn 0.818035 0.242777 -0.521419
vn 0.841924 0.249867 -0.478258
vn 0.841915 0.249863 -0.478276
vn 0.863733 0.256338 -0.433885
vn 0.863732 0.256337 -0.433888
vn 0.883395 0.262173 -0.388432
vn 0.883396 0.262173 -0.388429
vn 0.900860 0.267356 -0.342012
vn 0.900860 0.267356 -0.342012
vn 0.916076 0.271872 -0.294772
vn 0.916082 0.271876 -0.294749
vn 0.929027 0.275717 -0.246755
vn 0.929027 0.275718 -0.246755
vn 0.939661 0.278873 -0.198158
vn 0.939661 0.278873 -0.198158
vn 0.947967 0.281339 -0.149019
vn 0.947964 0.281336 -0.149043
vn 0.953908 0.283100 -0.099566
vn 0.953908 0.283099 -0.099569
vn 0.957480 0.284160 -0.049856
vn 0.957480 0.284160 -0.049852
vn 0.958672 0.284514 0.000000
vn 0.958672 0.284514 0.000000
vn 0.957480 0.284160 0.049850
vn 0.957480 0.284160 0.049853
vn 0.953908 0.283100 0.099566
vn 0.953908 0.283100 0.099569
vn 0.947963 0.281335 0.149051
vn 0.947966 0.281338 0.149027
vn 0.939661 0.278873 0.198158
vn 0.929027 0.275717 0.246755
vn 0.939661 0.278873 0.198158
vn 0.929027 0.275717 0.246755
vn 0.916080 0.271873 0.294757
vn 0.916086 0.271877 0.294735
vn 0.900860 0.267356 0.342012
vn 0.883387 0.262171 0.388450
vn 0.900860 0.267356 0.342012
vn 0.883389 0.262171 0.388447
vn 0.863733 0.256338 0.433885
vn 0.841936 0.249869 0.478236
vn 0.863732 0.256337 0.433888
vn 0.841925 0.249867 0.478255
vn 0.818022 0.242773 0.521441
vn 0.818012 0.242769 0.521459
vn 0.792093 0.235077 0.563318
vn 0.792102 0.235081 0.563304
vn 0.764195 0.226799 0.603795
vn 0.764194 0.226798 0.603797
vn 0.734375 0.217947 0.642801
vn 0.734388 0.217952 0.642784
vn 0.702769 0.208568 0.680158
vn 0.669358 0.198652 0.715889
vn 0.702758 0.208563 0.680171
vn 0.669358 0.198652 0.715889
vn 0.634359 0.188264 0.749764
vn 0.597708 0.177387 0.781843
vn 0.634370 0.188269 0.749753
vn 0.597708 0.177387 0.781843
vn 0.559623 0.166084 0.811935
vn 0.520115 0.154359 0.840032
vn 0.559621 0.166084 0.811936
vn 0.479326 0.142254 0.866031
vn 0.520115 0.154359 0.840032
vn 0.479326 0.142254 0.866031
vn 0.437372 0.129803 0.889863
vn 0.437374 0.129803 0.889863
vn 0.394300 0.117021 0.911501
vn 0.350238 0.103944 0.930876
vn 0.394290 0.117017 0.911505
vn 0.305313 0.090610 0.947931
vn 0.350247 0.103946 0.930872
vn 0.305312 0.090610 0.947932
vn 0.259639 0.077055 0.962627
vn 0.213331 0.063312 0.974927
vn 0.259639 0.077055 0.962627
vn 0.213331 0.063312 0.974926
vn 0.166490 0.049411 0.984804
vn 0.119209 0.035379 0.992239
vn 0.166490 0.049411 0.984804
vn 0.071635 0.021260 0.997204
vn 0.119209 0.035379 0.992239
vn 0.071633 0.021259 0.997204
vn 0.023910 0.007096 0.999689
vn 0.023910 0.007096 0.999689
vn -0.958672 -0.284514 0.000000
vn -0.958672 -0.284514 0.000000
vn 0.958672 0.284514 0.000000
vn 0.958672 0.284514 0.000000
vn 0.958374 0.284425 0.024940
vn 0.958374 0.284425 0.024940
vn 0.955992 0.283718 0.074716
vn 0.955992 0.283718 0.074716
vn 0.951231 0.282305 0.124352
vn 0.951232 0.282307 0.124337
vn 0.944105 0.280192 0.173659
vn 0.944106 0.280192 0.173657
vn 0.934638 0.277383 0.222509
vn 0.934635 0.277380 0.222526
vn 0.922840 0.273879 0.270844
vn 0.922840 0.273879 0.270844
vn 0.908750 0.269698 0.318490
vn 0.908755 0.269701 0.318473
vn 0.892404 0.264849 0.365335
vn 0.892399 0.264845 0.365351
vn 0.873838 0.259337 0.411280
vn 0.873838 0.259337 0.411280
vn 0.853085 0.253178 0.456231
vn 0.853085 0.253178 0.456231
vn 0.830243 0.246399 0.499985
vn 0.830243 0.246399 0.499985
vn 0.805310 0.238999 0.542545
vn 0.805311 0.238999 0.542543
vn 0.778384 0.231009 0.583741
vn 0.778375 0.231005 0.583755
vn 0.749514 0.222441 0.623497
vn 0.749514 0.222441 0.623497
vn 0.718796 0.213323 0.661684
vn 0.718804 0.213327 0.661674
vn 0.686286 0.203676 0.698232
vn 0.686277 0.203673 0.698241
vn 0.652060 0.193518 0.733054
vn 0.616212 0.182879 0.766053
vn 0.652069 0.193522 0.733046
vn 0.616212 0.182879 0.766053
vn 0.578856 0.171792 0.797128
vn 0.578856 0.171792 0.797128
vn 0.540038 0.160272 0.826240
vn 0.540038 0.160272 0.826240
vn 0.499881 0.148354 0.853293
vn 0.499881 0.148354 0.853293
vn 0.458504 0.136074 0.878213
vn 0.458504 0.136074 0.878213
vn 0.415939 0.123442 0.900976
vn 0.415939 0.123442 0.900976
vn 0.372369 0.110511 0.921482
vn 0.372369 0.110511 0.921482
vn 0.327885 0.097309 0.939693
vn 0.327884 0.097309 0.939693
vn 0.282593 0.083867 0.955567
vn 0.282598 0.083870 0.955565
vn 0.236570 0.070209 0.969074
vn 0.236570 0.070209 0.969074
vn 0.189925 0.056366 0.980179
vn 0.189929 0.056367 0.980178
vn 0.142910 0.042413 0.988826
vn 0.142910 0.042413 0.988827
vn 0.095457 0.028330 0.995030
vn 0.095457 0.028330 0.995030
vn 0.047784 0.014181 0.998757
vn 0.047784 0.014181 0.998757
vn 0.000000 -0.000000 1.000000
vn -0.000000 0.000000 1.000000
vn -0.047784 -0.014181 0.998757
vn -0.047784 -0.014181 0.998757
vn -0.095457 -0.028330 0.995030
vn -0.095457 -0.028330 0.995030
vn -0.142910 -0.042413 0.988826
vn -0.142910 -0.042413 0.988826
vn -0.189927 -0.056367 0.980179
vn -0.189927 -0.056367 0.980179
vn -0.236570 -0.070209 0.969075
vn -0.236570 -0.070209 0.969075
vn -0.282593 -0.083868 0.955567
vn -0.327884 -0.097309 0.939693
vn -0.282595 -0.083869 0.955566
vn -0.327885 -0.097309 0.939693
vn -0.372370 -0.110512 0.921481
vn -0.372369 -0.110511 0.921482
vn -0.415941 -0.123443 0.900975
vn -0.415939 -0.123442 0.900976
vn -0.458504 -0.136074 0.878213
vn -0.499881 -0.148354 0.853293
vn -0.458508 -0.136076 0.878211
vn -0.499877 -0.148353 0.853296
vn -0.540038 -0.160272 0.826240
vn -0.540038 -0.160272 0.826240
vn -0.578858 -0.171793 0.797127
vn -0.578861 -0.171794 0.797124
vn -0.616211 -0.182879 0.766054
vn -0.652066 -0.193520 0.733048
vn -0.616208 -0.182877 0.766057
vn -0.652065 -0.193520 0.733050
vn -0.686282 -0.203674 0.698237
vn -0.686286 -0.203676 0.698232
vn -0.718800 -0.213325 0.661679
vn -0.718796 -0.213323 0.661684
vn -0.749514 -0.222440 0.623497
vn -0.778379 -0.231006 0.583749
vn -0.749518 -0.222442 0.623492
vn -0.778374 -0.231006 0.583755
vn -0.805311 -0.239000 0.542543
vn -0.805311 -0.239000 0.542543
vn -0.830238 -0.246397 0.499994
vn -0.830243 -0.246399 0.499985
vn -0.853090 -0.253180 0.456222
vn -0.873837 -0.259337 0.411282
vn -0.853085 -0.253177 0.456231
vn -0.892402 -0.264846 0.365343
vn -0.873841 -0.259337 0.411273
vn -0.892399 -0.264846 0.365351
vn -0.908753 -0.269698 0.318481
vn -0.908756 -0.269700 0.318473
vn -0.922841 -0.273880 0.270841
vn -0.934636 -0.277381 0.222520
vn -0.922838 -0.273879 0.270852
vn -0.944106 -0.280192 0.173657
vn -0.934636 -0.277381 0.222520
vn -0.944106 -0.280192 0.173657
vn -0.951232 -0.282306 0.124343
vn -0.951233 -0.282307 0.124334
vn -0.955992 -0.283718 0.074725
vn -0.958374 -0.284425 0.024930
vn -0.955992 -0.283718 0.074725
vn -0.958374 -0.284426 0.024940
vn 0.958672 0.284514 -0.000000
vn 0.958672 0.284514 0.000000
vn 0.958383 0.284429 0.024536
vn 0.958383 0.284429 0.024536
vn 0.956074 0.283743 0.073565
vn 0.956074 0.283743 0.073565
vn 0.951462 0.282374 0.122413
vn 0.951463 0.282375 0.122404
vn 0.944560 0.280326 0.170952
vn 0.944558 0.280325 0.170961
vn 0.935376 0.277600 0.219111
vn 0.935376 0.277600 0.219111
vn 0.923941 0.274206 0.266729
vn 0.923946 0.274208 0.266708
vn 0.910296 0.270157 0.313651
vn 0.910289 0.270155 0.313671
vn 0.894430 0.265449 0.359906
vn 0.894430 0.265449 0.359906
vn 0.876434 0.260108 0.405226
vn 0.876434 0.260108 0.405226
vn 0.856293 0.254130 0.449643
vn 0.856297 0.254132 0.449636
vn 0.834154 0.247560 0.492850
vn 0.834150 0.247559 0.492857
vn 0.809920 0.240367 0.535027
vn 0.809929 0.240370 0.535011
vn 0.783806 0.232617 0.575793
vn 0.783806 0.232617 0.575793
vn 0.755727 0.224284 0.615283
vn 0.755717 0.224281 0.615297
vn 0.725958 0.215449 0.653120
vn 0.725963 0.215451 0.653115
vn 0.694292 0.206052 0.689566
vn 0.694288 0.206050 0.689571
vn 0.661048 0.196186 0.724242
vn 0.661048 0.196186 0.724242
vn 0.626170 0.185835 0.757216
vn 0.626170 0.185835 0.757216
vn 0.589803 0.175042 0.788348
vn 0.552077 0.163845 0.817537
vn 0.589803 0.175042 0.788348
vn 0.552077 0.163845 0.817537
vn 0.512796 0.152188 0.844914
vn 0.512796 0.152188 0.844913
vn 0.472526 0.140236 0.870088
vn 0.472526 0.140236 0.870088
vn 0.431091 0.127939 0.893192
vn 0.431091 0.127939 0.893192
vn 0.388486 0.115295 0.914213
vn 0.344983 0.102384 0.933008
vn 0.388486 0.115295 0.914213
vn 0.344983 0.102384 0.933008
vn 0.300715 0.089246 0.949529
vn 0.300716 0.089246 0.949529
vn 0.255708 0.075889 0.963771
vn 0.255708 0.075889 0.963771
vn 0.210110 0.062356 0.975687
vn 0.163771 0.048604 0.985300
vn 0.210109 0.062356 0.975687
vn 0.163772 0.048604 0.985300
vn 0.117423 0.034849 0.992470
vn 0.070485 0.020919 0.997293
vn 0.117423 0.034849 0.992470
vn 0.070485 0.020918 0.997294
vn 0.023545 0.006988 0.999698
vn 0.023545 0.006988 0.999698
vn 0.958672 0.284514 0.000000
vn 0.958672 0.284514 0.000000
vn 0.958672 0.284514 0.000000
vn 0.958672 0.284514 -0.000000
vn 0.958672 0.284514 0.000000
vn 0.958672 0.284514 0.000000
vn 0.000000 0.000000 1.000000
vn 0.000000 0.000000 1.000000
vn 0.000000 0.000000 1.000000
vn 0.000000 0.000000 1.000000
vn 0.000000 0.000000 1.000000
vn 0.000000 0.000000 1.000000
vn 0.000000 0.000000 1.000000
vn 0.000000 0.000000 1.000000
vn 0.000000 0.000000 1.000000
vn 0.000000 0.000000 1.000000
vn 0.000000 0.000000 1.000000
vn 0.000000 0.000000 1.000000
vn 0.000000 0.000000 1.000000
vn 0.000000 0.000000 1.000000
vn 0.000000 0.000000 1.000000
vn 0.000000 0.000000 1.000000
vn 0.000000 0.000000 1.000000
vn 0.000000 0.000000 1.000000
vn 0.000000 0.000000 1.000000
vn 0.000000 0.000000 1.000000
vn 0.000000 0.000000 1.000000
vn 0.000000 0.000000 1.000000
vn 0.000000 0.000000 1.000000
vn 0.000000 0.000000 1.000000
vn 0.000000 0.000000 1.000000
vn 0.000000 0.000000 1.000000
vn 0.000000 0.000000 1.000000
vn 0.000000 0.000000 1.000000
vn 0.000000 0.000000 1.000000
vn 0.000000 0.000000 1.000000
vn 0.000000 0.000000 1.000000
vn 0.000000 0.000000 1.000000
vn 0.000000 0.000000 1.000000
vn 0.000000 0.000000 1.000000
vn 0.000000 0.000000 1.000000
vn 0.000000 0.000000 1.000000
vn 0.000000 0.000000 1.000000
vn 0.000000 0.000000 1.000000
vn -0.958672 -0.284513 -0.000000
vn -0.958672 -0.284513 0.000000
vn -0.958383 -0.284427 0.024564
vn -0.958383 -0.284427 0.024564
vn -0.956074 -0.283742 0.073575
vn -0.956073 -0.283742 0.073580
vn -0.951466 -0.282377 0.122376
vn -0.951462 -0.282374 0.122413
vn -0.944557 -0.280324 0.170970
vn -0.944562 -0.280328 0.170933
vn -0.935380 -0.277601 0.219094
vn -0.935380 -0.277601 0.219094
vn -0.923939 -0.274205 0.266736
vn -0.923940 -0.274206 0.266730
vn -0.910298 -0.270159 0.313643
vn -0.910285 -0.270153 0.313686
vn -0.894435 -0.265451 0.359891
vn -0.894437 -0.265452 0.359886
vn -0.876444 -0.260112 0.405201
vn -0.876431 -0.260106 0.405232
vn -0.856308 -0.254136 0.449614
vn -0.856294 -0.254130 0.449643
vn -0.834138 -0.247555 0.492879
vn -0.834153 -0.247561 0.492851
vn -0.809932 -0.240372 0.535006
vn -0.809919 -0.240367 0.535028
vn -0.783789 -0.232612 0.575818
vn -0.783806 -0.232618 0.575793
vn -0.755739 -0.224289 0.615266
vn -0.755720 -0.224282 0.615293
vn -0.725950 -0.215447 0.653131
vn -0.725967 -0.215453 0.653110
vn -0.694287 -0.206049 0.689572
vn -0.694290 -0.206050 0.689569
vn -0.661043 -0.196185 0.724247
vn -0.661021 -0.196177 0.724270
vn -0.626175 -0.185836 0.757212
vn -0.626195 -0.185843 0.757194
vn -0.589795 -0.175039 0.788355
vn -0.589795 -0.175039 0.788355
vn -0.552085 -0.163847 0.817530
vn -0.552085 -0.163847 0.817530
vn -0.512788 -0.152185 0.844919
vn -0.472545 -0.140241 0.870077
vn -0.512791 -0.152185 0.844917
vn -0.472527 -0.140237 0.870087
vn -0.431083 -0.127937 0.893196
vn -0.431086 -0.127938 0.893195
vn -0.388480 -0.115293 0.914216
vn -0.344976 -0.102382 0.933011
vn -0.388491 -0.115297 0.914211
vn -0.300723 -0.089248 0.949527
vn -0.344976 -0.102382 0.933011
vn -0.300723 -0.089248 0.949527
vn -0.255713 -0.075890 0.963769
vn -0.255713 -0.075890 0.963769
vn -0.210112 -0.062357 0.975687
vn -0.210106 -0.062355 0.975688
vn -0.163770 -0.048604 0.985300
vn -0.163770 -0.048604 0.985300
vn -0.117421 -0.034848 0.992471
vn -0.117425 -0.034849 0.992470
vn -0.070487 -0.020919 0.997293
vn -0.070485 -0.020918 0.997294
vn -0.023544 -0.006987 0.999698
vn -0.023545 -0.006988 0.999698
vn -0.000000 0.000000 1.000000
vn 0.000000 -0.000000 1.000000
vn 0.000000 0.000000 1.000000
vn -0.958672 -0.284514 0.000000
vn -0.958672 -0.284514 0.000000
vn 0.000000 0.000000 -1.000000
vn 0.000000 0.000000 -1.000000
vn -0.000000 0.000000 -1.000000
vn 0.958373 0.284427 0.024940
vn 0.958374 0.284425 0.024921
vn 0.955991 0.283718 0.074732
vn 0.955991 0.283718 0.074732
vn 0.951233 0.282306 0.124337
vn 0.951233 0.282306 0.124337
vn 0.944106 0.280191 0.173657
vn 0.944106 0.280191 0.173657
vn 0.934635 0.277380 0.222526
vn 0.934638 0.277383 0.222509
vn 0.922840 0.273881 0.270844
vn 0.922835 0.273878 0.270861
vn 0.908757 0.269700 0.318471
vn 0.908755 0.269699 0.318476
vn 0.892398 0.264844 0.365353
vn 0.892400 0.264845 0.365349
vn 0.873838 0.259337 0.411280
vn 0.873844 0.259340 0.411265
vn 0.853084 0.253177 0.456233
vn 0.853093 0.253182 0.456214
vn 0.830243 0.246400 0.499983
vn 0.830234 0.246395 0.500000
vn 0.805310 0.239001 0.542545
vn 0.805310 0.239001 0.542545
vn 0.778376 0.231006 0.583753
vn 0.778384 0.231009 0.583741
vn 0.749513 0.222440 0.623499
vn 0.749513 0.222440 0.623499
vn 0.718796 0.213323 0.661684
vn 0.718796 0.213323 0.661684
vn 0.686287 0.203676 0.698231
vn 0.686287 0.203676 0.698231
vn 0.652068 0.193521 0.733047
vn 0.652062 0.193518 0.733053
vn 0.616210 0.182879 0.766056
vn 0.616204 0.182876 0.766061
vn 0.578859 0.171793 0.797126
vn 0.578865 0.171796 0.797121
vn 0.540036 0.160272 0.826241
vn 0.540039 0.160273 0.826239
vn 0.499881 0.148355 0.853293
vn 0.499874 0.148352 0.853298
vn 0.458504 0.136074 0.878213
vn 0.458512 0.136077 0.878208
vn 0.415938 0.123443 0.900976
vn 0.415938 0.123443 0.900976
vn 0.372376 0.110514 0.921479
vn 0.372368 0.110511 0.921482
vn 0.327884 0.097309 0.939693
vn 0.327885 0.097309 0.939693
vn 0.282593 0.083868 0.955566
vn 0.282593 0.083868 0.955566
vn 0.236569 0.070209 0.969075
vn 0.236569 0.070209 0.969075
vn 0.189926 0.056366 0.980179
vn 0.189929 0.056367 0.980178
vn 0.142910 0.042413 0.988826
vn 0.142910 0.042413 0.988826
vn 0.095456 0.028330 0.995030
vn 0.095456 0.028330 0.995030
vn 0.047784 0.014181 0.998757
vn 0.047783 0.014181 0.998757
vn 0.000000 -0.000000 1.000000
vn -0.000000 0.000000 1.000000
vn -0.047784 -0.014181 0.998757
vn -0.047783 -0.014181 0.998757
vn -0.095457 -0.028330 0.995030
vn -0.095456 -0.028330 0.995030
vn -0.142912 -0.042413 0.988826
vn -0.142910 -0.042413 0.988826
vn -0.189926 -0.056366 0.980179
vn -0.189926 -0.056366 0.980179
vn -0.236569 -0.070209 0.969075
vn -0.236569 -0.070209 0.969075
vn -0.282598 -0.083870 0.955565
vn -0.282593 -0.083868 0.955566
vn -0.327885 -0.097310 0.939693
vn -0.327885 -0.097310 0.939693
vn -0.372368 -0.110512 0.921482
vn -0.372368 -0.110512 0.921482
vn -0.415938 -0.123442 0.900976
vn -0.415942 -0.123444 0.900974
vn -0.458504 -0.136075 0.878213
vn -0.458504 -0.136075 0.878213
vn -0.499881 -0.148355 0.853293
vn -0.499881 -0.148355 0.853293
vn -0.540039 -0.160273 0.826239
vn -0.540039 -0.160273 0.826239
vn -0.578856 -0.171793 0.797128
vn -0.578856 -0.171793 0.797128
vn -0.616212 -0.182879 0.766053
vn -0.616212 -0.182879 0.766053
vn -0.652063 -0.193519 0.733051
vn -0.686283 -0.203675 0.698235
vn -0.652063 -0.193519 0.733051
vn -0.686283 -0.203675 0.698235
vn -0.718800 -0.213325 0.661679
vn -0.718800 -0.213325 0.661679
vn -0.749513 -0.222440 0.623499
vn -0.749513 -0.222440 0.623499
vn -0.778380 -0.231007 0.583747
vn -0.778380 -0.231007 0.583747
vn -0.805306 -0.238998 0.542551
vn -0.805310 -0.239000 0.542545
vn -0.830244 -0.246400 0.499983
vn -0.830240 -0.246398 0.499990
vn -0.853087 -0.253179 0.456226
vn -0.853087 -0.253179 0.456226
vn -0.873838 -0.259337 0.411280
vn -0.873838 -0.259337 0.411280
vn -0.892402 -0.264847 0.365341
vn -0.892402 -0.264847 0.365341
vn -0.908752 -0.269698 0.318484
vn -0.908755 -0.269700 0.318476
vn -0.922840 -0.273880 0.270844
vn -0.922838 -0.273879 0.270852
vn -0.934635 -0.277380 0.222526
vn -0.934637 -0.277381 0.222517
vn -0.944107 -0.280192 0.173648
vn -0.944106 -0.280191 0.173657
vn -0.951231 -0.282306 0.124346
vn -0.951231 -0.282306 0.124346
vn -0.955992 -0.283719 0.074722
vn -0.958374 -0.284426 0.024930
vn -0.955992 -0.283719 0.074722
vn -0.958374 -0.284426 0.024930
vn -0.958672 -0.284514 0.000000
vn -0.958672 -0.284514 0.000000
vn 0.958672 0.284515 0.000000
vn 0.958672 0.284515 0.000000
vn -0.958374 -0.284426 -0.024929
vn -0.958374 -0.284426 -0.024929
vn -0.955992 -0.283719 -0.074725
vn -0.955992 -0.283719 -0.074725
vn -0.951232 -0.282306 -0.124341
vn -0.951232 -0.282306 -0.124341
vn -0.944106 -0.280192 -0.173657
vn -0.944108 -0.280191 -0.173648
vn -0.934635 -0.277380 -0.222526
vn -0.934633 -0.277380 -0.222534
vn -0.922838 -0.273880 -0.270852
vn -0.922840 -0.273879 -0.270844
vn -0.908759 -0.269700 -0.318464
vn -0.908756 -0.269700 -0.318472
vn -0.892402 -0.264847 -0.365341
vn -0.892402 -0.264847 -0.365341
vn -0.873832 -0.259336 -0.411295
vn -0.873832 -0.259336 -0.411295
vn -0.853103 -0.253184 -0.456195
vn -0.853103 -0.253184 -0.456195
vn -0.830226 -0.246393 -0.500016
vn -0.830222 -0.246393 -0.500023
vn -0.805306 -0.238999 -0.542551
vn -0.805310 -0.238999 -0.542545
vn -0.778392 -0.231011 -0.583729
vn -0.778392 -0.231011 -0.583729
vn -0.749513 -0.222440 -0.623499
vn -0.749513 -0.222440 -0.623499
vn -0.718784 -0.213321 -0.661698
vn -0.718784 -0.213321 -0.661698
vn -0.686283 -0.203675 -0.698235
vn -0.686283 -0.203675 -0.698235
vn -0.652083 -0.193525 -0.733032
vn -0.616234 -0.182886 -0.766034
vn -0.652083 -0.193525 -0.733032
vn -0.616234 -0.182886 -0.766034
vn -0.578833 -0.171786 -0.797146
vn -0.578833 -0.171786 -0.797146
vn -0.540039 -0.160273 -0.826239
vn -0.540039 -0.160273 -0.826239
vn -0.499855 -0.148347 -0.853310
vn -0.499855 -0.148347 -0.853310
vn -0.458533 -0.136083 -0.878197
vn -0.458533 -0.136083 -0.878197
vn -0.415942 -0.123443 -0.900974
vn -0.415938 -0.123443 -0.900976
vn -0.372368 -0.110512 -0.921482
vn -0.372368 -0.110512 -0.921482
vn -0.327917 -0.097320 -0.939680
vn -0.327917 -0.097320 -0.939680
vn -0.282526 -0.083848 -0.955588
vn -0.282531 -0.083849 -0.955586
vn -0.236604 -0.070219 -0.969065
vn -0.236604 -0.070219 -0.969066
vn -0.189961 -0.056377 -0.980172
vn -0.189961 -0.056376 -0.980172
vn -0.142876 -0.042403 -0.988832
vn -0.142874 -0.042402 -0.988832
vn -0.095421 -0.028319 -0.995034
vn -0.095420 -0.028319 -0.995034
vn -0.047820 -0.014192 -0.998755
vn -0.047821 -0.014192 -0.998755
vn -0.000000 0.000000 -1.000000
vn 0.000000 -0.000000 -1.000000
vn 0.047820 0.014192 -0.998755
vn 0.047821 0.014192 -0.998755
vn 0.095420 0.028319 -0.995034
vn 0.095420 0.028319 -0.995034
vn 0.142874 0.042402 -0.988832
vn 0.142874 0.042402 -0.988832
vn 0.189961 0.056377 -0.980172
vn 0.189965 0.056378 -0.980171
vn 0.236604 0.070219 -0.969066
vn 0.236604 0.070219 -0.969065
vn 0.282526 0.083848 -0.955588
vn 0.327918 0.097319 -0.939680
vn 0.282526 0.083848 -0.955588
vn 0.327916 0.097318 -0.939681
vn 0.372368 0.110512 -0.921482
vn 0.372377 0.110513 -0.921479
vn 0.415938 0.123443 -0.900976
vn 0.415938 0.123443 -0.900976
vn 0.458540 0.136085 -0.878192
vn 0.458532 0.136084 -0.878197
vn 0.499855 0.148346 -0.853310
vn 0.499847 0.148345 -0.853315
vn 0.540036 0.160272 -0.826240
vn 0.540039 0.160273 -0.826239
vn 0.578842 0.171788 -0.797139
vn 0.578835 0.171787 -0.797144
vn 0.616225 0.182883 -0.766042
vn 0.616231 0.182884 -0.766037
vn 0.652088 0.193526 -0.733028
vn 0.652081 0.193525 -0.733034
vn 0.686287 0.203676 -0.698231
vn 0.686287 0.203676 -0.698231
vn 0.718780 0.213319 -0.661703
vn 0.718780 0.213319 -0.661703
vn 0.749513 0.222440 -0.623499
vn 0.749513 0.222440 -0.623499
vn 0.778388 0.231011 -0.583735
vn 0.778397 0.231012 -0.583723
vn 0.805310 0.239001 -0.542545
vn 0.830225 0.246395 -0.500016
vn 0.805310 0.239001 -0.542545
vn 0.830216 0.246390 -0.500034
vn 0.853099 0.253183 -0.456202
vn 0.853109 0.253184 -0.456183
vn 0.873839 0.259337 -0.411279
vn 0.873831 0.259336 -0.411295
vn 0.892400 0.264845 -0.365349
vn 0.892398 0.264845 -0.365353
vn 0.908759 0.269700 -0.318464
vn 0.908760 0.269700 -0.318459
vn 0.922835 0.273880 -0.270861
vn 0.922840 0.273879 -0.270844
vn 0.934637 0.277380 -0.222517
vn 0.934633 0.277381 -0.222534
vn 0.944106 0.280191 -0.173657
vn 0.944106 0.280191 -0.173657
vn 0.951233 0.282306 -0.124332
vn 0.951233 0.282306 -0.124332
vn 0.955991 0.283718 -0.074734
vn 0.955991 0.283718 -0.074734
vn 0.958374 0.284425 -0.024920
vn 0.958373 0.284427 -0.024939
vn 0.023861 0.007081 -0.999690
vn 0.023862 0.007082 -0.999690
vn 0.071681 0.021273 -0.997201
vn 0.071681 0.021273 -0.997201
vn 0.119209 0.035379 -0.992239
vn 0.119209 0.035379 -0.992239
vn 0.166443 0.049397 -0.984813
vn 0.166443 0.049397 -0.984813
vn 0.213336 0.063314 -0.974925
vn 0.213337 0.063314 -0.974925
vn 0.259640 0.077056 -0.962626
vn 0.259638 0.077055 -0.962627
vn 0.305312 0.090610 -0.947932
vn 0.305304 0.090609 -0.947934
vn 0.350239 0.103944 -0.930875
vn 0.350247 0.103946 -0.930872
vn 0.394300 0.117020 -0.911501
vn 0.394291 0.117018 -0.911505
vn 0.437382 0.129806 -0.889858
vn 0.437372 0.129804 -0.889863
vn 0.479326 0.142254 -0.866031
vn 0.479326 0.142254 -0.866031
vn 0.520104 0.154357 -0.840039
vn 0.520115 0.154359 -0.840032
vn 0.559622 0.166085 -0.811935
vn 0.559622 0.166085 -0.811935
vn 0.597748 0.177399 -0.781810
vn 0.597736 0.177397 -0.781820
vn 0.634331 0.188256 -0.749789
vn 0.634331 0.188256 -0.749789
vn 0.669385 0.198659 -0.715862
vn 0.669385 0.198659 -0.715862
vn 0.702745 0.208560 -0.680185
vn 0.702745 0.208560 -0.680185
vn 0.734377 0.217947 -0.642798
vn 0.734377 0.217947 -0.642798
vn 0.764196 0.226797 -0.603795
vn 0.764196 0.226797 -0.603795
vn 0.792103 0.235079 -0.563304
vn 0.792091 0.235078 -0.563320
vn 0.818026 0.242775 -0.521434
vn 0.818037 0.242776 -0.521416
vn 0.841923 0.249865 -0.478260
vn 0.841913 0.249864 -0.478279
vn 0.863731 0.256339 -0.433888
vn 0.863741 0.256340 -0.433868
vn 0.883397 0.262174 -0.388425
vn 0.883397 0.262174 -0.388425
vn 0.900859 0.267356 -0.342015
vn 0.900851 0.267355 -0.342037
vn 0.916075 0.271873 -0.294775
vn 0.916084 0.271874 -0.294746
vn 0.929030 0.275716 -0.246749
vn 0.929028 0.275716 -0.246755
vn 0.939661 0.278872 -0.198161
vn 0.939661 0.278872 -0.198161
vn 0.947968 0.281337 -0.149019
vn 0.947968 0.281337 -0.149019
vn 0.953908 0.283100 -0.099569
vn 0.953905 0.283101 -0.099594
vn 0.957479 0.284162 -0.049852
vn 0.957481 0.284160 -0.049828
vn 0.958672 0.284514 0.000000
vn 0.958672 0.284514 0.000000
vn 0.957480 0.284160 0.049850
vn 0.957481 0.284162 0.049825
vn 0.953907 0.283101 0.099569
vn 0.953906 0.283099 0.099594
vn 0.947967 0.281336 0.149027
vn 0.947967 0.281336 0.149027
vn 0.939661 0.278872 0.198161
vn 0.939661 0.278872 0.198161
vn 0.929028 0.275715 0.246755
vn 0.929029 0.275716 0.246749
vn 0.916087 0.271877 0.294732
vn 0.916080 0.271872 0.294760
vn 0.900851 0.267354 0.342037
vn 0.900858 0.267357 0.342015
vn 0.883390 0.262171 0.388444
vn 0.883390 0.262171 0.388444
vn 0.863740 0.256342 0.433868
vn 0.863732 0.256337 0.433888
vn 0.841924 0.249865 0.478258
vn 0.841934 0.249870 0.478239
vn 0.818014 0.242769 0.521457
vn 0.818024 0.242774 0.521439
vn 0.792102 0.235081 0.563304
vn 0.792092 0.235076 0.563320
vn 0.764196 0.226797 0.603795
vn 0.764196 0.226797 0.603795
vn 0.734377 0.217947 0.642798
vn 0.734377 0.217947 0.642798
vn 0.702768 0.208567 0.680160
vn 0.669360 0.198652 0.715888
vn 0.702768 0.208567 0.680160
vn 0.669360 0.198652 0.715888
vn 0.634359 0.188264 0.749764
vn 0.634359 0.188264 0.749764
vn 0.597718 0.177391 0.781835
vn 0.597706 0.177387 0.781845
vn 0.559622 0.166085 0.811935
vn 0.559622 0.166085 0.811935
vn 0.520104 0.154356 0.840039
vn 0.520115 0.154360 0.840032
vn 0.479326 0.142254 0.866031
vn 0.479326 0.142254 0.866031
vn 0.437381 0.129806 0.889858
vn 0.437372 0.129803 0.889863
vn 0.394292 0.117017 0.911505
vn 0.394300 0.117021 0.911501
vn 0.350247 0.103947 0.930872
vn 0.350239 0.103944 0.930875
vn 0.305305 0.090608 0.947934
vn 0.305312 0.090611 0.947932
vn 0.259638 0.077055 0.962627
vn 0.259640 0.077056 0.962626
vn 0.213337 0.063314 0.974925
vn 0.213336 0.063313 0.974925
vn 0.166490 0.049411 0.984804
vn 0.166490 0.049411 0.984804
vn 0.119209 0.035379 0.992239
vn 0.119209 0.035379 0.992239
vn 0.071632 0.021259 0.997205
vn 0.071632 0.021259 0.997205
vn 0.023910 0.007096 0.999689
vn 0.023910 0.007096 0.999689
vn 0.958672 0.284515 0.000000
vn 0.958672 0.284515 0.000000
vn 0.284515 -0.958672 0.000000
vn 0.284515 -0.958672 0.000000
vn 0.000000 0.000000 1.000000
vn 0.000000 0.000000 1.000000
vn 0.000000 0.000000 1.000000
vn 0.000000 0.000000 1.000000
vn 0.000000 0.000000 1.000000
vn 0.000000 0.000000 1.000000
vn 0.000000 0.000000 1.000000
vn 0.000000 0.000000 1.000000
vn 0.000000 0.000000 1.000000
vn 0.000000 0.000000 1.000000
vn 0.000000 0.000000 1.000000
vn 0.000000 0.000000 1.000000
vn 0.000000 0.000000 1.000000
vn 0.000000 0.000000 1.000000
vn 0.000000 0.000000 1.000000
vn 0.000000 0.000000 1.000000
vn 0.000000 0.000000 1.000000
vn 0.000000 0.000000 1.000000
vn 0.000000 0.000000 1.000000
vn 0.000000 0.000000 1.000000
vn 0.000000 0.000000 1.000000
vn 0.000000 0.000000 1.000000
vn 0.000000 0.000000 1.000000
vn 0.000000 0.000000 1.000000
vn 0.000000 0.000000 1.000000
vn 0.000000 0.000000 1.000000
vn 0.000000 0.000000 1.000000
vn 0.000000 0.000000 1.000000
vn 0.000000 0.000000 1.000000
vn 0.000000 0.000000 1.000000
vn 0.000000 0.000000 1.000000
vn 0.000000 0.000000 1.000000
vn 0.000000 0.000000 1.000000
vn 0.000000 0.000000 1.000000
vn 0.000000 0.000000 1.000000
vn 0.000000 0.000000 1.000000
vn 0.000000 0.000000 1.000000
vn 0.000000 0.000000 1.000000
vn 0.000000 0.000000 1.000000
vn 0.000000 0.000000 1.000000
vn 0.000000 0.000000 1.000000
vn 0.000000 0.000000 1.000000
vn 0.000000 0.000000 1.000000
vn 0.000000 0.000000 1.000000
vn 0.000000 0.000000 1.000000
vn 0.000000 0.000000 1.000000
vn 0.000000 0.000000 1.000000
vn 0.000000 0.000000 1.000000
vn 0.000000 0.000000 1.000000
vn 0.000000 0.000000 1.000000
vn 0.000000 0.000000 1.000000
vn 0.000000 0.000000 1.000000
vn 0.000000 0.000000 1.000000
vn 0.000000 0.000000 1.000000
vn 0.000000 0.000000 1.000000
vn 0.000000 0.000000 1.000000
vn 0.000000 0.000000 1.000000
vn 0.000000 0.000000 1.000000
vn 0.000000 0.000000 1.000000
vn 0.000000 0.000000 1.000000
vn 0.000000 0.000000 1.000000
vn 0.000000 0.000000 1.000000
vn 0.000000 0.000000 1.000000
vn 0.000000 0.000000 1.000000
vn 0.000000 0.000000 1.000000
vn 0.000000 0.000000 1.000000
vn 0.000000 0.000000 1.000000
vn 0.000000 0.000000 1.000000
vn 0.000000 0.000000 1.000000
vn 0.000000 0.000000 1.000000
vn 0.000000 0.000000 1.000000
vn 0.000000 0.000000 1.000000
vn 0.000000 0.000000 1.000000
vn 0.000000 0.000000 1.000000
vn 0.000000 0.000000 1.000000
vn 0.000000 0.000000 1.000000
vn 0.000000 0.000000 1.000000
vn 0.000000 0.000000 1.000000
vn 0.000000 0.000000 1.000000
vn 0.000000 0.000000 1.000000
vn 0.000000 0.000000 1.000000
vn 0.000000 0.000000 1.000000
vn 0.000000 0.000000 1.000000
vn 0.000000 0.000000 1.000000
vn 0.000000 0.000000 1.000000
vn 0.000000 0.000000 1.000000
vn 0.000000 0.000000 1.000000
vn 0.000000 0.000000 1.000000
vn 0.000000 0.000000 1.000000
vn 0.000000 0.000000 1.000000
vn 0.000000 0.000000 1.000000
vn 0.000000 0.000000 1.000000
vn 0.000000 0.000000 1.000000
vn 0.000000 0.000000 1.000000
vn 0.000000 0.000000 1.000000
vn 0.000000 0.000000 1.000000
vn 0.000000 0.000000 1.000000
vn 0.000000 0.000000 1.000000
vn 0.000000 0.000000 1.000000
vn 0.000000 0.000000 1.000000
vn 0.000000 0.000000 1.000000
vn 0.000000 0.000000 1.000000
vn 0.000000 0.000000 1.000000
vn 0.000000 0.000000 1.000000
vn 0.000000 0.000000 1.000000
vn 0.000000 0.000000 1.000000
vn 0.000000 0.000000 1.000000
vn 0.000000 0.000000 1.000000
vn 0.000000 0.000000 1.000000
vn 0.000000 0.000000 1.000000
vn 0.000000 0.000000 1.000000
vn 0.000000 0.000000 1.000000
vn 0.000000 0.000000 1.000000
vn 0.000000 0.000000 1.000000
vn 0.000000 0.000000 1.000000
vn 0.000000 0.000000 1.000000
vn 0.000000 0.000000 1.000000
vn 0.000000 0.000000 1.000000
vn 0.000000 0.000000 1.000000
vn 0.000000 0.000000 1.000000
vn 0.000000 0.000000 1.000000
vn 0.000000 0.000000 1.000000
vn 0.000000 0.000000 1.000000
vn 0.000000 0.000000 1.000000
vn 0.000000 0.000000 1.000000
vn 0.000000 0.000000 1.000000
vn 0.000000 0.000000 1.000000
vn 0.000000 0.000000 1.000000
vn 0.000000 0.000000 1.000000
vn 0.000000 0.000000 1.000000
vn 0.000000 0.000000 1.000000
vn 0.000000 0.000000 1.000000
vn 0.000000 0.000000 1.000000
vn 0.000000 0.000000 1.000000
vn 0.000000 0.000000 1.000000
vn 0.000000 0.000000 1.000000
vn 0.000000 0.000000 1.000000
vn 0.000000 0.000000 1.000000
vn 0.000000 0.000000 1.000000
vn 0.000000 0.000000 1.000000
vn 0.000000 0.000000 1.000000
vn 0.000000 0.000000 1.000000
vn 0.000000 0.000000 1.000000
vn 0.000000 0.000000 1.000000
vn 0.000000 0.000000 1.000000
vn 0.000000 0.000000 1.000000
vn 0.000000 0.000000 1.000000
vn 0.000000 0.000000 1.000000
vn 0.000000 0.000000 1.000000
vn 0.000000 0.000000 1.000000
vn 0.000000 0.000000 1.000000
vn 0.000000 0.000000 1.000000
vn 0.000000 0.000000 1.000000
vn 0.000000 0.000000 1.000000
vn 0.000000 0.000000 1.000000
vn 0.000000 0.000000 1.000000
vn 0.000000 0.000000 1.000000
vn 0.000000 0.000000 1.000000
vn 0.000000 0.000000 1.000000
vn 0.000000 0.000000 1.000000
vn 0.000000 0.000000 1.000000
vn 0.000000 0.000000 1.000000
vn 0.000000 0.000000 1.000000
vn 0.000000 0.000000 1.000000
vn 0.000000 0.000000 1.000000
vn 0.000000 0.000000 1.000000
vn 0.000000 0.000000 1.000000
vn 0.000000 0.000000 1.000000
vn 0.000000 0.000000 1.000000
vn 0.000000 0.000000 1.000000
vn 0.000000 0.000000 1.000000
vn 0.000000 0.000000 1.000000
vn 0.000000 0.000000 1.000000
vn 0.000000 0.000000 1.000000
vn 0.000000 0.000000 1.000000
vn 0.000000 0.000000 1.000000
vn 0.000000 0.000000 1.000000
vn 0.000000 0.000000 1.000000
vn 0.000000 0.000000 1.000000
vn 0.000000 0.000000 1.000000
vn 0.000000 0.000000 1.000000
vn 0.000000 0.000000 1.000000
vn 0.000000 0.000000 1.000000
vn 0.000000 0.000000 1.000000
vn 0.000000 0.000000 1.000000
vn 0.000000 0.000000 1.000000
vn 0.000000 0.000000 1.000000
vn 0.000000 0.000000 1.000000
vn 0.000000 0.000000 1.000000
vn 0.000000 0.000000 1.000000
vn 0.000000 0.000000 1.000000
vn 0.000000 0.000000 1.000000
vn 0.000000 0.000000 1.000000
vn 0.000000 0.000000 1.000000
vn 0.000000 0.000000 1.000000
vn 0.000000 0.000000 1.000000
vn 0.000000 0.000000 1.000000
vn 0.000000 0.000000 1.000000
vn 0.000000 0.000000 1.000000
vn 0.000000 0.000000 1.000000
vn 0.000000 0.000000 1.000000
vn 0.000000 0.000000 1.000000
vn 0.000000 0.000000 1.000000
vn 0.000000 0.000000 1.000000
vn 0.000000 0.000000 1.000000
vn 0.000000 0.000000 1.000000
vn 0.000000 0.000000 1.000000
vn 0.000000 0.000000 1.000000
vn 0.000000 0.000000 1.000000
vn 0.000000 0.000000 1.000000
vn 0.000000 0.000000 1.000000
vn 0.000000 0.000000 1.000000
vn 0.000000 0.000000 1.000000
vn 0.000000 0.000000 1.000000
vn 0.000000 0.000000 1.000000
vn 0.000000 0.000000 1.000000
vn 0.000000 0.000000 1.000000
vn 0.000000 0.000000 1.000000
vn 0.000000 0.000000 1.000000
vn 0.000000 0.000000 1.000000
vn 0.000000 0.000000 1.000000
vn 0.000000 0.000000 1.000000
vn 0.000000 0.000000 1.000000
vn 0.000000 0.000000 1.000000
vn 0.000000 0.000000 1.000000
vn 0.000000 0.000000 1.000000
vn 0.000000 0.000000 1.000000
vn 0.000000 0.000000 1.000000
vn 0.000000 0.000000 1.000000
vn 0.000000 0.000000 1.000000
vn 0.000000 0.000000 1.000000
vn 0.000000 0.000000 1.000000
vn 0.000000 0.000000 1.000000
vn 0.000000 0.000000 1.000000
vn 0.000000 0.000000 1.000000
vn 0.000000 0.000000 1.000000
vn 0.000000 0.000000 1.000000
vn 0.000000 0.000000 1.000000
vn 0.000000 0.000000 1.000000
vn 0.000000 0.000000 1.000000
vn 0.000000 0.000000 1.000000
vn 0.000000 0.000000 1.000000
vn 0.000000 0.000000 1.000000
vn 0.000000 0.000000 1.000000
vn 0.000000 0.000000 1.000000
vn 0.000000 0.000000 1.000000
vn 0.000000 0.000000 1.000000
vn 0.000000 0.000000 1.000000
vn 0.000000 0.000000 1.000000
vn 0.000000 0.000000 1.000000
vn 0.000000 0.000000 1.000000
vn 0.000000 0.000000 1.000000
vn 0.284483 -0.958681 -0.000018
vn 0.284477 -0.958683 -0.000059
vn 0.284536 -0.958666 0.000035
vn 0.284448 -0.958691 -0.000043
vn 0.284522 -0.958670 0.000013
vn 0.284666 -0.958627 0.000059
vn 0.284492 -0.958678 -0.000007
vn 0.284498 -0.958677 -0.000053
vn 0.284543 -0.958663 0.000118
vn 0.284583 -0.958651 0.000016
vn 0.284580 -0.958652 0.000015
vn 0.284514 -0.958672 -0.000002
vn 0.284510 -0.958673 -0.000024
vn 0.284389 -0.958709 -0.000009
vn 0.284473 -0.958684 -0.000005
vn 0.284513 -0.958672 -0.000004
vn 0.284515 -0.958672 0.000002
vn 0.284515 -0.958672 0.000001
vn 0.284518 -0.958671 0.000010
vn 0.284517 -0.958671 0.000020
vn 0.284518 -0.958671 0.000014
vn 0.284515 -0.958672 0.000003
vn 0.284519 -0.958670 0.000111
vn 0.284465 -0.958686 0.000006
vn 0.284509 -0.958673 -0.000000
vn 0.284541 -0.958664 -0.000006
vn 0.284462 -0.958687 0.000007
vn 0.284514 -0.958672 0.000003
vn 0.284514 -0.958672 0.000003
vn 0.284537 -0.958665 -0.000003
vn 0.284526 -0.958668 -0.000058
vn 0.284513 -0.958672 -0.000002
vn 0.284513 -0.958672 -0.000002
vn 0.284513 -0.958672 -0.000002
vn 0.284514 -0.958672 -0.000004
vn 0.284512 -0.958672 0.000003
vn 0.284522 -0.958670 -0.000013
vn 0.284408 -0.958703 0.000047
vn 0.284578 -0.958653 -0.000028
vn 0.284540 -0.958664 -0.000057
vn 0.284511 -0.958673 0.000002
vn 0.284542 -0.958664 -0.000013
vn 0.284512 -0.958672 0.000000
vn 0.284536 -0.958665 -0.000010
vn 0.284511 -0.958673 0.000000
vn 0.284518 -0.958671 0.000000
vn 0.284517 -0.958671 0.000000
vn 0.284515 -0.958672 -0.000000
vn 0.284520 -0.958670 -0.000001
vn 0.284481 -0.958682 0.000058
vn 0.284523 -0.958669 -0.000016
vn 0.284494 -0.958678 0.000037
vn 0.284549 -0.958662 -0.000048
vn 0.284505 -0.958675 0.000009
vn 0.284568 -0.958656 -0.000046
vn 0.284527 -0.958668 -0.000012
vn 0.284526 -0.958668 -0.000011
vn 0.284494 -0.958678 0.000022
vn 0.284514 -0.958672 -0.000001
vn 0.284501 -0.958676 0.000011
vn 0.284506 -0.958674 0.000010
vn 0.284501 -0.958676 0.000014
vn 0.284507 -0.958674 0.000008
vn 0.284534 -0.958666 -0.000020
vn 0.284399 -0.958706 0.000082
vn 0.284515 -0.958672 -0.000001
vn 0.284540 -0.958664 -0.000057
vn 0.284497 -0.958677 0.000029
vn 0.284515 -0.958672 -0.000004
vn 0.284522 -0.958670 -0.000013
vn 0.284477 -0.958683 0.000108
vn 0.284515 -0.958672 -0.000003
vn 0.284507 -0.958674 0.000002
vn 0.284497 -0.958677 0.000004
vn 0.284515 -0.958672 0.000000
vn 0.284514 -0.958672 0.000000
vn 0.284516 -0.958671 -0.000005
vn 0.284379 -0.958712 0.000022
vn 0.284508 -0.958674 0.000001
vn 0.284512 -0.958672 0.000003
vn 0.284519 -0.958670 -0.000112
vn 0.284504 -0.958675 0.000002
vn 0.284530 -0.958667 -0.000003
vn 0.284448 -0.958692 0.000000
vn 0.284565 -0.958657 0.000000
vn 0.284522 -0.958669 -0.000002
vn 0.284515 -0.958671 0.000038
vn 0.284515 -0.958672 0.000028
vn 0.284691 -0.958619 0.000019
vn 0.284515 -0.958672 0.000002
vn 0.284514 -0.958672 -0.000002
vn 0.284551 -0.958661 0.000010
vn 0.284497 -0.958677 -0.000004
vn 0.284516 -0.958671 0.000015
vn 0.284543 -0.958663 0.000117
vn 0.284584 -0.958651 0.000025
vn 0.284531 -0.958667 0.000005
vn 0.284538 -0.958665 0.000054
vn 0.284592 -0.958649 0.000040
vn 0.284509 -0.958673 -0.000001
vn 0.284492 -0.958679 -0.000011
vn 0.284474 -0.958684 -0.000070
vn 0.284525 -0.958669 0.000023
vn 0.284529 -0.958667 0.000006
vn 0.284523 -0.958669 0.000015
vn 0.284500 -0.958676 -0.000029
vn 0.284513 -0.958672 -0.000004
vn 0.284514 -0.958672 -0.000001
vn 0.284510 -0.958673 -0.000000
vn 0.284517 -0.958671 0.000000
vn 0.284512 -0.958672 -0.000000
vn 0.284500 -0.958676 -0.000006
vn 0.284514 -0.958672 0.000001
vn 0.284506 -0.958674 -0.000010
vn 0.284514 -0.958672 0.000000
vn 0.284473 -0.958684 -0.000046
vn 0.284525 -0.958669 0.000016
vn 0.284514 -0.958672 0.000000
vn 0.284516 -0.958671 -0.000000
vn 0.284516 -0.958671 0.000000
vn 0.284512 -0.958672 -0.000003
vn 0.284514 -0.958672 -0.000000
vn 0.284514 -0.958672 -0.000000
vn 0.284514 -0.958672 0.000002
vn -0.951281 -0.308326 -0.000000
vn -0.951281 -0.308326 0.000000
vn -0.934729 -0.355361 0.000000
vn -0.934729 -0.355361 -0.000000
vn -0.915854 -0.401512 0.000000
vn -0.915854 -0.401512 -0.000000
vn -0.894703 -0.446662 0.000000
vn -0.871324 -0.490707 0.000000
vn -0.894703 -0.446662 -0.000000
vn -0.845785 -0.533525 0.000000
vn -0.871324 -0.490707 0.000000
vn -0.845785 -0.533525 0.000000
vn -0.818137 -0.575023 0.000000
vn -0.818137 -0.575023 -0.000000
vn -0.788458 -0.615089 0.000000
vn -0.756818 -0.653626 0.000000
vn -0.788458 -0.615089 -0.000000
vn -0.756818 -0.653626 0.000000
vn -0.723296 -0.690538 0.000000
vn -0.723296 -0.690538 -0.000000
vn -0.687979 -0.725731 -0.000000
vn -0.687979 -0.725731 0.000000
vn -0.650946 -0.759124 -0.000000
vn -0.650946 -0.759124 0.000000
vn -0.612297 -0.790628 -0.000000
vn -0.612297 -0.790628 0.000000
vn -0.572131 -0.820162 -0.000000
vn -0.572131 -0.820162 0.000000
vn -0.530532 -0.847665 0.000000
vn -0.530532 -0.847665 -0.000000
vn -0.487624 -0.873054 0.000000
vn -0.487624 -0.873054 -0.000000
vn -0.443499 -0.896275 0.000000
vn -0.443499 -0.896275 -0.000000
vn -0.398272 -0.917267 0.000000
vn -0.398272 -0.917267 -0.000000
vn -0.352055 -0.935979 0.000000
vn -0.352055 -0.935979 -0.000000
vn -0.304965 -0.952363 0.000000
vn -0.257111 -0.966382 0.000000
vn -0.304965 -0.952363 -0.000000
vn -0.257111 -0.966382 0.000000
vn -0.208619 -0.977997 0.000000
vn -0.159617 -0.987179 0.000000
vn -0.208619 -0.977997 -0.000000
vn -0.159617 -0.987179 0.000000
vn -0.110207 -0.993909 0.000000
vn -0.060529 -0.998166 0.000000
vn -0.110207 -0.993909 -0.000000
vn -0.060529 -0.998166 0.000000
vn -0.010698 -0.999943 0.000000
vn -0.010698 -0.999943 -0.000000
vn 0.039158 -0.999233 0.000000
vn 0.088913 -0.996039 0.000000
vn 0.039158 -0.999233 0.000000
vn 0.138450 -0.990369 0.000000
vn 0.088913 -0.996039 0.000000
vn 0.138450 -0.990369 0.000000
vn 0.187650 -0.982236 0.000000
vn 0.236378 -0.971661 0.000000
vn 0.187650 -0.982236 0.000000
vn 0.236378 -0.971661 0.000000
vn 0.284513 -0.958672 0.000000
vn 0.331941 -0.943300 0.000000
vn 0.284513 -0.958672 0.000000
vn 0.331941 -0.943300 0.000000
vn 0.378558 -0.925578 0.000000
vn 0.424220 -0.905559 0.000000
vn 0.378558 -0.925578 0.000000
vn 0.424220 -0.905559 0.000000
vn 0.468830 -0.883289 0.000000
vn 0.468830 -0.883289 0.000000
vn 0.512272 -0.858823 0.000000
vn 0.512272 -0.858823 0.000000
vn 0.554451 -0.832217 0.000000
vn 0.554451 -0.832217 0.000000
vn 0.595242 -0.803547 0.000000
vn 0.595242 -0.803547 0.000000
vn 0.634554 -0.772879 0.000000
vn 0.634554 -0.772879 0.000000
vn 0.672287 -0.740291 0.000000
vn 0.672287 -0.740291 0.000000
vn 0.708357 -0.705855 0.000000
vn 0.708357 -0.705855 0.000000
vn 0.742661 -0.669668 0.000000
vn 0.742661 -0.669668 0.000000
vn 0.775116 -0.631820 0.000000
vn 0.775116 -0.631820 0.000000
vn 0.805646 -0.592398 0.000000
vn 0.805646 -0.592398 0.000000
vn 0.834172 -0.551504 0.000000
vn 0.834172 -0.551504 0.000000
vn 0.860625 -0.509238 0.000000
vn 0.860625 -0.509238 0.000000
vn 0.884940 -0.465705 0.000000
vn 0.884940 -0.465705 0.000000
vn 0.907054 -0.421015 0.000000
vn 0.907054 -0.421015 0.000000
vn 0.926911 -0.375282 0.000000
vn 0.926911 -0.375282 0.000000
vn 0.944466 -0.328609 0.000000
vn 0.944466 -0.328609 0.000000
vn 0.959671 -0.281124 0.000000
vn 0.959671 -0.281124 0.000000
vn 0.972491 -0.232941 0.000000
vn 0.972491 -0.232941 0.000000
vn 0.982894 -0.184173 0.000000
vn 0.982894 -0.184173 0.000000
vn 0.990852 -0.134954 0.000000
vn 0.990852 -0.134954 0.000000
vn 0.996347 -0.085396 0.000000
vn 0.996347 -0.085396 0.000000
vn 0.999365 -0.035626 0.000000
vn 0.999365 -0.035626 0.000000
vn 0.999899 0.014233 0.000000
vn 0.999899 0.014233 0.000000
vn 0.997946 0.064058 0.000000
vn 0.997946 0.064058 0.000000
vn 0.993513 0.113720 0.000000
vn 0.993513 0.113720 0.000000
vn 0.986609 0.163101 0.000000
vn 0.986609 0.163101 0.000000
vn 0.977253 0.212079 0.000000
vn 0.977253 0.212079 0.000000
vn 0.965468 0.260522 0.000000
vn 0.965468 0.260522 0.000000
vn 0.951280 0.308328 0.000000
vn 0.951280 0.308328 0.000000
vn 0.934731 0.355357 0.000000
vn 0.934731 0.355357 0.000000
vn 0.915853 0.401513 0.000000
vn 0.915853 0.401513 0.000000
vn 0.894702 0.446663 0.000000
vn 0.894702 0.446663 0.000000
vn 0.871325 0.490706 0.000000
vn 0.871325 0.490706 0.000000
vn 0.845784 0.533526 0.000000
vn 0.845784 0.533526 0.000000
vn 0.818136 0.575025 0.000000
vn 0.818136 0.575025 0.000000
vn 0.788458 0.615089 0.000000
vn 0.788458 0.615089 0.000000
vn 0.756819 0.653625 0.000000
vn 0.756819 0.653625 0.000000
vn 0.723299 0.690535 0.000000
vn 0.723299 0.690535 0.000000
vn 0.687975 0.725734 0.000000
vn 0.687975 0.725734 0.000000
vn 0.650945 0.759125 0.000000
vn 0.650945 0.759125 0.000000
vn 0.612300 0.790626 0.000000
vn 0.612300 0.790626 0.000000
vn 0.572128 0.820164 0.000000
vn 0.572128 0.820164 0.000000
vn 0.530535 0.847663 0.000000
vn 0.530535 0.847663 0.000000
vn 0.487623 0.873054 0.000000
vn 0.487623 0.873054 0.000000
vn 0.443500 0.896274 0.000000
vn 0.443500 0.896274 0.000000
vn 0.398271 0.917268 0.000000
vn 0.398271 0.917268 0.000000
vn 0.352055 0.935979 0.000000
vn 0.352055 0.935979 0.000000
vn 0.304963 0.952364 0.000000
vn 0.304963 0.952364 0.000000
vn 0.257111 0.966382 0.000000
vn 0.257111 0.966382 0.000000
vn 0.208623 0.977996 0.000000
vn 0.208623 0.977996 0.000000
vn 0.159614 0.987180 0.000000
vn 0.159614 0.987180 0.000000
vn 0.110207 0.993909 0.000000
vn 0.110207 0.993909 0.000000
vn 0.060529 0.998166 0.000000
vn 0.060529 0.998166 0.000000
vn 0.010701 0.999943 0.000000
vn 0.010701 0.999943 0.000000
vn -0.039158 0.999233 0.000000
vn -0.039158 0.999233 0.000000
vn -0.088916 0.996039 0.000000
vn -0.088916 0.996039 0.000000
vn -0.138450 0.990369 0.000000
vn -0.138450 0.990369 0.000000
vn -0.187647 0.982237 0.000000
vn -0.187647 0.982237 0.000000
vn -0.236378 0.971661 0.000000
vn -0.236378 0.971661 0.000000
vn -0.284513 0.958672 0.000000
vn -0.284513 0.958672 0.000000
vn -0.331944 0.943299 0.000000
vn -0.331944 0.943299 0.000000
vn -0.378555 0.925579 0.000000
vn -0.378555 0.925579 0.000000
vn -0.424220 0.905559 0.000000
vn -0.424220 0.905559 0.000000
vn -0.512275 0.858822 0.000000
vn -0.468829 0.883289 0.000000
vn -0.468829 0.883289 0.000000
vn -0.512275 0.858822 0.000000
vn -0.554448 0.832218 0.000000
vn -0.554448 0.832218 0.000000
vn -0.595242 0.803547 0.000000
vn -0.595242 0.803547 0.000000
vn -0.634554 0.772878 0.000000
vn -0.672289 0.740289 0.000000
vn -0.634554 0.772878 0.000000
vn -0.672289 0.740289 0.000000
vn -0.708356 0.705855 0.000000
vn -0.708356 0.705855 0.000000
vn -0.742658 0.669671 0.000000
vn -0.742658 0.669671 0.000000
vn -0.775118 0.631817 0.000000
vn -0.805644 0.592400 0.000000
vn -0.775118 0.631817 0.000000
vn -0.805644 0.592400 0.000000
vn -0.834175 0.551501 0.000000
vn -0.860625 0.509239 0.000000
vn -0.834175 0.551501 0.000000
vn -0.860625 0.509239 0.000000
vn -0.884939 0.465706 0.000000
vn -0.884939 0.465706 0.000000
vn -0.907053 0.421016 0.000000
vn -0.907053 0.421016 0.000000
vn -0.926911 0.375280 0.000000
vn -0.926911 0.375280 0.000000
vn -0.944465 0.328611 0.000000
vn -0.944465 0.328611 0.000000
vn -0.959671 0.281124 0.000000
vn -0.959671 0.281124 0.000000
vn -0.972491 0.232941 0.000000
vn -0.972491 0.232941 0.000000
vn -0.982893 0.184175 0.000000
vn -0.982893 0.184175 0.000000
vn -0.990852 0.134953 0.000000
vn -0.990852 0.134953 0.000000
vn -0.996347 0.085396 0.000000
vn -0.996347 0.085396 0.000000
vn -0.999365 0.035625 0.000000
vn -0.999365 0.035625 0.000000
vn -0.999899 -0.014234 0.000000
vn -0.999899 -0.014234 -0.000000
vn -0.997946 -0.064056 0.000000
vn -0.997946 -0.064056 -0.000000
vn -0.993513 -0.113720 0.000000
vn -0.993513 -0.113720 -0.000000
vn -0.986609 -0.163101 0.000000
vn -0.986609 -0.163101 -0.000000
vn -0.977253 -0.212079 0.000000
vn -0.977253 -0.212079 -0.000000
vn -0.965467 -0.260525 0.000000
vn -0.965467 -0.260525 -0.000000
f 1//1 2//1 3//1
f 4//2 3//2 2//2
f 5//3 1//3 3//3
f 6//4 3//4 4//4
f 7//5 5//5 3//5
f 8//6 3//6 6//6
f 9//7 7//7 3//7
f 10//8 3//8 8//8
f 11//9 9//9 3//9
f 12//10 3//10 10//10
f 13//11 11//11 3//11
f 14//12 3//12 12//12
f 15//13 13//13 3//13
f 16//14 3//14 14//14
f 17//15 15//15 3//15
f 18//16 3//16 16//16
f 19//17 17//17 3//17
f 20//18 19//18 3//18
f 21//19 20//19 3//19
f 22//20 21//20 3//20
f 23//21 22//21 3//21
f 24//22 23//22 3//22
f 25//23 24//23 3//23
f 26//24 25//24 3//24
f 27//25 26//25 3//25
f 27//26 3//26 28//26
f 29//27 27//27 28//27
f 30//28 29//28 28//28
f 31//29 30//29 28//29
f 32//30 31//30 28//30
f 33//31 32//31 28//31
f 34//32 33//32 28//32
f 35//33 34//33 28//33
f 36//34 37//34 38//34
f 36//35 39//35 37//35
f 36//36 40//36 39//36
f 36//37 41//37 40//37
f 36//38 42//38 41//38
f 36//39 43//39 42//39
f 36//40 18//40 43//40
f 36//41 3//41 18//41
f 36//42 44//42 45//42
f 36//43 46//43 44//43
f 36//44 47//44 46//44
f 36//45 48//45 47//45
f 36//46 49//46 48//46
f 36//47 50//47 49//47
f 36//48 51//48 50//48
f 36//49 52//49 51//49
f 36//50 38//50 52//50
f 53//51 35//51 28//51
f 54//52 55//52 56//52
f 57//53 36//53 45//53
f 58//54 53//54 28//54
f 59//55 54//55 56//55
f 59//56 56//56 36//56
f 59//57 60//57 54//57
f 59//58 61//58 60//58
f 59//59 62//59 61//59
f 63//60 36//60 57//60
f 64//61 59//61 36//61
f 65//62 58//62 28//62
f 66//63 36//63 63//63
f 67//64 64//64 36//64
f 67//65 68//65 64//65
f 67//66 69//66 68//66
f 70//67 65//67 28//67
f 71//68 67//68 36//68
f 72//69 36//69 66//69
f 73//70 71//70 36//70
f 73//71 74//71 71//71
f 75//72 70//72 28//72
f 76//73 73//73 36//73
f 76//74 77//74 73//74
f 78//75 36//75 72//75
f 79//76 76//76 36//76
f 80//77 75//77 28//77
f 81//78 79//78 36//78
f 82//79 36//79 78//79
f 83//80 84//80 81//80
f 83//81 81//81 36//81
f 85//82 80//82 28//82
f 86//83 83//83 36//83
f 86//84 87//84 83//84
f 88//85 89//85 86//85
f 88//86 86//86 36//86
f 90//87 85//87 28//87
f 91//88 92//88 88//88
f 91//89 93//89 92//89
f 94//90 90//90 28//90
f 95//91 91//91 88//91
f 96//92 97//92 95//92
f 96//93 88//93 36//93
f 96//94 95//94 88//94
f 98//95 94//95 28//95
f 99//96 36//96 82//96
f 99//97 100//97 96//97
f 99//98 101//98 102//98
f 99//99 103//99 101//99
f 99//100 82//100 103//100
f 99//101 96//101 36//101
f 104//102 99//102 102//102
f 105//103 98//103 28//103
f 106//104 99//104 104//104
f 107//105 105//105 28//105
f 108//106 99//106 106//106
f 109//107 107//107 28//107
f 110//108 99//108 108//108
f 111//109 109//109 28//109
f 112//110 99//110 110//110
f 113//111 111//111 28//111
f 114//112 99//112 112//112
f 115//113 99//113 114//113
f 116//114 99//114 115//114
f 117//115 99//115 116//115
f 118//116 99//116 117//116
f 119//117 99//117 118//117
f 120//118 99//118 119//118
f 121//119 99//119 120//119
f 122//120 99//120 121//120
f 123//121 99//121 122//121
f 124//122 99//122 123//122
f 124//123 125//123 126//123
f 124//124 127//124 125//124
f 124//125 128//125 127//125
f 124//126 129//126 128//126
f 124//127 130//127 129//127
f 124//128 131//128 130//128
f 124//129 132//129 131//129
f 124//130 133//130 132//130
f 124//131 134//131 133//131
f 124//132 135//132 134//132
f 124//133 136//133 135//133
f 124//134 137//134 136//134
f 124//135 138//135 137//135
f 124//136 139//136 138//136
f 124//137 140//137 139//137
f 124//138 141//138 140//138
f 124//139 142//139 141//139
f 124//140 123//140 142//140
f 143//141 113//141 28//141
f 143//142 144//142 113//142
f 143//143 145//143 144//143
f 143//144 146//144 145//144
f 143//145 147//145 146//145
f 143//146 148//146 147//146
f 143//147 124//147 126//147
f 143//148 149//148 148//148
f 143//149 150//149 149//149
f 143//150 151//150 150//150
f 143//151 152//151 151//151
f 143//152 153//152 152//152
f 143//153 154//153 153//153
f 143//154 155//154 154//154
f 143//155 156//155 155//155
f 143//156 157//156 156//156
f 143//157 158//157 157//157
f 143//158 159//158 158//158
f 143//159 160//159 159//159
f 143//160 161//160 160//160
f 143//161 162//161 161//161
f 143//162 163//162 162//162
f 143//163 126//163 163//163
f 164//164 143//164 165//164
f 166//165 167//165 124//165
f 168//166 166//166 124//166
f 169//167 164//167 170//167
f 169//168 143//168 164//168
f 171//169 143//169 169//169
f 172//170 168//170 124//170
f 172//171 173//171 168//171
f 174//172 124//172 143//172
f 174//173 172//173 124//173
f 174//174 143//174 171//174
f 175//175 176//175 172//175
f 177//176 174//176 178//176
f 179//177 174//177 177//177
f 180//178 181//178 182//178
f 180//179 182//179 175//179
f 180//180 172//180 174//180
f 180//181 175//181 172//181
f 180//182 174//182 179//182
f 183//183 181//183 180//183
f 184//184 185//184 186//184
f 184//185 186//185 187//185
f 184//186 187//186 181//186
f 188//187 183//187 189//187
f 190//188 183//188 188//188
f 190//189 181//189 183//189
f 190//190 184//190 181//190
f 191//191 190//191 192//191
f 191//192 193//192 194//192
f 191//193 194//193 184//193
f 191//194 184//194 190//194
f 195//195 196//195 143//195
f 28//196 195//196 143//196
f 197//197 28//197 198//197
f 199//198 197//198 200//198
f 199//199 200//199 201//199
f 199//200 28//200 197//200
f 202//201 199//201 203//201
f 202//202 203//202 204//202
f 202//203 28//203 199//203
f 205//204 202//204 206//204
f 205//205 28//205 202//205
f 207//206 28//206 205//206
f 208//207 207//207 209//207
f 208//208 28//208 207//208
f 210//209 208//209 211//209
f 210//210 211//210 212//210
f 213//211 210//211 214//211
f 213//212 28//212 208//212
f 213//213 208//213 210//213
f 215//214 213//214 216//214
f 215//215 216//215 217//215
f 218//216 213//216 215//216
f 219//217 213//217 218//217
f 220//218 219//218 221//218
f 222//219 219//219 220//219
f 223//220 213//220 219//220
f 223//221 219//221 222//221
f 224//222 223//222 225//222
f 226//223 28//223 213//223
f 226//224 213//224 223//224
f 226//225 223//225 224//225
f 227//226 28//226 226//226
f 228//227 195//227 28//227
f 228//228 28//228 227//228
f 229//229 195//229 230//229
f 231//230 230//230 195//230
f 232//231 195//231 229//231
f 233//232 231//232 195//232
f 234//233 195//233 232//233
f 235//234 233//234 195//234
f 236//235 195//235 234//235
f 237//236 235//236 195//236
f 238//237 195//237 236//237
f 239//238 237//238 195//238
f 240//239 195//239 238//239
f 241//240 239//240 195//240
f 242//241 195//241 240//241
f 243//242 241//242 195//242
f 244//243 195//243 242//243
f 245//244 243//244 195//244
f 246//245 195//245 244//245
f 247//246 245//246 195//246
f 248//247 195//247 246//247
f 249//248 247//248 195//248
f 250//249 195//249 248//249
f 251//250 249//250 195//250
f 252//251 251//251 195//251
f 253//252 252//252 195//252
f 254//253 253//253 195//253
f 255//254 254//254 195//254
f 256//255 255//255 195//255
f 256//256 195//256 228//256
f 257//257 256//257 228//257
f 258//258 257//258 228//258
f 259//259 258//259 228//259
f 260//260 259//260 228//260
f 261//261 260//261 228//261
f 262//262 261//262 228//262
f 263//263 262//263 228//263
f 264//264 263//264 228//264
f 265//265 264//265 228//265
f 266//266 265//266 228//266
f 267//267 266//267 228//267
f 268//268 267//268 228//268
f 269//269 268//269 228//269
f 270//270 269//270 228//270
f 271//271 270//271 228//271
f 272//272 271//272 228//272
f 273//273 272//273 228//273
f 274//274 273//274 228//274
f 275//275 274//275 228//275
f 276//276 275//276 228//276
f 277//277 276//277 228//277
f 278//278 277//278 228//278
f 279//279 280//279 281//279
f 279//280 282//280 283//280
f 279//281 283//281 284//281
f 279//282 284//282 285//282
f 279//283 285//283 286//283
f 279//284 286//284 287//284
f 279//285 287//285 288//285
f 279//286 288//286 289//286
f 290//287 289//287 291//287
f 290//288 291//288 292//288
f 290//289 292//289 293//289
f 290//290 293//290 294//290
f 290//291 294//291 295//291
f 290//292 295//292 296//292
f 290//293 296//293 297//293
f 290//294 297//294 298//294
f 290//295 298//295 299//295
f 290//296 299//296 300//296
f 290//297 300//297 301//297
f 290//298 301//298 302//298
f 290//299 302//299 303//299
f 290//300 303//300 304//300
f 290//301 304//301 305//301
f 290//302 305//302 306//302
f 290//303 306//303 307//303
f 290//304 307//304 308//304
f 290//305 308//305 309//305
f 290//306 309//306 310//306
f 290//307 310//307 311//307
f 290//308 311//308 312//308
f 290//309 312//309 313//309
f 290//310 313//310 314//310
f 290//311 314//311 315//311
f 290//312 315//312 316//312
f 290//313 316//313 317//313
f 290//314 317//314 318//314
f 290//315 318//315 319//315
f 290//316 319//316 320//316
f 321//317 289//317 290//317
f 321//318 279//318 289//318
f 322//319 290//319 320//319
f 322//320 320//320 323//320
f 322//321 323//321 324//321
f 322//322 324//322 325//322
f 322//323 325//323 326//323
f 322//324 326//324 327//324
f 322//325 327//325 328//325
f 322//326 328//326 329//326
f 322//327 329//327 330//327
f 322//328 330//328 331//328
f 322//329 331//329 332//329
f 322//330 332//330 333//330
f 322//331 333//331 334//331
f 322//332 334//332 335//332
f 322//333 335//333 336//333
f 322//334 336//334 337//334
f 322//335 337//335 338//335
f 322//336 338//336 339//336
f 322//337 339//337 340//337
f 341//338 322//338 342//338
f 343//339 321//339 344//339
f 345//340 280//340 279//340
f 345//341 279//341 321//341
f 345//342 321//342 343//342
f 346//343 347//343 345//343
f 348//344 343//344 349//344
f 350//345 343//345 348//345
f 350//346 351//346 352//346
f 350//347 348//347 351//347
f 353//348 354//348 346//348
f 353//349 355//349 354//349
f 356//350 353//350 346//350
f 357//351 350//351 358//351
f 357//352 343//352 350//352
f 359//353 346//353 345//353
f 359//354 356//354 346//354
f 360//355 343//355 357//355
f 361//356 343//356 360//356
f 362//357 363//357 359//357
f 362//358 364//358 363//358
f 365//359 361//359 366//359
f 365//360 343//360 361//360
f 367//361 362//361 359//361
f 368//362 367//362 359//362
f 369//363 368//363 359//363
f 369//364 345//364 343//364
f 369//365 359//365 345//365
f 370//366 369//366 343//366
f 370//367 371//367 372//367
f 370//368 365//368 371//368
f 370//369 343//369 365//369
f 373//370 374//370 369//370
f 375//371 369//371 370//371
f 375//372 370//372 376//372
f 375//373 373//373 369//373
f 377//374 344//374 378//374
f 228//375 322//375 340//375
f 228//376 340//376 379//376
f 228//377 379//377 380//377
f 228//378 380//378 381//378
f 228//379 381//379 278//379
f 341//380 290//380 322//380
f 321//381 378//381 344//381
f 279//382 195//382 382//382
f 382//383 195//383 383//383
f 383//384 195//384 384//384
f 384//385 195//385 385//385
f 385//386 195//386 386//386
f 386//387 195//387 250//387
f 279//388 382//388 387//388
f 279//389 387//389 388//389
f 279//390 388//390 389//390
f 279//391 389//391 390//391
f 279//392 390//392 391//392
f 279//393 391//393 392//393
f 279//394 392//394 393//394
f 279//395 393//395 394//395
f 279//396 394//396 395//396
f 279//397 395//397 396//397
f 279//398 396//398 397//398
f 279//399 397//399 398//399
f 279//400 398//400 282//400
f 28//401 3//401 198//401
f 198//402 399//402 197//402
f 3//403 399//403 198//403
f 399//404 400//404 197//404
f 197//405 401//405 200//405
f 200//406 401//406 201//406
f 400//407 401//407 197//407
f 401//408 402//408 201//408
f 201//409 403//409 199//409
f 402//410 403//410 201//410
f 199//411 404//411 203//411
f 403//412 404//412 199//412
f 203//413 405//413 204//413
f 204//414 405//414 202//414
f 404//415 405//415 203//415
f 405//416 406//416 202//416
f 406//417 407//417 202//417
f 202//418 407//418 206//418
f 206//419 408//419 205//419
f 407//420 408//420 206//420
f 205//421 409//421 207//421
f 408//422 409//422 205//422
f 207//423 410//423 209//423
f 409//424 410//424 207//424
f 209//425 411//425 208//425
f 410//426 411//426 209//426
f 208//427 412//427 211//427
f 211//428 412//428 212//428
f 411//429 412//429 208//429
f 412//430 413//430 212//430
f 212//431 414//431 210//431
f 413//432 414//432 212//432
f 210//433 415//433 214//433
f 214//434 415//434 213//434
f 414//435 415//435 210//435
f 415//436 416//436 213//436
f 213//437 417//437 216//437
f 216//438 417//438 217//438
f 416//439 417//439 213//439
f 417//440 418//440 217//440
f 217//441 419//441 215//441
f 418//442 419//442 217//442
f 215//443 420//443 218//443
f 218//444 420//444 219//444
f 419//445 420//445 215//445
f 420//446 421//446 219//446
f 219//447 422//447 221//447
f 221//448 422//448 220//448
f 421//449 422//449 219//449
f 220//450 423//450 222//450
f 422//451 423//451 220//451
f 423//452 424//452 222//452
f 222//453 425//453 223//453
f 424//454 425//454 222//454
f 223//455 426//455 225//455
f 425//456 426//456 223//456
f 225//457 427//457 224//457
f 426//458 427//458 225//458
f 224//459 428//459 226//459
f 427//460 428//460 224//460
f 226//461 429//461 227//461
f 428//462 429//462 226//462
f 227//463 430//463 228//463
f 429//464 430//464 227//464
f 143//465 431//465 165//465
f 196//466 431//466 143//466
f 165//467 432//467 164//467
f 431//468 432//468 165//468
f 164//469 433//469 170//469
f 432//470 433//470 164//470
f 170//471 434//471 169//471
f 433//472 434//472 170//472
f 169//473 435//473 171//473
f 434//474 435//474 169//474
f 171//475 436//475 174//475
f 435//476 436//476 171//476
f 174//477 437//477 178//477
f 436//478 437//478 174//478
f 178//479 438//479 177//479
f 437//480 438//480 178//480
f 438//481 439//481 177//481
f 177//482 439//482 179//482
f 179//483 440//483 180//483
f 439//484 440//484 179//484
f 180//485 441//485 183//485
f 440//486 441//486 180//486
f 183//487 442//487 189//487
f 441//488 442//488 183//488
f 189//489 443//489 188//489
f 442//490 443//490 189//490
f 188//491 444//491 190//491
f 443//492 444//492 188//492
f 190//493 445//493 192//493
f 444//494 445//494 190//494
f 192//495 446//495 191//495
f 445//496 446//496 192//496
f 191//497 447//497 193//497
f 446//498 447//498 191//498
f 193//499 448//499 194//499
f 447//500 448//500 193//500
f 194//501 449//501 184//501
f 184//502 449//502 185//502
f 448//503 449//503 194//503
f 449//504 450//504 185//504
f 185//505 451//505 186//505
f 450//506 451//506 185//506
f 186//507 452//507 187//507
f 451//508 452//508 186//508
f 187//509 453//509 181//509
f 452//510 453//510 187//510
f 181//511 454//511 182//511
f 182//512 454//512 175//512
f 453//513 454//513 181//513
f 454//514 455//514 175//514
f 175//515 456//515 176//515
f 455//516 456//516 175//516
f 176//517 457//517 172//517
f 456//518 457//518 176//518
f 172//519 458//519 173//519
f 173//520 458//520 168//520
f 457//521 458//521 172//521
f 458//522 459//522 168//522
f 168//523 460//523 166//523
f 166//524 460//524 167//524
f 459//525 460//525 168//525
f 460//526 461//526 167//526
f 167//527 462//527 124//527
f 461//528 462//528 167//528
f 418//529 411//529 410//529
f 418//530 412//530 411//530
f 418//531 413//531 412//531
f 418//532 414//532 413//532
f 418//533 415//533 414//533
f 418//534 416//534 415//534
f 418//535 417//535 416//535
f 409//536 418//536 410//536
f 419//537 418//537 409//537
f 408//538 419//538 409//538
f 420//539 419//539 408//539
f 407//540 420//540 408//540
f 421//541 420//541 407//541
f 405//542 407//542 406//542
f 405//543 421//543 407//543
f 423//544 422//544 421//544
f 428//545 427//545 426//545
f 429//546 403//546 402//546
f 429//547 404//547 403//547
f 429//548 405//548 404//548
f 429//549 424//549 423//549
f 429//550 425//550 424//550
f 429//551 426//551 425//551
f 429//552 423//552 421//552
f 429//553 421//553 405//553
f 429//554 428//554 426//554
f 430//555 429//555 402//555
f 430//556 401//556 400//556
f 430//557 402//557 401//557
f 463//558 430//558 400//558
f 463//559 399//559 3//559
f 463//560 400//560 399//560
f 464//561 465//561 466//561
f 467//562 464//562 463//562
f 467//563 465//563 464//563
f 468//564 463//564 3//564
f 468//565 3//565 36//565
f 464//566 430//566 463//566
f 124//567 462//567 99//567
f 99//568 462//568 469//568
f 470//569 36//569 56//569
f 470//570 468//570 36//570
f 471//571 56//571 55//571
f 471//572 470//572 56//572
f 472//573 55//573 54//573
f 472//574 471//574 55//574
f 473//575 54//575 60//575
f 473//576 472//576 54//576
f 474//577 60//577 61//577
f 474//578 473//578 60//578
f 475//579 61//579 62//579
f 475//580 474//580 61//580
f 476//581 62//581 59//581
f 476//582 475//582 62//582
f 477//583 59//583 64//583
f 477//584 64//584 68//584
f 477//585 476//585 59//585
f 478//586 477//586 68//586
f 479//587 68//587 69//587
f 479//588 478//588 68//588
f 480//589 69//589 67//589
f 480//590 479//590 69//590
f 481//591 67//591 71//591
f 481//592 480//592 67//592
f 482//593 71//593 74//593
f 482//594 481//594 71//594
f 483//595 74//595 73//595
f 483//596 482//596 74//596
f 484//597 73//597 77//597
f 484//598 483//598 73//598
f 485//599 77//599 76//599
f 485//600 76//600 79//600
f 485//601 484//601 77//601
f 486//602 485//602 79//602
f 487//603 79//603 81//603
f 487//604 486//604 79//604
f 488//605 81//605 84//605
f 488//606 487//606 81//606
f 489//607 84//607 83//607
f 489//608 488//608 84//608
f 490//609 83//609 87//609
f 490//610 489//610 83//610
f 491//611 87//611 86//611
f 491//612 490//612 87//612
f 492//613 86//613 89//613
f 492//614 89//614 88//614
f 492//615 491//615 86//615
f 493//616 492//616 88//616
f 494//617 88//617 92//617
f 494//618 493//618 88//618
f 495//619 92//619 93//619
f 495//620 93//620 91//620
f 495//621 494//621 92//621
f 496//622 495//622 91//622
f 497//623 91//623 95//623
f 497//624 496//624 91//624
f 498//625 95//625 97//625
f 498//626 497//626 95//626
f 499//627 97//627 96//627
f 499//628 96//628 100//628
f 499//629 498//629 97//629
f 500//630 100//630 99//630
f 500//631 499//631 100//631
f 469//632 500//632 99//632
f 122//633 121//633 501//633
f 501//634 121//634 502//634
f 502//635 120//635 503//635
f 121//636 120//636 502//636
f 503//637 119//637 504//637
f 120//638 119//638 503//638
f 504//639 118//639 505//639
f 119//640 118//640 504//640
f 505//641 117//641 506//641
f 118//642 117//642 505//642
f 506//643 116//643 507//643
f 117//644 116//644 506//644
f 507//645 115//645 508//645
f 508//646 115//646 509//646
f 116//647 115//647 507//647
f 115//648 114//648 509//648
f 509//649 112//649 510//649
f 114//650 112//650 509//650
f 510//651 110//651 511//651
f 112//652 110//652 510//652
f 110//653 108//653 511//653
f 511//654 108//654 512//654
f 512//655 108//655 513//655
f 108//656 106//656 513//656
f 106//657 104//657 513//657
f 513//658 104//658 514//658
f 104//659 102//659 514//659
f 514//660 102//660 515//660
f 515//661 101//661 516//661
f 516//662 101//662 517//662
f 102//663 101//663 515//663
f 101//664 103//664 517//664
f 517//665 82//665 518//665
f 103//666 82//666 517//666
f 518//667 78//667 519//667
f 519//668 78//668 520//668
f 82//669 78//669 518//669
f 78//670 72//670 520//670
f 520//671 66//671 521//671
f 72//672 66//672 520//672
f 521//673 63//673 522//673
f 66//674 63//674 521//674
f 522//675 57//675 523//675
f 63//676 57//676 522//676
f 523//677 45//677 524//677
f 57//678 45//678 523//678
f 524//679 44//679 525//679
f 45//680 44//680 524//680
f 525//681 46//681 526//681
f 44//682 46//682 525//682
f 526//683 47//683 527//683
f 46//684 47//684 526//684
f 527//685 48//685 528//685
f 47//686 48//686 527//686
f 528//687 49//687 529//687
f 529//688 49//688 530//688
f 48//689 49//689 528//689
f 49//690 50//690 530//690
f 530//691 51//691 531//691
f 50//692 51//692 530//692
f 531//693 52//693 532//693
f 51//694 52//694 531//694
f 532//695 38//695 533//695
f 52//696 38//696 532//696
f 533//697 37//697 534//697
f 38//698 37//698 533//698
f 534//699 39//699 535//699
f 37//700 39//700 534//700
f 535//701 40//701 536//701
f 39//702 40//702 535//702
f 536//703 41//703 537//703
f 40//704 41//704 536//704
f 537//705 42//705 538//705
f 538//706 42//706 539//706
f 41//707 42//707 537//707
f 42//708 43//708 539//708
f 539//709 43//709 540//709
f 43//710 18//710 540//710
f 18//711 16//711 540//711
f 540//712 16//712 541//712
f 16//713 14//713 541//713
f 541//714 14//714 542//714
f 14//715 12//715 542//715
f 542//716 12//716 543//716
f 12//717 10//717 543//717
f 543//718 10//718 544//718
f 10//719 8//719 544//719
f 544//720 8//720 545//720
f 8//721 6//721 545//721
f 545//722 6//722 546//722
f 6//723 4//723 546//723
f 546//724 4//724 547//724
f 547//725 4//725 548//725
f 4//726 2//726 548//726
f 548//727 1//727 549//727
f 2//728 1//728 548//728
f 549//729 5//729 550//729
f 1//730 5//730 549//730
f 550//731 7//731 551//731
f 551//732 7//732 552//732
f 5//733 7//733 550//733
f 7//734 9//734 552//734
f 552//735 11//735 553//735
f 553//736 11//736 554//736
f 9//737 11//737 552//737
f 11//738 13//738 554//738
f 554//739 15//739 555//739
f 555//740 15//740 556//740
f 13//741 15//741 554//741
f 15//742 17//742 556//742
f 556//743 19//743 557//743
f 17//744 19//744 556//744
f 557//745 20//745 558//745
f 558//746 20//746 559//746
f 19//747 20//747 557//747
f 20//748 21//748 559//748
f 559//749 22//749 560//749
f 21//750 22//750 559//750
f 560//751 23//751 561//751
f 22//752 23//752 560//752
f 561//753 24//753 562//753
f 23//754 24//754 561//754
f 24//755 25//755 562//755
f 562//756 25//756 563//756
f 563//757 25//757 564//757
f 25//758 26//758 564//758
f 564//759 26//759 565//759
f 26//760 27//760 565//760
f 27//761 29//761 565//761
f 565//762 29//762 566//762
f 566//763 29//763 567//763
f 29//764 30//764 567//764
f 567//765 30//765 568//765
f 30//766 31//766 568//766
f 568//767 31//767 569//767
f 31//768 32//768 569//768
f 32//769 33//769 569//769
f 569//770 33//770 570//770
f 570//771 33//771 571//771
f 33//772 34//772 571//772
f 34//773 35//773 571//773
f 571//774 35//774 572//774
f 35//775 53//775 572//775
f 572//776 53//776 573//776
f 573//777 53//777 574//777
f 53//778 58//778 574//778
f 58//779 65//779 574//779
f 574//780 65//780 575//780
f 65//781 70//781 575//781
f 575//782 70//782 576//782
f 70//783 75//783 576//783
f 576//784 75//784 577//784
f 577//785 75//785 578//785
f 75//786 80//786 578//786
f 80//787 85//787 578//787
f 578//788 85//788 579//788
f 85//789 90//789 579//789
f 579//790 90//790 580//790
f 580//791 90//791 581//791
f 90//792 94//792 581//792
f 94//793 98//793 581//793
f 581//794 98//794 582//794
f 98//795 105//795 582//795
f 582//796 105//796 583//796
f 583//797 107//797 584//797
f 105//798 107//798 583//798
f 584//799 107//799 585//799
f 107//800 109//800 585//800
f 585//801 111//801 586//801
f 109//802 111//802 585//802
f 586//803 113//803 587//803
f 111//804 113//804 586//804
f 587//805 144//805 588//805
f 113//806 144//806 587//806
f 144//807 145//807 588//807
f 588//808 145//808 589//808
f 145//809 146//809 589//809
f 589//810 146//810 590//810
f 146//811 147//811 590//811
f 590//812 147//812 591//812
f 147//813 148//813 591//813
f 591//814 148//814 592//814
f 592//815 148//815 593//815
f 148//816 149//816 593//816
f 149//817 150//817 593//817
f 593//818 150//818 594//818
f 150//819 151//819 594//819
f 594//820 151//820 595//820
f 151//821 152//821 595//821
f 595//822 152//822 596//822
f 152//823 153//823 596//823
f 596//824 153//824 597//824
f 153//825 154//825 597//825
f 597//826 154//826 598//826
f 154//827 155//827 598//827
f 598//828 155//828 599//828
f 155//829 156//829 599//829
f 599//830 156//830 600//830
f 600//831 157//831 601//831
f 156//832 157//832 600//832
f 601//833 158//833 602//833
f 157//834 158//834 601//834
f 602//835 159//835 603//835
f 158//836 159//836 602//836
f 603//837 160//837 604//837
f 159//838 160//838 603//838
f 604//839 161//839 605//839
f 605//840 161//840 606//840
f 160//841 161//841 604//841
f 161//842 162//842 606//842
f 606//843 163//843 607//843
f 162//844 163//844 606//844
f 607//845 126//845 608//845
f 163//846 126//846 607//846
f 608//847 125//847 609//847
f 126//848 125//848 608//848
f 609//849 127//849 610//849
f 125//850 127//850 609//850
f 610//851 128//851 611//851
f 127//852 128//852 610//852
f 611//853 129//853 612//853
f 128//854 129//854 611//854
f 129//855 130//855 612//855
f 612//856 130//856 613//856
f 130//857 131//857 613//857
f 613//858 131//858 614//858
f 131//859 132//859 614//859
f 614//860 132//860 615//860
f 132//861 133//861 615//861
f 615//862 133//862 616//862
f 133//863 134//863 616//863
f 616//864 134//864 617//864
f 617//865 135//865 618//865
f 134//866 135//866 617//866
f 618//867 136//867 619//867
f 135//868 136//868 618//868
f 619//869 137//869 620//869
f 620//870 137//870 621//870
f 136//871 137//871 619//871
f 137//872 138//872 621//872
f 621//873 139//873 622//873
f 138//874 139//874 621//874
f 622//875 140//875 623//875
f 139//876 140//876 622//876
f 623//877 141//877 624//877
f 140//878 141//878 623//878
f 624//879 142//879 625//879
f 141//880 142//880 624//880
f 625//881 123//881 626//881
f 626//882 123//882 501//882
f 142//883 123//883 625//883
f 123//884 122//884 501//884
f 430//885 464//885 627//885
f 228//886 627//886 628//886
f 228//887 628//887 322//887
f 228//888 430//888 627//888
f 463//889 629//889 630//889
f 196//890 195//890 629//890
f 433//891 432//891 431//891
f 436//892 434//892 433//892
f 436//893 435//893 434//893
f 436//894 433//894 431//894
f 437//895 431//895 196//895
f 437//896 436//896 431//896
f 438//897 437//897 196//897
f 440//898 439//898 438//898
f 442//899 441//899 440//899
f 443//900 440//900 438//900
f 443//901 442//901 440//901
f 443//902 438//902 196//902
f 445//903 443//903 196//903
f 445//904 444//904 443//904
f 447//905 446//905 445//905
f 447//906 445//906 196//906
f 448//907 447//907 196//907
f 451//908 448//908 196//908
f 451//909 449//909 448//909
f 451//910 450//910 449//910
f 454//911 453//911 452//911
f 455//912 452//912 451//912
f 455//913 454//913 452//913
f 457//914 456//914 455//914
f 457//915 455//915 451//915
f 459//916 458//916 457//916
f 460//917 457//917 451//917
f 460//918 459//918 457//918
f 462//919 451//919 196//919
f 462//920 461//920 460//920
f 462//921 460//921 451//921
f 468//922 196//922 629//922
f 468//923 629//923 463//923
f 469//924 462//924 196//924
f 469//925 196//925 468//925
f 472//926 470//926 471//926
f 473//927 470//927 472//927
f 496//928 497//928 498//928
f 496//929 498//929 499//929
f 475//930 468//930 470//930
f 475//931 473//931 474//931
f 475//932 470//932 473//932
f 476//933 468//933 475//933
f 477//934 469//934 468//934
f 477//935 468//935 476//935
f 477//936 499//936 500//936
f 477//937 500//937 469//937
f 479//938 477//938 478//938
f 491//939 492//939 493//939
f 491//940 493//940 494//940
f 480//941 477//941 479//941
f 489//942 490//942 491//942
f 481//943 477//943 480//943
f 488//944 494//944 495//944
f 488//945 495//945 496//945
f 488//946 491//946 494//946
f 488//947 489//947 491//947
f 483//948 481//948 482//948
f 483//949 477//949 481//949
f 486//950 488//950 496//950
f 486//951 487//951 488//951
f 486//952 496//952 499//952
f 485//953 477//953 483//953
f 485//954 486//954 499//954
f 485//955 483//955 484//955
f 485//956 499//956 477//956
f 631//957 632//957 633//957
f 633//958 634//958 635//958
f 632//959 634//959 633//959
f 634//960 636//960 637//960
f 638//961 639//961 640//961
f 641//962 642//962 639//962
f 643//963 644//963 645//963
f 646//964 644//964 643//964
f 636//965 647//965 646//965
f 646//966 647//966 644//966
f 648//967 649//967 642//967
f 650//968 649//968 648//968
f 642//969 651//969 639//969
f 649//970 651//970 642//970
f 647//971 652//971 653//971
f 654//972 655//972 656//972
f 652//973 655//973 654//973
f 647//974 655//974 652//974
f 651//975 657//975 639//975
f 640//976 657//976 632//976
f 658//977 657//977 651//977
f 659//978 657//978 658//978
f 660//979 657//979 659//979
f 661//980 657//980 660//980
f 639//981 657//981 640//981
f 632//982 657//982 634//982
f 634//983 657//983 636//983
f 657//984 466//984 636//984
f 647//985 466//985 655//985
f 655//986 466//986 662//986
f 636//987 466//987 647//987
f 657//988 663//988 466//988
f 657//989 664//989 663//989
f 663//990 665//990 466//990
f 657//991 666//991 664//991
f 665//992 667//992 466//992
f 657//993 668//993 666//993
f 667//994 669//994 466//994
f 657//995 670//995 668//995
f 669//996 671//996 466//996
f 657//997 672//997 670//997
f 671//998 673//998 466//998
f 657//999 674//999 672//999
f 673//1000 675//1000 466//1000
f 657//1001 676//1001 674//1001
f 675//1002 677//1002 466//1002
f 657//1003 678//1003 676//1003
f 677//1004 679//1004 466//1004
f 657//1005 680//1005 678//1005
f 679//1006 681//1006 466//1006
f 657//1007 682//1007 680//1007
f 681//1008 683//1008 466//1008
f 657//1009 684//1009 682//1009
f 683//1010 685//1010 466//1010
f 657//1011 686//1011 684//1011
f 466//1012 687//1012 464//1012
f 685//1013 687//1013 466//1013
f 657//1014 688//1014 686//1014
f 687//1015 689//1015 464//1015
f 657//1016 690//1016 688//1016
f 689//1017 691//1017 464//1017
f 657//1018 692//1018 690//1018
f 691//1019 693//1019 464//1019
f 657//1020 694//1020 692//1020
f 693//1021 695//1021 464//1021
f 695//1022 696//1022 464//1022
f 696//1023 697//1023 464//1023
f 697//1024 698//1024 464//1024
f 698//1025 699//1025 464//1025
f 699//1026 700//1026 464//1026
f 700//1027 701//1027 464//1027
f 701//1028 702//1028 464//1028
f 702//1029 703//1029 464//1029
f 703//1030 704//1030 464//1030
f 704//1031 705//1031 464//1031
f 705//1032 706//1032 464//1032
f 706//1033 707//1033 464//1033
f 707//1034 708//1034 464//1034
f 708//1035 709//1035 464//1035
f 709//1036 710//1036 464//1036
f 710//1037 711//1037 464//1037
f 711//1038 712//1038 464//1038
f 712//1039 713//1039 464//1039
f 713//1040 714//1040 464//1040
f 714//1041 715//1041 464//1041
f 715//1042 716//1042 464//1042
f 716//1043 717//1043 464//1043
f 717//1044 718//1044 464//1044
f 718//1045 719//1045 464//1045
f 719//1046 720//1046 464//1046
f 721//1047 722//1047 694//1047
f 694//1048 723//1048 721//1048
f 722//1049 724//1049 694//1049
f 694//1050 725//1050 723//1050
f 724//1051 726//1051 694//1051
f 694//1052 727//1052 725//1052
f 657//1053 727//1053 694//1053
f 726//1054 728//1054 694//1054
f 657//1055 729//1055 727//1055
f 728//1056 730//1056 694//1056
f 720//1057 731//1057 464//1057
f 657//1058 732//1058 729//1058
f 730//1059 733//1059 694//1059
f 657//1060 734//1060 732//1060
f 733//1061 735//1061 694//1061
f 657//1062 736//1062 734//1062
f 735//1063 737//1063 694//1063
f 657//1064 738//1064 736//1064
f 731//1065 739//1065 464//1065
f 737//1066 740//1066 694//1066
f 657//1067 741//1067 738//1067
f 740//1068 742//1068 694//1068
f 657//1069 743//1069 741//1069
f 742//1070 744//1070 694//1070
f 739//1071 745//1071 464//1071
f 657//1072 746//1072 743//1072
f 744//1073 747//1073 694//1073
f 657//1074 748//1074 746//1074
f 745//1075 749//1075 464//1075
f 747//1076 750//1076 694//1076
f 657//1077 751//1077 748//1077
f 750//1078 752//1078 694//1078
f 657//1079 753//1079 751//1079
f 752//1080 754//1080 694//1080
f 657//1081 755//1081 753//1081
f 754//1082 756//1082 694//1082
f 757//1083 627//1083 758//1083
f 758//1084 627//1084 759//1084
f 759//1085 627//1085 749//1085
f 749//1086 627//1086 464//1086
f 760//1087 761//1087 762//1087
f 762//1088 761//1088 763//1088
f 763//1089 761//1089 764//1089
f 764//1090 761//1090 765//1090
f 765//1091 761//1091 766//1091
f 766//1092 761//1092 767//1092
f 767//1093 761//1093 768//1093
f 768//1094 761//1094 769//1094
f 769//1095 761//1095 770//1095
f 770//1096 761//1096 771//1096
f 771//1097 761//1097 772//1097
f 772//1098 761//1098 773//1098
f 773//1099 761//1099 774//1099
f 774//1100 761//1100 775//1100
f 775//1101 761//1101 776//1101
f 776//1102 761//1102 777//1102
f 777//1103 761//1103 778//1103
f 778//1104 761//1104 779//1104
f 779//1105 761//1105 780//1105
f 781//1106 782//1106 783//1106
f 783//1107 782//1107 784//1107
f 784//1108 782//1108 785//1108
f 785//1109 782//1109 786//1109
f 786//1110 782//1110 787//1110
f 787//1111 782//1111 788//1111
f 788//1112 782//1112 789//1112
f 789//1113 782//1113 790//1113
f 790//1114 782//1114 791//1114
f 791//1115 782//1115 792//1115
f 792//1116 782//1116 793//1116
f 793//1117 782//1117 760//1117
f 657//1118 782//1118 755//1118
f 761//1119 782//1119 794//1119
f 794//1120 782//1120 795//1120
f 795//1121 782//1121 796//1121
f 796//1122 782//1122 797//1122
f 797//1123 782//1123 798//1123
f 798//1124 782//1124 799//1124
f 799//1125 782//1125 800//1125
f 800//1126 782//1126 801//1126
f 760//1127 782//1127 761//1127
f 755//1128 782//1128 781//1128
f 782//1129 802//1129 801//1129
f 803//1130 804//1130 805//1130
f 805//1131 804//1131 782//1131
f 782//1132 806//1132 802//1132
f 807//1133 808//1133 804//1133
f 808//1134 809//1134 804//1134
f 782//1135 810//1135 806//1135
f 782//1136 811//1136 810//1136
f 804//1137 812//1137 782//1137
f 813//1138 812//1138 814//1138
f 814//1139 812//1139 809//1139
f 809//1140 812//1140 804//1140
f 782//1141 815//1141 811//1141
f 816//1142 817//1142 812//1142
f 812//1143 817//1143 782//1143
f 782//1144 818//1144 815//1144
f 819//1145 820//1145 817//1145
f 817//1146 820//1146 782//1146
f 820//1147 821//1147 782//1147
f 782//1148 822//1148 818//1148
f 821//1149 823//1149 782//1149
f 782//1150 824//1150 822//1150
f 825//1151 826//1151 823//1151
f 826//1152 827//1152 823//1152
f 828//1153 829//1153 827//1153
f 823//1154 829//1154 782//1154
f 827//1155 829//1155 823//1155
f 829//1156 830//1156 782//1156
f 830//1157 831//1157 782//1157
f 832//1158 833//1158 834//1158
f 834//1159 833//1159 831//1159
f 835//1160 836//1160 833//1160
f 831//1161 836//1161 782//1161
f 833//1162 836//1162 831//1162
f 837//1163 838//1163 839//1163
f 839//1164 838//1164 836//1164
f 838//1165 840//1165 836//1165
f 824//1166 342//1166 841//1166
f 841//1167 342//1167 842//1167
f 842//1168 342//1168 843//1168
f 843//1169 342//1169 844//1169
f 844//1170 342//1170 845//1170
f 845//1171 342//1171 846//1171
f 782//1172 342//1172 824//1172
f 836//1173 342//1173 782//1173
f 840//1174 342//1174 836//1174
f 342//1175 847//1175 846//1175
f 342//1176 848//1176 847//1176
f 342//1177 849//1177 848//1177
f 342//1178 850//1178 849//1178
f 342//1179 851//1179 850//1179
f 342//1180 852//1180 851//1180
f 853//1181 854//1181 628//1181
f 854//1182 855//1182 628//1182
f 855//1183 856//1183 628//1183
f 342//1184 322//1184 852//1184
f 856//1185 322//1185 628//1185
f 852//1186 322//1186 857//1186
f 857//1187 322//1187 858//1187
f 858//1188 322//1188 859//1188
f 859//1189 322//1189 860//1189
f 860//1190 322//1190 861//1190
f 861//1191 322//1191 862//1191
f 862//1192 322//1192 863//1192
f 863//1193 322//1193 864//1193
f 864//1194 322//1194 865//1194
f 865//1195 322//1195 866//1195
f 866//1196 322//1196 867//1196
f 867//1197 322//1197 868//1197
f 868//1198 322//1198 869//1198
f 869//1199 322//1199 870//1199
f 870//1200 322//1200 871//1200
f 871//1201 322//1201 872//1201
f 872//1202 322//1202 873//1202
f 873//1203 322//1203 874//1203
f 874//1204 322//1204 875//1204
f 875//1205 322//1205 876//1205
f 876//1206 322//1206 877//1206
f 877//1207 322//1207 878//1207
f 878//1208 322//1208 879//1208
f 879//1209 322//1209 880//1209
f 880//1210 322//1210 881//1210
f 881//1211 322//1211 882//1211
f 882//1212 322//1212 883//1212
f 883//1213 322//1213 884//1213
f 884//1214 322//1214 885//1214
f 885//1215 322//1215 886//1215
f 886//1216 322//1216 887//1216
f 887//1217 322//1217 888//1217
f 888//1218 322//1218 856//1218
f 195//1219 279//1219 629//1219
f 629//1220 279//1220 889//1220
f 341//1221 840//1221 890//1221
f 342//1222 840//1222 341//1222
f 890//1223 838//1223 891//1223
f 840//1224 838//1224 890//1224
f 891//1225 837//1225 892//1225
f 838//1226 837//1226 891//1226
f 892//1227 839//1227 893//1227
f 893//1228 839//1228 894//1228
f 837//1229 839//1229 892//1229
f 839//1230 836//1230 894//1230
f 894//1231 835//1231 895//1231
f 836//1232 835//1232 894//1232
f 895//1233 833//1233 896//1233
f 835//1234 833//1234 895//1234
f 896//1235 832//1235 897//1235
f 833//1236 832//1236 896//1236
f 832//1237 834//1237 897//1237
f 897//1238 834//1238 898//1238
f 898//1239 831//1239 899//1239
f 834//1240 831//1240 898//1240
f 899//1241 830//1241 900//1241
f 831//1242 830//1242 899//1242
f 900//1243 829//1243 901//1243
f 901//1244 829//1244 902//1244
f 830//1245 829//1245 900//1245
f 829//1246 828//1246 902//1246
f 828//1247 827//1247 902//1247
f 902//1248 827//1248 903//1248
f 903//1249 826//1249 904//1249
f 827//1250 826//1250 903//1250
f 904//1251 825//1251 905//1251
f 905//1252 825//1252 906//1252
f 826//1253 825//1253 904//1253
f 825//1254 823//1254 906//1254
f 906//1255 821//1255 907//1255
f 823//1256 821//1256 906//1256
f 907//1257 820//1257 908//1257
f 821//1258 820//1258 907//1258
f 908//1259 819//1259 909//1259
f 820//1260 819//1260 908//1260
f 909//1261 817//1261 910//1261
f 819//1262 817//1262 909//1262
f 910//1263 816//1263 911//1263
f 817//1264 816//1264 910//1264
f 911//1265 812//1265 912//1265
f 816//1266 812//1266 911//1266
f 912//1267 813//1267 913//1267
f 812//1268 813//1268 912//1268
f 913//1269 814//1269 914//1269
f 813//1270 814//1270 913//1270
f 914//1271 809//1271 915//1271
f 814//1272 809//1272 914//1272
f 915//1273 808//1273 916//1273
f 809//1274 808//1274 915//1274
f 916//1275 807//1275 917//1275
f 808//1276 807//1276 916//1276
f 917//1277 804//1277 918//1277
f 807//1278 804//1278 917//1278
f 918//1279 803//1279 919//1279
f 919//1280 803//1280 920//1280
f 804//1281 803//1281 918//1281
f 920//1282 805//1282 921//1282
f 803//1283 805//1283 920//1283
f 805//1284 782//1284 921//1284
f 922//1285 923//1285 924//1285
f 922//1286 924//1286 925//1286
f 926//1287 927//1287 922//1287
f 928//1288 926//1288 922//1288
f 929//1289 928//1289 922//1289
f 930//1290 931//1290 932//1290
f 933//1291 932//1291 929//1291
f 933//1292 922//1292 925//1292
f 933//1293 929//1293 922//1293
f 933//1294 930//1294 932//1294
f 934//1295 935//1295 933//1295
f 934//1296 933//1296 925//1296
f 936//1297 934//1297 925//1297
f 937//1298 938//1298 936//1298
f 937//1299 936//1299 925//1299
f 939//1300 940//1300 937//1300
f 941//1301 937//1301 925//1301
f 941//1302 939//1302 937//1302
f 941//1303 942//1303 939//1303
f 943//1304 941//1304 925//1304
f 944//1305 943//1305 925//1305
f 945//1306 946//1306 944//1306
f 947//1307 944//1307 925//1307
f 947//1308 945//1308 944//1308
f 948//1309 949//1309 950//1309
f 951//1310 948//1310 950//1310
f 951//1311 950//1311 947//1311
f 952//1312 947//1312 925//1312
f 952//1313 951//1313 947//1313
f 953//1314 952//1314 925//1314
f 953//1315 954//1315 952//1315
f 889//1316 953//1316 925//1316
f 889//1317 925//1317 955//1317
f 889//1318 955//1318 956//1318
f 957//1319 953//1319 889//1319
f 281//1320 889//1320 279//1320
f 281//1321 957//1321 889//1321
f 958//1322 959//1322 960//1322
f 961//1323 962//1323 963//1323
f 964//1324 281//1324 959//1324
f 964//1325 963//1325 957//1325
f 964//1326 959//1326 958//1326
f 964//1327 957//1327 281//1327
f 965//1328 961//1328 963//1328
f 966//1329 967//1329 968//1329
f 966//1330 968//1330 969//1330
f 966//1331 969//1331 965//1331
f 970//1332 971//1332 972//1332
f 970//1333 972//1333 973//1333
f 970//1334 973//1334 974//1334
f 975//1335 966//1335 965//1335
f 976//1336 964//1336 971//1336
f 976//1337 971//1337 970//1337
f 977//1338 978//1338 975//1338
f 979//1339 965//1339 963//1339
f 979//1340 975//1340 965//1340
f 979//1341 977//1341 975//1341
f 980//1342 976//1342 981//1342
f 980//1343 964//1343 976//1343
f 982//1344 979//1344 963//1344
f 983//1345 982//1345 963//1345
f 984//1346 980//1346 985//1346
f 984//1347 985//1347 986//1347
f 984//1348 964//1348 980//1348
f 987//1349 983//1349 963//1349
f 987//1350 964//1350 984//1350
f 987//1351 988//1351 983//1351
f 987//1352 963//1352 964//1352
f 904//1353 905//1353 906//1353
f 907//1354 904//1354 906//1354
f 901//1355 902//1355 903//1355
f 901//1356 903//1356 904//1356
f 901//1357 904//1357 907//1357
f 911//1358 909//1358 910//1358
f 899//1359 900//1359 901//1359
f 913//1360 908//1360 909//1360
f 913//1361 911//1361 912//1361
f 913//1362 909//1362 911//1362
f 897//1363 898//1363 899//1363
f 897//1364 899//1364 901//1364
f 916//1365 913//1365 914//1365
f 916//1366 914//1366 915//1366
f 894//1367 895//1367 896//1367
f 894//1368 896//1368 897//1368
f 892//1369 893//1369 894//1369
f 918//1370 913//1370 916//1370
f 918//1371 916//1371 917//1371
f 918//1372 908//1372 913//1372
f 891//1373 897//1373 901//1373
f 891//1374 894//1374 897//1374
f 891//1375 892//1375 894//1375
f 891//1376 901//1376 907//1376
f 921//1377 891//1377 907//1377
f 921//1378 907//1378 908//1378
f 921//1379 918//1379 919//1379
f 921//1380 919//1380 920//1380
f 921//1381 908//1381 918//1381
f 341//1382 890//1382 891//1382
f 341//1383 891//1383 921//1383
f 989//1384 341//1384 921//1384
f 990//1385 989//1385 921//1385
f 991//1386 341//1386 989//1386
f 992//1387 990//1387 921//1387
f 993//1388 341//1388 991//1388
f 994//1389 992//1389 921//1389
f 995//1390 341//1390 993//1390
f 996//1391 994//1391 921//1391
f 997//1392 341//1392 995//1392
f 998//1393 996//1393 921//1393
f 999//1394 341//1394 997//1394
f 1000//1395 998//1395 921//1395
f 1001//1396 341//1396 999//1396
f 1002//1397 1000//1397 921//1397
f 1003//1398 341//1398 1001//1398
f 1004//1399 1002//1399 921//1399
f 1005//1400 341//1400 1003//1400
f 1006//1401 1004//1401 921//1401
f 1007//1402 341//1402 1005//1402
f 1008//1403 1006//1403 921//1403
f 1009//1404 341//1404 1007//1404
f 1010//1405 1008//1405 921//1405
f 1011//1406 341//1406 1009//1406
f 1012//1407 1010//1407 921//1407
f 1013//1408 341//1408 1011//1408
f 1014//1409 1012//1409 921//1409
f 1015//1410 341//1410 1013//1410
f 1016//1411 1014//1411 921//1411
f 1017//1412 341//1412 1015//1412
f 1018//1413 1016//1413 921//1413
f 1019//1414 341//1414 1017//1414
f 1020//1415 1018//1415 921//1415
f 1021//1416 1019//1416 1022//1416
f 1021//1417 1022//1417 1023//1417
f 1021//1418 1023//1418 1024//1418
f 1021//1419 1024//1419 1025//1419
f 1021//1420 1025//1420 1026//1420
f 1021//1421 1026//1421 1027//1421
f 1021//1422 1027//1422 1028//1422
f 1021//1423 1028//1423 1029//1423
f 1021//1424 1029//1424 1030//1424
f 1021//1425 1030//1425 1031//1425
f 1021//1426 1031//1426 1032//1426
f 1021//1427 1032//1427 1033//1427
f 1021//1428 1033//1428 1034//1428
f 1021//1429 1034//1429 1035//1429
f 1021//1430 1035//1430 1036//1430
f 1021//1431 1036//1431 1037//1431
f 1021//1432 341//1432 1019//1432
f 1038//1433 1021//1433 1037//1433
f 1039//1434 1021//1434 1038//1434
f 1040//1435 1021//1435 1039//1435
f 1041//1436 1021//1436 1040//1436
f 1042//1437 1021//1437 1041//1437
f 1043//1438 1021//1438 1042//1438
f 1044//1439 1021//1439 1043//1439
f 1045//1440 1021//1440 1044//1440
f 1046//1441 1021//1441 1045//1441
f 1047//1442 1021//1442 1046//1442
f 1048//1443 1020//1443 1049//1443
f 1050//1444 1049//1444 1020//1444
f 1051//1445 1020//1445 1048//1445
f 1052//1446 1050//1446 1020//1446
f 1053//1447 1020//1447 1051//1447
f 1054//1448 1052//1448 1020//1448
f 1054//1449 1020//1449 921//1449
f 1055//1450 1020//1450 1053//1450
f 1056//1451 1054//1451 921//1451
f 1057//1452 1020//1452 1055//1452
f 1058//1453 1021//1453 1047//1453
f 1059//1454 1056//1454 921//1454
f 1060//1455 1020//1455 1057//1455
f 1061//1456 1059//1456 921//1456
f 1062//1457 1020//1457 1060//1457
f 1063//1458 1061//1458 921//1458
f 1064//1459 1020//1459 1062//1459
f 1065//1460 1063//1460 921//1460
f 1066//1461 1021//1461 1058//1461
f 1067//1462 1020//1462 1064//1462
f 1068//1463 1065//1463 921//1463
f 1069//1464 1020//1464 1067//1464
f 1070//1465 1068//1465 921//1465
f 1071//1466 1020//1466 1069//1466
f 1072//1467 1021//1467 1066//1467
f 1073//1468 1070//1468 921//1468
f 1074//1469 1020//1469 1071//1469
f 1075//1470 1073//1470 921//1470
f 1076//1471 1021//1471 1072//1471
f 1077//1472 1020//1472 1074//1472
f 1078//1473 1075//1473 921//1473
f 1079//1474 1020//1474 1077//1474
f 1080//1475 1078//1475 921//1475
f 1081//1476 1021//1476 1076//1476
f 1082//1477 1020//1477 1079//1477
f 1083//1478 1080//1478 921//1478
f 1084//1479 1020//1479 1082//1479
f 290//1480 341//1480 1021//1480
f 1085//1481 290//1481 1021//1481
f 1086//1482 1087//1482 1088//1482
f 1089//1483 1090//1483 1091//1483
f 1089//1484 1091//1484 1092//1484
f 1089//1485 1092//1485 1093//1485
f 1089//1486 1093//1486 1094//1486
f 1089//1487 1094//1487 1095//1487
f 1089//1488 1095//1488 1096//1488
f 1089//1489 1096//1489 1097//1489
f 1089//1490 1097//1490 1098//1490
f 1089//1491 1098//1491 1099//1491
f 1089//1492 1099//1492 1100//1492
f 1089//1493 1100//1493 1101//1493
f 1089//1494 1101//1494 1102//1494
f 1089//1495 1102//1495 1103//1495
f 1089//1496 1103//1496 1104//1496
f 1089//1497 1104//1497 1105//1497
f 1089//1498 1105//1498 1106//1498
f 1089//1499 1106//1499 1107//1499
f 1089//1500 1107//1500 1108//1500
f 1089//1501 1108//1501 1109//1501
f 1110//1502 1083//1502 921//1502
f 1110//1503 1089//1503 1109//1503
f 1110//1504 1111//1504 1112//1504
f 1110//1505 1112//1505 1113//1505
f 1110//1506 1113//1506 1114//1506
f 1110//1507 1114//1507 1115//1507
f 1110//1508 1115//1508 1116//1508
f 1110//1509 1116//1509 1117//1509
f 1110//1510 1117//1510 1118//1510
f 1110//1511 1118//1511 1089//1511
f 1110//1512 1109//1512 1119//1512
f 1110//1513 1119//1513 1120//1513
f 1110//1514 1120//1514 1121//1514
f 1110//1515 1121//1515 1122//1515
f 1110//1516 1122//1516 1123//1516
f 1110//1517 1123//1517 1124//1517
f 1110//1518 1124//1518 1125//1518
f 1110//1519 1125//1519 1126//1519
f 1110//1520 1126//1520 1127//1520
f 1110//1521 1127//1521 1128//1521
f 1110//1522 1128//1522 1129//1522
f 1110//1523 1129//1523 1130//1523
f 1110//1524 1130//1524 1083//1524
f 1131//1525 1111//1525 1110//1525
f 1132//1526 1133//1526 1134//1526
f 1135//1527 1131//1527 1110//1527
f 1136//1528 1133//1528 1132//1528
f 1136//1529 1110//1529 1133//1529
f 1137//1530 1135//1530 1110//1530
f 1138//1531 1139//1531 1140//1531
f 1138//1532 1136//1532 1139//1532
f 1141//1533 1136//1533 1138//1533
f 1142//1534 1137//1534 1110//1534
f 1143//1535 1136//1535 1141//1535
f 1143//1536 1141//1536 1144//1536
f 1145//1537 1142//1537 1110//1537
f 1146//1538 1110//1538 1136//1538
f 1146//1539 1136//1539 1143//1539
f 1147//1540 1145//1540 1110//1540
f 1148//1541 1146//1541 1149//1541
f 1150//1542 1146//1542 1148//1542
f 1150//1543 1110//1543 1146//1543
f 1151//1544 1147//1544 1110//1544
f 1152//1545 1110//1545 1150//1545
f 1153//1546 1110//1546 1152//1546
f 1154//1547 1151//1547 1110//1547
f 1155//1548 1156//1548 1157//1548
f 1155//1549 1153//1549 1156//1549
f 1155//1550 1110//1550 1153//1550
f 1158//1551 1110//1551 1155//1551
f 1159//1552 1160//1552 1161//1552
f 1159//1553 1158//1553 1160//1553
f 1162//1554 1158//1554 1159//1554
f 1163//1555 1162//1555 1164//1555
f 1165//1556 1158//1556 1162//1556
f 1165//1557 1162//1557 1163//1557
f 1166//1558 1165//1558 1167//1558
f 1168//1559 1165//1559 1166//1559
f 1169//1560 1165//1560 1168//1560
f 465//1561 1170//1561 1171//1561
f 465//1562 1171//1562 1172//1562
f 465//1563 1172//1563 1173//1563
f 465//1564 1173//1564 1174//1564
f 465//1565 1174//1565 1175//1565
f 465//1566 1175//1566 1154//1566
f 465//1567 1154//1567 1110//1567
f 465//1568 1110//1568 1158//1568
f 465//1569 1165//1569 1169//1569
f 465//1570 1158//1570 1165//1570
f 1176//1571 1170//1571 465//1571
f 1177//1572 1176//1572 465//1572
f 1178//1573 1177//1573 465//1573
f 1179//1574 1178//1574 465//1574
f 1180//1575 1179//1575 465//1575
f 1181//1576 1180//1576 465//1576
f 1182//1577 1181//1577 465//1577
f 1183//1578 1182//1578 465//1578
f 1184//1579 1185//1579 1186//1579
f 1187//1580 1185//1580 1184//1580
f 1188//1581 1185//1581 1187//1581
f 1189//1582 1185//1582 1188//1582
f 467//1583 1189//1583 1190//1583
f 467//1584 1190//1584 1191//1584
f 467//1585 1191//1585 1192//1585
f 467//1586 1192//1586 1193//1586
f 467//1587 1193//1587 1194//1587
f 467//1588 1194//1588 1195//1588
f 467//1589 1195//1589 1196//1589
f 467//1590 1196//1590 1197//1590
f 467//1591 1197//1591 1198//1591
f 467//1592 1198//1592 1199//1592
f 467//1593 1199//1593 1200//1593
f 467//1594 1200//1594 1201//1594
f 467//1595 1201//1595 1202//1595
f 467//1596 1202//1596 1203//1596
f 467//1597 1203//1597 1204//1597
f 467//1598 1204//1598 1205//1598
f 467//1599 1183//1599 465//1599
f 467//1600 1205//1600 1206//1600
f 467//1601 1206//1601 1207//1601
f 467//1602 1207//1602 1208//1602
f 467//1603 1208//1603 1209//1603
f 467//1604 1209//1604 1210//1604
f 467//1605 1210//1605 1211//1605
f 467//1606 1211//1606 1212//1606
f 467//1607 1212//1607 1213//1607
f 467//1608 1213//1608 1214//1608
f 467//1609 1214//1609 1215//1609
f 467//1610 1215//1610 1216//1610
f 467//1611 1216//1611 1217//1611
f 467//1612 1217//1612 1218//1612
f 467//1613 1218//1613 1183//1613
f 467//1614 1185//1614 1189//1614
f 1086//1615 1021//1615 1087//1615
f 1087//1616 1021//1616 1081//1616
f 281//1617 1219//1617 959//1617
f 280//1618 1219//1618 281//1618
f 959//1619 1220//1619 960//1619
f 1219//1620 1220//1620 959//1620
f 960//1621 1221//1621 958//1621
f 1220//1622 1221//1622 960//1622
f 958//1623 1222//1623 964//1623
f 1221//1624 1222//1624 958//1624
f 964//1625 1223//1625 971//1625
f 1222//1626 1223//1626 964//1626
f 971//1627 1224//1627 972//1627
f 1223//1628 1224//1628 971//1628
f 972//1629 1225//1629 973//1629
f 1224//1630 1225//1630 972//1630
f 973//1631 1226//1631 974//1631
f 1225//1632 1226//1632 973//1632
f 1226//1633 1227//1633 974//1633
f 974//1634 1227//1634 970//1634
f 970//1635 1228//1635 976//1635
f 1227//1636 1228//1636 970//1636
f 976//1637 1229//1637 981//1637
f 1228//1638 1229//1638 976//1638
f 981//1639 1230//1639 980//1639
f 1229//1640 1230//1640 981//1640
f 980//1641 1231//1641 985//1641
f 1230//1642 1231//1642 980//1642
f 985//1643 1232//1643 986//1643
f 1231//1644 1232//1644 985//1644
f 986//1645 1233//1645 984//1645
f 1232//1646 1233//1646 986//1646
f 984//1647 1234//1647 987//1647
f 1233//1648 1234//1648 984//1648
f 987//1649 1235//1649 988//1649
f 1234//1650 1235//1650 987//1650
f 988//1651 1236//1651 983//1651
f 1235//1652 1236//1652 988//1652
f 983//1653 1237//1653 982//1653
f 982//1654 1237//1654 979//1654
f 1236//1655 1237//1655 983//1655
f 1237//1656 1238//1656 979//1656
f 979//1657 1239//1657 977//1657
f 1238//1658 1239//1658 979//1658
f 977//1659 1240//1659 978//1659
f 1239//1660 1240//1660 977//1660
f 978//1661 1241//1661 975//1661
f 1240//1662 1241//1662 978//1662
f 975//1663 1242//1663 966//1663
f 966//1664 1242//1664 967//1664
f 1241//1665 1242//1665 975//1665
f 1242//1666 1243//1666 967//1666
f 967//1667 1244//1667 968//1667
f 1243//1668 1244//1668 967//1668
f 968//1669 1245//1669 969//1669
f 1244//1670 1245//1670 968//1670
f 969//1671 1246//1671 965//1671
f 965//1672 1246//1672 961//1672
f 1245//1673 1246//1673 969//1673
f 1246//1674 1247//1674 961//1674
f 961//1675 1248//1675 962//1675
f 962//1676 1248//1676 963//1676
f 1247//1677 1248//1677 961//1677
f 1248//1678 1249//1678 963//1678
f 963//1679 1250//1679 957//1679
f 1249//1680 1250//1680 963//1680
f 1085//1681 1251//1681 290//1681
f 290//1682 1251//1682 321//1682
f 1220//1683 1219//1683 280//1683
f 1221//1684 1220//1684 280//1684
f 1225//1685 1222//1685 1221//1685
f 1225//1686 1223//1686 1222//1686
f 1225//1687 1224//1687 1223//1687
f 1226//1688 1225//1688 1221//1688
f 1227//1689 1226//1689 1221//1689
f 1230//1690 1228//1690 1227//1690
f 1230//1691 1229//1691 1228//1691
f 1231//1692 1230//1692 1227//1692
f 1231//1693 1227//1693 1221//1693
f 1233//1694 1231//1694 1221//1694
f 1233//1695 1232//1695 1231//1695
f 1234//1696 1233//1696 1221//1696
f 1236//1697 1234//1697 1221//1697
f 1236//1698 1235//1698 1234//1698
f 1241//1699 1238//1699 1237//1699
f 1241//1700 1239//1700 1238//1700
f 1241//1701 1240//1701 1239//1701
f 1242//1702 1241//1702 1237//1702
f 1243//1703 1236//1703 1221//1703
f 1243//1704 1242//1704 1237//1704
f 1243//1705 1237//1705 1236//1705
f 1246//1706 1243//1706 1221//1706
f 1246//1707 1244//1707 1243//1707
f 1246//1708 1245//1708 1244//1708
f 1247//1709 1246//1709 1221//1709
f 1248//1710 1247//1710 1221//1710
f 1250//1711 1248//1711 1221//1711
f 1250//1712 1249//1712 1248//1712
f 1250//1713 280//1713 345//1713
f 1250//1714 1221//1714 280//1714
f 1252//1715 345//1715 1253//1715
f 1252//1716 1250//1716 345//1716
f 1252//1717 1253//1717 1254//1717
f 1255//1718 1256//1718 1252//1718
f 1255//1719 1252//1719 1254//1719
f 1257//1720 1258//1720 1259//1720
f 1260//1721 1258//1721 1257//1721
f 1261//1722 1262//1722 1263//1722
f 1264//1723 1265//1723 1255//1723
f 1264//1724 1263//1724 1265//1724
f 1264//1725 1255//1725 1254//1725
f 1264//1726 1261//1726 1263//1726
f 1264//1727 1254//1727 1258//1727
f 1266//1728 1267//1728 1268//1728
f 1266//1729 1260//1729 1267//1729
f 1269//1730 1260//1730 1266//1730
f 1270//1731 1260//1731 1269//1731
f 1271//1732 1272//1732 1273//1732
f 1274//1733 1273//1733 1264//1733
f 1274//1734 1264//1734 1258//1734
f 1274//1735 1271//1735 1273//1735
f 1275//1736 1258//1736 1260//1736
f 1275//1737 1270//1737 1276//1737
f 1275//1738 1260//1738 1270//1738
f 1277//1739 1258//1739 1275//1739
f 1278//1740 1279//1740 1274//1740
f 1278//1741 1274//1741 1258//1741
f 1280//1742 1277//1742 1281//1742
f 1282//1743 1283//1743 1278//1743
f 1284//1744 1277//1744 1280//1744
f 1285//1745 1277//1745 1284//1745
f 1285//1746 1278//1746 1258//1746
f 1285//1747 1258//1747 1277//1747
f 1285//1748 1282//1748 1278//1748
f 1286//1749 1287//1749 1288//1749
f 1289//1750 1287//1750 1286//1750
f 1290//1751 1291//1751 1287//1751
f 1290//1752 1292//1752 1291//1752
f 1290//1753 1293//1753 1292//1753
f 1290//1754 1287//1754 1289//1754
f 1294//1755 1295//1755 1290//1755
f 1296//1756 1297//1756 1298//1756
f 1296//1757 1299//1757 1297//1757
f 1296//1758 1300//1758 1299//1758
f 1301//1759 1294//1759 1290//1759
f 1302//1760 1296//1760 1303//1760
f 1302//1761 1289//1761 1300//1761
f 1302//1762 1300//1762 1296//1762
f 1304//1763 1305//1763 1301//1763
f 1304//1764 1301//1764 1290//1764
f 1306//1765 1302//1765 1307//1765
f 1308//1766 1302//1766 1306//1766
f 1309//1767 1310//1767 1311//1767
f 1312//1768 1304//1768 1290//1768
f 1312//1769 1309//1769 1311//1769
f 1312//1770 1311//1770 1304//1770
f 1313//1771 1314//1771 1315//1771
f 1313//1772 1316//1772 1314//1772
f 1313//1773 1289//1773 1302//1773
f 1313//1774 1308//1774 1316//1774
f 1313//1775 1302//1775 1308//1775
f 1313//1776 1290//1776 1289//1776
f 1317//1777 1312//1777 1290//1777
f 1317//1778 1290//1778 1313//1778
f 1317//1779 1318//1779 1312//1779
f 1319//1780 1317//1780 1313//1780
f 1320//1781 1319//1781 1313//1781
f 1321//1782 1317//1782 1319//1782
f 1322//1783 1320//1783 1313//1783
f 1323//1784 1317//1784 1321//1784
f 1324//1785 1322//1785 1313//1785
f 1325//1786 1317//1786 1323//1786
f 1326//1787 1324//1787 1313//1787
f 1327//1788 1317//1788 1325//1788
f 1328//1789 1326//1789 1313//1789
f 1329//1790 1317//1790 1327//1790
f 1330//1791 1328//1791 1313//1791
f 1331//1792 1317//1792 1329//1792
f 1332//1793 1330//1793 1313//1793
f 1333//1794 1317//1794 1331//1794
f 1334//1795 1332//1795 1313//1795
f 1335//1796 1317//1796 1333//1796
f 1336//1797 1334//1797 1313//1797
f 1337//1798 1317//1798 1335//1798
f 1338//1799 1336//1799 1313//1799
f 1339//1800 1317//1800 1337//1800
f 1340//1801 1338//1801 1313//1801
f 1341//1802 1317//1802 1339//1802
f 1342//1803 1340//1803 1313//1803
f 1343//1804 1317//1804 1341//1804
f 1344//1805 1342//1805 1313//1805
f 1345//1806 1317//1806 1343//1806
f 1346//1807 1344//1807 1313//1807
f 1347//1808 1317//1808 1345//1808
f 1348//1809 1346//1809 1313//1809
f 1349//1810 1347//1810 1350//1810
f 1349//1811 1317//1811 1347//1811
f 1351//1812 1348//1812 1313//1812
f 1352//1813 1349//1813 1350//1813
f 1353//1814 1349//1814 1352//1814
f 1354//1815 1349//1815 1353//1815
f 1355//1816 1349//1816 1354//1816
f 1356//1817 1349//1817 1355//1817
f 1357//1818 1349//1818 1356//1818
f 1358//1819 1349//1819 1357//1819
f 1359//1820 1349//1820 1358//1820
f 1360//1821 1349//1821 1359//1821
f 1361//1822 1349//1822 1360//1822
f 1362//1823 1349//1823 1361//1823
f 1363//1824 1349//1824 1362//1824
f 1364//1825 1349//1825 1363//1825
f 1365//1826 1349//1826 1364//1826
f 1366//1827 1349//1827 1365//1827
f 1367//1828 1349//1828 1366//1828
f 1368//1829 1349//1829 1367//1829
f 1369//1830 1349//1830 1368//1830
f 1370//1831 1349//1831 1369//1831
f 1371//1832 1349//1832 1370//1832
f 1372//1833 1349//1833 1371//1833
f 1373//1834 1349//1834 1372//1834
f 1374//1835 1349//1835 1373//1835
f 1375//1836 1349//1836 1374//1836
f 1376//1837 1349//1837 1375//1837
f 1377//1838 1349//1838 1376//1838
f 1378//1839 1351//1839 1379//1839
f 1380//1840 1379//1840 1351//1840
f 1381//1841 1351//1841 1378//1841
f 1382//1842 1380//1842 1351//1842
f 1383//1843 1351//1843 1381//1843
f 1384//1844 1382//1844 1351//1844
f 1384//1845 1351//1845 1313//1845
f 1385//1846 1351//1846 1383//1846
f 1386//1847 1384//1847 1313//1847
f 1387//1848 1351//1848 1385//1848
f 1388//1849 1349//1849 1377//1849
f 1389//1850 1386//1850 1313//1850
f 1390//1851 1351//1851 1387//1851
f 1391//1852 1389//1852 1313//1852
f 1392//1853 1351//1853 1390//1853
f 1393//1854 1391//1854 1313//1854
f 1394//1855 1351//1855 1392//1855
f 1395//1856 1393//1856 1313//1856
f 1396//1857 1349//1857 1388//1857
f 1397//1858 1351//1858 1394//1858
f 1398//1859 1395//1859 1313//1859
f 1399//1860 1351//1860 1397//1860
f 1400//1861 1398//1861 1313//1861
f 1401//1862 1351//1862 1399//1862
f 1402//1863 1349//1863 1396//1863
f 1403//1864 1400//1864 1313//1864
f 1404//1865 1351//1865 1401//1865
f 1405//1866 1403//1866 1313//1866
f 1406//1867 1351//1867 1404//1867
f 1407//1868 1405//1868 1313//1868
f 1408//1869 1351//1869 1406//1869
f 1409//1870 1407//1870 1313//1870
f 1410//1871 1351//1871 1408//1871
f 1411//1872 1409//1872 1313//1872
f 1412//1873 1351//1873 1410//1873
f 1413//1874 1414//1874 1415//1874
f 1413//1875 1416//1875 1414//1875
f 1413//1876 1402//1876 1416//1876
f 1413//1877 1349//1877 1402//1877
f 1413//1878 1415//1878 1417//1878
f 1418//1879 1419//1879 1420//1879
f 1418//1880 1421//1880 1419//1880
f 1418//1881 1422//1881 1421//1881
f 1418//1882 1423//1882 1422//1882
f 1418//1883 1424//1883 1423//1883
f 1418//1884 1425//1884 1424//1884
f 1418//1885 1426//1885 1425//1885
f 1418//1886 1427//1886 1426//1886
f 1418//1887 1428//1887 1427//1887
f 1418//1888 1429//1888 1428//1888
f 1418//1889 1430//1889 1429//1889
f 1418//1890 1431//1890 1430//1890
f 1418//1891 1432//1891 1431//1891
f 1418//1892 1433//1892 1432//1892
f 1418//1893 1434//1893 1433//1893
f 1418//1894 1435//1894 1434//1894
f 1418//1895 1436//1895 1435//1895
f 1418//1896 1437//1896 1436//1896
f 1418//1897 1438//1897 1437//1897
f 1439//1898 1440//1898 1411//1898
f 1439//1899 1441//1899 1440//1899
f 1439//1900 1442//1900 1441//1900
f 1439//1901 1443//1901 1442//1901
f 1439//1902 1444//1902 1443//1902
f 1439//1903 1445//1903 1444//1903
f 1439//1904 1446//1904 1445//1904
f 1439//1905 1447//1905 1418//1905
f 1439//1906 1448//1906 1447//1906
f 1439//1907 1449//1907 1446//1907
f 1439//1908 1450//1908 1448//1908
f 1439//1909 1451//1909 1449//1909
f 1439//1910 1452//1910 1451//1910
f 1439//1911 1453//1911 1450//1911
f 1439//1912 1454//1912 1452//1912
f 1439//1913 1455//1913 1453//1913
f 1439//1914 1456//1914 1454//1914
f 1439//1915 1457//1915 1455//1915
f 1439//1916 1420//1916 1456//1916
f 1439//1917 1458//1917 1457//1917
f 1439//1918 1459//1918 1458//1918
f 1439//1919 1411//1919 1313//1919
f 1439//1920 1418//1920 1420//1920
f 1460//1921 1459//1921 1439//1921
f 1461//1922 1462//1922 1463//1922
f 1461//1923 1439//1923 1462//1923
f 1464//1924 1460//1924 1439//1924
f 1465//1925 1466//1925 1467//1925
f 1465//1926 1461//1926 1466//1926
f 1468//1927 1464//1927 1439//1927
f 1469//1928 1461//1928 1465//1928
f 1469//1929 1439//1929 1461//1929
f 1470//1930 1468//1930 1439//1930
f 1471//1931 1439//1931 1469//1931
f 1471//1932 1472//1932 1473//1932
f 1471//1933 1469//1933 1472//1933
f 1474//1934 1470//1934 1439//1934
f 1475//1935 1439//1935 1471//1935
f 1476//1936 1474//1936 1439//1936
f 1477//1937 1476//1937 1439//1937
f 1478//1938 1479//1938 1480//1938
f 1481//1939 1477//1939 1439//1939
f 1482//1940 1479//1940 1478//1940
f 1483//1941 1484//1941 1485//1941
f 1483//1942 1482//1942 1484//1942
f 1483//1943 1486//1943 1479//1943
f 1483//1944 1487//1944 1486//1944
f 1483//1945 1475//1945 1487//1945
f 1483//1946 1479//1946 1482//1946
f 1488//1947 1475//1947 1483//1947
f 1489//1948 1490//1948 1491//1948
f 1489//1949 1488//1949 1490//1949
f 1489//1950 1475//1950 1488//1950
f 1492//1951 1475//1951 1489//1951
f 1493//1952 1439//1952 1475//1952
f 1493//1953 1475//1953 1492//1953
f 1494//1954 1439//1954 1493//1954
f 1495//1955 1496//1955 1497//1955
f 1495//1956 1494//1956 1496//1956
f 1498//1957 1494//1957 1495//1957
f 1498//1958 1439//1958 1494//1958
f 378//1959 1499//1959 1481//1959
f 378//1960 1500//1960 1499//1960
f 378//1961 1501//1961 1500//1961
f 378//1962 1502//1962 1501//1962
f 378//1963 1503//1963 1502//1963
f 378//1964 1504//1964 1503//1964
f 378//1965 1481//1965 1439//1965
f 378//1966 1439//1966 1498//1966
f 1505//1967 1504//1967 378//1967
f 1506//1968 1505//1968 378//1968
f 1507//1969 1506//1969 378//1969
f 1508//1970 1507//1970 378//1970
f 1509//1971 1508//1971 378//1971
f 1510//1972 1509//1972 378//1972
f 1511//1973 1510//1973 378//1973
f 1512//1974 1511//1974 378//1974
f 1513//1975 1512//1975 378//1975
f 1514//1976 1515//1976 1516//1976
f 1517//1977 1513//1977 378//1977
f 1517//1978 1518//1978 1513//1978
f 1517//1979 1519//1979 1518//1979
f 1517//1980 1520//1980 1519//1980
f 1517//1981 1521//1981 1520//1981
f 1517//1982 1522//1982 1521//1982
f 1517//1983 1523//1983 1522//1983
f 1517//1984 1524//1984 1523//1984
f 1517//1985 1525//1985 1524//1985
f 1517//1986 1526//1986 1525//1986
f 1517//1987 1527//1987 1526//1987
f 1517//1988 1528//1988 1527//1988
f 1517//1989 1529//1989 1528//1989
f 1517//1990 1530//1990 1529//1990
f 1517//1991 1531//1991 1530//1991
f 1517//1992 1532//1992 1531//1992
f 1517//1993 1533//1993 1532//1993
f 1517//1994 1534//1994 1533//1994
f 1517//1995 1535//1995 1534//1995
f 1517//1996 1536//1996 1535//1996
f 1517//1997 1537//1997 1536//1997
f 1517//1998 1538//1998 1537//1998
f 1517//1999 1539//1999 1538//1999
f 1517//2000 1540//2000 1539//2000
f 1517//2001 1541//2001 1540//2001
f 1517//2002 1542//2002 1541//2002
f 1517//2003 1543//2003 1542//2003
f 1517//2004 1544//2004 1543//2004
f 1517//2005 1545//2005 1544//2005
f 1517//2006 1546//2006 1545//2006
f 1517//2007 1547//2007 1546//2007
f 1517//2008 1548//2008 1547//2008
f 321//2009 1251//2009 1517//2009
f 321//2010 1517//2010 378//2010
f 1517//2011 1515//2011 1514//2011
f 1517//2012 1514//2012 1548//2012
f 1549//2013 345//2013 347//2013
f 1549//2014 1253//2014 345//2014
f 1550//2015 347//2015 346//2015
f 1550//2016 1549//2016 347//2016
f 1551//2017 346//2017 354//2017
f 1551//2018 1550//2018 346//2018
f 1552//2019 354//2019 355//2019
f 1552//2020 1551//2020 354//2020
f 1553//2021 355//2021 353//2021
f 1553//2022 1552//2022 355//2022
f 1554//2023 353//2023 356//2023
f 1554//2024 1553//2024 353//2024
f 1555//2025 356//2025 359//2025
f 1555//2026 1554//2026 356//2026
f 1556//2027 359//2027 363//2027
f 1556//2028 1555//2028 359//2028
f 1557//2029 1556//2029 363//2029
f 1557//2030 363//2030 364//2030
f 1558//2031 364//2031 362//2031
f 1558//2032 1557//2032 364//2032
f 1559//2033 362//2033 367//2033
f 1559//2034 1558//2034 362//2034
f 1560//2035 367//2035 368//2035
f 1560//2036 1559//2036 367//2036
f 1561//2037 368//2037 369//2037
f 1561//2038 1560//2038 368//2038
f 1562//2039 369//2039 374//2039
f 1562//2040 1561//2040 369//2040
f 1563//2041 374//2041 373//2041
f 1563//2042 1562//2042 374//2042
f 1564//2043 373//2043 375//2043
f 1564//2044 1563//2044 373//2044
f 1565//2045 375//2045 376//2045
f 1565//2046 1564//2046 375//2046
f 1566//2047 376//2047 370//2047
f 1566//2048 370//2048 372//2048
f 1566//2049 1565//2049 376//2049
f 1567//2050 1566//2050 372//2050
f 1568//2051 372//2051 371//2051
f 1568//2052 1567//2052 372//2052
f 1569//2053 371//2053 365//2053
f 1569//2054 365//2054 366//2054
f 1569//2055 1568//2055 371//2055
f 1570//2056 1569//2056 366//2056
f 1571//2057 366//2057 361//2057
f 1571//2058 1570//2058 366//2058
f 1572//2059 361//2059 360//2059
f 1572//2060 1571//2060 361//2060
f 1573//2061 360//2061 357//2061
f 1573//2062 1572//2062 360//2062
f 1574//2063 357//2063 358//2063
f 1574//2064 1573//2064 357//2064
f 1575//2065 358//2065 350//2065
f 1575//2066 1574//2066 358//2066
f 1576//2067 350//2067 352//2067
f 1576//2068 352//2068 351//2068
f 1576//2069 1575//2069 350//2069
f 1577//2070 351//2070 348//2070
f 1577//2071 1576//2071 351//2071
f 1578//2072 1577//2072 348//2072
f 1579//2073 348//2073 349//2073
f 1579//2074 1578//2074 348//2074
f 1580//2075 349//2075 343//2075
f 1580//2076 1579//2076 349//2076
f 377//2077 1498//2077 1581//2077
f 378//2078 1498//2078 377//2078
f 1581//2079 1495//2079 1582//2079
f 1498//2080 1495//2080 1581//2080
f 1582//2081 1497//2081 1583//2081
f 1495//2082 1497//2082 1582//2082
f 1583//2083 1496//2083 1584//2083
f 1497//2084 1496//2084 1583//2084
f 1584//2085 1494//2085 1585//2085
f 1496//2086 1494//2086 1584//2086
f 1585//2087 1493//2087 1586//2087
f 1494//2088 1493//2088 1585//2088
f 1586//2089 1492//2089 1587//2089
f 1493//2090 1492//2090 1586//2090
f 1587//2091 1489//2091 1588//2091
f 1588//2092 1489//2092 1589//2092
f 1492//2093 1489//2093 1587//2093
f 1489//2094 1491//2094 1589//2094
f 1589//2095 1490//2095 1590//2095
f 1491//2096 1490//2096 1589//2096
f 1590//2097 1488//2097 1591//2097
f 1490//2098 1488//2098 1590//2098
f 1591//2099 1483//2099 1592//2099
f 1488//2100 1483//2100 1591//2100
f 1592//2101 1485//2101 1593//2101
f 1483//2102 1485//2102 1592//2102
f 1593//2103 1484//2103 1594//2103
f 1485//2104 1484//2104 1593//2104
f 1594//2105 1482//2105 1595//2105
f 1484//2106 1482//2106 1594//2106
f 1595//2107 1478//2107 1596//2107
f 1482//2108 1478//2108 1595//2108
f 1596//2109 1480//2109 1597//2109
f 1478//2110 1480//2110 1596//2110
f 1597//2111 1479//2111 1598//2111
f 1480//2112 1479//2112 1597//2112
f 1598//2113 1486//2113 1599//2113
f 1479//2114 1486//2114 1598//2114
f 1599//2115 1487//2115 1600//2115
f 1486//2116 1487//2116 1599//2116
f 1600//2117 1475//2117 1601//2117
f 1487//2118 1475//2118 1600//2118
f 1601//2119 1471//2119 1602//2119
f 1475//2120 1471//2120 1601//2120
f 1602//2121 1473//2121 1603//2121
f 1603//2122 1473//2122 1604//2122
f 1471//2123 1473//2123 1602//2123
f 1473//2124 1472//2124 1604//2124
f 1604//2125 1469//2125 1605//2125
f 1472//2126 1469//2126 1604//2126
f 1605//2127 1465//2127 1606//2127
f 1606//2128 1465//2128 1607//2128
f 1469//2129 1465//2129 1605//2129
f 1465//2130 1467//2130 1607//2130
f 1607//2131 1466//2131 1608//2131
f 1467//2132 1466//2132 1607//2132
f 1608//2133 1461//2133 1609//2133
f 1466//2134 1461//2134 1608//2134
f 1609//2135 1463//2135 1610//2135
f 1610//2136 1463//2136 1611//2136
f 1461//2137 1463//2137 1609//2137
f 1463//2138 1462//2138 1611//2138
f 1611//2139 1462//2139 1612//2139
f 1462//2140 1439//2140 1612//2140
f 1613//2141 1614//2141 1580//2141
f 1615//2142 1613//2142 1580//2142
f 343//2143 1615//2143 1580//2143
f 344//2144 1615//2144 343//2144
f 1614//2145 1616//2145 1617//2145
f 1617//2146 1618//2146 1614//2146
f 1614//2147 1619//2147 1616//2147
f 1618//2148 1620//2148 1614//2148
f 1614//2149 1621//2149 1619//2149
f 1620//2150 1622//2150 1614//2150
f 1614//2151 1623//2151 1621//2151
f 1622//2152 1624//2152 1614//2152
f 1614//2153 1625//2153 1623//2153
f 1624//2154 1626//2154 1614//2154
f 1614//2155 1627//2155 1625//2155
f 1626//2156 1628//2156 1614//2156
f 1614//2157 1629//2157 1627//2157
f 1628//2158 1630//2158 1614//2158
f 1614//2159 1631//2159 1629//2159
f 1630//2160 1632//2160 1614//2160
f 1614//2161 1633//2161 1631//2161
f 1632//2162 1634//2162 1614//2162
f 1614//2163 1635//2163 1633//2163
f 1634//2164 1636//2164 1614//2164
f 1614//2165 1637//2165 1635//2165
f 1636//2166 1638//2166 1614//2166
f 1614//2167 1639//2167 1637//2167
f 1638//2168 1640//2168 1614//2168
f 1614//2169 1641//2169 1639//2169
f 1640//2170 1642//2170 1614//2170
f 1614//2171 1643//2171 1641//2171
f 1642//2172 1644//2172 1614//2172
f 1644//2173 1645//2173 1614//2173
f 1645//2174 1646//2174 1614//2174
f 1646//2175 1647//2175 1614//2175
f 1647//2176 1648//2176 1614//2176
f 1648//2177 1649//2177 1614//2177
f 1650//2178 1651//2178 1652//2178
f 1653//2179 1651//2179 1650//2179
f 1654//2180 1651//2180 1653//2180
f 1655//2181 1651//2181 1654//2181
f 1649//2182 1651//2182 1614//2182
f 1652//2183 1651//2183 1649//2183
f 1651//2184 1656//2184 1657//2184
f 1655//2185 1658//2185 1651//2185
f 1651//2186 1659//2186 1656//2186
f 1658//2187 1660//2187 1651//2187
f 1659//2188 1661//2188 1662//2188
f 1659//2189 1663//2189 1661//2189
f 1659//2190 1664//2190 1663//2190
f 1660//2191 1665//2191 1651//2191
f 1651//2192 1666//2192 1659//2192
f 1659//2193 1666//2193 1664//2193
f 1665//2194 1667//2194 1651//2194
f 1667//2195 1668//2195 1651//2195
f 1669//2196 1670//2196 1671//2196
f 1672//2197 1670//2197 1669//2197
f 1666//2198 1670//2198 1672//2198
f 1651//2199 1670//2199 1666//2199
f 1668//2200 1673//2200 1651//2200
f 1674//2201 1675//2201 1676//2201
f 1670//2202 1675//2202 1674//2202
f 1651//2203 1675//2203 1670//2203
f 1673//2204 1677//2204 1651//2204
f 1651//2205 1678//2205 1675//2205
f 1679//2206 1680//2206 1681//2206
f 1679//2207 1682//2207 1680//2207
f 1679//2208 1683//2208 1682//2208
f 1682//2209 1683//2209 1684//2209
f 1678//2210 1683//2210 1679//2210
f 1614//2211 1613//2211 1643//2211
f 1685//2212 1613//2212 1686//2212
f 1643//2213 1613//2213 1685//2213
f 1678//2214 1687//2214 1683//2214
f 1683//2215 1687//2215 1688//2215
f 1678//2216 1689//2216 1687//2216
f 1678//2217 1690//2217 1689//2217
f 1678//2218 1691//2218 1690//2218
f 1678//2219 1692//2219 1691//2219
f 1693//2220 1692//2220 1694//2220
f 1691//2221 1692//2221 1693//2221
f 1695//2222 1696//2222 1677//2222
f 1697//2223 1696//2223 1695//2223
f 1698//2224 1696//2224 1697//2224
f 1699//2225 1696//2225 1698//2225
f 1700//2226 1696//2226 1699//2226
f 1701//2227 1696//2227 1700//2227
f 1702//2228 1696//2228 1701//2228
f 1692//2229 1696//2229 1703//2229
f 1678//2230 1696//2230 1692//2230
f 1677//2231 1696//2231 1651//2231
f 1651//2232 1696//2232 1678//2232
f 1702//2233 1704//2233 1696//2233
f 1704//2234 1705//2234 1696//2234
f 1705//2235 1706//2235 1696//2235
f 1706//2236 1707//2236 1696//2236
f 1707//2237 1708//2237 1696//2237
f 1708//2238 1709//2238 1696//2238
f 1709//2239 1710//2239 1696//2239
f 1710//2240 1711//2240 1696//2240
f 1711//2241 1712//2241 1696//2241
f 1613//2242 1713//2242 1686//2242
f 1714//2243 1715//2243 1712//2243
f 1715//2244 1716//2244 1712//2244
f 1716//2245 1717//2245 1712//2245
f 1717//2246 1718//2246 1712//2246
f 1718//2247 1719//2247 1712//2247
f 1719//2248 1720//2248 1712//2248
f 1720//2249 1721//2249 1712//2249
f 1721//2250 1722//2250 1712//2250
f 1722//2251 1723//2251 1712//2251
f 1723//2252 1724//2252 1712//2252
f 1724//2253 1725//2253 1712//2253
f 1725//2254 1726//2254 1712//2254
f 1726//2255 1727//2255 1712//2255
f 1727//2256 1728//2256 1712//2256
f 1728//2257 1729//2257 1712//2257
f 1729//2258 1730//2258 1712//2258
f 1730//2259 1731//2259 1712//2259
f 1731//2260 1732//2260 1712//2260
f 1712//2261 1733//2261 1696//2261
f 1732//2262 1733//2262 1712//2262
f 1733//2263 1734//2263 1696//2263
f 1734//2264 1735//2264 1696//2264
f 1735//2265 1736//2265 1696//2265
f 1736//2266 1737//2266 1696//2266
f 1737//2267 1738//2267 1696//2267
f 1738//2268 1739//2268 1696//2268
f 1739//2269 1740//2269 1696//2269
f 1740//2270 1741//2270 1696//2270
f 1741//2271 1742//2271 1696//2271
f 1742//2272 1743//2272 1696//2272
f 1743//2273 1744//2273 1696//2273
f 1744//2274 1745//2274 1696//2274
f 1615//2275 1746//2275 1747//2275
f 1745//2276 1748//2276 1696//2276
f 1615//2277 1749//2277 1746//2277
f 1615//2278 1750//2278 1749//2278
f 1751//2279 1752//2279 1753//2279
f 1754//2280 1752//2280 1751//2280
f 1755//2281 1752//2281 1754//2281
f 1756//2282 1752//2282 1755//2282
f 1757//2283 1752//2283 1756//2283
f 1758//2284 1752//2284 1757//2284
f 1759//2285 1752//2285 1758//2285
f 1760//2286 1752//2286 1759//2286
f 1761//2287 1752//2287 1760//2287
f 1762//2288 1752//2288 1761//2288
f 1763//2289 1752//2289 1762//2289
f 1764//2290 1752//2290 1763//2290
f 1765//2291 1752//2291 1764//2291
f 1766//2292 1752//2292 1765//2292
f 1767//2293 1752//2293 1766//2293
f 1768//2294 1752//2294 1767//2294
f 1769//2295 1752//2295 1768//2295
f 1770//2296 1752//2296 1769//2296
f 1771//2297 1752//2297 1770//2297
f 1615//2298 344//2298 1750//2298
f 1772//2299 344//2299 1773//2299
f 1774//2300 344//2300 1772//2300
f 1775//2301 344//2301 1774//2301
f 1776//2302 344//2302 1775//2302
f 1777//2303 344//2303 1776//2303
f 1778//2304 344//2304 1777//2304
f 1779//2305 344//2305 1778//2305
f 1780//2306 344//2306 1779//2306
f 1781//2307 344//2307 1780//2307
f 1782//2308 344//2308 1781//2308
f 1783//2309 344//2309 1782//2309
f 1784//2310 344//2310 1783//2310
f 1785//2311 344//2311 1784//2311
f 1786//2312 344//2312 1785//2312
f 1787//2313 344//2313 1786//2313
f 1788//2314 344//2314 1787//2314
f 1789//2315 344//2315 1788//2315
f 1790//2316 344//2316 1789//2316
f 1791//2317 344//2317 1790//2317
f 1792//2318 344//2318 1791//2318
f 1793//2319 344//2319 1792//2319
f 1794//2320 344//2320 1793//2320
f 1795//2321 344//2321 1794//2321
f 1796//2322 344//2322 1795//2322
f 1797//2323 344//2323 1796//2323
f 1798//2324 344//2324 1797//2324
f 1799//2325 344//2325 1798//2325
f 1800//2326 344//2326 1799//2326
f 1801//2327 344//2327 1800//2327
f 1802//2328 344//2328 1801//2328
f 1803//2329 344//2329 1802//2329
f 1804//2330 344//2330 1803//2330
f 1750//2331 344//2331 1804//2331
f 1748//2332 1612//2332 1696//2332
f 1805//2333 1612//2333 1748//2333
f 1806//2334 1612//2334 1805//2334
f 1807//2335 1612//2335 1806//2335
f 1808//2336 1612//2336 1807//2336
f 1809//2337 1612//2337 1808//2337
f 1810//2338 1612//2338 1809//2338
f 1811//2339 1612//2339 1752//2339
f 1812//2340 1612//2340 1811//2340
f 1813//2341 1612//2341 1810//2341
f 1814//2342 1612//2342 1812//2342
f 1815//2343 1612//2343 1813//2343
f 1816//2344 1612//2344 1815//2344
f 1817//2345 1612//2345 1814//2345
f 1818//2346 1612//2346 1816//2346
f 1819//2347 1612//2347 1817//2347
f 1820//2348 1612//2348 1818//2348
f 1821//2349 1612//2349 1819//2349
f 1753//2350 1612//2350 1820//2350
f 1822//2351 1612//2351 1821//2351
f 1823//2352 1612//2352 1822//2352
f 1824//2353 1612//2353 1823//2353
f 1825//2354 1612//2354 1824//2354
f 1826//2355 1612//2355 1825//2355
f 1827//2356 1612//2356 1826//2356
f 1828//2357 1612//2357 1827//2357
f 1829//2358 1612//2358 1828//2358
f 1830//2359 1612//2359 1829//2359
f 1831//2360 1612//2360 1830//2360
f 1752//2361 1612//2361 1753//2361
f 344//2362 377//2362 1773//2362
f 1832//2363 377//2363 1831//2363
f 1833//2364 377//2364 1832//2364
f 1834//2365 377//2365 1833//2365
f 1835//2366 377//2366 1834//2366
f 1836//2367 377//2367 1835//2367
f 1837//2368 377//2368 1836//2368
f 1838//2369 377//2369 1837//2369
f 1839//2370 377//2370 1838//2370
f 1840//2371 377//2371 1839//2371
f 1841//2372 377//2372 1840//2372
f 1842//2373 377//2373 1841//2373
f 1773//2374 377//2374 1842//2374
f 1831//2375 377//2375 1612//2375
f 1581//2376 1582//2376 377//2376
f 1611//2377 1609//2377 1610//2377
f 1612//2378 1609//2378 1611//2378
f 1583//2379 1584//2379 1582//2379
f 1582//2380 1585//2380 377//2380
f 1584//2381 1585//2381 1582//2381
f 1608//2382 1606//2382 1607//2382
f 1612//2383 1606//2383 1609//2383
f 1609//2384 1606//2384 1608//2384
f 1586//2385 1587//2385 1585//2385
f 1585//2386 1587//2386 377//2386
f 1606//2387 1604//2387 1605//2387
f 1612//2388 1604//2388 1606//2388
f 1612//2389 1603//2389 1604//2389
f 1588//2390 1589//2390 1587//2390
f 1587//2391 1589//2391 377//2391
f 1589//2392 1590//2392 377//2392
f 1603//2393 1601//2393 1602//2393
f 1591//2394 1592//2394 1590//2394
f 1590//2395 1592//2395 377//2395
f 1601//2396 1599//2396 1600//2396
f 1593//2397 1594//2397 1592//2397
f 1599//2398 1597//2398 1598//2398
f 1603//2399 1597//2399 1601//2399
f 1601//2400 1597//2400 1599//2400
f 1595//2401 1596//2401 1594//2401
f 377//2402 1596//2402 1612//2402
f 1612//2403 1596//2403 1603//2403
f 1594//2404 1596//2404 1592//2404
f 1592//2405 1596//2405 377//2405
f 1603//2406 1596//2406 1597//2406
f 382//2407 1843//2407 1844//2407
f 387//2408 1844//2408 1845//2408
f 387//2409 382//2409 1844//2409
f 388//2410 1845//2410 1846//2410
f 388//2411 387//2411 1845//2411
f 389//2412 1846//2412 1847//2412
f 389//2413 388//2413 1846//2413
f 390//2414 1847//2414 1848//2414
f 390//2415 389//2415 1847//2415
f 391//2416 1848//2416 1849//2416
f 391//2417 390//2417 1848//2417
f 392//2418 1849//2418 1850//2418
f 392//2419 391//2419 1849//2419
f 393//2420 1850//2420 1851//2420
f 393//2421 392//2421 1850//2421
f 394//2422 1851//2422 1852//2422
f 394//2423 393//2423 1851//2423
f 395//2424 1852//2424 1853//2424
f 395//2425 394//2425 1852//2425
f 396//2426 1853//2426 1854//2426
f 396//2427 395//2427 1853//2427
f 397//2428 396//2428 1854//2428
f 397//2429 1854//2429 1855//2429
f 398//2430 397//2430 1855//2430
f 398//2431 1855//2431 1856//2431
f 282//2432 398//2432 1856//2432
f 282//2433 1856//2433 1857//2433
f 283//2434 282//2434 1857//2434
f 283//2435 1857//2435 1858//2435
f 284//2436 283//2436 1858//2436
f 284//2437 1858//2437 1859//2437
f 285//2438 284//2438 1859//2438
f 285//2439 1859//2439 1860//2439
f 286//2440 285//2440 1860//2440
f 286//2441 1860//2441 1861//2441
f 287//2442 286//2442 1861//2442
f 287//2443 1861//2443 1862//2443
f 288//2444 1862//2444 1863//2444
f 288//2445 287//2445 1862//2445
f 289//2446 288//2446 1863//2446
f 289//2447 1863//2447 1864//2447
f 291//2448 1864//2448 1865//2448
f 291//2449 289//2449 1864//2449
f 292//2450 1865//2450 1866//2450
f 292//2451 291//2451 1865//2451
f 293//2452 1866//2452 1867//2452
f 293//2453 292//2453 1866//2453
f 294//2454 1867//2454 1868//2454
f 294//2455 293//2455 1867//2455
f 295//2456 1868//2456 1869//2456
f 295//2457 294//2457 1868//2457
f 296//2458 1869//2458 1870//2458
f 296//2459 295//2459 1869//2459
f 297//2460 1870//2460 1871//2460
f 297//2461 296//2461 1870//2461
f 298//2462 1871//2462 1872//2462
f 298//2463 297//2463 1871//2463
f 299//2464 1872//2464 1873//2464
f 299//2465 298//2465 1872//2465
f 300//2466 1873//2466 1874//2466
f 300//2467 299//2467 1873//2467
f 301//2468 1874//2468 1875//2468
f 301//2469 300//2469 1874//2469
f 302//2470 1875//2470 1876//2470
f 302//2471 301//2471 1875//2471
f 303//2472 1876//2472 1877//2472
f 303//2473 302//2473 1876//2473
f 304//2474 1877//2474 1878//2474
f 304//2475 303//2475 1877//2475
f 305//2476 1878//2476 1879//2476
f 305//2477 304//2477 1878//2477
f 306//2478 305//2478 1879//2478
f 306//2479 1879//2479 1880//2479
f 307//2480 306//2480 1880//2480
f 307//2481 1880//2481 1881//2481
f 308//2482 307//2482 1881//2482
f 308//2483 1881//2483 1882//2483
f 309//2484 1882//2484 1883//2484
f 309//2485 308//2485 1882//2485
f 310//2486 1883//2486 1884//2486
f 310//2487 309//2487 1883//2487
f 311//2488 1884//2488 1885//2488
f 311//2489 310//2489 1884//2489
f 312//2490 1885//2490 1886//2490
f 312//2491 311//2491 1885//2491
f 313//2492 1886//2492 1887//2492
f 313//2493 312//2493 1886//2493
f 314//2494 1887//2494 1888//2494
f 314//2495 313//2495 1887//2495
f 315//2496 1888//2496 1889//2496
f 315//2497 314//2497 1888//2497
f 316//2498 315//2498 1889//2498
f 317//2499 1890//2499 1891//2499
f 317//2500 1889//2500 1890//2500
f 317//2501 316//2501 1889//2501
f 318//2502 1891//2502 1892//2502
f 318//2503 317//2503 1891//2503
f 319//2504 1892//2504 1893//2504
f 319//2505 318//2505 1892//2505
f 320//2506 1893//2506 1894//2506
f 320//2507 319//2507 1893//2507
f 323//2508 1894//2508 1895//2508
f 323//2509 320//2509 1894//2509
f 324//2510 323//2510 1895//2510
f 325//2511 1895//2511 1896//2511
f 325//2512 324//2512 1895//2512
f 325//2513 1896//2513 1897//2513
f 326//2514 325//2514 1897//2514
f 327//2515 326//2515 1897//2515
f 327//2516 1898//2516 1899//2516
f 327//2517 1897//2517 1898//2517
f 328//2518 327//2518 1899//2518
f 328//2519 1899//2519 1900//2519
f 329//2520 328//2520 1900//2520
f 330//2521 329//2521 1900//2521
f 330//2522 1901//2522 1902//2522
f 330//2523 1900//2523 1901//2523
f 331//2524 330//2524 1902//2524
f 331//2525 1902//2525 1903//2525
f 332//2526 1903//2526 1904//2526
f 332//2527 331//2527 1903//2527
f 333//2528 1904//2528 1905//2528
f 333//2529 332//2529 1904//2529
f 334//2530 1905//2530 1906//2530
f 334//2531 333//2531 1905//2531
f 335//2532 334//2532 1906//2532
f 335//2533 1906//2533 1907//2533
f 336//2534 335//2534 1907//2534
f 336//2535 1907//2535 1908//2535
f 337//2536 336//2536 1908//2536
f 338//2537 337//2537 1908//2537
f 338//2538 1908//2538 1909//2538
f 339//2539 338//2539 1909//2539
f 339//2540 1909//2540 1910//2540
f 340//2541 339//2541 1910//2541
f 340//2542 1911//2542 1912//2542
f 340//2543 1910//2543 1911//2543
f 379//2544 340//2544 1912//2544
f 380//2545 379//2545 1912//2545
f 380//2546 1913//2546 1914//2546
f 380//2547 1912//2547 1913//2547
f 381//2548 380//2548 1914//2548
f 381//2549 1914//2549 1915//2549
f 278//2550 381//2550 1915//2550
f 278//2551 1915//2551 1916//2551
f 277//2552 278//2552 1916//2552
f 277//2553 1916//2553 1917//2553
f 276//2554 277//2554 1917//2554
f 276//2555 1917//2555 1918//2555
f 275//2556 276//2556 1918//2556
f 275//2557 1918//2557 1919//2557
f 274//2558 275//2558 1919//2558
f 274//2559 1919//2559 1920//2559
f 273//2560 274//2560 1920//2560
f 273//2561 1920//2561 1921//2561
f 272//2562 273//2562 1921//2562
f 272//2563 1921//2563 1922//2563
f 271//2564 272//2564 1922//2564
f 270//2565 271//2565 1922//2565
f 270//2566 1923//2566 1924//2566
f 270//2567 1922//2567 1923//2567
f 269//2568 1924//2568 1925//2568
f 269//2569 270//2569 1924//2569
f 268//2570 1925//2570 1926//2570
f 268//2571 269//2571 1925//2571
f 267//2572 1926//2572 1927//2572
f 267//2573 268//2573 1926//2573
f 266//2574 267//2574 1927//2574
f 265//2575 1927//2575 1928//2575
f 265//2576 266//2576 1927//2576
f 264//2577 1929//2577 1930//2577
f 264//2578 1928//2578 1929//2578
f 264//2579 265//2579 1928//2579
f 263//2580 264//2580 1930//2580
f 262//2581 263//2581 1930//2581
f 262//2582 1931//2582 1932//2582
f 262//2583 1930//2583 1931//2583
f 261//2584 262//2584 1932//2584
f 260//2585 261//2585 1932//2585
f 260//2586 1933//2586 1934//2586
f 260//2587 1932//2587 1933//2587
f 259//2588 260//2588 1934//2588
f 258//2589 259//2589 1934//2589
f 258//2590 1935//2590 1936//2590
f 258//2591 1934//2591 1935//2591
f 257//2592 258//2592 1936//2592
f 256//2593 257//2593 1936//2593
f 256//2594 1936//2594 1937//2594
f 255//2595 256//2595 1937//2595
f 255//2596 1938//2596 1939//2596
f 255//2597 1937//2597 1938//2597
f 254//2598 255//2598 1939//2598
f 253//2599 254//2599 1939//2599
f 253//2600 1939//2600 1940//2600
f 252//2601 253//2601 1940//2601
f 252//2602 1940//2602 1941//2602
f 251//2603 252//2603 1941//2603
f 251//2604 1941//2604 1942//2604
f 249//2605 1942//2605 1943//2605
f 249//2606 251//2606 1942//2606
f 247//2607 249//2607 1943//2607
f 247//2608 1944//2608 1945//2608
f 247//2609 1943//2609 1944//2609
f 245//2610 247//2610 1945//2610
f 243//2611 1945//2611 1946//2611
f 243//2612 245//2612 1945//2612
f 241//2613 1946//2613 1947//2613
f 241//2614 243//2614 1946//2614
f 239//2615 1948//2615 1949//2615
f 239//2616 1947//2616 1948//2616
f 239//2617 241//2617 1947//2617
f 237//2618 239//2618 1949//2618
f 235//2619 1949//2619 1950//2619
f 235//2620 237//2620 1949//2620
f 233//2621 1951//2621 1952//2621
f 233//2622 1950//2622 1951//2622
f 233//2623 235//2623 1950//2623
f 231//2624 233//2624 1952//2624
f 230//2625 1952//2625 1953//2625
f 230//2626 231//2626 1952//2626
f 229//2627 1953//2627 1954//2627
f 229//2628 230//2628 1953//2628
f 232//2629 1954//2629 1955//2629
f 232//2630 229//2630 1954//2630
f 234//2631 232//2631 1955//2631
f 234//2632 1955//2632 1956//2632
f 236//2633 234//2633 1956//2633
f 236//2634 1957//2634 1958//2634
f 236//2635 1956//2635 1957//2635
f 238//2636 236//2636 1958//2636
f 238//2637 1958//2637 1959//2637
f 240//2638 238//2638 1959//2638
f 242//2639 240//2639 1959//2639
f 242//2640 1960//2640 1961//2640
f 242//2641 1959//2641 1960//2641
f 244//2642 242//2642 1961//2642
f 244//2643 1961//2643 1962//2643
f 246//2644 244//2644 1962//2644
f 246//2645 1962//2645 1963//2645
f 248//2646 246//2646 1963//2646
f 248//2647 1963//2647 1964//2647
f 250//2648 248//2648 1964//2648
f 386//2649 1965//2649 1966//2649
f 386//2650 1964//2650 1965//2650
f 386//2651 250//2651 1964//2651
f 385//2652 1966//2652 1967//2652
f 385//2653 386//2653 1966//2653
f 384//2654 1967//2654 1968//2654
f 384//2655 385//2655 1967//2655
f 383//2656 384//2656 1968//2656
f 382//2657 1968//2657 1843//2657
f 382//2658 383//2658 1968//2658
f 662//2659 465//2659 1169//2659
f 662//2660 466//2660 465//2660
f 655//2661 1169//2661 1168//2661
f 655//2662 662//2662 1169//2662
f 656//2663 1168//2663 1166//2663
f 656//2664 655//2664 1168//2664
f 654//2665 1166//2665 1167//2665
f 654//2666 1167//2666 1165//2666
f 654//2667 656//2667 1166//2667
f 652//2668 654//2668 1165//2668
f 653//2669 1165//2669 1163//2669
f 653//2670 652//2670 1165//2670
f 647//2671 1163//2671 1164//2671
f 647//2672 653//2672 1163//2672
f 644//2673 1164//2673 1162//2673
f 644//2674 1162//2674 1159//2674
f 644//2675 647//2675 1164//2675
f 645//2676 644//2676 1159//2676
f 643//2677 1159//2677 1161//2677
f 643//2678 645//2678 1159//2678
f 646//2679 1161//2679 1160//2679
f 646//2680 643//2680 1161//2680
f 636//2681 1160//2681 1158//2681
f 636//2682 646//2682 1160//2682
f 637//2683 1158//2683 1155//2683
f 637//2684 636//2684 1158//2684
f 634//2685 1155//2685 1157//2685
f 634//2686 637//2686 1155//2686
f 635//2687 1157//2687 1156//2687
f 635//2688 634//2688 1157//2688
f 633//2689 1156//2689 1153//2689
f 633//2690 1153//2690 1152//2690
f 633//2691 635//2691 1156//2691
f 631//2692 633//2692 1152//2692
f 632//2693 1152//2693 1150//2693
f 632//2694 1150//2694 1148//2694
f 632//2695 631//2695 1152//2695
f 640//2696 1148//2696 1149//2696
f 640//2697 632//2697 1148//2697
f 638//2698 640//2698 1149//2698
f 639//2699 1149//2699 1146//2699
f 639//2700 1146//2700 1143//2700
f 639//2701 638//2701 1149//2701
f 641//2702 1143//2702 1144//2702
f 641//2703 639//2703 1143//2703
f 642//2704 1144//2704 1141//2704
f 642//2705 641//2705 1144//2705
f 648//2706 642//2706 1141//2706
f 650//2707 1141//2707 1138//2707
f 650//2708 648//2708 1141//2708
f 649//2709 1138//2709 1140//2709
f 649//2710 650//2710 1138//2710
f 651//2711 1140//2711 1139//2711
f 651//2712 649//2712 1140//2712
f 658//2713 1139//2713 1136//2713
f 658//2714 651//2714 1139//2714
f 659//2715 1136//2715 1132//2715
f 659//2716 658//2716 1136//2716
f 660//2717 1132//2717 1134//2717
f 660//2718 1134//2718 1133//2718
f 660//2719 659//2719 1132//2719
f 661//2720 1133//2720 1110//2720
f 661//2721 660//2721 1133//2721
f 657//2722 661//2722 1110//2722
f 1086//2723 1969//2723 1021//2723
f 1185//2724 467//2724 1970//2724
f 1970//2725 630//2725 1969//2725
f 1969//2726 630//2726 1021//2726
f 467//2727 463//2727 1970//2727
f 1970//2728 463//2728 630//2728
f 1971//2729 1972//2729 1973//2729
f 1971//2730 1974//2730 1972//2730
f 1971//2731 1975//2731 1976//2731
f 1971//2732 1973//2732 1977//2732
f 1978//2733 554//2733 555//2733
f 1978//2734 555//2734 556//2734
f 1978//2735 1979//2735 554//2735
f 1980//2736 1981//2736 1979//2736
f 1982//2737 501//2737 502//2737
f 1983//2738 1976//2738 1981//2738
f 1983//2739 1971//2739 1976//2739
f 1983//2740 1974//2740 1971//2740
f 1983//2741 1984//2741 1974//2741
f 1983//2742 1985//2742 1984//2742
f 1986//2743 1978//2743 556//2743
f 1986//2744 556//2744 557//2744
f 1986//2745 557//2745 558//2745
f 1987//2746 1980//2746 1979//2746
f 1987//2747 1979//2747 1978//2747
f 1988//2748 1983//2748 1981//2748
f 1988//2749 1980//2749 1987//2749
f 1988//2750 1981//2750 1980//2750
f 1988//2751 1985//2751 1983//2751
f 1988//2752 1989//2752 1985//2752
f 1988//2753 1990//2753 1989//2753
f 1991//2754 558//2754 559//2754
f 1991//2755 559//2755 560//2755
f 1991//2756 1986//2756 558//2756
f 1992//2757 1987//2757 1978//2757
f 1992//2758 1978//2758 1986//2758
f 1993//2759 1994//2759 1995//2759
f 1996//2760 1987//2760 1992//2760
f 1996//2761 1988//2761 1987//2761
f 1996//2762 1990//2762 1988//2762
f 1996//2763 1997//2763 1990//2763
f 1996//2764 1998//2764 1997//2764
f 1999//2765 1991//2765 560//2765
f 1999//2766 560//2766 561//2766
f 1999//2767 561//2767 562//2767
f 2000//2768 1986//2768 1991//2768
f 2000//2769 1992//2769 1986//2769
f 2001//2770 1996//2770 1992//2770
f 2001//2771 1998//2771 1996//2771
f 2001//2772 1992//2772 2000//2772
f 2001//2773 2002//2773 1998//2773
f 2001//2774 2003//2774 2002//2774
f 2004//2775 562//2775 563//2775
f 2004//2776 563//2776 564//2776
f 2004//2777 1999//2777 562//2777
f 2005//2778 1991//2778 1999//2778
f 2005//2779 2000//2779 1991//2779
f 2006//2780 2003//2780 2001//2780
f 2006//2781 2007//2781 2003//2781
f 2006//2782 2008//2782 2007//2782
f 2006//2783 2001//2783 2000//2783
f 2009//2784 564//2784 565//2784
f 2009//2785 565//2785 566//2785
f 2009//2786 2004//2786 564//2786
f 2010//2787 2004//2787 2009//2787
f 2010//2788 1999//2788 2004//2788
f 2010//2789 2005//2789 1999//2789
f 2011//2790 2006//2790 2000//2790
f 2011//2791 2000//2791 2005//2791
f 2011//2792 2008//2792 2006//2792
f 2011//2793 2012//2793 2008//2793
f 2011//2794 2013//2794 2012//2794
f 2014//2795 2009//2795 566//2795
f 2014//2796 566//2796 567//2796
f 2014//2797 567//2797 568//2797
f 2015//2798 2010//2798 2009//2798
f 2016//2799 2011//2799 2005//2799
f 2016//2800 2005//2800 2010//2800
f 2016//2801 2013//2801 2011//2801
f 2016//2802 2017//2802 2013//2802
f 2016//2803 2018//2803 2017//2803
f 2019//2804 2014//2804 568//2804
f 2019//2805 568//2805 569//2805
f 2019//2806 569//2806 570//2806
f 2020//2807 2009//2807 2014//2807
f 2020//2808 2014//2808 2019//2808
f 2020//2809 2015//2809 2009//2809
f 2021//2810 2010//2810 2015//2810
f 2021//2811 2016//2811 2010//2811
f 2021//2812 2018//2812 2016//2812
f 2021//2813 2022//2813 2018//2813
f 2021//2814 2023//2814 2022//2814
f 2024//2815 570//2815 571//2815
f 2024//2816 571//2816 572//2816
f 2024//2817 2019//2817 570//2817
f 2025//2818 2020//2818 2019//2818
f 2026//2819 2015//2819 2020//2819
f 2026//2820 2023//2820 2021//2820
f 2026//2821 2021//2821 2015//2821
f 2026//2822 2027//2822 2023//2822
f 2026//2823 2028//2823 2027//2823
f 2029//2824 2024//2824 572//2824
f 2029//2825 572//2825 573//2825
f 2029//2826 573//2826 574//2826
f 2030//2827 2025//2827 2019//2827
f 2030//2828 2019//2828 2024//2828
f 2031//2829 2032//2829 2028//2829
f 2031//2830 2033//2830 2032//2830
f 2031//2831 2020//2831 2025//2831
f 2031//2832 2026//2832 2020//2832
f 2031//2833 2028//2833 2026//2833
f 2034//2834 574//2834 575//2834
f 2034//2835 575//2835 576//2835
f 2034//2836 2029//2836 574//2836
f 2035//2837 2024//2837 2029//2837
f 2035//2838 2030//2838 2024//2838
f 2036//2839 2037//2839 2033//2839
f 2036//2840 2038//2840 2037//2840
f 2036//2841 2033//2841 2031//2841
f 2036//2842 2025//2842 2030//2842
f 2036//2843 2031//2843 2025//2843
f 2036//2844 2030//2844 2035//2844
f 2039//2845 2034//2845 576//2845
f 2039//2846 576//2846 577//2846
f 2039//2847 577//2847 578//2847
f 2040//2848 2035//2848 2029//2848
f 2040//2849 2029//2849 2034//2849
f 2040//2850 2034//2850 2039//2850
f 2041//2851 2042//2851 2038//2851
f 2041//2852 2043//2852 2042//2852
f 2041//2853 2038//2853 2036//2853
f 2041//2854 2036//2854 2035//2854
f 2044//2855 578//2855 579//2855
f 2044//2856 579//2856 580//2856
f 2044//2857 2039//2857 578//2857
f 2045//2858 2040//2858 2039//2858
f 2046//2859 2047//2859 2043//2859
f 2046//2860 2048//2860 2047//2860
f 2046//2861 2043//2861 2041//2861
f 2046//2862 2041//2862 2035//2862
f 2046//2863 2035//2863 2040//2863
f 2049//2864 2044//2864 580//2864
f 2049//2865 580//2865 581//2865
f 2049//2866 581//2866 582//2866
f 2050//2867 2045//2867 2039//2867
f 2050//2868 2039//2868 2044//2868
f 2051//2869 2052//2869 2048//2869
f 2051//2870 2053//2870 2052//2870
f 2051//2871 2048//2871 2046//2871
f 2051//2872 2040//2872 2045//2872
f 2051//2873 2046//2873 2040//2873
f 2054//2874 2049//2874 582//2874
f 2054//2875 582//2875 583//2875
f 2054//2876 583//2876 584//2876
f 2055//2877 2044//2877 2049//2877
f 2055//2878 2050//2878 2044//2878
f 2055//2879 2049//2879 2054//2879
f 2056//2880 2057//2880 2053//2880
f 2056//2881 2058//2881 2057//2881
f 2056//2882 2053//2882 2051//2882
f 2056//2883 2045//2883 2050//2883
f 2056//2884 2051//2884 2045//2884
f 2056//2885 2050//2885 2055//2885
f 2059//2886 2054//2886 584//2886
f 2059//2887 584//2887 585//2887
f 2059//2888 585//2888 586//2888
f 2060//2889 2055//2889 2054//2889
f 2061//2890 2062//2890 2058//2890
f 2061//2891 2063//2891 2062//2891
f 2061//2892 2058//2892 2056//2892
f 2061//2893 2056//2893 2055//2893
f 2064//2894 2059//2894 586//2894
f 2064//2895 586//2895 587//2895
f 2064//2896 587//2896 588//2896
f 2065//2897 2054//2897 2059//2897
f 2065//2898 2059//2898 2064//2898
f 2065//2899 2060//2899 2054//2899
f 2066//2900 2063//2900 2061//2900
f 2066//2901 2067//2901 2063//2901
f 2066//2902 2068//2902 2067//2902
f 2066//2903 2055//2903 2060//2903
f 2066//2904 2061//2904 2055//2904
f 2069//2905 2064//2905 588//2905
f 2069//2906 588//2906 589//2906
f 2069//2907 589//2907 590//2907
f 2070//2908 2064//2908 2069//2908
f 2070//2909 2065//2909 2064//2909
f 2071//2910 2072//2910 2068//2910
f 2071//2911 2073//2911 2072//2911
f 2071//2912 2060//2912 2065//2912
f 2071//2913 2068//2913 2066//2913
f 2071//2914 2066//2914 2060//2914
f 2074//2915 2069//2915 590//2915
f 2074//2916 590//2916 591//2916
f 2074//2917 591//2917 592//2917
f 2075//2918 2070//2918 2069//2918
f 2076//2919 2077//2919 2073//2919
f 2076//2920 2078//2920 2077//2920
f 2076//2921 2073//2921 2071//2921
f 2076//2922 2065//2922 2070//2922
f 2076//2923 2071//2923 2065//2923
f 2079//2924 2074//2924 592//2924
f 2079//2925 592//2925 593//2925
f 2079//2926 593//2926 594//2926
f 2080//2927 2075//2927 2069//2927
f 2080//2928 2069//2928 2074//2928
f 2081//2929 2076//2929 2070//2929
f 2081//2930 2082//2930 2078//2930
f 2081//2931 2083//2931 2082//2931
f 2081//2932 2075//2932 2080//2932
f 2081//2933 2078//2933 2076//2933
f 2081//2934 2070//2934 2075//2934
f 2084//2935 2079//2935 594//2935
f 2084//2936 594//2936 595//2936
f 2084//2937 595//2937 596//2937
f 2085//2938 2080//2938 2074//2938
f 2085//2939 2074//2939 2079//2939
f 2085//2940 2079//2940 2084//2940
f 2086//2941 2083//2941 2081//2941
f 2086//2942 2087//2942 2083//2942
f 2086//2943 2088//2943 2087//2943
f 2086//2944 2081//2944 2080//2944
f 2089//2945 597//2945 598//2945
f 2089//2946 2084//2946 596//2946
f 2089//2947 596//2947 597//2947
f 2090//2948 2085//2948 2084//2948
f 2091//2949 2086//2949 2080//2949
f 2091//2950 2080//2950 2085//2950
f 2091//2951 2088//2951 2086//2951
f 2091//2952 2092//2952 2088//2952
f 2091//2953 2093//2953 2092//2953
f 2091//2954 2085//2954 2090//2954
f 2094//2955 598//2955 599//2955
f 2094//2956 599//2956 600//2956
f 2094//2957 2089//2957 598//2957
f 2095//2958 2089//2958 2094//2958
f 2095//2959 2084//2959 2089//2959
f 2095//2960 2090//2960 2084//2960
f 2096//2961 2097//2961 2093//2961
f 2096//2962 2098//2962 2097//2962
f 2096//2963 2091//2963 2090//2963
f 2096//2964 2090//2964 2095//2964
f 2096//2965 2093//2965 2091//2965
f 2099//2966 600//2966 601//2966
f 2099//2967 601//2967 602//2967
f 2099//2968 2094//2968 600//2968
f 2100//2969 2095//2969 2094//2969
f 2100//2970 2094//2970 2099//2970
f 2101//2971 2102//2971 2098//2971
f 2101//2972 2103//2972 2102//2972
f 2101//2973 2096//2973 2095//2973
f 2101//2974 2095//2974 2100//2974
f 2101//2975 2098//2975 2096//2975
f 2104//2976 602//2976 603//2976
f 2104//2977 603//2977 604//2977
f 2104//2978 2099//2978 602//2978
f 2105//2979 2100//2979 2099//2979
f 2106//2980 2103//2980 2101//2980
f 2106//2981 2107//2981 2103//2981
f 2106//2982 2108//2982 2107//2982
f 2106//2983 2101//2983 2100//2983
f 2109//2984 604//2984 605//2984
f 2109//2985 605//2985 606//2985
f 2109//2986 2104//2986 604//2986
f 2110//2987 2099//2987 2104//2987
f 2110//2988 2105//2988 2099//2988
f 2111//2989 2106//2989 2100//2989
f 2111//2990 2100//2990 2105//2990
f 2111//2991 2112//2991 2108//2991
f 2111//2992 2113//2992 2112//2992
f 2111//2993 2108//2993 2106//2993
f 2114//2994 606//2994 607//2994
f 2114//2995 607//2995 608//2995
f 2114//2996 2109//2996 606//2996
f 2115//2997 2110//2997 2104//2997
f 2115//2998 2104//2998 2109//2998
f 2116//2999 2117//2999 2113//2999
f 2116//3000 2118//3000 2117//3000
f 2116//3001 2111//3001 2105//3001
f 2116//3002 2105//3002 2110//3002
f 2116//3003 2113//3003 2111//3003
f 2119//3004 608//3004 609//3004
f 2119//3005 609//3005 610//3005
f 2119//3006 2114//3006 608//3006
f 2120//3007 2109//3007 2114//3007
f 2120//3008 2115//3008 2109//3008
f 2121//3009 2115//3009 2120//3009
f 2121//3010 2122//3010 2118//3010
f 2121//3011 2123//3011 2122//3011
f 2121//3012 2118//3012 2116//3012
f 2121//3013 2110//3013 2115//3013
f 2121//3014 2116//3014 2110//3014
f 2124//3015 610//3015 611//3015
f 2124//3016 611//3016 612//3016
f 2124//3017 2119//3017 610//3017
f 2125//3018 2114//3018 2119//3018
f 2125//3019 2120//3019 2114//3019
f 2126//3020 2121//3020 2120//3020
f 2126//3021 2127//3021 2123//3021
f 2126//3022 2128//3022 2127//3022
f 2126//3023 2123//3023 2121//3023
f 2129//3024 612//3024 613//3024
f 2129//3025 613//3025 614//3025
f 2129//3026 2124//3026 612//3026
f 2130//3027 2119//3027 2124//3027
f 2130//3028 2125//3028 2119//3028
f 2131//3029 2132//3029 2128//3029
f 2131//3030 2133//3030 2132//3030
f 2131//3031 2128//3031 2126//3031
f 2131//3032 2126//3032 2120//3032
f 2131//3033 2120//3033 2125//3033
f 2134//3034 614//3034 615//3034
f 2134//3035 615//3035 616//3035
f 2134//3036 2129//3036 614//3036
f 2135//3037 2130//3037 2124//3037
f 2135//3038 2124//3038 2129//3038
f 2136//3039 2137//3039 2133//3039
f 2136//3040 2138//3040 2137//3040
f 2136//3041 2125//3041 2130//3041
f 2136//3042 2133//3042 2131//3042
f 2136//3043 2131//3043 2125//3043
f 2139//3044 2134//3044 616//3044
f 2139//3045 616//3045 617//3045
f 2139//3046 617//3046 618//3046
f 2140//3047 2129//3047 2134//3047
f 2140//3048 2135//3048 2129//3048
f 2141//3049 2135//3049 2140//3049
f 2141//3050 2130//3050 2135//3050
f 2141//3051 2142//3051 2138//3051
f 2141//3052 2143//3052 2142//3052
f 2141//3053 2136//3053 2130//3053
f 2141//3054 2138//3054 2136//3054
f 2144//3055 618//3055 619//3055
f 2144//3056 619//3056 620//3056
f 2144//3057 2139//3057 618//3057
f 2145//3058 2140//3058 2134//3058
f 2145//3059 2134//3059 2139//3059
f 2146//3060 2140//3060 2145//3060
f 2146//3061 2143//3061 2141//3061
f 2146//3062 2147//3062 2143//3062
f 2146//3063 2148//3063 2147//3063
f 2146//3064 2141//3064 2140//3064
f 2149//3065 2144//3065 620//3065
f 2149//3066 620//3066 621//3066
f 2149//3067 621//3067 622//3067
f 2150//3068 2144//3068 2149//3068
f 2150//3069 2139//3069 2144//3069
f 2150//3070 2145//3070 2139//3070
f 2151//3071 2146//3071 2145//3071
f 2151//3072 2148//3072 2146//3072
f 2151//3073 2152//3073 2148//3073
f 2151//3074 2153//3074 2152//3074
f 2154//3075 2149//3075 622//3075
f 2154//3076 622//3076 623//3076
f 2154//3077 623//3077 624//3077
f 2155//3078 2150//3078 2149//3078
f 2156//3079 2151//3079 2145//3079
f 2156//3080 2153//3080 2151//3080
f 2156//3081 2157//3081 2153//3081
f 2156//3082 2158//3082 2157//3082
f 2156//3083 2145//3083 2150//3083
f 2159//3084 624//3084 625//3084
f 2159//3085 625//3085 626//3085
f 2159//3086 626//3086 1982//3086
f 2159//3087 2154//3087 624//3087
f 2160//3088 2155//3088 2149//3088
f 2160//3089 2149//3089 2154//3089
f 2161//3090 2150//3090 2155//3090
f 2161//3091 2156//3091 2150//3091
f 2161//3092 2158//3092 2156//3092
f 2161//3093 2162//3093 2158//3093
f 2161//3094 2163//3094 2162//3094
f 2164//3095 2159//3095 1982//3095
f 2164//3096 1982//3096 2165//3096
f 2164//3097 2160//3097 2154//3097
f 2164//3098 2154//3098 2159//3098
f 2166//3099 2155//3099 2160//3099
f 2166//3100 2161//3100 2155//3100
f 2166//3101 2163//3101 2161//3101
f 2166//3102 2167//3102 2163//3102
f 2166//3103 2168//3103 2167//3103
f 2169//3104 2165//3104 1995//3104
f 2169//3105 2164//3105 2165//3105
f 2169//3106 2170//3106 2168//3106
f 2169//3107 2171//3107 2170//3107
f 2169//3108 2160//3108 2164//3108
f 2169//3109 2166//3109 2160//3109
f 2169//3110 2168//3110 2166//3110
f 2169//3111 1995//3111 2171//3111
f 1982//3112 626//3112 501//3112
f 1994//3113 2171//3113 1995//3113
f 2172//3114 502//3114 503//3114
f 2172//3115 503//3115 504//3115
f 2172//3116 1982//3116 502//3116
f 2173//3117 504//3117 505//3117
f 2173//3118 505//3118 506//3118
f 2173//3119 2172//3119 504//3119
f 2174//3120 2165//3120 1982//3120
f 2174//3121 1995//3121 2165//3121
f 2174//3122 1982//3122 2172//3122
f 2175//3123 2173//3123 506//3123
f 2175//3124 506//3124 507//3124
f 2175//3125 507//3125 508//3125
f 2176//3126 2172//3126 2173//3126
f 2176//3127 2174//3127 2172//3127
f 2177//3128 2178//3128 1993//3128
f 2177//3129 2179//3129 2178//3129
f 2177//3130 1995//3130 2174//3130
f 2177//3131 1993//3131 1995//3131
f 2180//3132 508//3132 509//3132
f 2180//3133 509//3133 510//3133
f 2180//3134 2175//3134 508//3134
f 2181//3135 2176//3135 2173//3135
f 2181//3136 2173//3136 2175//3136
f 2182//3137 2177//3137 2174//3137
f 2182//3138 2183//3138 2179//3138
f 2182//3139 2184//3139 2183//3139
f 2182//3140 2174//3140 2176//3140
f 2182//3141 2179//3141 2177//3141
f 2185//3142 510//3142 511//3142
f 2185//3143 511//3143 512//3143
f 2185//3144 2180//3144 510//3144
f 2186//3145 2181//3145 2175//3145
f 2186//3146 2175//3146 2180//3146
f 2187//3147 2176//3147 2181//3147
f 2187//3148 2182//3148 2176//3148
f 2187//3149 2188//3149 2184//3149
f 2187//3150 2189//3150 2188//3150
f 2187//3151 2184//3151 2182//3151
f 2190//3152 512//3152 513//3152
f 2190//3153 513//3153 514//3153
f 2190//3154 2185//3154 512//3154
f 2191//3155 2185//3155 2190//3155
f 2191//3156 2180//3156 2185//3156
f 2191//3157 2186//3157 2180//3157
f 2192//3158 2189//3158 2187//3158
f 2192//3159 2181//3159 2186//3159
f 2192//3160 2193//3160 2189//3160
f 2192//3161 2194//3161 2193//3161
f 2192//3162 2187//3162 2181//3162
f 2195//3163 514//3163 515//3163
f 2195//3164 515//3164 516//3164
f 2195//3165 2190//3165 514//3165
f 2196//3166 2191//3166 2190//3166
f 2197//3167 2186//3167 2191//3167
f 2197//3168 2192//3168 2186//3168
f 2197//3169 2198//3169 2194//3169
f 2197//3170 2199//3170 2198//3170
f 2197//3171 2194//3171 2192//3171
f 2200//3172 516//3172 517//3172
f 2200//3173 517//3173 518//3173
f 2200//3174 2195//3174 516//3174
f 2201//3175 2190//3175 2195//3175
f 2201//3176 2196//3176 2190//3176
f 2202//3177 2191//3177 2196//3177
f 2202//3178 2203//3178 2199//3178
f 2202//3179 2204//3179 2203//3179
f 2202//3180 2197//3180 2191//3180
f 2202//3181 2199//3181 2197//3181
f 2205//3182 2200//3182 518//3182
f 2205//3183 518//3183 519//3183
f 2205//3184 519//3184 520//3184
f 2206//3185 2195//3185 2200//3185
f 2206//3186 2201//3186 2195//3186
f 2207//3187 2204//3187 2202//3187
f 2207//3188 2208//3188 2204//3188
f 2207//3189 2209//3189 2208//3189
f 2207//3190 2202//3190 2196//3190
f 2207//3191 2196//3191 2201//3191
f 2210//3192 520//3192 521//3192
f 2210//3193 521//3193 522//3193
f 2210//3194 2205//3194 520//3194
f 2211//3195 2200//3195 2205//3195
f 2211//3196 2206//3196 2200//3196
f 2211//3197 2205//3197 2210//3197
f 2212//3198 2213//3198 2209//3198
f 2212//3199 2214//3199 2213//3199
f 2212//3200 2201//3200 2206//3200
f 2212//3201 2207//3201 2201//3201
f 2212//3202 2209//3202 2207//3202
f 2215//3203 2210//3203 522//3203
f 2215//3204 522//3204 523//3204
f 2215//3205 523//3205 524//3205
f 2216//3206 2211//3206 2210//3206
f 2217//3207 2212//3207 2206//3207
f 2217//3208 2206//3208 2211//3208
f 2217//3209 2218//3209 2214//3209
f 2217//3210 2219//3210 2218//3210
f 2217//3211 2211//3211 2216//3211
f 2217//3212 2214//3212 2212//3212
f 2220//3213 524//3213 525//3213
f 2220//3214 525//3214 526//3214
f 2220//3215 2215//3215 524//3215
f 2221//3216 2210//3216 2215//3216
f 2221//3217 2216//3217 2210//3217
f 2221//3218 2215//3218 2220//3218
f 2222//3219 2217//3219 2216//3219
f 2222//3220 2223//3220 2219//3220
f 2222//3221 2224//3221 2223//3221
f 2222//3222 2219//3222 2217//3222
f 2225//3223 526//3223 527//3223
f 2225//3224 527//3224 528//3224
f 2225//3225 2220//3225 526//3225
f 2226//3226 2221//3226 2220//3226
f 2227//3227 2224//3227 2222//3227
f 2227//3228 2228//3228 2224//3228
f 2227//3229 2229//3229 2228//3229
f 2227//3230 2216//3230 2221//3230
f 2227//3231 2222//3231 2216//3231
f 2230//3232 528//3232 529//3232
f 2230//3233 529//3233 530//3233
f 2230//3234 2225//3234 528//3234
f 2231//3235 2226//3235 2220//3235
f 2231//3236 2220//3236 2225//3236
f 2232//3237 2229//3237 2227//3237
f 2232//3238 2233//3238 2229//3238
f 2232//3239 2234//3239 2233//3239
f 2232//3240 2227//3240 2221//3240
f 2232//3241 2221//3241 2226//3241
f 2235//3242 2230//3242 530//3242
f 2235//3243 530//3243 531//3243
f 2235//3244 531//3244 532//3244
f 2236//3245 2231//3245 2225//3245
f 2236//3246 2225//3246 2230//3246
f 2237//3247 2232//3247 2226//3247
f 2237//3248 2234//3248 2232//3248
f 2237//3249 2238//3249 2234//3249
f 2237//3250 2239//3250 2238//3250
f 2237//3251 2226//3251 2231//3251
f 2240//3252 532//3252 533//3252
f 2240//3253 533//3253 534//3253
f 2240//3254 2235//3254 532//3254
f 2241//3255 2235//3255 2240//3255
f 2241//3256 2230//3256 2235//3256
f 2241//3257 2236//3257 2230//3257
f 2242//3258 2231//3258 2236//3258
f 2242//3259 2237//3259 2231//3259
f 2242//3260 2243//3260 2239//3260
f 2242//3261 2244//3261 2243//3261
f 2242//3262 2239//3262 2237//3262
f 2245//3263 534//3263 535//3263
f 2245//3264 535//3264 536//3264
f 2245//3265 2240//3265 534//3265
f 2246//3266 2241//3266 2240//3266
f 2247//3267 2242//3267 2236//3267
f 2247//3268 2244//3268 2242//3268
f 2247//3269 2248//3269 2244//3269
f 2247//3270 2249//3270 2248//3270
f 2247//3271 2236//3271 2241//3271
f 2250//3272 2245//3272 536//3272
f 2250//3273 536//3273 537//3273
f 2250//3274 537//3274 538//3274
f 2251//3275 2246//3275 2240//3275
f 2251//3276 2240//3276 2245//3276
f 2252//3277 2241//3277 2246//3277
f 2252//3278 2247//3278 2241//3278
f 2252//3279 2249//3279 2247//3279
f 2252//3280 2253//3280 2249//3280
f 2252//3281 2254//3281 2253//3281
f 2255//3282 2250//3282 538//3282
f 2255//3283 538//3283 539//3283
f 2255//3284 539//3284 540//3284
f 2256//3285 2251//3285 2245//3285
f 2256//3286 2245//3286 2250//3286
f 2257//3287 2252//3287 2246//3287
f 2257//3288 2254//3288 2252//3288
f 2257//3289 2251//3289 2256//3289
f 2257//3290 2246//3290 2251//3290
f 2257//3291 2258//3291 2254//3291
f 2257//3292 2259//3292 2258//3292
f 2260//3293 2255//3293 540//3293
f 2260//3294 540//3294 541//3294
f 2260//3295 541//3295 542//3295
f 2261//3296 2256//3296 2250//3296
f 2261//3297 2255//3297 2260//3297
f 2261//3298 2250//3298 2255//3298
f 2262//3299 2257//3299 2256//3299
f 2262//3300 2263//3300 2259//3300
f 2262//3301 2264//3301 2263//3301
f 2262//3302 2259//3302 2257//3302
f 2265//3303 542//3303 543//3303
f 2265//3304 543//3304 544//3304
f 2265//3305 2260//3305 542//3305
f 2266//3306 2261//3306 2260//3306
f 2267//3307 2264//3307 2262//3307
f 2267//3308 2268//3308 2264//3308
f 2267//3309 2256//3309 2261//3309
f 2267//3310 2269//3310 2268//3310
f 2267//3311 2262//3311 2256//3311
f 2270//3312 544//3312 545//3312
f 2270//3313 545//3313 546//3313
f 2270//3314 2265//3314 544//3314
f 2271//3315 2260//3315 2265//3315
f 2271//3316 2266//3316 2260//3316
f 2272//3317 2261//3317 2266//3317
f 2272//3318 2269//3318 2267//3318
f 2272//3319 2267//3319 2261//3319
f 2272//3320 2266//3320 2271//3320
f 2272//3321 2273//3321 2269//3321
f 2272//3322 2274//3322 2273//3322
f 2275//3323 546//3323 547//3323
f 2275//3324 547//3324 548//3324
f 2275//3325 2270//3325 546//3325
f 2276//3326 2271//3326 2265//3326
f 2276//3327 2265//3327 2270//3327
f 2277//3328 2272//3328 2271//3328
f 2277//3329 2278//3329 2274//3329
f 2277//3330 2279//3330 2278//3330
f 2277//3331 2274//3331 2272//3331
f 2280//3332 2275//3332 548//3332
f 2280//3333 548//3333 549//3333
f 2280//3334 549//3334 550//3334
f 1975//3335 2276//3335 2270//3335
f 1975//3336 2270//3336 2275//3336
f 2281//3337 2271//3337 2276//3337
f 2281//3338 2277//3338 2271//3338
f 2281//3339 2279//3339 2277//3339
f 2281//3340 2282//3340 2279//3340
f 2281//3341 2283//3341 2282//3341
f 2284//3342 550//3342 551//3342
f 2284//3343 551//3343 552//3343
f 2284//3344 2280//3344 550//3344
f 1976//3345 2280//3345 2284//3345
f 1976//3346 2275//3346 2280//3346
f 1976//3347 1975//3347 2275//3347
f 1977//3348 2283//3348 2281//3348
f 1977//3349 2281//3349 2276//3349
f 1977//3350 2285//3350 2283//3350
f 1977//3351 1973//3351 2285//3351
f 1977//3352 2276//3352 1975//3352
f 1979//3353 2284//3353 552//3353
f 1979//3354 552//3354 553//3354
f 1979//3355 553//3355 554//3355
f 1981//3356 2284//3356 1979//3356
f 1981//3357 1976//3357 2284//3357
f 1971//3358 1977//3358 1975//3358
f 627//3359 1969//3359 628//3359
f 1970//3360 1969//3360 627//3360
f 2286//3361 630//3361 2287//3361
f 2288//3362 2287//3362 630//3362
f 2289//3363 630//3363 2286//3363
f 2290//3364 2288//3364 630//3364
f 2291//3365 630//3365 2289//3365
f 2292//3366 2290//3366 630//3366
f 2293//3367 630//3367 2291//3367
f 2294//3368 2292//3368 630//3368
f 2295//3369 630//3369 2293//3369
f 2296//3370 2294//3370 630//3370
f 2297//3371 630//3371 2295//3371
f 2298//3372 2296//3372 630//3372
f 2299//3373 630//3373 2297//3373
f 2300//3374 2298//3374 630//3374
f 2301//3375 630//3375 2299//3375
f 2302//3376 2300//3376 630//3376
f 2303//3377 630//3377 2301//3377
f 2304//3378 2302//3378 630//3378
f 2305//3379 630//3379 2303//3379
f 2306//3380 2304//3380 630//3380
f 2307//3381 630//3381 2305//3381
f 2308//3382 2306//3382 630//3382
f 2309//3383 2308//3383 630//3383
f 2310//3384 2309//3384 630//3384
f 2311//3385 2310//3385 630//3385
f 2312//3386 2311//3386 630//3386
f 2313//3387 630//3387 629//3387
f 2313//3388 2312//3388 630//3388
f 2314//3389 2313//3389 629//3389
f 2315//3390 2314//3390 629//3390
f 2316//3391 2315//3391 629//3391
f 2317//3392 2316//3392 629//3392
f 2318//3393 2317//3393 629//3393
f 2319//3394 2318//3394 629//3394
f 2320//3395 2319//3395 629//3395
f 2321//3396 2320//3396 629//3396
f 2322//3397 2321//3397 629//3397
f 2323//3398 2322//3398 629//3398
f 2324//3399 2323//3399 629//3399
f 2325//3400 2324//3400 629//3400
f 2326//3401 2325//3401 629//3401
f 2327//3402 2326//3402 629//3402
f 2328//3403 2327//3403 629//3403
f 2329//3404 2328//3404 629//3404
f 2330//3405 2329//3405 629//3405
f 2331//3406 2330//3406 629//3406
f 1021//3407 2332//3407 2333//3407
f 1021//3408 2334//3408 2332//3408
f 1021//3409 2335//3409 2334//3409
f 1021//3410 2336//3410 2335//3410
f 1021//3411 2337//3411 2336//3411
f 1021//3412 2338//3412 2337//3412
f 1021//3413 2339//3413 2338//3413
f 1021//3414 2340//3414 2339//3414
f 1021//3415 2341//3415 2340//3415
f 1021//3416 2342//3416 2341//3416
f 1021//3417 2343//3417 2342//3417
f 1021//3418 2344//3418 2343//3418
f 1021//3419 2345//3419 2344//3419
f 1021//3420 2346//3420 2345//3420
f 1021//3421 2347//3421 2346//3421
f 1021//3422 2348//3422 2347//3422
f 1021//3423 2349//3423 2348//3423
f 1021//3424 2350//3424 2349//3424
f 1021//3425 2307//3425 2350//3425
f 1021//3426 630//3426 2307//3426
f 2351//3427 2331//3427 629//3427
f 2352//3428 2351//3428 629//3428
f 2353//3429 2352//3429 629//3429
f 2354//3430 2353//3430 629//3430
f 2355//3431 2354//3431 629//3431
f 2356//3432 2355//3432 629//3432
f 2357//3433 2356//3433 629//3433
f 2358//3434 2357//3434 629//3434
f 2359//3435 2358//3435 629//3435
f 2360//3436 2359//3436 629//3436
f 2361//3437 2360//3437 629//3437
f 2362//3438 2361//3438 629//3438
f 2363//3439 2362//3439 629//3439
f 1085//3440 2364//3440 2365//3440
f 1085//3441 2366//3441 2364//3441
f 1085//3442 2367//3442 2366//3442
f 1085//3443 2368//3443 2367//3443
f 1085//3444 2369//3444 2368//3444
f 1085//3445 2370//3445 2369//3445
f 1085//3446 2371//3446 2370//3446
f 1085//3447 2372//3447 2371//3447
f 1085//3448 2373//3448 2372//3448
f 1085//3449 2374//3449 2373//3449
f 1085//3450 2375//3450 2374//3450
f 1085//3451 2376//3451 2375//3451
f 1085//3452 2377//3452 2376//3452
f 1085//3453 2378//3453 2377//3453
f 1085//3454 2379//3454 2378//3454
f 1085//3455 2380//3455 2379//3455
f 1085//3456 2381//3456 2380//3456
f 1085//3457 2382//3457 2381//3457
f 1085//3458 2383//3458 2382//3458
f 1085//3459 2384//3459 2383//3459
f 1085//3460 2385//3460 2384//3460
f 1085//3461 2386//3461 2385//3461
f 1085//3462 2387//3462 2386//3462
f 1085//3463 2388//3463 2387//3463
f 1085//3464 2333//3464 2388//3464
f 1085//3465 1021//3465 2333//3465
f 1251//3466 2389//3466 2390//3466
f 1251//3467 2365//3467 2389//3467
f 1251//3468 1085//3468 2365//3468
f 956//3469 1517//3469 1251//3469
f 889//3470 2391//3470 2363//3470
f 889//3471 2392//3471 2391//3471
f 889//3472 2393//3472 2392//3472
f 889//3473 2394//3473 2393//3473
f 889//3474 2395//3474 2394//3474
f 889//3475 2396//3475 2395//3475
f 889//3476 2397//3476 2396//3476
f 889//3477 2398//3477 2397//3477
f 889//3478 2399//3478 2398//3478
f 889//3479 2400//3479 2399//3479
f 889//3480 2401//3480 2400//3480
f 889//3481 2402//3481 2401//3481
f 889//3482 2403//3482 2402//3482
f 889//3483 2404//3483 2403//3483
f 889//3484 2405//3484 2404//3484
f 889//3485 2406//3485 2405//3485
f 889//3486 2407//3486 2406//3486
f 889//3487 2408//3487 2407//3487
f 889//3488 2409//3488 2408//3488
f 889//3489 2363//3489 629//3489
f 889//3490 2410//3490 2409//3490
f 889//3491 2411//3491 2410//3491
f 889//3492 2390//3492 2411//3492
f 889//3493 956//3493 1251//3493
f 889//3494 1251//3494 2390//3494
f 1110//3495 921//3495 657//3495
f 921//3496 782//3496 657//3496
f 1970//3497 627//3497 1185//3497
f 627//3498 1186//3498 1185//3498
f 627//3499 757//3499 1186//3499
f 757//3500 758//3500 1184//3500
f 757//3501 1184//3501 1186//3501
f 758//3502 759//3502 1184//3502
f 1184//3503 759//3503 1187//3503
f 759//3504 749//3504 1187//3504
f 1187//3505 749//3505 1188//3505
f 749//3506 745//3506 1188//3506
f 1188//3507 745//3507 1189//3507
f 745//3508 739//3508 1189//3508
f 1189//3509 739//3509 1190//3509
f 739//3510 731//3510 1190//3510
f 1190//3511 731//3511 1191//3511
f 731//3512 720//3512 1191//3512
f 1191//3513 720//3513 1192//3513
f 720//3514 719//3514 1192//3514
f 1192//3515 719//3515 1193//3515
f 719//3516 718//3516 1193//3516
f 1193//3517 718//3517 1194//3517
f 718//3518 717//3518 1194//3518
f 1194//3519 717//3519 1195//3519
f 1195//3520 716//3520 1196//3520
f 717//3521 716//3521 1195//3521
f 1196//3522 715//3522 1197//3522
f 716//3523 715//3523 1196//3523
f 1197//3524 714//3524 1198//3524
f 715//3525 714//3525 1197//3525
f 1198//3526 713//3526 1199//3526
f 714//3527 713//3527 1198//3527
f 1199//3528 712//3528 1200//3528
f 713//3529 712//3529 1199//3529
f 1200//3530 711//3530 1201//3530
f 712//3531 711//3531 1200//3531
f 1201//3532 710//3532 1202//3532
f 711//3533 710//3533 1201//3533
f 1202//3534 709//3534 1203//3534
f 710//3535 709//3535 1202//3535
f 709//3536 708//3536 1203//3536
f 1203//3537 708//3537 1204//3537
f 708//3538 707//3538 1204//3538
f 1204//3539 707//3539 1205//3539
f 1205//3540 707//3540 1206//3540
f 707//3541 706//3541 1206//3541
f 706//3542 705//3542 1206//3542
f 1206//3543 705//3543 1207//3543
f 705//3544 704//3544 1207//3544
f 1207//3545 704//3545 1208//3545
f 704//3546 703//3546 1208//3546
f 1208//3547 703//3547 1209//3547
f 703//3548 702//3548 1209//3548
f 1209//3549 702//3549 1210//3549
f 702//3550 701//3550 1210//3550
f 1210//3551 701//3551 1211//3551
f 701//3552 700//3552 1211//3552
f 1211//3553 700//3553 1212//3553
f 700//3554 699//3554 1212//3554
f 1212//3555 699//3555 1213//3555
f 699//3556 698//3556 1213//3556
f 1213//3557 698//3557 1214//3557
f 698//3558 697//3558 1214//3558
f 1214//3559 697//3559 1215//3559
f 697//3560 696//3560 1215//3560
f 1215//3561 696//3561 1216//3561
f 696//3562 695//3562 1216//3562
f 1216//3563 695//3563 1217//3563
f 695//3564 693//3564 1217//3564
f 1217//3565 693//3565 1218//3565
f 1218//3566 693//3566 1183//3566
f 693//3567 691//3567 1183//3567
f 691//3568 689//3568 1183//3568
f 1183//3569 689//3569 1182//3569
f 689//3570 687//3570 1182//3570
f 1182//3571 687//3571 1181//3571
f 687//3572 685//3572 1181//3572
f 1181//3573 685//3573 1180//3573
f 1180//3574 683//3574 1179//3574
f 685//3575 683//3575 1180//3575
f 1179//3576 681//3576 1178//3576
f 683//3577 681//3577 1179//3577
f 1178//3578 679//3578 1177//3578
f 681//3579 679//3579 1178//3579
f 1177//3580 677//3580 1176//3580
f 679//3581 677//3581 1177//3581
f 1176//3582 675//3582 1170//3582
f 1170//3583 675//3583 1171//3583
f 677//3584 675//3584 1176//3584
f 675//3585 673//3585 1171//3585
f 673//3586 671//3586 1171//3586
f 1171//3587 671//3587 1172//3587
f 671//3588 669//3588 1172//3588
f 1172//3589 669//3589 1173//3589
f 1173//3590 667//3590 1174//3590
f 669//3591 667//3591 1173//3591
f 1174//3592 665//3592 1175//3592
f 667//3593 665//3593 1174//3593
f 1175//3594 663//3594 1154//3594
f 665//3595 663//3595 1175//3595
f 1154//3596 664//3596 1151//3596
f 663//3597 664//3597 1154//3597
f 1151//3598 666//3598 1147//3598
f 664//3599 666//3599 1151//3599
f 1147//3600 668//3600 1145//3600
f 666//3601 668//3601 1147//3601
f 1145//3602 670//3602 1142//3602
f 668//3603 670//3603 1145//3603
f 1142//3604 672//3604 1137//3604
f 670//3605 672//3605 1142//3605
f 1137//3606 674//3606 1135//3606
f 672//3607 674//3607 1137//3607
f 1135//3608 676//3608 1131//3608
f 674//3609 676//3609 1135//3609
f 1131//3610 678//3610 1111//3610
f 676//3611 678//3611 1131//3611
f 1111//3612 680//3612 1112//3612
f 678//3613 680//3613 1111//3613
f 1112//3614 682//3614 1113//3614
f 680//3615 682//3615 1112//3615
f 1113//3616 684//3616 1114//3616
f 682//3617 684//3617 1113//3617
f 1114//3618 686//3618 1115//3618
f 684//3619 686//3619 1114//3619
f 1115//3620 688//3620 1116//3620
f 686//3621 688//3621 1115//3621
f 1116//3622 690//3622 1117//3622
f 688//3623 690//3623 1116//3623
f 1117//3624 692//3624 1118//3624
f 690//3625 692//3625 1117//3625
f 692//3626 694//3626 1118//3626
f 1118//3627 694//3627 1089//3627
f 694//3628 756//3628 1089//3628
f 1089//3629 756//3629 1090//3629
f 628//3630 1969//3630 1086//3630
f 1088//3631 628//3631 1086//3631
f 853//3632 628//3632 1088//3632
f 756//3633 754//3633 1090//3633
f 1090//3634 754//3634 1091//3634
f 1091//3635 754//3635 1092//3635
f 754//3636 752//3636 1092//3636
f 1092//3637 752//3637 1093//3637
f 752//3638 750//3638 1093//3638
f 1093//3639 750//3639 1094//3639
f 750//3640 747//3640 1094//3640
f 1094//3641 747//3641 1095//3641
f 747//3642 744//3642 1095//3642
f 1095//3643 744//3643 1096//3643
f 744//3644 742//3644 1096//3644
f 1096//3645 742//3645 1097//3645
f 742//3646 740//3646 1097//3646
f 1097//3647 740//3647 1098//3647
f 740//3648 737//3648 1098//3648
f 1098//3649 737//3649 1099//3649
f 737//3650 735//3650 1099//3650
f 1099//3651 735//3651 1100//3651
f 1100//3652 733//3652 1101//3652
f 735//3653 733//3653 1100//3653
f 1101//3654 730//3654 1102//3654
f 733//3655 730//3655 1101//3655
f 1102//3656 728//3656 1103//3656
f 730//3657 728//3657 1102//3657
f 1103//3658 726//3658 1104//3658
f 728//3659 726//3659 1103//3659
f 1104//3660 724//3660 1105//3660
f 726//3661 724//3661 1104//3661
f 1105//3662 722//3662 1106//3662
f 724//3663 722//3663 1105//3663
f 1106//3664 721//3664 1107//3664
f 722//3665 721//3665 1106//3665
f 721//3666 723//3666 1107//3666
f 723//3667 725//3667 1107//3667
f 1107//3668 725//3668 1108//3668
f 1108//3669 725//3669 1109//3669
f 725//3670 727//3670 1109//3670
f 1109//3671 727//3671 1119//3671
f 727//3672 729//3672 1119//3672
f 1119//3673 729//3673 1120//3673
f 729//3674 732//3674 1120//3674
f 1120//3675 732//3675 1121//3675
f 732//3676 734//3676 1121//3676
f 1121//3677 734//3677 1122//3677
f 734//3678 736//3678 1122//3678
f 1122//3679 736//3679 1123//3679
f 736//3680 738//3680 1123//3680
f 738//3681 741//3681 1123//3681
f 1123//3682 741//3682 1124//3682
f 1124//3683 741//3683 1125//3683
f 741//3684 743//3684 1125//3684
f 1125//3685 743//3685 1126//3685
f 743//3686 746//3686 1126//3686
f 746//3687 748//3687 1126//3687
f 1126//3688 748//3688 1127//3688
f 1127//3689 748//3689 1128//3689
f 748//3690 751//3690 1128//3690
f 1128//3691 751//3691 1129//3691
f 751//3692 753//3692 1129//3692
f 1129//3693 753//3693 1130//3693
f 753//3694 755//3694 1130//3694
f 755//3695 781//3695 1130//3695
f 1130//3696 781//3696 1083//3696
f 781//3697 783//3697 1083//3697
f 1083//3698 783//3698 1080//3698
f 1080//3699 783//3699 1078//3699
f 783//3700 784//3700 1078//3700
f 784//3701 785//3701 1078//3701
f 1078//3702 785//3702 1075//3702
f 1075//3703 785//3703 1073//3703
f 1073//3704 786//3704 1070//3704
f 785//3705 786//3705 1073//3705
f 786//3706 787//3706 1070//3706
f 1070//3707 788//3707 1068//3707
f 787//3708 788//3708 1070//3708
f 1068//3709 789//3709 1065//3709
f 1065//3710 789//3710 1063//3710
f 788//3711 789//3711 1068//3711
f 789//3712 790//3712 1063//3712
f 1063//3713 791//3713 1061//3713
f 1061//3714 791//3714 1059//3714
f 790//3715 791//3715 1063//3715
f 791//3716 792//3716 1059//3716
f 792//3717 793//3717 1059//3717
f 1059//3718 793//3718 1056//3718
f 793//3719 760//3719 1056//3719
f 1056//3720 760//3720 1054//3720
f 1054//3721 762//3721 1052//3721
f 760//3722 762//3722 1054//3722
f 1052//3723 763//3723 1050//3723
f 762//3724 763//3724 1052//3724
f 1050//3725 764//3725 1049//3725
f 1049//3726 764//3726 1048//3726
f 763//3727 764//3727 1050//3727
f 764//3728 765//3728 1048//3728
f 1048//3729 766//3729 1051//3729
f 1051//3730 766//3730 1053//3730
f 765//3731 766//3731 1048//3731
f 766//3732 767//3732 1053//3732
f 1053//3733 768//3733 1055//3733
f 1055//3734 768//3734 1057//3734
f 767//3735 768//3735 1053//3735
f 1057//3736 769//3736 1060//3736
f 768//3737 769//3737 1057//3737
f 769//3738 770//3738 1060//3738
f 1060//3739 771//3739 1062//3739
f 770//3740 771//3740 1060//3740
f 1062//3741 772//3741 1064//3741
f 1064//3742 772//3742 1067//3742
f 771//3743 772//3743 1062//3743
f 1067//3744 773//3744 1069//3744
f 772//3745 773//3745 1067//3745
f 773//3746 774//3746 1069//3746
f 1069//3747 775//3747 1071//3747
f 1071//3748 775//3748 1074//3748
f 774//3749 775//3749 1069//3749
f 775//3750 776//3750 1074//3750
f 1074//3751 777//3751 1077//3751
f 1077//3752 777//3752 1079//3752
f 776//3753 777//3753 1074//3753
f 1079//3754 778//3754 1082//3754
f 777//3755 778//3755 1079//3755
f 778//3756 779//3756 1082//3756
f 1082//3757 780//3757 1084//3757
f 779//3758 780//3758 1082//3758
f 854//3759 853//3759 1088//3759
f 854//3760 1088//3760 1087//3760
f 780//3761 761//3761 1084//3761
f 1084//3762 761//3762 1020//3762
f 1020//3763 761//3763 1018//3763
f 761//3764 794//3764 1018//3764
f 794//3765 795//3765 1018//3765
f 1018//3766 795//3766 1016//3766
f 795//3767 796//3767 1016//3767
f 1016//3768 796//3768 1014//3768
f 796//3769 797//3769 1014//3769
f 1014//3770 797//3770 1012//3770
f 797//3771 798//3771 1012//3771
f 1012//3772 798//3772 1010//3772
f 798//3773 799//3773 1010//3773
f 1010//3774 799//3774 1008//3774
f 799//3775 800//3775 1008//3775
f 1008//3776 800//3776 1006//3776
f 800//3777 801//3777 1006//3777
f 1006//3778 801//3778 1004//3778
f 801//3779 802//3779 1004//3779
f 1004//3780 802//3780 1002//3780
f 1002//3781 806//3781 1000//3781
f 802//3782 806//3782 1002//3782
f 1000//3783 810//3783 998//3783
f 806//3784 810//3784 1000//3784
f 998//3785 811//3785 996//3785
f 810//3786 811//3786 998//3786
f 996//3787 815//3787 994//3787
f 811//3788 815//3788 996//3788
f 994//3789 818//3789 992//3789
f 815//3790 818//3790 994//3790
f 992//3791 822//3791 990//3791
f 818//3792 822//3792 992//3792
f 990//3793 824//3793 989//3793
f 822//3794 824//3794 990//3794
f 989//3795 841//3795 991//3795
f 991//3796 841//3796 993//3796
f 824//3797 841//3797 989//3797
f 841//3798 842//3798 993//3798
f 842//3799 843//3799 993//3799
f 993//3800 843//3800 995//3800
f 843//3801 844//3801 995//3801
f 995//3802 844//3802 997//3802
f 844//3803 845//3803 997//3803
f 997//3804 845//3804 999//3804
f 845//3805 846//3805 999//3805
f 999//3806 846//3806 1001//3806
f 846//3807 847//3807 1001//3807
f 1001//3808 847//3808 1003//3808
f 847//3809 848//3809 1003//3809
f 1003//3810 848//3810 1005//3810
f 848//3811 849//3811 1005//3811
f 1005//3812 849//3812 1007//3812
f 849//3813 850//3813 1007//3813
f 1007//3814 850//3814 1009//3814
f 850//3815 851//3815 1009//3815
f 1009//3816 851//3816 1011//3816
f 1011//3817 851//3817 1013//3817
f 851//3818 852//3818 1013//3818
f 852//3819 857//3819 1013//3819
f 1013//3820 857//3820 1015//3820
f 857//3821 858//3821 1015//3821
f 1015//3822 858//3822 1017//3822
f 858//3823 859//3823 1017//3823
f 1017//3824 859//3824 1019//3824
f 859//3825 860//3825 1019//3825
f 1019//3826 860//3826 1022//3826
f 860//3827 861//3827 1022//3827
f 1022//3828 861//3828 1023//3828
f 861//3829 862//3829 1023//3829
f 1023//3830 862//3830 1024//3830
f 1024//3831 862//3831 1025//3831
f 862//3832 863//3832 1025//3832
f 863//3833 864//3833 1025//3833
f 1025//3834 864//3834 1026//3834
f 1026//3835 865//3835 1027//3835
f 864//3836 865//3836 1026//3836
f 1027//3837 866//3837 1028//3837
f 1028//3838 866//3838 1029//3838
f 865//3839 866//3839 1027//3839
f 866//3840 867//3840 1029//3840
f 1029//3841 868//3841 1030//3841
f 867//3842 868//3842 1029//3842
f 1030//3843 869//3843 1031//3843
f 868//3844 869//3844 1030//3844
f 1031//3845 870//3845 1032//3845
f 1032//3846 870//3846 1033//3846
f 869//3847 870//3847 1031//3847
f 870//3848 871//3848 1033//3848
f 871//3849 872//3849 1033//3849
f 1033//3850 872//3850 1034//3850
f 1034//3851 873//3851 1035//3851
f 872//3852 873//3852 1034//3852
f 1035//3853 874//3853 1036//3853
f 1036//3854 874//3854 1037//3854
f 873//3855 874//3855 1035//3855
f 874//3856 875//3856 1037//3856
f 1037//3857 876//3857 1038//3857
f 875//3858 876//3858 1037//3858
f 1038//3859 877//3859 1039//3859
f 876//3860 877//3860 1038//3860
f 1039//3861 878//3861 1040//3861
f 1040//3862 878//3862 1041//3862
f 877//3863 878//3863 1039//3863
f 878//3864 879//3864 1041//3864
f 1041//3865 880//3865 1042//3865
f 879//3866 880//3866 1041//3866
f 1042//3867 881//3867 1043//3867
f 880//3868 881//3868 1042//3868
f 1043//3869 882//3869 1044//3869
f 1044//3870 882//3870 1045//3870
f 881//3871 882//3871 1043//3871
f 1045//3872 883//3872 1046//3872
f 882//3873 883//3873 1045//3873
f 883//3874 884//3874 1046//3874
f 1046//3875 885//3875 1047//3875
f 884//3876 885//3876 1046//3876
f 1047//3877 886//3877 1058//3877
f 1058//3878 886//3878 1066//3878
f 885//3879 886//3879 1047//3879
f 1066//3880 887//3880 1072//3880
f 886//3881 887//3881 1066//3881
f 887//3882 888//3882 1072//3882
f 1072//3883 856//3883 1076//3883
f 888//3884 856//3884 1072//3884
f 1076//3885 855//3885 1081//3885
f 1081//3886 855//3886 1087//3886
f 856//3887 855//3887 1076//3887
f 855//3888 854//3888 1087//3888
f 957//3889 1250//3889 953//3889
f 953//3890 1250//3890 1252//3890
f 953//3891 1256//3891 954//3891
f 1252//3892 1256//3892 953//3892
f 954//3893 1255//3893 952//3893
f 1256//3894 1255//3894 954//3894
f 952//3895 1265//3895 951//3895
f 1255//3896 1265//3896 952//3896
f 951//3897 1263//3897 948//3897
f 1265//3898 1263//3898 951//3898
f 948//3899 1262//3899 949//3899
f 1263//3900 1262//3900 948//3900
f 949//3901 1261//3901 950//3901
f 1262//3902 1261//3902 949//3902
f 950//3903 1264//3903 947//3903
f 1261//3904 1264//3904 950//3904
f 947//3905 1273//3905 945//3905
f 1264//3906 1273//3906 947//3906
f 1273//3907 1272//3907 945//3907
f 945//3908 1272//3908 946//3908
f 946//3909 1271//3909 944//3909
f 1272//3910 1271//3910 946//3910
f 944//3911 1274//3911 943//3911
f 1271//3912 1274//3912 944//3912
f 943//3913 1279//3913 941//3913
f 1274//3914 1279//3914 943//3914
f 941//3915 1278//3915 942//3915
f 1279//3916 1278//3916 941//3916
f 942//3917 1283//3917 939//3917
f 1278//3918 1283//3918 942//3918
f 939//3919 1282//3919 940//3919
f 1283//3920 1282//3920 939//3920
f 940//3921 1285//3921 937//3921
f 1282//3922 1285//3922 940//3922
f 937//3923 1284//3923 938//3923
f 1285//3924 1284//3924 937//3924
f 938//3925 1280//3925 936//3925
f 1284//3926 1280//3926 938//3926
f 936//3927 1281//3927 934//3927
f 934//3928 1281//3928 935//3928
f 1280//3929 1281//3929 936//3929
f 1281//3930 1277//3930 935//3930
f 935//3931 1275//3931 933//3931
f 1277//3932 1275//3932 935//3932
f 933//3933 1276//3933 930//3933
f 1275//3934 1276//3934 933//3934
f 930//3935 1270//3935 931//3935
f 1276//3936 1270//3936 930//3936
f 931//3937 1269//3937 932//3937
f 932//3938 1269//3938 929//3938
f 1270//3939 1269//3939 931//3939
f 1269//3940 1266//3940 929//3940
f 929//3941 1268//3941 928//3941
f 1266//3942 1268//3942 929//3942
f 928//3943 1267//3943 926//3943
f 1268//3944 1267//3944 928//3944
f 926//3945 1260//3945 927//3945
f 927//3946 1260//3946 922//3946
f 1267//3947 1260//3947 926//3947
f 1260//3948 1257//3948 922//3948
f 922//3949 1259//3949 923//3949
f 923//3950 1259//3950 924//3950
f 1257//3951 1259//3951 922//3951
f 1259//3952 1258//3952 924//3952
f 924//3953 1254//3953 925//3953
f 1258//3954 1254//3954 924//3954
f 956//3955 2412//3955 1517//3955
f 2412//3956 1515//3956 1517//3956
f 956//3957 2413//3957 2412//3957
f 956//3958 955//3958 2413//3958
f 2413//3959 1349//3959 1413//3959
f 955//3960 1349//3960 2413//3960
f 1614//3961 1651//3961 1317//3961
f 1349//3962 1614//3962 1317//3962
f 955//3963 1580//3963 1614//3963
f 955//3964 1614//3964 1349//3964
f 1579//3965 1580//3965 955//3965
f 1578//3966 1579//3966 955//3966
f 1577//3967 1578//3967 955//3967
f 1575//3968 1576//3968 1577//3968
f 1574//3969 1577//3969 955//3969
f 1574//3970 1575//3970 1577//3970
f 1572//3971 1573//3971 1574//3971
f 1571//3972 1572//3972 1574//3972
f 1569//3973 1570//3973 1571//3973
f 1569//3974 1571//3974 1574//3974
f 1566//3975 1567//3975 1568//3975
f 1566//3976 1568//3976 1569//3976
f 1564//3977 1565//3977 1566//3977
f 1564//3978 1569//3978 1574//3978
f 1564//3979 1566//3979 1569//3979
f 1563//3980 1564//3980 1574//3980
f 1562//3981 1574//3981 955//3981
f 1562//3982 1563//3982 1574//3982
f 1560//3983 1561//3983 1562//3983
f 1558//3984 1559//3984 1560//3984
f 1558//3985 1560//3985 1562//3985
f 1557//3986 1558//3986 1562//3986
f 1555//3987 1557//3987 1562//3987
f 1555//3988 1556//3988 1557//3988
f 1554//3989 1555//3989 1562//3989
f 1553//3990 1554//3990 1562//3990
f 1550//3991 1551//3991 1552//3991
f 1550//3992 1552//3992 1553//3992
f 1549//3993 1553//3993 1562//3993
f 1549//3994 1550//3994 1553//3994
f 1253//3995 1549//3995 1562//3995
f 1253//3996 1562//3996 955//3996
f 1254//3997 955//3997 925//3997
f 1254//3998 1253//3998 955//3998
f 1696//3999 1612//3999 1313//3999
f 1612//4000 1439//4000 1313//4000
f 1696//4001 1315//4001 1703//4001
f 1313//4002 1315//4002 1696//4002
f 1703//4003 1314//4003 1692//4003
f 1315//4004 1314//4004 1703//4004
f 1692//4005 1316//4005 1694//4005
f 1314//4006 1316//4006 1692//4006
f 1694//4007 1308//4007 1693//4007
f 1316//4008 1308//4008 1694//4008
f 1693//4009 1306//4009 1691//4009
f 1308//4010 1306//4010 1693//4010
f 1691//4011 1307//4011 1690//4011
f 1306//4012 1307//4012 1691//4012
f 1690//4013 1302//4013 1689//4013
f 1307//4014 1302//4014 1690//4014
f 1689//4015 1303//4015 1687//4015
f 1302//4016 1303//4016 1689//4016
f 1303//4017 1296//4017 1687//4017
f 1687//4018 1296//4018 1688//4018
f 1688//4019 1298//4019 1683//4019
f 1296//4020 1298//4020 1688//4020
f 1683//4021 1297//4021 1684//4021
f 1298//4022 1297//4022 1683//4022
f 1684//4023 1299//4023 1682//4023
f 1297//4024 1299//4024 1684//4024
f 1682//4025 1300//4025 1680//4025
f 1299//4026 1300//4026 1682//4026
f 1680//4027 1289//4027 1681//4027
f 1300//4028 1289//4028 1680//4028
f 1681//4029 1286//4029 1679//4029
f 1289//4030 1286//4030 1681//4030
f 1679//4031 1288//4031 1678//4031
f 1286//4032 1288//4032 1679//4032
f 1678//4033 1287//4033 1675//4033
f 1288//4034 1287//4034 1678//4034
f 1675//4035 1291//4035 1676//4035
f 1287//4036 1291//4036 1675//4036
f 1676//4037 1292//4037 1674//4037
f 1291//4038 1292//4038 1676//4038
f 1674//4039 1293//4039 1670//4039
f 1292//4040 1293//4040 1674//4040
f 1670//4041 1290//4041 1671//4041
f 1671//4042 1290//4042 1669//4042
f 1293//4043 1290//4043 1670//4043
f 1290//4044 1295//4044 1669//4044
f 1669//4045 1294//4045 1672//4045
f 1295//4046 1294//4046 1669//4046
f 1672//4047 1301//4047 1666//4047
f 1666//4048 1301//4048 1664//4048
f 1294//4049 1301//4049 1672//4049
f 1664//4050 1305//4050 1663//4050
f 1301//4051 1305//4051 1664//4051
f 1305//4052 1304//4052 1663//4052
f 1663//4053 1311//4053 1661//4053
f 1304//4054 1311//4054 1663//4054
f 1661//4055 1310//4055 1662//4055
f 1311//4056 1310//4056 1661//4056
f 1662//4057 1309//4057 1659//4057
f 1310//4058 1309//4058 1662//4058
f 1659//4059 1312//4059 1656//4059
f 1309//4060 1312//4060 1659//4060
f 1656//4061 1318//4061 1657//4061
f 1312//4062 1318//4062 1656//4062
f 1657//4063 1317//4063 1651//4063
f 1318//4064 1317//4064 1657//4064
f 1615//4065 1515//4065 2412//4065
f 1516//4066 1615//4066 1747//4066
f 1516//4067 1515//4067 1615//4067
f 1514//4068 1516//4068 1747//4068
f 1514//4069 1747//4069 1746//4069
f 1413//4070 1613//4070 2413//4070
f 1613//4071 1417//4071 1713//4071
f 1413//4072 1417//4072 1613//4072
f 1752//4073 1418//4073 1811//4073
f 1418//4074 1447//4074 1811//4074
f 1447//4075 1448//4075 1811//4075
f 1811//4076 1448//4076 1812//4076
f 1448//4077 1450//4077 1812//4077
f 1812//4078 1450//4078 1814//4078
f 1450//4079 1453//4079 1814//4079
f 1814//4080 1453//4080 1817//4080
f 1453//4081 1455//4081 1817//4081
f 1817//4082 1455//4082 1819//4082
f 1455//4083 1457//4083 1819//4083
f 1819//4084 1457//4084 1821//4084
f 1457//4085 1458//4085 1821//4085
f 1821//4086 1458//4086 1822//4086
f 1458//4087 1459//4087 1822//4087
f 1822//4088 1459//4088 1823//4088
f 1459//4089 1460//4089 1823//4089
f 1823//4090 1460//4090 1824//4090
f 1824//4091 1464//4091 1825//4091
f 1460//4092 1464//4092 1824//4092
f 1825//4093 1468//4093 1826//4093
f 1464//4094 1468//4094 1825//4094
f 1826//4095 1470//4095 1827//4095
f 1468//4096 1470//4096 1826//4096
f 1827//4097 1474//4097 1828//4097
f 1470//4098 1474//4098 1827//4098
f 1828//4099 1476//4099 1829//4099
f 1474//4100 1476//4100 1828//4100
f 1829//4101 1477//4101 1830//4101
f 1476//4102 1477//4102 1829//4102
f 1830//4103 1481//4103 1831//4103
f 1477//4104 1481//4104 1830//4104
f 1831//4105 1499//4105 1832//4105
f 1481//4106 1499//4106 1831//4106
f 1499//4107 1500//4107 1832//4107
f 1832//4108 1500//4108 1833//4108
f 1500//4109 1501//4109 1833//4109
f 1833//4110 1501//4110 1834//4110
f 1501//4111 1502//4111 1834//4111
f 1834//4112 1502//4112 1835//4112
f 1502//4113 1503//4113 1835//4113
f 1835//4114 1503//4114 1836//4114
f 1503//4115 1504//4115 1836//4115
f 1836//4116 1504//4116 1837//4116
f 1504//4117 1505//4117 1837//4117
f 1837//4118 1505//4118 1838//4118
f 1505//4119 1506//4119 1838//4119
f 1838//4120 1506//4120 1839//4120
f 1506//4121 1507//4121 1839//4121
f 1839//4122 1507//4122 1840//4122
f 1507//4123 1508//4123 1840//4123
f 1840//4124 1508//4124 1841//4124
f 1508//4125 1509//4125 1841//4125
f 1841//4126 1509//4126 1842//4126
f 1509//4127 1510//4127 1842//4127
f 1842//4128 1510//4128 1773//4128
f 1773//4129 1510//4129 1772//4129
f 1510//4130 1511//4130 1772//4130
f 1511//4131 1512//4131 1772//4131
f 1772//4132 1512//4132 1774//4132
f 1512//4133 1513//4133 1774//4133
f 1774//4134 1513//4134 1775//4134
f 1513//4135 1518//4135 1775//4135
f 1775//4136 1518//4136 1776//4136
f 1776//4137 1518//4137 1777//4137
f 1518//4138 1519//4138 1777//4138
f 1519//4139 1520//4139 1777//4139
f 1777//4140 1520//4140 1778//4140
f 1520//4141 1521//4141 1778//4141
f 1778//4142 1521//4142 1779//4142
f 1521//4143 1522//4143 1779//4143
f 1779//4144 1522//4144 1780//4144
f 1780//4145 1523//4145 1781//4145
f 1522//4146 1523//4146 1780//4146
f 1781//4147 1524//4147 1782//4147
f 1523//4148 1524//4148 1781//4148
f 1782//4149 1525//4149 1783//4149
f 1524//4150 1525//4150 1782//4150
f 1783//4151 1526//4151 1784//4151
f 1525//4152 1526//4152 1783//4152
f 1784//4153 1527//4153 1785//4153
f 1526//4154 1527//4154 1784//4154
f 1785//4155 1528//4155 1786//4155
f 1527//4156 1528//4156 1785//4156
f 1528//4157 1529//4157 1786//4157
f 1786//4158 1529//4158 1787//4158
f 1529//4159 1530//4159 1787//4159
f 1787//4160 1530//4160 1788//4160
f 1788//4161 1531//4161 1789//4161
f 1530//4162 1531//4162 1788//4162
f 1789//4163 1532//4163 1790//4163
f 1531//4164 1532//4164 1789//4164
f 1790//4165 1533//4165 1791//4165
f 1791//4166 1533//4166 1792//4166
f 1532//4167 1533//4167 1790//4167
f 1533//4168 1534//4168 1792//4168
f 1792//4169 1535//4169 1793//4169
f 1534//4170 1535//4170 1792//4170
f 1793//4171 1536//4171 1794//4171
f 1535//4172 1536//4172 1793//4172
f 1794//4173 1537//4173 1795//4173
f 1536//4174 1537//4174 1794//4174
f 1795//4175 1538//4175 1796//4175
f 1537//4176 1538//4176 1795//4176
f 1796//4177 1539//4177 1797//4177
f 1538//4178 1539//4178 1796//4178
f 1797//4179 1540//4179 1798//4179
f 1539//4180 1540//4180 1797//4180
f 1798//4181 1541//4181 1799//4181
f 1540//4182 1541//4182 1798//4182
f 1799//4183 1542//4183 1800//4183
f 1541//4184 1542//4184 1799//4184
f 1800//4185 1543//4185 1801//4185
f 1542//4186 1543//4186 1800//4186
f 1801//4187 1544//4187 1802//4187
f 1543//4188 1544//4188 1801//4188
f 1802//4189 1545//4189 1803//4189
f 1544//4190 1545//4190 1802//4190
f 1803//4191 1546//4191 1804//4191
f 1545//4192 1546//4192 1803//4192
f 1804//4193 1547//4193 1750//4193
f 1546//4194 1547//4194 1804//4194
f 1750//4195 1548//4195 1749//4195
f 1749//4196 1548//4196 1746//4196
f 1547//4197 1548//4197 1750//4197
f 1548//4198 1514//4198 1746//4198
f 1417//4199 1415//4199 1686//4199
f 1417//4200 1686//4200 1713//4200
f 1438//4201 1418//4201 1771//4201
f 1771//4202 1418//4202 1752//4202
f 1415//4203 1414//4203 1686//4203
f 1686//4204 1414//4204 1685//4204
f 1414//4205 1416//4205 1685//4205
f 1685//4206 1416//4206 1643//4206
f 1416//4207 1402//4207 1643//4207
f 1643//4208 1402//4208 1641//4208
f 1402//4209 1396//4209 1641//4209
f 1641//4210 1396//4210 1639//4210
f 1396//4211 1388//4211 1639//4211
f 1639//4212 1388//4212 1637//4212
f 1388//4213 1377//4213 1637//4213
f 1637//4214 1377//4214 1635//4214
f 1377//4215 1376//4215 1635//4215
f 1635//4216 1376//4216 1633//4216
f 1376//4217 1375//4217 1633//4217
f 1633//4218 1375//4218 1631//4218
f 1375//4219 1374//4219 1631//4219
f 1631//4220 1374//4220 1629//4220
f 1629//4221 1373//4221 1627//4221
f 1374//4222 1373//4222 1629//4222
f 1627//4223 1372//4223 1625//4223
f 1373//4224 1372//4224 1627//4224
f 1625//4225 1371//4225 1623//4225
f 1372//4226 1371//4226 1625//4226
f 1623//4227 1370//4227 1621//4227
f 1371//4228 1370//4228 1623//4228
f 1621//4229 1369//4229 1619//4229
f 1370//4230 1369//4230 1621//4230
f 1619//4231 1368//4231 1616//4231
f 1369//4232 1368//4232 1619//4232
f 1616//4233 1367//4233 1617//4233
f 1368//4234 1367//4234 1616//4234
f 1617//4235 1366//4235 1618//4235
f 1618//4236 1366//4236 1620//4236
f 1367//4237 1366//4237 1617//4237
f 1366//4238 1365//4238 1620//4238
f 1365//4239 1364//4239 1620//4239
f 1620//4240 1364//4240 1622//4240
f 1622//4241 1364//4241 1624//4241
f 1364//4242 1363//4242 1624//4242
f 1363//4243 1362//4243 1624//4243
f 1624//4244 1362//4244 1626//4244
f 1626//4245 1362//4245 1628//4245
f 1362//4246 1361//4246 1628//4246
f 1361//4247 1360//4247 1628//4247
f 1628//4248 1360//4248 1630//4248
f 1360//4249 1359//4249 1630//4249
f 1630//4250 1359//4250 1632//4250
f 1359//4251 1358//4251 1632//4251
f 1632//4252 1358//4252 1634//4252
f 1358//4253 1357//4253 1634//4253
f 1634//4254 1357//4254 1636//4254
f 1357//4255 1356//4255 1636//4255
f 1636//4256 1356//4256 1638//4256
f 1356//4257 1355//4257 1638//4257
f 1638//4258 1355//4258 1640//4258
f 1355//4259 1354//4259 1640//4259
f 1640//4260 1354//4260 1642//4260
f 1354//4261 1353//4261 1642//4261
f 1642//4262 1353//4262 1644//4262
f 1353//4263 1352//4263 1644//4263
f 1644//4264 1352//4264 1645//4264
f 1352//4265 1350//4265 1645//4265
f 1645//4266 1350//4266 1646//4266
f 1646//4267 1350//4267 1647//4267
f 1350//4268 1347//4268 1647//4268
f 1347//4269 1345//4269 1647//4269
f 1647//4270 1345//4270 1648//4270
f 1345//4271 1343//4271 1648//4271
f 1648//4272 1343//4272 1649//4272
f 1343//4273 1341//4273 1649//4273
f 1649//4274 1341//4274 1652//4274
f 1652//4275 1339//4275 1650//4275
f 1341//4276 1339//4276 1652//4276
f 1650//4277 1337//4277 1653//4277
f 1653//4278 1337//4278 1654//4278
f 1339//4279 1337//4279 1650//4279
f 1337//4280 1335//4280 1654//4280
f 1654//4281 1333//4281 1655//4281
f 1335//4282 1333//4282 1654//4282
f 1655//4283 1331//4283 1658//4283
f 1333//4284 1331//4284 1655//4284
f 1658//4285 1329//4285 1660//4285
f 1331//4286 1329//4286 1658//4286
f 1329//4287 1327//4287 1660//4287
f 1660//4288 1327//4288 1665//4288
f 1327//4289 1325//4289 1665//4289
f 1665//4290 1325//4290 1667//4290
f 1667//4291 1323//4291 1668//4291
f 1325//4292 1323//4292 1667//4292
f 1668//4293 1321//4293 1673//4293
f 1323//4294 1321//4294 1668//4294
f 1673//4295 1319//4295 1677//4295
f 1321//4296 1319//4296 1673//4296
f 1677//4297 1320//4297 1695//4297
f 1319//4298 1320//4298 1677//4298
f 1695//4299 1322//4299 1697//4299
f 1320//4300 1322//4300 1695//4300
f 1697//4301 1324//4301 1698//4301
f 1322//4302 1324//4302 1697//4302
f 1698//4303 1326//4303 1699//4303
f 1324//4304 1326//4304 1698//4304
f 1699//4305 1328//4305 1700//4305
f 1700//4306 1328//4306 1701//4306
f 1326//4307 1328//4307 1699//4307
f 1328//4308 1330//4308 1701//4308
f 1701//4309 1332//4309 1702//4309
f 1330//4310 1332//4310 1701//4310
f 1702//4311 1334//4311 1704//4311
f 1332//4312 1334//4312 1702//4312
f 1704//4313 1336//4313 1705//4313
f 1334//4314 1336//4314 1704//4314
f 1705//4315 1338//4315 1706//4315
f 1336//4316 1338//4316 1705//4316
f 1706//4317 1340//4317 1707//4317
f 1338//4318 1340//4318 1706//4318
f 1707//4319 1342//4319 1708//4319
f 1340//4320 1342//4320 1707//4320
f 1708//4321 1344//4321 1709//4321
f 1342//4322 1344//4322 1708//4322
f 1709//4323 1346//4323 1710//4323
f 1344//4324 1346//4324 1709//4324
f 1710//4325 1348//4325 1711//4325
f 1346//4326 1348//4326 1710//4326
f 1348//4327 1351//4327 1711//4327
f 1711//4328 1351//4328 1712//4328
f 1412//4329 1410//4329 1714//4329
f 1714//4330 1410//4330 1715//4330
f 1410//4331 1408//4331 1715//4331
f 1715//4332 1408//4332 1716//4332
f 1408//4333 1406//4333 1716//4333
f 1716//4334 1406//4334 1717//4334
f 1406//4335 1404//4335 1717//4335
f 1717//4336 1404//4336 1718//4336
f 1404//4337 1401//4337 1718//4337
f 1718//4338 1401//4338 1719//4338
f 1401//4339 1399//4339 1719//4339
f 1719//4340 1399//4340 1720//4340
f 1399//4341 1397//4341 1720//4341
f 1720//4342 1397//4342 1721//4342
f 1397//4343 1394//4343 1721//4343
f 1721//4344 1394//4344 1722//4344
f 1394//4345 1392//4345 1722//4345
f 1722//4346 1392//4346 1723//4346
f 1723//4347 1390//4347 1724//4347
f 1392//4348 1390//4348 1723//4348
f 1724//4349 1387//4349 1725//4349
f 1390//4350 1387//4350 1724//4350
f 1725//4351 1385//4351 1726//4351
f 1387//4352 1385//4352 1725//4352
f 1726//4353 1383//4353 1727//4353
f 1385//4354 1383//4354 1726//4354
f 1727//4355 1381//4355 1728//4355
f 1383//4356 1381//4356 1727//4356
f 1728//4357 1378//4357 1729//4357
f 1381//4358 1378//4358 1728//4358
f 1729//4359 1379//4359 1730//4359
f 1378//4360 1379//4360 1729//4360
f 1730//4361 1380//4361 1731//4361
f 1379//4362 1380//4362 1730//4362
f 1380//4363 1382//4363 1731//4363
f 1731//4364 1382//4364 1732//4364
f 1382//4365 1384//4365 1732//4365
f 1732//4366 1384//4366 1733//4366
f 1384//4367 1386//4367 1733//4367
f 1733//4368 1386//4368 1734//4368
f 1386//4369 1389//4369 1734//4369
f 1734//4370 1389//4370 1735//4370
f 1389//4371 1391//4371 1735//4371
f 1735//4372 1391//4372 1736//4372
f 1391//4373 1393//4373 1736//4373
f 1736//4374 1393//4374 1737//4374
f 1393//4375 1395//4375 1737//4375
f 1737//4376 1395//4376 1738//4376
f 1395//4377 1398//4377 1738//4377
f 1738//4378 1398//4378 1739//4378
f 1398//4379 1400//4379 1739//4379
f 1739//4380 1400//4380 1740//4380
f 1400//4381 1403//4381 1740//4381
f 1740//4382 1403//4382 1741//4382
f 1741//4383 1403//4383 1742//4383
f 1403//4384 1405//4384 1742//4384
f 1742//4385 1405//4385 1743//4385
f 1405//4386 1407//4386 1743//4386
f 1407//4387 1409//4387 1743//4387
f 1743//4388 1409//4388 1744//4388
f 1409//4389 1411//4389 1744//4389
f 1744//4390 1411//4390 1745//4390
f 1411//4391 1440//4391 1745//4391
f 1745//4392 1440//4392 1748//4392
f 1440//4393 1441//4393 1748//4393
f 1748//4394 1441//4394 1805//4394
f 1441//4395 1442//4395 1805//4395
f 1805//4396 1442//4396 1806//4396
f 1442//4397 1443//4397 1806//4397
f 1806//4398 1443//4398 1807//4398
f 1443//4399 1444//4399 1807//4399
f 1807//4400 1444//4400 1808//4400
f 1808//4401 1445//4401 1809//4401
f 1444//4402 1445//4402 1808//4402
f 1809//4403 1446//4403 1810//4403
f 1445//4404 1446//4404 1809//4404
f 1810//4405 1449//4405 1813//4405
f 1446//4406 1449//4406 1810//4406
f 1813//4407 1451//4407 1815//4407
f 1449//4408 1451//4408 1813//4408
f 1815//4409 1452//4409 1816//4409
f 1451//4410 1452//4410 1815//4410
f 1816//4411 1454//4411 1818//4411
f 1452//4412 1454//4412 1816//4412
f 1454//4413 1456//4413 1818//4413
f 1818//4414 1456//4414 1820//4414
f 1456//4415 1420//4415 1820//4415
f 1820//4416 1420//4416 1753//4416
f 1753//4417 1419//4417 1751//4417
f 1420//4418 1419//4418 1753//4418
f 1751//4419 1421//4419 1754//4419
f 1419//4420 1421//4420 1751//4420
f 1754//4421 1422//4421 1755//4421
f 1755//4422 1422//4422 1756//4422
f 1421//4423 1422//4423 1754//4423
f 1422//4424 1423//4424 1756//4424
f 1756//4425 1424//4425 1757//4425
f 1423//4426 1424//4426 1756//4426
f 1757//4427 1425//4427 1758//4427
f 1424//4428 1425//4428 1757//4428
f 1758//4429 1426//4429 1759//4429
f 1425//4430 1426//4430 1758//4430
f 1759//4431 1427//4431 1760//4431
f 1426//4432 1427//4432 1759//4432
f 1760//4433 1428//4433 1761//4433
f 1427//4434 1428//4434 1760//4434
f 1761//4435 1429//4435 1762//4435
f 1428//4436 1429//4436 1761//4436
f 1762//4437 1430//4437 1763//4437
f 1429//4438 1430//4438 1762//4438
f 1763//4439 1431//4439 1764//4439
f 1430//4440 1431//4440 1763//4440
f 1764//4441 1432//4441 1765//4441
f 1431//4442 1432//4442 1764//4442
f 1765//4443 1433//4443 1766//4443
f 1432//4444 1433//4444 1765//4444
f 1766//4445 1434//4445 1767//4445
f 1433//4446 1434//4446 1766//4446
f 1767//4447 1435//4447 1768//4447
f 1434//4448 1435//4448 1767//4448
f 1768//4449 1436//4449 1769//4449
f 1435//4450 1436//4450 1768//4450
f 1769//4451 1437//4451 1770//4451
f 1436//4452 1437//4452 1769//4452
f 1437//4453 1438//4453 1770//4453
f 1770//4454 1438//4454 1771//4454
f 1351//4455 1412//4455 1712//4455
f 1712//4456 1412//4456 1714//4456
f 2412//4457 1613//4457 1615//4457
f 2412//4458 2413//4458 1613//4458
f 1922//4459 2414//4459 2415//4459
f 1921//4460 2414//4460 1922//4460
f 1921//4461 2416//4461 2414//4461
f 1923//4462 1922//4462 2415//4462
f 1923//4463 2415//4463 2417//4463
f 1920//4464 2416//4464 1921//4464
f 1920//4465 2418//4465 2416//4465
f 1924//4466 1923//4466 2417//4466
f 1924//4467 2417//4467 2419//4467
f 1919//4468 2418//4468 1920//4468
f 1919//4469 2420//4469 2418//4469
f 1925//4470 2419//4470 2421//4470
f 1925//4471 1924//4471 2419//4471
f 1918//4472 2420//4472 1919//4472
f 1918//4473 2422//4473 2420//4473
f 1926//4474 1925//4474 2421//4474
f 1926//4475 2421//4475 2423//4475
f 1917//4476 2422//4476 1918//4476
f 1917//4477 2424//4477 2422//4477
f 1927//4478 1926//4478 2423//4478
f 1927//4479 2423//4479 2425//4479
f 1916//4480 2424//4480 1917//4480
f 1916//4481 2426//4481 2424//4481
f 1928//4482 1927//4482 2425//4482
f 1928//4483 2425//4483 2427//4483
f 1915//4484 2426//4484 1916//4484
f 1915//4485 2428//4485 2426//4485
f 1929//4486 1928//4486 2427//4486
f 1929//4487 2427//4487 2429//4487
f 1914//4488 2428//4488 1915//4488
f 1914//4489 2430//4489 2428//4489
f 1930//4490 1929//4490 2429//4490
f 1930//4491 2429//4491 2431//4491
f 1913//4492 2430//4492 1914//4492
f 1913//4493 2432//4493 2430//4493
f 1931//4494 2431//4494 2433//4494
f 1931//4495 1930//4495 2431//4495
f 1912//4496 2432//4496 1913//4496
f 1912//4497 2434//4497 2432//4497
f 1932//4498 1931//4498 2433//4498
f 1932//4499 2433//4499 2435//4499
f 1911//4500 2434//4500 1912//4500
f 1911//4501 2436//4501 2434//4501
f 1933//4502 1932//4502 2435//4502
f 1933//4503 2435//4503 2437//4503
f 1910//4504 2436//4504 1911//4504
f 1910//4505 2438//4505 2436//4505
f 1934//4506 1933//4506 2437//4506
f 1934//4507 2437//4507 2439//4507
f 1909//4508 2438//4508 1910//4508
f 1909//4509 2440//4509 2438//4509
f 1935//4510 1934//4510 2439//4510
f 1935//4511 2439//4511 2441//4511
f 1908//4512 2440//4512 1909//4512
f 1908//4513 2442//4513 2440//4513
f 1936//4514 1935//4514 2441//4514
f 1936//4515 2441//4515 2443//4515
f 1907//4516 2442//4516 1908//4516
f 1907//4517 2444//4517 2442//4517
f 1937//4518 1936//4518 2443//4518
f 1937//4519 2443//4519 2445//4519
f 1906//4520 2446//4520 2444//4520
f 1906//4521 2444//4521 1907//4521
f 1938//4522 1937//4522 2445//4522
f 1938//4523 2445//4523 2447//4523
f 1905//4524 2448//4524 2446//4524
f 1905//4525 2446//4525 1906//4525
f 1939//4526 1938//4526 2447//4526
f 1939//4527 2447//4527 2449//4527
f 1904//4528 2448//4528 1905//4528
f 1904//4529 2450//4529 2448//4529
f 1940//4530 1939//4530 2449//4530
f 1940//4531 2449//4531 2451//4531
f 1903//4532 2450//4532 1904//4532
f 1903//4533 2452//4533 2450//4533
f 1941//4534 1940//4534 2451//4534
f 1941//4535 2451//4535 2453//4535
f 1902//4536 2452//4536 1903//4536
f 1942//4537 1941//4537 2453//4537
f 1942//4538 2453//4538 2454//4538
f 1901//4539 2455//4539 2456//4539
f 1901//4540 2456//4540 2452//4540
f 1901//4541 2452//4541 1902//4541
f 1943//4542 1942//4542 2454//4542
f 1943//4543 2454//4543 2457//4543
f 1900//4544 2458//4544 2455//4544
f 1900//4545 2455//4545 1901//4545
f 1944//4546 2457//4546 2459//4546
f 1944//4547 1943//4547 2457//4547
f 1899//4548 2458//4548 1900//4548
f 1945//4549 2459//4549 2460//4549
f 1945//4550 1944//4550 2459//4550
f 1898//4551 2458//4551 1899//4551
f 1898//4552 2461//4552 2462//4552
f 1898//4553 2462//4553 2458//4553
f 1946//4554 2460//4554 2463//4554
f 1946//4555 1945//4555 2460//4555
f 1897//4556 2461//4556 1898//4556
f 1897//4557 2464//4557 2461//4557
f 1947//4558 2463//4558 2465//4558
f 1947//4559 1946//4559 2463//4559
f 1896//4560 2464//4560 1897//4560
f 1948//4561 2465//4561 2466//4561
f 1948//4562 1947//4562 2465//4562
f 1895//4563 2464//4563 1896//4563
f 1895//4564 2467//4564 2464//4564
f 1949//4565 2466//4565 2468//4565
f 1949//4566 1948//4566 2466//4566
f 1894//4567 2467//4567 1895//4567
f 1894//4568 2469//4568 2467//4568
f 1950//4569 2468//4569 2470//4569
f 1950//4570 1949//4570 2468//4570
f 1893//4571 2469//4571 1894//4571
f 1893//4572 2471//4572 2472//4572
f 1893//4573 2472//4573 2469//4573
f 1951//4574 2470//4574 2473//4574
f 1951//4575 1950//4575 2470//4575
f 1892//4576 2471//4576 1893//4576
f 1952//4577 2473//4577 2474//4577
f 1952//4578 1951//4578 2473//4578
f 1891//4579 2475//4579 2471//4579
f 1891//4580 2471//4580 1892//4580
f 1953//4581 2474//4581 2476//4581
f 1953//4582 1952//4582 2474//4582
f 2477//4583 1891//4583 1890//4583
f 2477//4584 2475//4584 1891//4584
f 1954//4585 1953//4585 2476//4585
f 2478//4586 1954//4586 2476//4586
f 1955//4587 1954//4587 2478//4587
f 2479//4588 1890//4588 1889//4588
f 2479//4589 2477//4589 1890//4589
f 2480//4590 1955//4590 2478//4590
f 2480//4591 1956//4591 1955//4591
f 2481//4592 1889//4592 1888//4592
f 2481//4593 2479//4593 1889//4593
f 2482//4594 1956//4594 2480//4594
f 2482//4595 1957//4595 1956//4595
f 2483//4596 1888//4596 1887//4596
f 2483//4597 2481//4597 1888//4597
f 2484//4598 1957//4598 2482//4598
f 2484//4599 1958//4599 1957//4599
f 2485//4600 1887//4600 1886//4600
f 2485//4601 2483//4601 1887//4601
f 2486//4602 1959//4602 1958//4602
f 2486//4603 1958//4603 2484//4603
f 2487//4604 1886//4604 1885//4604
f 2487//4605 2485//4605 1886//4605
f 2488//4606 1959//4606 2486//4606
f 2488//4607 1960//4607 1959//4607
f 2489//4608 1885//4608 1884//4608
f 2489//4609 2487//4609 1885//4609
f 2490//4610 1961//4610 1960//4610
f 2490//4611 1960//4611 2488//4611
f 2491//4612 1884//4612 1883//4612
f 2491//4613 2489//4613 1884//4613
f 2492//4614 1961//4614 2490//4614
f 2493//4615 1883//4615 1882//4615
f 2493//4616 2491//4616 1883//4616
f 2494//4617 1963//4617 1962//4617
f 2494//4618 1962//4618 1961//4618
f 2494//4619 1961//4619 2492//4619
f 2495//4620 1882//4620 1881//4620
f 2495//4621 2493//4621 1882//4621
f 2496//4622 1964//4622 1963//4622
f 2496//4623 1963//4623 2494//4623
f 2497//4624 1881//4624 1880//4624
f 2497//4625 1880//4625 1879//4625
f 2497//4626 2495//4626 1881//4626
f 2498//4627 1964//4627 2496//4627
f 2499//4628 2497//4628 1879//4628
f 2500//4629 1966//4629 1965//4629
f 2500//4630 1965//4630 1964//4630
f 2500//4631 1964//4631 2498//4631
f 2501//4632 1879//4632 1878//4632
f 2501//4633 2499//4633 1879//4633
f 2502//4634 1966//4634 2500//4634
f 2503//4635 1878//4635 1877//4635
f 2503//4636 2501//4636 1878//4636
f 2504//4637 1968//4637 1967//4637
f 2504//4638 1966//4638 2502//4638
f 2504//4639 1967//4639 1966//4639
f 2505//4640 1877//4640 1876//4640
f 2505//4641 2503//4641 1877//4641
f 2506//4642 1968//4642 2504//4642
f 2507//4643 1876//4643 1875//4643
f 2507//4644 2505//4644 1876//4644
f 2508//4645 1843//4645 1968//4645
f 2508//4646 1968//4646 2506//4646
f 2508//4647 1844//4647 1843//4647
f 2509//4648 1875//4648 1874//4648
f 2509//4649 2507//4649 1875//4649
f 2510//4650 1845//4650 1844//4650
f 2510//4651 1844//4651 2508//4651
f 2511//4652 1874//4652 1873//4652
f 2511//4653 2509//4653 1874//4653
f 2512//4654 1846//4654 1845//4654
f 2512//4655 1845//4655 2510//4655
f 2513//4656 1873//4656 1872//4656
f 2513//4657 2511//4657 1873//4657
f 2514//4658 1847//4658 1846//4658
f 2514//4659 1846//4659 2512//4659
f 2515//4660 2513//4660 1872//4660
f 2515//4661 1872//4661 1871//4661
f 2516//4662 1847//4662 2514//4662
f 2516//4663 1848//4663 1847//4663
f 2517//4664 1871//4664 1870//4664
f 2517//4665 2515//4665 1871//4665
f 2518//4666 1848//4666 2516//4666
f 2519//4667 2517//4667 1870//4667
f 2519//4668 1870//4668 1869//4668
f 2520//4669 1849//4669 1848//4669
f 2520//4670 1848//4670 2518//4670
f 2521//4671 1869//4671 1868//4671
f 2521//4672 2519//4672 1869//4672
f 2522//4673 1849//4673 2520//4673
f 2522//4674 1851//4674 1850//4674
f 2522//4675 1850//4675 1849//4675
f 2523//4676 1868//4676 1867//4676
f 2523//4677 2521//4677 1868//4677
f 2524//4678 1851//4678 2522//4678
f 2525//4679 2523//4679 1867//4679
f 2525//4680 1867//4680 1866//4680
f 2526//4681 1851//4681 2524//4681
f 2526//4682 1853//4682 1852//4682
f 2526//4683 1852//4683 1851//4683
f 2527//4684 2525//4684 1866//4684
f 2527//4685 1866//4685 1865//4685
f 2528//4686 1853//4686 2526//4686
f 2529//4687 2527//4687 1865//4687
f 2529//4688 1865//4688 1864//4688
f 2530//4689 1854//4689 1853//4689
f 2530//4690 1853//4690 2528//4690
f 2531//4691 1864//4691 1863//4691
f 2531//4692 2529//4692 1864//4692
f 2532//4693 1854//4693 2530//4693
f 2532//4694 1856//4694 1855//4694
f 2532//4695 1855//4695 1854//4695
f 2533//4696 1863//4696 1862//4696
f 2533//4697 1862//4697 1861//4697
f 2533//4698 2531//4698 1863//4698
f 2534//4699 1856//4699 2532//4699
f 2535//4700 2533//4700 1861//4700
f 2536//4701 1856//4701 2534//4701
f 2536//4702 1858//4702 1857//4702
f 2536//4703 1857//4703 1856//4703
f 2537//4704 1861//4704 1860//4704
f 2537//4705 2535//4705 1861//4705
f 2538//4706 1859//4706 1858//4706
f 2538//4707 1858//4707 2536//4707
f 2539//4708 2537//4708 1860//4708
f 2539//4709 1860//4709 1859//4709
f 2539//4710 1859//4710 2538//4710
f 2052//4711 2047//4711 2048//4711
f 2067//4712 2072//4712 2063//4712
f 2068//4713 2072//4713 2067//4713
f 2052//4714 2043//4714 2047//4714
f 2078//4715 2082//4715 2077//4715
f 2038//4716 2033//4716 2037//4716
f 2042//4717 2033//4717 2038//4717
f 2082//4718 2087//4718 2077//4718
f 2083//4719 2087//4719 2082//4719
f 2033//4720 2028//4720 2032//4720
f 2033//4721 2027//4721 2028//4721
f 2088//4722 2092//4722 2087//4722
f 2092//4723 2093//4723 2087//4723
f 2023//4724 2018//4724 2022//4724
f 2027//4725 2018//4725 2023//4725
f 2072//4726 2098//4726 2063//4726
f 2087//4727 2098//4727 2077//4727
f 2062//4728 2098//4728 2058//4728
f 2063//4729 2098//4729 2062//4729
f 2093//4730 2098//4730 2087//4730
f 2073//4731 2098//4731 2072//4731
f 2077//4732 2098//4732 2073//4732
f 2097//4733 2098//4733 2093//4733
f 2013//4734 2008//4734 2012//4734
f 2017//4735 2007//4735 2013//4735
f 2013//4736 2007//4736 2008//4736
f 2018//4737 2007//4737 2017//4737
f 2107//4738 2112//4738 2103//4738
f 2108//4739 2112//4739 2107//4739
f 2018//4740 2003//4740 2007//4740
f 2112//4741 2113//4741 2103//4741
f 2057//4742 2113//4742 2053//4742
f 2058//4743 2113//4743 2057//4743
f 2098//4744 2113//4744 2058//4744
f 2102//4745 2113//4745 2098//4745
f 2103//4746 2113//4746 2102//4746
f 2117//4747 2118//4747 2113//4747
f 2002//4748 1997//4748 1998//4748
f 2003//4749 1997//4749 2002//4749
f 2122//4750 2123//4750 2118//4750
f 2018//4751 1989//4751 2003//4751
f 2003//4752 1989//4752 1997//4752
f 2052//4753 1989//4753 2043//4753
f 1997//4754 1989//4754 1990//4754
f 2042//4755 1989//4755 2033//4755
f 2043//4756 1989//4756 2042//4756
f 2053//4757 1989//4757 2052//4757
f 2033//4758 1989//4758 2027//4758
f 2027//4759 1989//4759 2018//4759
f 2127//4760 2128//4760 2123//4760
f 2118//4761 2128//4761 2113//4761
f 2123//4762 2128//4762 2118//4762
f 2132//4763 2133//4763 2128//4763
f 1984//4764 1972//4764 1974//4764
f 1985//4765 1972//4765 1984//4765
f 1989//4766 1972//4766 1985//4766
f 1989//4767 1973//4767 1972//4767
f 2137//4768 2138//4768 2133//4768
f 1989//4769 2285//4769 1973//4769
f 1989//4770 2283//4770 2285//4770
f 2142//4771 2143//4771 2138//4771
f 2133//4772 2143//4772 2128//4772
f 2138//4773 2143//4773 2133//4773
f 1989//4774 2282//4774 2283//4774
f 2147//4775 2148//4775 2143//4775
f 2143//4776 2148//4776 2128//4776
f 2278//4777 2273//4777 2274//4777
f 2279//4778 2273//4778 2278//4778
f 2282//4779 2273//4779 2279//4779
f 2273//4780 2268//4780 2269//4780
f 2273//4781 2264//4781 2268//4781
f 2273//4782 2263//4782 2264//4782
f 2162//4783 2167//4783 2158//4783
f 2163//4784 2167//4784 2162//4784
f 2273//4785 2259//4785 2263//4785
f 2273//4786 2258//4786 2259//4786
f 2282//4787 2258//4787 2273//4787
f 2168//4788 2170//4788 2167//4788
f 2167//4789 2170//4789 2158//4789
f 2282//4790 2254//4790 2258//4790
f 2254//4791 2249//4791 2253//4791
f 2157//4792 1993//4792 2153//4792
f 2158//4793 1993//4793 2157//4793
f 2171//4794 1993//4794 2170//4794
f 1994//4795 1993//4795 2171//4795
f 2170//4796 1993//4796 2158//4796
f 2254//4797 2248//4797 2249//4797
f 2254//4798 2244//4798 2248//4798
f 2178//4799 2179//4799 1993//4799
f 2254//4800 2239//4800 2244//4800
f 2244//4801 2239//4801 2243//4801
f 2183//4802 2188//4802 2179//4802
f 2184//4803 2188//4803 2183//4803
f 2254//4804 2234//4804 2239//4804
f 2239//4805 2234//4805 2238//4805
f 2189//4806 2193//4806 2188//4806
f 2188//4807 2193//4807 2179//4807
f 2233//4808 2228//4808 2229//4808
f 2194//4809 2198//4809 2193//4809
f 2193//4810 2199//4810 2179//4810
f 2198//4811 2199//4811 2193//4811
f 2228//4812 2223//4812 2224//4812
f 2233//4813 2223//4813 2228//4813
f 2199//4814 2203//4814 2179//4814
f 2234//4815 2219//4815 2233//4815
f 2233//4816 2219//4816 2223//4816
f 2254//4817 2219//4817 2234//4817
f 2282//4818 2219//4818 2254//4818
f 2152//4819 2204//4819 2148//4819
f 2153//4820 2204//4820 2152//4820
f 1993//4821 2204//4821 2153//4821
f 2203//4822 2204//4822 2179//4822
f 2179//4823 2204//4823 1993//4823
f 2208//4824 2209//4824 2204//4824
f 2113//4825 2213//4825 2053//4825
f 2218//4826 2213//4826 2214//4826
f 2219//4827 2213//4827 2218//4827
f 2053//4828 2213//4828 1989//4828
f 2128//4829 2213//4829 2113//4829
f 2204//4830 2213//4830 2148//4830
f 2209//4831 2213//4831 2204//4831
f 1989//4832 2213//4832 2282//4832
f 2148//4833 2213//4833 2128//4833
f 2282//4834 2213//4834 2219//4834
f 2363//4835 2391//4835 2508//4835
f 2508//4836 2391//4836 2510//4836
f 2510//4837 2392//4837 2512//4837
f 2391//4838 2392//4838 2510//4838
f 2512//4839 2393//4839 2514//4839
f 2392//4840 2393//4840 2512//4840
f 2514//4841 2394//4841 2516//4841
f 2516//4842 2394//4842 2518//4842
f 2393//4843 2394//4843 2514//4843
f 2518//4844 2395//4844 2520//4844
f 2394//4845 2395//4845 2518//4845
f 2395//4846 2396//4846 2520//4846
f 2520//4847 2397//4847 2522//4847
f 2396//4848 2397//4848 2520//4848
f 2522//4849 2398//4849 2524//4849
f 2524//4850 2398//4850 2526//4850
f 2397//4851 2398//4851 2522//4851
f 2398//4852 2399//4852 2526//4852
f 2526//4853 2400//4853 2528//4853
f 2399//4854 2400//4854 2526//4854
f 2400//4855 2401//4855 2528//4855
f 2528//4856 2401//4856 2530//4856
f 2401//4857 2402//4857 2530//4857
f 2530//4858 2402//4858 2532//4858
f 2402//4859 2403//4859 2532//4859
f 2532//4860 2403//4860 2534//4860
f 2403//4861 2404//4861 2534//4861
f 2534//4862 2404//4862 2536//4862
f 2536//4863 2405//4863 2538//4863
f 2404//4864 2405//4864 2536//4864
f 2538//4865 2406//4865 2539//4865
f 2405//4866 2406//4866 2538//4866
f 2539//4867 2407//4867 2537//4867
f 2406//4868 2407//4868 2539//4868
f 2537//4869 2408//4869 2535//4869
f 2407//4870 2408//4870 2537//4870
f 2535//4871 2409//4871 2533//4871
f 2408//4872 2409//4872 2535//4872
f 2533//4873 2410//4873 2531//4873
f 2531//4874 2410//4874 2529//4874
f 2409//4875 2410//4875 2533//4875
f 2410//4876 2411//4876 2529//4876
f 2529//4877 2390//4877 2527//4877
f 2527//4878 2390//4878 2525//4878
f 2411//4879 2390//4879 2529//4879
f 2390//4880 2389//4880 2525//4880
f 2525//4881 2365//4881 2523//4881
f 2523//4882 2365//4882 2521//4882
f 2389//4883 2365//4883 2525//4883
f 2365//4884 2364//4884 2521//4884
f 2521//4885 2366//4885 2519//4885
f 2364//4886 2366//4886 2521//4886
f 2519//4887 2367//4887 2517//4887
f 2517//4888 2367//4888 2515//4888
f 2366//4889 2367//4889 2519//4889
f 2515//4890 2368//4890 2513//4890
f 2367//4891 2368//4891 2515//4891
f 2368//4892 2369//4892 2513//4892
f 2513//4893 2370//4893 2511//4893
f 2511//4894 2370//4894 2509//4894
f 2369//4895 2370//4895 2513//4895
f 2370//4896 2371//4896 2509//4896
f 2509//4897 2372//4897 2507//4897
f 2507//4898 2372//4898 2505//4898
f 2371//4899 2372//4899 2509//4899
f 2372//4900 2373//4900 2505//4900
f 2505//4901 2374//4901 2503//4901
f 2503//4902 2374//4902 2501//4902
f 2373//4903 2374//4903 2505//4903
f 2374//4904 2375//4904 2501//4904
f 2375//4905 2376//4905 2501//4905
f 2501//4906 2376//4906 2499//4906
f 2499//4907 2377//4907 2497//4907
f 2376//4908 2377//4908 2499//4908
f 2377//4909 2378//4909 2497//4909
f 2497//4910 2378//4910 2495//4910
f 2378//4911 2379//4911 2495//4911
f 2495//4912 2379//4912 2493//4912
f 2379//4913 2380//4913 2493//4913
f 2493//4914 2380//4914 2491//4914
f 2491//4915 2380//4915 2489//4915
f 2380//4916 2381//4916 2489//4916
f 2381//4917 2382//4917 2489//4917
f 2489//4918 2382//4918 2487//4918
f 2382//4919 2383//4919 2487//4919
f 2487//4920 2383//4920 2485//4920
f 2383//4921 2384//4921 2485//4921
f 2485//4922 2384//4922 2483//4922
f 2384//4923 2385//4923 2483//4923
f 2483//4924 2385//4924 2481//4924
f 2385//4925 2386//4925 2481//4925
f 2481//4926 2386//4926 2479//4926
f 2386//4927 2387//4927 2479//4927
f 2479//4928 2387//4928 2477//4928
f 2387//4929 2388//4929 2477//4929
f 2477//4930 2388//4930 2475//4930
f 2388//4931 2333//4931 2475//4931
f 2475//4932 2333//4932 2471//4932
f 2471//4933 2332//4933 2472//4933
f 2333//4934 2332//4934 2471//4934
f 2472//4935 2334//4935 2469//4935
f 2332//4936 2334//4936 2472//4936
f 2469//4937 2335//4937 2467//4937
f 2334//4938 2335//4938 2469//4938
f 2467//4939 2336//4939 2464//4939
f 2335//4940 2336//4940 2467//4940
f 2464//4941 2337//4941 2461//4941
f 2336//4942 2337//4942 2464//4942
f 2461//4943 2338//4943 2462//4943
f 2337//4944 2338//4944 2461//4944
f 2462//4945 2339//4945 2458//4945
f 2338//4946 2339//4946 2462//4946
f 2458//4947 2340//4947 2455//4947
f 2339//4948 2340//4948 2458//4948
f 2455//4949 2341//4949 2456//4949
f 2340//4950 2341//4950 2455//4950
f 2456//4951 2342//4951 2452//4951
f 2341//4952 2342//4952 2456//4952
f 2452//4953 2343//4953 2450//4953
f 2342//4954 2343//4954 2452//4954
f 2450//4955 2344//4955 2448//4955
f 2343//4956 2344//4956 2450//4956
f 2344//4957 2345//4957 2448//4957
f 2448//4958 2345//4958 2446//4958
f 2345//4959 2346//4959 2446//4959
f 2446//4960 2346//4960 2444//4960
f 2346//4961 2347//4961 2444//4961
f 2444//4962 2347//4962 2442//4962
f 2347//4963 2348//4963 2442//4963
f 2442//4964 2348//4964 2440//4964
f 2348//4965 2349//4965 2440//4965
f 2440//4966 2349//4966 2438//4966
f 2349//4967 2350//4967 2438//4967
f 2438//4968 2350//4968 2436//4968
f 2350//4969 2307//4969 2436//4969
f 2436//4970 2307//4970 2434//4970
f 2307//4971 2305//4971 2434//4971
f 2434//4972 2305//4972 2432//4972
f 2305//4973 2303//4973 2432//4973
f 2432//4974 2303//4974 2430//4974
f 2303//4975 2301//4975 2430//4975
f 2430//4976 2301//4976 2428//4976
f 2301//4977 2299//4977 2428//4977
f 2428//4978 2299//4978 2426//4978
f 2299//4979 2297//4979 2426//4979
f 2426//4980 2297//4980 2424//4980
f 2297//4981 2295//4981 2424//4981
f 2424//4982 2295//4982 2422//4982
f 2295//4983 2293//4983 2422//4983
f 2422//4984 2293//4984 2420//4984
f 2293//4985 2291//4985 2420//4985
f 2420//4986 2291//4986 2418//4986
f 2291//4987 2289//4987 2418//4987
f 2418//4988 2289//4988 2416//4988
f 2289//4989 2286//4989 2416//4989
f 2416//4990 2286//4990 2414//4990
f 2286//4991 2287//4991 2414//4991
f 2414//4992 2287//4992 2415//4992
f 2287//4993 2288//4993 2415//4993
f 2415//4994 2288//4994 2417//4994
f 2288//4995 2290//4995 2417//4995
f 2417//4996 2290//4996 2419//4996
f 2290//4997 2292//4997 2419//4997
f 2419//4998 2292//4998 2421//4998
f 2421//4999 2294//4999 2423//4999
f 2292//5000 2294//5000 2421//5000
f 2423//5001 2296//5001 2425//5001
f 2294//5002 2296//5002 2423//5002
f 2425//5003 2298//5003 2427//5003
f 2296//5004 2298//5004 2425//5004
f 2427//5005 2300//5005 2429//5005
f 2298//5006 2300//5006 2427//5006
f 2429//5007 2302//5007 2431//5007
f 2300//5008 2302//5008 2429//5008
f 2302//5009 2304//5009 2431//5009
f 2431//5010 2304//5010 2433//5010
f 2304//5011 2306//5011 2433//5011
f 2433//5012 2306//5012 2435//5012
f 2306//5013 2308//5013 2435//5013
f 2435//5014 2308//5014 2437//5014
f 2308//5015 2309//5015 2437//5015
f 2437//5016 2309//5016 2439//5016
f 2309//5017 2310//5017 2439//5017
f 2439//5018 2310//5018 2441//5018
f 2310//5019 2311//5019 2441//5019
f 2441//5020 2311//5020 2443//5020
f 2443//5021 2311//5021 2445//5021
f 2311//5022 2312//5022 2445//5022
f 2312//5023 2313//5023 2445//5023
f 2445//5024 2313//5024 2447//5024
f 2313//5025 2314//5025 2447//5025
f 2447//5026 2314//5026 2449//5026
f 2314//5027 2315//5027 2449//5027
f 2449//5028 2315//5028 2451//5028
f 2315//5029 2316//5029 2451//5029
f 2451//5030 2316//5030 2453//5030
f 2454//5031 2317//5031 2457//5031
f 2316//5032 2317//5032 2453//5032
f 2453//5033 2317//5033 2454//5033
f 2317//5034 2318//5034 2457//5034
f 2457//5035 2319//5035 2459//5035
f 2318//5036 2319//5036 2457//5036
f 2459//5037 2320//5037 2460//5037
f 2319//5038 2320//5038 2459//5038
f 2460//5039 2321//5039 2463//5039
f 2463//5040 2321//5040 2465//5040
f 2320//5041 2321//5041 2460//5041
f 2321//5042 2322//5042 2465//5042
f 2465//5043 2323//5043 2466//5043
f 2322//5044 2323//5044 2465//5044
f 2466//5045 2324//5045 2468//5045
f 2323//5046 2324//5046 2466//5046
f 2468//5047 2325//5047 2470//5047
f 2470//5048 2325//5048 2473//5048
f 2324//5049 2325//5049 2468//5049
f 2325//5050 2326//5050 2473//5050
f 2473//5051 2327//5051 2474//5051
f 2474//5052 2327//5052 2476//5052
f 2326//5053 2327//5053 2473//5053
f 2327//5054 2328//5054 2476//5054
f 2476//5055 2329//5055 2478//5055
f 2328//5056 2329//5056 2476//5056
f 2329//5057 2330//5057 2478//5057
f 2478//5058 2330//5058 2480//5058
f 2330//5059 2331//5059 2480//5059
f 2480//5060 2331//5060 2482//5060
f 2331//5061 2351//5061 2482//5061
f 2482//5062 2351//5062 2484//5062
f 2351//5063 2352//5063 2484//5063
f 2484//5064 2352//5064 2486//5064
f 2486//5065 2353//5065 2488//5065
f 2352//5066 2353//5066 2486//5066
f 2488//5067 2354//5067 2490//5067
f 2353//5068 2354//5068 2488//5068
f 2490//5069 2355//5069 2492//5069
f 2354//5070 2355//5070 2490//5070
f 2492//5071 2356//5071 2494//5071
f 2355//5072 2356//5072 2492//5072
f 2494//5073 2357//5073 2496//5073
f 2356//5074 2357//5074 2494//5074
f 2496//5075 2358//5075 2498//5075
f 2357//5076 2358//5076 2496//5076
f 2498//5077 2359//5077 2500//5077
f 2358//5078 2359//5078 2498//5078
f 2500//5079 2360//5079 2502//5079
f 2359//5080 2360//5080 2500//5080
f 2502//5081 2361//5081 2504//5081
f 2360//5082 2361//5082 2502//5082
f 2504//5083 2362//5083 2506//5083
f 2361//5084 2362//5084 2504//5084
f 2506//5085 2363//5085 2508//5085
f 2362//5086 2363//5086 2506//5086
