# Created by FreeCAD <https://www.freecad.org>
v 15.087269 -10.922466 72.269104
v 15.021010 -10.936304 72.198013
v 15.156866 -10.907932 72.336800
v 14.958247 -10.949411 72.123680
v 15.229626 -10.892737 72.400917
v 15.383943 -10.860510 72.517830
v 15.305380 -10.876917 72.461311
v 14.843796 -10.973313 71.966034
v 14.792388 -10.984049 71.883102
v 14.899128 -10.961758 72.046295
v 15.634566 -10.808169 72.662872
v 15.465126 -10.843555 72.570351
v 15.548734 -10.826095 72.618736
v 14.701820 -11.002963 71.710007
v 14.662881 -11.011095 71.620262
v 14.745025 -10.993940 71.797684
v 15.903309 -10.752046 72.768776
v 15.722416 -10.789824 72.702652
v 15.812069 -10.771100 72.737984
v 14.598157 -11.024612 71.435463
v 14.572526 -11.029965 71.340851
v 14.628299 -11.018317 71.528671
v 16.089676 -10.713125 72.816467
v 15.995919 -10.732705 72.794952
v 16.279724 -10.673435 72.845261
v 16.184355 -10.693353 72.833244
v 16.471619 -10.633361 72.854897
v 16.375553 -10.653422 72.852486
v 14.516215 -11.041725 70.953026
v 14.513855 -11.042218 70.854897
v 14.523284 -11.040249 71.050926
v 14.535047 -11.037792 71.148354
v 14.551473 -11.034362 71.245071
v 22.949448 -9.280539 63.065456
v 23.060205 -9.257407 63.181461
v 23.176489 -9.233123 63.291683
v 22.844484 -9.302459 62.943954
v 23.298002 -9.207747 63.395847
v 22.745583 -9.323113 62.817257
v 23.424450 -9.181339 63.493694
v 22.652985 -9.342451 62.685684
v 23.555513 -9.153968 63.584980
v 22.566921 -9.360424 62.549557
v 23.690868 -9.125700 63.669476
v 22.487610 -9.376987 62.409218
v 23.830179 -9.096607 63.746979
v 22.415241 -9.392101 62.265015
v 23.973097 -9.066760 63.817287
v 22.350000 -9.405725 62.117306
v 24.119268 -9.036234 63.880234
v 22.292048 -9.417829 61.966461
v 24.268330 -9.005104 63.935658
v 22.241526 -9.428380 61.812847
v 24.419909 -8.973449 63.983421
v 22.198563 -9.437352 61.656857
v 24.573631 -8.941345 64.023407
v 22.163265 -9.444723 61.498871
v 24.729115 -8.908875 64.055519
v 22.135721 -9.450476 61.339283
v 24.885969 -8.876117 64.079674
v 22.115995 -9.454596 61.178490
v 25.043808 -8.843154 64.095810
v 22.104141 -9.457071 61.016891
v 25.202238 -8.810068 64.103882
v 22.100187 -9.457896 60.854893
v 25.360865 -8.776940 64.103882
v 25.519295 -8.743854 64.095810
v 25.677135 -8.710891 64.079674
v 25.833988 -8.678134 64.055519
v 25.989471 -8.645663 64.023407
v 26.143194 -8.613560 63.983421
v 26.294775 -8.581903 63.935658
v 14.513855 -11.042218 50.854893
v 22.104141 -9.457071 60.692894
v 22.115995 -9.454596 60.531300
v 22.135721 -9.450476 60.370506
v 22.163265 -9.444723 60.210918
v 22.198563 -9.437352 60.052933
v 22.241526 -9.428380 59.896938
v 22.292048 -9.417829 59.743328
v 22.350000 -9.405725 59.592480
v 22.415241 -9.392101 59.444771
v 22.487610 -9.376987 59.300568
v 22.566921 -9.360424 59.160229
v 22.652985 -9.342451 59.024105
v 14.516215 -11.041725 50.756760
v 14.535047 -11.037792 50.561432
v 14.523284 -11.040249 50.658859
v 22.745583 -9.323113 58.892529
v 14.551473 -11.034362 50.464714
v 14.572526 -11.029965 50.368935
v 22.844484 -9.302459 58.765835
v 22.949448 -9.280539 58.644333
v 14.598157 -11.024612 50.274326
v 14.662881 -11.011095 50.089527
v 14.628299 -11.018317 50.181114
v 14.701820 -11.002963 49.999783
v 23.060205 -9.257407 58.528328
v 14.745025 -10.993940 49.912102
v 23.176489 -9.233123 58.418106
v 14.792388 -10.984049 49.826687
v 14.843796 -10.973313 49.743755
v 14.899128 -10.961758 49.663494
v 14.958247 -10.949411 49.586109
v 15.021010 -10.936304 49.511776
v 15.087269 -10.922466 49.440681
v 15.156866 -10.907932 49.372993
v 15.229626 -10.892737 49.308872
v 15.305380 -10.876917 49.248478
v 15.465126 -10.843555 49.139439
v 15.383943 -10.860510 49.191956
v 15.722416 -10.789824 49.007133
v 15.548734 -10.826095 49.091053
v 15.634566 -10.808169 49.046917
v 15.903309 -10.752046 48.941013
v 15.812069 -10.771100 48.971806
v 15.995919 -10.732705 48.914833
v 16.184355 -10.693353 48.876541
v 16.089676 -10.713125 48.893322
v 16.279724 -10.673435 48.864525
v 16.471619 -10.633361 48.854893
v 23.298002 -9.207747 58.313942
v 23.424450 -9.181339 58.216095
v 23.555513 -9.153968 58.124809
v 23.690868 -9.125700 58.040310
v 23.830179 -9.096607 57.962811
v 23.973097 -9.066760 57.892502
v 24.119268 -9.036234 57.829556
v 24.268330 -9.005104 57.774132
v 24.419909 -8.973449 57.726364
v 24.573631 -8.941345 57.686378
v 24.729115 -8.908875 57.654270
v 24.885969 -8.876117 57.630116
v 25.043808 -8.843154 57.613983
v 16.375553 -10.653422 48.857304
v 25.202238 -8.810068 57.605904
v 25.360865 -8.776940 57.605904
v 25.519295 -8.743854 57.613983
v 25.677135 -8.710891 57.630116
v 25.833988 -8.678134 57.654270
v 25.989471 -8.645663 57.686378
v 26.143194 -8.613560 57.726364
v 26.294775 -8.581903 57.774132
v 47.795826 -4.091648 72.854897
v 28.462917 -8.129111 60.854893
v 28.458961 -8.129937 61.016891
v 28.447107 -8.132413 61.178490
v 28.427382 -8.136532 61.339283
v 28.399837 -8.142284 61.498871
v 28.364540 -8.149656 61.656857
v 28.321577 -8.158628 61.812847
v 28.271057 -8.169179 61.966461
v 28.213102 -8.181282 62.117306
v 28.147861 -8.194907 62.265015
v 28.075495 -8.210020 62.409218
v 27.996181 -8.226583 62.549557
v 27.910118 -8.244557 62.685684
v 27.817522 -8.263895 62.817257
v 27.718618 -8.284550 62.943954
v 27.613657 -8.306470 63.065456
v 27.502897 -8.329600 63.181461
v 27.386616 -8.353885 63.291683
v 27.265100 -8.379262 63.395847
v 27.138653 -8.405669 63.493694
v 27.007589 -8.433041 63.584980
v 26.872234 -8.461308 63.669476
v 26.732925 -8.490401 63.746979
v 26.590006 -8.520247 63.817287
v 26.443834 -8.550774 63.880234
v 47.795826 -4.091648 48.854893
v 26.443834 -8.550774 57.829556
v 26.590006 -8.520247 57.892502
v 26.732925 -8.490401 57.962811
v 26.872234 -8.461308 58.040310
v 27.007589 -8.433041 58.124809
v 27.138653 -8.405669 58.216095
v 27.265100 -8.379262 58.313942
v 27.386616 -8.353885 58.418106
v 27.502897 -8.329600 58.528328
v 27.613657 -8.306470 58.644333
v 27.718618 -8.284550 58.765835
v 27.817522 -8.263895 58.892529
v 27.910118 -8.244557 59.024105
v 27.996181 -8.226583 59.160229
v 28.075495 -8.210020 59.300568
v 28.147861 -8.194907 59.444771
v 28.213102 -8.181282 59.592480
v 28.271057 -8.169179 59.743328
v 28.321577 -8.158628 59.896938
v 28.364540 -8.149656 60.052933
v 28.399837 -8.142284 60.210918
v 28.427382 -8.136532 60.370506
v 28.447107 -8.132413 60.531300
v 28.458961 -8.129937 60.692894
v 14.104998 -9.084455 50.854893
v 14.104998 -9.084455 70.854897
v 14.107358 -9.083961 50.756760
v 14.114427 -9.082485 50.658859
v 14.126189 -9.080029 50.561432
v 14.142616 -9.076599 50.464714
v 14.163669 -9.072202 50.368935
v 14.189300 -9.066850 50.274326
v 14.219442 -9.060555 50.181114
v 14.254024 -9.053332 50.089527
v 14.292963 -9.045200 49.999783
v 14.336167 -9.036178 49.912102
v 14.383531 -9.026286 49.826687
v 14.434939 -9.015551 49.743755
v 14.490272 -9.003995 49.663494
v 14.549390 -8.991649 49.586109
v 14.612154 -8.978541 49.511776
v 14.678412 -8.964704 49.440681
v 14.748009 -8.950169 49.372993
v 14.820768 -8.934974 49.308872
v 14.896523 -8.919153 49.248478
v 14.975085 -8.902746 49.191956
v 15.056270 -8.885793 49.139439
v 15.139876 -8.868332 49.091053
v 15.225710 -8.850407 49.046917
v 15.313559 -8.832060 49.007133
v 15.403212 -8.813337 48.971806
v 15.494452 -8.794283 48.941013
v 15.587062 -8.774942 48.914833
v 15.680819 -8.755363 48.893322
v 15.775497 -8.735589 48.876541
v 15.870868 -8.715672 48.864525
v 15.966697 -8.695660 48.857304
v 16.062761 -8.675598 48.854893
v 14.107358 -9.083961 70.953026
v 14.114427 -9.082485 71.050926
v 14.126189 -9.080029 71.148354
v 14.142616 -9.076599 71.245071
v 14.163669 -9.072202 71.340851
v 14.189300 -9.066850 71.435463
v 14.219442 -9.060555 71.528671
v 14.254024 -9.053332 71.620262
v 14.292963 -9.045200 71.710007
v 14.336167 -9.036178 71.797684
v 14.383531 -9.026286 71.883102
v 14.434939 -9.015551 71.966034
v 14.490272 -9.003995 72.046295
v 14.549390 -8.991649 72.123680
v 14.612154 -8.978541 72.198013
v 14.678412 -8.964704 72.269104
v 14.748009 -8.950169 72.336800
v 14.820768 -8.934974 72.400917
v 14.896523 -8.919153 72.461311
v 14.975085 -8.902746 72.517830
v 15.056270 -8.885793 72.570351
v 15.139876 -8.868332 72.618736
v 15.225710 -8.850407 72.662872
v 15.313559 -8.832060 72.702652
v 15.403212 -8.813337 72.737984
v 15.494452 -8.794283 72.768776
v 15.587062 -8.774942 72.794952
v 15.680819 -8.755363 72.816467
v 15.775497 -8.735589 72.833244
v 15.870868 -8.715672 72.845261
v 15.966697 -8.695660 72.852486
v 16.062761 -8.675598 72.854897
v 39.532162 45.261284 48.854893
v 37.574402 44.852428 48.854893
v 39.509743 45.356853 48.854893
v 39.482662 45.451210 48.854893
v 39.450981 45.544121 48.854893
v 39.414780 45.635368 48.854893
v 39.374146 45.724728 48.854893
v 39.329178 45.811989 48.854893
v 39.279980 45.896935 48.854893
v 39.226673 45.979366 48.854893
v 39.169388 46.059082 48.854893
v 39.108257 46.135887 48.854893
v 39.043434 46.209606 48.854893
v 38.975071 46.280056 48.854893
v 38.903336 46.347061 48.854893
v 38.828396 46.410469 48.854893
v 38.750435 46.470123 48.854893
v 38.669643 46.525879 48.854893
v 38.586208 46.577606 48.854893
v 38.500340 46.625175 48.854893
v 38.412243 46.668472 48.854893
v 38.322124 46.707397 48.854893
v 38.230202 46.741852 48.854893
v 38.136703 46.771751 48.854893
v 38.041851 46.797031 48.854893
v 37.945869 46.817627 48.854893
v 37.848995 46.833488 48.854893
v 37.751457 46.844574 48.854893
v 37.653492 46.850861 48.854893
v 37.555340 46.852337 48.854893
v 37.457233 46.848991 48.854893
v 37.359406 46.840839 48.854893
v 37.262096 46.827892 48.854893
v 37.165543 46.810188 48.854893
v 5.841335 40.268478 48.854893
v 6.250192 38.310715 48.854893
v 49.112148 -3.145696 48.854893
v 47.386971 -2.133885 48.854893
v 49.159718 -3.059827 48.854893
v 49.203014 -2.971726 48.854893
v 49.241940 -2.881608 48.854893
v 49.276394 -2.789688 48.854893
v 49.306297 -2.696188 48.854893
v 49.331573 -2.601334 48.854893
v 49.352169 -2.505355 48.854893
v 49.368031 -2.408479 48.854893
v 49.379116 -2.310943 48.854893
v 49.385403 -2.212978 48.854893
v 49.386879 -2.114825 48.854893
v 49.383533 -2.016717 48.854893
v 49.375381 -1.918890 48.854893
v 49.362434 -1.821583 48.854893
v 49.344730 -1.725028 48.854893
v 49.060421 -3.229127 48.854893
v 49.004665 -3.309921 48.854893
v 48.945011 -3.387880 48.854893
v 48.881603 -3.462819 48.854893
v 48.814594 -3.534557 48.854893
v 48.744148 -3.602921 48.854893
v 48.670433 -3.667743 48.854893
v 48.593624 -3.728872 48.854893
v 48.513908 -3.786160 48.854893
v 48.431477 -3.839466 48.854893
v 48.346531 -3.888663 48.854893
v 48.259270 -3.933631 48.854893
v 48.169910 -3.974266 48.854893
v 48.078663 -4.010467 48.854893
v 47.985752 -4.042146 48.854893
v 47.891396 -4.069228 48.854893
v 37.574402 44.852428 72.854897
v 39.532162 45.261284 72.854897
v 39.509743 45.356853 72.854897
v 39.482662 45.451210 72.854897
v 39.450981 45.544121 72.854897
v 39.414780 45.635368 72.854897
v 39.374146 45.724728 72.854897
v 39.329178 45.811989 72.854897
v 39.279980 45.896935 72.854897
v 39.226673 45.979366 72.854897
v 39.169388 46.059082 72.854897
v 39.108257 46.135887 72.854897
v 39.043434 46.209606 72.854897
v 38.975071 46.280056 72.854897
v 38.903336 46.347061 72.854897
v 38.828396 46.410469 72.854897
v 38.750435 46.470123 72.854897
v 38.669643 46.525879 72.854897
v 38.586208 46.577606 72.854897
v 38.500340 46.625175 72.854897
v 38.412243 46.668472 72.854897
v 38.322124 46.707397 72.854897
v 38.230202 46.741852 72.854897
v 38.136703 46.771751 72.854897
v 38.041851 46.797031 72.854897
v 37.945869 46.817627 72.854897
v 37.848995 46.833488 72.854897
v 37.751457 46.844574 72.854897
v 37.653492 46.850861 72.854897
v 37.555340 46.852337 72.854897
v 37.457233 46.848991 72.854897
v 37.359406 46.840839 72.854897
v 37.262096 46.827892 72.854897
v 37.165543 46.810188 72.854897
v 5.841335 40.268478 72.854897
v 6.250192 38.310715 72.854897
v 47.386971 -2.133885 72.854897
v 49.112148 -3.145696 72.854897
v 49.159718 -3.059827 72.854897
v 49.203014 -2.971726 72.854897
v 49.241940 -2.881608 72.854897
v 49.276394 -2.789688 72.854897
v 49.306297 -2.696188 72.854897
v 49.331573 -2.601334 72.854897
v 49.352169 -2.505355 72.854897
v 49.368031 -2.408479 72.854897
v 49.379116 -2.310943 72.854897
v 49.385403 -2.212978 72.854897
v 49.386879 -2.114825 72.854897
v 49.383533 -2.016717 72.854897
v 49.375381 -1.918890 72.854897
v 49.362434 -1.821583 72.854897
v 49.344730 -1.725028 72.854897
v 49.060421 -3.229127 72.854897
v 49.004665 -3.309921 72.854897
v 48.945011 -3.387880 72.854897
v 48.881603 -3.462819 72.854897
v 48.814594 -3.534557 72.854897
v 48.744148 -3.602921 72.854897
v 48.670433 -3.667743 72.854897
v 48.593624 -3.728872 72.854897
v 48.513908 -3.786160 72.854897
v 48.431477 -3.839466 72.854897
v 48.346531 -3.888663 72.854897
v 48.259270 -3.933631 72.854897
v 48.169910 -3.974266 72.854897
v 48.078663 -4.010467 72.854897
v 47.985752 -4.042146 72.854897
v 47.891396 -4.069228 72.854897
v 28.054060 -6.171349 60.854893
v 28.050104 -6.172174 61.016891
v 28.038252 -6.174650 61.178490
v 28.018526 -6.178769 61.339283
v 27.990980 -6.184522 61.498871
v 27.955683 -6.191893 61.656857
v 27.912720 -6.200865 61.812847
v 27.862200 -6.211416 61.966461
v 27.804245 -6.223519 62.117306
v 27.739004 -6.237144 62.265015
v 27.666637 -6.252257 62.409218
v 27.587324 -6.268821 62.549557
v 27.501261 -6.286794 62.685684
v 27.408665 -6.306132 62.817257
v 27.309761 -6.326787 62.943954
v 27.204800 -6.348707 63.065456
v 27.094042 -6.371838 63.181461
v 26.977758 -6.396122 63.291683
v 26.856243 -6.421499 63.395847
v 26.729797 -6.447906 63.493694
v 26.598732 -6.475277 63.584980
v 26.463377 -6.503545 63.669476
v 26.324068 -6.532638 63.746979
v 26.181149 -6.562485 63.817287
v 26.034979 -6.593011 63.880234
v 25.885918 -6.624141 63.935658
v 25.734337 -6.655797 63.983421
v 25.580614 -6.687900 64.023407
v 25.425133 -6.720371 64.055519
v 25.268278 -6.753128 64.079674
v 25.110437 -6.786091 64.095810
v 24.952007 -6.819177 64.103882
v 24.793381 -6.852304 64.103882
v 24.634951 -6.885391 64.095810
v 24.477112 -6.918354 64.079674
v 24.320257 -6.951111 64.055519
v 24.164776 -6.983582 64.023407
v 24.011051 -7.015686 63.983421
v 23.859472 -7.047341 63.935658
v 23.710411 -7.078471 63.880234
v 23.564240 -7.108997 63.817287
v 23.421322 -7.138844 63.746979
v 23.282013 -7.167937 63.669476
v 23.146658 -7.196205 63.584980
v 23.015593 -7.223576 63.493694
v 22.889145 -7.249983 63.395847
v 22.767632 -7.275360 63.291683
v 22.651348 -7.299644 63.181461
v 22.540590 -7.322775 63.065456
v 22.435627 -7.344696 62.943954
v 22.336725 -7.365350 62.817257
v 22.244127 -7.384688 62.685684
v 22.158066 -7.402661 62.549557
v 22.078753 -7.419225 62.409218
v 22.006384 -7.434338 62.265015
v 21.941143 -7.447963 62.117306
v 21.883190 -7.460066 61.966461
v 21.832668 -7.470617 61.812847
v 21.789705 -7.479589 61.656857
v 21.754408 -7.486960 61.498871
v 21.726864 -7.492713 61.339283
v 21.707138 -7.496832 61.178490
v 21.695284 -7.499308 61.016891
v 21.691330 -7.500134 60.854893
v 21.695284 -7.499308 60.692894
v 21.707138 -7.496832 60.531300
v 21.726864 -7.492713 60.370506
v 21.754408 -7.486960 60.210918
v 21.789705 -7.479589 60.052933
v 21.832668 -7.470617 59.896938
v 21.883190 -7.460066 59.743328
v 21.941143 -7.447963 59.592480
v 22.006384 -7.434338 59.444771
v 22.078753 -7.419225 59.300568
v 22.158066 -7.402661 59.160229
v 22.244127 -7.384688 59.024105
v 22.336725 -7.365350 58.892529
v 22.435627 -7.344696 58.765835
v 22.540590 -7.322775 58.644333
v 22.651348 -7.299644 58.528328
v 22.767632 -7.275360 58.418106
v 22.889145 -7.249983 58.313942
v 23.015593 -7.223576 58.216095
v 23.146658 -7.196205 58.124809
v 23.282013 -7.167937 58.040310
v 23.421322 -7.138844 57.962811
v 23.564240 -7.108997 57.892502
v 23.710411 -7.078471 57.829556
v 23.859472 -7.047341 57.774132
v 24.011051 -7.015686 57.726364
v 24.164776 -6.983582 57.686378
v 24.320257 -6.951111 57.654270
v 24.477112 -6.918354 57.630116
v 24.634951 -6.885391 57.613983
v 24.793381 -6.852304 57.605904
v 24.952007 -6.819177 57.605904
v 25.110437 -6.786091 57.613983
v 25.268278 -6.753128 57.630116
v 25.425133 -6.720371 57.654270
v 25.580614 -6.687900 57.686378
v 25.734337 -6.655797 57.726364
v 25.885918 -6.624141 57.774132
v 26.034979 -6.593011 57.829556
v 26.181149 -6.562485 57.892502
v 26.324068 -6.532638 57.962811
v 26.463377 -6.503545 58.040310
v 26.598732 -6.475277 58.124809
v 26.729797 -6.447906 58.216095
v 26.856243 -6.421499 58.313942
v 26.977758 -6.396122 58.418106
v 27.094042 -6.371838 58.528328
v 27.204800 -6.348707 58.644333
v 27.309761 -6.326787 58.765835
v 27.408665 -6.306132 58.892529
v 27.501261 -6.286794 59.024105
v 27.587324 -6.268821 59.160229
v 27.666637 -6.252257 59.300568
v 27.739004 -6.237144 59.444771
v 27.804245 -6.223519 59.592480
v 27.862200 -6.211416 59.743328
v 27.912720 -6.200865 59.896938
v 27.955683 -6.191893 60.052933
v 27.990980 -6.184522 60.210918
v 28.018526 -6.178769 60.370506
v 28.038252 -6.174650 60.531300
v 28.050104 -6.172174 60.692894
v 4.865843 38.021606 72.269104
v 4.799585 38.007771 72.198013
v 4.935440 38.036144 72.336800
v 4.736821 37.994663 72.123680
v 4.677702 37.982319 72.046295
v 5.083954 38.067158 72.461311
v 5.008200 38.051338 72.400917
v 4.622370 37.970760 71.966034
v 5.162517 38.083565 72.517830
v 5.327308 38.117981 72.618736
v 5.243701 38.100521 72.570351
v 4.570962 37.960026 71.883102
v 4.480394 37.941113 71.710007
v 4.523598 37.950134 71.797684
v 5.500990 38.154251 72.702652
v 5.413141 38.135906 72.662872
v 4.406873 37.925758 71.528671
v 4.441455 37.932980 71.620262
v 5.590643 38.172974 72.737984
v 4.376731 37.919464 71.435463
v 4.351100 37.914108 71.340851
v 5.774493 38.211369 72.794952
v 5.681883 38.192028 72.768776
v 5.962929 38.250721 72.833244
v 5.868250 38.230949 72.816467
v 6.058299 38.270638 72.845261
v 4.292429 37.901855 70.854897
v 4.330047 37.909714 71.245071
v 4.313621 37.906284 71.148354
v 4.301858 37.903828 71.050926
v 4.294789 37.902351 70.953026
v 6.154128 38.290653 72.852486
v 13.983770 39.925785 61.875153
v 14.034888 39.936462 61.928696
v 14.088557 39.947670 61.979565
v 13.935326 39.915668 61.819077
v 14.144642 39.959381 62.027641
v 13.889677 39.906136 61.760601
v 14.203001 39.971569 62.072800
v 13.846940 39.897209 61.699875
v 14.263493 39.984203 62.114933
v 13.807220 39.888916 61.637047
v 14.325965 39.997250 62.153931
v 13.770613 39.881271 61.572273
v 14.390261 40.010677 62.189701
v 13.737212 39.874294 61.505718
v 14.456224 40.024452 62.222153
v 13.707103 39.868008 61.437546
v 14.523687 40.038540 62.251205
v 13.680355 39.862419 61.367924
v 14.592484 40.052910 62.276787
v 13.657037 39.857552 61.297028
v 14.662444 40.067520 62.298832
v 13.637209 39.853409 61.225029
v 14.733393 40.082336 62.317287
v 13.620916 39.850006 61.152115
v 14.805155 40.097324 62.332108
v 13.608204 39.847351 61.078457
v 14.877549 40.112442 62.343254
v 13.599100 39.845451 61.004246
v 14.950398 40.127655 62.350700
v 13.593630 39.844311 60.929665
v 15.023520 40.142925 62.354427
v 13.591804 39.843929 60.854893
v 15.096731 40.158215 62.354427
v 15.169853 40.173485 62.350700
v 15.242702 40.188702 62.343254
v 15.315096 40.203819 62.332108
v 15.386859 40.218803 62.317287
v 15.457808 40.233624 62.298832
v 4.292429 37.901855 50.854893
v 13.620916 39.850006 60.557674
v 13.637209 39.853409 60.484756
v 13.608204 39.847351 60.631332
v 13.599100 39.845451 60.705544
v 13.593630 39.844311 60.780125
v 13.657037 39.857552 60.412762
v 15.527766 40.248234 62.276787
v 13.680355 39.862419 60.341866
v 15.596564 40.262600 62.251205
v 13.707103 39.868008 60.272243
v 13.737212 39.874294 60.204067
v 13.770613 39.881271 60.137512
v 4.313621 37.906284 50.561432
v 4.330047 37.909714 50.464714
v 4.301858 37.903828 50.658859
v 4.294789 37.902351 50.756760
v 13.807220 39.888916 60.072742
v 4.351100 37.914108 50.368935
v 13.846940 39.897209 60.009914
v 13.889677 39.906136 59.949188
v 13.935326 39.915668 59.890713
v 4.406873 37.925758 50.181114
v 4.441455 37.932980 50.089527
v 4.376731 37.919464 50.274326
v 13.983770 39.925785 59.834637
v 14.034888 39.936462 59.781094
v 14.088557 39.947670 59.730221
v 4.480394 37.941113 49.999783
v 4.523598 37.950134 49.912102
v 4.570962 37.960026 49.826687
v 4.622370 37.970760 49.743755
v 4.736821 37.994663 49.586109
v 4.677702 37.982319 49.663494
v 4.865843 38.021606 49.440681
v 4.799585 38.007771 49.511776
v 5.008200 38.051338 49.308872
v 4.935440 38.036144 49.372993
v 5.083954 38.067158 49.248478
v 5.162517 38.083565 49.191956
v 5.413141 38.135906 49.046917
v 5.500990 38.154251 49.007133
v 5.327308 38.117981 49.091053
v 5.590643 38.172974 48.971806
v 5.243701 38.100521 49.139439
v 5.681883 38.192028 48.941013
v 5.774493 38.211369 48.914833
v 5.868250 38.230949 48.893322
v 5.962929 38.250721 48.876541
v 6.058299 38.270638 48.864525
v 6.154128 38.290653 48.857304
v 15.527766 40.248234 59.433002
v 15.596564 40.262600 59.458584
v 15.457808 40.233624 59.410957
v 15.386859 40.218803 59.392502
v 15.315096 40.203819 59.377682
v 15.242702 40.188702 59.366535
v 15.169853 40.173485 59.359089
v 15.096731 40.158215 59.355362
v 15.023520 40.142925 59.355362
v 14.950398 40.127655 59.359089
v 14.877549 40.112442 59.366535
v 14.805155 40.097324 59.377682
v 14.733393 40.082336 59.392502
v 14.662444 40.067520 59.410957
v 14.592484 40.052910 59.433002
v 14.523687 40.038540 59.458584
v 14.456224 40.024452 59.487637
v 14.390261 40.010677 59.520088
v 14.325965 39.997250 59.555855
v 14.263493 39.984203 59.594856
v 14.203001 39.971569 59.636986
v 14.144642 39.959381 59.682148
v 15.664027 40.276688 62.222153
v 15.729991 40.290466 62.189701
v 15.794287 40.303890 62.153931
v 15.856759 40.316940 62.114933
v 15.917250 40.329571 62.072800
v 15.975609 40.341759 62.027641
v 16.031694 40.353474 61.979565
v 16.085363 40.364681 61.928696
v 16.136480 40.375355 61.875153
v 16.184925 40.385471 61.819077
v 16.230574 40.395004 61.760601
v 16.273312 40.403931 61.699875
v 16.313030 40.412228 61.637047
v 16.349638 40.419872 61.572273
v 16.383039 40.426846 61.505718
v 16.413149 40.433136 61.437546
v 16.439896 40.438721 61.367924
v 16.463215 40.443592 61.297028
v 16.483042 40.447731 61.225029
v 16.499334 40.451134 61.152115
v 16.512047 40.453789 61.078457
v 16.521151 40.455688 61.004246
v 16.526623 40.456833 60.929665
v 16.528448 40.457214 60.854893
v 16.526623 40.456833 60.780125
v 16.521151 40.455688 60.705544
v 16.512047 40.453789 60.631332
v 16.499334 40.451134 60.557674
v 16.483042 40.447731 60.484756
v 16.463215 40.443592 60.412762
v 16.439896 40.438721 60.341866
v 16.413149 40.433136 60.272243
v 16.383039 40.426846 60.204067
v 16.349638 40.419872 60.137512
v 16.313030 40.412228 60.072742
v 16.273312 40.403931 60.009914
v 16.230574 40.395004 59.949188
v 16.184925 40.385471 59.890713
v 16.136480 40.375355 59.834637
v 16.085363 40.364681 59.781094
v 16.031694 40.353474 59.730221
v 15.975609 40.341759 59.682148
v 15.917250 40.329571 59.636986
v 15.856759 40.316940 59.594856
v 15.794287 40.303890 59.555855
v 15.729991 40.290466 59.520088
v 15.664027 40.276688 59.487637
v 16.803982 42.557903 62.895412
v 16.701742 42.536552 63.002495
v 16.594404 42.514137 63.104237
v 16.900869 42.578136 62.783257
v 16.482237 42.490711 63.200390
v 16.992163 42.597202 62.666306
v 16.365515 42.466335 63.290707
v 17.077639 42.615055 62.544853
v 16.244534 42.441071 63.374973
v 17.157082 42.631645 62.419201
v 16.119591 42.414978 63.452969
v 17.230293 42.646935 62.289658
v 15.990996 42.388123 63.524509
v 17.297092 42.660885 62.156544
v 15.859074 42.360569 63.589413
v 17.357317 42.673462 62.020199
v 15.724146 42.332394 63.647514
v 17.410812 42.684635 61.880955
v 15.586551 42.303658 63.698677
v 17.457445 42.694374 61.739159
v 17.497105 42.702656 61.595165
v 17.529686 42.709461 61.449333
v 17.555113 42.714767 61.302021
v 17.573320 42.718571 61.153599
v 17.584263 42.720856 61.004433
v 14.724482 42.123623 63.853962
v 14.870724 42.154163 63.846504
v 15.016422 42.184593 63.831612
v 15.161212 42.214828 63.809319
v 15.304733 42.244804 63.779678
v 15.446630 42.274437 63.742767
v 17.587914 42.721619 60.854893
v 14.578055 42.093044 63.853962
v 17.584263 42.720856 60.705357
v 14.431813 42.062504 63.846504
v 17.573320 42.718571 60.556190
v 5.745271 40.248417 72.852486
v 5.554072 40.208485 72.833244
v 5.649442 40.228401 72.845261
v 14.286115 42.032074 63.831612
v 5.459393 40.188713 72.816467
v 17.555113 42.714767 60.407768
v 5.365636 40.169132 72.794952
v 14.141326 42.001839 63.809319
v 17.529686 42.709461 60.260456
v 5.273026 40.149792 72.768776
v 13.997804 41.971867 63.779678
v 17.497105 42.702656 60.114620
v 5.092133 40.112015 72.702652
v 5.181786 40.130737 72.737984
v 13.855906 41.942230 63.742767
v 17.457445 42.694374 59.970627
v 13.715987 41.913010 63.698677
v 4.918451 40.075745 72.618736
v 5.004283 40.093670 72.662872
v 17.410812 42.684635 59.828835
v 13.578391 41.884274 63.647514
v 17.357317 42.673462 59.689590
v 13.443464 41.856098 63.589413
v 4.675097 40.024921 72.461311
v 4.834844 40.058281 72.570351
v 4.753660 40.041328 72.517830
v 17.297092 42.660885 59.553242
v 13.311541 41.828545 63.524509
v 4.599343 40.009102 72.400917
v 17.230293 42.646935 59.420132
v 4.526583 39.993904 72.336800
v 13.182946 41.801689 63.452969
v 4.456986 39.979370 72.269104
v 17.157082 42.631645 59.290588
v 13.058004 41.775597 63.374973
v 4.390728 39.965534 72.198013
v 17.077639 42.615055 59.164932
v 12.937021 41.750332 63.290707
v 16.992163 42.597202 59.043480
v 12.820300 41.725956 63.200390
v 4.213513 39.928524 71.966034
v 4.327964 39.952427 72.123680
v 4.268846 39.940079 72.046295
v 16.900869 42.578136 58.926533
v 12.708132 41.702530 63.104237
v 4.114741 39.907898 71.797684
v 4.162105 39.917789 71.883102
v 16.803982 42.557903 58.814377
v 4.071537 39.898876 71.710007
v 16.701742 42.536552 58.707294
v 4.032598 39.890743 71.620262
v 16.594404 42.514137 58.605549
v 3.967874 39.877224 71.435463
v 3.998016 39.883522 71.528671
v 16.482237 42.490711 58.509399
v 16.365515 42.466335 58.419079
v 3.904763 39.864044 71.148354
v 3.942243 39.871872 71.340851
v 3.921190 39.867477 71.245071
v 3.893001 39.861588 71.050926
v 16.244534 42.441071 58.334816
v 3.885932 39.860111 70.953026
v 3.883572 39.859619 70.854897
v 12.145455 41.585022 62.419201
v 12.224899 41.601612 62.544853
v 12.310374 41.619465 62.666306
v 12.401668 41.638531 62.783257
v 12.498556 41.658764 62.895412
v 12.600795 41.680115 63.002495
v 16.119591 42.414978 58.256817
v 12.072245 41.569733 62.289658
v 15.990996 42.388123 58.185280
v 12.005445 41.555782 62.156544
v 15.859074 42.360569 58.120377
v 11.945220 41.543205 62.020199
v 15.724146 42.332394 58.062271
v 11.891725 41.532032 61.880955
v 15.586551 42.303658 58.011112
v 11.845091 41.522293 61.739159
v 11.805432 41.514011 61.595165
v 11.772850 41.507210 61.449333
v 11.747425 41.501900 61.302021
v 11.729218 41.498096 61.153599
v 11.718274 41.495811 61.004433
v 11.714624 41.495049 60.854893
v 3.883572 39.859619 50.854893
v 12.708132 41.702530 58.605549
v 12.600795 41.680115 58.707294
v 12.498556 41.658764 58.814377
v 12.401668 41.638531 58.926533
v 12.310374 41.619465 59.043480
v 12.224899 41.601612 59.164932
v 12.145455 41.585022 59.290588
v 12.072245 41.569733 59.420132
v 12.005445 41.555782 59.553242
v 11.945220 41.543205 59.689590
v 11.891725 41.532032 59.828835
v 11.845091 41.522293 59.970627
v 11.805432 41.514011 60.114620
v 11.772850 41.507210 60.260456
v 11.747425 41.501900 60.407768
v 11.729218 41.498096 60.556190
v 11.718274 41.495811 60.705357
v 15.446630 42.274437 57.967022
v 15.304733 42.244804 57.930111
v 15.161212 42.214828 57.900471
v 15.016422 42.184593 57.878178
v 14.870724 42.154163 57.863281
v 14.724482 42.123623 57.855827
v 14.578055 42.093044 57.855827
v 14.431813 42.062504 57.863281
v 14.286115 42.032074 57.878178
v 14.141326 42.001839 57.900471
v 13.997804 41.971867 57.930111
v 13.855906 41.942230 57.967022
v 13.715987 41.913010 58.011112
v 13.578391 41.884274 58.062271
v 13.443464 41.856098 58.120377
v 13.311541 41.828545 58.185280
v 13.182946 41.801689 58.256817
v 13.058004 41.775597 58.334816
v 12.937021 41.750332 58.419079
v 12.820300 41.725956 58.509399
v 5.745271 40.248417 48.857304
v 5.554072 40.208485 48.876541
v 5.649442 40.228401 48.864525
v 3.893001 39.861588 50.658859
v 3.921190 39.867477 50.464714
v 3.904763 39.864044 50.561432
v 3.885932 39.860111 50.756760
v 5.365636 40.169132 48.914833
v 5.459393 40.188713 48.893322
v 3.967874 39.877224 50.274326
v 3.942243 39.871872 50.368935
v 5.273026 40.149792 48.941013
v 5.181786 40.130737 48.971806
v 5.004283 40.093670 49.046917
v 5.092133 40.112015 49.007133
v 3.998016 39.883522 50.181114
v 4.071537 39.898876 49.999783
v 4.032598 39.890743 50.089527
v 4.114741 39.907898 49.912102
v 4.918451 40.075745 49.091053
v 4.834844 40.058281 49.139439
v 4.753660 40.041328 49.191956
v 4.213513 39.928524 49.743755
v 4.162105 39.917789 49.826687
v 4.675097 40.024921 49.248478
v 4.268846 39.940079 49.663494
v 4.327964 39.952427 49.586109
v 4.390728 39.965534 49.511776
v 4.599343 40.009102 49.308872
v 4.456986 39.979370 49.440681
v 4.526583 39.993904 49.372993
v 13.489589 40.333370 60.854893
v 13.491415 40.333752 60.929665
v 13.496885 40.334892 61.004246
v 13.505989 40.336792 61.078457
v 13.518703 40.339447 61.152115
v 13.534994 40.342850 61.225029
v 13.554823 40.346992 61.297028
v 13.578140 40.351860 61.367924
v 13.604888 40.357449 61.437546
v 13.634998 40.363735 61.505718
v 13.668398 40.370712 61.572273
v 13.705006 40.378357 61.637047
v 13.744726 40.386650 61.699875
v 13.787463 40.395576 61.760601
v 13.833111 40.405109 61.819077
v 13.881556 40.415226 61.875153
v 13.932674 40.425903 61.928696
v 13.986343 40.437111 61.979565
v 14.042428 40.448822 62.027641
v 14.100787 40.461010 62.072800
v 14.161278 40.473644 62.114933
v 14.223750 40.486691 62.153931
v 14.288047 40.500118 62.189701
v 14.354010 40.513893 62.222153
v 14.421473 40.527981 62.251205
v 14.490271 40.542351 62.276787
v 14.560229 40.556961 62.298832
v 14.631178 40.571777 62.317287
v 14.702941 40.586765 62.332108
v 14.775334 40.601883 62.343254
v 14.848184 40.617096 62.350700
v 14.921306 40.632366 62.354427
v 14.994517 40.647655 62.354427
v 15.067639 40.662926 62.350700
v 15.140489 40.678139 62.343254
v 15.212882 40.693260 62.332108
v 15.284644 40.708244 62.317287
v 15.355593 40.723064 62.298832
v 15.425552 40.737675 62.276787
v 15.494350 40.752041 62.251205
v 15.561812 40.766129 62.222153
v 15.627776 40.779903 62.189701
v 15.692073 40.793331 62.153931
v 15.754544 40.806381 62.114933
v 15.815036 40.819012 62.072800
v 15.873395 40.831200 62.027641
v 15.929480 40.842911 61.979565
v 15.983149 40.854122 61.928696
v 16.034267 40.864796 61.875153
v 16.082712 40.874912 61.819077
v 16.128359 40.884445 61.760601
v 16.171097 40.893372 61.699875
v 16.210817 40.901669 61.637047
v 16.247425 40.909313 61.572273
v 16.280825 40.916286 61.505718
v 16.310934 40.922577 61.437546
v 16.337683 40.928162 61.367924
v 16.361000 40.933029 61.297028
v 16.380829 40.937172 61.225029
v 16.397120 40.940575 61.152115
v 16.409834 40.943230 61.078457
v 16.418938 40.945129 61.004246
v 16.424408 40.946274 60.929665
v 16.426233 40.946655 60.854893
v 16.424408 40.946274 60.780125
v 16.418938 40.945129 60.705544
v 16.409834 40.943230 60.631332
v 16.397120 40.940575 60.557674
v 16.380829 40.937172 60.484756
v 16.361000 40.933029 60.412762
v 16.337683 40.928162 60.341866
v 16.310934 40.922577 60.272243
v 16.280825 40.916286 60.204067
v 16.247425 40.909313 60.137512
v 16.210817 40.901669 60.072742
v 16.171097 40.893372 60.009914
v 16.128359 40.884445 59.949188
v 16.082712 40.874912 59.890713
v 16.034267 40.864796 59.834637
v 15.983149 40.854122 59.781094
v 15.929480 40.842911 59.730221
v 15.873395 40.831200 59.682148
v 15.815036 40.819012 59.636986
v 15.754544 40.806381 59.594856
v 15.692073 40.793331 59.555855
v 15.627776 40.779903 59.520088
v 15.561812 40.766129 59.487637
v 15.494350 40.752041 59.458584
v 15.425552 40.737675 59.433002
v 15.355593 40.723064 59.410957
v 15.284644 40.708244 59.392502
v 15.212882 40.693260 59.377682
v 15.140489 40.678139 59.366535
v 15.067639 40.662926 59.359089
v 14.994517 40.647655 59.355362
v 14.921306 40.632366 59.355362
v 14.848184 40.617096 59.359089
v 14.775334 40.601883 59.366535
v 14.702941 40.586765 59.377682
v 14.631178 40.571777 59.392502
v 14.560229 40.556961 59.410957
v 14.490271 40.542351 59.433002
v 14.421473 40.527981 59.458584
v 14.354010 40.513893 59.487637
v 14.288047 40.500118 59.520088
v 14.223750 40.486691 59.555855
v 14.161278 40.473644 59.594856
v 14.100787 40.461010 59.636986
v 14.042428 40.448822 59.682148
v 13.986343 40.437111 59.730221
v 13.932674 40.425903 59.781094
v 13.881556 40.415226 59.834637
v 13.833111 40.405109 59.890713
v 13.787463 40.395576 59.949188
v 13.744726 40.386650 60.009914
v 13.705006 40.378357 60.072742
v 13.668398 40.370712 60.137512
v 13.634998 40.363735 60.204067
v 13.604888 40.357449 60.272243
v 13.578140 40.351860 60.341866
v 13.554823 40.346992 60.412762
v 13.534994 40.342850 60.484756
v 13.518703 40.339447 60.557674
v 13.505989 40.336792 60.631332
v 13.496885 40.334892 60.705544
v 13.491415 40.333752 60.780125
v 12.021267 40.026726 60.854893
v 12.024917 40.027489 61.004433
v 12.035860 40.029774 61.153599
v 12.054068 40.033577 61.302021
v 12.079494 40.038887 61.449333
v 12.112076 40.045689 61.595165
v 12.151734 40.053974 61.739159
v 12.198368 40.063713 61.880955
v 12.251863 40.074883 62.020199
v 12.312087 40.087460 62.156544
v 12.378887 40.101410 62.289658
v 12.452099 40.116699 62.419201
v 12.531542 40.133289 62.544853
v 12.617017 40.151142 62.666306
v 12.708311 40.170208 62.783257
v 12.805199 40.190441 62.895412
v 12.907437 40.211792 63.002495
v 13.014775 40.234207 63.104237
v 13.126943 40.257633 63.200390
v 13.243665 40.282009 63.290707
v 13.364647 40.307278 63.374973
v 13.489589 40.333370 63.452969
v 13.618183 40.360226 63.524509
v 13.750107 40.387775 63.589413
v 13.885035 40.415955 63.647514
v 14.022630 40.444687 63.698677
v 14.162550 40.473907 63.742767
v 14.304447 40.503544 63.779678
v 14.447968 40.533516 63.809319
v 14.592757 40.563755 63.831612
v 14.738456 40.594181 63.846504
v 14.884698 40.624722 63.853962
v 15.031125 40.655300 63.853962
v 15.177366 40.685841 63.846504
v 15.323065 40.716270 63.831612
v 15.467854 40.746506 63.809319
v 15.611376 40.776482 63.779678
v 15.753273 40.806114 63.742767
v 15.893193 40.835335 63.698677
v 16.030788 40.864071 63.647514
v 16.165716 40.892246 63.589413
v 16.297640 40.919800 63.524509
v 16.426233 40.946655 63.452969
v 16.551176 40.972748 63.374973
v 16.672159 40.998013 63.290707
v 16.788879 41.022388 63.200390
v 16.901049 41.045815 63.104237
v 17.008385 41.068230 63.002495
v 17.110624 41.089581 62.895412
v 17.207512 41.109814 62.783257
v 17.298805 41.128880 62.666306
v 17.384281 41.146732 62.544853
v 17.463724 41.163322 62.419201
v 17.536936 41.178612 62.289658
v 17.603735 41.192562 62.156544
v 17.663960 41.205139 62.020199
v 17.717455 41.216312 61.880955
v 17.764090 41.226051 61.739159
v 17.803747 41.234333 61.595165
v 17.836329 41.241138 61.449333
v 17.861755 41.246449 61.302021
v 17.879963 41.250248 61.153599
v 17.890905 41.252533 61.004433
v 17.894556 41.253296 60.854893
v 17.890905 41.252533 60.705357
v 17.879963 41.250248 60.556190
v 17.861755 41.246449 60.407768
v 17.836329 41.241138 60.260456
v 17.803747 41.234333 60.114620
v 17.764090 41.226051 59.970627
v 17.717455 41.216312 59.828835
v 17.663960 41.205139 59.689590
v 17.603735 41.192562 59.553242
v 17.536936 41.178612 59.420132
v 17.463724 41.163322 59.290588
v 17.384281 41.146732 59.164932
v 17.298805 41.128880 59.043480
v 17.207512 41.109814 58.926533
v 17.110624 41.089581 58.814377
v 17.008385 41.068230 58.707294
v 16.901049 41.045815 58.605549
v 16.788879 41.022388 58.509399
v 16.672159 40.998013 58.419079
v 16.551176 40.972748 58.334816
v 16.426233 40.946655 58.256817
v 16.297640 40.919800 58.185280
v 16.165716 40.892246 58.120377
v 16.030788 40.864071 58.062271
v 15.893193 40.835335 58.011112
v 15.753273 40.806114 57.967022
v 15.611376 40.776482 57.930111
v 15.467854 40.746506 57.900471
v 15.323065 40.716270 57.878178
v 15.177366 40.685841 57.863281
v 15.031125 40.655300 57.855827
v 14.884698 40.624722 57.855827
v 14.738456 40.594181 57.863281
v 14.592757 40.563755 57.878178
v 14.447968 40.533516 57.900471
v 14.304447 40.503544 57.930111
v 14.162550 40.473907 57.967022
v 14.022630 40.444687 58.011112
v 13.885035 40.415955 58.062271
v 13.750107 40.387775 58.120377
v 13.618183 40.360226 58.185280
v 13.489589 40.333370 58.256817
v 13.364647 40.307278 58.334816
v 13.243665 40.282009 58.419079
v 13.126943 40.257633 58.509399
v 13.014775 40.234207 58.605549
v 12.907437 40.211792 58.707294
v 12.805199 40.190441 58.814377
v 12.708311 40.170208 58.926533
v 12.617017 40.151142 59.043480
v 12.531542 40.133289 59.164932
v 12.452099 40.116699 59.290588
v 12.378887 40.101410 59.420132
v 12.312087 40.087460 59.553242
v 12.251863 40.074883 59.689590
v 12.198368 40.063713 59.828835
v 12.151734 40.053974 59.970627
v 12.112076 40.045689 60.114620
v 12.079494 40.038887 60.260456
v 12.054068 40.033577 60.407768
v 12.035860 40.029774 60.556190
v 12.024917 40.027489 60.705357
vn 0.204274 -0.978914 0.000157
vn 0.204423 -0.978883 0.000004
vn 0.204431 -0.978881 -0.000003
vn 0.204436 -0.978880 -0.000009
vn 0.204425 -0.978882 0.000005
vn 0.204527 -0.978861 -0.000069
vn 0.204431 -0.978881 -0.000001
vn 0.204410 -0.978885 0.000039
vn 0.204441 -0.978879 -0.000007
vn 0.204461 -0.978875 -0.000017
vn 0.204417 -0.978884 0.000006
vn 0.204466 -0.978874 -0.000101
vn 0.204398 -0.978888 0.000094
vn 0.204464 -0.978874 -0.000008
vn 0.204429 -0.978881 -0.000001
vn 0.204424 -0.978882 0.000013
vn 0.204426 -0.978882 0.000004
vn 0.204425 -0.978882 0.000006
vn 0.204454 -0.978876 -0.000153
vn 0.204418 -0.978884 0.000153
vn 0.204422 -0.978883 0.000063
vn 0.204421 -0.978883 0.000001
vn 0.204438 -0.978879 0.000001
vn 0.204412 -0.978885 0.000002
vn 0.204397 -0.978888 0.000004
vn 0.204428 -0.978882 0.000001
vn 0.204425 -0.978882 0.000002
vn 0.204424 -0.978882 0.000002
vn 0.204447 -0.978878 -0.000002
vn 0.204428 -0.978882 0.000000
vn 0.204428 -0.978882 0.000000
vn 0.204431 -0.978881 0.000004
vn 0.204429 -0.978881 0.000000
vn 0.204428 -0.978882 -0.000001
vn 0.204428 -0.978882 -0.000001
vn 0.204427 -0.978882 -0.000001
vn 0.204429 -0.978881 0.000001
vn 0.204429 -0.978881 0.000000
vn 0.204427 -0.978882 -0.000002
vn 0.204430 -0.978881 0.000001
vn 0.204427 -0.978882 -0.000002
vn 0.204431 -0.978881 0.000002
vn 0.204430 -0.978881 0.000001
vn 0.204425 -0.978882 -0.000003
vn 0.204430 -0.978881 0.000002
vn 0.204430 -0.978881 0.000002
vn 0.204425 -0.978882 -0.000003
vn 0.204428 -0.978882 -0.000001
vn 0.204430 -0.978881 0.000001
vn 0.204429 -0.978881 0.000000
vn 0.204432 -0.978881 0.000003
vn 0.204427 -0.978882 -0.000001
vn 0.204428 -0.978882 -0.000001
vn 0.204430 -0.978881 0.000001
vn 0.204426 -0.978882 -0.000002
vn 0.204427 -0.978882 -0.000001
vn 0.204431 -0.978881 0.000001
vn 0.204431 -0.978881 0.000002
vn 0.204430 -0.978881 0.000002
vn 0.204428 -0.978882 -0.000000
vn 0.204430 -0.978881 0.000001
vn 0.204425 -0.978882 -0.000003
vn 0.204422 -0.978883 -0.000004
vn 0.204431 -0.978881 0.000002
vn 0.204431 -0.978881 0.000003
vn 0.204425 -0.978882 -0.000004
vn 0.204427 -0.978882 -0.000001
vn 0.204427 -0.978882 -0.000002
vn 0.204431 -0.978881 0.000002
vn 0.204431 -0.978881 0.000003
vn 0.204429 -0.978881 0.000000
vn 0.204423 -0.978883 0.000005
vn 0.204429 -0.978881 -0.000001
vn 0.204431 -0.978881 -0.000002
vn 0.204430 -0.978881 -0.000002
vn 0.204426 -0.978882 0.000003
vn 0.204428 -0.978882 0.000001
vn 0.204431 -0.978881 -0.000002
vn 0.204430 -0.978881 -0.000001
vn 0.204426 -0.978882 0.000003
vn 0.204431 -0.978881 -0.000002
vn 0.204429 -0.978881 -0.000000
vn 0.204427 -0.978882 0.000002
vn 0.204430 -0.978881 -0.000001
vn 0.204447 -0.978878 0.000001
vn 0.204427 -0.978882 0.000002
vn 0.204375 -0.978893 -0.000009
vn 0.204429 -0.978881 -0.000001
vn 0.204428 -0.978882 0.000001
vn 0.204431 -0.978881 -0.000002
vn 0.204366 -0.978894 -0.000025
vn 0.204461 -0.978875 0.000008
vn 0.204425 -0.978882 -0.000001
vn 0.204418 -0.978884 -0.000004
vn 0.204431 -0.978881 -0.000004
vn 0.204425 -0.978882 -0.000002
vn 0.204428 -0.978882 0.000001
vn 0.204434 -0.978880 0.000001
vn 0.204527 -0.978861 0.000069
vn 0.204423 -0.978883 -0.000002
vn 0.204429 -0.978881 0.000002
vn 0.204515 -0.978864 0.000077
vn 0.204426 -0.978882 -0.000001
vn 0.204351 -0.978898 -0.000074
vn 0.204458 -0.978875 0.000037
vn 0.204437 -0.978880 0.000011
vn 0.204441 -0.978879 0.000017
vn 0.204425 -0.978882 -0.000005
vn 0.204396 -0.978888 -0.000065
vn 0.204370 -0.978894 -0.000121
vn 0.204434 -0.978880 0.000008
vn 0.204398 -0.978888 -0.000093
vn 0.204427 -0.978882 0.000000
vn 0.204429 -0.978881 0.000010
vn 0.204445 -0.978878 0.000079
vn 0.204429 -0.978881 -0.000000
vn 0.204428 -0.978882 -0.000000
vn 0.204427 -0.978882 0.000001
vn 0.204429 -0.978881 -0.000000
vn 0.204430 -0.978881 -0.000001
vn 0.204431 -0.978881 -0.000002
vn 0.204425 -0.978882 0.000003
vn 0.204430 -0.978881 -0.000002
vn 0.204428 -0.978882 0.000001
vn 0.204429 -0.978881 -0.000000
vn 0.204427 -0.978882 0.000001
vn 0.204430 -0.978881 -0.000001
vn 0.204427 -0.978882 0.000001
vn 0.204431 -0.978881 -0.000002
vn 0.204428 -0.978882 0.000000
vn 0.204418 -0.978884 -0.000153
vn 0.204427 -0.978882 -0.000003
vn 0.204424 -0.978882 -0.000028
vn 0.204425 -0.978882 0.000003
vn 0.204432 -0.978881 -0.000003
vn 0.204431 -0.978881 -0.000003
vn 0.204425 -0.978882 0.000003
vn 0.204427 -0.978882 0.000000
vn 0.204425 -0.978882 0.000002
vn 0.204430 -0.978881 -0.000004
vn 0.204431 -0.978881 -0.000004
vn 0.204429 -0.978881 -0.000000
vn 0.204428 -0.978882 0.000001
vn 0.204429 -0.978881 -0.000001
vn 0.204427 -0.978882 0.000003
vn 0.204429 -0.978881 -0.000002
vn 0.204430 -0.978881 -0.000002
vn 0.204428 -0.978882 0.000001
vn 0.204428 -0.978881 0.000000
vn 0.204428 -0.978882 0.000001
vn 0.204429 -0.978881 -0.000002
vn 0.204428 -0.978882 0.000001
vn 0.204428 -0.978882 0.000002
vn 0.204430 -0.978881 -0.000003
vn 0.204429 -0.978881 0.000000
vn 0.204428 -0.978882 0.000001
vn 0.204429 -0.978881 -0.000001
vn 0.204427 -0.978882 0.000003
vn 0.204429 -0.978881 -0.000002
vn 0.204429 -0.978881 -0.000001
vn 0.204429 -0.978881 -0.000000
vn 0.204429 -0.978881 -0.000002
vn 0.204427 -0.978882 0.000003
vn 0.204430 -0.978881 -0.000004
vn 0.204426 -0.978882 0.000007
vn 0.204428 -0.978882 0.000001
vn 0.204430 -0.978881 -0.000004
vn 0.204429 -0.978882 0.000000
vn 0.204429 -0.978881 0.000000
vn 0.204430 -0.978881 0.000004
vn 0.204428 -0.978882 -0.000001
vn 0.204426 -0.978882 -0.000007
vn 0.204430 -0.978881 0.000004
vn 0.204427 -0.978882 -0.000003
vn 0.204429 -0.978881 0.000002
vn 0.204429 -0.978881 0.000000
vn 0.204429 -0.978881 0.000001
vn 0.204429 -0.978881 0.000002
vn 0.204427 -0.978882 -0.000003
vn 0.204429 -0.978881 0.000001
vn 0.204428 -0.978882 -0.000001
vn 0.204429 -0.978881 -0.000000
vn 0.204430 -0.978881 0.000003
vn 0.204428 -0.978882 -0.000002
vn 0.204428 -0.978882 -0.000001
vn 0.204429 -0.978881 0.000002
vn 0.204428 -0.978882 -0.000001
vn 0.204428 -0.978882 -0.000000
vn 0.204428 -0.978882 -0.000001
vn 0.204430 -0.978881 0.000002
vn 0.204429 -0.978881 0.000002
vn 0.204427 -0.978882 -0.000003
vn 0.204429 -0.978881 0.000001
vn 0.204428 -0.978882 -0.000001
vn -0.978881 -0.204429 0.000000
vn -0.978881 -0.204429 0.000000
vn -0.978586 -0.204367 -0.024564
vn -0.978586 -0.204367 -0.024564
vn -0.976229 -0.203875 -0.073560
vn -0.976229 -0.203875 -0.073560
vn -0.971520 -0.202891 -0.122408
vn -0.971520 -0.202891 -0.122410
vn -0.964471 -0.201419 -0.170955
vn -0.964473 -0.201420 -0.170945
vn -0.955099 -0.199462 -0.219089
vn -0.955098 -0.199461 -0.219096
vn -0.943417 -0.197022 -0.266733
vn -0.943417 -0.197022 -0.266735
vn -0.929476 -0.194110 -0.313682
vn -0.929478 -0.194111 -0.313673
vn -0.913295 -0.190732 -0.359880
vn -0.913292 -0.190731 -0.359888
vn -0.894908 -0.186892 -0.405229
vn -0.894909 -0.186892 -0.405228
vn -0.874354 -0.182599 -0.449624
vn -0.874354 -0.182599 -0.449624
vn -0.851720 -0.177872 -0.492884
vn -0.851720 -0.177872 -0.492884
vn -0.827003 -0.172710 -0.535012
vn -0.827007 -0.172711 -0.535005
vn -0.800321 -0.167138 -0.575806
vn -0.800321 -0.167138 -0.575806
vn -0.771689 -0.161159 -0.615244
vn -0.741228 -0.154797 -0.653161
vn -0.771684 -0.161157 -0.615250
vn -0.741233 -0.154798 -0.653155
vn -0.708950 -0.148056 -0.689543
vn -0.708950 -0.148056 -0.689543
vn -0.674964 -0.140959 -0.724261
vn -0.674960 -0.140958 -0.724265
vn -0.639404 -0.133532 -0.757187
vn -0.602232 -0.125770 -0.788352
vn -0.639404 -0.133532 -0.757187
vn -0.563643 -0.117710 -0.817589
vn -0.602237 -0.125770 -0.788348
vn -0.563638 -0.117710 -0.817592
vn -0.523689 -0.109366 -0.844860
vn -0.523692 -0.109367 -0.844858
vn -0.482498 -0.100764 -0.870082
vn -0.482494 -0.100763 -0.870084
vn -0.440108 -0.091912 -0.893229
vn -0.396706 -0.082847 -0.914200
vn -0.440112 -0.091913 -0.893227
vn -0.396703 -0.082847 -0.914201
vn -0.352285 -0.073571 -0.932997
vn -0.352284 -0.073571 -0.932997
vn -0.307060 -0.064126 -0.949527
vn -0.307061 -0.064126 -0.949527
vn -0.261067 -0.054521 -0.963780
vn -0.261067 -0.054521 -0.963780
vn -0.214504 -0.044797 -0.975695
vn -0.214504 -0.044797 -0.975695
vn -0.167333 -0.034946 -0.985281
vn -0.119823 -0.025024 -0.992480
vn -0.167333 -0.034946 -0.985281
vn -0.119824 -0.025024 -0.992480
vn -0.072010 -0.015039 -0.997290
vn -0.072010 -0.015039 -0.997290
vn -0.024041 -0.005021 -0.999698
vn -0.024040 -0.005021 -0.999698
vn -0.978586 -0.204367 0.024565
vn -0.978586 -0.204367 0.024565
vn -0.976229 -0.203875 0.073560
vn -0.976229 -0.203875 0.073560
vn -0.971520 -0.202891 0.122408
vn -0.971520 -0.202891 0.122410
vn -0.964471 -0.201419 0.170955
vn -0.964473 -0.201420 0.170945
vn -0.955099 -0.199462 0.219089
vn -0.955098 -0.199461 0.219096
vn -0.943420 -0.197023 0.266723
vn -0.943419 -0.197023 0.266725
vn -0.929472 -0.194110 0.313693
vn -0.929475 -0.194111 0.313685
vn -0.913300 -0.190733 0.359867
vn -0.913297 -0.190732 0.359875
vn -0.894909 -0.186892 0.405229
vn -0.894908 -0.186892 0.405229
vn -0.874347 -0.182598 0.449640
vn -0.874347 -0.182598 0.449640
vn -0.851729 -0.177874 0.492868
vn -0.851729 -0.177874 0.492868
vn -0.827003 -0.172710 0.535012
vn -0.827007 -0.172711 0.535005
vn -0.800321 -0.167138 0.575806
vn -0.800321 -0.167138 0.575806
vn -0.771688 -0.161159 0.615244
vn -0.741228 -0.154797 0.653161
vn -0.771684 -0.161157 0.615250
vn -0.741233 -0.154798 0.653155
vn -0.708932 -0.148052 0.689562
vn -0.708932 -0.148052 0.689562
vn -0.675004 -0.140967 0.724223
vn -0.675000 -0.140966 0.724226
vn -0.639382 -0.133528 0.757206
vn -0.602232 -0.125770 0.788352
vn -0.639382 -0.133528 0.757206
vn -0.563617 -0.117705 0.817607
vn -0.602237 -0.125770 0.788348
vn -0.563613 -0.117704 0.817610
vn -0.523716 -0.109372 0.844843
vn -0.523719 -0.109373 0.844841
vn -0.482497 -0.100764 0.870082
vn -0.482494 -0.100763 0.870084
vn -0.440108 -0.091912 0.893229
vn -0.396674 -0.082841 0.914214
vn -0.440112 -0.091913 0.893227
vn -0.396671 -0.082840 0.914215
vn -0.352318 -0.073578 0.932984
vn -0.352317 -0.073578 0.932984
vn -0.307061 -0.064126 0.949527
vn -0.307060 -0.064126 0.949527
vn -0.261032 -0.054514 0.963790
vn -0.261032 -0.054514 0.963790
vn -0.214540 -0.044804 0.975687
vn -0.214540 -0.044804 0.975687
vn -0.167296 -0.034938 0.985288
vn -0.119823 -0.025024 0.992480
vn -0.167296 -0.034938 0.985287
vn -0.119824 -0.025024 0.992480
vn -0.072048 -0.015046 0.997288
vn -0.072048 -0.015046 0.997288
vn -0.024041 -0.005021 0.999698
vn -0.024040 -0.005021 0.999698
vn -0.000000 0.000000 -1.000000
vn -0.000000 0.000000 -1.000000
vn -0.000000 0.000000 -1.000000
vn -0.000000 0.000000 -1.000000
vn -0.000000 0.000000 -1.000000
vn -0.000000 0.000000 -1.000000
vn -0.000000 0.000000 -1.000000
vn -0.000000 0.000000 -1.000000
vn -0.000000 0.000000 -1.000000
vn -0.000000 0.000000 -1.000000
vn -0.000000 0.000000 -1.000000
vn -0.000000 0.000000 -1.000000
vn -0.000000 0.000000 -1.000000
vn -0.000000 0.000000 -1.000000
vn -0.000000 0.000000 -1.000000
vn -0.000000 0.000000 -1.000000
vn -0.000000 0.000000 -1.000000
vn -0.000000 0.000000 -1.000000
vn -0.000000 0.000000 -1.000000
vn -0.000000 0.000000 -1.000000
vn -0.000000 0.000000 -1.000000
vn -0.000000 0.000000 -1.000000
vn -0.000000 0.000000 -1.000000
vn -0.000000 0.000000 -1.000000
vn -0.000000 0.000000 -1.000000
vn -0.000000 0.000000 -1.000000
vn -0.000000 0.000000 -1.000000
vn -0.000000 0.000000 -1.000000
vn 0.000000 -0.000000 -1.000000
vn 0.000000 -0.000000 -1.000000
vn 0.000000 -0.000000 -1.000000
vn 0.000000 -0.000000 -1.000000
vn -0.000000 0.000000 -1.000000
vn 0.000000 0.000000 -1.000000
vn 0.000000 0.000000 -1.000000
vn 0.000000 -0.000000 -1.000000
vn 0.000000 0.000000 -1.000000
vn 0.000000 0.000000 -1.000000
vn 0.000000 0.000000 -1.000000
vn 0.000000 0.000000 -1.000000
vn 0.000000 0.000000 -1.000000
vn 0.000000 0.000000 -1.000000
vn 0.000000 0.000000 -1.000000
vn 0.000000 0.000000 -1.000000
vn 0.000000 0.000000 -1.000000
vn 0.000000 0.000000 -1.000000
vn -0.000000 0.000000 -1.000000
vn -0.000000 0.000000 -1.000000
vn -0.000000 0.000000 -1.000000
vn -0.000000 0.000000 -1.000000
vn -0.000000 0.000000 -1.000000
vn -0.000000 0.000000 -1.000000
vn -0.000000 0.000000 -1.000000
vn -0.000000 0.000000 -1.000000
vn -0.000000 0.000000 -1.000000
vn -0.000000 0.000000 -1.000000
vn -0.000000 0.000000 -1.000000
vn -0.000000 0.000000 -1.000000
vn -0.000000 0.000000 -1.000000
vn -0.000000 0.000000 -1.000000
vn -0.000000 0.000000 -1.000000
vn -0.000000 0.000000 -1.000000
vn -0.000000 0.000000 -1.000000
vn -0.000000 0.000000 -1.000000
vn -0.000000 0.000000 -1.000000
vn -0.000000 0.000000 -1.000000
vn -0.000000 0.000000 -1.000000
vn -0.000000 0.000000 -1.000000
vn -0.000000 0.000000 -1.000000
vn 0.000000 0.000000 -1.000000
vn 0.000000 0.000000 1.000000
vn 0.000000 0.000000 1.000000
vn 0.000000 0.000000 1.000000
vn 0.000000 0.000000 1.000000
vn 0.000000 0.000000 1.000000
vn 0.000000 0.000000 1.000000
vn 0.000000 0.000000 1.000000
vn 0.000000 0.000000 1.000000
vn 0.000000 0.000000 1.000000
vn 0.000000 0.000000 1.000000
vn 0.000000 0.000000 1.000000
vn 0.000000 0.000000 1.000000
vn 0.000000 0.000000 1.000000
vn 0.000000 0.000000 1.000000
vn 0.000000 0.000000 1.000000
vn 0.000000 0.000000 1.000000
vn 0.000000 0.000000 1.000000
vn 0.000000 0.000000 1.000000
vn 0.000000 0.000000 1.000000
vn 0.000000 0.000000 1.000000
vn 0.000000 0.000000 1.000000
vn 0.000000 0.000000 1.000000
vn 0.000000 0.000000 1.000000
vn 0.000000 0.000000 1.000000
vn 0.000000 0.000000 1.000000
vn 0.000000 0.000000 1.000000
vn 0.000000 0.000000 1.000000
vn 0.000000 -0.000000 1.000000
vn 0.000000 0.000000 1.000000
vn 0.000000 0.000000 1.000000
vn 0.000000 0.000000 1.000000
vn 0.000000 0.000000 1.000000
vn 0.000000 0.000000 1.000000
vn 0.000000 -0.000000 1.000000
vn 0.000000 0.000000 1.000000
vn 0.000000 0.000000 1.000000
vn 0.000000 0.000000 1.000000
vn 0.000000 0.000000 1.000000
vn 0.000000 0.000000 1.000000
vn 0.000000 0.000000 1.000000
vn 0.000000 0.000000 1.000000
vn 0.000000 0.000000 1.000000
vn 0.000000 0.000000 1.000000
vn 0.000000 0.000000 1.000000
vn 0.000000 0.000000 1.000000
vn -0.000000 0.000000 1.000000
vn 0.000000 0.000000 1.000000
vn 0.000000 0.000000 1.000000
vn 0.000000 0.000000 1.000000
vn 0.000000 0.000000 1.000000
vn 0.000000 -0.000000 1.000000
vn 0.000000 -0.000000 1.000000
vn 0.000000 -0.000000 1.000000
vn 0.000000 -0.000000 1.000000
vn 0.000000 -0.000000 1.000000
vn 0.000000 -0.000000 1.000000
vn 0.000000 -0.000000 1.000000
vn 0.000000 -0.000000 1.000000
vn 0.000000 -0.000000 1.000000
vn 0.000000 -0.000000 1.000000
vn 0.000000 -0.000000 1.000000
vn 0.000000 -0.000000 1.000000
vn 0.000000 -0.000000 1.000000
vn 0.000000 -0.000000 1.000000
vn 0.000000 -0.000000 1.000000
vn 0.000000 -0.000000 1.000000
vn 0.000000 -0.000000 1.000000
vn 0.000000 -0.000000 1.000000
vn 0.000000 0.000000 1.000000
vn 0.000000 -0.000000 1.000000
vn 0.228392 -0.973569 0.000000
vn 0.228392 -0.973569 0.000000
vn 0.275879 -0.961192 0.000000
vn 0.275879 -0.961192 0.000000
vn 0.322720 -0.946495 0.000000
vn 0.322720 -0.946495 0.000000
vn 0.368770 -0.929521 0.000000
vn 0.368770 -0.929521 0.000000
vn 0.413949 -0.910300 0.000000
vn 0.413949 -0.910300 0.000000
vn 0.458080 -0.888911 0.000000
vn 0.458080 -0.888911 0.000000
vn 0.501171 -0.865348 0.000000
vn 0.501171 -0.865348 0.000000
vn 0.543026 -0.839716 0.000000
vn 0.543026 -0.839716 0.000000
vn 0.583581 -0.812055 0.000000
vn 0.583581 -0.812055 0.000000
vn 0.622716 -0.782448 0.000000
vn 0.622716 -0.782448 0.000000
vn 0.660360 -0.750949 0.000000
vn 0.660360 -0.750949 0.000000
vn 0.696422 -0.717632 0.000000
vn 0.696422 -0.717632 0.000000
vn 0.730782 -0.682611 0.000000
vn 0.730782 -0.682611 0.000000
vn 0.763397 -0.645930 0.000000
vn 0.763397 -0.645930 0.000000
vn 0.794168 -0.607699 0.000000
vn 0.794168 -0.607699 0.000000
vn 0.823044 -0.567977 0.000000
vn 0.823044 -0.567977 0.000000
vn 0.849902 -0.526941 0.000000
vn 0.849902 -0.526941 0.000000
vn 0.874744 -0.484586 0.000000
vn 0.897477 -0.441062 0.000000
vn 0.874744 -0.484586 0.000000
vn 0.897477 -0.441062 0.000000
vn 0.918023 -0.396528 0.000000
vn 0.918023 -0.396528 0.000000
vn 0.936382 -0.350983 0.000000
vn 0.952473 -0.304621 0.000000
vn 0.936382 -0.350983 0.000000
vn 0.952473 -0.304621 0.000000
vn 0.966281 -0.257490 0.000000
vn 0.966281 -0.257490 0.000000
vn 0.977743 -0.209806 0.000000
vn 0.977743 -0.209806 0.000000
vn 0.986860 -0.161580 0.000000
vn 0.986860 -0.161580 0.000000
vn 0.993603 -0.112928 0.000000
vn 0.993603 -0.112928 0.000000
vn 0.997947 -0.064041 0.000000
vn 0.997947 -0.064041 0.000000
vn 0.999887 -0.015039 0.000000
vn 0.999419 0.034080 0.000000
vn 0.999887 -0.015039 0.000000
vn 0.996546 0.083044 0.000000
vn 0.999419 0.034080 0.000000
vn 0.996546 0.083044 0.000000
vn 0.991264 0.131891 0.000000
vn 0.991264 0.131891 0.000000
vn 0.983603 0.180350 0.000000
vn 0.983603 0.180350 0.000000
vn -0.978577 -0.204365 -0.024938
vn -0.978577 -0.204365 -0.024937
vn -0.976145 -0.203856 -0.074718
vn -0.976144 -0.203857 -0.074729
vn -0.971284 -0.202841 -0.124352
vn -0.971284 -0.202841 -0.124351
vn -0.964010 -0.201323 -0.173651
vn -0.964012 -0.201322 -0.173640
vn -0.954339 -0.199303 -0.222519
vn -0.954339 -0.199303 -0.222520
vn -0.942294 -0.196788 -0.270846
vn -0.942294 -0.196788 -0.270846
vn -0.927911 -0.193784 -0.318478
vn -0.927912 -0.193784 -0.318477
vn -0.911209 -0.190296 -0.365357
vn -0.892257 -0.186338 -0.411285
vn -0.911209 -0.190296 -0.365357
vn -0.892257 -0.186338 -0.411285
vn -0.871081 -0.181916 -0.456208
vn -0.871081 -0.181916 -0.456207
vn -0.847737 -0.177041 -0.499998
vn -0.847737 -0.177041 -0.499998
vn -0.822286 -0.171726 -0.542545
vn -0.822287 -0.171726 -0.542545
vn -0.794793 -0.165984 -0.583741
vn -0.794793 -0.165984 -0.583741
vn -0.765322 -0.159829 -0.623488
vn -0.765322 -0.159829 -0.623488
vn -0.733948 -0.153277 -0.661685
vn -0.733948 -0.153277 -0.661685
vn -0.700745 -0.146343 -0.698240
vn -0.700751 -0.146343 -0.698235
vn -0.665811 -0.139047 -0.733050
vn -0.665805 -0.139046 -0.733055
vn -0.629216 -0.131405 -0.766041
vn -0.629216 -0.131405 -0.766042
vn -0.591054 -0.123435 -0.797132
vn -0.591059 -0.123436 -0.797128
vn -0.551420 -0.115157 -0.826242
vn -0.551425 -0.115159 -0.826238
vn -0.510412 -0.106594 -0.853298
vn -0.510412 -0.106594 -0.853298
vn -0.468167 -0.097772 -0.878214
vn -0.468167 -0.097772 -0.878214
vn -0.424708 -0.088696 -0.900975
vn -0.424708 -0.088696 -0.900975
vn -0.380238 -0.079408 -0.921473
vn -0.380234 -0.079408 -0.921475
vn -0.334794 -0.069918 -0.939694
vn -0.334798 -0.069919 -0.939692
vn -0.288523 -0.060255 -0.955575
vn -0.241538 -0.050443 -0.969079
vn -0.288523 -0.060255 -0.955575
vn -0.241538 -0.050443 -0.969079
vn -0.193978 -0.040510 -0.980169
vn -0.193976 -0.040510 -0.980170
vn -0.145910 -0.030472 -0.988829
vn -0.145912 -0.030472 -0.988828
vn -0.097472 -0.020356 -0.995030
vn -0.097472 -0.020356 -0.995030
vn -0.048759 -0.010183 -0.998759
vn -0.048759 -0.010183 -0.998759
vn 0.000000 -0.000000 -1.000000
vn -0.000000 0.000000 -1.000000
vn 0.048759 0.010183 -0.998759
vn 0.048759 0.010183 -0.998759
vn 0.097473 0.020356 -0.995030
vn 0.097473 0.020356 -0.995030
vn 0.145910 0.030472 -0.988829
vn 0.145910 0.030472 -0.988829
vn 0.193978 0.040510 -0.980169
vn 0.193976 0.040510 -0.980170
vn 0.241538 0.050442 -0.969079
vn 0.241535 0.050442 -0.969080
vn 0.288526 0.060256 -0.955574
vn 0.288526 0.060255 -0.955574
vn 0.334794 0.069918 -0.939694
vn 0.334794 0.069918 -0.939694
vn 0.380234 0.079408 -0.921475
vn 0.380234 0.079408 -0.921475
vn 0.424712 0.088697 -0.900973
vn 0.424713 0.088697 -0.900973
vn 0.468163 0.097771 -0.878217
vn 0.468168 0.097771 -0.878214
vn 0.510412 0.106593 -0.853298
vn 0.510411 0.106593 -0.853298
vn 0.551425 0.115158 -0.826238
vn 0.551420 0.115158 -0.826242
vn 0.591054 0.123435 -0.797132
vn 0.591054 0.123435 -0.797132
vn 0.629222 0.131406 -0.766036
vn 0.629222 0.131406 -0.766037
vn 0.665805 0.139046 -0.733055
vn 0.665805 0.139046 -0.733055
vn 0.700750 0.146344 -0.698235
vn 0.700751 0.146344 -0.698235
vn 0.733942 0.153276 -0.661692
vn 0.733942 0.153276 -0.661692
vn 0.765327 0.159830 -0.623481
vn 0.765327 0.159830 -0.623481
vn 0.794788 0.165983 -0.583749
vn 0.794788 0.165983 -0.583749
vn 0.822287 0.171726 -0.542544
vn 0.822292 0.171726 -0.542537
vn 0.847742 0.177041 -0.499990
vn 0.847737 0.177041 -0.499998
vn 0.871076 0.181915 -0.456217
vn 0.871076 0.181915 -0.456217
vn 0.892257 0.186338 -0.411285
vn 0.892257 0.186338 -0.411284
vn 0.911213 0.190297 -0.365347
vn 0.911213 0.190297 -0.365347
vn 0.927908 0.193783 -0.318489
vn 0.927908 0.193783 -0.318488
vn 0.942294 0.196788 -0.270846
vn 0.942294 0.196788 -0.270846
vn 0.954339 0.199303 -0.222519
vn 0.964011 0.201323 -0.173640
vn 0.954339 0.199303 -0.222519
vn 0.964011 0.201323 -0.173640
vn 0.971284 0.202842 -0.124352
vn 0.971283 0.202842 -0.124352
vn 0.976144 0.203857 -0.074729
vn 0.976144 0.203857 -0.074729
vn 0.978577 0.204365 -0.024926
vn 0.978577 0.204365 -0.024925
vn 0.978577 0.204365 0.024925
vn 0.978577 0.204365 0.024926
vn 0.976144 0.203857 0.074731
vn 0.976144 0.203857 0.074731
vn 0.971284 0.202842 0.124352
vn 0.971283 0.202842 0.124352
vn 0.964011 0.201323 0.173640
vn 0.964011 0.201323 0.173640
vn 0.954339 0.199303 0.222519
vn 0.954339 0.199303 0.222519
vn 0.942295 0.196788 0.270840
vn 0.942295 0.196788 0.270840
vn 0.927906 0.193783 0.318496
vn 0.927906 0.193783 0.318495
vn 0.911216 0.190297 0.365339
vn 0.911216 0.190297 0.365339
vn 0.892257 0.186338 0.411284
vn 0.892257 0.186338 0.411285
vn 0.871076 0.181915 0.456217
vn 0.871076 0.181915 0.456217
vn 0.847737 0.177040 0.499998
vn 0.847742 0.177042 0.499990
vn 0.822285 0.171725 0.542547
vn 0.794795 0.165984 0.583738
vn 0.822280 0.171723 0.542555
vn 0.765319 0.159828 0.623492
vn 0.794795 0.165984 0.583738
vn 0.765319 0.159828 0.623492
vn 0.733942 0.153276 0.661692
vn 0.700751 0.146344 0.698235
vn 0.733942 0.153276 0.661692
vn 0.700750 0.146344 0.698235
vn 0.665805 0.139046 0.733055
vn 0.665805 0.139046 0.733055
vn 0.629222 0.131406 0.766037
vn 0.629222 0.131406 0.766036
vn 0.591054 0.123435 0.797132
vn 0.591054 0.123435 0.797132
vn 0.551420 0.115157 0.826242
vn 0.551425 0.115159 0.826238
vn 0.510428 0.106597 0.853288
vn 0.468150 0.097768 0.878224
vn 0.510428 0.106597 0.853288
vn 0.424713 0.088697 0.900973
vn 0.468145 0.097767 0.878226
vn 0.424712 0.088697 0.900973
vn 0.380234 0.079408 0.921475
vn 0.380234 0.079408 0.921475
vn 0.334794 0.069918 0.939694
vn 0.334794 0.069918 0.939694
vn 0.288547 0.060260 0.955567
vn 0.288547 0.060260 0.955568
vn 0.241538 0.050443 0.969079
vn 0.241535 0.050442 0.969080
vn 0.193953 0.040505 0.980174
vn 0.193956 0.040505 0.980174
vn 0.145910 0.030472 0.988829
vn 0.097450 0.020351 0.995032
vn 0.145910 0.030472 0.988829
vn 0.097450 0.020351 0.995032
vn 0.048805 0.010192 0.998756
vn 0.048805 0.010192 0.998756
vn -0.000000 0.000000 1.000000
vn 0.000000 -0.000000 1.000000
vn -0.048805 -0.010192 0.998756
vn -0.048805 -0.010192 0.998756
vn -0.097449 -0.020351 0.995032
vn -0.097449 -0.020351 0.995032
vn -0.145910 -0.030472 0.988829
vn -0.145912 -0.030472 0.988828
vn -0.193956 -0.040505 0.980174
vn -0.241538 -0.050443 0.969079
vn -0.193953 -0.040505 0.980174
vn -0.288544 -0.060259 0.955569
vn -0.241538 -0.050443 0.969079
vn -0.334794 -0.069918 0.939694
vn -0.288544 -0.060259 0.955569
vn -0.334798 -0.069919 0.939692
vn -0.380238 -0.079409 0.921473
vn -0.380234 -0.079407 0.921475
vn -0.424708 -0.088696 0.900975
vn -0.424708 -0.088696 0.900975
vn -0.468150 -0.097768 0.878224
vn -0.510428 -0.106597 0.853288
vn -0.468149 -0.097768 0.878224
vn -0.510429 -0.106597 0.853287
vn -0.551420 -0.115157 0.826242
vn -0.551425 -0.115159 0.826238
vn -0.591059 -0.123436 0.797128
vn -0.629216 -0.131405 0.766041
vn -0.591054 -0.123435 0.797132
vn -0.665805 -0.139046 0.733055
vn -0.629216 -0.131405 0.766042
vn -0.665811 -0.139047 0.733050
vn -0.700751 -0.146344 0.698235
vn -0.700745 -0.146342 0.698240
vn -0.733948 -0.153277 0.661685
vn -0.733948 -0.153277 0.661685
vn -0.765313 -0.159827 0.623499
vn -0.765313 -0.159827 0.623499
vn -0.794801 -0.165985 0.583730
vn -0.822280 -0.171724 0.542556
vn -0.794801 -0.165985 0.583730
vn -0.822280 -0.171724 0.542556
vn -0.847737 -0.177041 0.499998
vn -0.871081 -0.181916 0.456208
vn -0.847737 -0.177041 0.499998
vn -0.871081 -0.181916 0.456207
vn -0.892257 -0.186338 0.411285
vn -0.892257 -0.186338 0.411285
vn -0.911212 -0.190297 0.365349
vn -0.911212 -0.190297 0.365349
vn -0.927909 -0.193784 0.318484
vn -0.927909 -0.193784 0.318485
vn -0.942295 -0.196788 0.270840
vn -0.942295 -0.196788 0.270840
vn -0.954339 -0.199303 0.222520
vn -0.954339 -0.199303 0.222519
vn -0.964011 -0.201323 0.173640
vn -0.964010 -0.201322 0.173651
vn -0.971284 -0.202841 0.124352
vn -0.976145 -0.203856 0.074719
vn -0.971284 -0.202841 0.124351
vn -0.976144 -0.203857 0.074731
vn -0.978577 -0.204365 0.024937
vn -0.978577 -0.204365 0.024938
vn -0.204428 0.978882 -0.000002
vn -0.204428 0.978882 -0.000001
vn -0.204430 0.978881 0.000000
vn -0.204428 0.978882 -0.000002
vn -0.204427 0.978882 -0.000002
vn -0.204430 0.978881 0.000003
vn -0.204429 0.978881 0.000000
vn -0.204428 0.978882 -0.000001
vn -0.204430 0.978881 0.000002
vn -0.204429 0.978881 0.000000
vn -0.204428 0.978882 0.000000
vn -0.204429 0.978881 0.000001
vn -0.204428 0.978882 0.000000
vn -0.204427 0.978882 -0.000004
vn -0.204430 0.978881 0.000002
vn -0.204429 0.978881 0.000002
vn -0.204430 0.978881 0.000000
vn -0.204429 0.978881 0.000001
vn -0.204428 0.978882 0.000000
vn -0.204428 0.978882 -0.000002
vn -0.204430 0.978881 0.000004
vn -0.204427 0.978882 -0.000002
vn -0.204426 0.978882 -0.000002
vn -0.204431 0.978881 0.000002
vn -0.204429 0.978882 0.000000
vn -0.204428 0.978882 0.000000
vn -0.204428 0.978882 0.000000
vn -0.204428 0.978881 0.000000
vn -0.204427 0.978882 0.000002
vn -0.204431 0.978881 -0.000002
vn -0.204430 0.978881 -0.000001
vn -0.204428 0.978882 0.000001
vn -0.204425 0.978882 0.000004
vn -0.204428 0.978882 0.000001
vn -0.204428 0.978882 0.000001
vn -0.204431 0.978881 -0.000002
vn -0.204431 0.978881 -0.000002
vn -0.204428 0.978882 0.000001
vn -0.204426 0.978882 0.000002
vn -0.204436 0.978880 0.000106
vn -0.204422 0.978883 -0.000039
vn -0.204428 0.978882 0.000000
vn -0.204427 0.978882 0.000002
vn -0.204471 0.978873 0.000199
vn -0.204429 0.978881 -0.000001
vn -0.204430 0.978881 -0.000004
vn -0.204423 0.978883 -0.000035
vn -0.204444 0.978878 0.000062
vn -0.204428 0.978882 0.000001
vn -0.204428 0.978882 0.000002
vn -0.204430 0.978881 -0.000001
vn -0.204347 0.978898 -0.000202
vn -0.204425 0.978882 -0.000008
vn -0.204427 0.978882 -0.000003
vn -0.204428 0.978882 0.000000
vn -0.204429 0.978881 -0.000000
vn -0.204429 0.978881 0.000000
vn -0.204428 0.978882 0.000001
vn -0.204429 0.978881 0.000006
vn -0.204578 0.978850 0.000259
vn -0.204435 0.978880 0.000016
vn -0.204430 0.978881 -0.000002
vn -0.204428 0.978882 0.000000
vn -0.204428 0.978882 0.000000
vn -0.204429 0.978881 -0.000001
vn -0.204428 0.978882 0.000000
vn -0.204426 0.978882 -0.000005
vn -0.204338 0.978900 -0.000105
vn -0.204403 0.978887 -0.000032
vn -0.204440 0.978879 0.000012
vn -0.204429 0.978881 0.000000
vn -0.204430 0.978881 -0.000002
vn -0.204428 0.978882 0.000001
vn -0.204543 0.978857 0.000105
vn -0.204427 0.978882 -0.000002
vn -0.204429 0.978881 0.000000
vn -0.204429 0.978881 -0.000000
vn -0.204428 0.978882 0.000002
vn -0.204559 0.978854 0.000092
vn -0.204462 0.978875 0.000025
vn -0.204429 0.978881 0.000002
vn -0.204429 0.978881 -0.000000
vn -0.204426 0.978882 -0.000004
vn -0.204430 0.978881 0.000000
vn -0.204428 0.978882 0.000000
vn -0.204428 0.978882 0.000002
vn -0.204360 0.978896 -0.000030
vn -0.204428 0.978882 0.000000
vn -0.204606 0.978844 0.000058
vn -0.204460 0.978875 0.000012
vn -0.204428 0.978882 0.000000
vn -0.204427 0.978882 -0.000001
vn -0.204359 0.978896 -0.000025
vn -0.204429 0.978881 -0.000002
vn -0.204534 0.978859 0.000021
vn -0.204433 0.978881 0.000006
vn -0.204427 0.978882 -0.000001
vn -0.204427 0.978882 0.000000
vn -0.204427 0.978882 -0.000001
vn -0.204428 0.978882 0.000001
vn -0.204430 0.978881 -0.000002
vn -0.204428 0.978882 0.000001
vn -0.204429 0.978881 -0.000001
vn -0.204427 0.978882 0.000002
vn -0.204428 0.978882 0.000000
vn -0.204430 0.978881 -0.000002
vn -0.204427 0.978882 0.000002
vn -0.204427 0.978882 0.000001
vn -0.204431 0.978881 -0.000003
vn -0.204428 0.978881 0.000000
vn -0.204426 0.978882 0.000005
vn -0.204428 0.978882 0.000001
vn -0.204430 0.978881 -0.000003
vn -0.204430 0.978881 -0.000001
vn -0.204427 0.978882 0.000000
vn -0.204429 0.978881 -0.000000
vn -0.204428 0.978882 0.000001
vn -0.204428 0.978882 0.000000
vn -0.204430 0.978881 -0.000002
vn -0.204428 0.978882 0.000001
vn -0.204429 0.978881 -0.000001
vn -0.204426 0.978882 0.000002
vn -0.204426 0.978882 -0.000002
vn -0.204429 0.978881 0.000001
vn -0.204428 0.978882 -0.000001
vn -0.204430 0.978881 0.000002
vn -0.204428 0.978882 -0.000000
vn -0.204428 0.978882 -0.000001
vn -0.204429 0.978881 0.000000
vn -0.204430 0.978881 0.000001
vn -0.204428 0.978882 -0.000001
vn -0.204428 0.978882 -0.000000
vn -0.204427 0.978882 -0.000001
vn -0.204430 0.978881 0.000002
vn -0.204427 0.978882 -0.000002
vn -0.204429 0.978881 0.000001
vn -0.204428 0.978882 -0.000001
vn -0.204428 0.978882 0.000000
vn -0.204430 0.978881 0.000002
vn -0.204428 0.978882 -0.000001
vn -0.204428 0.978881 -0.000000
vn -0.204429 0.978881 0.000000
vn -0.204429 0.978881 0.000000
vn -0.204428 0.978882 -0.000001
vn -0.204429 0.978881 -0.000000
vn -0.204429 0.978881 0.000001
vn -0.204428 0.978882 -0.000000
vn -0.204428 0.978882 -0.000001
vn -0.204429 0.978881 0.000000
vn -0.204430 0.978881 0.000001
vn -0.204428 0.978882 -0.000001
vn -0.204429 0.978881 0.000001
vn -0.204428 0.978882 -0.000000
vn -0.204428 0.978882 -0.000001
vn -0.204431 0.978881 0.000002
vn -0.204428 0.978882 -0.000001
vn -0.204428 0.978882 -0.000001
vn -0.204425 0.978882 -0.000004
vn -0.204428 0.978882 -0.000001
vn -0.204430 0.978881 0.000001
vn -0.204431 0.978881 0.000002
vn -0.204427 0.978882 -0.000002
vn -0.204428 0.978882 -0.000000
vn -0.204421 0.978883 0.000001
vn -0.204421 0.978883 0.000113
vn -0.204424 0.978882 0.000043
vn -0.204391 0.978889 0.000270
vn -0.204428 0.978882 0.000000
vn -0.204427 0.978882 0.000001
vn -0.204429 0.978881 -0.000010
vn -0.204438 0.978880 -0.000009
vn -0.204467 0.978873 -0.000009
vn -0.204128 0.978944 0.000078
vn -0.204422 0.978883 0.000019
vn -0.204451 0.978877 -0.000006
vn -0.204441 0.978879 -0.000002
vn -0.204444 0.978878 -0.000055
vn -0.204421 0.978883 0.000003
vn -0.204441 0.978879 -0.000007
vn -0.204282 0.978912 0.000087
vn -0.204418 0.978884 0.000004
vn -0.204578 0.978850 -0.000259
vn -0.204435 0.978880 -0.000016
vn -0.204465 0.978874 -0.000070
vn -0.204418 0.978884 0.000019
vn -0.204415 0.978884 0.000011
vn -0.204433 0.978881 -0.000002
vn -0.204427 0.978882 0.000001
vn -0.204423 0.978883 0.000009
vn -0.204434 0.978880 -0.000009
vn -0.204544 0.978857 -0.000105
vn -0.204338 0.978900 0.000105
vn -0.204431 0.978881 -0.000001
vn -0.204433 0.978881 -0.000002
vn 0.978882 0.204429 -0.000000
vn 0.978882 0.204429 0.000000
vn -0.978882 -0.204429 0.000000
vn -0.978882 -0.204429 0.000000
vn 0.973571 0.228383 0.000000
vn 0.973571 0.228383 0.000000
vn 0.961196 0.275865 0.000000
vn 0.961196 0.275865 0.000000
vn 0.946489 0.322737 0.000000
vn 0.946489 0.322737 0.000000
vn 0.929518 0.368776 0.000000
vn 0.929518 0.368776 0.000000
vn 0.910304 0.413941 0.000000
vn 0.910304 0.413941 0.000000
vn 0.888913 0.458077 0.000000
vn 0.888913 0.458077 0.000000
vn 0.865342 0.501182 0.000000
vn 0.865342 0.501182 0.000000
vn 0.839717 0.543024 0.000000
vn 0.839717 0.543024 0.000000
vn 0.812065 0.583566 0.000000
vn 0.812065 0.583566 0.000000
vn 0.782425 0.622745 0.000000
vn 0.782425 0.622745 0.000000
vn 0.750964 0.660343 0.000000
vn 0.750964 0.660343 0.000000
vn 0.717655 0.696399 0.000000
vn 0.717655 0.696399 0.000000
vn 0.682602 0.730790 0.000000
vn 0.682602 0.730790 0.000000
vn 0.645927 0.763400 0.000000
vn 0.645927 0.763400 0.000000
vn 0.607688 0.794176 0.000000
vn 0.607688 0.794176 0.000000
vn 0.567991 0.823035 0.000000
vn 0.567991 0.823035 0.000000
vn 0.526922 0.849914 0.000000
vn 0.526922 0.849914 0.000000
vn 0.484587 0.874743 0.000000
vn 0.441079 0.897469 0.000000
vn 0.484587 0.874743 0.000000
vn 0.441079 0.897469 0.000000
vn 0.396525 0.918024 0.000000
vn 0.396525 0.918024 0.000000
vn 0.350974 0.936385 0.000000
vn 0.304592 0.952483 0.000000
vn 0.350974 0.936385 0.000000
vn 0.304592 0.952483 0.000000
vn 0.257530 0.966270 0.000000
vn 0.257530 0.966270 0.000000
vn 0.209802 0.977744 0.000000
vn 0.209802 0.977744 0.000000
vn 0.161581 0.986859 0.000000
vn 0.161581 0.986859 0.000000
vn 0.112926 0.993603 0.000000
vn 0.112926 0.993603 0.000000
vn 0.064040 0.997947 0.000000
vn 0.064040 0.997947 0.000000
vn 0.015039 0.999887 0.000000
vn -0.034081 0.999419 0.000000
vn 0.015039 0.999887 0.000000
vn -0.083042 0.996546 0.000000
vn -0.034081 0.999419 0.000000
vn -0.083042 0.996546 0.000000
vn -0.131889 0.991265 0.000000
vn -0.131889 0.991265 0.000000
vn -0.180352 0.983602 0.000000
vn -0.180352 0.983602 0.000000
vn 0.205101 -0.978741 -0.000674
vn 0.204689 -0.978827 -0.000232
vn 0.204438 -0.978880 -0.000028
vn 0.204003 -0.978970 0.000343
vn 0.204521 -0.978862 -0.000131
vn 0.204347 -0.978899 0.000097
vn 0.204175 -0.978934 0.000446
vn 0.204297 -0.978909 0.000068
vn 0.204602 -0.978845 -0.000099
vn 0.204302 -0.978908 0.000257
vn 0.204459 -0.978875 -0.000021
vn 0.204370 -0.978894 0.000025
vn 0.204728 -0.978819 -0.000126
vn 0.204379 -0.978892 0.000098
vn 0.204435 -0.978880 -0.000031
vn 0.203722 -0.979029 0.000232
vn 0.204422 -0.978883 0.000019
vn 0.204355 -0.978897 0.000369
vn 0.204426 -0.978882 0.000003
vn 0.204427 -0.978882 0.000001
vn 0.204425 -0.978882 0.000010
vn 0.204420 -0.978883 0.000035
vn 0.204416 -0.978884 0.000006
vn 0.204209 -0.978927 0.000028
vn 0.204224 -0.978924 0.000026
vn 0.204250 -0.978919 0.000024
vn 0.203853 -0.979001 0.000044
vn 0.204498 -0.978867 -0.000009
vn 0.204427 -0.978882 0.000002
vn 0.204407 -0.978886 0.000694
vn 0.204441 -0.978879 -0.000011
vn 0.204445 -0.978878 0.000019
vn 0.204429 -0.978881 0.000000
vn 0.204424 -0.978883 -0.000006
vn 0.204424 -0.978882 -0.000006
vn 0.204413 -0.978885 -0.000012
vn 0.204428 -0.978882 -0.000004
vn 0.204432 -0.978881 0.000002
vn 0.204441 -0.978879 0.000012
vn 0.204442 -0.978879 0.000010
vn 0.204413 -0.978885 -0.000017
vn 0.204425 -0.978882 -0.000003
vn 0.204425 -0.978882 -0.000004
vn 0.204431 -0.978881 0.000002
vn 0.204446 -0.978878 0.000018
vn 0.204419 -0.978883 -0.000008
vn 0.204415 -0.978884 -0.000014
vn 0.204416 -0.978884 -0.000010
vn 0.204453 -0.978876 0.000027
vn 0.204454 -0.978876 0.000021
vn 0.204407 -0.978886 -0.000023
vn 0.204428 -0.978882 -0.000000
vn 0.204449 -0.978877 0.000019
vn 0.204423 -0.978883 -0.000005
vn 0.204430 -0.978881 0.000000
vn 0.204442 -0.978879 0.000012
vn 0.204431 -0.978881 0.000002
vn 0.204416 -0.978884 -0.000011
vn 0.204410 -0.978885 -0.000017
vn 0.204420 -0.978883 -0.000008
vn 0.204404 -0.978887 -0.000022
vn 0.204425 -0.978882 -0.000003
vn 0.204428 -0.978882 0.000000
vn 0.204427 -0.978882 -0.000001
vn 0.204422 -0.978883 -0.000006
vn 0.204472 -0.978872 0.000039
vn 0.204415 -0.978884 -0.000012
vn 0.204384 -0.978891 -0.000040
vn 0.204484 -0.978870 0.000051
vn 0.204429 -0.978881 0.000000
vn 0.204431 -0.978881 -0.000002
vn 0.204430 -0.978881 -0.000002
vn 0.204411 -0.978885 0.000018
vn 0.204406 -0.978886 0.000022
vn 0.204430 -0.978881 -0.000001
vn 0.204451 -0.978877 -0.000019
vn 0.204432 -0.978881 0.000003
vn 0.204407 -0.978886 0.000023
vn 0.204397 -0.978888 -0.000029
vn 0.204453 -0.978876 -0.000027
vn 0.204414 -0.978885 0.000014
vn 0.204444 -0.978878 -0.000018
vn 0.204199 -0.978930 -0.000031
vn 0.204363 -0.978895 -0.000006
vn 0.204425 -0.978882 0.000004
vn 0.204233 -0.978922 -0.000022
vn 0.204134 -0.978943 -0.000037
vn 0.204413 -0.978885 0.000017
vn 0.204441 -0.978879 -0.000012
vn 0.204428 -0.978882 0.000004
vn 0.204400 -0.978887 -0.000003
vn 0.203951 -0.978981 -0.000167
vn 0.204456 -0.978876 0.000003
vn 0.204424 -0.978882 0.000006
vn 0.204445 -0.978878 -0.000019
vn 0.204423 -0.978883 0.000006
vn 0.204116 -0.978947 -0.000151
vn 0.204420 -0.978883 -0.000004
vn 0.204427 -0.978882 -0.000002
vn 0.204375 -0.978893 -0.000017
vn 0.204443 -0.978878 0.000004
vn 0.203640 -0.979046 -0.000604
vn 0.204407 -0.978886 -0.000009
vn 0.204242 -0.978920 -0.000162
vn 0.204452 -0.978877 0.000010
vn 0.203848 -0.979002 -0.000671
vn 0.204558 -0.978854 0.000186
vn 0.204420 -0.978883 -0.000006
vn 0.204301 -0.978908 -0.000257
vn 0.204419 -0.978883 -0.000005
vn 0.204334 -0.978901 -0.000189
vn 0.204435 -0.978880 0.000031
vn 0.204426 -0.978882 -0.000002
vn 0.204428 -0.978882 -0.000001
vn 0.204477 -0.978871 0.000183
vn 0.204441 -0.978879 0.000134
vn 0.204406 -0.978886 -0.000105
vn 0.204475 -0.978872 0.000247
vn 0.204429 -0.978881 -0.000000
vn 0.204397 -0.978888 0.000029
vn 0.204432 -0.978881 -0.000003
vn 0.204484 -0.978870 -0.000051
vn 0.204384 -0.978891 0.000040
vn 0.204415 -0.978884 0.000012
vn 0.204472 -0.978872 -0.000039
vn 0.204422 -0.978883 0.000006
vn 0.204427 -0.978882 0.000001
vn 0.204425 -0.978882 0.000003
vn 0.204420 -0.978883 0.000008
vn 0.204431 -0.978881 0.000002
vn 0.204416 -0.978884 0.000011
vn 0.204442 -0.978879 -0.000012
vn 0.204423 -0.978883 0.000005
vn 0.204428 -0.978882 0.000000
vn 0.204454 -0.978876 -0.000021
vn 0.204422 -0.978883 -0.000064
vn 0.204416 -0.978884 0.000010
vn 0.204419 -0.978883 0.000008
vn 0.204431 -0.978881 -0.000002
vn 0.204425 -0.978882 0.000003
vn 0.204442 -0.978879 -0.000010
vn 0.204432 -0.978881 -0.000002
vn 0.204413 -0.978885 0.000012
vn 0.204420 -0.978883 0.000019
vn 0.204449 -0.978877 -0.000044
vn 0.204404 -0.978887 0.000052
vn 0.204451 -0.978877 -0.000048
vn 0.204414 -0.978885 0.000032
vn 0.204430 -0.978881 -0.000004
vn 0.204441 -0.978879 -0.000027
vn 0.204425 -0.978882 0.000007
vn 0.204418 -0.978884 0.000021
vn 0.204425 -0.978882 0.000007
vn 0.204427 -0.978882 0.000003
vn 0.204435 -0.978880 -0.000012
vn 0.204441 -0.978879 -0.000025
vn 0.204426 -0.978882 0.000005
vn 0.204415 -0.978884 0.000026
vn 0.204443 -0.978878 -0.000028
vn 0.204422 -0.978883 0.000012
vn 0.204437 -0.978880 -0.000016
vn 0.204418 -0.978884 0.000020
vn 0.204430 -0.978881 -0.000002
vn 0.204429 -0.978881 0.000000
vn 0.204430 -0.978881 -0.000002
vn 0.204419 -0.978884 0.000019
vn 0.204440 -0.978879 -0.000020
vn 0.204430 -0.978881 -0.000003
vn 0.204429 -0.978881 -0.000000
vn 0.204429 -0.978881 0.000000
vn 0.204430 -0.978881 0.000003
vn 0.204440 -0.978879 0.000020
vn 0.204419 -0.978884 -0.000019
vn 0.204430 -0.978881 0.000002
vn 0.204430 -0.978881 0.000002
vn 0.204418 -0.978884 -0.000020
vn 0.204437 -0.978880 0.000016
vn 0.204422 -0.978883 -0.000012
vn 0.204443 -0.978878 0.000028
vn 0.204415 -0.978884 -0.000026
vn 0.204426 -0.978882 -0.000005
vn 0.204441 -0.978879 0.000025
vn 0.204435 -0.978880 0.000012
vn 0.204427 -0.978882 -0.000003
vn 0.204425 -0.978882 -0.000007
vn 0.204418 -0.978884 -0.000021
vn 0.204425 -0.978882 -0.000007
vn 0.204441 -0.978879 0.000027
vn 0.204430 -0.978881 0.000004
vn 0.204414 -0.978885 -0.000032
vn 0.204451 -0.978877 0.000048
vn 0.204404 -0.978887 -0.000052
vn 0.204449 -0.978877 0.000044
vn 0.204420 -0.978883 -0.000019
vn -0.204426 0.978882 -0.000005
vn -0.204425 0.978882 -0.000007
vn -0.204426 0.978882 -0.000005
vn -0.204432 0.978881 0.000008
vn -0.204429 0.978881 0.000000
vn -0.204428 0.978882 -0.000001
vn -0.204435 0.978880 0.000013
vn -0.204426 0.978882 -0.000006
vn -0.204426 0.978882 -0.000004
vn -0.204427 0.978882 -0.000003
vn -0.204428 0.978882 0.000000
vn -0.204428 0.978881 -0.000000
vn -0.204428 0.978882 0.000000
vn -0.204438 0.978879 0.000024
vn -0.204429 0.978881 0.000000
vn -0.204419 0.978884 -0.000024
vn -0.204433 0.978881 0.000009
vn -0.204432 0.978881 0.000008
vn -0.204428 0.978882 0.000000
vn -0.204425 0.978882 -0.000005
vn -0.204432 0.978881 0.000007
vn -0.204416 0.978884 -0.000023
vn -0.204432 0.978881 0.000005
vn -0.204428 0.978882 0.000000
vn -0.204425 0.978882 0.000004
vn -0.204445 0.978878 -0.000018
vn -0.204410 0.978885 0.000020
vn -0.204454 0.978876 -0.000028
vn -0.204419 0.978884 0.000011
vn -0.204426 0.978882 0.000002
vn -0.204428 0.978882 -0.000000
vn -0.204428 0.978881 0.000000
vn -0.204430 0.978881 0.000003
vn -0.204423 0.978883 0.000006
vn -0.204430 0.978881 -0.000003
vn -0.204425 0.978882 0.000003
vn -0.204428 0.978882 0.000000
vn -0.204505 0.978865 0.000663
vn -0.204442 0.978879 -0.000014
vn -0.204472 0.978872 0.000323
vn -0.204432 0.978881 -0.000005
vn -0.204429 0.978881 -0.000036
vn -0.204416 0.978884 0.000012
vn -0.204416 0.978884 0.000023
vn -0.204422 0.978883 -0.000063
vn -0.204442 0.978879 0.000052
vn -0.204423 0.978883 0.000005
vn -0.204431 0.978881 -0.000007
vn -0.204451 0.978877 0.000071
vn -0.204434 0.978880 0.000023
vn -0.204443 0.978878 -0.000014
vn -0.204426 0.978882 0.000005
vn -0.204428 0.978882 -0.000000
vn -0.204285 0.978912 -0.000294
vn -0.204437 0.978880 0.000034
vn -0.204428 0.978882 0.000000
vn -0.204432 0.978881 -0.000003
vn -0.204433 0.978881 -0.000009
vn -0.204415 0.978884 0.000011
vn -0.204727 0.978819 0.000472
vn -0.204211 0.978927 -0.000317
vn -0.204428 0.978882 0.000000
vn -0.204443 0.978879 -0.000012
vn -0.204505 0.978866 0.000114
vn -0.204428 0.978882 0.000000
vn -0.204424 0.978883 -0.000019
vn -0.204316 0.978905 -0.000174
vn -0.204428 0.978882 -0.000000
vn -0.204438 0.978880 0.000019
vn -0.204428 0.978882 0.000000
vn -0.204427 0.978882 0.000001
vn -0.204444 0.978878 0.000035
vn -0.204426 0.978882 0.000004
vn -0.204422 0.978883 0.000005
vn -0.204434 0.978880 -0.000013
vn -0.204428 0.978881 -0.000000
vn -0.204368 0.978894 -0.000052
vn -0.204874 0.978788 0.000332
vn -0.204429 0.978881 0.000000
vn -0.204433 0.978881 -0.000004
vn -0.204168 0.978936 -0.000152
vn -0.204426 0.978882 0.000005
vn -0.204431 0.978881 0.000004
vn -0.204483 0.978870 0.000040
vn -0.204453 0.978876 0.000023
vn -0.204426 0.978882 0.000005
vn -0.204420 0.978883 -0.000013
vn -0.204424 0.978882 0.000007
vn -0.203654 0.979043 -0.000296
vn -0.204418 0.978884 -0.000017
vn -0.204432 0.978881 -0.000007
vn -0.204428 0.978882 0.000002
vn -0.204290 0.978910 -0.000031
vn -0.203465 0.979082 -0.000199
vn -0.204431 0.978881 0.000001
vn -0.204428 0.978882 -0.000002
vn -0.204426 0.978882 0.000005
vn -0.204429 0.978881 -0.000001
vn -0.204429 0.978881 -0.000001
vn -0.204425 0.978882 0.000004
vn -0.204439 0.978879 -0.000011
vn -0.204430 0.978881 -0.000001
vn -0.204425 0.978882 0.000005
vn -0.204426 0.978882 0.000003
vn -0.204438 0.978880 0.000008
vn -0.204424 0.978882 0.000005
vn -0.204427 0.978882 0.000003
vn -0.204429 0.978881 -0.000000
vn -0.204429 0.978881 0.000000
vn -0.204428 0.978882 0.000001
vn -0.204437 0.978880 -0.000023
vn -0.204428 0.978882 0.000001
vn -0.204418 0.978884 0.000024
vn -0.204435 0.978880 -0.000007
vn -0.204433 0.978881 -0.000009
vn -0.204428 0.978882 0.000000
vn -0.204425 0.978882 0.000003
vn -0.204412 0.978885 0.000015
vn -0.204431 0.978881 -0.000002
vn -0.204434 0.978880 -0.000005
vn -0.204426 0.978882 0.000002
vn -0.204434 0.978880 -0.000005
vn -0.204429 0.978881 0.000000
vn -0.204424 0.978882 -0.000005
vn -0.204426 0.978882 -0.000003
vn -0.204425 0.978882 -0.000005
vn -0.204430 0.978881 0.000001
vn -0.204439 0.978879 0.000011
vn -0.204425 0.978882 -0.000004
vn -0.204429 0.978881 0.000000
vn -0.204428 0.978882 -0.000001
vn -0.204428 0.978882 -0.000001
vn -0.204435 0.978880 0.000007
vn -0.204428 0.978881 -0.000000
vn -0.204425 0.978882 -0.000003
vn -0.204412 0.978885 -0.000015
vn -0.204431 0.978881 0.000002
vn -0.204434 0.978880 0.000005
vn -0.204426 0.978882 -0.000002
vn -0.204434 0.978880 0.000005
vn -0.204427 0.978882 -0.000002
vn -0.204419 0.978884 -0.000011
vn -0.204454 0.978876 0.000028
vn -0.204410 0.978885 -0.000020
vn -0.204445 0.978878 0.000018
vn -0.204425 0.978882 -0.000004
vn -0.204423 0.978883 -0.000006
vn -0.204425 0.978882 -0.000003
vn -0.204442 0.978879 0.000014
vn -0.204416 0.978884 -0.000012
vn -0.204423 0.978883 -0.000005
vn -0.204443 0.978878 0.000014
vn -0.204428 0.978882 0.000000
vn -0.204432 0.978881 0.000003
vn -0.204415 0.978884 -0.000011
vn -0.204443 0.978879 0.000012
vn -0.204428 0.978882 0.000000
vn -0.204427 0.978882 -0.000001
vn -0.204422 0.978883 -0.000005
vn -0.204428 0.978882 0.000000
vn -0.204429 0.978881 0.000001
vn -0.204433 0.978880 0.000004
vn -0.204428 0.978882 0.000000
vn -0.204418 0.978884 0.000240
vn -0.204505 0.978865 -0.000663
vn -0.204942 0.978774 -0.000063
vn -0.204613 0.978843 -0.000013
vn -0.204607 0.978844 -0.000012
vn -0.204440 0.978879 -0.000067
vn -0.204351 0.978898 0.000389
vn -0.204295 0.978909 0.000019
vn -0.204695 0.978826 -0.000083
vn -0.204422 0.978883 0.000019
vn -0.204436 0.978880 -0.000038
vn -0.204453 0.978876 -0.000087
vn -0.204506 0.978865 -0.000217
vn -0.204747 0.978815 -0.000135
vn -0.204321 0.978904 0.000045
vn -0.204102 0.978950 0.000145
vn -0.204145 0.978940 0.000576
vn -0.204662 0.978833 -0.000411
vn -0.204424 0.978882 0.000018
vn -0.204429 0.978881 0.000000
vn -0.204168 0.978936 0.000152
vn -0.204429 0.978881 0.000000
vn -0.204433 0.978881 -0.000002
vn -0.204362 0.978895 0.000035
vn -0.204396 0.978888 0.000012
vn -0.204481 0.978871 -0.000018
vn -0.204424 0.978882 0.000003
vn -0.204266 0.978915 0.000199
vn -0.204881 0.978787 -0.000495
vn -0.204437 0.978880 -0.000004
vn -0.204393 0.978889 0.000015
vn -0.024041 -0.005021 -0.999698
vn -0.024041 -0.005021 -0.999698
vn -0.072010 -0.015038 -0.997290
vn -0.072010 -0.015038 -0.997290
vn -0.119823 -0.025024 -0.992480
vn -0.119823 -0.025024 -0.992480
vn -0.167332 -0.034946 -0.985281
vn -0.167333 -0.034946 -0.985281
vn -0.214503 -0.044797 -0.975695
vn -0.214503 -0.044797 -0.975695
vn -0.261067 -0.054521 -0.963780
vn -0.261067 -0.054521 -0.963780
vn -0.307060 -0.064126 -0.949527
vn -0.307060 -0.064126 -0.949527
vn -0.352286 -0.073571 -0.932996
vn -0.352285 -0.073571 -0.932997
vn -0.396705 -0.082847 -0.914200
vn -0.396704 -0.082847 -0.914201
vn -0.440112 -0.091912 -0.893227
vn -0.440110 -0.091912 -0.893228
vn -0.482493 -0.100763 -0.870085
vn -0.482496 -0.100764 -0.870083
vn -0.523692 -0.109367 -0.844859
vn -0.523688 -0.109367 -0.844861
vn -0.563638 -0.117710 -0.817592
vn -0.563640 -0.117710 -0.817590
vn -0.602238 -0.125771 -0.788347
vn -0.602236 -0.125770 -0.788349
vn -0.639401 -0.133532 -0.757190
vn -0.639405 -0.133532 -0.757186
vn -0.674960 -0.140958 -0.724265
vn -0.674958 -0.140958 -0.724267
vn -0.708952 -0.148057 -0.689541
vn -0.708952 -0.148057 -0.689541
vn -0.741233 -0.154798 -0.653155
vn -0.771684 -0.161158 -0.615249
vn -0.741230 -0.154798 -0.653158
vn -0.771688 -0.161159 -0.615244
vn -0.800319 -0.167138 -0.575808
vn -0.800318 -0.167138 -0.575810
vn -0.827008 -0.172711 -0.535003
vn -0.827006 -0.172711 -0.535007
vn -0.851718 -0.177872 -0.492888
vn -0.874357 -0.182600 -0.449619
vn -0.851718 -0.177872 -0.492888
vn -0.874357 -0.182600 -0.449619
vn -0.894908 -0.186891 -0.405230
vn -0.913293 -0.190731 -0.359886
vn -0.894908 -0.186891 -0.405230
vn -0.929477 -0.194111 -0.313679
vn -0.913294 -0.190731 -0.359882
vn -0.929477 -0.194111 -0.313676
vn -0.943417 -0.197022 -0.266735
vn -0.943415 -0.197022 -0.266740
vn -0.955099 -0.199462 -0.219090
vn -0.955099 -0.199462 -0.219092
vn -0.964471 -0.201419 -0.170953
vn -0.971520 -0.202891 -0.122410
vn -0.964473 -0.201419 -0.170943
vn -0.971520 -0.202891 -0.122410
vn -0.976229 -0.203875 -0.073560
vn -0.976229 -0.203875 -0.073560
vn -0.978586 -0.204367 -0.024560
vn -0.978586 -0.204367 -0.024570
vn -0.024041 -0.005021 0.999698
vn -0.024041 -0.005021 0.999698
vn -0.072048 -0.015046 0.997288
vn -0.072048 -0.015046 0.997288
vn -0.119824 -0.025024 0.992480
vn -0.119823 -0.025024 0.992480
vn -0.167296 -0.034938 0.985288
vn -0.167296 -0.034938 0.985287
vn -0.214539 -0.044804 0.975687
vn -0.214539 -0.044804 0.975687
vn -0.261032 -0.054514 0.963790
vn -0.261032 -0.054514 0.963790
vn -0.307060 -0.064126 0.949527
vn -0.307060 -0.064126 0.949527
vn -0.352319 -0.073578 0.932983
vn -0.352318 -0.073578 0.932984
vn -0.396673 -0.082841 0.914214
vn -0.396672 -0.082841 0.914215
vn -0.440112 -0.091912 0.893227
vn -0.440110 -0.091912 0.893228
vn -0.482493 -0.100763 0.870085
vn -0.482496 -0.100764 0.870083
vn -0.523719 -0.109373 0.844841
vn -0.523715 -0.109372 0.844843
vn -0.563613 -0.117704 0.817610
vn -0.563615 -0.117705 0.817609
vn -0.602238 -0.125771 0.788347
vn -0.602236 -0.125770 0.788349
vn -0.639379 -0.133527 0.757209
vn -0.639383 -0.133528 0.757205
vn -0.675000 -0.140966 0.724226
vn -0.674998 -0.140966 0.724228
vn -0.708934 -0.148053 0.689560
vn -0.708934 -0.148053 0.689560
vn -0.741233 -0.154798 0.653155
vn -0.771684 -0.161158 0.615249
vn -0.741230 -0.154798 0.653158
vn -0.771688 -0.161159 0.615244
vn -0.800319 -0.167138 0.575807
vn -0.800318 -0.167138 0.575810
vn -0.827008 -0.172711 0.535003
vn -0.827006 -0.172711 0.535007
vn -0.851727 -0.177874 0.492871
vn -0.874349 -0.182598 0.449634
vn -0.851727 -0.177874 0.492871
vn -0.874349 -0.182598 0.449634
vn -0.894908 -0.186891 0.405230
vn -0.913298 -0.190732 0.359873
vn -0.894908 -0.186891 0.405230
vn -0.929473 -0.194110 0.313690
vn -0.913299 -0.190732 0.359869
vn -0.929474 -0.194110 0.313687
vn -0.943419 -0.197023 0.266725
vn -0.943418 -0.197023 0.266730
vn -0.955099 -0.199462 0.219090
vn -0.955099 -0.199462 0.219092
vn -0.964471 -0.201419 0.170954
vn -0.971520 -0.202891 0.122410
vn -0.964473 -0.201419 0.170943
vn -0.971520 -0.202891 0.122410
vn -0.976229 -0.203875 0.073560
vn -0.976229 -0.203875 0.073560
vn -0.978586 -0.204367 0.024561
vn -0.978586 -0.204367 0.024571
vn -0.978882 -0.204428 0.000000
vn -0.978882 -0.204428 0.000000
vn 0.978577 0.204366 -0.024944
vn 0.978577 0.204366 -0.024944
vn 0.976145 0.203858 -0.074715
vn 0.976145 0.203858 -0.074715
vn 0.971284 0.202843 -0.124344
vn 0.971284 0.202843 -0.124344
vn 0.964013 0.201322 -0.173634
vn 0.964010 0.201324 -0.173646
vn 0.954333 0.199303 -0.222546
vn 0.954336 0.199302 -0.222534
vn 0.942299 0.196788 -0.270825
vn 0.942296 0.196789 -0.270836
vn 0.927904 0.193783 -0.318500
vn 0.927908 0.193782 -0.318488
vn 0.911212 0.190297 -0.365349
vn 0.911212 0.190297 -0.365349
vn 0.892266 0.186339 -0.411266
vn 0.892261 0.186340 -0.411277
vn 0.871075 0.181915 -0.456218
vn 0.847734 0.177041 -0.500004
vn 0.871080 0.181915 -0.456208
vn 0.847734 0.177041 -0.500004
vn 0.822295 0.171728 -0.542531
vn 0.822301 0.171728 -0.542522
vn 0.794790 0.165982 -0.583745
vn 0.794790 0.165982 -0.583745
vn 0.765322 0.159828 -0.623488
vn 0.765316 0.159829 -0.623496
vn 0.733931 0.153274 -0.661704
vn 0.733931 0.153274 -0.661704
vn 0.700764 0.146348 -0.698220
vn 0.700771 0.146348 -0.698214
vn 0.665789 0.139042 -0.733070
vn 0.665789 0.139042 -0.733070
vn 0.629221 0.131405 -0.766038
vn 0.629221 0.131405 -0.766038
vn 0.591047 0.123433 -0.797137
vn 0.591047 0.123433 -0.797137
vn 0.551438 0.115161 -0.826229
vn 0.551432 0.115161 -0.826233
vn 0.510404 0.106593 -0.853303
vn 0.510404 0.106593 -0.853303
vn 0.468163 0.097771 -0.878217
vn 0.468168 0.097771 -0.878214
vn 0.424720 0.088698 -0.900969
vn 0.424725 0.088699 -0.900967
vn 0.380246 0.079411 -0.921470
vn 0.380246 0.079411 -0.921470
vn 0.334807 0.069920 -0.939689
vn 0.334803 0.069920 -0.939690
vn 0.288529 0.060256 -0.955573
vn 0.288532 0.060257 -0.955572
vn 0.241547 0.050445 -0.969077
vn 0.241547 0.050445 -0.969077
vn 0.193962 0.040507 -0.980172
vn 0.193960 0.040507 -0.980173
vn 0.145888 0.030467 -0.988832
vn 0.145890 0.030467 -0.988832
vn 0.097457 0.020353 -0.995032
vn 0.097457 0.020353 -0.995032
vn 0.048779 0.010187 -0.998758
vn 0.048778 0.010187 -0.998758
vn 0.000000 0.000000 -1.000000
vn 0.000000 0.000000 -1.000000
vn -0.048778 -0.010187 -0.998758
vn -0.048778 -0.010187 -0.998758
vn -0.097456 -0.020353 -0.995032
vn -0.097457 -0.020353 -0.995032
vn -0.145890 -0.030467 -0.988832
vn -0.193962 -0.040507 -0.980172
vn -0.145888 -0.030467 -0.988832
vn -0.193964 -0.040507 -0.980172
vn -0.241544 -0.050444 -0.969078
vn -0.241544 -0.050444 -0.969078
vn -0.288532 -0.060257 -0.955572
vn -0.288529 -0.060256 -0.955573
vn -0.334807 -0.069920 -0.939689
vn -0.334807 -0.069920 -0.939689
vn -0.380251 -0.079411 -0.921468
vn -0.380246 -0.079411 -0.921470
vn -0.424720 -0.088698 -0.900969
vn -0.424716 -0.088698 -0.900971
vn -0.468172 -0.097774 -0.878211
vn -0.468163 -0.097770 -0.878217
vn -0.510405 -0.106592 -0.853302
vn -0.510400 -0.106592 -0.853305
vn -0.551437 -0.115162 -0.826230
vn -0.551442 -0.115162 -0.826226
vn -0.591047 -0.123433 -0.797137
vn -0.591047 -0.123433 -0.797137
vn -0.629210 -0.131403 -0.766047
vn -0.629220 -0.131407 -0.766038
vn -0.665784 -0.139043 -0.733075
vn -0.665789 -0.139043 -0.733070
vn -0.700770 -0.146349 -0.698215
vn -0.700782 -0.146349 -0.698202
vn -0.733932 -0.153271 -0.661704
vn -0.733932 -0.153271 -0.661704
vn -0.765328 -0.159828 -0.623480
vn -0.765316 -0.159829 -0.623496
vn -0.794784 -0.165983 -0.583753
vn -0.794784 -0.165983 -0.583753
vn -0.822291 -0.171727 -0.542538
vn -0.822302 -0.171726 -0.542521
vn -0.847734 -0.177038 -0.500004
vn -0.847734 -0.177038 -0.500004
vn -0.871085 -0.181914 -0.456200
vn -0.871074 -0.181915 -0.456220
vn -0.892261 -0.186340 -0.411275
vn -0.892261 -0.186340 -0.411275
vn -0.911211 -0.190297 -0.365350
vn -0.911220 -0.190296 -0.365329
vn -0.927898 -0.193779 -0.318520
vn -0.942305 -0.196792 -0.270804
vn -0.927907 -0.193786 -0.318488
vn -0.942297 -0.196785 -0.270836
vn -0.954333 -0.199303 -0.222546
vn -0.954339 -0.199300 -0.222522
vn -0.964013 -0.201321 -0.173634
vn -0.964008 -0.201323 -0.173658
vn -0.971285 -0.202839 -0.124344
vn -0.971285 -0.202839 -0.124344
vn -0.976145 -0.203854 -0.074725
vn -0.976143 -0.203858 -0.074750
vn -0.978577 -0.204366 -0.024932
vn -0.978577 -0.204366 -0.024932
vn -0.978577 -0.204366 0.024933
vn -0.978577 -0.204366 0.024933
vn -0.976144 -0.203858 0.074725
vn -0.976143 -0.203854 0.074750
vn -0.971285 -0.202839 0.124344
vn -0.971285 -0.202839 0.124344
vn -0.964009 -0.201320 0.173658
vn -0.964012 -0.201324 0.173634
vn -0.954341 -0.199305 0.222511
vn -0.954336 -0.199300 0.222534
vn -0.942293 -0.196785 0.270850
vn -0.942301 -0.196792 0.270817
vn -0.927907 -0.193786 0.318488
vn -0.927898 -0.193779 0.318520
vn -0.911212 -0.190294 0.365350
vn -0.911220 -0.190299 0.365329
vn -0.892270 -0.186342 0.411256
vn -0.892270 -0.186342 0.411256
vn -0.871084 -0.181917 0.456200
vn -0.871075 -0.181912 0.456220
vn -0.847722 -0.177035 0.500026
vn -0.847722 -0.177035 0.500026
vn -0.822302 -0.171729 0.542521
vn -0.822291 -0.171724 0.542538
vn -0.794784 -0.165983 0.583753
vn -0.794784 -0.165983 0.583753
vn -0.765316 -0.159826 0.623495
vn -0.765328 -0.159831 0.623480
vn -0.733932 -0.153271 0.661704
vn -0.733932 -0.153271 0.661704
vn -0.700782 -0.146351 0.698202
vn -0.700770 -0.146346 0.698215
vn -0.665816 -0.139050 0.733045
vn -0.665811 -0.139048 0.733050
vn -0.629180 -0.131397 0.766072
vn -0.591079 -0.123440 0.797112
vn -0.629191 -0.131401 0.766063
vn -0.591079 -0.123440 0.797112
vn -0.551408 -0.115156 0.826249
vn -0.551403 -0.115154 0.826253
vn -0.510436 -0.106599 0.853283
vn -0.510442 -0.106601 0.853279
vn -0.468134 -0.097766 0.878233
vn -0.468124 -0.097762 0.878238
vn -0.424716 -0.088698 0.900971
vn -0.424720 -0.088699 0.900969
vn -0.380246 -0.079410 0.921470
vn -0.380250 -0.079411 0.921468
vn -0.334807 -0.069920 0.939689
vn -0.334806 -0.069920 0.939689
vn -0.288529 -0.060256 0.955573
vn -0.288532 -0.060257 0.955572
vn -0.241544 -0.050444 0.969078
vn -0.241544 -0.050444 0.969078
vn -0.193964 -0.040507 0.980172
vn -0.193962 -0.040507 0.980172
vn -0.145890 -0.030468 0.988832
vn -0.145888 -0.030467 0.988832
vn -0.097456 -0.020352 0.995032
vn -0.097457 -0.020353 0.995032
vn -0.048778 -0.010187 0.998758
vn -0.048778 -0.010187 0.998758
vn 0.000000 0.000000 1.000000
vn 0.000000 0.000000 1.000000
vn 0.048779 0.010187 0.998758
vn 0.048778 0.010187 0.998758
vn 0.097457 0.020353 0.995032
vn 0.097457 0.020353 0.995032
vn 0.145888 0.030467 0.988832
vn 0.145890 0.030468 0.988832
vn 0.193962 0.040507 0.980172
vn 0.193960 0.040506 0.980173
vn 0.241547 0.050445 0.969077
vn 0.241547 0.050445 0.969077
vn 0.288529 0.060256 0.955573
vn 0.288532 0.060257 0.955572
vn 0.334807 0.069921 0.939689
vn 0.334803 0.069920 0.939690
vn 0.380246 0.079411 0.921470
vn 0.380246 0.079411 0.921470
vn 0.424720 0.088698 0.900969
vn 0.424725 0.088699 0.900967
vn 0.468129 0.097764 0.878235
vn 0.468124 0.097762 0.878238
vn 0.510441 0.106600 0.853280
vn 0.510441 0.106600 0.853280
vn 0.551398 0.115153 0.826257
vn 0.551403 0.115155 0.826253
vn 0.591079 0.123440 0.797112
vn 0.591079 0.123440 0.797112
vn 0.629191 0.131399 0.766063
vn 0.629191 0.131399 0.766063
vn 0.665816 0.139048 0.733045
vn 0.665816 0.139048 0.733045
vn 0.700770 0.146349 0.698214
vn 0.700765 0.146346 0.698220
vn 0.733931 0.153274 0.661704
vn 0.733931 0.153274 0.661704
vn 0.765322 0.159830 0.623488
vn 0.765316 0.159827 0.623495
vn 0.794790 0.165982 0.583745
vn 0.794790 0.165982 0.583745
vn 0.822296 0.171727 0.542531
vn 0.822301 0.171729 0.542522
vn 0.847721 0.177038 0.500026
vn 0.847721 0.177038 0.500026
vn 0.871080 0.181916 0.456208
vn 0.871076 0.181914 0.456218
vn 0.892269 0.186340 0.411258
vn 0.892274 0.186342 0.411247
vn 0.911212 0.190297 0.365349
vn 0.911212 0.190297 0.365349
vn 0.927908 0.193784 0.318488
vn 0.927904 0.193782 0.318500
vn 0.942293 0.196787 0.270850
vn 0.942295 0.196789 0.270838
vn 0.954338 0.199304 0.222523
vn 0.954336 0.199302 0.222534
vn 0.964011 0.201322 0.173646
vn 0.964012 0.201324 0.173634
vn 0.971284 0.202843 0.124344
vn 0.971284 0.202843 0.124344
vn 0.976145 0.203858 0.074715
vn 0.976145 0.203858 0.074715
vn 0.978577 0.204366 0.024945
vn 0.978577 0.204366 0.024945
vn 0.978577 0.204365 -0.024926
vn 0.978577 0.204365 -0.024926
vn 0.976144 0.203857 -0.074737
vn 0.976144 0.203857 -0.074737
vn 0.971284 0.202842 -0.124349
vn 0.971284 0.202842 -0.124349
vn 0.964011 0.201323 -0.173644
vn 0.954340 0.199304 -0.222517
vn 0.964012 0.201323 -0.173638
vn 0.942293 0.196788 -0.270849
vn 0.954340 0.199304 -0.222517
vn 0.942294 0.196789 -0.270844
vn 0.927911 0.193785 -0.318480
vn 0.927911 0.193785 -0.318480
vn 0.911218 0.190297 -0.365334
vn 0.892250 0.186336 -0.411302
vn 0.911214 0.190298 -0.365344
vn 0.892250 0.186336 -0.411302
vn 0.871085 0.181916 -0.456199
vn 0.871085 0.181916 -0.456199
vn 0.847741 0.177041 -0.499992
vn 0.847738 0.177041 -0.499996
vn 0.822277 0.171724 -0.542560
vn 0.822280 0.171724 -0.542555
vn 0.794787 0.165982 -0.583749
vn 0.794787 0.165982 -0.583749
vn 0.765328 0.159830 -0.623480
vn 0.765325 0.159830 -0.623484
vn 0.733949 0.153277 -0.661684
vn 0.733945 0.153277 -0.661688
vn 0.700752 0.146344 -0.698234
vn 0.700752 0.146344 -0.698234
vn 0.665802 0.139046 -0.733058
vn 0.665806 0.139046 -0.733055
vn 0.629224 0.131406 -0.766035
vn 0.629221 0.131406 -0.766037
vn 0.591035 0.123431 -0.797146
vn 0.591038 0.123432 -0.797144
vn 0.551435 0.115161 -0.826231
vn 0.510413 0.106594 -0.853298
vn 0.551434 0.115161 -0.826231
vn 0.510413 0.106594 -0.853298
vn 0.468160 0.097770 -0.878218
vn 0.424729 0.088700 -0.900965
vn 0.468160 0.097770 -0.878218
vn 0.424728 0.088700 -0.900966
vn 0.380219 0.079405 -0.921482
vn 0.334808 0.069921 -0.939688
vn 0.380223 0.079405 -0.921480
vn 0.334805 0.069920 -0.939690
vn 0.288527 0.060256 -0.955574
vn 0.288529 0.060256 -0.955573
vn 0.241546 0.050444 -0.969077
vn 0.193967 0.040508 -0.980171
vn 0.241546 0.050444 -0.969077
vn 0.145887 0.030467 -0.988832
vn 0.193966 0.040508 -0.980172
vn 0.145888 0.030467 -0.988832
vn 0.097457 0.020353 -0.995032
vn 0.048804 0.010192 -0.998756
vn 0.097456 0.020353 -0.995032
vn 0.048804 0.010192 -0.998756
vn 0.000000 0.000000 -1.000000
vn -0.048804 -0.010192 -0.998756
vn 0.000000 0.000000 -1.000000
vn -0.048804 -0.010192 -0.998756
vn -0.097456 -0.020353 -0.995032
vn -0.145887 -0.030467 -0.988832
vn -0.097456 -0.020353 -0.995032
vn -0.145887 -0.030467 -0.988832
vn -0.193966 -0.040508 -0.980172
vn -0.193966 -0.040508 -0.980172
vn -0.241547 -0.050444 -0.969077
vn -0.241547 -0.050444 -0.969077
vn -0.288527 -0.060256 -0.955574
vn -0.288527 -0.060256 -0.955574
vn -0.334807 -0.069921 -0.939689
vn -0.334807 -0.069921 -0.939689
vn -0.380221 -0.079405 -0.921481
vn -0.380221 -0.079405 -0.921481
vn -0.424728 -0.088700 -0.900966
vn -0.424730 -0.088700 -0.900964
vn -0.468160 -0.097770 -0.878218
vn -0.468163 -0.097770 -0.878217
vn -0.510410 -0.106593 -0.853299
vn -0.510410 -0.106593 -0.853299
vn -0.551440 -0.115162 -0.826227
vn -0.551434 -0.115161 -0.826231
vn -0.591035 -0.123432 -0.797146
vn -0.591041 -0.123432 -0.797141
vn -0.629224 -0.131406 -0.766035
vn -0.629218 -0.131406 -0.766040
vn -0.665802 -0.139046 -0.733058
vn -0.665809 -0.139047 -0.733052
vn -0.700749 -0.146343 -0.698237
vn -0.700749 -0.146343 -0.698237
vn -0.733949 -0.153277 -0.661684
vn -0.733949 -0.153277 -0.661684
vn -0.765328 -0.159830 -0.623480
vn -0.765328 -0.159830 -0.623480
vn -0.794784 -0.165982 -0.583753
vn -0.794784 -0.165982 -0.583753
vn -0.822280 -0.171724 -0.542555
vn -0.822280 -0.171724 -0.542555
vn -0.847738 -0.177041 -0.499996
vn -0.847738 -0.177041 -0.499996
vn -0.871087 -0.181917 -0.456194
vn -0.871087 -0.181917 -0.456194
vn -0.892250 -0.186336 -0.411302
vn -0.892250 -0.186336 -0.411302
vn -0.911214 -0.190297 -0.365344
vn -0.911214 -0.190297 -0.365344
vn -0.927909 -0.193784 -0.318485
vn -0.927913 -0.193784 -0.318474
vn -0.942296 -0.196788 -0.270838
vn -0.942292 -0.196788 -0.270850
vn -0.954340 -0.199303 -0.222516
vn -0.954340 -0.199303 -0.222516
vn -0.964010 -0.201323 -0.173650
vn -0.964011 -0.201323 -0.173645
vn -0.971285 -0.202842 -0.124344
vn -0.971284 -0.202842 -0.124349
vn -0.976144 -0.203857 -0.074730
vn -0.976144 -0.203857 -0.074730
vn -0.978577 -0.204365 -0.024932
vn -0.978577 -0.204365 -0.024932
vn -0.978577 -0.204365 0.024933
vn -0.978577 -0.204365 0.024933
vn -0.976144 -0.203857 0.074730
vn -0.976144 -0.203857 0.074730
vn -0.971284 -0.202842 0.124349
vn -0.971285 -0.202842 0.124344
vn -0.964011 -0.201323 0.173645
vn -0.964010 -0.201322 0.173650
vn -0.954341 -0.199303 0.222511
vn -0.954341 -0.199303 0.222511
vn -0.942293 -0.196787 0.270850
vn -0.942295 -0.196789 0.270838
vn -0.927910 -0.193785 0.318482
vn -0.927907 -0.193783 0.318493
vn -0.911214 -0.190297 0.365344
vn -0.911214 -0.190297 0.365344
vn -0.892254 -0.186337 0.411292
vn -0.892254 -0.186337 0.411292
vn -0.871082 -0.181916 0.456204
vn -0.871082 -0.181916 0.456204
vn -0.847738 -0.177041 0.499996
vn -0.847738 -0.177041 0.499996
vn -0.822288 -0.171725 0.542544
vn -0.822288 -0.171725 0.542544
vn -0.794784 -0.165982 0.583753
vn -0.794784 -0.165982 0.583753
vn -0.765318 -0.159828 0.623493
vn -0.765318 -0.159828 0.623493
vn -0.733949 -0.153277 0.661684
vn -0.733949 -0.153277 0.661684
vn -0.700749 -0.146343 0.698237
vn -0.700749 -0.146343 0.698237
vn -0.665816 -0.139048 0.733045
vn -0.665822 -0.139050 0.733039
vn -0.629209 -0.131404 0.766047
vn -0.629203 -0.131402 0.766053
vn -0.591051 -0.123434 0.797134
vn -0.591057 -0.123436 0.797129
vn -0.551417 -0.115157 0.826243
vn -0.551423 -0.115159 0.826239
vn -0.510428 -0.106597 0.853288
vn -0.510428 -0.106597 0.853288
vn -0.468144 -0.097767 0.878227
vn -0.468141 -0.097766 0.878229
vn -0.424728 -0.088700 0.900966
vn -0.424730 -0.088700 0.900964
vn -0.380242 -0.079409 0.921472
vn -0.380242 -0.079409 0.921472
vn -0.334785 -0.069916 0.939697
vn -0.334785 -0.069916 0.939697
vn -0.288527 -0.060256 0.955574
vn -0.288527 -0.060256 0.955574
vn -0.241547 -0.050444 0.969077
vn -0.241547 -0.050444 0.969077
vn -0.193966 -0.040508 0.980172
vn -0.193966 -0.040508 0.980172
vn -0.145887 -0.030467 0.988832
vn -0.145887 -0.030467 0.988832
vn -0.097481 -0.020358 0.995029
vn -0.097481 -0.020358 0.995029
vn -0.048779 -0.010187 0.998758
vn -0.048779 -0.010187 0.998758
vn 0.000000 0.000000 1.000000
vn 0.000000 0.000000 1.000000
vn 0.048779 0.010187 0.998758
vn 0.048779 0.010187 0.998758
vn 0.097481 0.020358 0.995029
vn 0.097482 0.020358 0.995029
vn 0.145888 0.030467 0.988832
vn 0.145887 0.030467 0.988832
vn 0.241546 0.050444 0.969077
vn 0.193966 0.040508 0.980172
vn 0.193967 0.040508 0.980171
vn 0.241546 0.050444 0.969077
vn 0.288527 0.060256 0.955574
vn 0.288529 0.060256 0.955573
vn 0.334786 0.069917 0.939697
vn 0.334783 0.069916 0.939698
vn 0.380240 0.079409 0.921473
vn 0.424729 0.088700 0.900965
vn 0.380244 0.079410 0.921471
vn 0.424727 0.088700 0.900966
vn 0.468141 0.097766 0.878229
vn 0.468141 0.097766 0.878229
vn 0.510431 0.106598 0.853286
vn 0.510431 0.106598 0.853286
vn 0.551418 0.115158 0.826243
vn 0.591051 0.123435 0.797134
vn 0.551417 0.115158 0.826243
vn 0.591054 0.123435 0.797131
vn 0.629209 0.131404 0.766047
vn 0.665816 0.139049 0.733045
vn 0.629206 0.131403 0.766050
vn 0.665819 0.139049 0.733042
vn 0.700752 0.146344 0.698234
vn 0.700752 0.146344 0.698234
vn 0.733945 0.153276 0.661688
vn 0.733948 0.153277 0.661684
vn 0.765318 0.159828 0.623493
vn 0.765315 0.159827 0.623496
vn 0.794787 0.165982 0.583749
vn 0.794787 0.165982 0.583749
vn 0.822285 0.171725 0.542548
vn 0.822287 0.171726 0.542544
vn 0.847738 0.177041 0.499996
vn 0.847741 0.177042 0.499992
vn 0.871080 0.181915 0.456209
vn 0.871080 0.181915 0.456209
vn 0.892254 0.186337 0.411292
vn 0.892254 0.186337 0.411292
vn 0.911218 0.190299 0.365334
vn 0.911214 0.190297 0.365344
vn 0.927908 0.193784 0.318487
vn 0.927908 0.193784 0.318487
vn 0.942293 0.196788 0.270849
vn 0.942294 0.196789 0.270844
vn 0.954341 0.199304 0.222512
vn 0.954341 0.199304 0.222512
vn 0.964011 0.201323 0.173644
vn 0.964012 0.201324 0.173638
vn 0.971284 0.202842 0.124349
vn 0.971284 0.202842 0.124349
vn 0.976144 0.203857 0.074737
vn 0.976144 0.203857 0.074737
vn 0.978577 0.204365 0.024927
vn 0.978577 0.204365 0.024927
vn -0.204409 0.978886 0.000018
vn -0.204425 0.978882 0.000003
vn -0.204457 0.978876 -0.000030
vn -0.204426 0.978882 0.000004
vn -0.204423 0.978883 0.000005
vn -0.204425 0.978882 0.000004
vn -0.204415 0.978884 0.000014
vn -0.204432 0.978881 -0.000003
vn -0.204429 0.978881 -0.000001
vn -0.204429 0.978881 -0.000001
vn -0.204430 0.978881 -0.000001
vn -0.204432 0.978881 -0.000002
vn -0.204436 0.978880 -0.000011
vn -0.204436 0.978880 -0.000011
vn -0.204402 0.978887 0.000019
vn -0.204421 0.978883 0.000004
vn -0.204442 0.978879 -0.000019
vn -0.204425 0.978882 0.000003
vn -0.204427 0.978882 0.000003
vn -0.204467 0.978873 -0.000026
vn -0.204424 0.978882 0.000005
vn -0.204427 0.978882 0.000000
vn -0.204430 0.978881 0.000001
vn -0.204430 0.978881 0.000001
vn -0.204416 0.978884 0.000021
vn -0.204428 0.978881 0.000001
vn -0.204429 0.978881 -0.000000
vn -0.204444 0.978878 -0.000008
vn -0.204419 0.978884 0.000007
vn -0.204439 0.978879 -0.000030
vn -0.204417 0.978884 0.000005
vn -0.204412 0.978885 0.000007
vn -0.204420 0.978883 0.000017
vn -0.204432 0.978881 -0.000008
vn -0.204410 0.978885 0.000008
vn -0.204434 0.978880 -0.000003
vn -0.204430 0.978881 0.000002
vn -0.204420 0.978883 0.000025
vn -0.204428 0.978881 -0.000001
vn -0.204427 0.978882 -0.000000
vn -0.204437 0.978880 -0.000021
vn -0.204428 0.978882 0.000002
vn -0.204469 0.978873 -0.000012
vn -0.204422 0.978883 0.000003
vn -0.204431 0.978881 -0.000007
vn -0.204431 0.978881 -0.000007
vn -0.204397 0.978888 0.000009
vn -0.204447 0.978877 -0.000005
vn -0.204429 0.978881 0.000001
vn -0.204429 0.978881 0.000003
vn -0.204465 0.978874 -0.000008
vn -0.204413 0.978885 0.000004
vn -0.204426 0.978882 0.000020
vn -0.204426 0.978882 0.000020
vn -0.204443 0.978878 -0.000001
vn -0.204419 0.978883 0.000003
vn -0.204431 0.978881 -0.000026
vn -0.204427 0.978882 0.000001
vn -0.204422 0.978883 0.000000
vn -0.204426 0.978882 -0.000000
vn -0.204427 0.978882 -0.000004
vn -0.204427 0.978882 0.000004
vn -0.204427 0.978882 -0.000004
vn -0.204427 0.978882 -0.000000
vn -0.204422 0.978883 0.000000
vn -0.204427 0.978882 0.000004
vn -0.204422 0.978883 0.000000
vn -0.204425 0.978882 0.000000
vn -0.204428 0.978882 0.000026
vn -0.204428 0.978882 -0.000001
vn -0.204419 0.978883 -0.000000
vn -0.204419 0.978884 -0.000000
vn -0.204426 0.978882 -0.000020
vn -0.204426 0.978882 -0.000020
vn -0.204417 0.978884 -0.000001
vn -0.204439 0.978879 0.000001
vn -0.204429 0.978881 -0.000003
vn -0.204429 0.978881 -0.000000
vn -0.204442 0.978879 0.000002
vn -0.204424 0.978882 -0.000001
vn -0.204431 0.978881 0.000007
vn -0.204431 0.978881 0.000007
vn -0.204422 0.978883 -0.000001
vn -0.204446 0.978878 0.000003
vn -0.204434 0.978880 0.000022
vn -0.204429 0.978881 -0.000003
vn -0.204428 0.978882 -0.000002
vn -0.204431 0.978881 -0.000001
vn -0.204422 0.978883 -0.000026
vn -0.204428 0.978881 -0.000001
vn -0.204410 0.978885 -0.000005
vn -0.204456 0.978876 0.000008
vn -0.204423 0.978883 -0.000018
vn -0.204431 0.978881 0.000009
vn -0.204434 0.978880 0.000003
vn -0.204413 0.978885 -0.000004
vn -0.204429 0.978881 0.000000
vn -0.204428 0.978882 -0.000001
vn -0.204439 0.978879 0.000030
vn -0.204422 0.978883 -0.000003
vn -0.204420 0.978883 -0.000003
vn -0.204416 0.978884 -0.000021
vn -0.204428 0.978882 0.000001
vn -0.204429 0.978881 0.000001
vn -0.204427 0.978882 -0.000000
vn -0.204425 0.978882 -0.000005
vn -0.204427 0.978882 -0.000000
vn -0.204424 0.978882 -0.000002
vn -0.204426 0.978882 -0.000004
vn -0.204439 0.978879 0.000020
vn -0.204443 0.978878 0.000010
vn -0.204428 0.978882 -0.000001
vn -0.204444 0.978878 0.000011
vn -0.204436 0.978880 0.000011
vn -0.204436 0.978880 0.000011
vn -0.204431 0.978881 0.000003
vn -0.204429 0.978881 0.000001
vn -0.204429 0.978881 0.000001
vn -0.204425 0.978882 -0.000004
vn -0.204435 0.978880 0.000004
vn -0.204413 0.978885 -0.000012
vn -0.204423 0.978883 -0.000005
vn -0.204424 0.978882 -0.000006
vn -0.204424 0.978882 -0.000006
vn -0.204409 0.978886 -0.000018
vn -0.204425 0.978882 -0.000003
vn -0.204445 0.978878 0.000015
vn -0.204426 0.978882 -0.000002
vn -0.204424 0.978882 -0.000003
vn -0.204461 0.978875 0.000027
vn -0.204425 0.978882 -0.000003
vn -0.204424 0.978883 -0.000006
vn -0.204433 0.978881 0.000002
vn -0.204413 0.978885 -0.000013
vn -0.204429 0.978882 0.000000
vn -0.204428 0.978882 -0.000001
vn -0.204430 0.978881 0.000001
vn -0.204402 0.978887 -0.000019
vn -0.204432 0.978881 0.000002
vn -0.204437 0.978880 0.000012
vn -0.204438 0.978880 0.000013
vn -0.204414 0.978885 -0.000022
vn -0.204421 0.978883 -0.000004
vn -0.204427 0.978882 -0.000004
vn -0.204426 0.978882 -0.000001
vn -0.204470 0.978873 0.000022
vn -0.204427 0.978882 -0.000006
vn -0.204429 0.978881 -0.000001
vn -0.204430 0.978881 -0.000001
vn -0.204430 0.978881 -0.000001
vn -0.204440 0.978879 0.000023
vn -0.204430 0.978881 -0.000001
vn -0.204417 0.978884 -0.000005
vn -0.204417 0.978884 -0.000004
vn -0.204445 0.978878 0.000007
vn -0.204422 0.978883 -0.000020
vn -0.204428 0.978881 -0.000001
vn -0.204412 0.978885 -0.000007
vn -0.204438 0.978880 0.000032
vn -0.204424 0.978882 -0.000014
vn -0.204434 0.978880 0.000002
vn -0.204409 0.978886 -0.000006
vn -0.204420 0.978883 -0.000025
vn -0.204434 0.978880 0.000022
vn -0.204427 0.978882 0.000001
vn -0.204427 0.978882 0.000001
vn -0.204469 0.978873 0.000012
vn -0.204428 0.978882 0.000001
vn -0.204434 0.978880 0.000021
vn -0.204422 0.978883 -0.000003
vn -0.204397 0.978888 -0.000009
vn -0.204424 0.978882 -0.000018
vn -0.204428 0.978882 0.000005
vn -0.204427 0.978882 -0.000000
vn -0.204448 0.978877 0.000005
vn -0.204427 0.978882 0.000001
vn -0.204466 0.978874 0.000003
vn -0.204413 0.978885 -0.000001
vn -0.204426 0.978882 -0.000020
vn -0.204428 0.978882 0.000005
vn -0.204419 0.978884 -0.000000
vn -0.204443 0.978878 0.000000
vn -0.204428 0.978882 -0.000024
vn -0.204429 0.978881 0.000001
vn -0.204428 0.978882 -0.000003
vn -0.204427 0.978882 0.000000
vn -0.204422 0.978883 0.000000
vn -0.204426 0.978882 0.000000
vn -0.204430 0.978881 0.000005
vn -0.204422 0.978883 -0.000000
vn -0.204429 0.978881 -0.000001
vn -0.204428 0.978882 0.000024
vn -0.204430 0.978881 -0.000005
vn -0.204419 0.978884 0.000000
vn -0.204422 0.978883 0.000000
vn -0.204425 0.978882 -0.000000
vn -0.204428 0.978882 0.000003
vn -0.204419 0.978884 0.000000
vn -0.204424 0.978882 0.000019
vn -0.204427 0.978882 0.000000
vn -0.204429 0.978881 -0.000005
vn -0.204442 0.978879 -0.000002
vn -0.204417 0.978884 0.000003
vn -0.204438 0.978879 -0.000002
vn -0.204427 0.978882 -0.000001
vn -0.204424 0.978882 0.000001
vn -0.204430 0.978881 -0.000005
vn -0.204423 0.978883 0.000018
vn -0.204431 0.978881 0.000001
vn -0.204422 0.978883 0.000004
vn -0.204445 0.978878 -0.000004
vn -0.204434 0.978880 -0.000021
vn -0.204434 0.978880 -0.000022
vn -0.204420 0.978883 0.000025
vn -0.204428 0.978882 0.000002
vn -0.204427 0.978882 -0.000001
vn -0.204411 0.978885 0.000008
vn -0.204455 0.978876 -0.000013
vn -0.204442 0.978879 -0.000031
vn -0.204422 0.978883 0.000020
vn -0.204422 0.978883 0.000013
vn -0.204434 0.978880 -0.000004
vn -0.204414 0.978884 0.000006
vn -0.204428 0.978882 0.000001
vn -0.204440 0.978879 -0.000023
vn -0.204422 0.978883 0.000002
vn -0.204420 0.978883 0.000004
vn -0.204430 0.978881 0.000001
vn -0.204427 0.978882 0.000006
vn -0.204428 0.978882 -0.000000
vn -0.204429 0.978881 -0.000001
vn -0.204416 0.978884 0.000024
vn -0.204429 0.978881 0.000001
vn -0.204427 0.978882 -0.000000
vn -0.204444 0.978878 -0.000011
vn -0.204424 0.978882 0.000002
vn -0.204426 0.978882 0.000004
vn -0.204443 0.978878 -0.000010
vn -0.204437 0.978880 -0.000012
vn -0.204438 0.978880 -0.000013
vn -0.204428 0.978882 0.000001
vn -0.204428 0.978882 0.000001
vn -0.204431 0.978881 -0.000003
vn -0.204424 0.978883 0.000005
vn -0.204429 0.978881 -0.000000
vn -0.204415 0.978884 0.000015
vn -0.204434 0.978880 -0.000005
vn -0.204425 0.978882 0.000003
vn -0.204445 0.978878 -0.000015
vn -0.204424 0.978882 0.000006
vn -0.204424 0.978882 0.000006
vn -0.204426 0.978882 0.000002
f 1//1 2//1 3//1
f 3//2 4//2 5//2
f 2//3 4//3 3//3
f 4//4 6//4 5//4
f 5//5 6//5 7//5
f 8//6 9//6 10//6
f 6//7 11//7 12//7
f 12//8 11//8 13//8
f 14//9 15//9 16//9
f 16//10 15//10 9//10
f 9//11 15//11 10//11
f 11//12 17//12 18//12
f 18//13 17//13 19//13
f 20//14 21//14 22//14
f 4//15 23//15 6//15
f 6//16 23//16 11//16
f 17//17 23//17 24//17
f 11//18 23//18 17//18
f 23//19 25//19 26//19
f 25//20 27//20 28//20
f 23//21 27//21 25//21
f 29//22 30//22 31//22
f 31//23 30//23 32//23
f 32//24 30//24 33//24
f 33//25 30//25 21//25
f 22//26 30//26 15//26
f 15//27 30//27 10//27
f 10//28 30//28 4//28
f 21//29 30//29 22//29
f 4//30 30//30 23//30
f 23//31 30//31 27//31
f 30//32 34//32 35//32
f 30//33 36//33 27//33
f 35//34 36//34 30//34
f 30//35 37//35 34//35
f 36//36 38//36 27//36
f 30//37 39//37 37//37
f 38//38 40//38 27//38
f 30//39 41//39 39//39
f 40//40 42//40 27//40
f 30//41 43//41 41//41
f 42//42 44//42 27//42
f 30//43 45//43 43//43
f 44//44 46//44 27//44
f 30//45 47//45 45//45
f 46//46 48//46 27//46
f 30//47 49//47 47//47
f 48//48 50//48 27//48
f 30//49 51//49 49//49
f 50//50 52//50 27//50
f 30//51 53//51 51//51
f 52//52 54//52 27//52
f 30//53 55//53 53//53
f 54//54 56//54 27//54
f 30//55 57//55 55//55
f 56//56 58//56 27//56
f 30//57 59//57 57//57
f 58//58 60//58 27//58
f 30//59 61//59 59//59
f 60//60 62//60 27//60
f 30//61 63//61 61//61
f 62//62 64//62 27//62
f 30//63 65//63 63//63
f 64//64 66//64 27//64
f 66//65 67//65 27//65
f 67//66 68//66 27//66
f 68//67 69//67 27//67
f 69//68 70//68 27//68
f 70//69 71//69 27//69
f 71//70 72//70 27//70
f 30//71 73//71 65//71
f 65//72 73//72 74//72
f 74//73 73//73 75//73
f 75//74 73//74 76//74
f 76//75 73//75 77//75
f 77//76 73//76 78//76
f 78//77 73//77 79//77
f 79//78 73//78 80//78
f 80//79 73//79 81//79
f 81//80 73//80 82//80
f 82//81 73//81 83//81
f 83//82 73//82 84//82
f 73//83 85//83 84//83
f 86//84 87//84 73//84
f 88//85 87//85 86//85
f 73//86 89//86 85//86
f 90//87 91//87 87//87
f 73//88 92//88 89//88
f 73//89 93//89 92//89
f 94//90 95//90 91//90
f 96//91 95//91 94//91
f 91//92 95//92 87//92
f 87//93 97//93 73//93
f 95//94 97//94 87//94
f 73//95 98//95 93//95
f 97//96 99//96 73//96
f 73//97 100//97 98//97
f 99//98 101//98 73//98
f 102//99 103//99 101//99
f 101//100 104//100 73//100
f 103//101 104//101 101//101
f 105//102 106//102 104//102
f 104//103 107//103 73//103
f 106//104 107//104 104//104
f 108//105 109//105 107//105
f 109//106 110//106 107//106
f 111//107 110//107 109//107
f 110//108 112//108 107//108
f 113//109 112//109 110//109
f 114//110 112//110 113//110
f 112//111 115//111 107//111
f 116//112 115//112 112//112
f 117//113 118//113 115//113
f 119//114 118//114 117//114
f 118//115 120//115 115//115
f 73//116 121//116 100//116
f 107//117 121//117 73//117
f 100//118 121//118 122//118
f 122//119 121//119 123//119
f 123//120 121//120 124//120
f 124//121 121//121 125//121
f 125//122 121//122 126//122
f 126//123 121//123 127//123
f 127//124 121//124 128//124
f 128//125 121//125 129//125
f 129//126 121//126 130//126
f 130//127 121//127 131//127
f 131//128 121//128 132//128
f 132//129 121//129 133//129
f 133//130 121//130 134//130
f 135//131 121//131 120//131
f 115//132 121//132 107//132
f 120//133 121//133 115//133
f 121//134 136//134 134//134
f 121//135 137//135 136//135
f 121//136 138//136 137//136
f 121//137 139//137 138//137
f 121//138 140//138 139//138
f 121//139 141//139 140//139
f 121//140 142//140 141//140
f 121//141 143//141 142//141
f 72//142 144//142 27//142
f 145//143 144//143 146//143
f 146//144 144//144 147//144
f 147//145 144//145 148//145
f 148//146 144//146 149//146
f 149//147 144//147 150//147
f 150//148 144//148 151//148
f 151//149 144//149 152//149
f 152//150 144//150 153//150
f 153//151 144//151 154//151
f 154//152 144//152 155//152
f 155//153 144//153 156//153
f 156//154 144//154 157//154
f 157//155 144//155 158//155
f 158//156 144//156 159//156
f 159//157 144//157 160//157
f 160//158 144//158 161//158
f 161//159 144//159 162//159
f 162//160 144//160 163//160
f 163//161 144//161 164//161
f 164//162 144//162 165//162
f 165//163 144//163 166//163
f 166//164 144//164 167//164
f 167//165 144//165 168//165
f 168//166 144//166 169//166
f 169//167 144//167 72//167
f 145//168 170//168 144//168
f 121//169 170//169 143//169
f 143//170 170//170 171//170
f 171//171 170//171 172//171
f 172//172 170//172 173//172
f 173//173 170//173 174//173
f 174//174 170//174 175//174
f 175//175 170//175 176//175
f 176//176 170//176 177//176
f 177//177 170//177 178//177
f 178//178 170//178 179//178
f 179//179 170//179 180//179
f 180//180 170//180 181//180
f 181//181 170//181 182//181
f 182//182 170//182 183//182
f 183//183 170//183 184//183
f 184//184 170//184 185//184
f 185//185 170//185 186//185
f 186//186 170//186 187//186
f 187//187 170//187 188//187
f 188//188 170//188 189//188
f 189//189 170//189 190//189
f 190//190 170//190 191//190
f 191//191 170//191 192//191
f 192//192 170//192 193//192
f 193//193 170//193 194//193
f 194//194 170//194 145//194
f 195//195 73//195 196//195
f 196//196 73//196 30//196
f 73//197 195//197 197//197
f 86//198 73//198 197//198
f 88//199 197//199 198//199
f 88//200 86//200 197//200
f 87//201 198//201 199//201
f 87//202 88//202 198//202
f 90//203 199//203 200//203
f 90//204 87//204 199//204
f 91//205 200//205 201//205
f 91//206 90//206 200//206
f 94//207 201//207 202//207
f 94//208 91//208 201//208
f 96//209 202//209 203//209
f 96//210 94//210 202//210
f 95//211 203//211 204//211
f 95//212 96//212 203//212
f 97//213 95//213 204//213
f 97//214 204//214 205//214
f 99//215 205//215 206//215
f 99//216 97//216 205//216
f 101//217 206//217 207//217
f 101//218 99//218 206//218
f 102//219 207//219 208//219
f 102//220 101//220 207//220
f 103//221 208//221 209//221
f 103//222 102//222 208//222
f 104//223 209//223 210//223
f 104//224 210//224 211//224
f 104//225 103//225 209//225
f 105//226 104//226 211//226
f 106//227 211//227 212//227
f 106//228 105//228 211//228
f 107//229 212//229 213//229
f 107//230 106//230 212//230
f 108//231 213//231 214//231
f 108//232 214//232 215//232
f 108//233 107//233 213//233
f 109//234 215//234 216//234
f 109//235 108//235 215//235
f 111//236 109//236 216//236
f 110//237 216//237 217//237
f 110//238 111//238 216//238
f 113//239 217//239 218//239
f 113//240 110//240 217//240
f 114//241 218//241 219//241
f 114//242 219//242 220//242
f 114//243 113//243 218//243
f 112//244 114//244 220//244
f 116//245 220//245 221//245
f 116//246 112//246 220//246
f 115//247 221//247 222//247
f 115//248 116//248 221//248
f 117//249 222//249 223//249
f 117//250 115//250 222//250
f 119//251 223//251 224//251
f 119//252 117//252 223//252
f 118//253 224//253 225//253
f 118//254 225//254 226//254
f 118//255 119//255 224//255
f 120//256 118//256 226//256
f 135//257 226//257 227//257
f 135//258 120//258 226//258
f 121//259 227//259 228//259
f 121//260 135//260 227//260
f 196//261 30//261 229//261
f 30//262 29//262 229//262
f 229//263 31//263 230//263
f 29//264 31//264 229//264
f 230//265 32//265 231//265
f 31//266 32//266 230//266
f 231//267 33//267 232//267
f 32//268 33//268 231//268
f 232//269 21//269 233//269
f 33//270 21//270 232//270
f 233//271 20//271 234//271
f 21//272 20//272 233//272
f 234//273 22//273 235//273
f 20//274 22//274 234//274
f 235//275 15//275 236//275
f 22//276 15//276 235//276
f 15//277 14//277 236//277
f 236//278 14//278 237//278
f 237//279 16//279 238//279
f 14//280 16//280 237//280
f 238//281 9//281 239//281
f 16//282 9//282 238//282
f 239//283 8//283 240//283
f 9//284 8//284 239//284
f 240//285 10//285 241//285
f 8//286 10//286 240//286
f 241//287 4//287 242//287
f 242//288 4//288 243//288
f 10//289 4//289 241//289
f 4//290 2//290 243//290
f 243//291 1//291 244//291
f 2//292 1//292 243//292
f 244//293 3//293 245//293
f 1//294 3//294 244//294
f 245//295 5//295 246//295
f 246//296 5//296 247//296
f 3//297 5//297 245//297
f 247//298 7//298 248//298
f 5//299 7//299 247//299
f 7//300 6//300 248//300
f 248//301 12//301 249//301
f 6//302 12//302 248//302
f 249//303 13//303 250//303
f 12//304 13//304 249//304
f 250//305 11//305 251//305
f 251//306 11//306 252//306
f 13//307 11//307 250//307
f 11//308 18//308 252//308
f 252//309 19//309 253//309
f 18//310 19//310 252//310
f 253//311 17//311 254//311
f 19//312 17//312 253//312
f 254//313 24//313 255//313
f 17//314 24//314 254//314
f 255//315 23//315 256//315
f 24//316 23//316 255//316
f 256//317 26//317 257//317
f 257//318 26//318 258//318
f 23//319 26//319 256//319
f 26//320 25//320 258//320
f 258//321 28//321 259//321
f 25//322 28//322 258//322
f 259//323 27//323 260//323
f 28//324 27//324 259//324
f 261//325 262//325 263//325
f 263//326 262//326 264//326
f 264//327 262//327 265//327
f 265//328 262//328 266//328
f 266//329 262//329 267//329
f 267//330 262//330 268//330
f 268//331 262//331 269//331
f 269//332 262//332 270//332
f 270//333 262//333 271//333
f 271//334 262//334 272//334
f 272//335 262//335 273//335
f 273//336 262//336 274//336
f 274//337 262//337 275//337
f 275//338 262//338 276//338
f 276//339 262//339 277//339
f 277//340 262//340 278//340
f 278//341 262//341 279//341
f 279//342 262//342 280//342
f 280//343 262//343 281//343
f 281//344 262//344 282//344
f 282//345 262//345 283//345
f 283//346 262//346 284//346
f 284//347 262//347 285//347
f 285//348 262//348 286//348
f 286//349 262//349 287//349
f 287//350 262//350 288//350
f 288//351 262//351 289//351
f 289//352 262//352 290//352
f 290//353 262//353 291//353
f 291//354 262//354 292//354
f 292//355 262//355 293//355
f 293//356 262//356 294//356
f 262//357 295//357 294//357
f 262//358 296//358 295//358
f 297//359 298//359 299//359
f 261//360 298//360 262//360
f 299//361 298//361 300//361
f 300//362 298//362 301//362
f 301//363 298//363 302//363
f 302//364 298//364 303//364
f 303//365 298//365 304//365
f 304//366 298//366 305//366
f 305//367 298//367 306//367
f 306//368 298//368 307//368
f 307//369 298//369 308//369
f 308//370 298//370 309//370
f 309//371 298//371 310//371
f 310//372 298//372 311//372
f 311//373 298//373 312//373
f 312//374 298//374 313//374
f 313//375 298//375 261//375
f 297//376 314//376 298//376
f 314//377 315//377 298//377
f 315//378 316//378 298//378
f 316//379 317//379 298//379
f 317//380 318//380 298//380
f 318//381 319//381 298//381
f 319//382 320//382 298//382
f 320//383 321//383 298//383
f 321//384 322//384 298//384
f 322//385 323//385 298//385
f 323//386 324//386 298//386
f 324//387 325//387 298//387
f 325//388 326//388 298//388
f 326//389 327//389 298//389
f 327//390 328//390 298//390
f 328//391 329//391 298//391
f 329//392 170//392 298//392
f 170//393 121//393 298//393
f 298//394 121//394 228//394
f 330//395 331//395 332//395
f 330//396 332//396 333//396
f 330//397 333//397 334//397
f 330//398 334//398 335//398
f 330//399 335//399 336//399
f 330//400 336//400 337//400
f 330//401 337//401 338//401
f 330//402 338//402 339//402
f 330//403 339//403 340//403
f 330//404 340//404 341//404
f 330//405 341//405 342//405
f 330//406 342//406 343//406
f 330//407 343//407 344//407
f 330//408 344//408 345//408
f 330//409 345//409 346//409
f 330//410 346//410 347//410
f 330//411 347//411 348//411
f 330//412 348//412 349//412
f 330//413 349//413 350//413
f 330//414 350//414 351//414
f 330//415 351//415 352//415
f 330//416 352//416 353//416
f 330//417 353//417 354//417
f 330//418 354//418 355//418
f 330//419 355//419 356//419
f 330//420 356//420 357//420
f 330//421 357//421 358//421
f 330//422 358//422 359//422
f 330//423 359//423 360//423
f 330//424 360//424 361//424
f 330//425 361//425 362//425
f 330//426 362//426 363//426
f 364//427 330//427 363//427
f 365//428 330//428 364//428
f 366//429 367//429 368//429
f 366//430 331//430 330//430
f 366//431 368//431 369//431
f 366//432 369//432 370//432
f 366//433 370//433 371//433
f 366//434 371//434 372//434
f 366//435 372//435 373//435
f 366//436 373//436 374//436
f 366//437 374//437 375//437
f 366//438 375//438 376//438
f 366//439 376//439 377//439
f 366//440 377//440 378//440
f 366//441 378//441 379//441
f 366//442 379//442 380//442
f 366//443 380//443 381//443
f 366//444 381//444 382//444
f 366//445 382//445 331//445
f 383//446 367//446 366//446
f 384//447 383//447 366//447
f 385//448 384//448 366//448
f 386//449 385//449 366//449
f 387//450 386//450 366//450
f 388//451 387//451 366//451
f 389//452 388//452 366//452
f 390//453 389//453 366//453
f 391//454 390//454 366//454
f 392//455 391//455 366//455
f 393//456 392//456 366//456
f 394//457 393//457 366//457
f 395//458 394//458 366//458
f 396//459 395//459 366//459
f 397//460 396//460 366//460
f 398//461 397//461 366//461
f 144//462 398//462 366//462
f 27//463 144//463 366//463
f 27//464 366//464 260//464
f 398//465 170//465 329//465
f 398//466 144//466 170//466
f 397//467 329//467 328//467
f 397//468 398//468 329//468
f 396//469 328//469 327//469
f 396//470 397//470 328//470
f 395//471 327//471 326//471
f 395//472 396//472 327//472
f 394//473 326//473 325//473
f 394//474 395//474 326//474
f 393//475 325//475 324//475
f 393//476 394//476 325//476
f 392//477 324//477 323//477
f 392//478 393//478 324//478
f 391//479 323//479 322//479
f 391//480 392//480 323//480
f 390//481 391//481 322//481
f 390//482 322//482 321//482
f 389//483 321//483 320//483
f 389//484 390//484 321//484
f 388//485 320//485 319//485
f 388//486 389//486 320//486
f 387//487 319//487 318//487
f 387//488 388//488 319//488
f 386//489 318//489 317//489
f 386//490 387//490 318//490
f 385//491 317//491 316//491
f 385//492 386//492 317//492
f 384//493 316//493 315//493
f 384//494 385//494 316//494
f 383//495 315//495 314//495
f 383//496 384//496 315//496
f 367//497 314//497 297//497
f 367//498 383//498 314//498
f 368//499 297//499 299//499
f 368//500 299//500 300//500
f 368//501 367//501 297//501
f 369//502 368//502 300//502
f 370//503 300//503 301//503
f 370//504 369//504 300//504
f 371//505 301//505 302//505
f 371//506 302//506 303//506
f 371//507 370//507 301//507
f 372//508 371//508 303//508
f 373//509 303//509 304//509
f 373//510 372//510 303//510
f 374//511 304//511 305//511
f 374//512 373//512 304//512
f 375//513 305//513 306//513
f 375//514 374//514 305//514
f 376//515 306//515 307//515
f 376//516 375//516 306//516
f 377//517 307//517 308//517
f 377//518 376//518 307//518
f 378//519 308//519 309//519
f 378//520 309//520 310//520
f 378//521 377//521 308//521
f 379//522 310//522 311//522
f 379//523 378//523 310//523
f 380//524 379//524 311//524
f 381//525 311//525 312//525
f 381//526 380//526 311//526
f 382//527 312//527 313//527
f 382//528 381//528 312//528
f 145//529 146//529 399//529
f 399//530 146//530 400//530
f 400//531 147//531 401//531
f 146//532 147//532 400//532
f 401//533 148//533 402//533
f 147//534 148//534 401//534
f 402//535 149//535 403//535
f 148//536 149//536 402//536
f 403//537 150//537 404//537
f 149//538 150//538 403//538
f 404//539 151//539 405//539
f 150//540 151//540 404//540
f 405//541 152//541 406//541
f 151//542 152//542 405//542
f 406//543 153//543 407//543
f 407//544 153//544 408//544
f 152//545 153//545 406//545
f 153//546 154//546 408//546
f 408//547 155//547 409//547
f 154//548 155//548 408//548
f 155//549 156//549 409//549
f 409//550 156//550 410//550
f 156//551 157//551 410//551
f 410//552 157//552 411//552
f 157//553 158//553 411//553
f 411//554 158//554 412//554
f 158//555 159//555 412//555
f 412//556 159//556 413//556
f 159//557 160//557 413//557
f 413//558 160//558 414//558
f 160//559 161//559 414//559
f 414//560 161//560 415//560
f 161//561 162//561 415//561
f 415//562 162//562 416//562
f 416//563 162//563 417//563
f 162//564 163//564 417//564
f 163//565 164//565 417//565
f 417//566 164//566 418//566
f 418//567 164//567 419//567
f 164//568 165//568 419//568
f 165//569 166//569 419//569
f 419//570 166//570 420//570
f 166//571 167//571 420//571
f 420//572 167//572 421//572
f 421//573 168//573 422//573
f 167//574 168//574 421//574
f 422//575 169//575 423//575
f 168//576 169//576 422//576
f 423//577 72//577 424//577
f 169//578 72//578 423//578
f 424//579 71//579 425//579
f 425//580 71//580 426//580
f 72//581 71//581 424//581
f 71//582 70//582 426//582
f 426//583 69//583 427//583
f 70//584 69//584 426//584
f 427//585 68//585 428//585
f 69//586 68//586 427//586
f 428//587 67//587 429//587
f 68//588 67//588 428//588
f 429//589 66//589 430//589
f 67//590 66//590 429//590
f 430//591 64//591 431//591
f 66//592 64//592 430//592
f 431//593 62//593 432//593
f 64//594 62//594 431//594
f 432//595 60//595 433//595
f 62//596 60//596 432//596
f 433//597 58//597 434//597
f 60//598 58//598 433//598
f 434//599 56//599 435//599
f 58//600 56//600 434//600
f 56//601 54//601 435//601
f 435//602 54//602 436//602
f 54//603 52//603 436//603
f 436//604 52//604 437//604
f 437//605 52//605 438//605
f 52//606 50//606 438//606
f 50//607 48//607 438//607
f 438//608 48//608 439//608
f 48//609 46//609 439//609
f 439//610 46//610 440//610
f 46//611 44//611 440//611
f 440//612 44//612 441//612
f 441//613 44//613 442//613
f 44//614 42//614 442//614
f 42//615 40//615 442//615
f 442//616 40//616 443//616
f 40//617 38//617 443//617
f 443//618 38//618 444//618
f 38//619 36//619 444//619
f 444//620 36//620 445//620
f 445//621 36//621 446//621
f 36//622 35//622 446//622
f 35//623 34//623 446//623
f 446//624 34//624 447//624
f 34//625 37//625 447//625
f 447//626 37//626 448//626
f 37//627 39//627 448//627
f 448//628 39//628 449//628
f 449//629 39//629 450//629
f 39//630 41//630 450//630
f 41//631 43//631 450//631
f 450//632 43//632 451//632
f 43//633 45//633 451//633
f 451//634 45//634 452//634
f 45//635 47//635 452//635
f 452//636 47//636 453//636
f 453//637 47//637 454//637
f 47//638 49//638 454//638
f 49//639 51//639 454//639
f 454//640 51//640 455//640
f 51//641 53//641 455//641
f 455//642 53//642 456//642
f 456//643 55//643 457//643
f 53//644 55//644 456//644
f 457//645 57//645 458//645
f 458//646 57//646 459//646
f 55//647 57//647 457//647
f 57//648 59//648 459//648
f 459//649 61//649 460//649
f 59//650 61//650 459//650
f 61//651 63//651 460//651
f 460//652 63//652 461//652
f 461//653 63//653 462//653
f 63//654 65//654 462//654
f 65//655 74//655 462//655
f 462//656 74//656 463//656
f 74//657 75//657 463//657
f 463//658 75//658 464//658
f 464//659 75//659 465//659
f 75//660 76//660 465//660
f 76//661 77//661 465//661
f 465//662 77//662 466//662
f 77//663 78//663 466//663
f 466//664 78//664 467//664
f 467//665 78//665 468//665
f 78//666 79//666 468//666
f 79//667 80//667 468//667
f 468//668 80//668 469//668
f 80//669 81//669 469//669
f 469//670 81//670 470//670
f 81//671 82//671 470//671
f 470//672 82//672 471//672
f 82//673 83//673 471//673
f 471//674 83//674 472//674
f 472//675 84//675 473//675
f 83//676 84//676 472//676
f 473//677 85//677 474//677
f 474//678 85//678 475//678
f 84//679 85//679 473//679
f 475//680 89//680 476//680
f 85//681 89//681 475//681
f 89//682 92//682 476//682
f 476//683 93//683 477//683
f 477//684 93//684 478//684
f 92//685 93//685 476//685
f 93//686 98//686 478//686
f 478//687 100//687 479//687
f 98//688 100//688 478//688
f 479//689 122//689 480//689
f 100//690 122//690 479//690
f 480//691 123//691 481//691
f 122//692 123//692 480//692
f 481//693 124//693 482//693
f 123//694 124//694 481//694
f 482//695 125//695 483//695
f 483//696 125//696 484//696
f 124//697 125//697 482//697
f 484//698 126//698 485//698
f 125//699 126//699 484//699
f 126//700 127//700 485//700
f 485//701 128//701 486//701
f 127//702 128//702 485//702
f 128//703 129//703 486//703
f 486//704 129//704 487//704
f 129//705 130//705 487//705
f 487//706 130//706 488//706
f 130//707 131//707 488//707
f 488//708 131//708 489//708
f 131//709 132//709 489//709
f 489//710 132//710 490//710
f 490//711 133//711 491//711
f 491//712 133//712 492//712
f 132//713 133//713 490//713
f 133//714 134//714 492//714
f 492//715 136//715 493//715
f 134//716 136//716 492//716
f 493//717 137//717 494//717
f 136//718 137//718 493//718
f 494//719 138//719 495//719
f 137//720 138//720 494//720
f 495//721 139//721 496//721
f 138//722 139//722 495//722
f 496//723 140//723 497//723
f 139//724 140//724 496//724
f 497//725 141//725 498//725
f 498//726 141//726 499//726
f 140//727 141//727 497//727
f 499//728 142//728 500//728
f 141//729 142//729 499//729
f 500//730 143//730 501//730
f 142//731 143//731 500//731
f 143//732 171//732 501//732
f 501//733 172//733 502//733
f 171//734 172//734 501//734
f 502//735 173//735 503//735
f 172//736 173//736 502//736
f 503//737 174//737 504//737
f 504//738 174//738 505//738
f 173//739 174//739 503//739
f 174//740 175//740 505//740
f 505//741 176//741 506//741
f 175//742 176//742 505//742
f 506//743 177//743 507//743
f 507//744 177//744 508//744
f 176//745 177//745 506//745
f 508//746 178//746 509//746
f 177//747 178//747 508//747
f 178//748 179//748 509//748
f 509//749 180//749 510//749
f 179//750 180//750 509//750
f 180//751 181//751 510//751
f 510//752 181//752 511//752
f 511//753 181//753 512//753
f 181//754 182//754 512//754
f 512//755 183//755 513//755
f 513//756 183//756 514//756
f 182//757 183//757 512//757
f 183//758 184//758 514//758
f 514//759 185//759 515//759
f 515//760 185//760 516//760
f 184//761 185//761 514//761
f 185//762 186//762 516//762
f 186//763 187//763 516//763
f 516//764 187//764 517//764
f 187//765 188//765 517//765
f 517//766 188//766 518//766
f 188//767 189//767 518//767
f 518//768 189//768 519//768
f 189//769 190//769 519//769
f 519//770 190//770 520//770
f 190//771 191//771 520//771
f 520//772 191//772 521//772
f 191//773 192//773 521//773
f 521//774 192//774 522//774
f 522//775 192//775 523//775
f 523//776 193//776 524//776
f 192//777 193//777 523//777
f 193//778 194//778 524//778
f 524//779 145//779 399//779
f 194//780 145//780 524//780
f 366//781 414//781 415//781
f 415//782 416//782 366//782
f 366//783 413//783 414//783
f 416//784 417//784 366//784
f 366//785 412//785 413//785
f 417//786 418//786 366//786
f 366//787 411//787 412//787
f 418//788 419//788 366//788
f 366//789 410//789 411//789
f 419//790 420//790 366//790
f 366//791 409//791 410//791
f 420//792 421//792 366//792
f 366//793 408//793 409//793
f 421//794 422//794 366//794
f 366//795 407//795 408//795
f 422//796 423//796 366//796
f 366//797 406//797 407//797
f 423//798 424//798 366//798
f 366//799 405//799 406//799
f 366//800 404//800 405//800
f 366//801 403//801 404//801
f 366//802 402//802 403//802
f 366//803 401//803 402//803
f 366//804 400//804 401//804
f 298//805 399//805 366//805
f 366//806 399//806 400//806
f 298//807 524//807 399//807
f 424//808 260//808 366//808
f 425//809 260//809 424//809
f 426//810 260//810 425//810
f 427//811 260//811 426//811
f 428//812 260//812 427//812
f 429//813 260//813 428//813
f 430//814 260//814 429//814
f 431//815 260//815 430//815
f 431//816 432//816 260//816
f 298//817 523//817 524//817
f 432//818 433//818 260//818
f 298//819 522//819 523//819
f 259//820 257//820 258//820
f 260//821 257//821 259//821
f 433//822 434//822 260//822
f 298//823 521//823 522//823
f 257//824 255//824 256//824
f 434//825 435//825 260//825
f 298//826 520//826 521//826
f 260//827 254//827 257//827
f 257//828 254//828 255//828
f 435//829 436//829 260//829
f 298//830 519//830 520//830
f 436//831 437//831 260//831
f 253//832 251//832 252//832
f 254//833 251//833 253//833
f 260//834 251//834 254//834
f 298//835 518//835 519//835
f 437//836 438//836 260//836
f 298//837 517//837 518//837
f 438//838 439//838 260//838
f 260//839 248//839 251//839
f 250//840 248//840 249//840
f 251//841 248//841 250//841
f 298//842 516//842 517//842
f 439//843 440//843 260//843
f 298//844 515//844 516//844
f 440//845 441//845 260//845
f 298//846 514//846 515//846
f 260//847 244//847 248//847
f 246//848 244//848 245//848
f 247//849 244//849 246//849
f 248//850 244//850 247//850
f 441//851 442//851 260//851
f 298//852 513//852 514//852
f 442//853 443//853 260//853
f 244//854 242//854 243//854
f 260//855 242//855 244//855
f 298//856 512//856 513//856
f 443//857 444//857 260//857
f 298//858 511//858 512//858
f 241//859 239//859 240//859
f 242//860 239//860 241//860
f 260//861 239//861 242//861
f 444//862 445//862 260//862
f 260//863 238//863 239//863
f 298//864 510//864 511//864
f 260//865 237//865 238//865
f 298//866 509//866 510//866
f 237//867 235//867 236//867
f 298//868 508//868 509//868
f 235//869 233//869 234//869
f 237//870 233//870 235//870
f 298//871 507//871 508//871
f 260//872 232//872 237//872
f 237//873 232//873 233//873
f 298//874 506//874 507//874
f 232//875 230//875 231//875
f 260//876 230//876 232//876
f 260//877 229//877 230//877
f 298//878 505//878 506//878
f 260//879 196//879 229//879
f 446//880 196//880 445//880
f 447//881 196//881 446//881
f 448//882 196//882 447//882
f 449//883 196//883 448//883
f 450//884 196//884 449//884
f 445//885 196//885 260//885
f 450//886 451//886 196//886
f 298//887 504//887 505//887
f 451//888 452//888 196//888
f 298//889 503//889 504//889
f 452//890 453//890 196//890
f 298//891 502//891 503//891
f 453//892 454//892 196//892
f 298//893 501//893 502//893
f 454//894 455//894 196//894
f 298//895 500//895 501//895
f 455//896 456//896 196//896
f 456//897 457//897 196//897
f 457//898 458//898 196//898
f 458//899 459//899 196//899
f 459//900 460//900 196//900
f 460//901 461//901 196//901
f 461//902 462//902 196//902
f 463//903 195//903 462//903
f 464//904 195//904 463//904
f 465//905 195//905 464//905
f 466//906 195//906 465//906
f 467//907 195//907 466//907
f 468//908 195//908 467//908
f 469//909 195//909 468//909
f 470//910 195//910 469//910
f 471//911 195//911 470//911
f 472//912 195//912 471//912
f 473//913 195//913 472//913
f 474//914 195//914 473//914
f 475//915 195//915 474//915
f 476//916 195//916 475//916
f 477//917 195//917 476//917
f 462//918 195//918 196//918
f 478//919 195//919 477//919
f 479//920 195//920 478//920
f 298//921 228//921 500//921
f 480//922 228//922 479//922
f 481//923 228//923 480//923
f 482//924 228//924 481//924
f 483//925 228//925 482//925
f 484//926 228//926 483//926
f 485//927 228//927 484//927
f 486//928 228//928 485//928
f 487//929 228//929 486//929
f 488//930 228//930 487//930
f 489//931 228//931 488//931
f 490//932 228//932 489//932
f 491//933 228//933 490//933
f 492//934 228//934 491//934
f 493//935 228//935 492//935
f 494//936 228//936 493//936
f 495//937 228//937 494//937
f 496//938 228//938 495//938
f 497//939 228//939 496//939
f 498//940 228//940 497//940
f 499//941 228//941 498//941
f 500//942 228//942 499//942
f 479//943 228//943 195//943
f 195//944 198//944 197//944
f 227//945 226//945 228//945
f 226//946 224//946 228//946
f 225//947 224//947 226//947
f 228//948 223//948 195//948
f 195//949 223//949 198//949
f 224//950 223//950 228//950
f 198//951 223//951 199//951
f 199//952 202//952 200//952
f 200//953 202//953 201//953
f 222//954 221//954 223//954
f 199//955 204//955 202//955
f 202//956 204//956 203//956
f 221//957 220//957 223//957
f 199//958 206//958 204//958
f 204//959 206//959 205//959
f 206//960 208//960 207//960
f 199//961 208//961 206//961
f 217//962 216//962 218//962
f 218//963 216//963 219//963
f 219//964 216//964 220//964
f 216//965 215//965 220//965
f 208//966 210//966 209//966
f 199//967 210//967 208//967
f 223//968 214//968 199//968
f 220//969 214//969 223//969
f 215//970 214//970 220//970
f 210//971 212//971 211//971
f 213//972 212//972 214//972
f 199//973 212//973 210//973
f 214//974 212//974 199//974
f 313//975 261//975 382//975
f 382//976 261//976 331//976
f 262//977 298//977 330//977
f 330//978 298//978 366//978
f 332//979 261//979 263//979
f 332//980 331//980 261//980
f 333//981 263//981 264//981
f 333//982 332//982 263//982
f 334//983 264//983 265//983
f 334//984 333//984 264//984
f 335//985 265//985 266//985
f 335//986 334//986 265//986
f 336//987 266//987 267//987
f 336//988 335//988 266//988
f 337//989 267//989 268//989
f 337//990 336//990 267//990
f 338//991 268//991 269//991
f 338//992 337//992 268//992
f 339//993 269//993 270//993
f 339//994 338//994 269//994
f 340//995 339//995 270//995
f 340//996 270//996 271//996
f 341//997 271//997 272//997
f 341//998 340//998 271//998
f 342//999 272//999 273//999
f 342//1000 341//1000 272//1000
f 343//1001 273//1001 274//1001
f 343//1002 342//1002 273//1002
f 344//1003 274//1003 275//1003
f 344//1004 343//1004 274//1004
f 345//1005 275//1005 276//1005
f 345//1006 344//1006 275//1006
f 346//1007 276//1007 277//1007
f 346//1008 345//1008 276//1008
f 347//1009 277//1009 278//1009
f 347//1010 346//1010 277//1010
f 348//1011 278//1011 279//1011
f 348//1012 347//1012 278//1012
f 349//1013 279//1013 280//1013
f 349//1014 280//1014 281//1014
f 349//1015 348//1015 279//1015
f 350//1016 349//1016 281//1016
f 351//1017 281//1017 282//1017
f 351//1018 350//1018 281//1018
f 352//1019 282//1019 283//1019
f 352//1020 283//1020 284//1020
f 352//1021 351//1021 282//1021
f 353//1022 352//1022 284//1022
f 354//1023 284//1023 285//1023
f 354//1024 353//1024 284//1024
f 355//1025 285//1025 286//1025
f 355//1026 354//1026 285//1026
f 356//1027 286//1027 287//1027
f 356//1028 355//1028 286//1028
f 357//1029 287//1029 288//1029
f 357//1030 356//1030 287//1030
f 358//1031 288//1031 289//1031
f 358//1032 357//1032 288//1032
f 359//1033 289//1033 290//1033
f 359//1034 290//1034 291//1034
f 359//1035 358//1035 289//1035
f 360//1036 291//1036 292//1036
f 360//1037 359//1037 291//1037
f 361//1038 360//1038 292//1038
f 362//1039 292//1039 293//1039
f 362//1040 361//1040 292//1040
f 363//1041 293//1041 294//1041
f 363//1042 362//1042 293//1042
f 525//1043 526//1043 527//1043
f 528//1044 529//1044 526//1044
f 527//1045 530//1045 531//1045
f 529//1046 532//1046 526//1046
f 527//1047 533//1047 530//1047
f 526//1048 533//1048 527//1048
f 533//1049 534//1049 535//1049
f 536//1050 537//1050 532//1050
f 538//1051 537//1051 536//1051
f 534//1052 539//1052 540//1052
f 532//1053 541//1053 526//1053
f 537//1054 541//1054 532//1054
f 542//1055 541//1055 537//1055
f 533//1056 543//1056 534//1056
f 534//1057 543//1057 539//1057
f 544//1058 545//1058 541//1058
f 543//1059 546//1059 547//1059
f 546//1060 548//1060 549//1060
f 526//1061 550//1061 533//1061
f 533//1062 550//1062 543//1062
f 543//1063 550//1063 546//1063
f 546//1064 550//1064 548//1064
f 541//1065 551//1065 526//1065
f 552//1066 551//1066 545//1066
f 553//1067 551//1067 552//1067
f 554//1068 551//1068 553//1068
f 555//1069 551//1069 554//1069
f 545//1070 551//1070 541//1070
f 526//1071 551//1071 550//1071
f 550//1072 365//1072 556//1072
f 551//1073 365//1073 550//1073
f 551//1074 557//1074 558//1074
f 551//1075 559//1075 365//1075
f 558//1076 559//1076 551//1076
f 551//1077 560//1077 557//1077
f 559//1078 561//1078 365//1078
f 551//1079 562//1079 560//1079
f 561//1080 563//1080 365//1080
f 551//1081 564//1081 562//1081
f 563//1082 565//1082 365//1082
f 551//1083 566//1083 564//1083
f 565//1084 567//1084 365//1084
f 551//1085 568//1085 566//1085
f 567//1086 569//1086 365//1086
f 551//1087 570//1087 568//1087
f 569//1088 571//1088 365//1088
f 551//1089 572//1089 570//1089
f 571//1090 573//1090 365//1090
f 551//1091 574//1091 572//1091
f 573//1092 575//1092 365//1092
f 551//1093 576//1093 574//1093
f 575//1094 577//1094 365//1094
f 551//1095 578//1095 576//1095
f 577//1096 579//1096 365//1096
f 551//1097 580//1097 578//1097
f 579//1098 581//1098 365//1098
f 551//1099 582//1099 580//1099
f 581//1100 583//1100 365//1100
f 551//1101 584//1101 582//1101
f 583//1102 585//1102 365//1102
f 551//1103 586//1103 584//1103
f 585//1104 587//1104 365//1104
f 551//1105 588//1105 586//1105
f 587//1106 589//1106 365//1106
f 589//1107 590//1107 365//1107
f 590//1108 591//1108 365//1108
f 591//1109 592//1109 365//1109
f 592//1110 593//1110 365//1110
f 593//1111 594//1111 365//1111
f 551//1112 595//1112 588//1112
f 596//1113 595//1113 597//1113
f 598//1114 595//1114 596//1114
f 599//1115 595//1115 598//1115
f 600//1116 595//1116 599//1116
f 588//1117 595//1117 600//1117
f 595//1118 601//1118 597//1118
f 594//1119 602//1119 365//1119
f 595//1120 603//1120 601//1120
f 602//1121 604//1121 365//1121
f 595//1122 605//1122 603//1122
f 595//1123 606//1123 605//1123
f 595//1124 607//1124 606//1124
f 608//1125 609//1125 610//1125
f 610//1126 609//1126 611//1126
f 595//1127 612//1127 607//1127
f 609//1128 613//1128 611//1128
f 611//1129 613//1129 595//1129
f 595//1130 614//1130 612//1130
f 595//1131 615//1131 614//1131
f 595//1132 616//1132 615//1132
f 617//1133 618//1133 619//1133
f 619//1134 618//1134 613//1134
f 613//1135 618//1135 595//1135
f 595//1136 620//1136 616//1136
f 595//1137 621//1137 620//1137
f 595//1138 622//1138 621//1138
f 623//1139 624//1139 618//1139
f 618//1140 624//1140 595//1140
f 624//1141 625//1141 595//1141
f 625//1142 626//1142 595//1142
f 626//1143 627//1143 595//1143
f 628//1144 627//1144 626//1144
f 627//1145 629//1145 595//1145
f 630//1146 629//1146 627//1146
f 629//1147 631//1147 595//1147
f 632//1148 631//1148 629//1148
f 633//1149 634//1149 631//1149
f 631//1150 634//1150 595//1150
f 635//1151 636//1151 637//1151
f 637//1152 638//1152 639//1152
f 639//1153 638//1153 634//1153
f 636//1154 638//1154 637//1154
f 634//1155 638//1155 595//1155
f 638//1156 640//1156 595//1156
f 641//1157 642//1157 640//1157
f 643//1158 644//1158 642//1158
f 642//1159 644//1159 640//1159
f 644//1160 645//1160 640//1160
f 595//1161 296//1161 622//1161
f 646//1162 296//1162 647//1162
f 648//1163 296//1163 646//1163
f 649//1164 296//1164 648//1164
f 650//1165 296//1165 649//1165
f 651//1166 296//1166 650//1166
f 652//1167 296//1167 651//1167
f 653//1168 296//1168 652//1168
f 654//1169 296//1169 653//1169
f 655//1170 296//1170 654//1170
f 656//1171 296//1171 655//1171
f 640//1172 296//1172 595//1172
f 657//1173 296//1173 656//1173
f 658//1174 296//1174 657//1174
f 659//1175 296//1175 658//1175
f 660//1176 296//1176 659//1176
f 661//1177 296//1177 660//1177
f 645//1178 296//1178 640//1178
f 662//1179 296//1179 661//1179
f 663//1180 296//1180 662//1180
f 664//1181 296//1181 663//1181
f 665//1182 296//1182 664//1182
f 666//1183 296//1183 665//1183
f 667//1184 296//1184 666//1184
f 622//1185 296//1185 667//1185
f 668//1186 330//1186 604//1186
f 669//1187 330//1187 668//1187
f 670//1188 330//1188 669//1188
f 671//1189 330//1189 670//1189
f 672//1190 330//1190 671//1190
f 673//1191 330//1191 672//1191
f 674//1192 330//1192 673//1192
f 675//1193 330//1193 674//1193
f 676//1194 330//1194 675//1194
f 677//1195 330//1195 676//1195
f 678//1196 330//1196 677//1196
f 679//1197 330//1197 678//1197
f 680//1198 330//1198 679//1198
f 681//1199 330//1199 680//1199
f 682//1200 330//1200 681//1200
f 683//1201 330//1201 682//1201
f 684//1202 330//1202 683//1202
f 685//1203 330//1203 684//1203
f 686//1204 330//1204 685//1204
f 687//1205 330//1205 686//1205
f 604//1206 330//1206 365//1206
f 688//1207 330//1207 687//1207
f 689//1208 330//1208 688//1208
f 690//1209 330//1209 689//1209
f 691//1210 330//1210 690//1210
f 296//1211 262//1211 647//1211
f 691//1212 262//1212 330//1212
f 692//1213 262//1213 691//1213
f 693//1214 262//1214 692//1214
f 694//1215 262//1215 693//1215
f 695//1216 262//1216 694//1216
f 696//1217 262//1217 695//1217
f 697//1218 262//1218 696//1218
f 698//1219 262//1219 697//1219
f 699//1220 262//1220 698//1220
f 700//1221 262//1221 699//1221
f 701//1222 262//1222 700//1222
f 702//1223 262//1223 701//1223
f 703//1224 262//1224 702//1224
f 704//1225 262//1225 703//1225
f 705//1226 262//1226 704//1226
f 706//1227 262//1227 705//1227
f 707//1228 262//1228 706//1228
f 708//1229 262//1229 707//1229
f 709//1230 262//1230 708//1230
f 710//1231 262//1231 709//1231
f 711//1232 262//1232 710//1232
f 712//1233 262//1233 711//1233
f 713//1234 262//1234 712//1234
f 714//1235 262//1235 713//1235
f 647//1236 262//1236 714//1236
f 363//1237 715//1237 716//1237
f 716//1238 717//1238 363//1238
f 363//1239 718//1239 715//1239
f 717//1240 719//1240 363//1240
f 363//1241 720//1241 718//1241
f 719//1242 721//1242 363//1242
f 363//1243 722//1243 720//1243
f 721//1244 723//1244 363//1244
f 363//1245 724//1245 722//1245
f 723//1246 725//1246 363//1246
f 363//1247 726//1247 724//1247
f 725//1248 727//1248 363//1248
f 363//1249 728//1249 726//1249
f 727//1250 729//1250 363//1250
f 363//1251 730//1251 728//1251
f 729//1252 731//1252 363//1252
f 363//1253 732//1253 730//1253
f 731//1254 733//1254 363//1254
f 363//1255 734//1255 732//1255
f 363//1256 735//1256 734//1256
f 363//1257 736//1257 735//1257
f 363//1258 737//1258 736//1258
f 363//1259 738//1259 737//1259
f 363//1260 739//1260 738//1260
f 740//1261 364//1261 741//1261
f 741//1262 364//1262 742//1262
f 742//1263 364//1263 743//1263
f 743//1264 364//1264 744//1264
f 744//1265 364//1265 745//1265
f 745//1266 364//1266 733//1266
f 733//1267 364//1267 363//1267
f 294//1268 746//1268 363//1268
f 363//1269 746//1269 739//1269
f 740//1270 747//1270 364//1270
f 294//1271 748//1271 746//1271
f 747//1272 749//1272 364//1272
f 294//1273 750//1273 748//1273
f 751//1274 752//1274 753//1274
f 749//1275 754//1275 364//1275
f 751//1276 755//1276 752//1276
f 294//1277 756//1277 750//1277
f 751//1278 757//1278 755//1278
f 754//1279 758//1279 364//1279
f 294//1280 759//1280 756//1280
f 364//1281 760//1281 751//1281
f 751//1282 760//1282 757//1282
f 758//1283 761//1283 364//1283
f 294//1284 762//1284 759//1284
f 760//1285 763//1285 764//1285
f 364//1286 763//1286 760//1286
f 761//1287 765//1287 364//1287
f 294//1288 766//1288 762//1288
f 765//1289 767//1289 364//1289
f 763//1290 768//1290 769//1290
f 364//1291 768//1291 763//1291
f 294//1292 770//1292 766//1292
f 767//1293 771//1293 364//1293
f 294//1294 772//1294 770//1294
f 771//1295 773//1295 364//1295
f 768//1296 774//1296 775//1296
f 775//1297 774//1297 776//1297
f 294//1298 777//1298 772//1298
f 773//1299 778//1299 364//1299
f 768//1300 779//1300 774//1300
f 294//1301 780//1301 777//1301
f 364//1302 781//1302 768//1302
f 768//1303 781//1303 779//1303
f 778//1304 782//1304 364//1304
f 364//1305 783//1305 781//1305
f 294//1306 784//1306 780//1306
f 782//1307 785//1307 364//1307
f 364//1308 786//1308 783//1308
f 294//1309 787//1309 784//1309
f 785//1310 788//1310 364//1310
f 294//1311 789//1311 787//1311
f 788//1312 790//1312 364//1312
f 786//1313 791//1313 792//1313
f 792//1314 791//1314 793//1314
f 294//1315 794//1315 789//1315
f 790//1316 795//1316 364//1316
f 791//1317 796//1317 797//1317
f 294//1318 798//1318 794//1318
f 364//1319 799//1319 786//1319
f 786//1320 799//1320 791//1320
f 791//1321 799//1321 796//1321
f 294//1322 800//1322 798//1322
f 364//1323 801//1323 799//1323
f 294//1324 802//1324 800//1324
f 801//1325 803//1325 804//1325
f 364//1326 803//1326 801//1326
f 294//1327 805//1327 802//1327
f 294//1328 806//1328 805//1328
f 803//1329 807//1329 808//1329
f 808//1330 807//1330 809//1330
f 364//1331 807//1331 803//1331
f 364//1332 810//1332 807//1332
f 294//1333 811//1333 806//1333
f 364//1334 812//1334 810//1334
f 795//1335 813//1335 364//1335
f 814//1336 813//1336 815//1336
f 815//1337 813//1337 816//1337
f 816//1338 813//1338 817//1338
f 817//1339 813//1339 818//1339
f 818//1340 813//1340 819//1340
f 364//1341 813//1341 812//1341
f 819//1342 813//1342 795//1342
f 294//1343 820//1343 811//1343
f 814//1344 821//1344 813//1344
f 294//1345 822//1345 820//1345
f 821//1346 823//1346 813//1346
f 294//1347 824//1347 822//1347
f 823//1348 825//1348 813//1348
f 294//1349 826//1349 824//1349
f 825//1350 827//1350 813//1350
f 294//1351 828//1351 826//1351
f 827//1352 829//1352 813//1352
f 829//1353 830//1353 813//1353
f 830//1354 831//1354 813//1354
f 831//1355 832//1355 813//1355
f 832//1356 833//1356 813//1356
f 833//1357 834//1357 813//1357
f 834//1358 835//1358 813//1358
f 835//1359 836//1359 813//1359
f 837//1360 836//1360 838//1360
f 838//1361 836//1361 839//1361
f 839//1362 836//1362 840//1362
f 840//1363 836//1363 841//1363
f 841//1364 836//1364 842//1364
f 842//1365 836//1365 843//1365
f 843//1366 836//1366 844//1366
f 844//1367 836//1367 845//1367
f 845//1368 836//1368 846//1368
f 846//1369 836//1369 847//1369
f 847//1370 836//1370 848//1370
f 848//1371 836//1371 849//1371
f 849//1372 836//1372 850//1372
f 850//1373 836//1373 851//1373
f 851//1374 836//1374 852//1374
f 852//1375 836//1375 853//1375
f 853//1376 836//1376 835//1376
f 828//1377 295//1377 854//1377
f 854//1378 295//1378 855//1378
f 855//1379 295//1379 856//1379
f 856//1380 295//1380 857//1380
f 857//1381 295//1381 858//1381
f 858//1382 295//1382 859//1382
f 859//1383 295//1383 860//1383
f 860//1384 295//1384 861//1384
f 861//1385 295//1385 862//1385
f 862//1386 295//1386 863//1386
f 863//1387 295//1387 864//1387
f 864//1388 295//1388 865//1388
f 865//1389 295//1389 866//1389
f 866//1390 295//1390 867//1390
f 867//1391 295//1391 868//1391
f 868//1392 295//1392 869//1392
f 869//1393 295//1393 870//1393
f 870//1394 295//1394 871//1394
f 871//1395 295//1395 872//1395
f 872//1396 295//1396 873//1396
f 837//1397 295//1397 836//1397
f 873//1398 295//1398 837//1398
f 294//1399 295//1399 828//1399
f 874//1400 875//1400 295//1400
f 876//1401 875//1401 874//1401
f 877//1402 878//1402 879//1402
f 880//1403 878//1403 877//1403
f 836//1404 878//1404 880//1404
f 875//1405 881//1405 295//1405
f 882//1406 881//1406 875//1406
f 836//1407 883//1407 878//1407
f 878//1408 883//1408 884//1408
f 885//1409 886//1409 881//1409
f 881//1410 887//1410 295//1410
f 886//1411 887//1411 881//1411
f 888//1412 887//1412 886//1412
f 889//1413 890//1413 891//1413
f 889//1414 892//1414 890//1414
f 883//1415 892//1415 889//1415
f 893//1416 894//1416 887//1416
f 894//1417 895//1417 887//1417
f 887//1418 895//1418 295//1418
f 295//1419 895//1419 836//1419
f 892//1420 896//1420 897//1420
f 895//1421 898//1421 836//1421
f 836//1422 899//1422 883//1422
f 883//1423 899//1423 892//1423
f 892//1424 899//1424 896//1424
f 836//1425 900//1425 899//1425
f 836//1426 901//1426 900//1426
f 902//1427 903//1427 898//1427
f 904//1428 903//1428 902//1428
f 898//1429 903//1429 836//1429
f 836//1430 903//1430 901//1430
f 295//1431 645//1431 874//1431
f 296//1432 645//1432 295//1432
f 874//1433 644//1433 876//1433
f 645//1434 644//1434 874//1434
f 876//1435 643//1435 875//1435
f 644//1436 643//1436 876//1436
f 875//1437 642//1437 882//1437
f 643//1438 642//1438 875//1438
f 882//1439 641//1439 881//1439
f 642//1440 641//1440 882//1440
f 881//1441 640//1441 885//1441
f 641//1442 640//1442 881//1442
f 885//1443 638//1443 886//1443
f 640//1444 638//1444 885//1444
f 886//1445 636//1445 888//1445
f 638//1446 636//1446 886//1446
f 636//1447 635//1447 888//1447
f 888//1448 635//1448 887//1448
f 887//1449 637//1449 893//1449
f 635//1450 637//1450 887//1450
f 893//1451 639//1451 894//1451
f 637//1452 639//1452 893//1452
f 894//1453 634//1453 895//1453
f 639//1454 634//1454 894//1454
f 895//1455 633//1455 898//1455
f 634//1456 633//1456 895//1456
f 898//1457 631//1457 902//1457
f 633//1458 631//1458 898//1458
f 902//1459 632//1459 904//1459
f 631//1460 632//1460 902//1460
f 904//1461 629//1461 903//1461
f 632//1462 629//1462 904//1462
f 903//1463 630//1463 901//1463
f 629//1464 630//1464 903//1464
f 901//1465 627//1465 900//1465
f 900//1466 627//1466 899//1466
f 630//1467 627//1467 901//1467
f 627//1468 628//1468 899//1468
f 899//1469 626//1469 896//1469
f 628//1470 626//1470 899//1470
f 896//1471 625//1471 897//1471
f 626//1472 625//1472 896//1472
f 897//1473 624//1473 892//1473
f 892//1474 624//1474 890//1474
f 625//1475 624//1475 897//1475
f 624//1476 623//1476 890//1476
f 890//1477 618//1477 891//1477
f 891//1478 618//1478 889//1478
f 623//1479 618//1479 890//1479
f 889//1480 617//1480 883//1480
f 618//1481 617//1481 889//1481
f 617//1482 619//1482 883//1482
f 883//1483 613//1483 884//1483
f 619//1484 613//1484 883//1484
f 884//1485 609//1485 878//1485
f 613//1486 609//1486 884//1486
f 878//1487 608//1487 879//1487
f 879//1488 608//1488 877//1488
f 609//1489 608//1489 878//1489
f 608//1490 610//1490 877//1490
f 877//1491 611//1491 880//1491
f 610//1492 611//1492 877//1492
f 880//1493 595//1493 836//1493
f 611//1494 595//1494 880//1494
f 556//1495 364//1495 751//1495
f 556//1496 365//1496 364//1496
f 550//1497 751//1497 753//1497
f 550//1498 556//1498 751//1498
f 548//1499 753//1499 752//1499
f 548//1500 550//1500 753//1500
f 549//1501 752//1501 755//1501
f 549//1502 548//1502 752//1502
f 546//1503 755//1503 757//1503
f 546//1504 549//1504 755//1504
f 547//1505 757//1505 760//1505
f 547//1506 546//1506 757//1506
f 543//1507 760//1507 764//1507
f 543//1508 547//1508 760//1508
f 539//1509 764//1509 763//1509
f 539//1510 543//1510 764//1510
f 540//1511 539//1511 763//1511
f 540//1512 763//1512 769//1512
f 534//1513 769//1513 768//1513
f 534//1514 540//1514 769//1514
f 535//1515 768//1515 775//1515
f 535//1516 534//1516 768//1516
f 533//1517 775//1517 776//1517
f 533//1518 535//1518 775//1518
f 530//1519 776//1519 774//1519
f 530//1520 533//1520 776//1520
f 531//1521 774//1521 779//1521
f 531//1522 530//1522 774//1522
f 527//1523 779//1523 781//1523
f 527//1524 531//1524 779//1524
f 525//1525 781//1525 783//1525
f 525//1526 527//1526 781//1526
f 526//1527 783//1527 786//1527
f 526//1528 525//1528 783//1528
f 528//1529 786//1529 792//1529
f 528//1530 792//1530 793//1530
f 528//1531 526//1531 786//1531
f 529//1532 528//1532 793//1532
f 532//1533 793//1533 791//1533
f 532//1534 529//1534 793//1534
f 536//1535 791//1535 797//1535
f 536//1536 532//1536 791//1536
f 538//1537 797//1537 796//1537
f 538//1538 796//1538 799//1538
f 538//1539 536//1539 797//1539
f 537//1540 538//1540 799//1540
f 542//1541 799//1541 801//1541
f 542//1542 801//1542 804//1542
f 542//1543 537//1543 799//1543
f 541//1544 804//1544 803//1544
f 541//1545 542//1545 804//1545
f 544//1546 541//1546 803//1546
f 545//1547 803//1547 808//1547
f 545//1548 544//1548 803//1548
f 552//1549 808//1549 809//1549
f 552//1550 545//1550 808//1550
f 553//1551 809//1551 807//1551
f 553//1552 807//1552 810//1552
f 553//1553 552//1553 809//1553
f 554//1554 553//1554 810//1554
f 555//1555 810//1555 812//1555
f 555//1556 554//1556 810//1556
f 551//1557 812//1557 813//1557
f 551//1558 555//1558 812//1558
f 836//1559 595//1559 813//1559
f 813//1560 595//1560 551//1560
f 905//1561 906//1561 588//1561
f 588//1562 906//1562 586//1562
f 586//1563 907//1563 584//1563
f 906//1564 907//1564 586//1564
f 584//1565 908//1565 582//1565
f 907//1566 908//1566 584//1566
f 582//1567 909//1567 580//1567
f 908//1568 909//1568 582//1568
f 580//1569 910//1569 578//1569
f 909//1570 910//1570 580//1570
f 578//1571 911//1571 576//1571
f 910//1572 911//1572 578//1572
f 576//1573 912//1573 574//1573
f 911//1574 912//1574 576//1574
f 574//1575 913//1575 572//1575
f 912//1576 913//1576 574//1576
f 572//1577 914//1577 570//1577
f 913//1578 914//1578 572//1578
f 570//1579 915//1579 568//1579
f 568//1580 915//1580 566//1580
f 914//1581 915//1581 570//1581
f 915//1582 916//1582 566//1582
f 916//1583 917//1583 566//1583
f 566//1584 917//1584 564//1584
f 917//1585 918//1585 564//1585
f 564//1586 918//1586 562//1586
f 918//1587 919//1587 562//1587
f 562//1588 919//1588 560//1588
f 560//1589 919//1589 557//1589
f 919//1590 920//1590 557//1590
f 920//1591 921//1591 557//1591
f 557//1592 921//1592 558//1592
f 921//1593 922//1593 558//1593
f 558//1594 922//1594 559//1594
f 922//1595 923//1595 559//1595
f 559//1596 923//1596 561//1596
f 923//1597 924//1597 561//1597
f 561//1598 924//1598 563//1598
f 924//1599 925//1599 563//1599
f 563//1600 925//1600 565//1600
f 565//1601 925//1601 567//1601
f 925//1602 926//1602 567//1602
f 926//1603 927//1603 567//1603
f 567//1604 927//1604 569//1604
f 569//1605 928//1605 571//1605
f 927//1606 928//1606 569//1606
f 571//1607 928//1607 573//1607
f 928//1608 929//1608 573//1608
f 573//1609 930//1609 575//1609
f 929//1610 930//1610 573//1610
f 575//1611 931//1611 577//1611
f 930//1612 931//1612 575//1612
f 577//1613 932//1613 579//1613
f 931//1614 932//1614 577//1614
f 579//1615 933//1615 581//1615
f 932//1616 933//1616 579//1616
f 581//1617 934//1617 583//1617
f 933//1618 934//1618 581//1618
f 583//1619 935//1619 585//1619
f 934//1620 935//1620 583//1620
f 585//1621 936//1621 587//1621
f 935//1622 936//1622 585//1622
f 587//1623 937//1623 589//1623
f 936//1624 937//1624 587//1624
f 589//1625 938//1625 590//1625
f 937//1626 938//1626 589//1626
f 590//1627 939//1627 591//1627
f 938//1628 939//1628 590//1628
f 591//1629 940//1629 592//1629
f 592//1630 940//1630 593//1630
f 939//1631 940//1631 591//1631
f 940//1632 941//1632 593//1632
f 941//1633 942//1633 593//1633
f 593//1634 942//1634 594//1634
f 594//1635 942//1635 602//1635
f 942//1636 943//1636 602//1636
f 943//1637 944//1637 602//1637
f 602//1638 944//1638 604//1638
f 944//1639 945//1639 604//1639
f 604//1640 945//1640 668//1640
f 945//1641 946//1641 668//1641
f 668//1642 946//1642 669//1642
f 669//1643 946//1643 670//1643
f 946//1644 947//1644 670//1644
f 947//1645 948//1645 670//1645
f 670//1646 948//1646 671//1646
f 948//1647 949//1647 671//1647
f 671//1648 949//1648 672//1648
f 672//1649 949//1649 673//1649
f 949//1650 950//1650 673//1650
f 673//1651 950//1651 674//1651
f 950//1652 951//1652 674//1652
f 951//1653 952//1653 674//1653
f 674//1654 952//1654 675//1654
f 952//1655 953//1655 675//1655
f 675//1656 953//1656 676//1656
f 953//1657 954//1657 676//1657
f 676//1658 954//1658 677//1658
f 954//1659 955//1659 677//1659
f 677//1660 955//1660 678//1660
f 955//1661 956//1661 678//1661
f 678//1662 956//1662 679//1662
f 956//1663 957//1663 679//1663
f 679//1664 957//1664 680//1664
f 957//1665 958//1665 680//1665
f 680//1666 958//1666 681//1666
f 958//1667 959//1667 681//1667
f 681//1668 959//1668 682//1668
f 682//1669 959//1669 683//1669
f 959//1670 960//1670 683//1670
f 960//1671 961//1671 683//1671
f 683//1672 961//1672 684//1672
f 684//1673 961//1673 685//1673
f 685//1674 962//1674 686//1674
f 961//1675 962//1675 685//1675
f 962//1676 963//1676 686//1676
f 686//1677 964//1677 687//1677
f 963//1678 964//1678 686//1678
f 687//1679 965//1679 688//1679
f 964//1680 965//1680 687//1680
f 688//1681 966//1681 689//1681
f 965//1682 966//1682 688//1682
f 966//1683 967//1683 689//1683
f 689//1684 967//1684 690//1684
f 967//1685 968//1685 690//1685
f 690//1686 968//1686 691//1686
f 968//1687 969//1687 691//1687
f 691//1688 969//1688 692//1688
f 969//1689 970//1689 692//1689
f 692//1690 970//1690 693//1690
f 970//1691 971//1691 693//1691
f 693//1692 971//1692 694//1692
f 971//1693 972//1693 694//1693
f 694//1694 972//1694 695//1694
f 972//1695 973//1695 695//1695
f 695//1696 973//1696 696//1696
f 973//1697 974//1697 696//1697
f 696//1698 974//1698 697//1698
f 974//1699 975//1699 697//1699
f 697//1700 975//1700 698//1700
f 975//1701 976//1701 698//1701
f 698//1702 976//1702 699//1702
f 976//1703 977//1703 699//1703
f 699//1704 977//1704 700//1704
f 977//1705 978//1705 700//1705
f 700//1706 978//1706 701//1706
f 978//1707 979//1707 701//1707
f 701//1708 979//1708 702//1708
f 702//1709 980//1709 703//1709
f 979//1710 980//1710 702//1710
f 703//1711 981//1711 704//1711
f 980//1712 981//1712 703//1712
f 704//1713 982//1713 705//1713
f 981//1714 982//1714 704//1714
f 705//1715 983//1715 706//1715
f 982//1716 983//1716 705//1716
f 706//1717 984//1717 707//1717
f 983//1718 984//1718 706//1718
f 707//1719 985//1719 708//1719
f 984//1720 985//1720 707//1720
f 708//1721 986//1721 709//1721
f 709//1722 986//1722 710//1722
f 985//1723 986//1723 708//1723
f 986//1724 987//1724 710//1724
f 710//1725 988//1725 711//1725
f 987//1726 988//1726 710//1726
f 711//1727 989//1727 712//1727
f 988//1728 989//1728 711//1728
f 712//1729 990//1729 713//1729
f 989//1730 990//1730 712//1730
f 713//1731 991//1731 714//1731
f 990//1732 991//1732 713//1732
f 714//1733 992//1733 647//1733
f 991//1734 992//1734 714//1734
f 992//1735 993//1735 647//1735
f 647//1736 993//1736 646//1736
f 993//1737 994//1737 646//1737
f 646//1738 994//1738 648//1738
f 994//1739 995//1739 648//1739
f 648//1740 995//1740 649//1740
f 995//1741 996//1741 649//1741
f 649//1742 996//1742 650//1742
f 650//1743 997//1743 651//1743
f 996//1744 997//1744 650//1744
f 651//1745 998//1745 652//1745
f 997//1746 998//1746 651//1746
f 652//1747 999//1747 653//1747
f 998//1748 999//1748 652//1748
f 653//1749 1000//1749 654//1749
f 999//1750 1000//1750 653//1750
f 654//1751 1001//1751 655//1751
f 1000//1752 1001//1752 654//1752
f 655//1753 1002//1753 656//1753
f 1001//1754 1002//1754 655//1754
f 656//1755 1003//1755 657//1755
f 1002//1756 1003//1756 656//1756
f 657//1757 1004//1757 658//1757
f 1003//1758 1004//1758 657//1758
f 658//1759 1005//1759 659//1759
f 1004//1760 1005//1760 658//1760
f 659//1761 1006//1761 660//1761
f 1005//1762 1006//1762 659//1762
f 660//1763 1007//1763 661//1763
f 1006//1764 1007//1764 660//1764
f 661//1765 1008//1765 662//1765
f 1007//1766 1008//1766 661//1766
f 662//1767 1009//1767 663//1767
f 1008//1768 1009//1768 662//1768
f 663//1769 1010//1769 664//1769
f 1009//1770 1010//1770 663//1770
f 664//1771 1011//1771 665//1771
f 1010//1772 1011//1772 664//1772
f 665//1773 1012//1773 666//1773
f 1011//1774 1012//1774 665//1774
f 666//1775 1013//1775 667//1775
f 1012//1776 1013//1776 666//1776
f 667//1777 1014//1777 622//1777
f 1013//1778 1014//1778 667//1778
f 622//1779 1015//1779 621//1779
f 1014//1780 1015//1780 622//1780
f 621//1781 1016//1781 620//1781
f 1015//1782 1016//1782 621//1782
f 1016//1783 1017//1783 620//1783
f 620//1784 1017//1784 616//1784
f 1017//1785 1018//1785 616//1785
f 616//1786 1018//1786 615//1786
f 1018//1787 1019//1787 615//1787
f 615//1788 1019//1788 614//1788
f 1019//1789 1020//1789 614//1789
f 614//1790 1020//1790 612//1790
f 1020//1791 1021//1791 612//1791
f 612//1792 1021//1792 607//1792
f 1021//1793 1022//1793 607//1793
f 607//1794 1022//1794 606//1794
f 1022//1795 1023//1795 606//1795
f 606//1796 1023//1796 605//1796
f 1023//1797 1024//1797 605//1797
f 605//1798 1024//1798 603//1798
f 1024//1799 1025//1799 603//1799
f 603//1800 1025//1800 601//1800
f 1025//1801 1026//1801 601//1801
f 601//1802 1026//1802 597//1802
f 1026//1803 1027//1803 597//1803
f 597//1804 1027//1804 596//1804
f 1027//1805 1028//1805 596//1805
f 596//1806 1028//1806 598//1806
f 1028//1807 1029//1807 598//1807
f 598//1808 1029//1808 599//1808
f 599//1809 1030//1809 600//1809
f 1029//1810 1030//1810 599//1810
f 600//1811 1030//1811 588//1811
f 1030//1812 905//1812 588//1812
f 835//1813 834//1813 1031//1813
f 1031//1814 834//1814 1032//1814
f 1032//1815 833//1815 1033//1815
f 834//1816 833//1816 1032//1816
f 1033//1817 832//1817 1034//1817
f 833//1818 832//1818 1033//1818
f 1034//1819 831//1819 1035//1819
f 1035//1820 831//1820 1036//1820
f 832//1821 831//1821 1034//1821
f 1036//1822 830//1822 1037//1822
f 831//1823 830//1823 1036//1823
f 830//1824 829//1824 1037//1824
f 1037//1825 827//1825 1038//1825
f 829//1826 827//1826 1037//1826
f 1038//1827 825//1827 1039//1827
f 1039//1828 825//1828 1040//1828
f 827//1829 825//1829 1038//1829
f 825//1830 823//1830 1040//1830
f 1040//1831 821//1831 1041//1831
f 823//1832 821//1832 1040//1832
f 821//1833 814//1833 1041//1833
f 1041//1834 814//1834 1042//1834
f 814//1835 815//1835 1042//1835
f 1042//1836 815//1836 1043//1836
f 815//1837 816//1837 1043//1837
f 1043//1838 816//1838 1044//1838
f 816//1839 817//1839 1044//1839
f 1044//1840 817//1840 1045//1840
f 1045//1841 818//1841 1046//1841
f 817//1842 818//1842 1045//1842
f 1046//1843 819//1843 1047//1843
f 818//1844 819//1844 1046//1844
f 1047//1845 795//1845 1048//1845
f 819//1846 795//1846 1047//1846
f 1048//1847 790//1847 1049//1847
f 795//1848 790//1848 1048//1848
f 1049//1849 788//1849 1050//1849
f 790//1850 788//1850 1049//1850
f 1050//1851 785//1851 1051//1851
f 1051//1852 785//1852 1052//1852
f 788//1853 785//1853 1050//1853
f 785//1854 782//1854 1052//1854
f 1052//1855 778//1855 1053//1855
f 1053//1856 778//1856 1054//1856
f 782//1857 778//1857 1052//1857
f 778//1858 773//1858 1054//1858
f 1054//1859 771//1859 1055//1859
f 1055//1860 771//1860 1056//1860
f 773//1861 771//1861 1054//1861
f 771//1862 767//1862 1056//1862
f 1056//1863 765//1863 1057//1863
f 767//1864 765//1864 1056//1864
f 1057//1865 761//1865 1058//1865
f 1058//1866 761//1866 1059//1866
f 765//1867 761//1867 1057//1867
f 1059//1868 758//1868 1060//1868
f 761//1869 758//1869 1059//1869
f 758//1870 754//1870 1060//1870
f 1060//1871 749//1871 1061//1871
f 1061//1872 749//1872 1062//1872
f 754//1873 749//1873 1060//1873
f 749//1874 747//1874 1062//1874
f 1062//1875 740//1875 1063//1875
f 1063//1876 740//1876 1064//1876
f 747//1877 740//1877 1062//1877
f 740//1878 741//1878 1064//1878
f 1064//1879 742//1879 1065//1879
f 1065//1880 742//1880 1066//1880
f 741//1881 742//1881 1064//1881
f 742//1882 743//1882 1066//1882
f 743//1883 744//1883 1066//1883
f 1066//1884 744//1884 1067//1884
f 1067//1885 745//1885 1068//1885
f 744//1886 745//1886 1067//1886
f 745//1887 733//1887 1068//1887
f 1068//1888 733//1888 1069//1888
f 733//1889 731//1889 1069//1889
f 1069//1890 731//1890 1070//1890
f 731//1891 729//1891 1070//1891
f 1070//1892 729//1892 1071//1892
f 1071//1893 729//1893 1072//1893
f 729//1894 727//1894 1072//1894
f 727//1895 725//1895 1072//1895
f 1072//1896 725//1896 1073//1896
f 725//1897 723//1897 1073//1897
f 1073//1898 723//1898 1074//1898
f 723//1899 721//1899 1074//1899
f 1074//1900 721//1900 1075//1900
f 721//1901 719//1901 1075//1901
f 1075//1902 719//1902 1076//1902
f 719//1903 717//1903 1076//1903
f 1076//1904 717//1904 1077//1904
f 717//1905 716//1905 1077//1905
f 1077//1906 716//1906 1078//1906
f 716//1907 715//1907 1078//1907
f 1078//1908 715//1908 1079//1908
f 715//1909 718//1909 1079//1909
f 1079//1910 718//1910 1080//1910
f 1080//1911 720//1911 1081//1911
f 718//1912 720//1912 1080//1912
f 1081//1913 722//1913 1082//1913
f 720//1914 722//1914 1081//1914
f 1082//1915 724//1915 1083//1915
f 722//1916 724//1916 1082//1916
f 1083//1917 726//1917 1084//1917
f 724//1918 726//1918 1083//1918
f 1084//1919 728//1919 1085//1919
f 726//1920 728//1920 1084//1920
f 1085//1921 730//1921 1086//1921
f 728//1922 730//1922 1085//1922
f 1086//1923 732//1923 1087//1923
f 730//1924 732//1924 1086//1924
f 1087//1925 734//1925 1088//1925
f 732//1926 734//1926 1087//1926
f 1088//1927 735//1927 1089//1927
f 734//1928 735//1928 1088//1928
f 1089//1929 736//1929 1090//1929
f 735//1930 736//1930 1089//1930
f 1090//1931 737//1931 1091//1931
f 736//1932 737//1932 1090//1932
f 1091//1933 738//1933 1092//1933
f 737//1934 738//1934 1091//1934
f 738//1935 739//1935 1092//1935
f 1092//1936 739//1936 1093//1936
f 739//1937 746//1937 1093//1937
f 1093//1938 746//1938 1094//1938
f 746//1939 748//1939 1094//1939
f 1094//1940 748//1940 1095//1940
f 748//1941 750//1941 1095//1941
f 1095//1942 750//1942 1096//1942
f 750//1943 756//1943 1096//1943
f 1096//1944 756//1944 1097//1944
f 756//1945 759//1945 1097//1945
f 1097//1946 759//1946 1098//1946
f 759//1947 762//1947 1098//1947
f 1098//1948 762//1948 1099//1948
f 762//1949 766//1949 1099//1949
f 1099//1950 766//1950 1100//1950
f 766//1951 770//1951 1100//1951
f 1100//1952 770//1952 1101//1952
f 770//1953 772//1953 1101//1953
f 1101//1954 772//1954 1102//1954
f 772//1955 777//1955 1102//1955
f 1102//1956 777//1956 1103//1956
f 777//1957 780//1957 1103//1957
f 1103//1958 780//1958 1104//1958
f 780//1959 784//1959 1104//1959
f 1104//1960 784//1960 1105//1960
f 784//1961 787//1961 1105//1961
f 1105//1962 787//1962 1106//1962
f 787//1963 789//1963 1106//1963
f 1106//1964 789//1964 1107//1964
f 789//1965 794//1965 1107//1965
f 1107//1966 794//1966 1108//1966
f 794//1967 798//1967 1108//1967
f 1108//1968 798//1968 1109//1968
f 798//1969 800//1969 1109//1969
f 1109//1970 800//1970 1110//1970
f 800//1971 802//1971 1110//1971
f 1110//1972 802//1972 1111//1972
f 802//1973 805//1973 1111//1973
f 1111//1974 805//1974 1112//1974
f 805//1975 806//1975 1112//1975
f 1112//1976 806//1976 1113//1976
f 1113//1977 811//1977 1114//1977
f 806//1978 811//1978 1113//1978
f 1114//1979 820//1979 1115//1979
f 811//1980 820//1980 1114//1980
f 1115//1981 822//1981 1116//1981
f 820//1982 822//1982 1115//1982
f 1116//1983 824//1983 1117//1983
f 822//1984 824//1984 1116//1984
f 1117//1985 826//1985 1118//1985
f 824//1986 826//1986 1117//1986
f 826//1987 828//1987 1118//1987
f 1118//1988 828//1988 1119//1988
f 828//1989 854//1989 1119//1989
f 1119//1990 854//1990 1120//1990
f 854//1991 855//1991 1120//1991
f 1120//1992 855//1992 1121//1992
f 855//1993 856//1993 1121//1993
f 1121//1994 856//1994 1122//1994
f 856//1995 857//1995 1122//1995
f 1122//1996 857//1996 1123//1996
f 857//1997 858//1997 1123//1997
f 1123//1998 858//1998 1124//1998
f 1124//1999 858//1999 1125//1999
f 858//2000 859//2000 1125//2000
f 859//2001 860//2001 1125//2001
f 1125//2002 860//2002 1126//2002
f 860//2003 861//2003 1126//2003
f 1126//2004 861//2004 1127//2004
f 861//2005 862//2005 1127//2005
f 1127//2006 862//2006 1128//2006
f 862//2007 863//2007 1128//2007
f 1128//2008 863//2008 1129//2008
f 1130//2009 864//2009 1131//2009
f 863//2010 864//2010 1129//2010
f 1129//2011 864//2011 1130//2011
f 864//2012 865//2012 1131//2012
f 1131//2013 866//2013 1132//2013
f 865//2014 866//2014 1131//2014
f 1132//2015 867//2015 1133//2015
f 866//2016 867//2016 1132//2016
f 1133//2017 868//2017 1134//2017
f 1134//2018 868//2018 1135//2018
f 867//2019 868//2019 1133//2019
f 868//2020 869//2020 1135//2020
f 1135//2021 870//2021 1136//2021
f 869//2022 870//2022 1135//2022
f 1136//2023 871//2023 1137//2023
f 870//2024 871//2024 1136//2024
f 1137//2025 872//2025 1138//2025
f 1138//2026 872//2026 1139//2026
f 871//2027 872//2027 1137//2027
f 872//2028 873//2028 1139//2028
f 1139//2029 837//2029 1140//2029
f 1140//2030 837//2030 1141//2030
f 873//2031 837//2031 1139//2031
f 837//2032 838//2032 1141//2032
f 1141//2033 839//2033 1142//2033
f 838//2034 839//2034 1141//2034
f 839//2035 840//2035 1142//2035
f 1142//2036 840//2036 1143//2036
f 840//2037 841//2037 1143//2037
f 1143//2038 841//2038 1144//2038
f 841//2039 842//2039 1144//2039
f 1144//2040 842//2040 1145//2040
f 842//2041 843//2041 1145//2041
f 1145//2042 843//2042 1146//2042
f 1146//2043 844//2043 1147//2043
f 843//2044 844//2044 1146//2044
f 1147//2045 845//2045 1148//2045
f 844//2046 845//2046 1147//2046
f 1148//2047 846//2047 1149//2047
f 845//2048 846//2048 1148//2048
f 1149//2049 847//2049 1150//2049
f 846//2050 847//2050 1149//2050
f 1150//2051 848//2051 1151//2051
f 847//2052 848//2052 1150//2052
f 1151//2053 849//2053 1152//2053
f 848//2054 849//2054 1151//2054
f 1152//2055 850//2055 1153//2055
f 849//2056 850//2056 1152//2056
f 1153//2057 851//2057 1154//2057
f 850//2058 851//2058 1153//2058
f 1154//2059 852//2059 1155//2059
f 851//2060 852//2060 1154//2060
f 1155//2061 853//2061 1156//2061
f 852//2062 853//2062 1155//2062
f 1156//2063 835//2063 1031//2063
f 853//2064 835//2064 1156//2064
f 984//2065 983//2065 1110//2065
f 1110//2066 983//2066 1109//2066
f 1110//2067 985//2067 984//2067
f 1111//2068 985//2068 1110//2068
f 983//2069 982//2069 1109//2069
f 1109//2070 982//2070 1108//2070
f 1111//2071 986//2071 985//2071
f 1112//2072 986//2072 1111//2072
f 982//2073 981//2073 1108//2073
f 1108//2074 981//2074 1107//2074
f 1113//2075 987//2075 1112//2075
f 1112//2076 987//2076 986//2076
f 981//2077 980//2077 1107//2077
f 1107//2078 980//2078 1106//2078
f 1113//2079 988//2079 987//2079
f 1114//2080 988//2080 1113//2080
f 980//2081 979//2081 1106//2081
f 1106//2082 979//2082 1105//2082
f 1115//2083 989//2083 1114//2083
f 1114//2084 989//2084 988//2084
f 979//2085 978//2085 1105//2085
f 1105//2086 978//2086 1104//2086
f 1115//2087 990//2087 989//2087
f 1116//2088 990//2088 1115//2088
f 978//2089 977//2089 1104//2089
f 1103//2090 977//2090 1102//2090
f 1104//2091 977//2091 1103//2091
f 1117//2092 991//2092 1116//2092
f 1116//2093 991//2093 990//2093
f 977//2094 976//2094 1102//2094
f 1117//2095 992//2095 991//2095
f 1118//2096 992//2096 1117//2096
f 976//2097 975//2097 1102//2097
f 1102//2098 975//2098 1101//2098
f 1118//2099 993//2099 992//2099
f 1119//2100 993//2100 1118//2100
f 1101//2101 974//2101 1100//2101
f 975//2102 974//2102 1101//2102
f 1119//2103 994//2103 993//2103
f 1120//2104 994//2104 1119//2104
f 974//2105 973//2105 1100//2105
f 1100//2106 973//2106 1099//2106
f 1120//2107 995//2107 994//2107
f 1121//2108 995//2108 1120//2108
f 1099//2109 972//2109 1098//2109
f 973//2110 972//2110 1099//2110
f 1121//2111 996//2111 995//2111
f 1122//2112 996//2112 1121//2112
f 1098//2113 971//2113 1097//2113
f 972//2114 971//2114 1098//2114
f 1122//2115 997//2115 996//2115
f 1123//2116 997//2116 1122//2116
f 971//2117 970//2117 1097//2117
f 1097//2118 970//2118 1096//2118
f 1124//2119 998//2119 1123//2119
f 1123//2120 998//2120 997//2120
f 970//2121 969//2121 1096//2121
f 1096//2122 969//2122 1095//2122
f 1124//2123 999//2123 998//2123
f 1125//2124 999//2124 1124//2124
f 969//2125 968//2125 1095//2125
f 1094//2126 968//2126 1093//2126
f 1095//2127 968//2127 1094//2127
f 1125//2128 1000//2128 999//2128
f 1126//2129 1000//2129 1125//2129
f 968//2130 967//2130 1093//2130
f 1126//2131 1001//2131 1000//2131
f 1127//2132 1001//2132 1126//2132
f 967//2133 966//2133 1093//2133
f 1093//2134 966//2134 1092//2134
f 1127//2135 1002//2135 1001//2135
f 1128//2136 1002//2136 1127//2136
f 966//2137 965//2137 1092//2137
f 1092//2138 965//2138 1091//2138
f 1128//2139 1003//2139 1002//2139
f 1129//2140 1003//2140 1128//2140
f 965//2141 964//2141 1091//2141
f 1091//2142 964//2142 1090//2142
f 1129//2143 1004//2143 1003//2143
f 1130//2144 1004//2144 1129//2144
f 964//2145 963//2145 1090//2145
f 1090//2146 963//2146 1089//2146
f 1130//2147 1005//2147 1004//2147
f 1131//2148 1005//2148 1130//2148
f 963//2149 962//2149 1089//2149
f 1089//2150 962//2150 1088//2150
f 1132//2151 1006//2151 1131//2151
f 1131//2152 1006//2152 1005//2152
f 962//2153 961//2153 1088//2153
f 1088//2154 961//2154 1087//2154
f 1133//2155 1007//2155 1132//2155
f 1132//2156 1007//2156 1006//2156
f 961//2157 960//2157 1087//2157
f 1087//2158 960//2158 1086//2158
f 1134//2159 1008//2159 1133//2159
f 1133//2160 1008//2160 1007//2160
f 1085//2161 959//2161 1084//2161
f 1086//2162 959//2162 1085//2162
f 960//2163 959//2163 1086//2163
f 1135//2164 1009//2164 1134//2164
f 1134//2165 1009//2165 1008//2165
f 959//2166 958//2166 1084//2166
f 1136//2167 1010//2167 1135//2167
f 1135//2168 1010//2168 1009//2168
f 1084//2169 957//2169 1083//2169
f 958//2170 957//2170 1084//2170
f 1137//2171 1011//2171 1136//2171
f 1136//2172 1011//2172 1010//2172
f 1083//2173 956//2173 1082//2173
f 957//2174 956//2174 1083//2174
f 1138//2175 1012//2175 1137//2175
f 1139//2176 1012//2176 1138//2176
f 1137//2177 1012//2177 1011//2177
f 956//2178 955//2178 1082//2178
f 1082//2179 955//2179 1081//2179
f 1139//2180 1013//2180 1012//2180
f 1081//2181 954//2181 1080//2181
f 955//2182 954//2182 1081//2182
f 954//2183 1079//2183 1080//2183
f 1140//2184 1014//2184 1139//2184
f 1139//2185 1014//2185 1013//2185
f 954//2186 953//2186 1079//2186
f 1140//2187 1141//2187 1014//2187
f 1141//2188 1015//2188 1014//2188
f 952//2189 1078//2189 953//2189
f 953//2190 1078//2190 1079//2190
f 1141//2191 1016//2191 1015//2191
f 1141//2192 1142//2192 1016//2192
f 952//2193 1077//2193 1078//2193
f 951//2194 1077//2194 952//2194
f 1142//2195 1143//2195 1016//2195
f 1016//2196 1143//2196 1017//2196
f 951//2197 1076//2197 1077//2197
f 950//2198 1076//2198 951//2198
f 1143//2199 1144//2199 1017//2199
f 1017//2200 1144//2200 1018//2200
f 950//2201 1075//2201 1076//2201
f 948//2202 1075//2202 949//2202
f 949//2203 1075//2203 950//2203
f 1144//2204 1145//2204 1018//2204
f 1018//2205 1145//2205 1019//2205
f 1019//2206 1145//2206 1020//2206
f 948//2207 1074//2207 1075//2207
f 1145//2208 1146//2208 1020//2208
f 948//2209 1073//2209 1074//2209
f 947//2210 1073//2210 948//2210
f 1020//2211 1147//2211 1021//2211
f 1146//2212 1147//2212 1020//2212
f 946//2213 1072//2213 947//2213
f 947//2214 1072//2214 1073//2214
f 1021//2215 1148//2215 1022//2215
f 1147//2216 1148//2216 1021//2216
f 944//2217 1071//2217 945//2217
f 945//2218 1071//2218 946//2218
f 946//2219 1071//2219 1072//2219
f 1022//2220 1149//2220 1023//2220
f 1148//2221 1149//2221 1022//2221
f 944//2222 1070//2222 1071//2222
f 1023//2223 1150//2223 1024//2223
f 1149//2224 1150//2224 1023//2224
f 944//2225 1069//2225 1070//2225
f 943//2226 1069//2226 944//2226
f 1024//2227 1151//2227 1025//2227
f 1025//2228 1151//2228 1026//2228
f 1150//2229 1151//2229 1024//2229
f 943//2230 1068//2230 1069//2230
f 941//2231 1068//2231 942//2231
f 942//2232 1068//2232 943//2232
f 1151//2233 1152//2233 1026//2233
f 941//2234 1067//2234 1068//2234
f 940//2235 1067//2235 941//2235
f 1152//2236 1153//2236 1026//2236
f 1026//2237 1153//2237 1027//2237
f 1027//2238 1153//2238 1028//2238
f 940//2239 1066//2239 1067//2239
f 1153//2240 1154//2240 1028//2240
f 939//2241 1065//2241 940//2241
f 940//2242 1065//2242 1066//2242
f 1028//2243 1155//2243 1029//2243
f 1154//2244 1155//2244 1028//2244
f 938//2245 1064//2245 939//2245
f 939//2246 1064//2246 1065//2246
f 1029//2247 1156//2247 1030//2247
f 1030//2248 1156//2248 905//2248
f 1155//2249 1156//2249 1029//2249
f 936//2250 1063//2250 937//2250
f 937//2251 1063//2251 938//2251
f 938//2252 1063//2252 1064//2252
f 1156//2253 1031//2253 905//2253
f 936//2254 1062//2254 1063//2254
f 905//2255 1032//2255 906//2255
f 906//2256 1032//2256 907//2256
f 1031//2257 1032//2257 905//2257
f 934//2258 1061//2258 935//2258
f 935//2259 1061//2259 936//2259
f 936//2260 1061//2260 1062//2260
f 1032//2261 1033//2261 907//2261
f 934//2262 1060//2262 1061//2262
f 907//2263 1034//2263 908//2263
f 908//2264 1034//2264 909//2264
f 1033//2265 1034//2265 907//2265
f 932//2266 1059//2266 933//2266
f 933//2267 1059//2267 934//2267
f 934//2268 1059//2268 1060//2268
f 1034//2269 1035//2269 909//2269
f 932//2270 1058//2270 1059//2270
f 909//2271 1036//2271 910//2271
f 1035//2272 1036//2272 909//2272
f 930//2273 1057//2273 931//2273
f 931//2274 1057//2274 932//2274
f 932//2275 1057//2275 1058//2275
f 1036//2276 1037//2276 910//2276
f 910//2277 1037//2277 911//2277
f 911//2278 1037//2278 912//2278
f 930//2279 1056//2279 1057//2279
f 1037//2280 1038//2280 912//2280
f 930//2281 1055//2281 1056//2281
f 929//2282 1055//2282 930//2282
f 912//2283 1039//2283 913//2283
f 913//2284 1039//2284 914//2284
f 1038//2285 1039//2285 912//2285
f 929//2286 1054//2286 1055//2286
f 928//2287 1054//2287 929//2287
f 1039//2288 1040//2288 914//2288
f 914//2289 1040//2289 915//2289
f 928//2290 1053//2290 1054//2290
f 927//2291 1053//2291 928//2291
f 1040//2292 1041//2292 915//2292
f 915//2293 1041//2293 916//2293
f 927//2294 1052//2294 1053//2294
f 926//2295 1052//2295 927//2295
f 916//2296 1042//2296 917//2296
f 1041//2297 1042//2297 916//2297
f 926//2298 1051//2298 1052//2298
f 924//2299 1051//2299 925//2299
f 925//2300 1051//2300 926//2300
f 1042//2301 1043//2301 917//2301
f 924//2302 1050//2302 1051//2302
f 1043//2303 1044//2303 917//2303
f 917//2304 1044//2304 918//2304
f 918//2305 1044//2305 919//2305
f 924//2306 1049//2306 1050//2306
f 923//2307 1049//2307 924//2307
f 919//2308 1045//2308 920//2308
f 1044//2309 1045//2309 919//2309
f 922//2310 1048//2310 923//2310
f 923//2311 1048//2311 1049//2311
f 1045//2312 1046//2312 920//2312
f 920//2313 1047//2313 921//2313
f 921//2314 1047//2314 922//2314
f 922//2315 1047//2315 1048//2315
f 1046//2316 1047//2316 920//2316
