# Created by FreeCAD <https://www.freecad.org>
v 33.258038 -0.027764 64.354897
v 32.307442 4.524035 64.354897
v 33.830437 -2.768632 70.754890
v 33.258038 -0.027764 57.354893
v 33.830437 -2.768632 50.954895
v 32.307442 4.524035 57.354893
v 28.010355 25.100124 70.754890
v 28.010355 25.100124 50.954895
v -5.373767 -10.955994 50.954895
v -5.373767 -10.955994 70.754890
v 27.493151 27.576694 50.954895
v 34.891891 26.537256 50.954895
v 34.374687 29.013826 50.954895
v -11.193848 16.912762 50.954895
v -11.711052 19.389332 50.954895
v -12.886516 25.017900 50.954895
v 26.317688 33.205261 50.954895
v -18.075386 15.475629 50.954895
v -18.592590 17.952200 50.954895
v 34.374687 29.013826 70.754890
v -11.711052 19.389332 70.754890
v -12.886516 25.017900 70.754890
v 26.317688 33.205261 70.754890
v -18.592590 17.952200 70.754890
v 30.801105 25.682941 67.575928
v 30.879721 25.699358 67.654259
v 30.726410 25.667341 67.493690
v 30.962061 25.716555 67.728493
v 30.655819 25.652599 67.407745
v 31.047920 25.734486 67.798439
v 30.589510 25.638752 67.318314
v 31.137087 25.753107 67.863930
v 30.527647 25.625832 67.225624
v 31.229338 25.772371 67.924797
v 30.470385 25.613873 67.129890
v 31.324444 25.792234 67.980896
v 30.417862 25.602905 67.031364
v 31.422169 25.812643 68.032074
v 30.370214 25.592953 66.930290
v 31.522268 25.833548 68.078217
v 30.327557 25.584045 66.826912
v 31.624496 25.854897 68.119202
v 30.289995 25.576200 66.721489
v 31.728598 25.876637 68.154930
v 30.257626 25.569441 66.614288
v 31.834311 25.898714 68.185318
v 30.230528 25.563782 66.505569
v 31.941376 25.921074 68.210281
v 30.208767 25.559237 66.395599
v 32.049526 25.943659 68.229767
v 30.192400 25.555819 66.284668
v 30.181465 25.553535 66.173035
v 30.175991 25.552393 66.060989
v 30.175991 25.552393 65.948799
v 34.891891 26.537256 70.754890
v 32.158493 25.966415 68.243713
v 32.268005 25.989286 68.252098
v 32.377789 26.012213 68.254890
v 32.487576 26.035141 68.252098
v 30.181465 25.553535 65.836754
v 32.597088 26.058012 68.243713
v 30.192400 25.555819 65.725121
v 32.706055 26.080769 68.229767
v 30.208767 25.559237 65.614182
v 32.814205 26.103354 68.210281
v 30.230528 25.563782 65.504219
v 32.921268 26.125713 68.185318
v 30.257626 25.569441 65.395500
v 33.026985 26.147791 68.154930
v 33.131084 26.169531 68.119202
v 33.233311 26.190880 68.078217
v 33.333412 26.211784 68.032074
v 33.431137 26.232193 67.980896
v 33.526241 26.252054 67.924797
v 33.618492 26.271320 67.863930
v 33.707661 26.289942 67.798439
v 33.793518 26.307873 67.728493
v 33.875858 26.325069 67.654259
v 33.954475 26.341486 67.575928
v 34.854362 26.529417 67.129890
v 34.029171 26.357086 67.493690
v 34.099762 26.371828 67.407745
v 34.166069 26.385675 67.318314
v 34.227932 26.398596 67.225624
v 34.285198 26.410555 67.129890
v 34.227932 26.398596 64.784164
v 34.854362 26.529417 64.879890
v 34.285198 26.410555 64.879890
v 34.166069 26.385675 64.691467
v 34.099762 26.371828 64.602043
v 34.029171 26.357086 64.516098
v 33.954475 26.341486 64.433861
v 33.875858 26.325069 64.355530
v 33.793518 26.307873 64.281296
v 33.707661 26.289942 64.211342
v 30.801105 25.682941 57.275928
v 30.879721 25.699358 57.354259
v 30.801105 25.682941 64.433861
v 30.879721 25.699358 64.355530
v 30.726410 25.667341 57.193687
v 30.726410 25.667341 64.516098
v 30.655819 25.652599 64.602043
v 30.962061 25.716555 64.281296
v 30.962061 25.716555 57.428493
v 31.047920 25.734486 64.211342
v 30.655819 25.652599 57.107746
v 31.047920 25.734486 57.498444
v 30.589510 25.638752 57.018318
v 30.589510 25.638752 64.691467
v 31.137087 25.753107 64.145859
v 31.137087 25.753107 57.563931
v 31.229338 25.772371 64.084991
v 30.527647 25.625832 56.925621
v 30.527647 25.625832 64.784164
v 31.229338 25.772371 57.624798
v 31.324444 25.792234 64.028893
v 30.470385 25.613873 56.829895
v 30.470385 25.613873 64.879890
v 31.324444 25.792234 57.680893
v 31.422169 25.812643 63.977715
v 30.417862 25.602905 56.731369
v 30.417862 25.602905 64.978416
v 31.422169 25.812643 57.732075
v 31.522268 25.833548 63.931572
v 30.370214 25.592953 56.630291
v 30.370214 25.592953 65.079498
v 31.522268 25.833548 57.778214
v 31.624496 25.854897 63.890587
v 30.327557 25.584045 65.182877
v 30.327557 25.584045 56.526913
v 30.289995 25.576200 65.288300
v 31.624496 25.854897 57.819202
v 30.289995 25.576200 56.421490
v 31.728598 25.876637 63.854855
v 31.728598 25.876637 57.854931
v 31.834311 25.898714 63.824471
v 30.257626 25.569441 56.314285
v 31.834311 25.898714 57.885319
v 31.941376 25.921074 63.799507
v 31.941376 25.921074 57.910282
v 32.049526 25.943659 63.780025
v 32.049526 25.943659 57.929764
v 32.158493 25.966415 57.943714
v 32.158493 25.966415 63.766075
v 32.268005 25.989286 57.952095
v 32.268005 25.989286 63.757690
v 32.377789 26.012213 63.754894
v 32.377789 26.012213 57.954895
v 32.487576 26.035141 63.757690
v 32.487576 26.035141 57.952095
v 32.597088 26.058012 63.766075
v 32.597088 26.058012 57.943714
v 32.706055 26.080769 63.780025
v 32.706055 26.080769 57.929764
v 32.814205 26.103354 63.799507
v 32.814205 26.103354 57.910282
v 32.921268 26.125713 63.824471
v 32.921268 26.125713 57.885319
v 33.026985 26.147791 57.854931
v 33.026985 26.147791 63.854855
v 33.131084 26.169531 63.890587
v 33.131084 26.169531 57.819202
v 33.233311 26.190880 63.931572
v 33.233311 26.190880 57.778214
v 33.333412 26.211784 63.977715
v 33.333412 26.211784 57.732075
v 33.431137 26.232193 57.680893
v 33.431137 26.232193 64.028893
v 33.526241 26.252054 57.624798
v 33.526241 26.252054 64.084991
v 33.618492 26.271320 64.145859
v 33.618492 26.271320 57.563931
v 33.707661 26.289942 57.498444
v 30.879721 25.699358 54.055527
v 30.962061 25.716555 53.981293
v 30.801105 25.682941 54.133862
v 30.726410 25.667341 54.216103
v 30.655819 25.652599 54.302040
v 30.589510 25.638752 54.391472
v 30.527647 25.625832 54.484165
v 30.470385 25.613873 54.579895
v 30.417862 25.602905 54.678421
v 30.370214 25.592953 54.779499
v 30.327557 25.584045 54.882877
v 30.289995 25.576200 54.988300
v 30.257626 25.569441 55.095501
v 30.230528 25.563782 55.204224
v 30.208767 25.559237 55.314186
v 30.192400 25.555819 55.425121
v 30.181465 25.553535 55.536751
v 30.175991 25.552393 55.648800
v 30.175991 25.552393 55.760986
v 30.181465 25.553535 55.873035
v 30.192400 25.555819 55.984669
v 30.208767 25.559237 56.095604
v 30.230528 25.563782 56.205566
v 31.047920 25.734486 53.911346
v 31.137087 25.753107 53.845856
v 31.229338 25.772371 53.784988
v 31.324444 25.792234 53.728897
v 31.422169 25.812643 53.677715
v 31.522268 25.833548 53.631573
v 31.624496 25.854897 53.590584
v 33.793518 26.307873 57.428493
v 34.854362 26.529417 56.829895
v 33.875858 26.325069 57.354259
v 33.954475 26.341486 57.275928
v 34.029171 26.357086 57.193687
v 34.099762 26.371828 57.107746
v 34.166069 26.385675 57.018318
v 34.227932 26.398596 56.925621
v 34.285198 26.410555 56.829895
v 31.728598 25.876637 53.554855
v 31.834311 25.898714 53.524471
v 31.941376 25.921074 53.499504
v 32.049526 25.943659 53.480026
v 34.227932 26.398596 54.484165
v 34.854362 26.529417 54.579895
v 34.285198 26.410555 54.579895
v 34.166069 26.385675 54.391472
v 34.099762 26.371828 54.302040
v 34.029171 26.357086 54.216103
v 33.954475 26.341486 54.133862
v 33.875858 26.325069 54.055527
v 33.793518 26.307873 53.981293
v 33.707661 26.289942 53.911346
v 33.618492 26.271320 53.845856
v 33.526241 26.252054 53.784988
v 33.431137 26.232193 53.728897
v 33.333412 26.211784 53.677715
v 33.233311 26.190880 53.631573
v 33.131084 26.169531 53.590584
v 33.026985 26.147791 53.554855
v 32.921268 26.125713 53.524471
v 32.814205 26.103354 53.499504
v 32.706055 26.080769 53.480026
v 32.597088 26.058012 53.466076
v 32.487576 26.035141 53.457691
v 32.377789 26.012213 53.454895
v 32.268005 25.989286 53.457691
v 32.158493 25.966415 53.466076
v 37.299740 5.566620 57.354893
v 37.299740 5.566620 64.354897
v 38.250332 1.014822 57.354893
v 38.250332 1.014822 64.354897
v -11.193848 16.912762 70.754890
v 34.337158 29.005989 67.129890
v 33.358654 28.801640 67.654259
v 33.437271 28.818058 67.575928
v 33.511967 28.833656 67.493690
v 33.276314 28.784443 67.728493
v 33.582558 28.848398 67.407745
v 33.190456 28.766512 67.798439
v 33.648865 28.862247 67.318314
v 33.101288 28.747892 67.863930
v 33.710728 28.875166 67.225624
v 33.009037 28.728626 67.924797
v 33.767994 28.887125 67.129890
v 32.913933 28.708765 67.980896
v 32.816208 28.688354 68.032074
v 32.716106 28.667450 68.078217
v 32.613880 28.646101 68.119202
v 32.509781 28.624361 68.154930
v 32.404064 28.602283 68.185318
v 32.297001 28.579924 68.210281
v 32.188850 28.557339 68.229767
v 32.079884 28.534582 68.243713
v 31.970371 28.511711 68.252098
v 31.860586 28.488785 68.254890
v 31.750801 28.465857 68.252098
v 31.641289 28.442987 68.243713
v 31.532322 28.420231 68.229767
v 34.337158 29.005989 64.879890
v 33.710728 28.875166 64.784164
v 33.767994 28.887125 64.879890
v 33.648865 28.862247 64.691467
v 33.582558 28.848398 64.602043
v 27.493151 27.576694 70.754890
v 30.530716 28.211056 67.798439
v 30.619883 28.229677 67.863930
v 30.712133 28.248943 67.924797
v 30.807240 28.268805 67.980896
v 30.904964 28.289213 68.032074
v 31.005064 28.310118 68.078217
v 31.107292 28.331467 68.119202
v 31.211393 28.353209 68.154930
v 31.317106 28.375284 68.185318
v 31.424171 28.397644 68.210281
v 30.444857 28.193125 67.728493
v 33.511967 28.833656 64.516098
v 30.362516 28.175930 67.654259
v 33.437271 28.818058 64.433861
v 30.283901 28.159512 67.575928
v 33.358654 28.801640 64.355530
v 30.209206 28.143911 67.493690
v 33.276314 28.784443 64.281296
v 30.138615 28.129169 67.407745
v 33.190456 28.766512 64.211342
v 30.072306 28.115322 67.318314
v 30.010443 28.102402 67.225624
v 29.953180 28.090445 67.129890
v 29.900658 28.079475 67.031364
v 29.853010 28.069525 66.930290
v 29.810352 28.060616 66.826912
v 29.772791 28.052773 66.721489
v 29.740421 28.046011 66.614288
v 29.713324 28.040352 66.505569
v 29.691563 28.035809 66.395599
v 29.675196 28.032391 66.284668
v 29.664261 28.030106 66.173035
v 29.658787 28.028963 66.060989
v 29.658787 28.028963 65.948799
v 29.664261 28.030106 65.836754
v 29.675196 28.032391 65.725121
v 29.691563 28.035809 65.614182
v 29.713324 28.040352 65.504219
v 29.740421 28.046011 65.395500
v 33.437271 28.818058 57.275928
v 33.358654 28.801640 57.354259
v 34.337158 29.005989 56.829895
v 33.511967 28.833656 57.193687
v 33.276314 28.784443 57.428493
v 33.582558 28.848398 57.107746
v 33.190456 28.766512 57.498444
v 33.648865 28.862247 57.018318
v 33.101288 28.747892 57.563931
v 33.101288 28.747892 64.145859
v 33.710728 28.875166 56.925621
v 33.009037 28.728626 57.624798
v 33.009037 28.728626 64.084991
v 33.767994 28.887125 56.829895
v 32.913933 28.708765 57.680893
v 32.913933 28.708765 64.028893
v 32.816208 28.688354 57.732075
v 32.816208 28.688354 63.977715
v 32.716106 28.667450 57.778214
v 32.716106 28.667450 63.931572
v 32.613880 28.646101 63.890587
v 32.613880 28.646101 57.819202
v 32.509781 28.624361 57.854931
v 32.509781 28.624361 63.854855
v 32.404064 28.602283 57.885319
v 32.404064 28.602283 63.824471
v 32.297001 28.579924 57.910282
v 32.297001 28.579924 63.799507
v 32.188850 28.557339 57.929764
v 32.188850 28.557339 63.780025
v 32.079884 28.534582 57.943714
v 32.079884 28.534582 63.766075
v 31.970371 28.511711 57.952095
v 31.970371 28.511711 63.757690
v 31.860586 28.488785 57.954895
v 31.860586 28.488785 63.754894
v 31.750801 28.465857 57.952095
v 31.750801 28.465857 63.757690
v 31.641289 28.442987 57.943714
v 31.641289 28.442987 63.766075
v 31.532322 28.420231 57.929764
v 31.532322 28.420231 63.780025
v 31.424171 28.397644 57.910282
v 31.424171 28.397644 63.799507
v 31.317106 28.375284 57.885319
v 31.317106 28.375284 63.824471
v 31.211393 28.353209 57.854931
v 31.211393 28.353209 63.854855
v 31.107292 28.331467 57.819202
v 31.107292 28.331467 63.890587
v 31.005064 28.310118 57.778214
v 31.005064 28.310118 63.931572
v 30.904964 28.289213 57.732075
v 30.904964 28.289213 63.977715
v 30.807240 28.268805 57.680893
v 30.807240 28.268805 64.028893
v 30.712133 28.248943 57.624798
v 30.712133 28.248943 64.084991
v 30.619883 28.229677 64.145859
v 34.337158 29.005989 54.579895
v 33.710728 28.875166 54.484165
v 33.767994 28.887125 54.579895
v 30.619883 28.229677 57.563931
v 33.648865 28.862247 54.391472
v 30.530716 28.211056 57.498444
v 30.530716 28.211056 64.211342
v 30.444857 28.193125 64.281296
v 33.582558 28.848398 54.302040
v 30.444857 28.193125 57.428493
v 33.511967 28.833656 54.216103
v 30.362516 28.175930 57.354259
v 30.362516 28.175930 64.355530
v 33.437271 28.818058 54.133862
v 30.283901 28.159512 57.275928
v 30.283901 28.159512 64.433861
v 33.358654 28.801640 54.055527
v 30.209206 28.143911 57.193687
v 30.209206 28.143911 64.516098
v 30.138615 28.129169 57.107746
v 30.138615 28.129169 64.602043
v 30.072306 28.115322 57.018318
v 30.072306 28.115322 64.691467
v 30.010443 28.102402 56.925621
v 30.010443 28.102402 64.784164
v 29.953180 28.090445 56.829895
v 29.953180 28.090445 64.879890
v 29.900658 28.079475 56.731369
v 29.900658 28.079475 64.978416
v 29.853010 28.069525 56.630291
v 29.853010 28.069525 65.079498
v 29.810352 28.060616 56.526913
v 29.810352 28.060616 65.182877
v 29.772791 28.052773 56.421490
v 29.772791 28.052773 65.288300
v 29.740421 28.046011 56.314285
v 33.276314 28.784443 53.981293
v 33.190456 28.766512 53.911346
v 33.101288 28.747892 53.845856
v 33.009037 28.728626 53.784988
v 32.913933 28.708765 53.728897
v 32.816208 28.688354 53.677715
v 32.716106 28.667450 53.631573
v 32.613880 28.646101 53.590584
v 32.509781 28.624361 53.554855
v 32.404064 28.602283 53.524471
v 32.297001 28.579924 53.499504
v 32.188850 28.557339 53.480026
v 32.079884 28.534582 53.466076
v 31.970371 28.511711 53.457691
v 31.860586 28.488785 53.454895
v 31.750801 28.465857 53.457691
v 31.641289 28.442987 53.466076
v 31.532322 28.420231 53.480026
v 31.424171 28.397644 53.499504
v 31.317106 28.375284 53.524471
v 31.211393 28.353209 53.554855
v 31.107292 28.331467 53.590584
v 31.005064 28.310118 53.631573
v 30.904964 28.289213 53.677715
v 30.807240 28.268805 53.728897
v 30.712133 28.248943 53.784988
v 30.619883 28.229677 53.845856
v 30.530716 28.211056 53.911346
v 30.444857 28.193125 53.981293
v 30.362516 28.175930 54.055527
v 30.283901 28.159512 54.133862
v 30.209206 28.143911 54.216103
v 30.138615 28.129169 54.302040
v 30.072306 28.115322 54.391472
v 30.010443 28.102402 54.484165
v 29.953180 28.090445 54.579895
v 29.900658 28.079475 54.678421
v 29.853010 28.069525 54.779499
v 29.810352 28.060616 54.882877
v 29.772791 28.052773 54.988300
v 29.740421 28.046011 55.095501
v 29.713324 28.040352 55.204224
v 29.691563 28.035809 55.314186
v 29.675196 28.032391 55.425121
v 29.664261 28.030106 55.536751
v 29.658787 28.028963 55.648800
v 29.658787 28.028963 55.760986
v 29.664261 28.030106 55.873035
v 29.675196 28.032391 55.984669
v 29.691563 28.035809 56.095604
v 29.713324 28.040352 56.205566
v 26.317688 33.205261 60.854893
v 23.587736 32.635143 67.620110
v 23.256231 32.565910 67.944801
v 23.903320 32.701050 67.279266
v 22.909592 32.493519 68.252563
v 24.202225 32.763474 66.923073
v 22.548649 32.418140 68.542648
v 24.483738 32.822262 66.552391
v 22.174263 32.339954 68.814377
v 24.747187 32.877281 66.168098
v 21.787329 32.259148 69.067093
v 24.991941 32.928394 65.771111
v 21.388771 32.175915 69.300194
v 25.217419 32.975483 65.362389
v 20.979542 32.090450 69.513123
v 25.423080 33.018433 64.942902
v 20.560617 32.002964 69.705376
v 25.608435 33.057144 64.513649
v 20.132998 31.913660 69.876495
v 25.773039 33.091518 64.075653
v 19.697706 31.822754 70.026062
v 25.916498 33.121479 63.629967
v 19.255781 31.730463 70.153725
v 26.038473 33.146954 63.177654
v 18.808279 31.637007 70.259178
v 26.138670 33.167877 62.719795
v 18.356268 31.542608 70.342171
v 26.216848 33.184204 62.257481
v 17.900826 31.447495 70.402504
v 26.272825 33.195892 61.791817
v 17.443045 31.351892 70.440033
v 16.984013 31.256029 70.454674
v 26.272825 33.195892 59.917969
v 26.216848 33.184204 59.452305
v 26.138670 33.167877 58.989990
v 26.038473 33.146954 58.532131
v 25.916498 33.121479 58.079819
v 25.773039 33.091518 57.634132
v 25.608435 33.057144 57.196140
v 25.423080 33.018433 56.766888
v 25.217419 32.975483 56.347397
v 24.991941 32.928394 55.938675
v 24.747187 32.877281 55.541691
v 24.483738 32.822262 55.157398
v 24.202225 32.763474 54.786713
v 23.903320 32.701050 54.430523
v 23.587736 32.635143 54.089676
v 23.256231 32.565910 53.764984
v 22.909592 32.493519 53.457230
v 22.548649 32.418140 53.167141
v 22.174263 32.339954 52.895412
v 21.787329 32.259148 52.642696
v 21.388771 32.175915 52.409595
v 20.979542 32.090450 52.196663
v 20.560617 32.002964 52.004410
v 20.132998 31.913660 51.833294
v 19.697706 31.822754 51.683727
v 19.255781 31.730463 51.556065
v 18.808279 31.637007 51.450611
v 18.356268 31.542608 51.367615
v 13.397811 30.507090 69.754890
v -7.013227 26.244473 69.754890
v 13.827658 30.596859 69.920082
v 14.264891 30.688169 70.063614
v 14.708467 30.780806 70.185158
v 15.157325 30.874546 70.284416
v 15.610394 30.969164 70.361153
v 16.066593 31.064436 70.415184
v -7.013227 26.244473 51.954895
v 16.984013 31.256029 51.255116
v 17.443045 31.351892 51.269753
v 17.900826 31.447495 51.307281
v 16.524830 31.160133 51.263405
v 16.066593 31.064436 51.294601
v 15.610394 30.969164 51.348633
v 15.157325 30.874546 51.425369
v 14.708467 30.780806 51.524628
v 14.264891 30.688169 51.646172
v 13.827658 30.596859 51.789707
v 13.397811 30.507090 51.954895
v 26.306465 33.202919 60.385872
v 26.306465 33.202919 61.323917
v 16.524830 31.160133 70.446381
v -14.539335 18.798677 67.575928
v -14.617950 18.782259 67.654259
v -14.464638 18.814276 67.493690
v -14.700292 18.765062 67.728493
v -14.394048 18.829018 67.407745
v -14.786150 18.747131 67.798439
v -14.327741 18.842865 67.318314
v -14.875318 18.728510 67.863930
v -14.265877 18.855785 67.225624
v -14.967566 18.709246 67.924797
v -14.208614 18.867744 67.129890
v -15.062675 18.689383 67.980896
v -14.156090 18.878714 67.031364
v -15.160397 18.668974 68.032074
v -14.108442 18.888664 66.930290
v -15.260498 18.648069 68.078217
v -14.065787 18.897572 66.826912
v -15.362727 18.626720 68.119202
v -14.028225 18.905416 66.721489
v -15.466827 18.604980 68.154930
v -13.995854 18.912176 66.614288
v -15.572541 18.582903 68.185318
v -13.968756 18.917835 66.505569
v -15.679606 18.560543 68.210281
v -13.946997 18.922380 66.395599
v -15.787754 18.537958 68.229767
v -13.930630 18.925798 66.284668
v -13.919693 18.928082 66.173035
v -13.914222 18.929224 66.060989
v -16.116018 18.469404 68.254890
v -16.006235 18.492331 68.252098
v -15.896724 18.515202 68.243713
v -13.914222 18.929224 65.948799
v -16.225801 18.446476 68.252098
v -13.919693 18.928082 65.836754
v -16.335318 18.423605 68.243713
v -13.930630 18.925798 65.725121
v -16.444283 18.400850 68.229767
v -13.946997 18.922380 65.614182
v -16.552435 18.378263 68.210281
v -13.968756 18.917835 65.504219
v -16.659500 18.355904 68.185318
v -13.995854 18.912176 65.395500
v -16.765213 18.333826 68.154930
v -16.869312 18.312086 68.119202
v -16.971539 18.290737 68.078217
v -17.071640 18.269833 68.032074
v -17.169367 18.249424 67.980896
v -17.264471 18.229563 67.924797
v -17.356722 18.210297 67.863930
v -17.445890 18.191675 67.798439
v -17.531750 18.173744 67.728493
v -17.614086 18.156549 67.654259
v -18.023426 18.071062 67.129890
v -18.592590 17.952200 67.129890
v -17.966164 18.083021 67.225624
v -17.904301 18.095942 67.318314
v -17.837990 18.109789 67.407745
v -17.767399 18.124531 67.493690
v -17.692705 18.140131 67.575928
v -17.445890 18.191675 64.211342
v -18.592590 17.952200 64.879890
v -17.531750 18.173744 64.281296
v -17.614086 18.156549 64.355530
v -17.692705 18.140131 64.433861
v -17.767399 18.124531 64.516098
v -17.837990 18.109789 64.602043
v -17.904301 18.095942 64.691467
v -17.966164 18.083021 64.784164
v -18.023426 18.071062 64.879890
v -14.464638 18.814276 64.516098
v -14.539335 18.798677 57.275928
v -14.539335 18.798677 64.433861
v -14.617950 18.782259 57.354259
v -14.617950 18.782259 64.355530
v -14.394048 18.829018 64.602043
v -14.464638 18.814276 57.193687
v -14.700292 18.765062 57.428493
v -14.700292 18.765062 64.281296
v -14.394048 18.829018 57.107746
v -14.786150 18.747131 57.498444
v -14.786150 18.747131 64.211342
v -14.327741 18.842865 57.018318
v -14.327741 18.842865 64.691467
v -14.875318 18.728510 57.563931
v -14.875318 18.728510 64.145859
v -14.265877 18.855785 56.925621
v -14.208614 18.867744 64.879890
v -14.265877 18.855785 64.784164
v -14.967566 18.709246 57.624798
v -14.967566 18.709246 64.084991
v -14.208614 18.867744 56.829895
v -15.062675 18.689383 57.680893
v -15.062675 18.689383 64.028893
v -14.156090 18.878714 56.731369
v -14.108442 18.888664 65.079498
v -14.156090 18.878714 64.978416
v -15.160397 18.668974 57.732075
v -15.160397 18.668974 63.977715
v -14.108442 18.888664 56.630291
v -14.065787 18.897572 65.182877
v -15.260498 18.648069 57.778214
v -15.260498 18.648069 63.931572
v -14.028225 18.905416 65.288300
v -14.065787 18.897572 56.526913
v -15.362727 18.626720 57.819202
v -15.362727 18.626720 63.890587
v -14.028225 18.905416 56.421490
v -15.466827 18.604980 57.854931
v -15.466827 18.604980 63.854855
v -13.995854 18.912176 56.314285
v -15.572541 18.582903 57.885319
v -15.572541 18.582903 63.824471
v -15.679606 18.560543 57.910282
v -15.679606 18.560543 63.799507
v -15.787754 18.537958 57.929764
v -15.787754 18.537958 63.780025
v -15.896724 18.515202 57.943714
v -15.896724 18.515202 63.766075
v -16.006235 18.492331 57.952095
v -16.006235 18.492331 63.757690
v -16.116018 18.469404 57.954895
v -16.116018 18.469404 63.754894
v -16.225801 18.446476 57.952095
v -16.225801 18.446476 63.757690
v -16.335318 18.423605 57.943714
v -16.335318 18.423605 63.766075
v -16.444283 18.400850 57.929764
v -16.444283 18.400850 63.780025
v -16.552435 18.378263 57.910282
v -16.552435 18.378263 63.799507
v -16.659500 18.355904 57.885319
v -16.659500 18.355904 63.824471
v -16.765213 18.333826 57.854931
v -16.765213 18.333826 63.854855
v -16.869312 18.312086 57.819202
v -16.869312 18.312086 63.890587
v -16.971539 18.290737 57.778214
v -16.971539 18.290737 63.931572
v -17.071640 18.269833 57.732075
v -17.071640 18.269833 63.977715
v -17.169367 18.249424 57.680893
v -17.169367 18.249424 64.028893
v -17.264471 18.229563 57.624798
v -17.264471 18.229563 64.084991
v -17.356722 18.210297 57.563931
v -17.356722 18.210297 64.145859
v -17.445890 18.191675 57.498444
v -13.968756 18.917835 56.205566
v -13.946997 18.922380 56.095604
v -13.930630 18.925798 55.984669
v -13.919693 18.928082 55.873035
v -13.914222 18.929224 55.760986
v -13.914222 18.929224 55.648800
v -13.919693 18.928082 55.536751
v -13.930630 18.925798 55.425121
v -13.946997 18.922380 55.314186
v -13.968756 18.917835 55.204224
v -13.995854 18.912176 55.095501
v -14.028225 18.905416 54.988300
v -14.065787 18.897572 54.882877
v -14.108442 18.888664 54.779499
v -14.156090 18.878714 54.678421
v -14.208614 18.867744 54.579895
v -14.265877 18.855785 54.484165
v -14.327741 18.842865 54.391472
v -14.394048 18.829018 54.302040
v -14.464638 18.814276 54.216103
v -14.539335 18.798677 54.133862
v -14.617950 18.782259 54.055527
v -14.700292 18.765062 53.981293
v -14.786150 18.747131 53.911346
v -14.875318 18.728510 53.845856
v -14.967566 18.709246 53.784988
v -15.062675 18.689383 53.728897
v -15.160397 18.668974 53.677715
v -15.260498 18.648069 53.631573
v -15.362727 18.626720 53.590584
v -18.023426 18.071062 56.829895
v -18.592590 17.952200 56.829895
v -17.966164 18.083021 56.925621
v -17.904301 18.095942 57.018318
v -17.837990 18.109789 57.107746
v -17.767399 18.124531 57.193687
v -17.692705 18.140131 57.275928
v -17.614086 18.156549 57.354259
v -17.531750 18.173744 57.428493
v -15.466827 18.604980 53.554855
v -15.572541 18.582903 53.524471
v -15.679606 18.560543 53.499504
v -15.787754 18.537958 53.480026
v -17.614086 18.156549 54.055527
v -18.592590 17.952200 54.579895
v -17.692705 18.140131 54.133862
v -17.767399 18.124531 54.216103
v -17.837990 18.109789 54.302040
v -17.904301 18.095942 54.391472
v -17.966164 18.083021 54.484165
v -18.023426 18.071062 54.579895
v -16.552435 18.378263 53.499504
v -16.659500 18.355904 53.524471
v -16.765213 18.333826 53.554855
v -16.869312 18.312086 53.590584
v -16.971539 18.290737 53.631573
v -17.071640 18.269833 53.677715
v -17.169367 18.249424 53.728897
v -17.264471 18.229563 53.784988
v -17.356722 18.210297 53.845856
v -17.445890 18.191675 53.911346
v -17.531750 18.173744 53.981293
v -15.896724 18.515202 53.466076
v -16.006235 18.492331 53.457691
v -16.116018 18.469404 53.454895
v -16.225801 18.446476 53.457691
v -16.335318 18.423605 53.466076
v -16.444283 18.400850 53.480026
v -18.075386 15.475629 54.579895
v -18.075386 15.475629 67.129890
v -17.096882 15.679978 67.654259
v -18.075386 15.475629 70.754890
v -17.175501 15.663560 67.575928
v -17.250195 15.647961 67.493690
v -17.014545 15.697173 67.728493
v -17.320786 15.633219 67.407745
v -16.928686 15.715104 67.798439
v -17.387096 15.619370 67.318314
v -16.839518 15.733726 67.863930
v -17.448959 15.606451 67.225624
v -16.747267 15.752992 67.924797
v -17.506222 15.594492 67.129890
v -16.652163 15.772853 67.980896
v -16.554436 15.793262 68.032074
v -16.454334 15.814167 68.078217
v -16.352108 15.835516 68.119202
v -16.248009 15.857256 68.154930
v -16.142296 15.879333 68.185318
v -16.035231 15.901692 68.210281
v -15.927078 15.924279 68.229767
v -15.818112 15.947035 68.243713
v -15.708598 15.969906 68.252098
v -15.598814 15.992833 68.254890
v -15.489031 16.015760 68.252098
v -15.379519 16.038630 68.243713
v -15.270550 16.061388 68.229767
v -18.075386 15.475629 64.879890
v -17.448959 15.606451 64.784164
v -17.506222 15.594492 64.879890
v -17.387096 15.619370 64.691467
v -17.320786 15.633219 64.602043
v -15.162402 16.083973 68.210281
v -15.055337 16.106333 68.185318
v -14.949623 16.128408 68.154930
v -14.845523 16.150150 68.119202
v -14.743294 16.171499 68.078217
v -14.643192 16.192404 68.032074
v -14.545470 16.212812 67.980896
v -14.450361 16.232674 67.924797
v -14.358113 16.251940 67.863930
v -14.268946 16.270561 67.798439
v -14.183087 16.288492 67.728493
v -17.250195 15.647961 64.516098
v -14.100746 16.305689 67.654259
v -17.175501 15.663560 64.433861
v -14.022131 16.322105 67.575928
v -17.096882 15.679978 64.355530
v -13.947433 16.337706 67.493690
v -17.014545 15.697173 64.281296
v -13.876843 16.352448 67.407745
v -16.928686 15.715104 64.211342
v -13.810536 16.366295 67.318314
v -13.748672 16.379215 67.225624
v -13.691410 16.391172 67.129890
v -13.638885 16.402142 67.031364
v -13.591238 16.412092 66.930290
v -13.548583 16.421001 66.826912
v -13.511021 16.428846 66.721489
v -13.478650 16.435606 66.614288
v -13.451551 16.441265 66.505569
v -13.429792 16.445808 66.395599
v -13.413425 16.449226 66.284668
v -13.402489 16.451511 66.173035
v -13.397017 16.452654 66.060989
v -13.397017 16.452654 65.948799
v -13.402489 16.451511 65.836754
v -13.413425 16.449226 65.725121
v -13.429792 16.445808 65.614182
v -13.451551 16.441265 65.504219
v -13.478650 16.435606 65.395500
v -17.175501 15.663560 57.275928
v -17.096882 15.679978 57.354259
v -18.075386 15.475629 56.829895
v -17.250195 15.647961 57.193687
v -17.014545 15.697173 57.428493
v -17.320786 15.633219 57.107746
v -16.928686 15.715104 57.498444
v -17.387096 15.619370 57.018318
v -16.839518 15.733726 64.145859
v -16.839518 15.733726 57.563931
v -16.747267 15.752992 64.084991
v -17.448959 15.606451 56.925621
v -16.747267 15.752992 57.624798
v -16.652163 15.772853 64.028893
v -17.506222 15.594492 56.829895
v -16.652163 15.772853 57.680893
v -16.554436 15.793262 63.977715
v -16.554436 15.793262 57.732075
v -16.454334 15.814167 63.931572
v -16.454334 15.814167 57.778214
v -16.352108 15.835516 63.890587
v -16.352108 15.835516 57.819202
v -16.248009 15.857256 57.854931
v -16.248009 15.857256 63.854855
v -16.142296 15.879333 57.885319
v -16.142296 15.879333 63.824471
v -16.035231 15.901692 63.799507
v -16.035231 15.901692 57.910282
v -15.927078 15.924279 57.929764
v -15.927078 15.924279 63.780025
v -15.818112 15.947035 57.943714
v -15.818112 15.947035 63.766075
v -15.708598 15.969906 63.757690
v -15.708598 15.969906 57.952095
v -15.598814 15.992833 63.754894
v -15.598814 15.992833 57.954895
v -15.489031 16.015760 57.952095
v -15.489031 16.015760 63.757690
v -15.379519 16.038630 63.766075
v -15.379519 16.038630 57.943714
v -15.270550 16.061388 63.780025
v -15.270550 16.061388 57.929764
v -15.162402 16.083973 63.799507
v -15.162402 16.083973 57.910282
v -15.055337 16.106333 63.824471
v -15.055337 16.106333 57.885319
v -14.949623 16.128408 57.854931
v -14.949623 16.128408 63.854855
v -14.845523 16.150150 57.819202
v -14.845523 16.150150 63.890587
v -14.743294 16.171499 57.778214
v -14.743294 16.171499 63.931572
v -14.643192 16.192404 57.732075
v -14.643192 16.192404 63.977715
v -14.545470 16.212812 57.680893
v -14.545470 16.212812 64.028893
v -14.450361 16.232674 64.084991
v -14.450361 16.232674 57.624798
v -17.448959 15.606451 54.484165
v -17.506222 15.594492 54.579895
v -14.358113 16.251940 57.563931
v -14.358113 16.251940 64.145859
v -17.387096 15.619370 54.391472
v -14.268946 16.270561 57.498444
v -14.268946 16.270561 64.211342
v -17.320786 15.633219 54.302040
v -14.183087 16.288492 57.428493
v -14.183087 16.288492 64.281296
v -17.250195 15.647961 54.216103
v -14.100746 16.305689 57.354259
v -14.100746 16.305689 64.355530
v -14.022131 16.322105 64.433861
v -17.175501 15.663560 54.133862
v -14.022131 16.322105 57.275928
v -17.096882 15.679978 54.055527
v -13.947433 16.337706 64.516098
v -13.947433 16.337706 57.193687
v -13.876843 16.352448 64.602043
v -13.876843 16.352448 57.107746
v -13.810536 16.366295 57.018318
v -13.810536 16.366295 64.691467
v -13.748672 16.379215 56.925621
v -13.748672 16.379215 64.784164
v -13.691410 16.391172 56.829895
v -13.691410 16.391172 64.879890
v -13.638885 16.402142 64.978416
v -13.638885 16.402142 56.731369
v -13.591238 16.412092 65.079498
v -13.591238 16.412092 56.630291
v -13.548583 16.421001 56.526913
v -13.548583 16.421001 65.182877
v -13.511021 16.428846 65.288300
v -13.511021 16.428846 56.421490
v -13.478650 16.435606 56.314285
v -17.014545 15.697173 53.981293
v -16.928686 15.715104 53.911346
v -15.818112 15.947035 53.466076
v -15.708598 15.969906 53.457691
v -15.927078 15.924279 53.480026
v -16.035231 15.901692 53.499504
v -16.142296 15.879333 53.524471
v -16.248009 15.857256 53.554855
v -16.352108 15.835516 53.590584
v -16.454334 15.814167 53.631573
v -16.554436 15.793262 53.677715
v -16.652163 15.772853 53.728897
v -16.747267 15.752992 53.784988
v -16.839518 15.733726 53.845856
v -15.598814 15.992833 53.454895
v -15.489031 16.015760 53.457691
v -15.379519 16.038630 53.466076
v -15.270550 16.061388 53.480026
v -13.451551 16.441265 56.205566
v -13.429792 16.445808 56.095604
v -13.413425 16.449226 55.984669
v -13.402489 16.451511 55.873035
v -13.397017 16.452654 55.760986
v -13.397017 16.452654 55.648800
v -13.402489 16.451511 55.536751
v -13.413425 16.449226 55.425121
v -13.429792 16.445808 55.314186
v -13.451551 16.441265 55.204224
v -13.478650 16.435606 55.095501
v -13.511021 16.428846 54.988300
v -13.548583 16.421001 54.882877
v -13.591238 16.412092 54.779499
v -13.638885 16.402142 54.678421
v -13.691410 16.391172 54.579895
v -13.748672 16.379215 54.484165
v -13.810536 16.366295 54.391472
v -13.876843 16.352448 54.302040
v -13.947433 16.337706 54.216103
v -14.022131 16.322105 54.133862
v -14.100746 16.305689 54.055527
v -14.183087 16.288492 53.981293
v -14.268946 16.270561 53.911346
v -14.358113 16.251940 53.845856
v -14.450361 16.232674 53.784988
v -14.545470 16.212812 53.728897
v -14.643192 16.192404 53.677715
v -14.743294 16.171499 53.631573
v -14.845523 16.150150 53.590584
v -14.949623 16.128408 53.554855
v -15.055337 16.106333 53.524471
v -15.162402 16.083973 53.499504
v 12.886740 32.954292 69.754890
v 13.316586 33.044064 69.920082
v 13.753819 33.135372 70.063614
v 14.197395 33.228008 70.185158
v 14.646254 33.321751 70.284416
v 15.099323 33.416367 70.361153
v 15.555522 33.511639 70.415184
v 16.013760 33.607338 70.446381
v 16.472942 33.703232 70.454674
v 16.931973 33.799095 70.440033
v 17.389755 33.894699 70.402504
v 17.845196 33.989811 70.342171
v 18.297207 34.084209 70.259178
v 18.744711 34.177666 70.153725
v 19.186634 34.269958 70.026062
v 19.621927 34.360863 69.876495
v 20.049545 34.450165 69.705376
v 20.468470 34.537655 69.513123
v 20.877699 34.623116 69.300194
v 21.276258 34.706352 69.067093
v 21.663191 34.787159 68.814377
v 22.037577 34.865345 68.542648
v 22.398520 34.940723 68.252563
v 22.745159 35.013115 67.944801
v 23.076666 35.082348 67.620110
v 23.392248 35.148254 67.279266
v 23.691153 35.210674 66.923073
v 23.972666 35.269466 66.552391
v 24.236115 35.324486 66.168098
v 24.480871 35.375599 65.771111
v 24.706348 35.422688 65.362389
v 24.912010 35.465637 64.942902
v 25.097363 35.504349 64.513649
v 25.261967 35.538723 64.075653
v 25.405428 35.568684 63.629967
v 25.527401 35.594154 63.177654
v 25.627598 35.615082 62.719795
v 25.705778 35.631409 62.257481
v 25.761755 35.643097 61.791817
v 25.795395 35.650124 61.323917
v 25.806616 35.652466 60.854893
v 25.795395 35.650124 60.385872
v 25.761755 35.643097 59.917969
v 25.705778 35.631409 59.452305
v 25.627598 35.615082 58.989990
v 25.527401 35.594154 58.532131
v 25.405428 35.568684 58.079819
v 25.261967 35.538723 57.634132
v 25.097363 35.504349 57.196140
v 24.912010 35.465637 56.766888
v 24.706348 35.422688 56.347397
v 24.480871 35.375599 55.938675
v 24.236115 35.324486 55.541691
v 23.972666 35.269466 55.157398
v 23.691153 35.210674 54.786713
v 23.392248 35.148254 54.430523
v 23.076666 35.082348 54.089676
v 22.745159 35.013115 53.764984
v 22.398520 34.940723 53.457230
v 22.037577 34.865345 53.167141
v 21.663191 34.787159 52.895412
v 21.276258 34.706352 52.642696
v 20.877699 34.623116 52.409595
v 20.468470 34.537655 52.196663
v 20.049545 34.450165 52.004410
v 19.621927 34.360863 51.833294
v 19.186634 34.269958 51.683727
v 18.744711 34.177666 51.556065
v 18.297207 34.084209 51.450611
v 17.845196 33.989811 51.367615
v 17.389755 33.894699 51.307281
v 16.931973 33.799095 51.269753
v 16.472942 33.703232 51.255116
v 16.013760 33.607338 51.263405
v 15.555522 33.511639 51.294601
v 15.099323 33.416367 51.348633
v 14.646254 33.321751 51.425369
v 14.197395 33.228008 51.524628
v 13.753819 33.135372 51.646172
v 13.316586 33.044064 51.789707
v 12.886740 32.954292 51.954895
v -7.524298 28.691675 69.754890
v -7.524298 28.691675 51.954895
v 20.872551 34.622044 65.529503
v 21.095091 34.668518 65.296425
v 20.638914 34.573250 65.750961
v 21.305984 34.712559 65.052299
v 20.394760 34.522263 65.960251
v 21.504702 34.754059 64.797737
v 20.140699 34.469204 66.156845
v 21.690752 34.792915 64.533371
v 19.877361 34.414207 66.340263
v 21.863672 34.829025 64.259865
v 19.605402 34.357410 66.510040
v 22.023031 34.862309 63.977894
v 19.325497 34.298958 66.665756
v 22.168434 34.892673 63.688156
v 19.038342 34.238987 66.807030
v 22.299519 34.920048 63.391373
v 18.744648 34.177654 66.933502
v 22.415960 34.944366 63.088284
v 18.445150 34.115105 67.044861
v 22.517467 34.965565 62.779644
v 18.140593 34.051502 67.140831
v 22.603788 34.983593 62.466221
v 17.831730 33.987000 67.221176
v 22.674711 34.998402 62.148788
v 17.519329 33.921761 67.285690
v 22.730055 35.009960 61.828140
v 17.204170 33.855942 67.334213
v 22.769686 35.018238 61.505070
v 16.887035 33.789711 67.366638
v 22.793505 35.023212 61.180386
v 16.568714 33.723232 67.382866
v 22.801451 35.024872 60.854893
v 16.249994 33.656673 67.382866
v 22.793505 35.023212 60.529400
v 15.931671 33.590195 67.366638
v 22.769686 35.018238 60.204716
v 15.614537 33.523964 67.334213
v 22.730055 35.009960 59.881649
v 15.299377 33.458145 67.285690
v 22.674711 34.998402 59.561001
v 14.986979 33.392906 67.221176
v 22.603788 34.983593 59.243568
v 14.678115 33.328403 67.140831
v 22.517467 34.965565 58.930141
v 14.373556 33.264801 67.044861
v 22.415960 34.944366 58.621502
v 14.074059 33.202251 66.933502
v 22.299519 34.920048 58.318413
v 13.780367 33.140919 66.807030
v 22.168434 34.892673 58.021633
v 13.493212 33.080948 66.665756
v 22.023031 34.862309 57.731895
v 13.213306 33.022495 66.510040
v 21.863672 34.829025 57.449921
v 12.941346 32.965698 66.340263
v 21.690752 34.792915 57.176414
v 12.678008 32.910702 66.156845
v 21.504702 34.754059 56.912052
v 12.423947 32.857643 65.960251
v 21.305984 34.712559 56.657490
v 12.179794 32.806656 65.750961
v 21.095091 34.668518 56.413364
v 11.946157 32.757862 65.529503
v 20.872551 34.622044 56.180283
v 11.723616 32.711388 65.296425
v 20.638914 34.573250 55.958824
v 11.512724 32.667347 65.052299
v 11.314007 32.625847 64.797737
v 20.394760 34.522263 55.749535
v 11.127956 32.586990 64.533371
v 20.140699 34.469204 55.552940
v 19.877361 34.414207 55.369526
v 19.605402 34.357410 55.199749
v 19.325497 34.298958 55.044029
v 19.038342 34.238987 54.902760
v 18.744648 34.177654 54.776287
v 18.445150 34.115105 54.664928
v 18.140593 34.051502 54.568958
v 17.831730 33.987000 54.488613
v 17.519329 33.921761 54.424099
v 17.204170 33.855942 54.375572
v 16.887035 33.789711 54.343155
v 16.568714 33.723232 54.326923
v 16.249994 33.656673 54.326923
v 15.931671 33.590195 54.343155
v 15.614537 33.523964 54.375572
v 15.299377 33.458145 54.424099
v 14.986979 33.392906 54.488613
v 14.678115 33.328403 54.568958
v 14.373556 33.264801 54.664928
v 14.074059 33.202251 54.776287
v 13.780367 33.140919 54.902760
v 13.493212 33.080948 55.044029
v 13.213306 33.022495 55.199749
v 12.941346 32.965698 55.369526
v 12.678008 32.910702 55.552940
v 12.423947 32.857643 55.749535
v 12.179794 32.806656 55.958824
v 11.946157 32.757862 56.180283
v 11.723616 32.711388 56.413364
v 11.512724 32.667347 56.657490
v 11.314007 32.625847 56.912052
v 11.127956 32.586990 57.176414
v 10.025203 32.356693 61.180386
v 10.017259 32.355034 60.854893
v 10.049021 32.361668 61.505070
v 10.088652 32.369946 61.828140
v 10.143997 32.381504 62.148788
v 10.214918 32.396313 62.466221
v 10.301241 32.414341 62.779644
v 10.402748 32.435539 63.088284
v 10.519189 32.459858 63.391373
v 10.650274 32.487232 63.688156
v 10.795677 32.517597 63.977894
v 10.955036 32.550880 64.259865
v 10.955036 32.550880 57.449921
v 10.795677 32.517597 57.731895
v 10.650274 32.487232 58.021633
v 10.519189 32.459858 58.318413
v 10.402748 32.435539 58.621502
v 10.301241 32.414341 58.930141
v 10.214918 32.396313 59.243568
v 10.143997 32.381504 59.561001
v 10.088652 32.369946 59.881649
v 10.049021 32.361668 60.204716
v 10.025203 32.356693 60.529400
v 22.474365 36.591080 60.854893
v 22.466419 36.589420 60.529400
v 22.442600 36.584446 60.204716
v 22.402969 36.576172 59.881649
v 22.347626 36.564613 59.561001
v 22.276705 36.549801 59.243568
v 22.190382 36.531773 58.930141
v 22.088875 36.510574 58.621502
v 21.972433 36.486256 58.318413
v 21.841349 36.458881 58.021633
v 21.695946 36.428516 57.731895
v 21.536587 36.395237 57.449921
v 21.363667 36.359123 57.176414
v 21.177616 36.320267 56.912052
v 20.978899 36.278767 56.657490
v 20.768007 36.234726 56.413364
v 20.545465 36.188251 56.180283
v 20.311829 36.139458 55.958824
v 20.067675 36.088470 55.749535
v 19.813614 36.035412 55.552940
v 19.550276 35.980415 55.369526
v 19.278316 35.923622 55.199749
v 18.998411 35.865166 55.044029
v 18.711256 35.805195 54.902760
v 18.417564 35.743862 54.776287
v 18.118065 35.681316 54.664928
v 17.813507 35.617710 54.568958
v 17.504644 35.553207 54.488613
v 17.192244 35.487968 54.424099
v 16.877085 35.422150 54.375572
v 16.559950 35.355919 54.343155
v 16.241629 35.289444 54.326923
v 15.922909 35.222881 54.326923
v 15.604587 35.156403 54.343155
v 15.287452 35.090172 54.375572
v 14.972292 35.024357 54.424099
v 14.659894 34.959114 54.488613
v 14.351030 34.894611 54.568958
v 14.046471 34.831009 54.664928
v 13.746974 34.768463 54.776287
v 13.453282 34.707127 54.902760
v 13.166126 34.647160 55.044029
v 12.886221 34.588703 55.199749
v 12.614261 34.531906 55.369526
v 12.350923 34.476913 55.552940
v 12.096862 34.423855 55.749535
v 11.852709 34.372864 55.958824
v 11.619071 34.324074 56.180283
v 11.396531 34.277599 56.413364
v 11.185638 34.233555 56.657490
v 10.986921 34.192055 56.912052
v 10.800871 34.153202 57.176414
v 10.627952 34.117088 57.449921
v 10.468593 34.083809 57.731895
v 10.323189 34.053440 58.021633
v 10.192103 34.026066 58.318413
v 10.075663 34.001747 58.621502
v 9.974155 33.980549 58.930141
v 9.887834 33.962524 59.243568
v 9.816912 33.947712 59.561001
v 9.761566 33.936153 59.881649
v 9.721936 33.927876 60.204716
v 9.698117 33.922901 60.529400
v 9.690173 33.921246 60.854893
v 9.698117 33.922901 61.180386
v 9.721936 33.927876 61.505070
v 9.761566 33.936153 61.828140
v 9.816912 33.947712 62.148788
v 9.887834 33.962524 62.466221
v 9.974155 33.980549 62.779644
v 10.075663 34.001747 63.088284
v 10.192103 34.026066 63.391373
v 10.323189 34.053440 63.688156
v 10.468593 34.083809 63.977894
v 10.627952 34.117088 64.259865
v 10.800871 34.153202 64.533371
v 10.986921 34.192055 64.797737
v 11.185638 34.233555 65.052299
v 11.396531 34.277599 65.296425
v 11.619071 34.324074 65.529503
v 11.852709 34.372864 65.750961
v 12.096862 34.423855 65.960251
v 12.350923 34.476913 66.156845
v 12.614261 34.531906 66.340263
v 12.886221 34.588703 66.510040
v 13.166126 34.647160 66.665756
v 13.453282 34.707127 66.807030
v 13.746974 34.768463 66.933502
v 14.046471 34.831009 67.044861
v 14.351030 34.894611 67.140831
v 14.659894 34.959114 67.221176
v 14.972292 35.024357 67.285690
v 15.287452 35.090172 67.334213
v 15.604587 35.156403 67.366638
v 15.922909 35.222881 67.382866
v 16.241629 35.289444 67.382866
v 16.559950 35.355919 67.366638
v 16.877085 35.422150 67.334213
v 17.192244 35.487968 67.285690
v 17.504644 35.553207 67.221176
v 17.813507 35.617710 67.140831
v 18.118065 35.681316 67.044861
v 18.417564 35.743862 66.933502
v 18.711256 35.805195 66.807030
v 18.998411 35.865166 66.665756
v 19.278316 35.923622 66.510040
v 19.550276 35.980415 66.340263
v 19.813614 36.035412 66.156845
v 20.067675 36.088470 65.960251
v 20.311829 36.139458 65.750961
v 20.545465 36.188251 65.529503
v 20.768007 36.234726 65.296425
v 20.978899 36.278767 65.052299
v 21.177616 36.320267 64.797737
v 21.363667 36.359123 64.533371
v 21.536587 36.395237 64.259865
v 21.695946 36.428516 63.977894
v 21.841349 36.458881 63.688156
v 21.972433 36.486256 63.391373
v 22.088875 36.510574 63.088284
v 22.190382 36.531773 62.779644
v 22.276705 36.549801 62.466221
v 22.347626 36.564613 62.148788
v 22.402969 36.576172 61.828140
v 22.442600 36.584446 61.505070
v 22.466419 36.589420 61.180386
v 19.738947 36.019817 57.025005
v 19.921272 36.057896 57.215969
v 19.547527 35.979843 56.843563
v 20.094055 36.093979 57.415981
v 19.347494 35.938068 56.672096
v 20.256865 36.127979 57.624538
v 19.139343 35.894596 56.511024
v 20.409294 36.159813 57.841133
v 18.923592 35.849541 56.360756
v 20.550966 36.189400 58.065216
v 18.700777 35.803009 56.221657
v 20.681528 36.216667 58.296234
v 18.471451 35.755116 56.094078
v 20.800657 36.241543 58.533615
v 18.236185 35.705982 55.978336
v 20.908054 36.263973 58.776768
v 17.995565 35.655731 55.874718
v 21.003454 36.283897 59.025085
v 17.750189 35.604488 55.783482
v 21.086618 36.301266 59.277954
v 17.500664 35.552380 55.704853
v 21.157341 36.316036 59.534740
v 17.247614 35.499531 55.639030
v 21.215448 36.328171 59.794811
v 16.991667 35.446079 55.586174
v 21.260792 36.337639 60.057518
v 16.733459 35.392155 55.546413
v 21.293261 36.344418 60.322205
v 16.473631 35.337894 55.519852
v 21.312775 36.348495 60.588219
v 16.212831 35.283428 55.506557
v 21.319284 36.349854 60.854893
v 15.951706 35.228897 55.506557
v 21.312775 36.348495 61.121571
v 15.690906 35.174431 55.519852
v 21.293261 36.344418 61.387581
v 15.431079 35.120167 55.546413
v 21.260792 36.337639 61.652271
v 15.172871 35.066242 55.586174
v 21.215448 36.328171 61.914974
v 14.916923 35.012791 55.639030
v 21.157341 36.316036 62.175045
v 14.663873 34.959946 55.704853
v 21.086618 36.301266 62.431835
v 14.414349 34.907837 55.783482
v 21.003454 36.283897 62.684700
v 14.168972 34.856590 55.874718
v 20.908054 36.263973 62.933022
v 13.928351 34.806339 55.978336
v 20.800657 36.241543 63.176170
v 13.693087 34.757206 56.094078
v 20.681528 36.216667 63.413551
v 13.463761 34.709316 56.221657
v 20.550966 36.189400 63.644573
v 13.240945 34.662785 56.360756
v 20.409294 36.159813 63.868656
v 13.025194 34.617725 56.511024
v 20.256865 36.127979 64.085251
v 12.817042 34.574257 56.672096
v 20.094055 36.093979 64.293808
v 12.617009 34.532482 56.843563
v 19.921272 36.057896 64.493820
v 12.425591 34.492504 57.025005
v 19.738947 36.019817 64.684784
v 12.243264 34.454430 57.215969
v 19.547527 35.979843 64.866226
v 12.070481 34.418346 57.415981
v 19.347494 35.938068 65.037689
v 11.907673 34.384342 57.624538
v 19.139343 35.894596 65.198761
v 11.755243 34.352512 57.841133
v 18.923592 35.849541 65.349030
v 11.613571 34.322926 58.065216
v 11.483007 34.295658 58.296234
v 18.700777 35.803009 65.488129
v 18.471451 35.755116 65.615707
v 11.363880 34.270779 58.533615
v 11.256483 34.248348 58.776768
v 18.236185 35.705982 65.731453
v 11.161083 34.228428 59.025085
v 17.995565 35.655731 65.835068
v 17.750189 35.604488 65.926308
v 17.500664 35.552380 66.004936
v 11.077918 34.211060 59.277954
v 11.007195 34.196289 59.534740
v 17.247614 35.499531 66.070755
v 10.949090 34.184155 59.794811
v 10.903746 34.174686 60.057518
v 16.991667 35.446079 66.123611
v 16.733459 35.392155 66.163376
v 10.871277 34.167904 60.322205
v 16.473631 35.337894 66.189934
v 10.851762 34.163830 60.588219
v 16.212831 35.283428 66.203232
v 15.951706 35.228897 66.203232
v 10.845253 34.162468 60.854893
v 10.851762 34.163830 61.121571
v 10.871277 34.167904 61.387581
v 15.690906 35.174431 66.189934
v 15.431079 35.120167 66.163376
v 15.172871 35.066242 66.123611
v 10.903746 34.174686 61.652271
v 14.916923 35.012791 66.070755
v 10.949090 34.184155 61.914974
v 11.007195 34.196289 62.175045
v 14.663873 34.959946 66.004936
v 11.077918 34.211060 62.431835
v 11.161083 34.228428 62.684700
v 14.414349 34.907837 65.926308
v 14.168972 34.856590 65.835068
v 13.928351 34.806339 65.731453
v 11.256483 34.248348 62.933022
v 13.693087 34.757206 65.615707
v 11.363880 34.270779 63.176170
v 11.483007 34.295658 63.413551
v 13.463761 34.709316 65.488129
v 11.613571 34.322926 63.644573
v 13.240945 34.662785 65.349030
v 11.755243 34.352512 63.868656
v 13.025194 34.617725 65.198761
v 12.817042 34.574257 65.037689
v 11.907673 34.384342 64.085251
v 12.617009 34.532482 64.866226
v 12.070481 34.418346 64.293808
v 12.243264 34.454430 64.493820
v 12.425591 34.492504 64.684784
v 21.196627 36.937187 60.854893
v 21.190117 36.935825 60.588219
v 21.170603 36.931751 60.322205
v 21.138134 36.924969 60.057518
v 21.092791 36.915501 59.794811
v 21.034683 36.903366 59.534740
v 20.963961 36.888596 59.277954
v 20.880796 36.871227 59.025085
v 20.785397 36.851303 58.776768
v 20.677999 36.828876 58.533615
v 20.558872 36.803997 58.296234
v 20.428308 36.776730 58.065216
v 20.286636 36.747143 57.841133
v 20.134207 36.715309 57.624538
v 19.971397 36.681309 57.415981
v 19.798615 36.645226 57.215969
v 19.616289 36.607151 57.025005
v 19.424870 36.567173 56.843563
v 19.224836 36.525398 56.672096
v 19.016685 36.481930 56.511024
v 18.800934 36.436871 56.360756
v 18.578119 36.390339 56.221657
v 18.348793 36.342445 56.094078
v 18.113527 36.293316 55.978336
v 17.872908 36.243065 55.874718
v 17.627531 36.191818 55.783482
v 17.378006 36.139709 55.704853
v 17.124956 36.086861 55.639030
v 16.869009 36.033409 55.586174
v 16.610802 35.979488 55.546413
v 16.350973 35.925224 55.519852
v 16.090174 35.870758 55.506557
v 15.829048 35.816227 55.506557
v 15.568248 35.761761 55.519852
v 15.308421 35.707500 55.546413
v 15.050213 35.653576 55.586174
v 14.794265 35.600124 55.639030
v 14.541215 35.547276 55.704853
v 14.291691 35.495167 55.783482
v 14.046314 35.443924 55.874718
v 13.805694 35.393673 55.978336
v 13.570429 35.344540 56.094078
v 13.341104 35.296646 56.221657
v 13.118287 35.250114 56.360756
v 12.902536 35.205055 56.511024
v 12.694385 35.161587 56.672096
v 12.494351 35.119812 56.843563
v 12.302934 35.079838 57.025005
v 12.120606 35.041759 57.215969
v 11.947824 35.005676 57.415981
v 11.785015 34.971676 57.624538
v 11.632586 34.939842 57.841133
v 11.490913 34.910255 58.065216
v 11.360351 34.882988 58.296234
v 11.241222 34.858109 58.533615
v 11.133825 34.835682 58.776768
v 11.038425 34.815758 59.025085
v 10.955261 34.798389 59.277954
v 10.884538 34.783619 59.534740
v 10.826432 34.771484 59.794811
v 10.781089 34.762016 60.057518
v 10.748619 34.755234 60.322205
v 10.729105 34.751160 60.588219
v 10.722595 34.749802 60.854893
v 10.729105 34.751160 61.121571
v 10.748619 34.755234 61.387581
v 10.781089 34.762016 61.652271
v 10.826432 34.771484 61.914974
v 10.884538 34.783619 62.175045
v 10.955261 34.798389 62.431835
v 11.038425 34.815758 62.684700
v 11.133825 34.835682 62.933022
v 11.241222 34.858109 63.176170
v 11.360351 34.882988 63.413551
v 11.490913 34.910255 63.644573
v 11.632586 34.939842 63.868656
v 11.785015 34.971676 64.085251
v 11.947824 35.005676 64.293808
v 12.120606 35.041759 64.493820
v 12.302934 35.079838 64.684784
v 12.494351 35.119812 64.866226
v 12.694385 35.161587 65.037689
v 12.902536 35.205055 65.198761
v 13.118287 35.250114 65.349030
v 13.341104 35.296646 65.488129
v 13.570429 35.344540 65.615707
v 13.805694 35.393673 65.731453
v 14.046314 35.443924 65.835068
v 14.291691 35.495167 65.926308
v 14.541215 35.547276 66.004936
v 14.794265 35.600124 66.070755
v 15.050213 35.653576 66.123611
v 15.308421 35.707500 66.163376
v 15.568248 35.761761 66.189934
v 15.829048 35.816227 66.203232
v 16.090174 35.870758 66.203232
v 16.350973 35.925224 66.189934
v 16.610802 35.979488 66.163376
v 16.869009 36.033409 66.123611
v 17.124956 36.086861 66.070755
v 17.378006 36.139709 66.004936
v 17.627531 36.191818 65.926308
v 17.872908 36.243065 65.835068
v 18.113527 36.293316 65.731453
v 18.348793 36.342445 65.615707
v 18.578119 36.390339 65.488129
v 18.800934 36.436871 65.349030
v 19.016685 36.481930 65.198761
v 19.224836 36.525398 65.037689
v 19.424870 36.567173 64.866226
v 19.616289 36.607151 64.684784
v 19.798615 36.645226 64.493820
v 19.971397 36.681309 64.293808
v 20.134207 36.715309 64.085251
v 20.286636 36.747143 63.868656
v 20.428308 36.776730 63.644573
v 20.558872 36.803997 63.413551
v 20.677999 36.828876 63.176170
v 20.785397 36.851303 62.933022
v 20.880796 36.871227 62.684700
v 20.963961 36.888596 62.431835
v 21.034683 36.903366 62.175045
v 21.092791 36.915501 61.914974
v 21.138134 36.924969 61.652271
v 21.170603 36.931751 61.387581
v 21.190117 36.935825 61.121571
v 18.112324 36.293064 58.814377
v 18.010084 36.271713 58.707294
v 17.902746 36.249294 58.605549
v 18.209211 36.313297 58.926533
v 17.790579 36.225868 58.509399
v 18.300507 36.332363 59.043480
v 17.673859 36.201496 58.419079
v 18.385981 36.350212 59.164932
v 17.552877 36.176228 58.334816
v 18.465424 36.366802 59.290588
v 17.427933 36.150135 58.256817
v 18.538635 36.382095 59.420132
v 17.299339 36.123280 58.185280
v 18.605436 36.396046 59.553242
v 17.167416 36.095730 58.120377
v 18.665659 36.408623 59.689590
v 17.032488 36.067551 58.062271
v 18.719154 36.419792 59.828835
v 16.894894 36.038815 58.011112
v 18.765789 36.429531 59.970627
v 16.754972 36.009594 57.967022
v 18.805447 36.437813 60.114620
v 16.613075 35.979961 57.930111
v 18.838030 36.444618 60.260456
v 16.469553 35.949989 57.900471
v 18.863455 36.449928 60.407768
v 16.324764 35.919750 57.878178
v 18.881662 36.453732 60.556190
v 16.179068 35.889324 57.863281
v 18.892605 36.456017 60.705357
v 16.032824 35.858784 57.855827
v 18.896255 36.456779 60.854893
v 15.886398 35.828205 57.855827
v 18.892605 36.456017 61.004433
v 15.740155 35.797661 57.863281
v 18.881662 36.453732 61.153599
v 15.594458 35.767235 57.878178
v 18.863455 36.449928 61.302021
v 15.449668 35.736996 57.900471
v 18.838030 36.444618 61.449333
v 15.306146 35.707024 57.930111
v 18.805447 36.437813 61.595165
v 15.164248 35.677391 57.967022
v 18.765789 36.429531 61.739159
v 15.024329 35.648170 58.011112
v 18.719154 36.419792 61.880955
v 14.886734 35.619434 58.062271
v 18.665659 36.408623 62.020199
v 14.751807 35.591255 58.120377
v 18.605436 36.396046 62.156544
v 14.619883 35.563705 58.185280
v 18.538635 36.382095 62.289654
v 14.491288 35.536850 58.256817
v 18.465424 36.366802 62.419201
v 14.366345 35.510757 58.334816
v 18.385981 36.350212 62.544853
v 14.245363 35.485493 58.419079
v 18.300507 36.332363 62.666306
v 14.128643 35.461117 58.509399
v 18.209211 36.313297 62.783257
v 14.016475 35.437691 58.605549
v 18.112324 36.293064 62.895412
v 13.909138 35.415276 58.707294
v 18.010084 36.271713 63.002495
v 13.806898 35.393925 58.814377
v 17.902746 36.249294 63.104237
v 13.710011 35.373688 58.926533
v 17.790579 36.225868 63.200390
v 13.618716 35.354622 59.043480
v 13.533241 35.336773 59.164932
v 17.673859 36.201496 63.290707
v 17.552877 36.176228 63.374969
v 13.453798 35.320183 59.290588
v 13.380587 35.304893 59.420132
v 17.427933 36.150135 63.452969
v 13.313786 35.290943 59.553242
v 17.299339 36.123280 63.524509
v 17.167416 36.095730 63.589413
v 13.253563 35.278366 59.689590
v 17.032488 36.067551 63.647514
v 13.200068 35.267193 59.828835
v 16.894894 36.038815 63.698677
v 13.153433 35.257454 59.970627
v 13.113775 35.249172 60.114620
v 16.754972 36.009594 63.742767
v 13.081192 35.242367 60.260456
v 16.613075 35.979961 63.779678
v 13.055767 35.237057 60.407768
v 16.469553 35.949989 63.809319
v 16.324764 35.919750 63.831612
v 13.037560 35.233253 60.556190
v 16.179068 35.889324 63.846504
v 13.026617 35.230968 60.705357
v 13.022966 35.230206 60.854893
v 16.032824 35.858784 63.853962
v 13.026617 35.230968 61.004433
v 15.886398 35.828205 63.853962
v 15.740155 35.797661 63.846504
v 13.037560 35.233253 61.153599
v 15.594458 35.767235 63.831612
v 13.055767 35.237057 61.302021
v 13.081192 35.242367 61.449333
v 15.449668 35.736996 63.809319
v 13.113775 35.249172 61.595165
v 15.306146 35.707024 63.779678
v 15.164248 35.677391 63.742767
v 13.153433 35.257454 61.739159
v 15.024329 35.648170 63.698677
v 14.886734 35.619434 63.647514
v 13.200068 35.267193 61.880955
v 13.253563 35.278366 62.020199
v 14.751807 35.591255 63.589413
v 14.619883 35.563705 63.524509
v 13.313786 35.290943 62.156544
v 13.380587 35.304893 62.289654
v 14.491288 35.536850 63.452969
v 13.453798 35.320183 62.419201
v 14.366345 35.510757 63.374969
v 14.245363 35.485493 63.290707
v 13.618716 35.354622 62.666306
v 13.533241 35.336773 62.544853
v 14.128643 35.461117 63.200390
v 13.710011 35.373688 62.783257
v 14.016475 35.437691 63.104237
v 13.909138 35.415276 63.002495
v 13.806898 35.393925 62.895412
v 20.936890 26.667202 60.705357
v 20.925947 26.664915 60.556190
v 20.907740 26.661114 60.407768
v 20.763439 26.630978 59.828835
v 20.709944 26.619806 59.689590
v 20.649721 26.607229 59.553242
v 20.582920 26.593279 59.420132
v 20.509708 26.577990 59.290588
v 20.430265 26.561398 59.164932
v 20.344791 26.543549 59.043480
v 20.253496 26.524483 58.926533
v 20.156609 26.504248 58.814377
v 20.054369 26.482897 58.707294
v 19.947033 26.460480 58.605549
v 19.834864 26.437056 58.509399
v 19.718143 26.412680 58.419079
v 19.597162 26.387413 58.334816
v 19.472218 26.361320 58.256817
v 19.343624 26.334465 58.185280
v 19.211700 26.306915 58.120377
v 19.076773 26.278736 58.062271
v 18.939178 26.250002 58.011112
v 18.799259 26.220781 57.967022
v 18.657362 26.191147 57.930111
v 18.513840 26.161173 57.900471
v 18.369049 26.130936 57.878178
v 18.223352 26.100510 57.863281
v 18.077108 26.069967 57.855827
v 17.930683 26.039389 57.855827
v 17.784441 26.008846 57.863281
v 17.638742 25.978420 57.878178
v 17.493952 25.948181 57.900471
v 17.350431 25.918209 57.930111
v 17.208534 25.888575 57.967022
v 17.068615 25.859354 58.011112
v 16.931019 25.830620 58.062271
v 16.796093 25.802441 58.120377
v 16.664167 25.774891 58.185280
v 16.535574 25.748035 58.256817
v 16.410631 25.721943 58.334816
v 16.289648 25.696676 58.419079
v 16.172928 25.672300 58.509399
v 16.060760 25.648876 58.605549
v 15.953423 25.626459 58.707294
v 15.851184 25.605108 58.814377
v 15.754296 25.584873 58.926533
v 15.663001 25.565807 59.043480
v 15.297849 25.489550 59.689590
v 15.244353 25.478378 59.828835
v 15.197719 25.468639 59.970627
v 15.100052 25.448242 60.407768
v 15.081844 25.444439 60.556190
v 15.070902 25.442154 60.705357
v 15.067251 25.441393 60.854893
v 15.070902 25.442154 61.004433
v 15.081844 25.444439 61.153599
v 15.100052 25.448242 61.302021
v 15.197719 25.468639 61.739159
v 15.244353 25.478378 61.880955
v 15.297849 25.489550 62.020199
v 15.754296 25.584873 62.783257
v 15.851184 25.605108 62.895412
v 15.953423 25.626459 63.002495
v 16.172928 25.672300 63.200390
v 16.931019 25.830620 63.647514
v 17.208534 25.888575 63.742767
v 17.493952 25.948181 63.809319
v 17.784441 26.008846 63.846504
v 17.930683 26.039389 63.853962
v 18.513840 26.161173 63.809319
v 18.799259 26.220781 63.742767
v 18.939178 26.250002 63.698677
v 19.343624 26.334465 63.524509
v 19.947033 26.460480 63.104237
v 20.156609 26.504248 62.895412
v 20.253496 26.524483 62.783257
v 20.344791 26.543549 62.666306
v 20.430265 26.561398 62.544853
v 20.649721 26.607229 62.156544
v 20.709944 26.619806 62.020199
v 20.763439 26.630978 61.880955
v 20.907740 26.661114 61.302021
v 20.882315 26.655804 60.260456
v 20.849731 26.648998 60.114620
v 20.925947 26.664915 61.153599
v 20.936890 26.667202 61.004433
v 20.810074 26.640717 61.739159
v 20.849731 26.648998 61.595165
v 20.882315 26.655804 61.449333
v 20.582920 26.593279 62.289654
v 20.940540 26.667963 60.854893
v 20.509708 26.577990 62.419201
v 20.810074 26.640717 59.970627
v 19.834864 26.437056 63.200390
v 20.054369 26.482897 63.002495
v 19.597162 26.387413 63.374969
v 19.718143 26.412680 63.290707
v 15.498084 25.531366 59.290588
v 15.577527 25.547958 59.164932
v 19.472218 26.361320 63.452969
v 19.211700 26.306915 63.589413
v 15.424871 25.516077 59.420132
v 15.358070 25.502127 59.553242
v 19.076773 26.278736 63.647514
v 15.158061 25.460358 60.114620
v 18.369049 26.130936 63.831612
v 18.657362 26.191147 63.779678
v 18.223352 26.100510 63.846504
v 15.125478 25.453552 60.260456
v 18.077108 26.069967 63.853962
v 17.638742 25.978420 63.831612
v 17.350431 25.918209 63.779678
v 15.125478 25.453552 61.449333
v 15.158061 25.460358 61.595165
v 17.068615 25.859354 63.698677
v 16.796093 25.802441 63.589413
v 15.358070 25.502127 62.156544
v 16.535574 25.748035 63.452969
v 16.664167 25.774891 63.524509
v 15.498084 25.531366 62.419201
v 15.424871 25.516077 62.289654
v 15.577527 25.547958 62.544853
v 16.289648 25.696676 63.290707
v 16.410631 25.721943 63.374969
v 15.663001 25.565807 62.666306
v 16.060760 25.648876 63.104237
vn 0.978881 0.204429 0.000000
vn 0.978882 0.204428 0.000000
vn 0.978882 0.204428 0.000000
vn 0.978881 0.204429 -0.000000
vn 0.978881 0.204429 -0.000000
vn 0.978882 0.204428 -0.000000
vn 0.978882 0.204428 0.000000
vn 0.978881 0.204429 0.000000
vn 0.204429 -0.978881 0.000000
vn 0.204429 -0.978881 0.000000
vn 0.000000 0.000000 -1.000000
vn 0.000000 0.000000 -1.000000
vn 0.000000 0.000000 -1.000000
vn 0.000000 0.000000 -1.000000
vn -0.000000 0.000000 -1.000000
vn 0.000000 0.000000 -1.000000
vn -0.000000 0.000000 -1.000000
vn 0.000000 0.000000 -1.000000
vn 0.000000 0.000000 -1.000000
vn 0.000000 0.000000 -1.000000
vn 0.000000 0.000000 1.000000
vn -0.000000 0.000000 1.000000
vn -0.000000 0.000000 1.000000
vn 0.000000 0.000000 1.000000
vn 0.000000 0.000000 1.000000
vn -0.000000 0.000000 1.000000
vn 0.000000 0.000000 1.000000
vn 0.000000 0.000000 1.000000
vn -0.000000 0.000000 1.000000
vn -0.000000 0.000000 1.000000
vn 0.204420 -0.978883 -0.000008
vn 0.204434 -0.978880 0.000005
vn 0.204433 -0.978881 0.000005
vn 0.204427 -0.978882 -0.000001
vn 0.204430 -0.978881 0.000002
vn 0.204425 -0.978882 -0.000003
vn 0.204428 -0.978881 -0.000000
vn 0.204436 -0.978880 0.000005
vn 0.204421 -0.978883 -0.000009
vn 0.204432 -0.978881 0.000003
vn 0.204436 -0.978880 0.000009
vn 0.204416 -0.978884 -0.000008
vn 0.204428 -0.978882 -0.000001
vn 0.204444 -0.978878 0.000011
vn 0.204428 -0.978882 -0.000001
vn 0.204417 -0.978884 -0.000007
vn 0.204427 -0.978882 -0.000002
vn 0.204434 -0.978880 0.000004
vn 0.204426 -0.978882 -0.000003
vn 0.204424 -0.978882 -0.000002
vn 0.204432 -0.978881 0.000006
vn 0.204429 -0.978881 0.000000
vn 0.204432 -0.978881 0.000005
vn 0.204436 -0.978880 0.000005
vn 0.204421 -0.978883 -0.000012
vn 0.204427 -0.978882 -0.000000
vn 0.204421 -0.978883 -0.000004
vn 0.204417 -0.978884 -0.000005
vn 0.204428 -0.978882 0.000000
vn 0.204428 -0.978881 0.000000
vn 0.204429 -0.978881 -0.000000
vn 0.204434 -0.978880 -0.000006
vn 0.204423 -0.978883 0.000007
vn 0.204432 -0.978881 -0.000003
vn 0.204443 -0.978878 0.000007
vn 0.204433 -0.978881 -0.000004
vn 0.204441 -0.978879 0.000006
vn 0.204429 -0.978881 -0.000000
vn 0.204430 -0.978881 0.000001
vn 0.204420 -0.978883 0.000008
vn 0.204403 -0.978887 -0.000012
vn 0.204435 -0.978880 -0.000005
vn 0.204423 -0.978883 -0.000001
vn 0.204427 -0.978882 0.000001
vn 0.204428 -0.978882 0.000000
vn 0.204430 -0.978881 -0.000001
vn 0.204425 -0.978882 0.000003
vn 0.204428 -0.978882 0.000001
vn 0.204427 -0.978882 0.000001
vn 0.204433 -0.978881 -0.000002
vn 0.204425 -0.978882 0.000002
vn 0.204434 -0.978880 -0.000002
vn 0.204436 -0.978880 -0.000003
vn 0.204449 -0.978877 0.000043
vn 0.204419 -0.978884 -0.000019
vn 0.204428 -0.978882 0.000002
vn 0.204428 -0.978882 0.000001
vn 0.204424 -0.978882 -0.000014
vn 0.204426 -0.978882 0.000002
vn 0.204427 -0.978882 0.000000
vn 0.204426 -0.978882 -0.000002
vn 0.204424 -0.978882 0.000014
vn 0.204428 -0.978882 -0.000001
vn 0.204428 -0.978882 -0.000002
vn 0.204419 -0.978883 0.000019
vn 0.204449 -0.978877 -0.000043
vn 0.204410 -0.978885 0.000032
vn 0.204409 -0.978886 0.000033
vn 0.204412 -0.978885 0.000000
vn 0.204412 -0.978885 0.000000
vn 0.204439 -0.978879 0.000000
vn 0.204439 -0.978879 0.000000
vn 0.204425 -0.978882 0.000000
vn 0.204431 -0.978881 0.000000
vn 0.204438 -0.978880 0.000000
vn 0.204438 -0.978880 0.000000
vn 0.204425 -0.978882 0.000000
vn 0.204431 -0.978881 0.000000
vn 0.204421 -0.978883 0.000000
vn 0.204421 -0.978883 0.000000
vn 0.204415 -0.978884 0.000000
vn 0.204428 -0.978882 0.000000
vn 0.204428 -0.978882 0.000000
vn 0.204444 -0.978878 0.000000
vn 0.204444 -0.978878 0.000000
vn 0.204415 -0.978884 0.000000
vn 0.204441 -0.978879 0.000000
vn 0.204436 -0.978880 0.000000
vn 0.204436 -0.978880 0.000000
vn 0.204441 -0.978879 0.000000
vn 0.204427 -0.978882 0.000000
vn 0.204401 -0.978887 0.000000
vn 0.204401 -0.978887 0.000000
vn 0.204427 -0.978882 0.000000
vn 0.204427 -0.978882 0.000000
vn 0.204466 -0.978874 0.000000
vn 0.204466 -0.978874 0.000000
vn 0.204427 -0.978882 0.000000
vn 0.204426 -0.978882 0.000000
vn 0.204400 -0.978887 0.000000
vn 0.204445 -0.978878 0.000000
vn 0.204400 -0.978887 0.000000
vn 0.204426 -0.978882 0.000000
vn 0.204444 -0.978878 0.000000
vn 0.204434 -0.978880 0.000000
vn 0.204425 -0.978882 0.000000
vn 0.204425 -0.978882 0.000000
vn 0.204428 -0.978882 0.000000
vn 0.204417 -0.978884 0.000000
vn 0.204417 -0.978884 0.000000
vn 0.204434 -0.978880 0.000000
vn 0.204419 -0.978884 0.000000
vn 0.204433 -0.978881 0.000000
vn 0.204433 -0.978881 0.000000
vn 0.204419 -0.978884 0.000000
vn 0.204429 -0.978881 0.000000
vn 0.204429 -0.978881 0.000000
vn 0.204434 -0.978880 0.000000
vn 0.204434 -0.978880 0.000000
vn 0.204432 -0.978881 0.000000
vn 0.204423 -0.978883 0.000000
vn 0.204423 -0.978883 0.000000
vn 0.204434 -0.978880 0.000000
vn 0.204432 -0.978881 0.000000
vn 0.204429 -0.978881 0.000000
vn 0.204434 -0.978880 0.000000
vn 0.204429 -0.978881 0.000000
vn 0.204419 -0.978884 0.000000
vn 0.204436 -0.978880 0.000000
vn 0.204419 -0.978884 0.000000
vn 0.204436 -0.978880 0.000000
vn 0.204427 -0.978882 0.000000
vn 0.204427 -0.978882 0.000000
vn 0.204430 -0.978881 0.000000
vn 0.204428 -0.978882 0.000000
vn 0.204428 -0.978882 0.000000
vn 0.204423 -0.978882 0.000000
vn 0.204430 -0.978881 0.000000
vn 0.204423 -0.978883 0.000000
vn 0.204427 -0.978882 0.000000
vn 0.204427 -0.978882 0.000000
vn 0.204426 -0.978882 0.000000
vn 0.204434 -0.978880 0.000000
vn 0.204426 -0.978882 0.000000
vn 0.204434 -0.978880 0.000000
vn 0.204424 -0.978882 0.000000
vn 0.204424 -0.978882 0.000000
vn 0.204428 -0.978882 0.000000
vn 0.204433 -0.978881 -0.000005
vn 0.204420 -0.978883 0.000008
vn 0.204434 -0.978880 -0.000005
vn 0.204427 -0.978882 0.000001
vn 0.204425 -0.978882 0.000003
vn 0.204436 -0.978880 -0.000006
vn 0.204432 -0.978881 -0.000003
vn 0.204416 -0.978884 0.000008
vn 0.204444 -0.978878 -0.000011
vn 0.204417 -0.978884 0.000007
vn 0.204434 -0.978880 -0.000004
vn 0.204424 -0.978882 0.000002
vn 0.204429 -0.978881 -0.000000
vn 0.204436 -0.978880 -0.000004
vn 0.204427 -0.978882 0.000001
vn 0.204420 -0.978883 0.000004
vn 0.204417 -0.978884 0.000006
vn 0.204428 -0.978882 0.000000
vn 0.204443 -0.978878 -0.000007
vn 0.204441 -0.978879 -0.000006
vn 0.204430 -0.978881 -0.000001
vn 0.204402 -0.978887 0.000012
vn 0.204425 -0.978882 0.000001
vn 0.204430 -0.978881 -0.000002
vn 0.204429 -0.978881 0.000000
vn 0.204420 -0.978883 0.000009
vn 0.204436 -0.978880 -0.000009
vn 0.204428 -0.978882 0.000001
vn 0.204428 -0.978882 0.000001
vn 0.204426 -0.978882 0.000002
vn 0.204409 -0.978886 -0.000033
vn 0.204410 -0.978885 -0.000032
vn 0.204449 -0.978877 0.000043
vn 0.204419 -0.978884 -0.000019
vn 0.204428 -0.978882 0.000002
vn 0.204428 -0.978882 0.000001
vn 0.204424 -0.978882 -0.000014
vn 0.204426 -0.978882 0.000002
vn 0.204428 -0.978882 0.000000
vn 0.204428 -0.978882 0.000000
vn 0.204426 -0.978882 0.000003
vn 0.204432 -0.978881 -0.000006
vn 0.204431 -0.978881 -0.000005
vn 0.204421 -0.978883 0.000012
vn 0.204426 -0.978882 -0.000002
vn 0.204424 -0.978882 0.000014
vn 0.204428 -0.978882 -0.000001
vn 0.204428 -0.978882 -0.000002
vn 0.204419 -0.978884 0.000019
vn 0.204449 -0.978877 -0.000043
vn 0.204436 -0.978880 0.000003
vn 0.204434 -0.978880 0.000002
vn 0.204425 -0.978882 -0.000002
vn 0.204433 -0.978881 0.000002
vn 0.204427 -0.978882 -0.000001
vn 0.204428 -0.978882 -0.000001
vn 0.204425 -0.978882 -0.000003
vn 0.204430 -0.978881 0.000001
vn 0.204428 -0.978882 -0.000000
vn 0.204427 -0.978882 -0.000001
vn 0.204435 -0.978880 0.000005
vn 0.204420 -0.978883 -0.000008
vn 0.204429 -0.978881 0.000000
vn 0.204433 -0.978881 0.000004
vn 0.204432 -0.978881 0.000003
vn 0.204423 -0.978883 -0.000007
vn 0.204434 -0.978880 0.000006
vn 0.204429 -0.978881 0.000000
vn 0.204427 -0.978882 -0.000000
vn 0.204428 -0.978881 -0.000000
vn 0.204471 -0.978873 0.000000
vn 0.204471 -0.978873 0.000000
vn 0.204471 -0.978873 0.000000
vn 0.204471 -0.978873 0.000000
vn -0.204428 0.978881 0.000000
vn -0.204428 0.978881 0.000000
vn 0.000000 0.000000 -1.000000
vn 0.000000 0.000000 -1.000000
vn 0.204429 -0.978881 0.000000
vn 0.204429 -0.978881 0.000000
vn -0.000000 0.000000 1.000000
vn 0.000000 0.000000 1.000000
vn -0.978882 -0.204429 0.000000
vn -0.978882 -0.204429 0.000000
vn 0.978881 0.204429 -0.000000
vn 0.978881 0.204429 0.000000
vn -0.204428 0.978882 0.000000
vn -0.204426 0.978882 0.000005
vn -0.204439 0.978879 -0.000022
vn -0.204436 0.978880 0.000003
vn -0.204432 0.978881 -0.000005
vn -0.204434 0.978880 0.000002
vn -0.204421 0.978883 0.000025
vn -0.204410 0.978885 -0.000008
vn -0.204430 0.978881 -0.000011
vn -0.204433 0.978881 0.000002
vn -0.204429 0.978881 -0.000004
vn -0.204427 0.978882 -0.000001
vn -0.204442 0.978879 0.000008
vn -0.204425 0.978882 -0.000003
vn -0.204430 0.978881 0.000001
vn -0.204428 0.978882 -0.000000
vn -0.204427 0.978882 -0.000001
vn -0.204435 0.978880 0.000005
vn -0.204420 0.978883 -0.000008
vn -0.204429 0.978881 0.000000
vn -0.204433 0.978881 0.000004
vn -0.204420 0.978883 -0.000009
vn -0.204436 0.978880 0.000008
vn -0.204416 0.978884 -0.000014
vn -0.204429 0.978881 0.000001
vn -0.204429 0.978881 0.000004
vn -0.204430 0.978881 0.000011
vn -0.204421 0.978883 -0.000025
vn -0.204428 0.978881 0.000000
vn -0.204428 0.978881 0.000000
vn -0.204432 0.978881 -0.000004
vn -0.204425 0.978882 0.000004
vn -0.204428 0.978882 0.000001
vn -0.204428 0.978882 0.000001
vn -0.204427 0.978882 0.000002
vn -0.204438 0.978880 -0.000013
vn -0.204420 0.978883 0.000012
vn -0.204432 0.978881 -0.000005
vn -0.204434 0.978880 -0.000009
vn -0.204430 0.978881 -0.000002
vn -0.204432 0.978881 0.000005
vn -0.204422 0.978883 0.000007
vn -0.204439 0.978879 0.000022
vn -0.204432 0.978881 -0.000003
vn -0.204426 0.978882 -0.000005
vn -0.204434 0.978880 -0.000005
vn -0.204414 0.978884 -0.000027
vn -0.204427 0.978882 0.000001
vn -0.204415 0.978884 -0.000027
vn -0.204425 0.978882 0.000003
vn -0.204436 0.978880 -0.000006
vn -0.204417 0.978884 0.000008
vn -0.204432 0.978881 -0.000002
vn -0.204428 0.978882 0.000000
vn -0.204434 0.978880 -0.000003
vn -0.204416 0.978884 0.000007
vn -0.204444 0.978878 -0.000009
vn -0.204429 0.978881 -0.000000
vn -0.204414 0.978885 0.000008
vn -0.204427 0.978882 0.000001
vn -0.204448 0.978877 -0.000010
vn -0.204417 0.978884 0.000006
vn -0.204428 0.978882 0.000000
vn -0.204443 0.978878 -0.000007
vn -0.204394 0.978889 0.000016
vn -0.204431 0.978881 -0.000001
vn -0.204474 0.978872 -0.000020
vn -0.204425 0.978882 0.000001
vn -0.204426 0.978882 0.000005
vn -0.204438 0.978879 -0.000022
vn -0.204415 0.978884 0.000027
vn -0.204432 0.978881 -0.000005
vn -0.204430 0.978881 0.000000
vn -0.204415 0.978884 0.000026
vn -0.204430 0.978881 0.000000
vn -0.204421 0.978883 0.000025
vn -0.204404 0.978887 0.000000
vn -0.204404 0.978887 0.000000
vn -0.204430 0.978881 -0.000011
vn -0.204434 0.978880 0.000000
vn -0.204434 0.978880 0.000000
vn -0.204429 0.978881 -0.000004
vn -0.204426 0.978882 0.000000
vn -0.204426 0.978882 0.000000
vn -0.204446 0.978878 0.000000
vn -0.204446 0.978878 0.000000
vn -0.204423 0.978882 0.000000
vn -0.204430 0.978881 0.000000
vn -0.204423 0.978883 0.000000
vn -0.204430 0.978881 0.000000
vn -0.204428 0.978882 0.000000
vn -0.204428 0.978882 0.000000
vn -0.204427 0.978882 0.000000
vn -0.204427 0.978882 0.000000
vn -0.204436 0.978880 0.000000
vn -0.204436 0.978880 0.000000
vn -0.204419 0.978884 0.000000
vn -0.204419 0.978884 0.000000
vn -0.204429 0.978881 0.000000
vn -0.204429 0.978881 0.000000
vn -0.204434 0.978880 0.000000
vn -0.204434 0.978880 0.000000
vn -0.204419 0.978883 0.000000
vn -0.204419 0.978883 0.000000
vn -0.204436 0.978880 0.000000
vn -0.204436 0.978880 0.000000
vn -0.204417 0.978884 0.000000
vn -0.204417 0.978884 0.000000
vn -0.204429 0.978881 0.000000
vn -0.204429 0.978881 0.000000
vn -0.204435 0.978880 0.000000
vn -0.204435 0.978880 0.000000
vn -0.204433 0.978881 0.000000
vn -0.204433 0.978881 0.000000
vn -0.204417 0.978884 0.000000
vn -0.204417 0.978884 0.000000
vn -0.204442 0.978879 0.000000
vn -0.204442 0.978879 0.000000
vn -0.204426 0.978882 0.000000
vn -0.204426 0.978882 0.000000
vn -0.204427 0.978882 0.000000
vn -0.204427 0.978882 0.000000
vn -0.204427 0.978882 0.000000
vn -0.204427 0.978882 0.000000
vn -0.204422 0.978883 0.000000
vn -0.204422 0.978883 0.000000
vn -0.204434 0.978880 0.000000
vn -0.204429 0.978881 0.000004
vn -0.204434 0.978880 0.000000
vn -0.204430 0.978881 0.000011
vn -0.204428 0.978882 0.000000
vn -0.204428 0.978882 0.000000
vn -0.204431 0.978881 0.000000
vn -0.204421 0.978883 -0.000025
vn -0.204431 0.978881 0.000000
vn -0.204432 0.978881 0.000005
vn -0.204416 0.978884 0.000000
vn -0.204416 0.978884 0.000000
vn -0.204438 0.978879 0.000022
vn -0.204435 0.978880 0.000000
vn -0.204435 0.978880 0.000000
vn -0.204426 0.978882 -0.000005
vn -0.204439 0.978879 0.000000
vn -0.204439 0.978879 0.000000
vn -0.204425 0.978882 0.000000
vn -0.204425 0.978882 0.000000
vn -0.204421 0.978883 0.000000
vn -0.204421 0.978883 0.000000
vn -0.204444 0.978878 0.000000
vn -0.204444 0.978878 0.000000
vn -0.204405 0.978886 0.000000
vn -0.204405 0.978886 0.000000
vn -0.204435 0.978880 0.000000
vn -0.204435 0.978880 0.000000
vn -0.204428 0.978881 0.000000
vn -0.204428 0.978881 0.000000
vn -0.204442 0.978879 0.000000
vn -0.204442 0.978879 0.000000
vn -0.204397 0.978888 0.000000
vn -0.204472 0.978872 0.000000
vn -0.204397 0.978888 0.000000
vn -0.204428 0.978882 0.000000
vn -0.204472 0.978872 0.000000
vn -0.204436 0.978880 -0.000003
vn -0.204434 0.978880 -0.000002
vn -0.204410 0.978885 0.000008
vn -0.204433 0.978881 -0.000002
vn -0.204427 0.978882 0.000001
vn -0.204442 0.978879 -0.000008
vn -0.204428 0.978882 -0.000000
vn -0.204425 0.978882 0.000003
vn -0.204430 0.978881 -0.000001
vn -0.204428 0.978882 0.000000
vn -0.204427 0.978882 0.000001
vn -0.204435 0.978880 -0.000005
vn -0.204420 0.978883 0.000008
vn -0.204429 0.978881 -0.000000
vn -0.204433 0.978881 -0.000004
vn -0.204419 0.978883 0.000009
vn -0.204436 0.978880 -0.000008
vn -0.204416 0.978884 0.000014
vn -0.204429 0.978881 -0.000001
vn -0.204428 0.978881 -0.000000
vn -0.204434 0.978880 0.000009
vn -0.204432 0.978881 0.000005
vn -0.204420 0.978883 -0.000012
vn -0.204438 0.978880 0.000013
vn -0.204427 0.978882 -0.000002
vn -0.204428 0.978882 -0.000001
vn -0.204428 0.978882 -0.000001
vn -0.204425 0.978882 -0.000004
vn -0.204432 0.978881 0.000004
vn -0.204428 0.978882 -0.000000
vn -0.204430 0.978881 0.000002
vn -0.204422 0.978883 -0.000007
vn -0.204432 0.978881 0.000003
vn -0.204434 0.978880 0.000005
vn -0.204427 0.978882 -0.000001
vn -0.204425 0.978882 -0.000003
vn -0.204436 0.978880 0.000006
vn -0.204417 0.978884 -0.000008
vn -0.204432 0.978881 0.000002
vn -0.204428 0.978882 -0.000000
vn -0.204434 0.978880 0.000003
vn -0.204416 0.978884 -0.000007
vn -0.204444 0.978878 0.000009
vn -0.204429 0.978881 0.000000
vn -0.204414 0.978885 -0.000008
vn -0.204427 0.978882 -0.000001
vn -0.204448 0.978877 0.000010
vn -0.204417 0.978884 -0.000006
vn -0.204428 0.978882 0.000000
vn -0.204443 0.978878 0.000007
vn -0.204394 0.978889 -0.000016
vn -0.204431 0.978881 0.000001
vn -0.204428 0.978882 0.000000
vn -0.204474 0.978872 0.000020
vn -0.204425 0.978882 -0.000001
vn -0.204423 0.978883 0.000000
vn -0.204423 0.978883 0.000000
vn -0.204423 0.978883 0.000000
vn -0.204423 0.978883 0.000000
vn 0.978882 0.204428 0.000000
vn 0.978882 0.204428 0.000000
vn 0.978882 0.204428 0.000000
vn -0.204431 0.978881 0.000003
vn -0.204429 0.978881 0.000001
vn -0.204428 0.978882 -0.000000
vn -0.204430 0.978881 0.000001
vn -0.204428 0.978882 -0.000001
vn -0.204423 0.978883 -0.000002
vn -0.204428 0.978882 -0.000000
vn -0.204431 0.978881 0.000001
vn -0.204428 0.978882 -0.000000
vn -0.204425 0.978882 -0.000001
vn -0.204427 0.978882 -0.000003
vn -0.204429 0.978881 0.000000
vn -0.204429 0.978881 0.000005
vn -0.204427 0.978882 -0.000000
vn -0.204427 0.978882 -0.000004
vn -0.204437 0.978880 0.000001
vn -0.204428 0.978882 0.000002
vn -0.204421 0.978883 -0.000000
vn -0.204428 0.978882 0.000003
vn -0.204432 0.978881 0.000000
vn -0.204428 0.978882 -0.000001
vn -0.204437 0.978880 0.000001
vn -0.204428 0.978881 0.000004
vn -0.204416 0.978884 -0.000000
vn -0.204429 0.978881 0.000010
vn -0.204430 0.978881 0.000000
vn -0.204428 0.978882 -0.000003
vn -0.204398 0.978888 -0.000000
vn -0.204428 0.978882 -0.000006
vn -0.204428 0.978882 -0.000010
vn -0.204398 0.978888 0.000000
vn -0.204430 0.978881 -0.000000
vn -0.204416 0.978884 0.000000
vn -0.204437 0.978880 -0.000001
vn -0.204432 0.978881 -0.000000
vn -0.204421 0.978883 0.000000
vn -0.204437 0.978880 -0.000001
vn -0.204427 0.978882 0.000000
vn -0.204429 0.978881 -0.000000
vn -0.204425 0.978882 0.000001
vn -0.204431 0.978881 -0.000001
vn -0.204423 0.978883 0.000002
vn -0.204430 0.978881 -0.000001
vn -0.204429 0.978882 -0.000001
vn -0.204431 0.978881 -0.000003
vn -0.204428 0.978882 0.000000
vn -0.204428 0.978882 0.000001
vn -0.204428 0.978882 0.000000
vn -0.204428 0.978882 0.000000
vn -0.204427 0.978882 0.000004
vn -0.204429 0.978881 -0.000005
vn -0.204427 0.978882 0.000004
vn -0.204428 0.978882 -0.000002
vn -0.204428 0.978881 -0.000003
vn -0.204428 0.978882 0.000001
vn -0.204429 0.978882 -0.000005
vn -0.204429 0.978881 -0.000010
vn -0.204428 0.978881 -0.000004
vn -0.204429 0.978881 0.000005
vn -0.204428 0.978882 -0.000002
vn -0.204428 0.978882 -0.000015
vn -0.204428 0.978881 0.000009
vn -0.204429 0.978882 -0.000000
vn -0.204429 0.978882 0.000001
vn -0.204429 0.978881 0.000000
vn -0.204429 0.978881 0.000000
vn -0.204428 0.978881 -0.000006
vn -0.204428 0.978882 0.000007
vn -0.204428 0.978882 0.000006
vn -0.204428 0.978882 0.000004
vn -0.204429 0.978881 0.000042
vn -0.204428 0.978882 -0.000006
vn -0.204429 0.978882 0.000001
vn -0.204428 0.978881 -0.000009
vn -0.204429 0.978881 0.000013
vn -0.204429 0.978881 0.000002
vn -0.204428 0.978882 -0.000005
vn -0.204429 0.978881 0.000003
vn -0.204428 0.978882 -0.000001
vn -0.204300 0.978908 0.000000
vn -0.204463 0.978874 -0.000000
vn -0.204300 0.978908 0.000000
vn -0.204464 0.978874 0.000000
vn -0.204428 0.978882 0.000006
vn -0.204429 0.978881 -0.000039
vn -0.204428 0.978882 0.000000
vn -0.978881 -0.204428 -0.000000
vn -0.978881 -0.204428 0.000000
vn -0.204432 0.978881 0.000003
vn -0.204419 0.978883 -0.000008
vn -0.204432 0.978881 0.000004
vn -0.204428 0.978882 -0.000000
vn -0.204431 0.978881 0.000003
vn -0.204428 0.978882 -0.000001
vn -0.204427 0.978882 -0.000001
vn -0.204435 0.978880 0.000004
vn -0.204424 0.978882 -0.000005
vn -0.204432 0.978881 0.000003
vn -0.204432 0.978881 0.000005
vn -0.204428 0.978882 0.000000
vn -0.204431 0.978881 0.000003
vn -0.204428 0.978882 0.000000
vn -0.204425 0.978882 -0.000004
vn -0.204422 0.978883 -0.000004
vn -0.204426 0.978882 -0.000004
vn -0.204433 0.978881 0.000003
vn -0.204427 0.978882 -0.000002
vn -0.204423 0.978883 -0.000004
vn -0.204431 0.978881 0.000004
vn -0.204427 0.978882 -0.000001
vn -0.204432 0.978881 0.000005
vn -0.204442 0.978879 0.000007
vn -0.204425 0.978882 -0.000006
vn -0.204427 0.978882 -0.000001
vn -0.204415 0.978884 -0.000007
vn -0.204427 0.978882 -0.000001
vn -0.204423 0.978883 0.000006
vn -0.204436 0.978880 -0.000008
vn -0.204423 0.978883 0.000006
vn -0.204428 0.978882 -0.000000
vn -0.204429 0.978881 0.000000
vn -0.204439 0.978879 -0.000011
vn -0.204430 0.978881 0.000001
vn -0.204427 0.978882 0.000001
vn -0.204451 0.978877 0.000010
vn -0.204417 0.978884 0.000010
vn -0.204431 0.978881 0.000001
vn -0.204432 0.978881 -0.000003
vn -0.204389 0.978890 -0.000018
vn -0.204432 0.978881 -0.000003
vn -0.204436 0.978880 0.000003
vn -0.204433 0.978881 -0.000004
vn -0.204428 0.978882 -0.000000
vn -0.204429 0.978881 -0.000001
vn -0.204424 0.978882 0.000002
vn -0.204424 0.978882 0.000002
vn -0.204427 0.978882 0.000001
vn -0.204433 0.978881 -0.000002
vn -0.204425 0.978882 0.000001
vn -0.204430 0.978881 -0.000001
vn -0.204426 0.978882 0.000001
vn -0.204426 0.978882 -0.000006
vn -0.204425 0.978882 -0.000013
vn -0.204432 0.978881 0.000013
vn -0.204428 0.978882 0.000002
vn -0.204416 0.978884 -0.000027
vn -0.204432 0.978881 0.000006
vn -0.204428 0.978882 0.000000
vn -0.204422 0.978883 0.000012
vn -0.204433 0.978881 -0.000009
vn -0.204432 0.978881 -0.000006
vn -0.204416 0.978884 0.000027
vn -0.204428 0.978882 -0.000002
vn -0.204432 0.978881 -0.000013
vn -0.204425 0.978882 0.000013
vn -0.204426 0.978882 0.000006
vn -0.204410 0.978885 0.000000
vn -0.204435 0.978880 0.000000
vn -0.204435 0.978880 0.000000
vn -0.204428 0.978882 0.000000
vn -0.204410 0.978885 0.000000
vn -0.204435 0.978880 0.000000
vn -0.204435 0.978880 0.000000
vn -0.204428 0.978882 0.000000
vn -0.204433 0.978881 0.000000
vn -0.204433 0.978881 0.000000
vn -0.204426 0.978882 0.000000
vn -0.204427 0.978882 0.000000
vn -0.204426 0.978882 0.000000
vn -0.204426 0.978882 0.000000
vn -0.204441 0.978879 0.000000
vn -0.204436 0.978880 0.000000
vn -0.204441 0.978879 0.000000
vn -0.204421 0.978883 0.000000
vn -0.204421 0.978883 0.000000
vn -0.204436 0.978880 0.000000
vn -0.204435 0.978880 0.000000
vn -0.204435 0.978880 0.000000
vn -0.204428 0.978882 0.000000
vn -0.204428 0.978881 0.000000
vn -0.204428 0.978882 0.000000
vn -0.204433 0.978881 0.000000
vn -0.204433 0.978881 0.000000
vn -0.204428 0.978881 0.000000
vn -0.204413 0.978885 0.000000
vn -0.204423 0.978883 0.000000
vn -0.204423 0.978882 0.000000
vn -0.204440 0.978879 0.000000
vn -0.204413 0.978885 0.000000
vn -0.204424 0.978882 0.000000
vn -0.204424 0.978882 0.000000
vn -0.204440 0.978879 0.000000
vn -0.204427 0.978882 0.000000
vn -0.204427 0.978882 0.000000
vn -0.204429 0.978882 0.000000
vn -0.204411 0.978885 0.000000
vn -0.204411 0.978885 0.000000
vn -0.204432 0.978881 0.000000
vn -0.204432 0.978881 0.000000
vn -0.204433 0.978881 0.000000
vn -0.204433 0.978881 0.000000
vn -0.204424 0.978882 0.000000
vn -0.204424 0.978882 0.000000
vn -0.204424 0.978882 0.000000
vn -0.204424 0.978882 0.000000
vn -0.204435 0.978880 0.000000
vn -0.204435 0.978880 0.000000
vn -0.204423 0.978883 0.000000
vn -0.204423 0.978883 0.000000
vn -0.204439 0.978879 0.000000
vn -0.204439 0.978879 0.000000
vn -0.204427 0.978882 0.000000
vn -0.204427 0.978882 0.000000
vn -0.204416 0.978884 0.000000
vn -0.204416 0.978884 0.000000
vn -0.204432 0.978881 0.000000
vn -0.204432 0.978881 0.000000
vn -0.204433 0.978881 0.000000
vn -0.204433 0.978881 0.000000
vn -0.204434 0.978880 0.000000
vn -0.204434 0.978880 0.000000
vn -0.204428 0.978882 0.000000
vn -0.204428 0.978882 0.000000
vn -0.204430 0.978881 0.000000
vn -0.204430 0.978881 0.000000
vn -0.204423 0.978882 0.000000
vn -0.204424 0.978883 0.000000
vn -0.204423 0.978883 0.000000
vn -0.204423 0.978883 0.000000
vn -0.204426 0.978882 0.000000
vn -0.204426 0.978882 0.000000
vn -0.204434 0.978880 0.000000
vn -0.204434 0.978880 0.000000
vn -0.204424 0.978882 0.000000
vn -0.204424 0.978882 0.000000
vn -0.204429 0.978881 0.000000
vn -0.204436 0.978880 -0.000003
vn -0.204389 0.978890 0.000018
vn -0.204431 0.978881 -0.000001
vn -0.204451 0.978877 -0.000010
vn -0.204431 0.978881 -0.000001
vn -0.204429 0.978881 0.000000
vn -0.204427 0.978882 0.000001
vn -0.204415 0.978884 0.000007
vn -0.204427 0.978882 0.000001
vn -0.204441 0.978879 -0.000007
vn -0.204427 0.978882 0.000001
vn -0.204422 0.978883 0.000003
vn -0.204433 0.978881 -0.000003
vn -0.204422 0.978883 0.000004
vn -0.204428 0.978882 -0.000000
vn -0.204428 0.978882 -0.000000
vn -0.204432 0.978881 -0.000003
vn -0.204434 0.978880 -0.000004
vn -0.204428 0.978882 0.000001
vn -0.204428 0.978882 0.000000
vn -0.204419 0.978883 0.000008
vn -0.204432 0.978881 -0.000003
vn -0.204432 0.978881 -0.000004
vn -0.204431 0.978881 -0.000002
vn -0.204427 0.978882 0.000002
vn -0.204424 0.978882 0.000005
vn -0.204432 0.978881 -0.000005
vn -0.204431 0.978881 -0.000003
vn -0.204425 0.978882 0.000004
vn -0.204426 0.978882 0.000003
vn -0.204426 0.978882 -0.000006
vn -0.204425 0.978882 -0.000013
vn -0.204432 0.978881 0.000013
vn -0.204428 0.978882 0.000002
vn -0.204416 0.978884 -0.000027
vn -0.204432 0.978881 0.000006
vn -0.204433 0.978881 0.000009
vn -0.204422 0.978883 -0.000012
vn -0.204428 0.978882 0.000000
vn -0.204428 0.978882 0.000000
vn -0.204427 0.978882 0.000002
vn -0.204431 0.978881 -0.000004
vn -0.204432 0.978881 -0.000005
vn -0.204425 0.978882 0.000005
vn -0.204432 0.978881 -0.000006
vn -0.204416 0.978884 0.000027
vn -0.204428 0.978882 -0.000002
vn -0.204432 0.978881 -0.000013
vn -0.204425 0.978882 0.000013
vn -0.204426 0.978882 0.000006
vn -0.204432 0.978881 0.000003
vn -0.204433 0.978881 0.000004
vn -0.204428 0.978882 0.000000
vn -0.204428 0.978882 0.000000
vn -0.204429 0.978881 0.000001
vn -0.204424 0.978882 -0.000002
vn -0.204424 0.978882 -0.000002
vn -0.204427 0.978882 -0.000001
vn -0.204433 0.978881 0.000002
vn -0.204425 0.978882 -0.000001
vn -0.204430 0.978881 0.000001
vn -0.204426 0.978882 -0.000001
vn -0.204428 0.978882 0.000000
vn -0.204423 0.978883 -0.000006
vn -0.204436 0.978880 0.000008
vn -0.204423 0.978883 -0.000006
vn -0.204439 0.978879 0.000011
vn -0.204427 0.978882 -0.000001
vn -0.204417 0.978884 -0.000010
vn -0.204432 0.978881 0.000003
vn -0.978882 -0.204428 0.000000
vn -0.978882 -0.204428 0.000000
vn 0.204428 -0.978882 0.000000
vn 0.204432 -0.978881 -0.000006
vn 0.204425 -0.978882 0.000006
vn 0.204426 -0.978882 -0.000001
vn 0.204430 -0.978881 -0.000004
vn 0.204430 -0.978881 0.000001
vn 0.204428 -0.978881 0.000000
vn 0.204425 -0.978882 -0.000001
vn 0.204428 -0.978881 0.000001
vn 0.204433 -0.978881 0.000002
vn 0.204428 -0.978882 0.000005
vn 0.204427 -0.978882 -0.000001
vn 0.204432 -0.978881 0.000002
vn 0.204425 -0.978882 -0.000002
vn 0.204429 -0.978881 0.000001
vn 0.204428 -0.978881 0.000000
vn 0.204433 -0.978881 0.000003
vn 0.204425 -0.978882 -0.000003
vn 0.204432 -0.978881 0.000003
vn 0.204423 -0.978883 -0.000005
vn 0.204430 -0.978881 0.000002
vn 0.204429 -0.978881 0.000001
vn 0.204431 -0.978881 0.000003
vn 0.204418 -0.978884 -0.000011
vn 0.204442 -0.978879 0.000016
vn 0.204428 -0.978882 -0.000005
vn 0.204428 -0.978882 -0.000001
vn 0.204428 -0.978882 -0.000000
vn 0.204425 -0.978882 0.000006
vn 0.204432 -0.978881 -0.000005
vn 0.204419 -0.978883 0.000015
vn 0.204439 -0.978879 -0.000015
vn 0.204426 -0.978882 0.000004
vn 0.204425 -0.978882 0.000004
vn 0.204431 -0.978881 -0.000003
vn 0.204421 -0.978883 0.000009
vn 0.204435 -0.978880 -0.000008
vn 0.204427 -0.978882 0.000001
vn 0.204431 -0.978881 -0.000003
vn 0.204429 -0.978882 -0.000000
vn 0.204430 -0.978881 0.000004
vn 0.204432 -0.978881 -0.000004
vn 0.204426 -0.978882 -0.000006
vn 0.204420 -0.978883 0.000008
vn 0.204432 -0.978881 0.000006
vn 0.204432 -0.978881 -0.000003
vn 0.204433 -0.978881 0.000009
vn 0.204428 -0.978882 0.000000
vn 0.204421 -0.978883 -0.000012
vn 0.204428 -0.978882 0.000001
vn 0.204434 -0.978880 -0.000004
vn 0.204418 -0.978884 0.000008
vn 0.204429 -0.978881 0.000000
vn 0.204429 -0.978881 0.000000
vn 0.204439 -0.978879 -0.000007
vn 0.204433 -0.978881 -0.000003
vn 0.204423 -0.978883 0.000003
vn 0.204427 -0.978882 0.000001
vn 0.204419 -0.978884 0.000005
vn 0.204428 -0.978882 0.000001
vn 0.204443 -0.978878 -0.000007
vn 0.204427 -0.978882 0.000001
vn 0.204429 -0.978881 0.000000
vn 0.204431 -0.978881 -0.000001
vn 0.204405 -0.978886 0.000011
vn 0.204432 -0.978881 -0.000001
vn 0.204459 -0.978875 -0.000014
vn 0.204436 -0.978880 -0.000003
vn 0.204432 -0.978881 -0.000006
vn 0.204425 -0.978882 0.000006
vn 0.204433 -0.978881 -0.000009
vn 0.204430 -0.978881 -0.000004
vn 0.204428 -0.978881 0.000000
vn 0.204422 -0.978883 0.000012
vn 0.204428 -0.978882 0.000000
vn 0.204428 -0.978882 0.000000
vn 0.204434 -0.978880 0.000000
vn 0.204424 -0.978882 0.000000
vn 0.204424 -0.978882 0.000000
vn 0.204428 -0.978882 0.000001
vn 0.204426 -0.978882 0.000000
vn 0.204434 -0.978880 0.000000
vn 0.204428 -0.978882 0.000005
vn 0.204426 -0.978882 0.000000
vn 0.204423 -0.978883 0.000000
vn 0.204433 -0.978881 0.000000
vn 0.204433 -0.978881 0.000000
vn 0.204430 -0.978881 0.000000
vn 0.204424 -0.978882 0.000000
vn 0.204430 -0.978881 0.000000
vn 0.204428 -0.978882 0.000000
vn 0.204428 -0.978882 0.000000
vn 0.204434 -0.978880 0.000000
vn 0.204424 -0.978882 0.000000
vn 0.204434 -0.978880 0.000000
vn 0.204424 -0.978882 0.000000
vn 0.204432 -0.978881 0.000000
vn 0.204432 -0.978881 0.000000
vn 0.204423 -0.978883 0.000000
vn 0.204430 -0.978881 0.000000
vn 0.204423 -0.978883 0.000000
vn 0.204430 -0.978881 0.000000
vn 0.204429 -0.978881 0.000000
vn 0.204429 -0.978881 0.000000
vn 0.204431 -0.978881 0.000000
vn 0.204419 -0.978884 0.000000
vn 0.204431 -0.978881 0.000000
vn 0.204419 -0.978883 0.000000
vn 0.204440 -0.978879 0.000000
vn 0.204440 -0.978879 0.000000
vn 0.204424 -0.978882 0.000000
vn 0.204433 -0.978881 0.000000
vn 0.204424 -0.978882 0.000000
vn 0.204433 -0.978881 0.000000
vn 0.204415 -0.978884 0.000000
vn 0.204415 -0.978884 0.000000
vn 0.204444 -0.978878 0.000000
vn 0.204444 -0.978878 0.000000
vn 0.204424 -0.978882 0.000000
vn 0.204424 -0.978882 0.000000
vn 0.204423 -0.978882 0.000000
vn 0.204424 -0.978883 0.000000
vn 0.204433 -0.978881 0.000000
vn 0.204416 -0.978884 0.000000
vn 0.204433 -0.978881 0.000000
vn 0.204416 -0.978884 0.000000
vn 0.204428 -0.978882 -0.000005
vn 0.204440 -0.978879 0.000000
vn 0.204440 -0.978879 0.000000
vn 0.204428 -0.978882 -0.000001
vn 0.204426 -0.978882 0.000000
vn 0.204426 -0.978882 0.000000
vn 0.204428 -0.978881 -0.000000
vn 0.204433 -0.978881 0.000000
vn 0.204433 -0.978881 0.000000
vn 0.204430 -0.978881 0.000004
vn 0.204435 -0.978880 0.000000
vn 0.204412 -0.978885 0.000000
vn 0.204435 -0.978880 0.000000
vn 0.204425 -0.978882 -0.000006
vn 0.204412 -0.978885 0.000000
vn 0.204432 -0.978881 0.000006
vn 0.204428 -0.978882 0.000000
vn 0.204434 -0.978880 0.000000
vn 0.204434 -0.978880 0.000000
vn 0.204428 -0.978882 0.000000
vn 0.204426 -0.978882 0.000000
vn 0.204426 -0.978882 0.000000
vn 0.204441 -0.978879 0.000000
vn 0.204441 -0.978879 0.000000
vn 0.204405 -0.978886 0.000000
vn 0.204428 -0.978882 0.000000
vn 0.204405 -0.978886 0.000000
vn 0.204428 -0.978881 0.000000
vn 0.204428 -0.978881 0.000000
vn 0.204428 -0.978882 0.000000
vn 0.204455 -0.978876 0.000000
vn 0.204440 -0.978879 0.000000
vn 0.204455 -0.978876 0.000000
vn 0.204440 -0.978879 0.000000
vn 0.204411 -0.978885 0.000000
vn 0.204411 -0.978885 0.000000
vn 0.204429 -0.978881 0.000000
vn 0.204430 -0.978881 -0.000001
vn 0.204426 -0.978882 0.000001
vn 0.204428 -0.978882 0.000000
vn 0.204430 -0.978881 -0.000002
vn 0.204423 -0.978883 0.000005
vn 0.204432 -0.978881 -0.000003
vn 0.204425 -0.978882 0.000003
vn 0.204433 -0.978881 -0.000003
vn 0.204428 -0.978881 -0.000000
vn 0.204429 -0.978881 -0.000001
vn 0.204425 -0.978882 0.000002
vn 0.204432 -0.978881 -0.000002
vn 0.204427 -0.978882 0.000001
vn 0.204433 -0.978881 -0.000002
vn 0.204425 -0.978882 0.000001
vn 0.204429 -0.978881 -0.000001
vn 0.204431 -0.978881 -0.000003
vn 0.204418 -0.978884 0.000011
vn 0.204442 -0.978879 -0.000016
vn 0.204429 -0.978881 0.000000
vn 0.204436 -0.978880 0.000003
vn 0.204459 -0.978875 0.000014
vn 0.204432 -0.978881 0.000001
vn 0.204405 -0.978886 -0.000011
vn 0.204431 -0.978881 0.000001
vn 0.204429 -0.978881 0.000000
vn 0.204427 -0.978882 -0.000001
vn 0.204443 -0.978878 0.000007
vn 0.204428 -0.978882 -0.000001
vn 0.204419 -0.978884 -0.000005
vn 0.204427 -0.978882 -0.000001
vn 0.204423 -0.978883 -0.000003
vn 0.204433 -0.978881 0.000003
vn 0.204439 -0.978879 0.000007
vn 0.204429 -0.978881 -0.000000
vn 0.204429 -0.978881 -0.000000
vn 0.204418 -0.978884 -0.000008
vn 0.204434 -0.978880 0.000004
vn 0.204428 -0.978882 -0.000001
vn 0.204428 -0.978882 -0.000000
vn 0.204432 -0.978881 0.000003
vn 0.204420 -0.978883 -0.000008
vn 0.204432 -0.978881 0.000004
vn 0.204431 -0.978881 0.000003
vn 0.204427 -0.978882 -0.000001
vn 0.204435 -0.978880 0.000008
vn 0.204421 -0.978883 -0.000009
vn 0.204431 -0.978881 0.000003
vn 0.204425 -0.978882 -0.000004
vn 0.204426 -0.978882 -0.000004
vn 0.204439 -0.978879 0.000015
vn 0.204419 -0.978883 -0.000015
vn 0.204432 -0.978881 0.000005
vn 0.204425 -0.978882 -0.000006
vn 0.204429 -0.978881 0.000000
vn -0.978882 -0.204428 -0.000000
vn -0.978882 -0.204428 0.000000
vn -0.835252 -0.174433 0.521466
vn -0.808798 -0.168909 0.563308
vn -0.835252 -0.174433 0.521466
vn -0.780292 -0.162955 0.603812
vn -0.808800 -0.168909 0.563305
vn -0.749878 -0.156604 0.642774
vn -0.780291 -0.162955 0.603815
vn -0.717561 -0.149855 0.680183
vn -0.749878 -0.156604 0.642774
vn -0.683474 -0.142736 0.715884
vn -0.717563 -0.149855 0.680182
vn -0.647714 -0.135268 0.749779
vn -0.683472 -0.142736 0.715886
vn -0.610364 -0.127468 0.781798
vn -0.647714 -0.135268 0.749779
vn -0.610363 -0.127468 0.781798
vn -0.571371 -0.119325 0.811971
vn -0.531088 -0.110912 0.840026
vn -0.571373 -0.119325 0.811969
vn -0.489480 -0.102222 0.866003
vn -0.531088 -0.110912 0.840026
vn -0.446552 -0.093257 0.889885
vn -0.489480 -0.102222 0.866003
vn -0.446550 -0.093257 0.889885
vn -0.402606 -0.084080 0.911504
vn -0.357616 -0.074684 0.930878
vn -0.402606 -0.084080 0.911504
vn -0.311778 -0.065111 0.947921
vn -0.357616 -0.074684 0.930878
vn -0.311778 -0.065111 0.947921
vn -0.265107 -0.055365 0.962628
vn -0.217819 -0.045489 0.974929
vn -0.265107 -0.055365 0.962628
vn -0.217819 -0.045489 0.974929
vn -0.169985 -0.035499 0.984807
vn -0.169985 -0.035499 0.984807
vn -0.121721 -0.025420 0.992239
vn -0.121721 -0.025420 0.992239
vn -0.073159 -0.015278 0.997203
vn -0.073159 -0.015278 0.997203
vn -0.024397 -0.005095 0.999689
vn -0.024398 -0.005095 0.999689
vn 0.024398 0.005095 0.999689
vn 0.024398 0.005095 0.999689
vn 0.073159 0.015279 0.997203
vn 0.073159 0.015278 0.997203
vn 0.121721 0.025420 0.992239
vn 0.121721 0.025420 0.992239
vn 0.169984 0.035499 0.984807
vn 0.169985 0.035499 0.984807
vn 0.217815 0.045488 0.974929
vn 0.217815 0.045488 0.974929
vn 0.265116 0.055367 0.962626
vn 0.265115 0.055366 0.962626
vn 0.311772 0.065110 0.947923
vn 0.311773 0.065110 0.947923
vn 0.357610 0.074683 0.930880
vn 0.357610 0.074683 0.930880
vn 0.402612 0.084081 0.911501
vn 0.402612 0.084081 0.911501
vn 0.446552 0.093257 0.889885
vn 0.446552 0.093257 0.889885
vn 0.489471 0.102221 0.866008
vn 0.531089 0.110912 0.840025
vn 0.489472 0.102221 0.866007
vn 0.531088 0.110912 0.840026
vn 0.571379 0.119326 0.811965
vn 0.610356 0.127466 0.781805
vn 0.571379 0.119326 0.811965
vn 0.610356 0.127466 0.781805
vn 0.647714 0.135268 0.749779
vn 0.683482 0.142737 0.715876
vn 0.647716 0.135268 0.749778
vn 0.717561 0.149855 0.680183
vn 0.683480 0.142737 0.715878
vn 0.717561 0.149855 0.680184
vn 0.749878 0.156604 0.642774
vn 0.780285 0.162954 0.603823
vn 0.749878 0.156604 0.642774
vn 0.780285 0.162954 0.603823
vn 0.808798 0.168909 0.563308
vn 0.808798 0.168909 0.563308
vn 0.835267 0.174436 0.521441
vn 0.835268 0.174437 0.521439
vn 0.859671 0.179533 0.478261
vn 0.859669 0.179532 0.478264
vn 0.881951 0.184186 0.433865
vn 0.902015 0.188376 0.388437
vn 0.881952 0.184186 0.433862
vn 0.902014 0.188376 0.388440
vn 0.919845 0.192099 0.342029
vn 0.935390 0.195346 0.294762
vn 0.919846 0.192100 0.342026
vn 0.935389 0.195346 0.294765
vn 0.948614 0.198107 0.246750
vn 0.948614 0.198107 0.246750
vn 0.959471 0.200375 0.198153
vn 0.959471 0.200375 0.198156
vn 0.967950 0.202145 0.149031
vn 0.967950 0.202145 0.149031
vn 0.974017 0.203412 0.099572
vn 0.974017 0.203413 0.099568
vn 0.977665 0.204174 0.049847
vn 0.977665 0.204174 0.049847
vn 0.978881 0.204429 -0.000000
vn 0.978881 0.204429 -0.000000
vn 0.977665 0.204174 -0.049847
vn 0.977665 0.204174 -0.049847
vn 0.974017 0.203413 -0.099572
vn 0.974017 0.203413 -0.099568
vn 0.967948 0.202145 -0.149041
vn 0.967948 0.202145 -0.149041
vn 0.959473 0.200375 -0.198143
vn 0.959474 0.200376 -0.198140
vn 0.948614 0.198107 -0.246750
vn 0.948614 0.198107 -0.246750
vn 0.935389 0.195346 -0.294765
vn 0.935390 0.195346 -0.294762
vn 0.919845 0.192099 -0.342029
vn 0.919846 0.192100 -0.342026
vn 0.902014 0.188376 -0.388440
vn 0.902015 0.188376 -0.388437
vn 0.881938 0.184183 -0.433891
vn 0.881940 0.184183 -0.433888
vn 0.859669 0.179532 -0.478264
vn 0.859671 0.179533 -0.478261
vn 0.835285 0.174440 -0.521411
vn 0.835287 0.174440 -0.521409
vn 0.808777 0.168904 -0.563339
vn 0.808777 0.168904 -0.563339
vn 0.780309 0.162959 -0.603790
vn 0.780309 0.162959 -0.603790
vn 0.749878 0.156604 -0.642774
vn 0.717561 0.149855 -0.680183
vn 0.749878 0.156604 -0.642774
vn 0.717561 0.149855 -0.680184
vn 0.683482 0.142737 -0.715876
vn 0.647714 0.135268 -0.749779
vn 0.683480 0.142737 -0.715878
vn 0.610315 0.127458 -0.781838
vn 0.647716 0.135268 -0.749778
vn 0.610315 0.127458 -0.781838
vn 0.571423 0.119335 -0.811933
vn 0.571423 0.119335 -0.811933
vn 0.531088 0.110912 -0.840026
vn 0.531089 0.110912 -0.840025
vn 0.489472 0.102221 -0.866007
vn 0.489471 0.102221 -0.866008
vn 0.446552 0.093257 -0.889885
vn 0.446552 0.093257 -0.889885
vn 0.402612 0.084081 -0.911501
vn 0.402612 0.084081 -0.911501
vn 0.357610 0.074683 -0.930880
vn 0.357610 0.074683 -0.930880
vn 0.311742 0.065104 -0.947934
vn 0.311743 0.065104 -0.947933
vn 0.265146 0.055373 -0.962617
vn 0.265147 0.055373 -0.962617
vn 0.217815 0.045488 -0.974929
vn 0.217815 0.045488 -0.974929
vn 0.170017 0.035506 -0.984801
vn 0.170016 0.035506 -0.984801
vn 0.121689 0.025413 -0.992243
vn 0.121689 0.025413 -0.992243
vn 0.073159 0.015279 -0.997203
vn 0.073159 0.015278 -0.997203
vn 0.024364 0.005088 -0.999690
vn 0.024365 0.005088 -0.999690
vn -0.024364 -0.005088 -0.999690
vn -0.024364 -0.005088 -0.999690
vn -0.073159 -0.015278 -0.997203
vn -0.073159 -0.015278 -0.997203
vn -0.121689 -0.025413 -0.992243
vn -0.121689 -0.025413 -0.992243
vn -0.170017 -0.035506 -0.984801
vn -0.170017 -0.035506 -0.984801
vn -0.217819 -0.045489 -0.974929
vn -0.217819 -0.045489 -0.974929
vn -0.265138 -0.055371 -0.962619
vn -0.265138 -0.055371 -0.962619
vn -0.311748 -0.065105 -0.947932
vn -0.311748 -0.065105 -0.947932
vn -0.357616 -0.074684 -0.930878
vn -0.357616 -0.074684 -0.930878
vn -0.402606 -0.084080 -0.911504
vn -0.402606 -0.084080 -0.911504
vn -0.446550 -0.093257 -0.889885
vn -0.446552 -0.093257 -0.889885
vn -0.489480 -0.102222 -0.866003
vn -0.489480 -0.102222 -0.866003
vn -0.531088 -0.110912 -0.840026
vn -0.531088 -0.110912 -0.840026
vn -0.571415 -0.119334 -0.811938
vn -0.571417 -0.119334 -0.811937
vn -0.610323 -0.127459 -0.781831
vn -0.610323 -0.127459 -0.781831
vn -0.647714 -0.135268 -0.749779
vn -0.647714 -0.135268 -0.749779
vn -0.683474 -0.142736 -0.715884
vn -0.683472 -0.142736 -0.715886
vn -0.717561 -0.149855 -0.680184
vn -0.717563 -0.149855 -0.680182
vn -0.749878 -0.156604 -0.642774
vn -0.749878 -0.156604 -0.642774
vn -0.780317 -0.162960 -0.603780
vn -0.780315 -0.162960 -0.603782
vn -0.808777 -0.168904 -0.563339
vn -0.808779 -0.168904 -0.563337
vn -0.835271 -0.174437 -0.521435
vn -0.835271 -0.174437 -0.521435
vn 0.000000 0.000000 -1.000000
vn 0.000000 0.000000 -1.000000
vn -0.978882 -0.204428 0.000000
vn -0.978882 -0.204428 -0.000000
vn 0.000000 0.000000 1.000000
vn 0.000000 0.000000 1.000000
vn -0.835262 -0.174435 0.521450
vn -0.835261 -0.174435 0.521450
vn -0.808788 -0.168906 0.563323
vn -0.808789 -0.168907 0.563321
vn -0.780317 -0.162960 0.603780
vn -0.780315 -0.162960 0.603782
vn -0.749851 -0.156598 0.642807
vn -0.717577 -0.149858 0.680166
vn -0.749851 -0.156598 0.642807
vn -0.683491 -0.142739 0.715867
vn -0.717578 -0.149858 0.680165
vn -0.683489 -0.142739 0.715869
vn -0.647714 -0.135268 0.749779
vn -0.610323 -0.127459 0.781831
vn -0.647714 -0.135268 0.749779
vn -0.610323 -0.127459 0.781831
vn -0.571415 -0.119334 0.811938
vn -0.571417 -0.119334 0.811937
vn -0.531088 -0.110912 0.840026
vn -0.531088 -0.110912 0.840026
vn -0.489430 -0.102212 0.866032
vn -0.489430 -0.102212 0.866032
vn -0.446578 -0.093263 0.889871
vn -0.446577 -0.093263 0.889871
vn -0.402606 -0.084080 0.911504
vn -0.357644 -0.074690 0.930866
vn -0.402606 -0.084080 0.911504
vn -0.311748 -0.065105 0.947932
vn -0.357644 -0.074690 0.930866
vn -0.311748 -0.065105 0.947932
vn -0.265107 -0.055365 0.962628
vn -0.265107 -0.055365 0.962628
vn -0.217850 -0.045496 0.974921
vn -0.217850 -0.045496 0.974921
vn -0.169952 -0.035493 0.984813
vn -0.169952 -0.035493 0.984813
vn -0.121721 -0.025420 0.992239
vn -0.121721 -0.025420 0.992239
vn -0.073159 -0.015278 0.997203
vn -0.073159 -0.015278 0.997203
vn -0.024397 -0.005095 0.999689
vn -0.024398 -0.005095 0.999689
vn 0.024398 0.005095 0.999689
vn 0.024398 0.005095 0.999689
vn 0.073159 0.015279 0.997203
vn 0.073159 0.015278 0.997203
vn 0.121721 0.025420 0.992239
vn 0.121721 0.025420 0.992239
vn 0.169952 0.035493 0.984813
vn 0.169952 0.035493 0.984813
vn 0.217847 0.045495 0.974922
vn 0.217847 0.045495 0.974922
vn 0.265116 0.055367 0.962626
vn 0.265115 0.055366 0.962626
vn 0.311742 0.065104 0.947934
vn 0.311743 0.065104 0.947933
vn 0.357639 0.074689 0.930868
vn 0.357639 0.074689 0.930868
vn 0.402612 0.084081 0.911501
vn 0.402612 0.084081 0.911501
vn 0.446578 0.093263 0.889871
vn 0.446578 0.093263 0.889871
vn 0.489421 0.102210 0.866037
vn 0.531089 0.110912 0.840025
vn 0.489423 0.102210 0.866036
vn 0.531088 0.110912 0.840026
vn 0.571423 0.119335 0.811933
vn 0.610315 0.127458 0.781838
vn 0.571423 0.119335 0.811933
vn 0.610315 0.127458 0.781838
vn 0.647714 0.135268 0.749779
vn 0.683499 0.142741 0.715859
vn 0.647716 0.135268 0.749778
vn 0.683497 0.142741 0.715861
vn 0.717577 0.149858 0.680167
vn 0.717577 0.149858 0.680166
vn 0.749851 0.156598 0.642807
vn 0.749851 0.156598 0.642807
vn 0.780309 0.162959 0.603790
vn 0.808788 0.168906 0.563323
vn 0.780309 0.162959 0.603790
vn 0.808788 0.168906 0.563323
vn 0.835276 0.174438 0.521426
vn 0.835277 0.174438 0.521424
vn 0.859671 0.179533 0.478261
vn 0.859669 0.179532 0.478264
vn 0.881945 0.184184 0.433878
vn 0.881946 0.184185 0.433875
vn 0.902015 0.188376 0.388437
vn 0.902014 0.188376 0.388440
vn 0.919845 0.192099 0.342029
vn 0.935390 0.195346 0.294762
vn 0.919846 0.192100 0.342026
vn 0.935389 0.195346 0.294765
vn 0.948616 0.198108 0.246742
vn 0.948616 0.198108 0.246742
vn 0.959471 0.200375 0.198153
vn 0.959471 0.200375 0.198156
vn 0.967949 0.202145 0.149036
vn 0.967949 0.202145 0.149036
vn 0.974017 0.203412 0.099575
vn 0.974017 0.203413 0.099572
vn 0.977665 0.204174 0.049845
vn 0.977665 0.204174 0.049845
vn 0.978882 0.204429 -0.000000
vn 0.978882 0.204429 -0.000000
vn 0.977665 0.204174 -0.049845
vn 0.977665 0.204174 -0.049845
vn 0.974017 0.203413 -0.099568
vn 0.974017 0.203412 -0.099572
vn 0.967949 0.202145 -0.149036
vn 0.967949 0.202145 -0.149036
vn 0.959471 0.200375 -0.198156
vn 0.959471 0.200375 -0.198153
vn 0.948614 0.198107 -0.246750
vn 0.948614 0.198107 -0.246750
vn 0.935392 0.195346 -0.294756
vn 0.935393 0.195346 -0.294753
vn 0.919845 0.192099 -0.342029
vn 0.919846 0.192100 -0.342026
vn 0.902015 0.188376 -0.388437
vn 0.902014 0.188376 -0.388440
vn 0.881946 0.184184 -0.433875
vn 0.881944 0.184184 -0.433878
vn 0.859669 0.179532 -0.478264
vn 0.859671 0.179533 -0.478261
vn 0.835269 0.174436 -0.521439
vn 0.835267 0.174436 -0.521441
vn 0.808798 0.168909 -0.563308
vn 0.808798 0.168909 -0.563308
vn 0.780297 0.162956 -0.603807
vn 0.749864 0.156601 -0.642790
vn 0.780297 0.162956 -0.603807
vn 0.749864 0.156601 -0.642790
vn 0.717577 0.149858 -0.680167
vn 0.683482 0.142738 -0.715876
vn 0.717577 0.149858 -0.680166
vn 0.683480 0.142737 -0.715878
vn 0.647714 0.135268 -0.749779
vn 0.610335 0.127462 -0.781821
vn 0.647716 0.135268 -0.749778
vn 0.610335 0.127462 -0.781821
vn 0.571401 0.119331 -0.811949
vn 0.571401 0.119331 -0.811949
vn 0.531088 0.110912 -0.840026
vn 0.531089 0.110912 -0.840025
vn 0.489447 0.102216 -0.866021
vn 0.489446 0.102215 -0.866022
vn 0.446578 0.093263 -0.889871
vn 0.446578 0.093263 -0.889871
vn 0.402585 0.084075 -0.911514
vn 0.402585 0.084075 -0.911514
vn 0.357639 0.074689 -0.930868
vn 0.357639 0.074689 -0.930868
vn 0.311743 0.065104 -0.947933
vn 0.311742 0.065104 -0.947934
vn 0.265147 0.055373 -0.962617
vn 0.265146 0.055373 -0.962617
vn 0.217815 0.045488 -0.974929
vn 0.217815 0.045488 -0.974929
vn 0.169985 0.035499 -0.984807
vn 0.169984 0.035499 -0.984807
vn 0.121721 0.025420 -0.992239
vn 0.121721 0.025420 -0.992239
vn 0.073126 0.015272 -0.997206
vn 0.073126 0.015272 -0.997206
vn 0.024431 0.005102 -0.999688
vn 0.024431 0.005102 -0.999689
vn -0.024431 -0.005102 -0.999689
vn -0.024430 -0.005102 -0.999689
vn -0.073126 -0.015272 -0.997206
vn -0.073126 -0.015272 -0.997206
vn -0.121721 -0.025420 -0.992239
vn -0.121721 -0.025420 -0.992239
vn -0.169985 -0.035499 -0.984807
vn -0.169985 -0.035499 -0.984807
vn -0.217819 -0.045489 -0.974929
vn -0.217819 -0.045489 -0.974929
vn -0.265138 -0.055371 -0.962619
vn -0.265138 -0.055371 -0.962619
vn -0.311748 -0.065105 -0.947932
vn -0.311748 -0.065105 -0.947932
vn -0.357644 -0.074690 -0.930866
vn -0.357644 -0.074690 -0.930866
vn -0.402579 -0.084074 -0.911516
vn -0.402579 -0.084074 -0.911516
vn -0.446577 -0.093263 -0.889871
vn -0.446578 -0.093263 -0.889871
vn -0.489455 -0.102217 -0.866017
vn -0.489455 -0.102217 -0.866017
vn -0.531088 -0.110912 -0.840026
vn -0.531088 -0.110912 -0.840026
vn -0.571393 -0.119329 -0.811955
vn -0.571395 -0.119329 -0.811953
vn -0.610343 -0.127463 -0.781815
vn -0.610343 -0.127463 -0.781815
vn -0.647714 -0.135268 -0.749779
vn -0.647714 -0.135268 -0.749779
vn -0.683474 -0.142736 -0.715884
vn -0.683472 -0.142736 -0.715886
vn -0.717577 -0.149858 -0.680167
vn -0.717578 -0.149858 -0.680165
vn -0.749864 -0.156601 -0.642790
vn -0.749864 -0.156601 -0.642790
vn -0.780304 -0.162958 -0.603796
vn -0.780303 -0.162958 -0.603798
vn -0.808798 -0.168909 -0.563308
vn -0.808800 -0.168909 -0.563305
vn -0.835252 -0.174433 -0.521466
vn -0.835252 -0.174433 -0.521466
vn 0.000000 0.000000 -1.000000
vn 0.000000 0.000000 -1.000000
vn -0.978882 -0.204428 -0.000000
vn -0.978882 -0.204428 -0.000000
vn 0.000000 0.000000 1.000000
vn 0.000000 0.000000 1.000000
vn 0.978882 0.204428 0.000000
vn 0.978882 0.204428 0.000000
vn -0.344662 -0.071979 0.935963
vn -0.344662 -0.071979 0.935963
vn -0.299472 -0.062541 0.952053
vn -0.299473 -0.062542 0.952053
vn -0.253594 -0.052960 0.965860
vn -0.253594 -0.052960 0.965860
vn -0.207097 -0.043250 0.977364
vn -0.207097 -0.043250 0.977364
vn -0.160106 -0.033436 0.986533
vn -0.160107 -0.033436 0.986533
vn -0.112733 -0.023543 0.993346
vn -0.065090 -0.013593 0.997787
vn -0.112733 -0.023543 0.993346
vn -0.017303 -0.003614 0.999844
vn -0.065090 -0.013593 0.997787
vn -0.017303 -0.003614 0.999844
vn 0.030547 0.006379 0.999513
vn 0.030547 0.006379 0.999513
vn 0.078302 0.016353 0.996796
vn 0.078302 0.016352 0.996796
vn 0.125882 0.026289 0.991697
vn 0.125882 0.026289 0.991697
vn 0.173160 0.036163 0.984230
vn 0.173160 0.036163 0.984230
vn 0.220023 0.045950 0.974412
vn 0.220022 0.045949 0.974412
vn 0.266362 0.055627 0.962267
vn 0.266361 0.055627 0.962267
vn 0.312063 0.065171 0.947823
vn 0.312062 0.065171 0.947824
vn 0.357031 0.074562 0.931112
vn 0.357030 0.074562 0.931112
vn 0.401126 0.083771 0.912184
vn 0.401125 0.083771 0.912185
vn 0.444266 0.092780 0.891078
vn 0.444267 0.092780 0.891077
vn 0.486351 0.101569 0.867840
vn 0.486354 0.101570 0.867839
vn 0.527280 0.110117 0.842526
vn 0.566945 0.118400 0.815202
vn 0.527278 0.110116 0.842527
vn 0.566945 0.118400 0.815202
vn 0.605249 0.126400 0.785937
vn 0.605249 0.126400 0.785937
vn 0.642123 0.134100 0.754781
vn 0.642123 0.134100 0.754781
vn 0.677450 0.141477 0.721835
vn 0.711156 0.148517 0.687168
vn 0.677451 0.141478 0.721833
vn 0.711154 0.148517 0.687170
vn 0.743177 0.155205 0.650845
vn 0.743176 0.155204 0.650846
vn 0.773411 0.161518 0.612982
vn 0.801806 0.167448 0.573645
vn 0.773412 0.161519 0.612981
vn 0.828285 0.172978 0.532938
vn 0.801806 0.167448 0.573645
vn 0.828287 0.172978 0.532935
vn 0.852781 0.178093 0.490966
vn 0.875242 0.182784 0.447819
vn 0.852781 0.178093 0.490966
vn 0.895615 0.187039 0.403597
vn 0.875242 0.182784 0.447819
vn 0.895613 0.187039 0.403600
vn 0.913848 0.190847 0.358413
vn 0.929896 0.194199 0.312378
vn 0.913848 0.190847 0.358413
vn 0.929898 0.194198 0.312374
vn 0.943725 0.197086 0.265594
vn 0.943726 0.197087 0.265589
vn 0.955300 0.199504 0.218173
vn 0.955300 0.199504 0.218174
vn 0.964594 0.201445 0.170229
vn 0.964594 0.201444 0.170233
vn 0.971583 0.202904 0.121886
vn 0.971583 0.202904 0.121886
vn 0.976252 0.203879 0.073250
vn 0.976252 0.203879 0.073250
vn 0.978589 0.204368 0.024432
vn 0.978589 0.204368 -0.024433
vn 0.978589 0.204367 0.024436
vn 0.978589 0.204367 -0.024436
vn 0.976252 0.203879 -0.073249
vn 0.976252 0.203879 -0.073249
vn 0.971583 0.202904 -0.121886
vn 0.971583 0.202904 -0.121886
vn 0.964594 0.201445 -0.170233
vn 0.955300 0.199504 -0.218174
vn 0.964594 0.201444 -0.170229
vn 0.955300 0.199504 -0.218173
vn 0.943726 0.197086 -0.265589
vn 0.943725 0.197087 -0.265594
vn 0.929896 0.194199 -0.312377
vn 0.929898 0.194198 -0.312374
vn 0.913847 0.190847 -0.358416
vn 0.913847 0.190847 -0.358416
vn 0.895615 0.187039 -0.403597
vn 0.895613 0.187039 -0.403600
vn 0.875243 0.182784 -0.447816
vn 0.875243 0.182784 -0.447816
vn 0.852781 0.178093 -0.490966
vn 0.852781 0.178093 -0.490966
vn 0.828283 0.172978 -0.532941
vn 0.828285 0.172978 -0.532938
vn 0.801806 0.167448 -0.573645
vn 0.801806 0.167448 -0.573645
vn 0.773414 0.161519 -0.612978
vn 0.773415 0.161519 -0.612977
vn 0.743174 0.155204 -0.650849
vn 0.743173 0.155204 -0.650850
vn 0.711160 0.148517 -0.687164
vn 0.677450 0.141477 -0.721835
vn 0.711158 0.148518 -0.687166
vn 0.677451 0.141478 -0.721833
vn 0.642114 0.134099 -0.754789
vn 0.642114 0.134099 -0.754789
vn 0.605254 0.126401 -0.785933
vn 0.605254 0.126401 -0.785933
vn 0.566945 0.118400 -0.815202
vn 0.566945 0.118400 -0.815202
vn 0.527280 0.110117 -0.842526
vn 0.527278 0.110116 -0.842527
vn 0.486354 0.101569 -0.867838
vn 0.486351 0.101569 -0.867840
vn 0.444272 0.092782 -0.891074
vn 0.444273 0.092782 -0.891074
vn 0.401126 0.083771 -0.912184
vn 0.401126 0.083771 -0.912185
vn 0.357023 0.074560 -0.931115
vn 0.357024 0.074560 -0.931115
vn 0.312063 0.065171 -0.947824
vn 0.312062 0.065171 -0.947824
vn 0.266361 0.055627 -0.962267
vn 0.266362 0.055627 -0.962267
vn 0.220023 0.045949 -0.974412
vn 0.220022 0.045949 -0.974412
vn 0.173167 0.036164 -0.984228
vn 0.173167 0.036164 -0.984228
vn 0.125882 0.026289 -0.991697
vn 0.125882 0.026289 -0.991697
vn 0.078303 0.016353 -0.996796
vn 0.078302 0.016353 -0.996796
vn 0.030539 0.006378 -0.999513
vn 0.030539 0.006378 -0.999513
vn -0.017295 -0.003612 -0.999844
vn -0.017295 -0.003612 -0.999844
vn -0.065090 -0.013593 -0.997787
vn -0.112733 -0.023543 -0.993346
vn -0.065090 -0.013593 -0.997787
vn -0.112733 -0.023543 -0.993346
vn -0.160107 -0.033436 -0.986533
vn -0.160106 -0.033436 -0.986533
vn -0.207097 -0.043250 -0.977364
vn -0.207097 -0.043250 -0.977364
vn -0.253594 -0.052960 -0.965860
vn -0.299480 -0.062543 -0.952051
vn -0.253594 -0.052960 -0.965860
vn -0.299480 -0.062543 -0.952051
vn -0.344655 -0.071977 -0.935966
vn -0.344655 -0.071977 -0.935966
vn 0.000000 -0.000000 1.000000
vn 0.000000 0.000000 1.000000
vn -0.978881 -0.204429 0.000000
vn -0.978881 -0.204429 0.000000
vn -0.000000 0.000000 -1.000000
vn 0.000000 0.000000 -1.000000
vn 0.000000 0.000000 1.000000
vn 0.000000 0.000000 1.000000
vn 0.835267 0.174436 -0.521441
vn 0.835267 0.174436 -0.521441
vn 0.808799 0.168909 -0.563306
vn 0.808798 0.168909 -0.563308
vn 0.780288 0.162955 -0.603818
vn 0.780289 0.162955 -0.603817
vn 0.749864 0.156601 -0.642790
vn 0.749864 0.156601 -0.642790
vn 0.717586 0.149860 -0.680157
vn 0.717585 0.149860 -0.680158
vn 0.683464 0.142734 -0.715894
vn 0.683464 0.142734 -0.715894
vn 0.647732 0.135272 -0.749763
vn 0.647732 0.135272 -0.749763
vn 0.610335 0.127462 -0.781821
vn 0.610335 0.127462 -0.781821
vn 0.571393 0.119329 -0.811955
vn 0.571393 0.119329 -0.811955
vn 0.531088 0.110912 -0.840026
vn 0.531088 0.110912 -0.840026
vn 0.489455 0.102217 -0.866017
vn 0.489455 0.102217 -0.866017
vn 0.446571 0.093261 -0.889875
vn 0.446572 0.093262 -0.889874
vn 0.402579 0.084074 -0.911516
vn 0.402579 0.084074 -0.911516
vn 0.357644 0.074690 -0.930866
vn 0.357644 0.074690 -0.930866
vn 0.311748 0.065105 -0.947932
vn 0.311748 0.065105 -0.947932
vn 0.265146 0.055373 -0.962617
vn 0.265146 0.055373 -0.962617
vn 0.217816 0.045488 -0.974929
vn 0.217815 0.045488 -0.974929
vn 0.169981 0.035499 -0.984808
vn 0.169981 0.035499 -0.984808
vn 0.121723 0.025420 -0.992239
vn 0.121724 0.025421 -0.992238
vn 0.073125 0.015271 -0.997206
vn 0.073124 0.015271 -0.997206
vn 0.024431 0.005102 -0.999688
vn 0.024431 0.005102 -0.999688
vn -0.024431 -0.005102 -0.999688
vn -0.024431 -0.005102 -0.999689
vn -0.073127 -0.015272 -0.997206
vn -0.073127 -0.015272 -0.997206
vn -0.121718 -0.025420 -0.992239
vn -0.121718 -0.025419 -0.992239
vn -0.169989 -0.035500 -0.984806
vn -0.169989 -0.035500 -0.984806
vn -0.217815 -0.045488 -0.974929
vn -0.217815 -0.045488 -0.974929
vn -0.265144 -0.055372 -0.962617
vn -0.265145 -0.055373 -0.962617
vn -0.311746 -0.065105 -0.947933
vn -0.311745 -0.065104 -0.947933
vn -0.357636 -0.074688 -0.930870
vn -0.357636 -0.074688 -0.930870
vn -0.402579 -0.084074 -0.911516
vn -0.402579 -0.084074 -0.911516
vn -0.446588 -0.093265 -0.889866
vn -0.446588 -0.093265 -0.889866
vn -0.489437 -0.102213 -0.866028
vn -0.489435 -0.102213 -0.866028
vn -0.531099 -0.110914 -0.840019
vn -0.531101 -0.110914 -0.840018
vn -0.571397 -0.119330 -0.811952
vn -0.571397 -0.119330 -0.811952
vn -0.610339 -0.127463 -0.781818
vn -0.610339 -0.127463 -0.781818
vn -0.647710 -0.135267 -0.749783
vn -0.647710 -0.135267 -0.749783
vn -0.683482 -0.142737 -0.715876
vn -0.683480 -0.142737 -0.715878
vn -0.717568 -0.149856 -0.680176
vn -0.717570 -0.149856 -0.680174
vn -0.749868 -0.156602 -0.642785
vn -0.780304 -0.162958 -0.603796
vn -0.749868 -0.156602 -0.642785
vn -0.780304 -0.162958 -0.603796
vn -0.808794 -0.168908 -0.563313
vn -0.808794 -0.168908 -0.563313
vn -0.835269 -0.174436 -0.521439
vn -0.835267 -0.174436 -0.521441
vn -0.859663 -0.179531 -0.478277
vn -0.859663 -0.179531 -0.478277
vn -0.881946 -0.184184 -0.433875
vn -0.881946 -0.184184 -0.433875
vn -0.902023 -0.188377 -0.388419
vn -0.919842 -0.192099 -0.342036
vn -0.902024 -0.188378 -0.388416
vn -0.919842 -0.192099 -0.342036
vn -0.935391 -0.195346 -0.294760
vn -0.935391 -0.195346 -0.294760
vn -0.948612 -0.198107 -0.246758
vn -0.948612 -0.198107 -0.246758
vn -0.959474 -0.200376 -0.198140
vn -0.959475 -0.200375 -0.198137
vn -0.967949 -0.202145 -0.149036
vn -0.967949 -0.202145 -0.149036
vn -0.974016 -0.203412 -0.099585
vn -0.974015 -0.203412 -0.099588
vn -0.977666 -0.204175 -0.049820
vn -0.977666 -0.204175 -0.049820
vn -0.978882 -0.204429 -0.000000
vn -0.978882 -0.204429 -0.000000
vn -0.977666 -0.204175 0.049820
vn -0.977666 -0.204175 0.049820
vn -0.974015 -0.203412 0.099588
vn -0.974015 -0.203412 0.099591
vn -0.967949 -0.202145 0.149036
vn -0.967949 -0.202145 0.149036
vn -0.959475 -0.200375 0.198137
vn -0.959474 -0.200376 0.198140
vn -0.948614 -0.198108 0.246750
vn -0.948614 -0.198108 0.246750
vn -0.935388 -0.195345 0.294770
vn -0.935388 -0.195345 0.294770
vn -0.919842 -0.192099 0.342036
vn -0.919842 -0.192099 0.342036
vn -0.902023 -0.188377 0.388419
vn -0.902024 -0.188378 0.388416
vn -0.881946 -0.184184 0.433875
vn -0.881946 -0.184184 0.433875
vn -0.859663 -0.179531 0.478277
vn -0.859663 -0.179531 0.478277
vn -0.835277 -0.174438 0.521424
vn -0.808784 -0.168906 0.563329
vn -0.835276 -0.174438 0.521426
vn -0.780317 -0.162960 0.603780
vn -0.808784 -0.168906 0.563329
vn -0.780317 -0.162960 0.603780
vn -0.749855 -0.156599 0.642802
vn -0.717568 -0.149856 0.680175
vn -0.749855 -0.156599 0.642802
vn -0.717570 -0.149856 0.680174
vn -0.683499 -0.142741 0.715859
vn -0.647710 -0.135267 0.749783
vn -0.683497 -0.142741 0.715861
vn -0.647710 -0.135267 0.749783
vn -0.610319 -0.127458 0.781835
vn -0.571419 -0.119335 0.811936
vn -0.610319 -0.127458 0.781835
vn -0.571419 -0.119335 0.811936
vn -0.531099 -0.110914 0.840019
vn -0.531101 -0.110914 0.840018
vn -0.489410 -0.102208 0.866043
vn -0.489412 -0.102208 0.866042
vn -0.446588 -0.093265 0.889866
vn -0.446588 -0.093265 0.889866
vn -0.402606 -0.084080 0.911504
vn -0.402606 -0.084080 0.911504
vn -0.357636 -0.074688 0.930870
vn -0.357636 -0.074688 0.930870
vn -0.311746 -0.065105 0.947933
vn -0.311745 -0.065104 0.947933
vn -0.265113 -0.055366 0.962626
vn -0.265114 -0.055366 0.962626
vn -0.217847 -0.045495 0.974922
vn -0.217847 -0.045495 0.974922
vn -0.169957 -0.035494 0.984812
vn -0.169957 -0.035494 0.984812
vn -0.121718 -0.025420 0.992239
vn -0.121718 -0.025419 0.992239
vn -0.073160 -0.015279 0.997203
vn -0.073160 -0.015279 0.997203
vn -0.024398 -0.005095 0.999689
vn -0.024398 -0.005095 0.999689
vn 0.024398 0.005095 0.999689
vn 0.024398 0.005095 0.999689
vn 0.073157 0.015278 0.997203
vn 0.073158 0.015278 0.997203
vn 0.121724 0.025421 0.992238
vn 0.121723 0.025420 0.992239
vn 0.169949 0.035492 0.984814
vn 0.169949 0.035492 0.984814
vn 0.217847 0.045495 0.974922
vn 0.217847 0.045495 0.974922
vn 0.265115 0.055366 0.962626
vn 0.265115 0.055366 0.962626
vn 0.311748 0.065105 0.947932
vn 0.311748 0.065105 0.947932
vn 0.357644 0.074690 0.930866
vn 0.357644 0.074690 0.930866
vn 0.402606 0.084080 0.911504
vn 0.402606 0.084080 0.911504
vn 0.446572 0.093262 0.889874
vn 0.446571 0.093261 0.889875
vn 0.489430 0.102212 0.866032
vn 0.489430 0.102212 0.866032
vn 0.531088 0.110912 0.840026
vn 0.531088 0.110912 0.840026
vn 0.571415 0.119334 0.811938
vn 0.571415 0.119334 0.811938
vn 0.610315 0.127457 0.781838
vn 0.610315 0.127457 0.781838
vn 0.647732 0.135272 0.749763
vn 0.647732 0.135272 0.749763
vn 0.683481 0.142737 0.715877
vn 0.683481 0.142737 0.715877
vn 0.717586 0.149860 0.680157
vn 0.717585 0.149860 0.680158
vn 0.749851 0.156598 0.642807
vn 0.749851 0.156598 0.642807
vn 0.780300 0.162957 0.603802
vn 0.780301 0.162957 0.603801
vn 0.808788 0.168907 0.563322
vn 0.808788 0.168906 0.563323
vn 0.835276 0.174438 0.521426
vn 0.835276 0.174438 0.521426
vn 0.000000 0.000000 -1.000000
vn 0.000000 0.000000 -1.000000
vn -0.978882 -0.204429 0.000000
vn -0.978882 -0.204429 0.000000
vn 0.000000 0.000000 1.000000
vn 0.000000 0.000000 1.000000
vn 0.835285 0.174440 -0.521411
vn 0.808778 0.168904 -0.563338
vn 0.835285 0.174440 -0.521411
vn 0.780300 0.162957 -0.603802
vn 0.808777 0.168904 -0.563339
vn 0.749878 0.156604 -0.642774
vn 0.780301 0.162957 -0.603801
vn 0.717570 0.149857 -0.680174
vn 0.749878 0.156604 -0.642774
vn 0.683464 0.142734 -0.715894
vn 0.717569 0.149856 -0.680175
vn 0.647732 0.135272 -0.749763
vn 0.683464 0.142734 -0.715894
vn 0.610315 0.127457 -0.781838
vn 0.647732 0.135272 -0.749763
vn 0.571415 0.119334 -0.811938
vn 0.610315 0.127457 -0.781838
vn 0.531088 0.110912 -0.840026
vn 0.571415 0.119334 -0.811938
vn 0.489479 0.102222 -0.866003
vn 0.531088 0.110912 -0.840026
vn 0.446544 0.093256 -0.889888
vn 0.489479 0.102222 -0.866003
vn 0.402606 0.084080 -0.911504
vn 0.446545 0.093256 -0.889888
vn 0.402606 0.084080 -0.911504
vn 0.357616 0.074684 -0.930878
vn 0.311748 0.065105 -0.947932
vn 0.357616 0.074684 -0.930878
vn 0.265146 0.055373 -0.962617
vn 0.311748 0.065105 -0.947932
vn 0.217816 0.045488 -0.974929
vn 0.265146 0.055373 -0.962617
vn 0.217815 0.045488 -0.974929
vn 0.170014 0.035505 -0.984802
vn 0.170014 0.035505 -0.984802
vn 0.121690 0.025414 -0.992243
vn 0.121691 0.025414 -0.992243
vn 0.073158 0.015278 -0.997203
vn 0.073157 0.015278 -0.997203
vn 0.024364 0.005088 -0.999690
vn -0.024365 -0.005088 -0.999690
vn 0.024365 0.005088 -0.999690
vn -0.024365 -0.005088 -0.999690
vn -0.073160 -0.015279 -0.997203
vn -0.073160 -0.015279 -0.997203
vn -0.121685 -0.025413 -0.992243
vn -0.121686 -0.025413 -0.992243
vn -0.170021 -0.035507 -0.984801
vn -0.170021 -0.035507 -0.984801
vn -0.217815 -0.045488 -0.974929
vn -0.217815 -0.045488 -0.974929
vn -0.265144 -0.055372 -0.962617
vn -0.265145 -0.055373 -0.962617
vn -0.311745 -0.065104 -0.947933
vn -0.311746 -0.065105 -0.947933
vn -0.357607 -0.074682 -0.930881
vn -0.357607 -0.074682 -0.930881
vn -0.402606 -0.084080 -0.911504
vn -0.402606 -0.084080 -0.911504
vn -0.446562 -0.093259 -0.889879
vn -0.446562 -0.093259 -0.889879
vn -0.489462 -0.102219 -0.866013
vn -0.489460 -0.102218 -0.866014
vn -0.531099 -0.110914 -0.840019
vn -0.571419 -0.119335 -0.811936
vn -0.531101 -0.110914 -0.840018
vn -0.571419 -0.119335 -0.811936
vn -0.610319 -0.127458 -0.781835
vn -0.647710 -0.135267 -0.749783
vn -0.610319 -0.127458 -0.781835
vn -0.647710 -0.135267 -0.749783
vn -0.683482 -0.142737 -0.715876
vn -0.717553 -0.149853 -0.680192
vn -0.683480 -0.142737 -0.715878
vn -0.749882 -0.156605 -0.642769
vn -0.717555 -0.149853 -0.680191
vn -0.749882 -0.156605 -0.642769
vn -0.780317 -0.162960 -0.603780
vn -0.780317 -0.162960 -0.603780
vn -0.808773 -0.168903 -0.563345
vn -0.808773 -0.168903 -0.563345
vn -0.835287 -0.174440 -0.521409
vn -0.859663 -0.179531 -0.478277
vn -0.835285 -0.174440 -0.521411
vn -0.881940 -0.184183 -0.433888
vn -0.859663 -0.179531 -0.478277
vn -0.902023 -0.188377 -0.388419
vn -0.881940 -0.184183 -0.433888
vn -0.902024 -0.188378 -0.388416
vn -0.919842 -0.192099 -0.342036
vn -0.919842 -0.192099 -0.342036
vn -0.935388 -0.195345 -0.294770
vn -0.935388 -0.195345 -0.294770
vn -0.948612 -0.198107 -0.246758
vn -0.948612 -0.198107 -0.246758
vn -0.959476 -0.200376 -0.198127
vn -0.959477 -0.200376 -0.198124
vn -0.967948 -0.202145 -0.149041
vn -0.967948 -0.202145 -0.149041
vn -0.974015 -0.203412 -0.099588
vn -0.974016 -0.203412 -0.099585
vn -0.977666 -0.204175 -0.049822
vn -0.977666 -0.204175 -0.049822
vn -0.978881 -0.204429 -0.000000
vn -0.978881 -0.204429 -0.000000
vn -0.977666 -0.204175 0.049822
vn -0.977666 -0.204175 0.049822
vn -0.974016 -0.203412 0.099585
vn -0.974015 -0.203412 0.099588
vn -0.967950 -0.202145 0.149031
vn -0.967950 -0.202146 0.149031
vn -0.959474 -0.200375 0.198140
vn -0.959475 -0.200376 0.198137
vn -0.948612 -0.198107 0.246758
vn -0.948612 -0.198107 0.246758
vn -0.935388 -0.195345 0.294770
vn -0.935388 -0.195345 0.294770
vn -0.919842 -0.192099 0.342036
vn -0.919842 -0.192099 0.342036
vn -0.902024 -0.188378 0.388416
vn -0.902023 -0.188377 0.388419
vn -0.881952 -0.184186 0.433862
vn -0.881952 -0.184186 0.433862
vn -0.859663 -0.179531 0.478277
vn -0.859663 -0.179531 0.478277
vn -0.835267 -0.174436 0.521441
vn -0.835268 -0.174437 0.521439
vn -0.808794 -0.168908 0.563313
vn -0.808794 -0.168908 0.563313
vn -0.780292 -0.162955 0.603812
vn -0.749882 -0.156605 0.642769
vn -0.780292 -0.162955 0.603812
vn -0.749882 -0.156605 0.642769
vn -0.717553 -0.149853 0.680192
vn -0.683482 -0.142737 0.715876
vn -0.717555 -0.149853 0.680191
vn -0.683480 -0.142737 0.715878
vn -0.647710 -0.135267 0.749783
vn -0.610360 -0.127467 0.781801
vn -0.647710 -0.135267 0.749783
vn -0.610359 -0.127467 0.781801
vn -0.571375 -0.119325 0.811968
vn -0.571375 -0.119325 0.811968
vn -0.531101 -0.110914 0.840018
vn -0.531099 -0.110914 0.840019
vn -0.489460 -0.102218 0.866014
vn -0.489462 -0.102219 0.866013
vn -0.446562 -0.093259 0.889879
vn -0.446562 -0.093259 0.889879
vn -0.402606 -0.084080 0.911504
vn -0.402606 -0.084080 0.911504
vn -0.357607 -0.074682 0.930881
vn -0.357607 -0.074682 0.930881
vn -0.311776 -0.065111 0.947922
vn -0.311775 -0.065111 0.947923
vn -0.265114 -0.055366 0.962626
vn -0.265113 -0.055366 0.962626
vn -0.217815 -0.045488 0.974929
vn -0.217815 -0.045488 0.974929
vn -0.169989 -0.035500 0.984806
vn -0.169989 -0.035500 0.984806
vn -0.121718 -0.025420 0.992239
vn -0.121718 -0.025419 0.992239
vn -0.073160 -0.015279 0.997203
vn -0.073160 -0.015279 0.997203
vn -0.024398 -0.005095 0.999689
vn -0.024398 -0.005095 0.999689
vn 0.024398 0.005095 0.999689
vn 0.024398 0.005095 0.999689
vn 0.073157 0.015278 0.997203
vn 0.073158 0.015278 0.997203
vn 0.121724 0.025421 0.992238
vn 0.121723 0.025420 0.992239
vn 0.169981 0.035499 0.984808
vn 0.169981 0.035499 0.984808
vn 0.217816 0.045488 0.974929
vn 0.217815 0.045488 0.974929
vn 0.265115 0.055366 0.962626
vn 0.265115 0.055366 0.962626
vn 0.311778 0.065111 0.947921
vn 0.311778 0.065111 0.947921
vn 0.357616 0.074684 0.930878
vn 0.357616 0.074684 0.930878
vn 0.402606 0.084080 0.911504
vn 0.402606 0.084080 0.911504
vn 0.446544 0.093256 0.889888
vn 0.446545 0.093256 0.889888
vn 0.489479 0.102222 0.866003
vn 0.489479 0.102222 0.866003
vn 0.531088 0.110912 0.840026
vn 0.531088 0.110912 0.840026
vn 0.571371 0.119325 0.811971
vn 0.571371 0.119325 0.811971
vn 0.610356 0.127466 0.781805
vn 0.610356 0.127466 0.781805
vn 0.647732 0.135272 0.749763
vn 0.683464 0.142734 0.715894
vn 0.647732 0.135272 0.749763
vn 0.717570 0.149857 0.680174
vn 0.683464 0.142734 0.715894
vn 0.717569 0.149856 0.680175
vn 0.749878 0.156604 0.642774
vn 0.780276 0.162952 0.603835
vn 0.749878 0.156604 0.642774
vn 0.780277 0.162952 0.603833
vn 0.808799 0.168909 0.563306
vn 0.808798 0.168909 0.563308
vn 0.835267 0.174436 0.521441
vn 0.835267 0.174436 0.521441
vn 0.000000 0.000000 -1.000000
vn 0.000000 0.000000 -1.000000
vn -0.204430 0.978881 0.000002
vn -0.204430 0.978881 0.000001
vn -0.204427 0.978882 -0.000001
vn -0.204428 0.978882 -0.000000
vn -0.204431 0.978881 0.000003
vn -0.204425 0.978882 -0.000005
vn -0.204425 0.978882 -0.000005
vn -0.204427 0.978882 -0.000000
vn -0.204425 0.978882 -0.000003
vn -0.204430 0.978881 0.000002
vn -0.204429 0.978881 0.000001
vn -0.204428 0.978882 -0.000000
vn -0.204430 0.978881 0.000002
vn -0.204430 0.978881 0.000002
vn -0.204432 0.978881 0.000005
vn -0.204429 0.978881 0.000000
vn -0.204432 0.978881 0.000002
vn -0.204427 0.978882 -0.000003
vn -0.204424 0.978882 -0.000006
vn -0.204432 0.978881 0.000002
vn -0.204432 0.978881 0.000002
vn -0.204428 0.978882 0.000001
vn -0.204433 0.978881 0.000007
vn -0.204424 0.978882 -0.000002
vn -0.204422 0.978883 -0.000003
vn -0.204428 0.978882 -0.000001
vn -0.204427 0.978882 -0.000002
vn -0.204433 0.978881 0.000002
vn -0.204433 0.978880 0.000002
vn -0.204427 0.978882 -0.000003
vn -0.204431 0.978881 0.000005
vn -0.204426 0.978882 -0.000000
vn -0.204423 0.978883 -0.000002
vn -0.204430 0.978881 0.000003
vn -0.204427 0.978882 -0.000003
vn -0.204425 0.978882 -0.000002
vn -0.204436 0.978880 0.000003
vn -0.204428 0.978882 -0.000001
vn -0.204429 0.978881 0.000001
vn -0.204433 0.978881 0.000001
vn -0.204426 0.978882 -0.000002
vn -0.204427 0.978882 -0.000004
vn -0.204430 0.978881 0.000003
vn -0.204429 0.978881 -0.000000
vn -0.204429 0.978881 0.000000
vn -0.204430 0.978881 0.000005
vn -0.204426 0.978882 -0.000008
vn -0.204430 0.978881 0.000001
vn -0.204421 0.978883 -0.000001
vn -0.204430 0.978881 0.000002
vn -0.204429 0.978881 -0.000000
vn -0.204432 0.978881 0.000001
vn -0.204425 0.978882 -0.000000
vn -0.204430 0.978881 0.000004
vn -0.204428 0.978882 -0.000004
vn -0.204431 0.978881 0.000000
vn -0.204431 0.978881 0.000000
vn -0.204429 0.978881 0.000003
vn -0.204428 0.978882 0.000000
vn -0.204429 0.978881 -0.000000
vn -0.204431 0.978881 0.000000
vn -0.204428 0.978882 -0.000002
vn -0.204428 0.978882 0.000002
vn -0.204428 0.978882 -0.000000
vn -0.204426 0.978882 0.000000
vn -0.204422 0.978883 0.000000
vn -0.204428 0.978882 0.000000
vn -0.204429 0.978881 -0.000003
vn -0.204432 0.978881 0.000000
vn -0.204430 0.978881 0.000000
vn -0.204428 0.978882 0.000004
vn -0.204428 0.978882 -0.000000
vn -0.204429 0.978881 0.000000
vn -0.204431 0.978881 0.000000
vn -0.204429 0.978881 0.000000
vn -0.204430 0.978881 -0.000004
vn -0.204423 0.978883 0.000000
vn -0.204432 0.978881 -0.000000
vn -0.204430 0.978881 -0.000005
vn -0.204430 0.978881 -0.000002
vn -0.204435 0.978880 -0.000001
vn -0.204422 0.978883 0.000000
vn -0.204427 0.978882 0.000004
vn -0.204426 0.978882 0.000008
vn -0.204429 0.978881 0.000001
vn -0.204429 0.978881 0.000001
vn -0.204430 0.978881 -0.000003
vn -0.204429 0.978881 -0.000001
vn -0.204424 0.978882 0.000002
vn -0.204425 0.978882 0.000002
vn -0.204427 0.978882 0.000003
vn -0.204428 0.978882 0.000001
vn -0.204433 0.978880 -0.000002
vn -0.204437 0.978880 -0.000003
vn -0.204430 0.978881 -0.000003
vn -0.204431 0.978881 -0.000005
vn -0.204424 0.978882 0.000002
vn -0.204428 0.978882 0.000001
vn -0.204427 0.978882 0.000003
vn -0.204434 0.978880 -0.000001
vn -0.204427 0.978882 0.000002
vn -0.204428 0.978882 -0.000001
vn -0.204421 0.978883 0.000002
vn -0.204433 0.978881 -0.000007
vn -0.204427 0.978882 0.000003
vn -0.204433 0.978881 0.000001
vn -0.204424 0.978882 0.000006
vn -0.204430 0.978881 -0.000002
vn -0.204433 0.978880 0.000000
vn -0.204432 0.978881 -0.000005
vn -0.204430 0.978881 -0.000002
vn -0.204432 0.978881 0.000000
vn -0.204429 0.978881 -0.000001
vn -0.204425 0.978882 0.000005
vn -0.204422 0.978883 -0.000001
vn -0.204425 0.978882 0.000005
vn -0.204434 0.978880 0.000001
vn -0.204430 0.978881 -0.000001
vn -0.204427 0.978882 0.000001
vn -0.204425 0.978882 -0.000001
vn -0.204430 0.978881 -0.000002
vn -0.204431 0.978881 -0.000003
vn -0.204418 0.978884 -0.000003
vn -0.204431 0.978881 0.000001
vn -0.204425 0.978882 0.000003
vn -0.204428 0.978882 0.000000
vn -0.204448 0.978877 0.000007
vn -0.204430 0.978881 -0.000002
vn -0.204427 0.978882 0.000000
vn -0.204432 0.978881 -0.000002
vn -0.204428 0.978882 0.000000
vn -0.204432 0.978881 -0.000002
vn -0.204429 0.978881 -0.000000
vn -0.204422 0.978883 0.000003
vn -0.204432 0.978881 -0.000002
vn -0.204433 0.978881 -0.000002
vn -0.204424 0.978882 0.000002
vn -0.204423 0.978883 0.000002
vn -0.204433 0.978881 -0.000002
vn -0.204426 0.978882 0.000000
vn -0.204436 0.978880 -0.000003
vn -0.204426 0.978882 0.000002
vn -0.204425 0.978882 0.000002
vn -0.204429 0.978881 -0.000000
vn -0.204433 0.978881 -0.000001
vn -0.204421 0.978883 0.000001
vn -0.204429 0.978881 0.000000
vn -0.204432 0.978881 -0.000001
vn -0.204430 0.978881 -0.000001
vn -0.204431 0.978881 -0.000000
vn -0.204425 0.978882 0.000000
vn -0.204431 0.978881 -0.000000
vn -0.204431 0.978881 -0.000000
vn -0.204422 0.978883 -0.000000
vn -0.204429 0.978881 0.000000
vn -0.204430 0.978881 -0.000000
vn -0.204426 0.978882 -0.000000
vn -0.204432 0.978881 -0.000000
vn -0.204431 0.978881 -0.000000
vn -0.204429 0.978881 -0.000000
vn -0.204432 0.978881 0.000000
vn -0.204422 0.978883 -0.000000
vn -0.204423 0.978883 -0.000000
vn -0.204435 0.978880 0.000001
vn -0.204429 0.978882 -0.000001
vn -0.204425 0.978882 -0.000002
vn -0.204429 0.978881 -0.000001
vn -0.204437 0.978880 0.000003
vn -0.204424 0.978883 -0.000002
vn -0.204424 0.978882 -0.000002
vn -0.204434 0.978880 0.000001
vn -0.204421 0.978883 -0.000002
vn -0.204433 0.978881 -0.000001
vn -0.204433 0.978880 -0.000000
vn -0.204432 0.978881 -0.000000
vn -0.204422 0.978883 0.000001
vn -0.204434 0.978880 -0.000001
vn -0.204425 0.978882 0.000001
vn -0.204418 0.978884 0.000003
vn -0.204431 0.978881 -0.000001
vn -0.204448 0.978877 -0.000007
vn -0.204433 0.978881 0.000002
vn -0.204430 0.978881 -0.000003
vn -0.204428 0.978881 0.000000
vn -0.204430 0.978881 -0.000005
vn -0.204429 0.978881 -0.000001
vn -0.204426 0.978882 0.000007
vn -0.204430 0.978881 -0.000001
vn -0.204428 0.978882 0.000000
vn -0.204429 0.978881 -0.000002
vn -0.204427 0.978882 0.000004
vn -0.204428 0.978882 0.000002
vn -0.204431 0.978881 -0.000009
vn -0.204427 0.978882 0.000009
vn -0.204428 0.978882 0.000000
vn -0.204428 0.978882 -0.000000
vn -0.204427 0.978882 -0.000009
vn -0.204431 0.978881 0.000009
vn -0.204428 0.978882 -0.000002
vn -0.204427 0.978882 -0.000004
vn -0.204429 0.978881 0.000002
vn -0.204428 0.978882 0.000000
vn -0.204429 0.978881 0.000001
vn -0.204426 0.978882 -0.000007
vn -0.204429 0.978881 0.000001
vn -0.204430 0.978881 0.000005
vn -0.204428 0.978881 0.000000
vn -0.204430 0.978881 0.000003
vn -0.204428 0.978881 0.000000
vn 0.978577 0.204365 -0.024931
vn 0.978577 0.204365 -0.024931
vn 0.976144 0.203857 -0.074734
vn 0.976144 0.203857 -0.074734
vn 0.971285 0.202842 -0.124343
vn 0.971284 0.202842 -0.124346
vn 0.964011 0.201323 -0.173645
vn 0.964011 0.201323 -0.173645
vn 0.954340 0.199302 -0.222519
vn 0.954339 0.199303 -0.222522
vn 0.942295 0.196788 -0.270842
vn 0.942296 0.196787 -0.270837
vn 0.927909 0.193784 -0.318486
vn 0.927909 0.193784 -0.318486
vn 0.911215 0.190297 -0.365342
vn 0.911215 0.190297 -0.365342
vn 0.892256 0.186338 -0.411287
vn 0.892256 0.186338 -0.411287
vn 0.871079 0.181915 -0.456210
vn 0.847738 0.177041 -0.499997
vn 0.871079 0.181915 -0.456210
vn 0.847737 0.177040 -0.499999
vn 0.822284 0.171725 -0.542549
vn 0.822283 0.171725 -0.542551
vn 0.794789 0.165983 -0.583746
vn 0.794789 0.165983 -0.583746
vn 0.765324 0.159830 -0.623485
vn 0.765324 0.159830 -0.623485
vn 0.733948 0.153277 -0.661685
vn 0.733945 0.153276 -0.661688
vn 0.700750 0.146343 -0.698236
vn 0.700747 0.146343 -0.698239
vn 0.665805 0.139046 -0.733055
vn 0.629214 0.131404 -0.766044
vn 0.665805 0.139046 -0.733055
vn 0.629214 0.131404 -0.766044
vn 0.591051 0.123434 -0.797134
vn 0.591051 0.123434 -0.797134
vn 0.551423 0.115159 -0.826239
vn 0.510425 0.106597 -0.853290
vn 0.551424 0.115159 -0.826239
vn 0.510424 0.106596 -0.853290
vn 0.468160 0.097770 -0.878218
vn 0.468161 0.097770 -0.878217
vn 0.424719 0.088698 -0.900970
vn 0.380232 0.079407 -0.921476
vn 0.424719 0.088698 -0.900970
vn 0.380230 0.079407 -0.921477
vn 0.334792 0.069918 -0.939694
vn 0.334793 0.069918 -0.939694
vn 0.288529 0.060256 -0.955573
vn 0.288530 0.060256 -0.955573
vn 0.241553 0.050446 -0.969076
vn 0.241553 0.050446 -0.969076
vn 0.193958 0.040506 -0.980173
vn 0.193958 0.040506 -0.980173
vn 0.145893 0.030468 -0.988831
vn 0.097461 0.020354 -0.995031
vn 0.145893 0.030468 -0.988831
vn 0.097461 0.020354 -0.995031
vn 0.048799 0.010191 -0.998757
vn 0.000000 -0.000000 -1.000000
vn 0.048799 0.010191 -0.998757
vn -0.000000 0.000000 -1.000000
vn -0.048799 -0.010191 -0.998757
vn -0.048799 -0.010191 -0.998757
vn -0.097461 -0.020354 -0.995031
vn -0.097461 -0.020354 -0.995031
vn -0.145893 -0.030468 -0.988831
vn -0.193959 -0.040506 -0.980173
vn -0.145892 -0.030468 -0.988831
vn -0.241552 -0.050445 -0.969076
vn -0.193959 -0.040506 -0.980173
vn -0.241552 -0.050445 -0.969076
vn -0.288529 -0.060256 -0.955573
vn -0.288528 -0.060256 -0.955573
vn -0.334794 -0.069918 -0.939694
vn -0.334795 -0.069918 -0.939694
vn -0.380231 -0.079407 -0.921476
vn -0.380232 -0.079407 -0.921476
vn -0.424720 -0.088698 -0.900970
vn -0.424719 -0.088698 -0.900970
vn -0.468161 -0.097770 -0.878217
vn -0.468160 -0.097770 -0.878218
vn -0.510423 -0.106596 -0.853291
vn -0.510423 -0.106596 -0.853291
vn -0.551424 -0.115159 -0.826239
vn -0.551425 -0.115159 -0.826238
vn -0.591051 -0.123434 -0.797134
vn -0.591051 -0.123434 -0.797134
vn -0.629215 -0.131404 -0.766043
vn -0.629214 -0.131404 -0.766044
vn -0.665804 -0.139046 -0.733056
vn -0.665805 -0.139046 -0.733055
vn -0.700750 -0.146343 -0.698236
vn -0.700748 -0.146343 -0.698237
vn -0.733945 -0.153277 -0.661688
vn -0.733948 -0.153276 -0.661685
vn -0.765324 -0.159830 -0.623485
vn -0.765324 -0.159830 -0.623485
vn -0.794791 -0.165983 -0.583744
vn -0.822284 -0.171725 -0.542549
vn -0.794789 -0.165983 -0.583746
vn -0.847738 -0.177040 -0.499997
vn -0.822284 -0.171725 -0.542549
vn -0.847737 -0.177040 -0.499999
vn -0.871077 -0.181915 -0.456214
vn -0.871079 -0.181914 -0.456210
vn -0.892255 -0.186338 -0.411290
vn -0.892255 -0.186338 -0.411290
vn -0.911216 -0.190297 -0.365340
vn -0.911216 -0.190297 -0.365340
vn -0.927909 -0.193784 -0.318486
vn -0.927909 -0.193784 -0.318486
vn -0.942296 -0.196787 -0.270837
vn -0.942295 -0.196788 -0.270842
vn -0.954339 -0.199303 -0.222522
vn -0.954340 -0.199302 -0.222517
vn -0.964010 -0.201323 -0.173650
vn -0.964010 -0.201323 -0.173650
vn -0.971285 -0.202842 -0.124343
vn -0.971284 -0.202842 -0.124346
vn -0.976144 -0.203857 -0.074731
vn -0.976144 -0.203857 -0.074734
vn -0.978577 -0.204365 -0.024925
vn -0.978577 -0.204365 -0.024923
vn -0.978577 -0.204365 0.024925
vn -0.978577 -0.204365 0.024923
vn -0.976144 -0.203857 0.074734
vn -0.976144 -0.203857 0.074731
vn -0.971285 -0.202842 0.124344
vn -0.971285 -0.202842 0.124341
vn -0.964010 -0.201323 0.173650
vn -0.964010 -0.201323 0.173650
vn -0.954340 -0.199303 0.222517
vn -0.954339 -0.199302 0.222522
vn -0.942294 -0.196787 0.270845
vn -0.942295 -0.196788 0.270840
vn -0.927909 -0.193784 0.318486
vn -0.927909 -0.193784 0.318486
vn -0.911216 -0.190297 0.365340
vn -0.911216 -0.190297 0.365340
vn -0.892257 -0.186338 0.411285
vn -0.892257 -0.186338 0.411285
vn -0.871077 -0.181915 0.456214
vn -0.871079 -0.181914 0.456210
vn -0.847734 -0.177039 0.500004
vn -0.847735 -0.177040 0.500002
vn -0.822284 -0.171725 0.542549
vn -0.822284 -0.171725 0.542549
vn -0.794793 -0.165984 0.583740
vn -0.794794 -0.165984 0.583739
vn -0.765324 -0.159830 0.623485
vn -0.765324 -0.159830 0.623485
vn -0.733948 -0.153277 0.661685
vn -0.733946 -0.153276 0.661688
vn -0.700744 -0.146342 0.698242
vn -0.700743 -0.146342 0.698243
vn -0.665804 -0.139046 0.733056
vn -0.665805 -0.139046 0.733055
vn -0.629215 -0.131405 0.766043
vn -0.629214 -0.131404 0.766044
vn -0.591051 -0.123434 0.797134
vn -0.591051 -0.123434 0.797134
vn -0.551432 -0.115161 0.826233
vn -0.551431 -0.115160 0.826233
vn -0.510423 -0.106596 0.853291
vn -0.510423 -0.106596 0.853291
vn -0.468152 -0.097768 0.878223
vn -0.468153 -0.097769 0.878222
vn -0.424729 -0.088700 0.900965
vn -0.424729 -0.088700 0.900965
vn -0.380232 -0.079407 0.921476
vn -0.380231 -0.079407 0.921476
vn -0.334794 -0.069918 0.939694
vn -0.334795 -0.069918 0.939693
vn -0.288529 -0.060256 0.955573
vn -0.288528 -0.060256 0.955573
vn -0.241552 -0.050445 0.969076
vn -0.241552 -0.050445 0.969076
vn -0.193959 -0.040506 0.980173
vn -0.193959 -0.040506 0.980173
vn -0.145881 -0.030466 0.988833
vn -0.145881 -0.030466 0.988833
vn -0.097484 -0.020358 0.995029
vn -0.097483 -0.020358 0.995029
vn -0.048788 -0.010189 0.998757
vn -0.048788 -0.010189 0.998757
vn 0.000000 -0.000000 1.000000
vn -0.000000 0.000000 1.000000
vn 0.048788 0.010189 0.998757
vn 0.048788 0.010189 0.998757
vn 0.097483 0.020358 0.995029
vn 0.097483 0.020358 0.995029
vn 0.145882 0.030466 0.988833
vn 0.145882 0.030466 0.988833
vn 0.193958 0.040506 0.980173
vn 0.193958 0.040506 0.980173
vn 0.241553 0.050446 0.969076
vn 0.241553 0.050446 0.969076
vn 0.288529 0.060256 0.955573
vn 0.288530 0.060256 0.955573
vn 0.334792 0.069917 0.939695
vn 0.334793 0.069918 0.939694
vn 0.380232 0.079407 0.921476
vn 0.380230 0.079407 0.921477
vn 0.424729 0.088700 0.900965
vn 0.424729 0.088700 0.900965
vn 0.468152 0.097768 0.878223
vn 0.468153 0.097769 0.878222
vn 0.510425 0.106597 0.853290
vn 0.510424 0.106596 0.853290
vn 0.551431 0.115160 0.826233
vn 0.551431 0.115160 0.826233
vn 0.591051 0.123434 0.797134
vn 0.591051 0.123434 0.797134
vn 0.629214 0.131404 0.766044
vn 0.629214 0.131404 0.766044
vn 0.665805 0.139046 0.733055
vn 0.665805 0.139046 0.733055
vn 0.700742 0.146341 0.698245
vn 0.700744 0.146343 0.698242
vn 0.733948 0.153277 0.661685
vn 0.733945 0.153276 0.661688
vn 0.765324 0.159830 0.623485
vn 0.765324 0.159830 0.623485
vn 0.794793 0.165984 0.583740
vn 0.794793 0.165984 0.583740
vn 0.822284 0.171725 0.542549
vn 0.822283 0.171724 0.542551
vn 0.847735 0.177040 0.500002
vn 0.847734 0.177040 0.500004
vn 0.871079 0.181915 0.456210
vn 0.871079 0.181915 0.456210
vn 0.892258 0.186338 0.411283
vn 0.892258 0.186338 0.411283
vn 0.911215 0.190297 0.365342
vn 0.911215 0.190297 0.365342
vn 0.927909 0.193784 0.318486
vn 0.942294 0.196788 0.270845
vn 0.927909 0.193784 0.318486
vn 0.942295 0.196787 0.270840
vn 0.954339 0.199303 0.222519
vn 0.964011 0.201323 0.173645
vn 0.954339 0.199302 0.222522
vn 0.964011 0.201323 0.173645
vn 0.971285 0.202842 0.124342
vn 0.971285 0.202842 0.124344
vn 0.976144 0.203857 0.074734
vn 0.976144 0.203857 0.074734
vn 0.978577 0.204365 0.024931
vn 0.978577 0.204365 0.024931
vn -0.204432 0.978881 -0.000002
vn -0.204426 0.978882 0.000002
vn -0.204434 0.978880 -0.000003
vn -0.204424 0.978882 0.000002
vn -0.204423 0.978883 0.000003
vn -0.204427 0.978882 0.000001
vn -0.204424 0.978882 0.000003
vn -0.204429 0.978881 0.000000
vn -0.204431 0.978881 -0.000001
vn -0.204426 0.978882 0.000000
vn -0.204428 0.978882 -0.000001
vn -0.204436 0.978880 -0.000004
vn -0.204432 0.978881 -0.000001
vn -0.204432 0.978881 -0.000005
vn -0.204429 0.978881 -0.000002
vn -0.204422 0.978883 0.000003
vn -0.204431 0.978881 -0.000003
vn -0.204429 0.978881 -0.000000
vn -0.204426 0.978882 0.000000
vn -0.204422 0.978883 0.000004
vn -0.204432 0.978881 -0.000002
vn -0.204427 0.978882 0.000002
vn -0.204431 0.978881 -0.000003
vn -0.204433 0.978881 -0.000002
vn -0.204429 0.978881 0.000003
vn -0.204423 0.978883 0.000010
vn -0.204433 0.978881 -0.000003
vn -0.204424 0.978882 0.000001
vn -0.204431 0.978881 -0.000001
vn -0.204426 0.978882 0.000003
vn -0.204433 0.978881 -0.000005
vn -0.204430 0.978881 0.000001
vn -0.204429 0.978881 -0.000004
vn -0.204429 0.978881 -0.000004
vn -0.204425 0.978882 0.000002
vn -0.204436 0.978880 -0.000002
vn -0.204424 0.978882 0.000003
vn -0.204427 0.978882 0.000001
vn -0.204428 0.978882 -0.000002
vn -0.204422 0.978883 -0.000001
vn -0.204427 0.978882 -0.000003
vn -0.204428 0.978882 -0.000004
vn -0.204429 0.978881 -0.000001
vn -0.204421 0.978883 0.000001
vn -0.204435 0.978880 -0.000005
vn -0.204429 0.978881 -0.000004
vn -0.204426 0.978882 0.000002
vn -0.204428 0.978882 0.000001
vn -0.204430 0.978881 -0.000002
vn -0.204427 0.978882 0.000005
vn -0.204433 0.978881 -0.000000
vn -0.204431 0.978881 0.000000
vn -0.204432 0.978881 0.000000
vn -0.204430 0.978881 0.000000
vn -0.204429 0.978881 0.000007
vn -0.204429 0.978881 0.000008
vn -0.204421 0.978883 -0.000001
vn -0.204428 0.978882 -0.000010
vn -0.204433 0.978881 -0.000002
vn -0.204420 0.978883 0.000002
vn -0.204429 0.978881 0.000000
vn -0.204427 0.978882 0.000005
vn -0.204433 0.978881 -0.000001
vn -0.204431 0.978881 -0.000001
vn -0.204421 0.978883 0.000002
vn -0.204428 0.978882 -0.000000
vn -0.204429 0.978881 -0.000005
vn -0.204432 0.978881 -0.000001
vn -0.204430 0.978881 0.000000
vn -0.204428 0.978882 0.000010
vn -0.204431 0.978881 0.000000
vn -0.204436 0.978880 -0.000001
vn -0.204429 0.978881 -0.000007
vn -0.204429 0.978881 -0.000008
vn -0.204420 0.978883 0.000001
vn -0.204431 0.978881 0.000000
vn -0.204429 0.978881 0.000002
vn -0.204429 0.978881 -0.000005
vn -0.204427 0.978882 0.000002
vn -0.204434 0.978880 0.000002
vn -0.204428 0.978882 -0.000002
vn -0.204428 0.978882 0.000005
vn -0.204429 0.978881 -0.000001
vn -0.204423 0.978883 -0.000001
vn -0.204428 0.978882 0.000002
vn -0.204428 0.978882 0.000004
vn -0.204423 0.978883 -0.000002
vn -0.204425 0.978882 -0.000002
vn -0.204427 0.978882 -0.000001
vn -0.204428 0.978882 0.000002
vn -0.204426 0.978882 0.000001
vn -0.204437 0.978880 0.000002
vn -0.204434 0.978880 0.000004
vn -0.204429 0.978881 0.000004
vn -0.204429 0.978881 0.000004
vn -0.204429 0.978881 0.000000
vn -0.204428 0.978882 -0.000004
vn -0.204430 0.978881 0.000006
vn -0.204431 0.978881 0.000001
vn -0.204421 0.978883 -0.000001
vn -0.204427 0.978882 -0.000002
vn -0.204425 0.978882 -0.000011
vn -0.204432 0.978881 0.000002
vn -0.204420 0.978883 -0.000001
vn -0.204428 0.978882 -0.000003
vn -0.204430 0.978881 0.000004
vn -0.204432 0.978881 0.000000
vn -0.204425 0.978882 -0.000002
vn -0.204431 0.978881 0.000003
vn -0.204430 0.978881 -0.000000
vn -0.204421 0.978883 -0.000003
vn -0.204436 0.978880 0.000002
vn -0.204431 0.978881 0.000005
vn -0.204430 0.978881 0.000001
vn -0.204431 0.978881 0.000001
vn -0.204422 0.978883 -0.000002
vn -0.204428 0.978882 0.000002
vn -0.204427 0.978882 -0.000001
vn -0.204435 0.978880 0.000003
vn -0.204429 0.978881 -0.000000
vn -0.204425 0.978882 -0.000003
vn -0.204426 0.978882 -0.000000
vn -0.204421 0.978883 -0.000004
vn -0.204437 0.978880 0.000005
vn -0.204434 0.978880 0.000003
vn -0.204426 0.978882 -0.000002
vn -0.204421 0.978883 -0.000005
vn -0.204427 0.978882 -0.000001
vn -0.204432 0.978881 0.000002
vn -0.204423 0.978883 -0.000003
vn -0.204432 0.978881 0.000004
vn -0.204428 0.978882 -0.000003
vn -0.204424 0.978882 -0.000002
vn -0.204429 0.978881 -0.000000
vn -0.204438 0.978880 0.000009
vn -0.204435 0.978880 0.000005
vn -0.204428 0.978882 0.000001
vn -0.204420 0.978883 -0.000009
vn -0.204431 0.978881 0.000000
vn -0.204424 0.978883 -0.000005
vn -0.204426 0.978882 -0.000005
vn -0.204431 0.978881 0.000003
vn -0.204431 0.978881 0.000004
vn -0.204430 0.978881 -0.000000
vn -0.204431 0.978881 0.000001
vn -0.204433 0.978881 0.000002
vn -0.204427 0.978882 -0.000002
vn -0.204422 0.978883 -0.000003
vn -0.204427 0.978882 -0.000002
vn -0.204432 0.978881 0.000002
vn -0.204432 0.978881 0.000007
vn -0.204431 0.978881 0.000003
vn -0.204433 0.978881 0.000005
vn -0.204430 0.978881 0.000001
vn -0.204433 0.978881 0.000002
vn -0.204426 0.978882 -0.000004
vn -0.204423 0.978883 -0.000009
vn -0.204424 0.978882 -0.000003
vn -0.204430 0.978881 -0.000001
vn -0.204424 0.978882 -0.000001
vn -0.204432 0.978881 0.000003
vn -0.204423 0.978883 -0.000003
vn -0.204425 0.978882 -0.000002
vn -0.204430 0.978881 -0.000002
vn -0.204430 0.978881 0.000000
vn -0.204431 0.978881 0.000003
vn -0.204435 0.978880 0.000005
vn -0.204435 0.978880 0.000005
vn -0.204425 0.978882 -0.000008
vn -0.204429 0.978881 0.000001
vn -0.204428 0.978882 0.000004
vn -0.204428 0.978882 -0.000000
vn -0.204427 0.978882 -0.000006
vn -0.204421 0.978883 -0.000001
vn -0.204432 0.978881 -0.000000
vn -0.204428 0.978882 -0.000001
vn -0.204430 0.978881 0.000000
vn -0.204431 0.978881 0.000006
vn -0.204433 0.978881 0.000000
vn -0.204421 0.978883 -0.000001
vn -0.204430 0.978881 0.000005
vn -0.204430 0.978881 0.000002
vn -0.204430 0.978881 0.000000
vn -0.204431 0.978881 -0.000005
vn -0.204421 0.978883 -0.000002
vn -0.204433 0.978881 -0.000001
vn -0.204420 0.978883 0.000001
vn -0.204430 0.978881 -0.000010
vn -0.204426 0.978882 0.000009
vn -0.204433 0.978881 0.000001
vn -0.204426 0.978882 0.000010
vn -0.204431 0.978881 -0.000009
vn -0.204431 0.978881 0.000005
vn -0.204432 0.978881 0.000001
vn -0.204431 0.978881 0.000001
vn -0.204430 0.978881 -0.000000
vn -0.204431 0.978881 -0.000000
vn -0.204436 0.978880 -0.000001
vn -0.204431 0.978881 0.000001
vn -0.204430 0.978881 -0.000005
vn -0.204431 0.978881 -0.000006
vn -0.204427 0.978882 -0.000002
vn -0.204420 0.978883 -0.000001
vn -0.204430 0.978881 -0.000000
vn -0.204427 0.978882 0.000006
vn -0.204434 0.978880 -0.000002
vn -0.204429 0.978881 -0.000004
vn -0.204427 0.978882 0.000000
vn -0.204428 0.978882 -0.000001
vn -0.204423 0.978883 0.000002
vn -0.204425 0.978882 0.000008
vn -0.204431 0.978881 -0.000003
vn -0.204430 0.978881 -0.000000
vn -0.204425 0.978882 0.000002
vn -0.204423 0.978883 0.000002
vn -0.204430 0.978881 0.000002
vn -0.204428 0.978882 -0.000002
vn -0.204436 0.978880 -0.000005
vn -0.204427 0.978882 0.000001
vn -0.204432 0.978881 -0.000003
vn -0.204423 0.978883 0.000009
vn -0.204431 0.978881 -0.000001
vn -0.204435 0.978880 -0.000003
vn -0.204433 0.978881 -0.000005
vn -0.204426 0.978882 0.000004
vn -0.204421 0.978883 0.000001
vn -0.204433 0.978880 -0.000007
vn -0.204430 0.978881 -0.000003
vn -0.204421 0.978883 0.000004
vn -0.204431 0.978881 -0.000004
vn -0.204427 0.978882 0.000002
vn -0.204431 0.978881 -0.000001
vn -0.204426 0.978882 0.000004
vn -0.204432 0.978881 -0.000002
vn -0.204432 0.978881 -0.000003
vn -0.204429 0.978881 -0.000000
vn -0.204422 0.978883 0.000002
vn -0.204434 0.978880 -0.000006
vn -0.204423 0.978883 0.000006
vn -0.204420 0.978883 0.000009
vn -0.204426 0.978882 0.000005
vn -0.204429 0.978881 0.000000
vn -0.204431 0.978881 -0.000001
vn -0.204438 0.978880 -0.000009
vn -0.204428 0.978882 -0.000001
vn -0.204435 0.978880 -0.000003
vn -0.204427 0.978882 0.000001
vn -0.204433 0.978880 -0.000003
vn -0.204421 0.978883 0.000005
vn -0.204434 0.978880 -0.000008
vn -0.204424 0.978882 0.000007
vn -0.204427 0.978882 0.000001
vn 0.978577 0.204364 -0.024929
vn 0.978577 0.204366 -0.024932
vn 0.976144 0.203856 -0.074729
vn 0.976144 0.203858 -0.074732
vn 0.971284 0.202843 -0.124344
vn 0.971285 0.202842 -0.124341
vn 0.964011 0.201324 -0.173645
vn 0.964011 0.201324 -0.173645
vn 0.954338 0.199304 -0.222526
vn 0.954338 0.199304 -0.222526
vn 0.942295 0.196789 -0.270841
vn 0.942295 0.196789 -0.270841
vn 0.927909 0.193784 -0.318484
vn 0.927909 0.193784 -0.318484
vn 0.911214 0.190298 -0.365343
vn 0.911214 0.190298 -0.365343
vn 0.892258 0.186338 -0.411284
vn 0.871080 0.181915 -0.456209
vn 0.892256 0.186339 -0.411286
vn 0.871079 0.181913 -0.456212
vn 0.847736 0.177038 -0.500001
vn 0.847732 0.177040 -0.500006
vn 0.822285 0.171726 -0.542548
vn 0.822285 0.171726 -0.542548
vn 0.794796 0.165985 -0.583737
vn 0.794796 0.165985 -0.583737
vn 0.765315 0.159828 -0.623497
vn 0.765315 0.159828 -0.623497
vn 0.733949 0.153278 -0.661683
vn 0.733949 0.153278 -0.661683
vn 0.700753 0.146344 -0.698232
vn 0.700752 0.146345 -0.698234
vn 0.665806 0.139047 -0.733054
vn 0.665807 0.139046 -0.733053
vn 0.629208 0.131404 -0.766048
vn 0.591058 0.123436 -0.797128
vn 0.629208 0.131404 -0.766048
vn 0.591057 0.123435 -0.797129
vn 0.551418 0.115158 -0.826243
vn 0.510430 0.106598 -0.853287
vn 0.551420 0.115158 -0.826242
vn 0.510430 0.106598 -0.853287
vn 0.468154 0.097769 -0.878222
vn 0.424720 0.088698 -0.900969
vn 0.468154 0.097769 -0.878222
vn 0.424719 0.088698 -0.900970
vn 0.380234 0.079407 -0.921475
vn 0.334795 0.069918 -0.939693
vn 0.380234 0.079407 -0.921475
vn 0.334796 0.069919 -0.939693
vn 0.288530 0.060256 -0.955573
vn 0.241539 0.050443 -0.969079
vn 0.288530 0.060256 -0.955573
vn 0.241539 0.050443 -0.969079
vn 0.193959 0.040506 -0.980173
vn 0.193959 0.040506 -0.980173
vn 0.145904 0.030470 -0.988829
vn 0.145903 0.030470 -0.988829
vn 0.097469 0.020355 -0.995030
vn 0.097469 0.020355 -0.995030
vn 0.048784 0.010188 -0.998757
vn 0.048784 0.010188 -0.998757
vn 0.000000 0.000000 -1.000000
vn -0.048784 -0.010188 -0.998757
vn -0.000000 0.000000 -1.000000
vn -0.048784 -0.010188 -0.998757
vn -0.097470 -0.020355 -0.995030
vn -0.145903 -0.030470 -0.988830
vn -0.097469 -0.020355 -0.995030
vn -0.145903 -0.030470 -0.988830
vn -0.193959 -0.040506 -0.980173
vn -0.193959 -0.040506 -0.980173
vn -0.241539 -0.050443 -0.969079
vn -0.288531 -0.060257 -0.955573
vn -0.241540 -0.050443 -0.969079
vn -0.288531 -0.060257 -0.955573
vn -0.334795 -0.069918 -0.939693
vn -0.334796 -0.069918 -0.939693
vn -0.380233 -0.079407 -0.921476
vn -0.380233 -0.079407 -0.921476
vn -0.424720 -0.088698 -0.900969
vn -0.424720 -0.088698 -0.900969
vn -0.468156 -0.097769 -0.878220
vn -0.468155 -0.097769 -0.878221
vn -0.510427 -0.106597 -0.853289
vn -0.510427 -0.106597 -0.853289
vn -0.551420 -0.115158 -0.826241
vn -0.551420 -0.115158 -0.826241
vn -0.591057 -0.123436 -0.797130
vn -0.591057 -0.123436 -0.797130
vn -0.629208 -0.131404 -0.766048
vn -0.629208 -0.131404 -0.766048
vn -0.665809 -0.139047 -0.733051
vn -0.665811 -0.139047 -0.733050
vn -0.700750 -0.146343 -0.698236
vn -0.700748 -0.146344 -0.698237
vn -0.733949 -0.153278 -0.661683
vn -0.733951 -0.153277 -0.661681
vn -0.765315 -0.159827 -0.623497
vn -0.765315 -0.159827 -0.623496
vn -0.794796 -0.165985 -0.583737
vn -0.794797 -0.165984 -0.583735
vn -0.822285 -0.171726 -0.542548
vn -0.822285 -0.171726 -0.542548
vn -0.847734 -0.177039 -0.500004
vn -0.847732 -0.177040 -0.500007
vn -0.871078 -0.181916 -0.456212
vn -0.871080 -0.181915 -0.456209
vn -0.892258 -0.186338 -0.411284
vn -0.892256 -0.186339 -0.411286
vn -0.911214 -0.190298 -0.365343
vn -0.911215 -0.190297 -0.365341
vn -0.927910 -0.193783 -0.318484
vn -0.927908 -0.193784 -0.318487
vn -0.942294 -0.196788 -0.270844
vn -0.942295 -0.196787 -0.270841
vn -0.954339 -0.199304 -0.222519
vn -0.954339 -0.199304 -0.222519
vn -0.964011 -0.201322 -0.173645
vn -0.964010 -0.201324 -0.173648
vn -0.971284 -0.202843 -0.124348
vn -0.971285 -0.202841 -0.124344
vn -0.976144 -0.203858 -0.074733
vn -0.976145 -0.203856 -0.074729
vn -0.978577 -0.204364 -0.024928
vn -0.978577 -0.204364 -0.024929
vn -0.978577 -0.204364 0.024928
vn -0.978577 -0.204364 0.024928
vn -0.976144 -0.203856 0.074734
vn -0.976144 -0.203858 0.074731
vn -0.971285 -0.202843 0.124342
vn -0.971284 -0.202841 0.124346
vn -0.964010 -0.201322 0.173651
vn -0.964010 -0.201324 0.173647
vn -0.954339 -0.199304 0.222519
vn -0.954339 -0.199304 0.222519
vn -0.942296 -0.196789 0.270837
vn -0.942295 -0.196787 0.270840
vn -0.927907 -0.193782 0.318491
vn -0.927908 -0.193784 0.318488
vn -0.911217 -0.190298 0.365336
vn -0.911216 -0.190297 0.365338
vn -0.892254 -0.186337 0.411292
vn -0.892255 -0.186338 0.411289
vn -0.871078 -0.181916 0.456212
vn -0.871080 -0.181915 0.456209
vn -0.847736 -0.177040 0.500000
vn -0.847737 -0.177041 0.499998
vn -0.822285 -0.171726 0.542548
vn -0.822285 -0.171726 0.542548
vn -0.794797 -0.165985 0.583735
vn -0.794796 -0.165984 0.583737
vn -0.765315 -0.159827 0.623496
vn -0.765315 -0.159827 0.623497
vn -0.733950 -0.153277 0.661683
vn -0.733951 -0.153278 0.661681
vn -0.700750 -0.146344 0.698236
vn -0.700748 -0.146343 0.698237
vn -0.665809 -0.139046 0.733051
vn -0.665810 -0.139048 0.733050
vn -0.629200 -0.131402 0.766055
vn -0.629200 -0.131402 0.766055
vn -0.591057 -0.123436 0.797130
vn -0.591057 -0.123436 0.797130
vn -0.551420 -0.115158 0.826241
vn -0.551420 -0.115158 0.826241
vn -0.510427 -0.106597 0.853289
vn -0.510427 -0.106597 0.853289
vn -0.468155 -0.097769 0.878221
vn -0.468156 -0.097770 0.878220
vn -0.424732 -0.088700 0.900964
vn -0.424732 -0.088700 0.900964
vn -0.380221 -0.079405 0.921481
vn -0.380221 -0.079405 0.921481
vn -0.334808 -0.069921 0.939689
vn -0.334808 -0.069921 0.939688
vn -0.288531 -0.060257 0.955573
vn -0.288531 -0.060257 0.955573
vn -0.241527 -0.050440 0.969082
vn -0.241526 -0.050440 0.969083
vn -0.193959 -0.040506 0.980173
vn -0.193959 -0.040506 0.980173
vn -0.145917 -0.030473 0.988827
vn -0.145917 -0.030473 0.988827
vn -0.097456 -0.020353 0.995032
vn -0.097456 -0.020353 0.995032
vn -0.048798 -0.010191 0.998757
vn -0.048798 -0.010191 0.998757
vn 0.000000 -0.000000 1.000000
vn -0.000000 0.000000 1.000000
vn 0.048798 0.010191 0.998757
vn 0.048798 0.010191 0.998757
vn 0.097455 0.020352 0.995032
vn 0.097455 0.020352 0.995032
vn 0.145917 0.030473 0.988827
vn 0.145918 0.030473 0.988827
vn 0.193959 0.040506 0.980173
vn 0.193959 0.040506 0.980173
vn 0.241526 0.050440 0.969083
vn 0.241526 0.050440 0.969083
vn 0.288530 0.060256 0.955573
vn 0.288530 0.060256 0.955573
vn 0.334808 0.069921 0.939689
vn 0.334808 0.069921 0.939688
vn 0.380222 0.079405 0.921480
vn 0.380222 0.079405 0.921480
vn 0.424731 0.088701 0.900964
vn 0.424730 0.088700 0.900964
vn 0.468154 0.097769 0.878222
vn 0.468154 0.097769 0.878222
vn 0.510430 0.106598 0.853287
vn 0.510430 0.106598 0.853287
vn 0.551418 0.115157 0.826243
vn 0.591058 0.123436 0.797128
vn 0.551419 0.115158 0.826242
vn 0.629200 0.131402 0.766055
vn 0.591057 0.123436 0.797129
vn 0.629200 0.131402 0.766055
vn 0.665806 0.139046 0.733054
vn 0.665807 0.139047 0.733053
vn 0.700753 0.146345 0.698232
vn 0.733949 0.153278 0.661683
vn 0.700752 0.146344 0.698234
vn 0.765315 0.159828 0.623497
vn 0.733949 0.153278 0.661683
vn 0.765315 0.159828 0.623497
vn 0.794796 0.165985 0.583737
vn 0.794796 0.165985 0.583737
vn 0.822285 0.171726 0.542548
vn 0.822285 0.171726 0.542548
vn 0.847736 0.177041 0.500000
vn 0.847739 0.177039 0.499995
vn 0.871080 0.181913 0.456209
vn 0.871078 0.181915 0.456212
vn 0.892255 0.186338 0.411289
vn 0.911216 0.190298 0.365338
vn 0.892254 0.186337 0.411292
vn 0.927908 0.193784 0.318488
vn 0.911216 0.190298 0.365338
vn 0.927908 0.193784 0.318488
vn 0.942296 0.196789 0.270837
vn 0.942296 0.196789 0.270837
vn 0.954338 0.199304 0.222526
vn 0.964010 0.201324 0.173647
vn 0.954338 0.199304 0.222526
vn 0.971285 0.202843 0.124342
vn 0.964010 0.201324 0.173647
vn 0.971285 0.202842 0.124339
vn 0.976144 0.203858 0.074731
vn 0.978577 0.204366 0.024931
vn 0.976144 0.203856 0.074733
vn 0.978577 0.204364 0.024928
vn -0.204423 0.978883 0.000005
vn -0.204425 0.978882 0.000003
vn -0.204434 0.978880 -0.000005
vn -0.204441 0.978879 -0.000012
vn -0.204427 0.978882 0.000001
vn -0.204425 0.978882 0.000003
vn -0.204429 0.978881 0.000000
vn -0.204434 0.978880 -0.000005
vn -0.204427 0.978882 0.000001
vn -0.204427 0.978882 0.000000
vn -0.204424 0.978882 0.000003
vn -0.204411 0.978885 0.000015
vn -0.204423 0.978883 0.000006
vn -0.204429 0.978881 -0.000001
vn -0.204434 0.978880 -0.000004
vn -0.204444 0.978878 -0.000012
vn -0.204426 0.978882 0.000004
vn -0.204429 0.978881 -0.000000
vn -0.204427 0.978882 0.000001
vn -0.204424 0.978882 0.000003
vn -0.204429 0.978881 -0.000003
vn -0.204441 0.978879 -0.000020
vn -0.204433 0.978881 -0.000002
vn -0.204429 0.978881 -0.000000
vn -0.204430 0.978881 -0.000004
vn -0.204427 0.978882 0.000001
vn -0.204418 0.978884 0.000005
vn -0.204422 0.978883 0.000003
vn -0.204424 0.978882 0.000006
vn -0.204429 0.978881 -0.000002
vn -0.204435 0.978880 -0.000002
vn -0.204430 0.978881 0.000000
vn -0.204430 0.978881 -0.000003
vn -0.204421 0.978883 0.000015
vn -0.204437 0.978880 -0.000003
vn -0.204435 0.978880 -0.000002
vn -0.204429 0.978881 -0.000001
vn -0.204428 0.978882 0.000001
vn -0.204423 0.978883 0.000003
vn -0.204426 0.978882 0.000001
vn -0.204430 0.978881 -0.000003
vn -0.204428 0.978882 0.000002
vn -0.204436 0.978880 -0.000002
vn -0.204422 0.978883 0.000003
vn -0.204428 0.978882 0.000005
vn -0.204428 0.978882 0.000002
vn -0.204431 0.978881 -0.000005
vn -0.204428 0.978882 -0.000001
vn -0.204418 0.978884 0.000001
vn -0.204422 0.978883 0.000001
vn -0.204428 0.978881 -0.000002
vn -0.204439 0.978879 -0.000000
vn -0.204429 0.978881 -0.000007
vn -0.204429 0.978881 -0.000005
vn -0.204435 0.978880 -0.000001
vn -0.204422 0.978883 0.000002
vn -0.204428 0.978882 0.000004
vn -0.204428 0.978882 0.000001
vn -0.204433 0.978881 -0.000001
vn -0.204421 0.978883 -0.000001
vn -0.204422 0.978883 0.000000
vn -0.204429 0.978881 -0.000009
vn -0.204428 0.978882 -0.000004
vn -0.204424 0.978882 -0.000001
vn -0.204428 0.978881 0.000009
vn -0.204429 0.978881 0.000004
vn -0.204448 0.978877 -0.000000
vn -0.204432 0.978881 0.000001
vn -0.204428 0.978882 -0.000004
vn -0.204428 0.978882 -0.000001
vn -0.204420 0.978883 -0.000000
vn -0.204423 0.978883 -0.000000
vn -0.204429 0.978881 0.000005
vn -0.204429 0.978881 0.000006
vn -0.204437 0.978880 0.000002
vn -0.204431 0.978881 0.000001
vn -0.204428 0.978882 -0.000005
vn -0.204428 0.978881 0.000002
vn -0.204422 0.978883 -0.000000
vn -0.204427 0.978882 0.000000
vn -0.204436 0.978880 0.000002
vn -0.204430 0.978881 0.000005
vn -0.204429 0.978881 -0.000002
vn -0.204422 0.978883 -0.000003
vn -0.204430 0.978881 0.000003
vn -0.204429 0.978881 -0.000002
vn -0.204429 0.978881 -0.000001
vn -0.204423 0.978883 -0.000002
vn -0.204429 0.978881 0.000001
vn -0.204428 0.978882 -0.000001
vn -0.204434 0.978880 0.000002
vn -0.204424 0.978882 -0.000001
vn -0.204424 0.978882 -0.000006
vn -0.204429 0.978881 0.000004
vn -0.204423 0.978883 -0.000015
vn -0.204428 0.978882 0.000001
vn -0.204435 0.978880 0.000004
vn -0.204429 0.978881 0.000002
vn -0.204431 0.978881 0.000002
vn -0.204421 0.978883 -0.000002
vn -0.204429 0.978881 0.000004
vn -0.204427 0.978882 -0.000002
vn -0.204433 0.978881 0.000003
vn -0.204428 0.978882 0.000000
vn -0.204430 0.978881 0.000002
vn -0.204439 0.978879 0.000022
vn -0.204425 0.978882 -0.000002
vn -0.204427 0.978882 -0.000001
vn -0.204429 0.978881 0.000000
vn -0.204427 0.978882 -0.000004
vn -0.204435 0.978880 0.000003
vn -0.204423 0.978883 -0.000004
vn -0.204427 0.978882 -0.000001
vn -0.204429 0.978881 0.000002
vn -0.204424 0.978882 -0.000007
vn -0.204424 0.978882 -0.000004
vn -0.204430 0.978881 -0.000000
vn -0.204427 0.978882 -0.000000
vn -0.204427 0.978882 -0.000001
vn -0.204429 0.978881 0.000000
vn -0.204434 0.978880 0.000004
vn -0.204425 0.978882 -0.000003
vn -0.204425 0.978882 -0.000003
vn -0.204424 0.978882 -0.000004
vn -0.204423 0.978883 -0.000005
vn -0.204425 0.978882 -0.000003
vn -0.204425 0.978882 -0.000003
vn -0.204441 0.978879 0.000012
vn -0.204432 0.978881 0.000003
vn -0.204443 0.978879 0.000014
vn -0.204434 0.978880 0.000005
vn -0.204427 0.978882 -0.000001
vn -0.204429 0.978881 0.000000
vn -0.204435 0.978880 0.000004
vn -0.204427 0.978882 -0.000001
vn -0.204428 0.978881 0.000001
vn -0.204422 0.978883 -0.000007
vn -0.204425 0.978882 -0.000004
vn -0.204444 0.978878 0.000012
vn -0.204409 0.978885 -0.000014
vn -0.204429 0.978881 0.000001
vn -0.204434 0.978880 0.000004
vn -0.204429 0.978881 0.000000
vn -0.204427 0.978882 -0.000004
vn -0.204428 0.978881 -0.000001
vn -0.204424 0.978882 -0.000003
vn -0.204427 0.978882 -0.000001
vn -0.204431 0.978881 0.000002
vn -0.204428 0.978882 -0.000002
vn -0.204429 0.978881 0.000001
vn -0.204433 0.978881 0.000002
vn -0.204431 0.978881 0.000002
vn -0.204422 0.978883 -0.000003
vn -0.204418 0.978884 -0.000005
vn -0.204426 0.978882 -0.000007
vn -0.204429 0.978881 0.000001
vn -0.204430 0.978881 -0.000000
vn -0.204435 0.978880 0.000002
vn -0.204430 0.978881 0.000003
vn -0.204431 0.978881 0.000008
vn -0.204437 0.978880 0.000003
vn -0.204435 0.978880 0.000002
vn -0.204428 0.978882 -0.000001
vn -0.204428 0.978882 -0.000002
vn -0.204429 0.978881 0.000001
vn -0.204423 0.978883 -0.000002
vn -0.204426 0.978882 -0.000001
vn -0.204430 0.978881 0.000002
vn -0.204430 0.978881 0.000005
vn -0.204422 0.978883 -0.000001
vn -0.204436 0.978880 0.000001
vn -0.204429 0.978881 -0.000001
vn -0.204429 0.978881 0.000002
vn -0.204438 0.978879 0.000003
vn -0.204422 0.978883 -0.000000
vn -0.204428 0.978882 0.000000
vn -0.204427 0.978882 -0.000005
vn -0.204418 0.978884 -0.000002
vn -0.204429 0.978881 0.000006
vn -0.204429 0.978881 0.000005
vn -0.204421 0.978883 -0.000000
vn -0.204435 0.978880 -0.000000
vn -0.204428 0.978882 -0.000004
vn -0.204428 0.978882 -0.000001
vn -0.204428 0.978882 0.000003
vn -0.204422 0.978883 0.000001
vn -0.204433 0.978881 0.000001
vn -0.204427 0.978882 -0.000005
vn -0.204427 0.978882 -0.000003
vn -0.204424 0.978882 0.000001
vn -0.204421 0.978883 0.000001
vn -0.204428 0.978882 0.000005
vn -0.204448 0.978877 -0.000002
vn -0.204432 0.978881 0.000000
vn -0.204428 0.978882 0.000004
vn -0.204428 0.978882 0.000001
vn -0.204420 0.978883 0.000001
vn -0.204423 0.978883 0.000000
vn -0.204429 0.978881 -0.000005
vn -0.204428 0.978881 -0.000002
vn -0.204429 0.978881 -0.000006
vn -0.204437 0.978880 -0.000002
vn -0.204431 0.978881 -0.000001
vn -0.204428 0.978882 0.000005
vn -0.204430 0.978881 -0.000005
vn -0.204422 0.978883 0.000001
vn -0.204427 0.978882 -0.000001
vn -0.204429 0.978881 0.000001
vn -0.204436 0.978880 -0.000002
vn -0.204422 0.978883 0.000003
vn -0.204430 0.978881 -0.000002
vn -0.204428 0.978882 0.000002
vn -0.204434 0.978880 -0.000002
vn -0.204429 0.978881 0.000000
vn -0.204423 0.978883 0.000002
vn -0.204429 0.978881 -0.000001
vn -0.204428 0.978882 0.000001
vn -0.204424 0.978882 0.000001
vn -0.204430 0.978881 -0.000003
vn -0.204432 0.978881 -0.000008
vn -0.204421 0.978883 0.000002
vn -0.204435 0.978880 -0.000004
vn -0.204428 0.978882 -0.000001
vn -0.204426 0.978882 0.000007
vn -0.204430 0.978881 -0.000001
vn -0.204429 0.978881 0.000002
vn -0.204431 0.978881 -0.000002
vn -0.204431 0.978881 -0.000002
vn -0.204428 0.978882 0.000000
vn -0.204433 0.978881 -0.000003
vn -0.204431 0.978881 -0.000002
vn -0.204428 0.978882 0.000001
vn -0.204423 0.978883 0.000004
vn -0.204427 0.978882 0.000001
vn -0.204425 0.978882 0.000002
vn -0.204423 0.978883 0.000008
vn -0.204429 0.978881 -0.000000
vn -0.204426 0.978882 0.000004
vn -0.204435 0.978880 -0.000003
vn -0.204429 0.978881 -0.000002
vn -0.204430 0.978881 -0.000000
vn -0.204424 0.978882 0.000005
vn -0.204428 0.978882 -0.000001
vn -0.204427 0.978882 0.000001
vn -0.204424 0.978882 0.000004
vn -0.204433 0.978881 -0.000004
vn -0.204429 0.978881 0.000000
vn -0.204443 0.978879 -0.000014
vn -0.204427 0.978882 0.000001
vn -0.204425 0.978882 0.000003
vn -0.204425 0.978882 0.000003
vn -0.204432 0.978881 -0.000003
vn -0.978577 -0.204365 0.024933
vn -0.978577 -0.204365 0.024930
vn -0.976144 -0.203857 0.074733
vn -0.971284 -0.202842 0.124346
vn -0.976144 -0.203857 0.074730
vn -0.971284 -0.202842 0.124349
vn -0.964012 -0.201323 0.173638
vn -0.954339 -0.199303 0.222523
vn -0.964012 -0.201323 0.173638
vn -0.954339 -0.199303 0.222523
vn -0.942296 -0.196788 0.270838
vn -0.942296 -0.196788 0.270838
vn -0.927906 -0.193783 0.318493
vn -0.911215 -0.190297 0.365342
vn -0.927906 -0.193783 0.318493
vn -0.911216 -0.190297 0.365340
vn -0.892259 -0.186338 0.411282
vn -0.892259 -0.186338 0.411282
vn -0.871077 -0.181915 0.456214
vn -0.871077 -0.181915 0.456214
vn -0.847736 -0.177040 0.500000
vn -0.847738 -0.177041 0.499996
vn -0.822286 -0.171725 0.542545
vn -0.822288 -0.171726 0.542544
vn -0.794793 -0.165984 0.583741
vn -0.794793 -0.165984 0.583741
vn -0.765312 -0.159827 0.623500
vn -0.765312 -0.159827 0.623500
vn -0.733947 -0.153277 0.661685
vn -0.700749 -0.146344 0.698237
vn -0.733949 -0.153277 0.661684
vn -0.700749 -0.146344 0.698237
vn -0.665821 -0.139049 0.733040
vn -0.665813 -0.139048 0.733047
vn -0.629205 -0.131402 0.766052
vn -0.591057 -0.123436 0.797129
vn -0.629209 -0.131403 0.766047
vn -0.591060 -0.123436 0.797127
vn -0.551422 -0.115158 0.826240
vn -0.551421 -0.115158 0.826241
vn -0.510423 -0.106596 0.853291
vn -0.510423 -0.106596 0.853291
vn -0.468144 -0.097767 0.878227
vn -0.468144 -0.097767 0.878227
vn -0.424729 -0.088700 0.900964
vn -0.424729 -0.088700 0.900964
vn -0.380240 -0.079409 0.921473
vn -0.380240 -0.079409 0.921473
vn -0.334788 -0.069917 0.939696
vn -0.334787 -0.069916 0.939697
vn -0.288529 -0.060256 0.955573
vn -0.288526 -0.060255 0.955574
vn -0.241546 -0.050444 0.969077
vn -0.241547 -0.050444 0.969077
vn -0.193965 -0.040507 0.980172
vn -0.145886 -0.030467 0.988832
vn -0.193966 -0.040508 0.980172
vn -0.145887 -0.030467 0.988832
vn -0.097483 -0.020358 0.995029
vn -0.097483 -0.020358 0.995029
vn -0.048778 -0.010187 0.998758
vn -0.048778 -0.010187 0.998758
vn 0.000000 0.000000 1.000000
vn 0.000000 0.000000 1.000000
vn 0.048779 0.010187 0.998758
vn 0.048778 0.010187 0.998758
vn 0.097482 0.020358 0.995029
vn 0.097482 0.020358 0.995029
vn 0.145885 0.030467 0.988832
vn 0.145886 0.030467 0.988832
vn 0.193968 0.040508 0.980171
vn 0.193966 0.040508 0.980172
vn 0.241546 0.050444 0.969077
vn 0.288529 0.060256 0.955573
vn 0.241547 0.050444 0.969077
vn 0.288529 0.060256 0.955573
vn 0.334784 0.069916 0.939698
vn 0.334785 0.069916 0.939697
vn 0.380242 0.079409 0.921472
vn 0.380244 0.079410 0.921471
vn 0.424727 0.088700 0.900966
vn 0.424725 0.088699 0.900967
vn 0.468141 0.097766 0.878229
vn 0.468144 0.097767 0.878227
vn 0.510428 0.106597 0.853288
vn 0.510428 0.106597 0.853288
vn 0.551420 0.115158 0.826241
vn 0.551416 0.115157 0.826244
vn 0.591057 0.123436 0.797129
vn 0.591057 0.123436 0.797129
vn 0.629207 0.131403 0.766050
vn 0.629211 0.131404 0.766046
vn 0.665815 0.139048 0.733046
vn 0.665819 0.139049 0.733042
vn 0.700752 0.146344 0.698234
vn 0.700749 0.146344 0.698237
vn 0.733947 0.153277 0.661686
vn 0.733946 0.153276 0.661687
vn 0.765312 0.159827 0.623500
vn 0.794793 0.165984 0.583741
vn 0.765315 0.159828 0.623497
vn 0.794790 0.165983 0.583746
vn 0.822286 0.171725 0.542545
vn 0.847736 0.177040 0.500001
vn 0.822288 0.171726 0.542544
vn 0.847738 0.177041 0.499996
vn 0.871077 0.181915 0.456214
vn 0.892261 0.186339 0.411277
vn 0.871077 0.181915 0.456214
vn 0.892259 0.186338 0.411282
vn 0.911215 0.190297 0.365342
vn 0.911214 0.190297 0.365344
vn 0.927906 0.193783 0.318493
vn 0.942296 0.196788 0.270838
vn 0.927906 0.193783 0.318493
vn 0.942296 0.196788 0.270838
vn 0.954338 0.199303 0.222523
vn 0.954338 0.199303 0.222523
vn 0.964011 0.201323 0.173644
vn 0.964012 0.201323 0.173638
vn 0.971284 0.202842 0.124349
vn 0.971284 0.202842 0.124349
vn 0.976144 0.203857 0.074730
vn 0.976144 0.203857 0.074730
vn 0.978577 0.204365 0.024930
vn 0.978577 0.204365 0.024933
vn 0.978577 0.204365 -0.024930
vn 0.978577 0.204365 -0.024932
vn 0.976144 0.203857 -0.074730
vn 0.976144 0.203857 -0.074730
vn 0.971284 0.202842 -0.124349
vn 0.971284 0.202842 -0.124349
vn 0.964011 0.201323 -0.173644
vn 0.964012 0.201323 -0.173638
vn 0.954337 0.199303 -0.222528
vn 0.954337 0.199303 -0.222528
vn 0.942296 0.196788 -0.270838
vn 0.942296 0.196788 -0.270838
vn 0.927909 0.193784 -0.318485
vn 0.927909 0.193784 -0.318485
vn 0.911214 0.190297 -0.365344
vn 0.911215 0.190297 -0.365342
vn 0.892254 0.186337 -0.411291
vn 0.892257 0.186338 -0.411286
vn 0.871077 0.181915 -0.456214
vn 0.871077 0.181915 -0.456214
vn 0.847745 0.177042 -0.499985
vn 0.847742 0.177041 -0.499990
vn 0.822280 0.171724 -0.542555
vn 0.822279 0.171724 -0.542557
vn 0.794790 0.165983 -0.583746
vn 0.794793 0.165984 -0.583741
vn 0.765322 0.159829 -0.623488
vn 0.765325 0.159830 -0.623484
vn 0.733946 0.153277 -0.661687
vn 0.733947 0.153277 -0.661685
vn 0.700749 0.146344 -0.698237
vn 0.700752 0.146344 -0.698234
vn 0.665801 0.139045 -0.733059
vn 0.665806 0.139046 -0.733055
vn 0.629221 0.131406 -0.766037
vn 0.629225 0.131407 -0.766034
vn 0.591041 0.123432 -0.797141
vn 0.591041 0.123432 -0.797141
vn 0.551416 0.115157 -0.826244
vn 0.551420 0.115158 -0.826241
vn 0.510428 0.106597 -0.853288
vn 0.510428 0.106597 -0.853288
vn 0.468163 0.097771 -0.878217
vn 0.468160 0.097770 -0.878218
vn 0.424725 0.088699 -0.900967
vn 0.424727 0.088700 -0.900966
vn 0.380223 0.079405 -0.921480
vn 0.380221 0.079405 -0.921481
vn 0.334807 0.069921 -0.939689
vn 0.334806 0.069920 -0.939690
vn 0.288529 0.060256 -0.955573
vn 0.288529 0.060256 -0.955573
vn 0.241547 0.050444 -0.969077
vn 0.241546 0.050444 -0.969077
vn 0.193966 0.040508 -0.980172
vn 0.193968 0.040508 -0.980171
vn 0.145885 0.030467 -0.988832
vn 0.145886 0.030467 -0.988832
vn 0.097458 0.020353 -0.995032
vn 0.097457 0.020353 -0.995032
vn 0.048803 0.010192 -0.998756
vn 0.048804 0.010192 -0.998756
vn 0.000000 0.000000 -1.000000
vn 0.000000 0.000000 -1.000000
vn -0.048803 -0.010192 -0.998756
vn -0.048803 -0.010192 -0.998756
vn -0.097458 -0.020353 -0.995031
vn -0.097458 -0.020353 -0.995032
vn -0.145887 -0.030467 -0.988832
vn -0.145886 -0.030467 -0.988832
vn -0.193966 -0.040508 -0.980172
vn -0.193965 -0.040507 -0.980172
vn -0.241546 -0.050444 -0.969077
vn -0.241547 -0.050444 -0.969077
vn -0.288529 -0.060256 -0.955573
vn -0.288526 -0.060255 -0.955574
vn -0.334810 -0.069921 -0.939688
vn -0.334809 -0.069921 -0.939688
vn -0.380219 -0.079404 -0.921482
vn -0.380219 -0.079404 -0.921482
vn -0.424729 -0.088700 -0.900964
vn -0.468163 -0.097771 -0.878217
vn -0.424729 -0.088700 -0.900964
vn -0.468163 -0.097771 -0.878217
vn -0.510423 -0.106596 -0.853291
vn -0.510423 -0.106596 -0.853291
vn -0.551422 -0.115158 -0.826240
vn -0.551421 -0.115158 -0.826241
vn -0.591041 -0.123432 -0.797141
vn -0.591044 -0.123433 -0.797140
vn -0.629219 -0.131406 -0.766039
vn -0.629224 -0.131406 -0.766035
vn -0.665807 -0.139046 -0.733053
vn -0.665800 -0.139045 -0.733060
vn -0.700749 -0.146344 -0.698237
vn -0.700749 -0.146344 -0.698237
vn -0.733949 -0.153277 -0.661684
vn -0.733947 -0.153277 -0.661686
vn -0.765322 -0.159829 -0.623488
vn -0.765322 -0.159829 -0.623488
vn -0.794793 -0.165984 -0.583741
vn -0.794793 -0.165984 -0.583741
vn -0.822280 -0.171724 -0.542555
vn -0.822279 -0.171724 -0.542557
vn -0.847742 -0.177042 -0.499989
vn -0.847745 -0.177042 -0.499985
vn -0.871077 -0.181915 -0.456214
vn -0.871077 -0.181915 -0.456214
vn -0.892254 -0.186337 -0.411291
vn -0.892254 -0.186337 -0.411291
vn -0.911215 -0.190297 -0.365342
vn -0.927909 -0.193783 -0.318485
vn -0.911216 -0.190297 -0.365340
vn -0.927909 -0.193783 -0.318485
vn -0.942296 -0.196788 -0.270838
vn -0.942296 -0.196788 -0.270838
vn -0.954337 -0.199303 -0.222528
vn -0.954337 -0.199303 -0.222528
vn -0.964012 -0.201323 -0.173638
vn -0.964012 -0.201323 -0.173638
vn -0.971284 -0.202842 -0.124346
vn -0.971284 -0.202842 -0.124349
vn -0.976144 -0.203857 -0.074733
vn -0.978577 -0.204365 -0.024930
vn -0.976144 -0.203857 -0.074730
vn -0.978577 -0.204365 -0.024932
vn -0.204559 0.978854 0.000108
vn -0.204462 0.978874 0.000040
vn -0.204340 0.978900 -0.000108
vn -0.204535 0.978859 0.000141
vn -0.204582 0.978849 0.000091
vn -0.204368 0.978894 -0.000103
vn -0.204487 0.978869 0.000108
vn -0.204365 0.978895 -0.000031
vn -0.204537 0.978859 0.000246
vn -0.204375 0.978893 -0.000029
vn -0.204470 0.978873 0.000021
vn -0.204464 0.978874 0.000018
vn -0.204400 0.978887 -0.000063
vn -0.204438 0.978880 0.000015
vn -0.204611 0.978843 0.000031
vn -0.204526 0.978861 0.000017
vn -0.204447 0.978877 0.000265
vn -0.204428 0.978882 0.000030
vn -0.204424 0.978882 -0.000051
vn -0.204071 0.978956 0.000039
vn -0.204406 0.978886 0.000128
vn -0.204450 0.978877 -0.000090
vn -0.204390 0.978890 0.000176
vn -0.204444 0.978878 -0.000007
vn -0.204428 0.978882 0.000003
vn -0.204439 0.978879 -0.000042
vn -0.204426 0.978882 0.000009
vn -0.204306 0.978907 0.000320
vn -0.204524 0.978862 -0.000042
vn -0.204380 0.978892 0.000017
vn -0.204434 0.978880 -0.000004
vn -0.204395 0.978889 0.000008
vn -0.204465 0.978874 -0.000008
vn -0.204417 0.978884 0.000004
vn -0.204414 0.978884 0.000005
vn -0.204464 0.978874 -0.000010
vn -0.204420 0.978883 0.000003
vn -0.204331 0.978902 0.000185
vn -0.204582 0.978849 -0.000091
vn -0.204402 0.978887 0.000044
vn -0.204357 0.978897 0.000116
vn -0.204428 0.978882 -0.000001
vn -0.204423 0.978883 0.000001
vn -0.204360 0.978896 0.000047
vn -0.204548 0.978857 -0.000098
vn -0.204427 0.978882 -0.000000
vn -0.204429 0.978881 0.000001
vn -0.204428 0.978882 -0.000002
vn -0.204429 0.978881 -0.000002
vn -0.204504 0.978866 -0.000099
vn -0.204428 0.978882 0.000003
vn -0.204426 0.978882 0.000005
vn -0.204431 0.978881 -0.000013
vn -0.204432 0.978881 -0.000008
vn -0.204426 0.978882 0.000001
vn -0.204444 0.978878 -0.000004
vn -0.204457 0.978876 -0.000024
vn -0.204269 0.978915 0.000154
vn -0.204234 0.978922 0.000225
vn -0.204458 0.978875 -0.000025
vn -0.204497 0.978867 -0.000090
vn -0.204155 0.978938 0.000190
vn -0.204361 0.978896 0.000103
vn -0.204355 0.978897 0.000140
vn -0.204398 0.978888 0.000015
vn -0.204343 0.978899 0.000043
vn -0.204437 0.978880 -0.000006
vn -0.204430 0.978881 -0.000001
vn -0.204343 0.978899 0.000223
vn -0.204438 0.978880 -0.000016
vn -0.204428 0.978882 0.000000
vn -0.204442 0.978879 -0.000033
vn -0.204422 0.978883 0.000011
vn -0.204437 0.978880 -0.000006
vn -0.204403 0.978887 0.000006
vn -0.204444 0.978878 -0.000007
vn -0.204392 0.978889 0.000216
vn -0.204428 0.978882 0.000000
vn -0.204411 0.978885 0.000105
vn -0.204416 0.978884 0.000071
vn -0.204462 0.978874 -0.000003
vn -0.204415 0.978884 0.000003
vn -0.204559 0.978854 -0.000011
vn -0.204423 0.978883 0.000003
vn -0.204424 0.978882 -0.000262
vn -0.204244 0.978920 -0.000004
vn -0.204577 0.978850 0.000013
vn -0.204435 0.978880 0.000160
vn -0.204485 0.978870 0.000002
vn -0.204422 0.978883 -0.000096
vn -0.204432 0.978881 0.000034
vn -0.204430 0.978881 -0.000001
vn -0.204435 0.978880 0.000000
vn -0.204290 0.978910 -0.000037
vn -0.204427 0.978882 -0.000017
vn -0.204460 0.978875 0.000104
vn -0.204433 0.978881 0.000028
vn -0.204417 0.978884 -0.000003
vn -0.204409 0.978886 -0.000004
vn -0.204306 0.978907 -0.000321
vn -0.204438 0.978879 0.000002
vn -0.204429 0.978881 -0.000001
vn -0.204446 0.978878 0.000045
vn -0.204331 0.978902 -0.000185
vn -0.204431 0.978881 0.000010
vn -0.204425 0.978882 0.000000
vn -0.204431 0.978881 -0.000000
vn -0.204545 0.978857 0.000067
vn -0.204357 0.978897 -0.000116
vn -0.204427 0.978882 -0.000005
vn -0.204429 0.978881 0.000000
vn -0.204431 0.978881 -0.000002
vn -0.204428 0.978882 0.000001
vn -0.204428 0.978881 0.000000
vn -0.204415 0.978884 -0.000005
vn -0.204428 0.978882 0.000001
vn -0.204548 0.978857 0.000098
vn -0.204428 0.978881 0.000000
vn -0.204429 0.978881 -0.000001
vn -0.204430 0.978881 -0.000002
vn -0.204434 0.978880 0.000007
vn -0.204429 0.978881 -0.000001
vn -0.204269 0.978915 -0.000154
vn -0.204302 0.978908 -0.000147
f 1//1 2//1 3//1
f 3//2 4//2 1//2
f 3//3 5//3 4//3
f 5//4 6//4 4//4
f 2//5 7//5 3//5
f 6//6 8//6 2//6
f 2//7 8//7 7//7
f 5//8 8//8 6//8
f 9//9 3//9 10//9
f 9//10 5//10 3//10
f 8//11 11//11 12//11
f 12//12 11//12 13//12
f 5//13 14//13 8//13
f 9//14 14//14 5//14
f 8//15 14//15 11//15
f 14//16 15//16 11//16
f 11//17 16//17 17//17
f 15//18 16//18 11//18
f 18//19 19//19 14//19
f 14//20 19//20 15//20
f 7//21 55//21 20//21
f 278//22 7//22 20//22
f 246//23 3//23 7//23
f 246//24 10//24 3//24
f 246//25 7//25 278//25
f 21//26 246//26 278//26
f 766//27 246//27 21//27
f 22//28 278//28 23//28
f 22//29 21//29 278//29
f 24//30 766//30 21//30
f 25//31 26//31 7//31
f 7//32 27//32 25//32
f 26//33 28//33 7//33
f 7//34 29//34 27//34
f 28//35 30//35 7//35
f 7//36 31//36 29//36
f 30//37 32//37 7//37
f 7//38 33//38 31//38
f 32//39 34//39 7//39
f 7//40 35//40 33//40
f 34//41 36//41 7//41
f 7//42 37//42 35//42
f 36//43 38//43 7//43
f 7//44 39//44 37//44
f 38//45 40//45 7//45
f 7//46 41//46 39//46
f 40//47 42//47 7//47
f 7//48 43//48 41//48
f 42//49 44//49 7//49
f 7//50 45//50 43//50
f 44//51 46//51 7//51
f 7//52 47//52 45//52
f 46//53 48//53 7//53
f 7//54 49//54 47//54
f 48//55 50//55 7//55
f 7//56 51//56 49//56
f 7//57 52//57 51//57
f 7//58 53//58 52//58
f 7//59 54//59 53//59
f 50//60 55//60 7//60
f 56//61 55//61 50//61
f 57//62 55//62 56//62
f 58//63 55//63 57//63
f 58//64 59//64 55//64
f 7//65 60//65 54//65
f 59//66 61//66 55//66
f 7//67 62//67 60//67
f 61//68 63//68 55//68
f 7//69 64//69 62//69
f 63//70 65//70 55//70
f 7//71 66//71 64//71
f 65//72 67//72 55//72
f 7//73 68//73 66//73
f 67//74 69//74 55//74
f 69//75 70//75 55//75
f 70//76 71//76 55//76
f 71//77 72//77 55//77
f 72//78 73//78 55//78
f 73//79 74//79 55//79
f 74//80 75//80 55//80
f 75//81 76//81 55//81
f 76//82 77//82 55//82
f 77//83 78//83 55//83
f 79//84 80//84 78//84
f 81//85 80//85 79//85
f 82//86 80//86 81//86
f 83//87 80//87 82//87
f 84//88 80//88 83//88
f 85//89 80//89 84//89
f 78//90 80//90 55//90
f 86//91 87//91 88//91
f 89//92 87//92 86//92
f 90//93 87//93 89//93
f 91//94 87//94 90//94
f 92//95 87//95 91//95
f 93//96 87//96 92//96
f 94//97 87//97 93//97
f 95//98 87//98 94//98
f 96//99 97//99 98//99
f 98//100 97//100 99//100
f 98//101 100//101 96//101
f 101//102 100//102 98//102
f 102//103 100//103 101//103
f 103//104 104//104 105//104
f 99//105 104//105 103//105
f 97//106 104//106 99//106
f 102//107 106//107 100//107
f 104//108 107//108 105//108
f 102//109 108//109 106//109
f 109//110 108//110 102//110
f 110//111 111//111 112//111
f 105//112 111//112 110//112
f 107//113 111//113 105//113
f 109//114 113//114 108//114
f 114//115 113//115 109//115
f 111//116 115//116 112//116
f 112//117 115//117 116//117
f 114//118 117//118 113//118
f 118//119 117//119 114//119
f 115//120 119//120 116//120
f 116//121 119//121 120//121
f 118//122 121//122 117//122
f 122//123 121//123 118//123
f 119//124 123//124 120//124
f 120//125 123//125 124//125
f 122//126 125//126 121//126
f 126//127 125//127 122//127
f 123//128 127//128 124//128
f 124//129 127//129 128//129
f 129//130 130//130 126//130
f 131//131 130//131 129//131
f 126//132 130//132 125//132
f 127//133 132//133 128//133
f 131//134 133//134 130//134
f 134//135 135//135 136//135
f 128//136 135//136 134//136
f 132//137 135//137 128//137
f 7//138 137//138 68//138
f 131//139 137//139 133//139
f 68//140 137//140 131//140
f 135//141 138//141 136//141
f 139//142 140//142 141//142
f 136//143 140//143 139//143
f 138//144 140//144 136//144
f 140//145 142//145 141//145
f 141//146 143//146 144//146
f 142//147 143//147 141//147
f 144//148 145//148 146//148
f 143//149 145//149 144//149
f 147//150 148//150 149//150
f 146//151 148//151 147//151
f 145//152 148//152 146//152
f 149//153 150//153 151//153
f 148//154 150//154 149//154
f 151//155 152//155 153//155
f 150//156 152//156 151//156
f 152//157 154//157 153//157
f 153//158 154//158 155//158
f 155//159 156//159 157//159
f 154//160 156//160 155//160
f 156//161 158//161 157//161
f 157//162 159//162 160//162
f 158//163 159//163 157//163
f 161//164 162//164 163//164
f 160//165 162//165 161//165
f 159//166 162//166 160//166
f 163//167 164//167 165//167
f 162//168 164//168 163//168
f 164//169 166//169 165//169
f 165//170 167//170 168//170
f 166//171 167//171 165//171
f 167//172 169//172 168//172
f 170//173 169//173 171//173
f 168//174 169//174 170//174
f 169//175 172//175 171//175
f 171//176 173//176 95//176
f 172//177 173//177 171//177
f 7//178 8//178 137//178
f 174//179 8//179 175//179
f 176//180 8//180 174//180
f 177//181 8//181 176//181
f 178//182 8//182 177//182
f 179//183 8//183 178//183
f 180//184 8//184 179//184
f 181//185 8//185 180//185
f 182//186 8//186 181//186
f 183//187 8//187 182//187
f 184//188 8//188 183//188
f 185//189 8//189 184//189
f 186//190 8//190 185//190
f 187//191 8//191 186//191
f 188//192 8//192 187//192
f 189//193 8//193 188//193
f 190//194 8//194 189//194
f 191//195 8//195 190//195
f 192//196 8//196 191//196
f 193//197 8//197 192//197
f 194//198 8//198 193//198
f 195//199 8//199 194//199
f 196//200 8//200 195//200
f 137//201 8//201 196//201
f 8//202 197//202 175//202
f 8//203 198//203 197//203
f 8//204 199//204 198//204
f 8//205 200//205 199//205
f 8//206 201//206 200//206
f 8//207 202//207 201//207
f 8//208 203//208 202//208
f 204//209 205//209 173//209
f 206//210 205//210 204//210
f 207//211 205//211 206//211
f 208//212 205//212 207//212
f 209//213 205//213 208//213
f 210//214 205//214 209//214
f 211//215 205//215 210//215
f 212//216 205//216 211//216
f 95//217 205//217 87//217
f 173//218 205//218 95//218
f 8//219 213//219 203//219
f 8//220 214//220 213//220
f 8//221 215//221 214//221
f 8//222 216//222 215//222
f 217//223 218//223 219//223
f 220//224 218//224 217//224
f 221//225 218//225 220//225
f 222//226 218//226 221//226
f 223//227 218//227 222//227
f 224//228 218//228 223//228
f 225//229 12//229 224//229
f 226//230 12//230 225//230
f 227//231 12//231 226//231
f 228//232 12//232 227//232
f 229//233 12//233 228//233
f 230//234 12//234 229//234
f 231//235 12//235 230//235
f 232//236 12//236 231//236
f 233//237 12//237 232//237
f 234//238 12//238 233//238
f 235//239 12//239 234//239
f 236//240 12//240 235//240
f 237//241 12//241 236//241
f 238//242 12//242 237//242
f 239//243 12//243 238//243
f 240//244 12//244 239//244
f 241//245 12//245 240//245
f 216//246 12//246 241//246
f 224//247 12//247 218//247
f 8//248 12//248 216//248
f 12//249 55//249 218//249
f 218//250 55//250 205//250
f 205//251 55//251 87//251
f 87//252 55//252 80//252
f 6//253 2//253 242//253
f 242//254 2//254 243//254
f 4//255 6//255 244//255
f 244//256 6//256 242//256
f 1//257 4//257 245//257
f 245//258 4//258 244//258
f 2//259 1//259 243//259
f 243//260 1//260 245//260
f 14//261 9//261 246//261
f 246//262 9//262 10//262
f 12//263 13//263 55//263
f 55//264 13//264 20//264
f 247//265 248//265 20//265
f 249//266 248//266 247//266
f 247//267 250//267 249//267
f 248//268 251//268 20//268
f 247//269 252//269 250//269
f 251//270 253//270 20//270
f 247//271 254//271 252//271
f 253//272 255//272 20//272
f 247//273 256//273 254//273
f 255//274 257//274 20//274
f 247//275 258//275 256//275
f 257//276 259//276 20//276
f 259//277 260//277 20//277
f 260//278 261//278 20//278
f 261//279 262//279 20//279
f 262//280 263//280 20//280
f 263//281 264//281 20//281
f 264//282 265//282 20//282
f 265//283 266//283 20//283
f 266//284 267//284 20//284
f 267//285 268//285 20//285
f 268//286 269//286 20//286
f 269//287 270//287 20//287
f 270//288 271//288 20//288
f 271//289 272//289 20//289
f 273//290 274//290 275//290
f 273//291 276//291 274//291
f 273//292 277//292 276//292
f 272//293 278//293 20//293
f 279//294 278//294 280//294
f 280//295 278//295 281//295
f 281//296 278//296 282//296
f 282//297 278//297 283//297
f 283//298 278//298 284//298
f 284//299 278//299 285//299
f 285//300 278//300 286//300
f 286//301 278//301 287//301
f 287//302 278//302 288//302
f 288//303 278//303 272//303
f 279//304 289//304 278//304
f 273//305 290//305 277//305
f 289//306 291//306 278//306
f 273//307 292//307 290//307
f 291//308 293//308 278//308
f 273//309 294//309 292//309
f 293//310 295//310 278//310
f 273//311 296//311 294//311
f 295//312 297//312 278//312
f 273//313 298//313 296//313
f 297//314 299//314 278//314
f 299//315 300//315 278//315
f 300//316 301//316 278//316
f 301//317 302//317 278//317
f 302//318 303//318 278//318
f 303//319 304//319 278//319
f 304//320 305//320 278//320
f 305//321 306//321 278//321
f 306//322 307//322 278//322
f 307//323 308//323 278//323
f 308//324 309//324 278//324
f 309//325 310//325 278//325
f 310//326 311//326 278//326
f 311//327 312//327 278//327
f 312//328 313//328 278//328
f 313//329 314//329 278//329
f 314//330 315//330 278//330
f 315//331 316//331 278//331
f 316//332 317//332 278//332
f 318//333 319//333 320//333
f 320//334 321//334 318//334
f 319//335 322//335 320//335
f 320//336 323//336 321//336
f 273//337 324//337 298//337
f 322//338 324//338 320//338
f 320//339 324//339 273//339
f 320//340 325//340 323//340
f 324//341 326//341 298//341
f 298//342 326//342 327//342
f 320//343 328//343 325//343
f 327//344 329//344 330//344
f 326//345 329//345 327//345
f 320//346 331//346 328//346
f 330//347 332//347 333//347
f 329//348 332//348 330//348
f 333//349 334//349 335//349
f 332//350 334//350 333//350
f 335//351 336//351 337//351
f 337//352 336//352 338//352
f 334//353 336//353 335//353
f 336//354 339//354 338//354
f 338//355 340//355 341//355
f 339//356 340//356 338//356
f 341//357 342//357 343//357
f 340//358 342//358 341//358
f 343//359 344//359 345//359
f 342//360 344//360 343//360
f 345//361 346//361 347//361
f 344//362 346//362 345//362
f 347//363 348//363 349//363
f 346//364 348//364 347//364
f 349//365 350//365 351//365
f 348//366 350//366 349//366
f 351//367 352//367 353//367
f 350//368 352//368 351//368
f 353//369 354//369 355//369
f 352//370 354//370 353//370
f 355//371 356//371 357//371
f 354//372 356//372 355//372
f 357//373 358//373 359//373
f 356//374 358//374 357//374
f 359//375 360//375 361//375
f 358//376 360//376 359//376
f 361//377 362//377 363//377
f 360//378 362//378 361//378
f 363//379 364//379 365//379
f 362//380 364//380 363//380
f 364//381 366//381 365//381
f 365//382 366//382 367//382
f 367//383 368//383 369//383
f 366//384 368//384 367//384
f 369//385 370//385 371//385
f 368//386 370//386 369//386
f 371//387 372//387 373//387
f 370//388 372//388 371//388
f 372//389 374//389 373//389
f 373//390 374//390 375//390
f 375//391 374//391 376//391
f 377//392 378//392 379//392
f 374//393 380//393 376//393
f 377//394 381//394 378//394
f 380//395 382//395 376//395
f 376//396 382//396 383//396
f 383//397 382//397 384//397
f 377//398 385//398 381//398
f 382//399 386//399 384//399
f 377//400 387//400 385//400
f 386//401 388//401 384//401
f 384//402 388//402 389//402
f 377//403 390//403 387//403
f 388//404 391//404 389//404
f 389//405 391//405 392//405
f 377//406 393//406 390//406
f 391//407 394//407 392//407
f 392//408 394//408 395//408
f 394//409 396//409 395//409
f 395//410 396//410 397//410
f 396//411 398//411 397//411
f 397//412 398//412 399//412
f 398//413 400//413 399//413
f 399//414 400//414 401//414
f 400//415 402//415 401//415
f 401//416 402//416 403//416
f 403//417 404//417 405//417
f 402//418 404//418 403//418
f 405//419 406//419 407//419
f 404//420 406//420 405//420
f 407//421 408//421 409//421
f 406//422 408//422 407//422
f 409//423 410//423 411//423
f 411//424 410//424 317//424
f 408//425 410//425 409//425
f 317//426 412//426 278//426
f 410//427 412//427 317//427
f 393//428 13//428 413//428
f 413//429 13//429 414//429
f 414//430 13//430 415//430
f 415//431 13//431 416//431
f 416//432 13//432 417//432
f 417//433 13//433 418//433
f 377//434 13//434 393//434
f 418//435 13//435 419//435
f 419//436 13//436 420//436
f 420//437 13//437 421//437
f 421//438 13//438 422//438
f 422//439 13//439 423//439
f 423//440 13//440 424//440
f 424//441 13//441 425//441
f 425//442 13//442 426//442
f 13//443 427//443 426//443
f 13//444 428//444 427//444
f 13//445 429//445 428//445
f 13//446 430//446 429//446
f 13//447 11//447 430//447
f 430//448 11//448 431//448
f 431//449 11//449 432//449
f 432//450 11//450 433//450
f 433//451 11//451 434//451
f 434//452 11//452 435//452
f 435//453 11//453 436//453
f 436//454 11//454 437//454
f 437//455 11//455 438//455
f 438//456 11//456 439//456
f 439//457 11//457 440//457
f 440//458 11//458 441//458
f 441//459 11//459 442//459
f 442//460 11//460 443//460
f 443//461 11//461 444//461
f 444//462 11//462 445//462
f 445//463 11//463 446//463
f 446//464 11//464 447//464
f 447//465 11//465 448//465
f 448//466 11//466 449//466
f 449//467 11//467 450//467
f 450//468 11//468 451//468
f 451//469 11//469 452//469
f 452//470 11//470 453//470
f 453//471 11//471 454//471
f 454//472 11//472 455//472
f 455//473 11//473 456//473
f 456//474 11//474 457//474
f 457//475 11//475 458//475
f 458//476 11//476 459//476
f 459//477 11//477 460//477
f 460//478 11//478 461//478
f 461//479 11//479 462//479
f 412//480 11//480 278//480
f 462//481 11//481 463//481
f 463//482 11//482 412//482
f 20//483 13//483 247//483
f 247//484 13//484 273//484
f 273//485 13//485 320//485
f 320//486 13//486 377//486
f 278//487 464//487 23//487
f 278//488 11//488 464//488
f 11//489 17//489 464//489
f 465//490 466//490 23//490
f 23//491 467//491 465//491
f 466//492 468//492 23//492
f 23//493 469//493 467//493
f 468//494 470//494 23//494
f 23//495 471//495 469//495
f 470//496 472//496 23//496
f 23//497 473//497 471//497
f 472//498 474//498 23//498
f 23//499 475//499 473//499
f 474//500 476//500 23//500
f 23//501 477//501 475//501
f 476//502 478//502 23//502
f 23//503 479//503 477//503
f 478//504 480//504 23//504
f 23//505 481//505 479//505
f 480//506 482//506 23//506
f 23//507 483//507 481//507
f 482//508 484//508 23//508
f 23//509 485//509 483//509
f 484//510 486//510 23//510
f 23//511 487//511 485//511
f 486//512 488//512 23//512
f 23//513 489//513 487//513
f 488//514 490//514 23//514
f 23//515 491//515 489//515
f 490//516 492//516 23//516
f 23//517 493//517 491//517
f 492//518 494//518 23//518
f 494//519 495//519 23//519
f 496//520 17//520 497//520
f 497//521 17//521 498//521
f 498//522 17//522 499//522
f 499//523 17//523 500//523
f 500//524 17//524 501//524
f 501//525 17//525 502//525
f 502//526 17//526 503//526
f 503//527 17//527 504//527
f 504//528 17//528 505//528
f 505//529 17//529 506//529
f 506//530 17//530 507//530
f 507//531 17//531 508//531
f 508//532 17//532 509//532
f 509//533 17//533 510//533
f 17//534 511//534 510//534
f 17//535 512//535 511//535
f 17//536 513//536 512//536
f 17//537 514//537 513//537
f 17//538 515//538 514//538
f 17//539 516//539 515//539
f 17//540 517//540 516//540
f 17//541 518//541 517//541
f 17//542 519//542 518//542
f 17//543 520//543 519//543
f 17//544 521//544 520//544
f 17//545 522//545 521//545
f 17//546 523//546 522//546
f 524//547 525//547 526//547
f 526//548 525//548 527//548
f 527//549 525//549 528//549
f 528//550 525//550 529//550
f 529//551 22//551 530//551
f 530//552 22//552 531//552
f 525//553 22//553 529//553
f 525//554 16//554 22//554
f 532//555 16//555 525//555
f 17//556 16//556 533//556
f 17//557 533//557 534//557
f 17//558 534//558 535//558
f 17//559 535//559 523//559
f 533//560 16//560 536//560
f 536//561 16//561 537//561
f 537//562 16//562 538//562
f 538//563 16//563 539//563
f 539//564 16//564 540//564
f 540//565 16//565 541//565
f 541//566 16//566 542//566
f 542//567 16//567 543//567
f 543//568 16//568 532//568
f 464//569 17//569 544//569
f 544//570 17//570 496//570
f 23//571 464//571 545//571
f 23//572 545//572 493//572
f 22//573 23//573 495//573
f 22//574 495//574 546//574
f 22//575 546//575 531//575
f 22//576 16//576 21//576
f 16//577 15//577 21//577
f 547//578 548//578 21//578
f 21//579 549//579 547//579
f 548//580 550//580 21//580
f 21//581 551//581 549//581
f 550//582 552//582 21//582
f 21//583 553//583 551//583
f 552//584 554//584 21//584
f 21//585 555//585 553//585
f 554//586 556//586 21//586
f 21//587 557//587 555//587
f 556//588 558//588 21//588
f 21//589 559//589 557//589
f 558//590 560//590 21//590
f 21//591 561//591 559//591
f 560//592 562//592 21//592
f 21//593 563//593 561//593
f 562//594 564//594 21//594
f 21//595 565//595 563//595
f 564//596 566//596 21//596
f 21//597 567//597 565//597
f 566//598 568//598 21//598
f 21//599 569//599 567//599
f 568//600 570//600 21//600
f 21//601 571//601 569//601
f 570//602 572//602 21//602
f 21//603 573//603 571//603
f 21//604 574//604 573//604
f 21//605 575//605 574//605
f 576//606 24//606 577//606
f 577//607 24//607 578//607
f 578//608 24//608 572//608
f 572//609 24//609 21//609
f 21//610 579//610 575//610
f 576//611 580//611 24//611
f 21//612 581//612 579//612
f 580//613 582//613 24//613
f 21//614 583//614 581//614
f 582//615 584//615 24//615
f 21//616 585//616 583//616
f 584//617 586//617 24//617
f 21//618 587//618 585//618
f 586//619 588//619 24//619
f 21//620 589//620 587//620
f 588//621 590//621 24//621
f 590//622 591//622 24//622
f 591//623 592//623 24//623
f 592//624 593//624 24//624
f 593//625 594//625 24//625
f 594//626 595//626 24//626
f 595//627 596//627 24//627
f 596//628 597//628 24//628
f 597//629 598//629 24//629
f 598//630 599//630 24//630
f 600//631 601//631 602//631
f 602//632 601//632 603//632
f 603//633 601//633 604//633
f 604//634 601//634 605//634
f 605//635 601//635 606//635
f 606//636 601//636 599//636
f 599//637 601//637 24//637
f 607//638 608//638 609//638
f 609//639 608//639 610//639
f 610//640 608//640 611//640
f 611//641 608//641 612//641
f 612//642 608//642 613//642
f 613//643 608//643 614//643
f 614//644 608//644 615//644
f 615//645 608//645 616//645
f 617//646 618//646 619//646
f 619//647 620//647 621//647
f 618//648 620//648 619//648
f 622//649 623//649 617//649
f 617//650 623//650 618//650
f 620//651 624//651 621//651
f 621//652 624//652 625//652
f 622//653 626//653 623//653
f 625//654 627//654 628//654
f 624//655 627//655 625//655
f 622//656 629//656 626//656
f 630//657 629//657 622//657
f 627//658 631//658 628//658
f 628//659 631//659 632//659
f 630//660 633//660 629//660
f 634//661 633//661 635//661
f 635//662 633//662 630//662
f 632//663 636//663 637//663
f 631//664 636//664 632//664
f 634//665 638//665 633//665
f 636//666 639//666 637//666
f 637//667 639//667 640//667
f 634//668 641//668 638//668
f 642//669 641//669 643//669
f 643//670 641//670 634//670
f 640//671 644//671 645//671
f 639//672 644//672 640//672
f 642//673 646//673 641//673
f 647//674 646//674 642//674
f 644//675 648//675 645//675
f 645//676 648//676 649//676
f 650//677 651//677 647//677
f 647//678 651//678 646//678
f 649//679 652//679 653//679
f 648//680 652//680 649//680
f 650//681 654//681 651//681
f 652//682 655//682 653//682
f 653//683 655//683 656//683
f 21//684 657//684 589//684
f 589//685 657//685 650//685
f 650//686 657//686 654//686
f 655//687 658//687 656//687
f 656//688 658//688 659//688
f 658//689 660//689 659//689
f 659//690 660//690 661//690
f 660//691 662//691 661//691
f 661//692 662//692 663//692
f 662//693 664//693 663//693
f 663//694 664//694 665//694
f 664//695 666//695 665//695
f 665//696 666//696 667//696
f 667//697 668//697 669//697
f 666//698 668//698 667//698
f 668//699 670//699 669//699
f 669//700 670//700 671//700
f 670//701 672//701 671//701
f 671//702 672//702 673//702
f 673//703 674//703 675//703
f 672//704 674//704 673//704
f 674//705 676//705 675//705
f 675//706 676//706 677//706
f 676//707 678//707 677//707
f 677//708 678//708 679//708
f 678//709 680//709 679//709
f 679//710 680//710 681//710
f 680//711 682//711 681//711
f 681//712 682//712 683//712
f 682//713 684//713 683//713
f 683//714 684//714 685//714
f 684//715 686//715 685//715
f 685//716 686//716 687//716
f 686//717 688//717 687//717
f 687//718 688//718 689//718
f 688//719 690//719 689//719
f 689//720 690//720 691//720
f 691//721 692//721 693//721
f 690//722 692//722 691//722
f 693//723 694//723 607//723
f 692//724 694//724 693//724
f 21//725 15//725 657//725
f 657//726 15//726 695//726
f 695//727 15//727 696//727
f 696//728 15//728 697//728
f 697//729 15//729 698//729
f 698//730 15//730 699//730
f 699//731 15//731 700//731
f 700//732 15//732 701//732
f 701//733 15//733 702//733
f 702//734 15//734 703//734
f 703//735 15//735 704//735
f 704//736 15//736 705//736
f 705//737 15//737 706//737
f 706//738 15//738 707//738
f 707//739 15//739 708//739
f 708//740 15//740 709//740
f 709//741 15//741 710//741
f 710//742 15//742 711//742
f 711//743 15//743 712//743
f 712//744 15//744 713//744
f 713//745 15//745 714//745
f 714//746 15//746 715//746
f 715//747 15//747 716//747
f 15//748 717//748 716//748
f 15//749 718//749 717//749
f 15//750 719//750 718//750
f 15//751 720//751 719//751
f 15//752 721//752 720//752
f 15//753 722//753 721//753
f 15//754 723//754 722//754
f 15//755 724//755 723//755
f 725//756 726//756 727//756
f 727//757 726//757 728//757
f 728//758 726//758 729//758
f 729//759 726//759 730//759
f 730//760 726//760 731//760
f 731//761 726//761 732//761
f 732//762 726//762 733//762
f 733//763 726//763 694//763
f 607//764 726//764 608//764
f 694//765 726//765 607//765
f 15//766 734//766 724//766
f 15//767 735//767 734//767
f 15//768 736//768 735//768
f 15//769 737//769 736//769
f 738//770 739//770 740//770
f 740//771 739//771 741//771
f 741//772 739//772 742//772
f 742//773 739//773 743//773
f 743//774 739//774 744//774
f 744//775 739//775 745//775
f 746//776 19//776 747//776
f 747//777 19//777 748//777
f 748//778 19//778 749//778
f 15//779 19//779 737//779
f 749//780 19//780 750//780
f 750//781 19//781 751//781
f 751//782 19//782 752//782
f 752//783 19//783 753//783
f 753//784 19//784 754//784
f 754//785 19//785 755//785
f 755//786 19//786 756//786
f 756//787 19//787 738//787
f 738//788 19//788 739//788
f 737//789 19//789 757//789
f 757//790 19//790 758//790
f 758//791 19//791 759//791
f 759//792 19//792 760//792
f 760//793 19//793 761//793
f 761//794 19//794 762//794
f 762//795 19//795 746//795
f 19//796 18//796 739//796
f 739//797 18//797 763//797
f 764//798 765//798 766//798
f 767//799 765//799 764//799
f 764//800 768//800 767//800
f 765//801 769//801 766//801
f 764//802 770//802 768//802
f 769//803 771//803 766//803
f 764//804 772//804 770//804
f 771//805 773//805 766//805
f 764//806 774//806 772//806
f 773//807 775//807 766//807
f 764//808 776//808 774//808
f 775//809 777//809 766//809
f 777//810 778//810 766//810
f 778//811 779//811 766//811
f 779//812 780//812 766//812
f 780//813 781//813 766//813
f 781//814 782//814 766//814
f 782//815 783//815 766//815
f 783//816 784//816 766//816
f 784//817 785//817 766//817
f 785//818 786//818 766//818
f 786//819 787//819 766//819
f 787//820 788//820 766//820
f 788//821 789//821 766//821
f 789//822 790//822 766//822
f 791//823 792//823 793//823
f 791//824 794//824 792//824
f 791//825 795//825 794//825
f 796//826 246//826 790//826
f 797//827 246//827 796//827
f 798//828 246//828 797//828
f 799//829 246//829 798//829
f 800//830 246//830 799//830
f 801//831 246//831 800//831
f 802//832 246//832 801//832
f 803//833 246//833 802//833
f 804//834 246//834 803//834
f 805//835 246//835 804//835
f 806//836 246//836 805//836
f 790//837 246//837 766//837
f 791//838 807//838 795//838
f 806//839 808//839 246//839
f 791//840 809//840 807//840
f 808//841 810//841 246//841
f 791//842 811//842 809//842
f 810//843 812//843 246//843
f 791//844 813//844 811//844
f 812//845 814//845 246//845
f 791//846 815//846 813//846
f 814//847 816//847 246//847
f 816//848 817//848 246//848
f 817//849 818//849 246//849
f 818//850 819//850 246//850
f 819//851 820//851 246//851
f 820//852 821//852 246//852
f 821//853 822//853 246//853
f 822//854 823//854 246//854
f 823//855 824//855 246//855
f 824//856 825//856 246//856
f 825//857 826//857 246//857
f 826//858 827//858 246//858
f 827//859 828//859 246//859
f 828//860 829//860 246//860
f 829//861 830//861 246//861
f 830//862 831//862 246//862
f 831//863 832//863 246//863
f 832//864 833//864 246//864
f 833//865 834//865 246//865
f 835//866 836//866 837//866
f 837//867 838//867 835//867
f 836//868 839//868 837//868
f 837//869 840//869 838//869
f 837//870 841//870 791//870
f 839//871 841//871 837//871
f 791//872 841//872 815//872
f 837//873 842//873 840//873
f 843//874 844//874 845//874
f 815//875 844//875 843//875
f 841//876 844//876 815//876
f 837//877 846//877 842//877
f 845//878 847//878 848//878
f 844//879 847//879 845//879
f 837//880 849//880 846//880
f 847//881 850//881 848//881
f 851//882 852//882 853//882
f 848//883 852//883 851//883
f 850//884 852//884 848//884
f 853//885 854//885 855//885
f 852//886 854//886 853//886
f 854//887 856//887 855//887
f 855//888 857//888 858//888
f 856//889 857//889 855//889
f 857//890 859//890 858//890
f 860//891 859//891 861//891
f 858//892 859//892 860//892
f 859//893 862//893 861//893
f 862//894 863//894 861//894
f 861//895 863//895 864//895
f 863//896 865//896 864//896
f 866//897 865//897 867//897
f 864//898 865//898 866//898
f 865//899 868//899 867//899
f 867//900 868//900 869//900
f 868//901 870//901 869//901
f 870//902 871//902 869//902
f 872//903 871//903 873//903
f 869//904 871//904 872//904
f 871//905 874//905 873//905
f 873//906 874//906 875//906
f 874//907 876//907 875//907
f 875//908 876//908 877//908
f 877//909 878//909 879//909
f 876//910 878//910 877//910
f 878//911 880//911 879//911
f 879//912 881//912 882//912
f 880//913 881//913 879//913
f 882//914 883//914 884//914
f 881//915 883//915 882//915
f 883//916 885//916 884//916
f 884//917 885//917 886//917
f 885//918 887//918 886//918
f 886//919 887//919 888//919
f 887//920 889//920 888//920
f 890//921 889//921 891//921
f 888//922 889//922 890//922
f 889//923 892//923 891//923
f 763//924 893//924 894//924
f 892//925 895//925 891//925
f 891//926 895//926 896//926
f 763//927 897//927 893//927
f 895//928 898//928 896//928
f 896//929 898//929 899//929
f 763//930 900//930 897//930
f 898//931 901//931 899//931
f 899//932 901//932 902//932
f 763//933 903//933 900//933
f 901//934 904//934 902//934
f 905//935 904//935 906//935
f 902//936 904//936 905//936
f 763//937 907//937 903//937
f 904//938 908//938 906//938
f 763//939 909//939 907//939
f 910//940 911//940 912//940
f 906//941 911//941 910//941
f 908//942 911//942 906//942
f 911//943 913//943 912//943
f 913//944 914//944 912//944
f 912//945 914//945 915//945
f 914//946 916//946 915//946
f 915//947 916//947 917//947
f 916//948 918//948 917//948
f 919//949 918//949 920//949
f 917//950 918//950 919//950
f 918//951 921//951 920//951
f 920//952 921//952 922//952
f 921//953 923//953 922//953
f 923//954 924//954 922//954
f 925//955 924//955 926//955
f 922//956 924//956 925//956
f 924//957 927//957 926//957
f 927//958 928//958 926//958
f 926//959 928//959 834//959
f 834//960 928//960 246//960
f 929//961 18//961 930//961
f 909//962 18//962 929//962
f 763//963 18//963 909//963
f 931//964 18//964 932//964
f 933//965 18//965 931//965
f 934//966 18//966 933//966
f 935//967 18//967 934//967
f 936//968 18//968 935//968
f 937//969 18//969 936//969
f 938//970 18//970 937//970
f 939//971 18//971 938//971
f 940//972 18//972 939//972
f 941//973 18//973 940//973
f 942//974 18//974 941//974
f 930//975 18//975 942//975
f 18//976 943//976 932//976
f 18//977 944//977 943//977
f 18//978 945//978 944//978
f 18//979 946//979 945//979
f 928//980 14//980 246//980
f 947//981 14//981 928//981
f 948//982 14//982 947//982
f 949//983 14//983 948//983
f 950//984 14//984 949//984
f 951//985 14//985 950//985
f 952//986 14//986 951//986
f 953//987 14//987 952//987
f 954//988 14//988 953//988
f 955//989 14//989 954//989
f 956//990 14//990 955//990
f 957//991 14//991 956//991
f 958//992 14//992 957//992
f 959//993 14//993 958//993
f 960//994 14//994 959//994
f 961//995 14//995 960//995
f 962//996 14//996 961//996
f 963//997 14//997 962//997
f 964//998 14//998 963//998
f 965//999 14//999 964//999
f 966//1000 14//1000 965//1000
f 967//1001 14//1001 966//1001
f 968//1002 14//1002 967//1002
f 969//1003 14//1003 968//1003
f 970//1004 14//1004 969//1004
f 971//1005 14//1005 970//1005
f 972//1006 14//1006 971//1006
f 973//1007 14//1007 972//1007
f 974//1008 14//1008 973//1008
f 975//1009 14//1009 974//1009
f 976//1010 14//1010 975//1010
f 977//1011 14//1011 976//1011
f 978//1012 14//1012 977//1012
f 979//1013 14//1013 978//1013
f 946//1014 14//1014 979//1014
f 18//1015 14//1015 946//1015
f 24//1016 601//1016 766//1016
f 601//1017 764//1017 766//1017
f 88//1018 275//1018 86//1018
f 86//1019 274//1019 89//1019
f 275//1020 274//1020 86//1020
f 89//1021 276//1021 90//1021
f 274//1022 276//1022 89//1022
f 90//1023 277//1023 91//1023
f 276//1024 277//1024 90//1024
f 91//1025 290//1025 92//1025
f 277//1026 290//1026 91//1026
f 92//1027 292//1027 93//1027
f 290//1028 292//1028 92//1028
f 93//1029 294//1029 94//1029
f 292//1030 294//1030 93//1030
f 94//1031 296//1031 95//1031
f 294//1032 296//1032 94//1032
f 296//1033 298//1033 95//1033
f 95//1034 327//1034 171//1034
f 171//1035 327//1035 170//1035
f 298//1036 327//1036 95//1036
f 170//1037 330//1037 168//1037
f 327//1038 330//1038 170//1038
f 168//1039 333//1039 165//1039
f 330//1040 333//1040 168//1040
f 333//1041 335//1041 165//1041
f 165//1042 337//1042 163//1042
f 163//1043 337//1043 161//1043
f 335//1044 337//1044 165//1044
f 161//1045 338//1045 160//1045
f 337//1046 338//1046 161//1046
f 338//1047 341//1047 160//1047
f 160//1048 343//1048 157//1048
f 157//1049 343//1049 155//1049
f 341//1050 343//1050 160//1050
f 343//1051 345//1051 155//1051
f 155//1052 347//1052 153//1052
f 345//1053 347//1053 155//1053
f 153//1054 349//1054 151//1054
f 347//1055 349//1055 153//1055
f 151//1056 351//1056 149//1056
f 349//1057 351//1057 151//1057
f 149//1058 353//1058 147//1058
f 351//1059 353//1059 149//1059
f 353//1060 355//1060 147//1060
f 147//1061 355//1061 146//1061
f 355//1062 357//1062 146//1062
f 146//1063 357//1063 144//1063
f 357//1064 359//1064 144//1064
f 144//1065 359//1065 141//1065
f 359//1066 361//1066 141//1066
f 141//1067 361//1067 139//1067
f 361//1068 363//1068 139//1068
f 139//1069 363//1069 136//1069
f 363//1070 365//1070 136//1070
f 136//1071 365//1071 134//1071
f 365//1072 367//1072 134//1072
f 134//1073 367//1073 128//1073
f 128//1074 367//1074 124//1074
f 367//1075 369//1075 124//1075
f 124//1076 369//1076 120//1076
f 369//1077 371//1077 120//1077
f 120//1078 373//1078 116//1078
f 371//1079 373//1079 120//1079
f 116//1080 375//1080 112//1080
f 112//1081 375//1081 110//1081
f 373//1082 375//1082 116//1082
f 375//1083 376//1083 110//1083
f 110//1084 383//1084 105//1084
f 105//1085 383//1085 103//1085
f 376//1086 383//1086 110//1086
f 383//1087 384//1087 103//1087
f 103//1088 389//1088 99//1088
f 99//1089 389//1089 98//1089
f 384//1090 389//1090 103//1090
f 98//1091 392//1091 101//1091
f 389//1092 392//1092 98//1092
f 392//1093 395//1093 101//1093
f 101//1094 397//1094 102//1094
f 102//1095 397//1095 109//1095
f 395//1096 397//1096 101//1096
f 397//1097 399//1097 109//1097
f 109//1098 401//1098 114//1098
f 399//1099 401//1099 109//1099
f 114//1100 403//1100 118//1100
f 401//1101 403//1101 114//1101
f 118//1102 405//1102 122//1102
f 403//1103 405//1103 118//1103
f 122//1104 407//1104 126//1104
f 126//1105 407//1105 129//1105
f 405//1106 407//1106 122//1106
f 407//1107 409//1107 129//1107
f 129//1108 411//1108 131//1108
f 131//1109 411//1109 68//1109
f 409//1110 411//1110 129//1110
f 411//1111 317//1111 68//1111
f 68//1112 317//1112 66//1112
f 317//1113 316//1113 66//1113
f 316//1114 315//1114 66//1114
f 66//1115 315//1115 64//1115
f 64//1116 315//1116 62//1116
f 315//1117 314//1117 62//1117
f 314//1118 313//1118 62//1118
f 62//1119 313//1119 60//1119
f 313//1120 312//1120 60//1120
f 60//1121 312//1121 54//1121
f 54//1122 312//1122 53//1122
f 312//1123 311//1123 53//1123
f 311//1124 310//1124 53//1124
f 53//1125 310//1125 52//1125
f 310//1126 309//1126 52//1126
f 52//1127 309//1127 51//1127
f 309//1128 308//1128 51//1128
f 51//1129 308//1129 49//1129
f 49//1130 308//1130 47//1130
f 308//1131 307//1131 47//1131
f 307//1132 306//1132 47//1132
f 47//1133 306//1133 45//1133
f 306//1134 305//1134 45//1134
f 45//1135 305//1135 43//1135
f 43//1136 305//1136 41//1136
f 305//1137 304//1137 41//1137
f 304//1138 303//1138 41//1138
f 41//1139 303//1139 39//1139
f 39//1140 303//1140 37//1140
f 303//1141 302//1141 37//1141
f 302//1142 301//1142 37//1142
f 37//1143 301//1143 35//1143
f 35//1144 301//1144 33//1144
f 301//1145 300//1145 33//1145
f 33//1146 299//1146 31//1146
f 300//1147 299//1147 33//1147
f 31//1148 297//1148 29//1148
f 299//1149 297//1149 31//1149
f 29//1150 295//1150 27//1150
f 27//1151 295//1151 25//1151
f 297//1152 295//1152 29//1152
f 295//1153 293//1153 25//1153
f 25//1154 291//1154 26//1154
f 26//1155 291//1155 28//1155
f 293//1156 291//1156 25//1156
f 28//1157 289//1157 30//1157
f 291//1158 289//1158 28//1158
f 289//1159 279//1159 30//1159
f 279//1160 280//1160 30//1160
f 30//1161 280//1161 32//1161
f 280//1162 281//1162 32//1162
f 32//1163 281//1163 34//1163
f 281//1164 282//1164 34//1164
f 34//1165 282//1165 36//1165
f 282//1166 283//1166 36//1166
f 36//1167 283//1167 38//1167
f 283//1168 284//1168 38//1168
f 38//1169 284//1169 40//1169
f 284//1170 285//1170 40//1170
f 40//1171 285//1171 42//1171
f 285//1172 286//1172 42//1172
f 42//1173 286//1173 44//1173
f 44//1174 286//1174 46//1174
f 286//1175 287//1175 46//1175
f 287//1176 288//1176 46//1176
f 46//1177 288//1177 48//1177
f 48//1178 288//1178 50//1178
f 288//1179 272//1179 50//1179
f 272//1180 271//1180 50//1180
f 50//1181 271//1181 56//1181
f 271//1182 270//1182 56//1182
f 56//1183 270//1183 57//1183
f 270//1184 269//1184 57//1184
f 57//1185 269//1185 58//1185
f 269//1186 268//1186 58//1186
f 58//1187 268//1187 59//1187
f 268//1188 267//1188 59//1188
f 59//1189 267//1189 61//1189
f 267//1190 266//1190 61//1190
f 61//1191 266//1191 63//1191
f 266//1192 265//1192 63//1192
f 63//1193 265//1193 65//1193
f 65//1194 265//1194 67//1194
f 265//1195 264//1195 67//1195
f 67//1196 264//1196 69//1196
f 264//1197 263//1197 69//1197
f 263//1198 262//1198 69//1198
f 69//1199 262//1199 70//1199
f 262//1200 261//1200 70//1200
f 70//1201 261//1201 71//1201
f 261//1202 260//1202 71//1202
f 71//1203 260//1203 72//1203
f 260//1204 259//1204 72//1204
f 72//1205 259//1205 73//1205
f 259//1206 257//1206 73//1206
f 73//1207 257//1207 74//1207
f 74//1208 255//1208 75//1208
f 257//1209 255//1209 74//1209
f 75//1210 253//1210 76//1210
f 255//1211 253//1211 75//1211
f 253//1212 251//1212 76//1212
f 76//1213 251//1213 77//1213
f 77//1214 248//1214 78//1214
f 251//1215 248//1215 77//1215
f 78//1216 249//1216 79//1216
f 248//1217 249//1217 78//1217
f 79//1218 250//1218 81//1218
f 249//1219 250//1219 79//1219
f 81//1220 252//1220 82//1220
f 250//1221 252//1221 81//1221
f 82//1222 254//1222 83//1222
f 252//1223 254//1223 82//1223
f 83//1224 256//1224 84//1224
f 254//1225 256//1225 83//1225
f 256//1226 258//1226 84//1226
f 84//1227 258//1227 85//1227
f 258//1228 247//1228 80//1228
f 258//1229 80//1229 85//1229
f 273//1230 87//1230 80//1230
f 247//1231 273//1231 80//1231
f 273//1232 275//1232 88//1232
f 273//1233 88//1233 87//1233
f 379//1234 378//1234 219//1234
f 219//1235 378//1235 217//1235
f 217//1236 381//1236 220//1236
f 378//1237 381//1237 217//1237
f 220//1238 385//1238 221//1238
f 381//1239 385//1239 220//1239
f 221//1240 387//1240 222//1240
f 222//1241 387//1241 223//1241
f 385//1242 387//1242 221//1242
f 223//1243 390//1243 224//1243
f 387//1244 390//1244 223//1244
f 390//1245 393//1245 224//1245
f 224//1246 413//1246 225//1246
f 225//1247 413//1247 226//1247
f 393//1248 413//1248 224//1248
f 413//1249 414//1249 226//1249
f 226//1250 415//1250 227//1250
f 414//1251 415//1251 226//1251
f 227//1252 416//1252 228//1252
f 415//1253 416//1253 227//1253
f 228//1254 417//1254 229//1254
f 416//1255 417//1255 228//1255
f 229//1256 418//1256 230//1256
f 417//1257 418//1257 229//1257
f 230//1258 419//1258 231//1258
f 231//1259 419//1259 232//1259
f 418//1260 419//1260 230//1260
f 232//1261 420//1261 233//1261
f 419//1262 420//1262 232//1262
f 420//1263 421//1263 233//1263
f 233//1264 422//1264 234//1264
f 421//1265 422//1265 233//1265
f 234//1266 423//1266 235//1266
f 422//1267 423//1267 234//1267
f 235//1268 424//1268 236//1268
f 423//1269 424//1269 235//1269
f 236//1270 425//1270 237//1270
f 424//1271 425//1271 236//1271
f 237//1272 426//1272 238//1272
f 425//1273 426//1273 237//1273
f 238//1274 427//1274 239//1274
f 426//1275 427//1275 238//1275
f 427//1276 428//1276 239//1276
f 239//1277 428//1277 240//1277
f 428//1278 429//1278 240//1278
f 240//1279 429//1279 241//1279
f 429//1280 430//1280 241//1280
f 241//1281 430//1281 216//1281
f 216//1282 430//1282 215//1282
f 430//1283 431//1283 215//1283
f 431//1284 432//1284 215//1284
f 215//1285 432//1285 214//1285
f 432//1286 433//1286 214//1286
f 214//1287 433//1287 213//1287
f 433//1288 434//1288 213//1288
f 213//1289 434//1289 203//1289
f 203//1290 434//1290 202//1290
f 434//1291 435//1291 202//1291
f 435//1292 436//1292 202//1292
f 202//1293 436//1293 201//1293
f 201//1294 437//1294 200//1294
f 436//1295 437//1295 201//1295
f 200//1296 437//1296 199//1296
f 199//1297 438//1297 198//1297
f 437//1298 438//1298 199//1298
f 438//1299 439//1299 198//1299
f 198//1300 440//1300 197//1300
f 197//1301 440//1301 175//1301
f 439//1302 440//1302 198//1302
f 440//1303 441//1303 175//1303
f 175//1304 442//1304 174//1304
f 174//1305 442//1305 176//1305
f 441//1306 442//1306 175//1306
f 442//1307 443//1307 176//1307
f 176//1308 444//1308 177//1308
f 443//1309 444//1309 176//1309
f 177//1310 445//1310 178//1310
f 444//1311 445//1311 177//1311
f 178//1312 446//1312 179//1312
f 179//1313 446//1313 180//1313
f 445//1314 446//1314 178//1314
f 446//1315 447//1315 180//1315
f 180//1316 448//1316 181//1316
f 447//1317 448//1317 180//1317
f 181//1318 449//1318 182//1318
f 448//1319 449//1319 181//1319
f 182//1320 450//1320 183//1320
f 449//1321 450//1321 182//1321
f 183//1322 451//1322 184//1322
f 450//1323 451//1323 183//1323
f 184//1324 452//1324 185//1324
f 185//1325 452//1325 186//1325
f 451//1326 452//1326 184//1326
f 452//1327 453//1327 186//1327
f 186//1328 453//1328 187//1328
f 453//1329 454//1329 187//1329
f 454//1330 455//1330 187//1330
f 187//1331 455//1331 188//1331
f 188//1332 455//1332 189//1332
f 455//1333 456//1333 189//1333
f 456//1334 457//1334 189//1334
f 189//1335 457//1335 190//1335
f 190//1336 457//1336 191//1336
f 457//1337 458//1337 191//1337
f 458//1338 459//1338 191//1338
f 191//1339 459//1339 192//1339
f 192//1340 459//1340 193//1340
f 459//1341 460//1341 193//1341
f 193//1342 460//1342 194//1342
f 460//1343 461//1343 194//1343
f 461//1344 462//1344 194//1344
f 194//1345 462//1345 195//1345
f 195//1346 462//1346 196//1346
f 462//1347 463//1347 196//1347
f 463//1348 412//1348 196//1348
f 196//1349 412//1349 137//1349
f 412//1350 410//1350 137//1350
f 137//1351 410//1351 133//1351
f 133//1352 410//1352 130//1352
f 410//1353 408//1353 130//1353
f 130//1354 408//1354 125//1354
f 408//1355 406//1355 125//1355
f 406//1356 404//1356 125//1356
f 125//1357 404//1357 121//1357
f 404//1358 402//1358 121//1358
f 121//1359 402//1359 117//1359
f 402//1360 400//1360 117//1360
f 117//1361 400//1361 113//1361
f 113//1362 400//1362 108//1362
f 400//1363 398//1363 108//1363
f 108//1364 396//1364 106//1364
f 106//1365 396//1365 100//1365
f 398//1366 396//1366 108//1366
f 396//1367 394//1367 100//1367
f 100//1368 391//1368 96//1368
f 96//1369 391//1369 97//1369
f 394//1370 391//1370 100//1370
f 391//1371 388//1371 97//1371
f 97//1372 386//1372 104//1372
f 104//1373 386//1373 107//1373
f 388//1374 386//1374 97//1374
f 386//1375 382//1375 107//1375
f 382//1376 380//1376 107//1376
f 107//1377 380//1377 111//1377
f 380//1378 374//1378 111//1378
f 111//1379 374//1379 115//1379
f 374//1380 372//1380 115//1380
f 115//1381 372//1381 119//1381
f 372//1382 370//1382 119//1382
f 119//1383 370//1383 123//1383
f 370//1384 368//1384 123//1384
f 123//1385 368//1385 127//1385
f 368//1386 366//1386 127//1386
f 127//1387 366//1387 132//1387
f 132//1388 366//1388 135//1388
f 366//1389 364//1389 135//1389
f 364//1390 362//1390 135//1390
f 135//1391 362//1391 138//1391
f 362//1392 360//1392 138//1392
f 138//1393 360//1393 140//1393
f 140//1394 360//1394 142//1394
f 360//1395 358//1395 142//1395
f 358//1396 356//1396 142//1396
f 142//1397 356//1397 143//1397
f 356//1398 354//1398 143//1398
f 143//1399 354//1399 145//1399
f 354//1400 352//1400 145//1400
f 145//1401 352//1401 148//1401
f 352//1402 350//1402 148//1402
f 148//1403 350//1403 150//1403
f 350//1404 348//1404 150//1404
f 150//1405 348//1405 152//1405
f 348//1406 346//1406 152//1406
f 152//1407 346//1407 154//1407
f 346//1408 344//1408 154//1408
f 154//1409 344//1409 156//1409
f 156//1410 344//1410 158//1410
f 344//1411 342//1411 158//1411
f 158//1412 342//1412 159//1412
f 342//1413 340//1413 159//1413
f 340//1414 339//1414 159//1414
f 159//1415 339//1415 162//1415
f 339//1416 336//1416 162//1416
f 162//1417 336//1417 164//1417
f 336//1418 334//1418 164//1418
f 164//1419 334//1419 166//1419
f 334//1420 332//1420 166//1420
f 166//1421 332//1421 167//1421
f 332//1422 329//1422 167//1422
f 167//1423 329//1423 169//1423
f 169//1424 326//1424 172//1424
f 329//1425 326//1425 169//1425
f 172//1426 324//1426 173//1426
f 326//1427 324//1427 172//1427
f 324//1428 322//1428 173//1428
f 173//1429 322//1429 204//1429
f 204//1430 319//1430 206//1430
f 322//1431 319//1431 204//1431
f 206//1432 318//1432 207//1432
f 319//1433 318//1433 206//1433
f 207//1434 321//1434 208//1434
f 318//1435 321//1435 207//1435
f 208//1436 323//1436 209//1436
f 321//1437 323//1437 208//1437
f 209//1438 325//1438 210//1438
f 323//1439 325//1439 209//1439
f 210//1440 328//1440 211//1440
f 325//1441 328//1441 210//1441
f 328//1442 331//1442 211//1442
f 211//1443 331//1443 212//1443
f 331//1444 320//1444 212//1444
f 212//1445 320//1445 205//1445
f 320//1446 377//1446 205//1446
f 205//1447 377//1447 218//1447
f 377//1448 379//1448 218//1448
f 218//1449 379//1449 219//1449
f 245//1450 244//1450 243//1450
f 244//1451 242//1451 243//1451
f 524//1452 526//1452 980//1452
f 980//1453 526//1453 981//1453
f 526//1454 527//1454 981//1454
f 981//1455 527//1455 982//1455
f 527//1456 528//1456 982//1456
f 982//1457 528//1457 983//1457
f 528//1458 529//1458 983//1458
f 983//1459 529//1459 984//1459
f 529//1460 530//1460 984//1460
f 984//1461 530//1461 985//1461
f 985//1462 530//1462 986//1462
f 986//1463 531//1463 987//1463
f 530//1464 531//1464 986//1464
f 987//1465 546//1465 988//1465
f 531//1466 546//1466 987//1466
f 546//1467 495//1467 988//1467
f 988//1468 494//1468 989//1468
f 495//1469 494//1469 988//1469
f 494//1470 492//1470 989//1470
f 989//1471 492//1471 990//1471
f 492//1472 490//1472 990//1472
f 990//1473 490//1473 991//1473
f 991//1474 490//1474 992//1474
f 490//1475 488//1475 992//1475
f 488//1476 486//1476 992//1476
f 992//1477 486//1477 993//1477
f 993//1478 486//1478 994//1478
f 486//1479 484//1479 994//1479
f 484//1480 482//1480 994//1480
f 994//1481 482//1481 995//1481
f 995//1482 482//1482 996//1482
f 482//1483 480//1483 996//1483
f 480//1484 478//1484 996//1484
f 996//1485 478//1485 997//1485
f 478//1486 476//1486 997//1486
f 997//1487 476//1487 998//1487
f 998//1488 474//1488 999//1488
f 476//1489 474//1489 998//1489
f 999//1490 472//1490 1000//1490
f 1000//1491 472//1491 1001//1491
f 474//1492 472//1492 999//1492
f 472//1493 470//1493 1001//1493
f 1001//1494 468//1494 1002//1494
f 470//1495 468//1495 1001//1495
f 1002//1496 466//1496 1003//1496
f 468//1497 466//1497 1002//1497
f 1003//1498 465//1498 1004//1498
f 1004//1499 465//1499 1005//1499
f 466//1500 465//1500 1003//1500
f 465//1501 467//1501 1005//1501
f 1005//1502 469//1502 1006//1502
f 467//1503 469//1503 1005//1503
f 1006//1504 471//1504 1007//1504
f 1007//1505 471//1505 1008//1505
f 469//1506 471//1506 1006//1506
f 1008//1507 473//1507 1009//1507
f 471//1508 473//1508 1008//1508
f 473//1509 475//1509 1009//1509
f 1009//1510 477//1510 1010//1510
f 1010//1511 477//1511 1011//1511
f 475//1512 477//1512 1009//1512
f 1011//1513 479//1513 1012//1513
f 477//1514 479//1514 1011//1514
f 479//1515 481//1515 1012//1515
f 1012//1516 483//1516 1013//1516
f 1013//1517 483//1517 1014//1517
f 481//1518 483//1518 1012//1518
f 483//1519 485//1519 1014//1519
f 485//1520 487//1520 1014//1520
f 1014//1521 487//1521 1015//1521
f 487//1522 489//1522 1015//1522
f 1015//1523 489//1523 1016//1523
f 489//1524 491//1524 1016//1524
f 1016//1525 491//1525 1017//1525
f 1017//1526 491//1526 1018//1526
f 491//1527 493//1527 1018//1527
f 1018//1528 545//1528 1019//1528
f 493//1529 545//1529 1018//1529
f 1019//1530 464//1530 1020//1530
f 1020//1531 464//1531 1021//1531
f 545//1532 464//1532 1019//1532
f 464//1533 544//1533 1021//1533
f 1021//1534 496//1534 1022//1534
f 544//1535 496//1535 1021//1535
f 1022//1536 497//1536 1023//1536
f 496//1537 497//1537 1022//1537
f 1023//1538 498//1538 1024//1538
f 1024//1539 498//1539 1025//1539
f 497//1540 498//1540 1023//1540
f 498//1541 499//1541 1025//1541
f 1025//1542 500//1542 1026//1542
f 499//1543 500//1543 1025//1543
f 1026//1544 501//1544 1027//1544
f 500//1545 501//1545 1026//1545
f 1027//1546 502//1546 1028//1546
f 501//1547 502//1547 1027//1547
f 1028//1548 503//1548 1029//1548
f 502//1549 503//1549 1028//1549
f 1029//1550 504//1550 1030//1550
f 503//1551 504//1551 1029//1551
f 1030//1552 505//1552 1031//1552
f 504//1553 505//1553 1030//1553
f 1031//1554 506//1554 1032//1554
f 505//1555 506//1555 1031//1555
f 1032//1556 507//1556 1033//1556
f 506//1557 507//1557 1032//1557
f 1033//1558 508//1558 1034//1558
f 507//1559 508//1559 1033//1559
f 1034//1560 509//1560 1035//1560
f 508//1561 509//1561 1034//1561
f 1035//1562 510//1562 1036//1562
f 1036//1563 510//1563 1037//1563
f 509//1564 510//1564 1035//1564
f 510//1565 511//1565 1037//1565
f 1037//1566 512//1566 1038//1566
f 511//1567 512//1567 1037//1567
f 1038//1568 513//1568 1039//1568
f 512//1569 513//1569 1038//1569
f 513//1570 514//1570 1039//1570
f 1039//1571 514//1571 1040//1571
f 1040//1572 514//1572 1041//1572
f 514//1573 515//1573 1041//1573
f 515//1574 516//1574 1041//1574
f 1041//1575 516//1575 1042//1575
f 516//1576 517//1576 1042//1576
f 1042//1577 517//1577 1043//1577
f 517//1578 518//1578 1043//1578
f 1043//1579 518//1579 1044//1579
f 518//1580 519//1580 1044//1580
f 1044//1581 519//1581 1045//1581
f 519//1582 520//1582 1045//1582
f 1045//1583 520//1583 1046//1583
f 520//1584 521//1584 1046//1584
f 1046//1585 521//1585 1047//1585
f 521//1586 522//1586 1047//1586
f 1047//1587 522//1587 1048//1587
f 522//1588 523//1588 1048//1588
f 1048//1589 523//1589 1049//1589
f 1049//1590 523//1590 1050//1590
f 523//1591 535//1591 1050//1591
f 535//1592 534//1592 1050//1592
f 1050//1593 534//1593 1051//1593
f 534//1594 533//1594 1051//1594
f 1051//1595 533//1595 1052//1595
f 1052//1596 533//1596 1053//1596
f 533//1597 536//1597 1053//1597
f 1053//1598 537//1598 1054//1598
f 1054//1599 537//1599 1055//1599
f 536//1600 537//1600 1053//1600
f 537//1601 538//1601 1055//1601
f 1055//1602 539//1602 1056//1602
f 538//1603 539//1603 1055//1603
f 1056//1604 540//1604 1057//1604
f 539//1605 540//1605 1056//1605
f 1057//1606 541//1606 1058//1606
f 1058//1607 541//1607 1059//1607
f 540//1608 541//1608 1057//1608
f 541//1609 542//1609 1059//1609
f 1059//1610 543//1610 1060//1610
f 542//1611 543//1611 1059//1611
f 525//1612 980//1612 1061//1612
f 525//1613 524//1613 980//1613
f 532//1614 525//1614 1062//1614
f 1062//1615 525//1615 1061//1615
f 543//1616 1062//1616 1060//1616
f 543//1617 532//1617 1062//1617
f 745//1618 739//1618 763//1618
f 745//1619 763//1619 894//1619
f 725//1620 727//1620 849//1620
f 849//1621 727//1621 846//1621
f 846//1622 728//1622 842//1622
f 727//1623 728//1623 846//1623
f 842//1624 729//1624 840//1624
f 728//1625 729//1625 842//1625
f 840//1626 730//1626 838//1626
f 729//1627 730//1627 840//1627
f 838//1628 731//1628 835//1628
f 730//1629 731//1629 838//1629
f 835//1630 732//1630 836//1630
f 731//1631 732//1631 835//1631
f 836//1632 733//1632 839//1632
f 732//1633 733//1633 836//1633
f 839//1634 694//1634 841//1634
f 733//1635 694//1635 839//1635
f 841//1636 692//1636 844//1636
f 694//1637 692//1637 841//1637
f 844//1638 690//1638 847//1638
f 692//1639 690//1639 844//1639
f 847//1640 688//1640 850//1640
f 690//1641 688//1641 847//1641
f 850//1642 686//1642 852//1642
f 688//1643 686//1643 850//1643
f 852//1644 684//1644 854//1644
f 686//1645 684//1645 852//1645
f 854//1646 682//1646 856//1646
f 684//1647 682//1647 854//1647
f 856//1648 680//1648 857//1648
f 682//1649 680//1649 856//1649
f 857//1650 678//1650 859//1650
f 680//1651 678//1651 857//1651
f 859//1652 676//1652 862//1652
f 678//1653 676//1653 859//1653
f 862//1654 674//1654 863//1654
f 676//1655 674//1655 862//1655
f 863//1656 672//1656 865//1656
f 674//1657 672//1657 863//1657
f 865//1658 670//1658 868//1658
f 672//1659 670//1659 865//1659
f 868//1660 668//1660 870//1660
f 670//1661 668//1661 868//1661
f 668//1662 666//1662 870//1662
f 870//1663 666//1663 871//1663
f 666//1664 664//1664 871//1664
f 871//1665 664//1665 874//1665
f 664//1666 662//1666 874//1666
f 874//1667 662//1667 876//1667
f 662//1668 660//1668 876//1668
f 876//1669 660//1669 878//1669
f 660//1670 658//1670 878//1670
f 878//1671 658//1671 880//1671
f 658//1672 655//1672 880//1672
f 880//1673 655//1673 881//1673
f 655//1674 652//1674 881//1674
f 881//1675 652//1675 883//1675
f 883//1676 652//1676 885//1676
f 652//1677 648//1677 885//1677
f 648//1678 644//1678 885//1678
f 885//1679 644//1679 887//1679
f 887//1680 639//1680 889//1680
f 644//1681 639//1681 887//1681
f 889//1682 639//1682 892//1682
f 639//1683 636//1683 892//1683
f 892//1684 631//1684 895//1684
f 636//1685 631//1685 892//1685
f 895//1686 627//1686 898//1686
f 631//1687 627//1687 895//1687
f 898//1688 624//1688 901//1688
f 627//1689 624//1689 898//1689
f 901//1690 620//1690 904//1690
f 624//1691 620//1691 901//1691
f 904//1692 618//1692 908//1692
f 620//1693 618//1693 904//1693
f 908//1694 623//1694 911//1694
f 618//1695 623//1695 908//1695
f 911//1696 626//1696 913//1696
f 913//1697 626//1697 914//1697
f 623//1698 626//1698 911//1698
f 626//1699 629//1699 914//1699
f 914//1700 633//1700 916//1700
f 629//1701 633//1701 914//1701
f 916//1702 638//1702 918//1702
f 633//1703 638//1703 916//1703
f 918//1704 641//1704 921//1704
f 638//1705 641//1705 918//1705
f 921//1706 646//1706 923//1706
f 641//1707 646//1707 921//1707
f 923//1708 651//1708 924//1708
f 924//1709 651//1709 927//1709
f 646//1710 651//1710 923//1710
f 651//1711 654//1711 927//1711
f 927//1712 657//1712 928//1712
f 654//1713 657//1713 927//1713
f 657//1714 695//1714 928//1714
f 928//1715 695//1715 947//1715
f 695//1716 696//1716 947//1716
f 947//1717 696//1717 948//1717
f 696//1718 697//1718 948//1718
f 948//1719 697//1719 949//1719
f 697//1720 698//1720 949//1720
f 949//1721 698//1721 950//1721
f 698//1722 699//1722 950//1722
f 950//1723 699//1723 951//1723
f 951//1724 699//1724 952//1724
f 699//1725 700//1725 952//1725
f 952//1726 700//1726 953//1726
f 700//1727 701//1727 953//1727
f 701//1728 702//1728 953//1728
f 953//1729 702//1729 954//1729
f 702//1730 703//1730 954//1730
f 954//1731 703//1731 955//1731
f 955//1732 703//1732 956//1732
f 703//1733 704//1733 956//1733
f 704//1734 705//1734 956//1734
f 956//1735 705//1735 957//1735
f 957//1736 705//1736 958//1736
f 705//1737 706//1737 958//1737
f 706//1738 707//1738 958//1738
f 958//1739 707//1739 959//1739
f 959//1740 707//1740 960//1740
f 707//1741 708//1741 960//1741
f 708//1742 709//1742 960//1742
f 960//1743 709//1743 961//1743
f 709//1744 710//1744 961//1744
f 961//1745 710//1745 962//1745
f 962//1746 710//1746 963//1746
f 963//1747 711//1747 964//1747
f 710//1748 711//1748 963//1748
f 964//1749 712//1749 965//1749
f 711//1750 712//1750 964//1750
f 712//1751 713//1751 965//1751
f 965//1752 714//1752 966//1752
f 966//1753 714//1753 967//1753
f 713//1754 714//1754 965//1754
f 714//1755 715//1755 967//1755
f 967//1756 716//1756 968//1756
f 968//1757 716//1757 969//1757
f 715//1758 716//1758 967//1758
f 716//1759 717//1759 969//1759
f 969//1760 718//1760 970//1760
f 970//1761 718//1761 971//1761
f 717//1762 718//1762 969//1762
f 718//1763 719//1763 971//1763
f 971//1764 719//1764 972//1764
f 719//1765 720//1765 972//1765
f 720//1766 721//1766 972//1766
f 972//1767 721//1767 973//1767
f 973//1768 721//1768 974//1768
f 721//1769 722//1769 974//1769
f 722//1770 723//1770 974//1770
f 974//1771 723//1771 975//1771
f 975//1772 723//1772 976//1772
f 723//1773 724//1773 976//1773
f 724//1774 734//1774 976//1774
f 976//1775 734//1775 977//1775
f 734//1776 735//1776 977//1776
f 977//1777 735//1777 978//1777
f 735//1778 736//1778 978//1778
f 978//1779 736//1779 979//1779
f 979//1780 736//1780 946//1780
f 736//1781 737//1781 946//1781
f 737//1782 757//1782 946//1782
f 946//1783 757//1783 945//1783
f 757//1784 758//1784 945//1784
f 945//1785 758//1785 944//1785
f 758//1786 759//1786 944//1786
f 944//1787 759//1787 943//1787
f 759//1788 760//1788 943//1788
f 943//1789 760//1789 932//1789
f 760//1790 761//1790 932//1790
f 932//1791 761//1791 931//1791
f 761//1792 762//1792 931//1792
f 931//1793 762//1793 933//1793
f 762//1794 746//1794 933//1794
f 933//1795 746//1795 934//1795
f 746//1796 747//1796 934//1796
f 934//1797 747//1797 935//1797
f 747//1798 748//1798 935//1798
f 935//1799 748//1799 936//1799
f 748//1800 749//1800 936//1800
f 936//1801 749//1801 937//1801
f 749//1802 750//1802 937//1802
f 937//1803 750//1803 938//1803
f 750//1804 751//1804 938//1804
f 938//1805 751//1805 939//1805
f 751//1806 752//1806 939//1806
f 939//1807 752//1807 940//1807
f 752//1808 753//1808 940//1808
f 940//1809 753//1809 941//1809
f 941//1810 754//1810 942//1810
f 753//1811 754//1811 941//1811
f 942//1812 755//1812 930//1812
f 754//1813 755//1813 942//1813
f 755//1814 756//1814 930//1814
f 930//1815 756//1815 929//1815
f 929//1816 738//1816 909//1816
f 756//1817 738//1817 929//1817
f 909//1818 740//1818 907//1818
f 738//1819 740//1819 909//1819
f 907//1820 741//1820 903//1820
f 740//1821 741//1821 907//1821
f 903//1822 742//1822 900//1822
f 741//1823 742//1823 903//1823
f 900//1824 743//1824 897//1824
f 742//1825 743//1825 900//1825
f 897//1826 744//1826 893//1826
f 743//1827 744//1827 897//1827
f 744//1828 745//1828 893//1828
f 893//1829 745//1829 894//1829
f 726//1830 725//1830 849//1830
f 726//1831 849//1831 837//1831
f 726//1832 837//1832 608//1832
f 608//1833 837//1833 791//1833
f 616//1834 608//1834 793//1834
f 793//1835 608//1835 791//1835
f 776//1836 600//1836 774//1836
f 774//1837 602//1837 772//1837
f 600//1838 602//1838 774//1838
f 772//1839 603//1839 770//1839
f 602//1840 603//1840 772//1840
f 770//1841 604//1841 768//1841
f 603//1842 604//1842 770//1842
f 768//1843 605//1843 767//1843
f 604//1844 605//1844 768//1844
f 767//1845 606//1845 765//1845
f 605//1846 606//1846 767//1846
f 765//1847 599//1847 769//1847
f 606//1848 599//1848 765//1848
f 769//1849 598//1849 771//1849
f 599//1850 598//1850 769//1850
f 771//1851 597//1851 773//1851
f 598//1852 597//1852 771//1852
f 773//1853 596//1853 775//1853
f 597//1854 596//1854 773//1854
f 775//1855 595//1855 777//1855
f 596//1856 595//1856 775//1856
f 777//1857 594//1857 778//1857
f 595//1858 594//1858 777//1858
f 778//1859 593//1859 779//1859
f 594//1860 593//1860 778//1860
f 593//1861 592//1861 779//1861
f 779//1862 591//1862 780//1862
f 780//1863 591//1863 781//1863
f 592//1864 591//1864 779//1864
f 781//1865 590//1865 782//1865
f 591//1866 590//1866 781//1866
f 782//1867 588//1867 783//1867
f 590//1868 588//1868 782//1868
f 588//1869 586//1869 783//1869
f 783//1870 584//1870 784//1870
f 586//1871 584//1871 783//1871
f 784//1872 582//1872 785//1872
f 584//1873 582//1873 784//1873
f 785//1874 580//1874 786//1874
f 582//1875 580//1875 785//1875
f 786//1876 576//1876 787//1876
f 787//1877 576//1877 788//1877
f 580//1878 576//1878 786//1878
f 576//1879 577//1879 788//1879
f 788//1880 577//1880 789//1880
f 577//1881 578//1881 789//1881
f 789//1882 578//1882 790//1882
f 578//1883 572//1883 790//1883
f 790//1884 572//1884 796//1884
f 572//1885 570//1885 796//1885
f 796//1886 570//1886 797//1886
f 570//1887 568//1887 797//1887
f 568//1888 566//1888 797//1888
f 797//1889 566//1889 798//1889
f 798//1890 566//1890 799//1890
f 566//1891 564//1891 799//1891
f 564//1892 562//1892 799//1892
f 799//1893 562//1893 800//1893
f 562//1894 560//1894 800//1894
f 800//1895 560//1895 801//1895
f 801//1896 558//1896 802//1896
f 560//1897 558//1897 801//1897
f 802//1898 556//1898 803//1898
f 558//1899 556//1899 802//1899
f 803//1900 554//1900 804//1900
f 804//1901 554//1901 805//1901
f 556//1902 554//1902 803//1902
f 554//1903 552//1903 805//1903
f 805//1904 550//1904 806//1904
f 806//1905 550//1905 808//1905
f 552//1906 550//1906 805//1906
f 550//1907 548//1907 808//1907
f 808//1908 547//1908 810//1908
f 810//1909 547//1909 812//1909
f 548//1910 547//1910 808//1910
f 812//1911 549//1911 814//1911
f 547//1912 549//1912 812//1912
f 549//1913 551//1913 814//1913
f 814//1914 553//1914 816//1914
f 551//1915 553//1915 814//1915
f 816//1916 555//1916 817//1916
f 553//1917 555//1917 816//1917
f 817//1918 557//1918 818//1918
f 818//1919 557//1919 819//1919
f 555//1920 557//1920 817//1920
f 819//1921 559//1921 820//1921
f 557//1922 559//1922 819//1922
f 820//1923 561//1923 821//1923
f 559//1924 561//1924 820//1924
f 561//1925 563//1925 821//1925
f 821//1926 565//1926 822//1926
f 563//1927 565//1927 821//1927
f 822//1928 567//1928 823//1928
f 565//1929 567//1929 822//1929
f 567//1930 569//1930 823//1930
f 823//1931 569//1931 824//1931
f 569//1932 571//1932 824//1932
f 824//1933 571//1933 825//1933
f 571//1934 573//1934 825//1934
f 825//1935 573//1935 826//1935
f 826//1936 573//1936 827//1936
f 573//1937 574//1937 827//1937
f 827//1938 574//1938 828//1938
f 574//1939 575//1939 828//1939
f 575//1940 579//1940 828//1940
f 828//1941 579//1941 829//1941
f 829//1942 579//1942 830//1942
f 579//1943 581//1943 830//1943
f 581//1944 583//1944 830//1944
f 830//1945 583//1945 831//1945
f 583//1946 585//1946 831//1946
f 831//1947 585//1947 832//1947
f 585//1948 587//1948 832//1948
f 832//1949 587//1949 833//1949
f 587//1950 589//1950 833//1950
f 833//1951 589//1951 834//1951
f 834//1952 589//1952 926//1952
f 589//1953 650//1953 926//1953
f 926//1954 650//1954 925//1954
f 650//1955 647//1955 925//1955
f 647//1956 642//1956 925//1956
f 925//1957 642//1957 922//1957
f 922//1958 642//1958 920//1958
f 642//1959 643//1959 920//1959
f 920//1960 643//1960 919//1960
f 643//1961 634//1961 919//1961
f 634//1962 635//1962 919//1962
f 919//1963 635//1963 917//1963
f 917//1964 630//1964 915//1964
f 635//1965 630//1965 917//1965
f 915//1966 622//1966 912//1966
f 912//1967 622//1967 910//1967
f 630//1968 622//1968 915//1968
f 622//1969 617//1969 910//1969
f 910//1970 619//1970 906//1970
f 906//1971 619//1971 905//1971
f 617//1972 619//1972 910//1972
f 619//1973 621//1973 905//1973
f 905//1974 625//1974 902//1974
f 902//1975 625//1975 899//1975
f 621//1976 625//1976 905//1976
f 625//1977 628//1977 899//1977
f 628//1978 632//1978 899//1978
f 899//1979 632//1979 896//1979
f 632//1980 637//1980 896//1980
f 896//1981 637//1981 891//1981
f 637//1982 640//1982 891//1982
f 891//1983 640//1983 890//1983
f 640//1984 645//1984 890//1984
f 890//1985 645//1985 888//1985
f 888//1986 645//1986 886//1986
f 645//1987 649//1987 886//1987
f 649//1988 653//1988 886//1988
f 886//1989 653//1989 884//1989
f 653//1990 656//1990 884//1990
f 884//1991 656//1991 882//1991
f 882//1992 656//1992 879//1992
f 656//1993 659//1993 879//1993
f 659//1994 661//1994 879//1994
f 879//1995 661//1995 877//1995
f 661//1996 663//1996 877//1996
f 877//1997 663//1997 875//1997
f 663//1998 665//1998 875//1998
f 875//1999 665//1999 873//1999
f 665//2000 667//2000 873//2000
f 873//2001 667//2001 872//2001
f 667//2002 669//2002 872//2002
f 872//2003 669//2003 869//2003
f 669//2004 671//2004 869//2004
f 869//2005 671//2005 867//2005
f 671//2006 673//2006 867//2006
f 867//2007 673//2007 866//2007
f 673//2008 675//2008 866//2008
f 866//2009 675//2009 864//2009
f 675//2010 677//2010 864//2010
f 864//2011 677//2011 861//2011
f 861//2012 677//2012 860//2012
f 677//2013 679//2013 860//2013
f 679//2014 681//2014 860//2014
f 860//2015 681//2015 858//2015
f 858//2016 681//2016 855//2016
f 681//2017 683//2017 855//2017
f 683//2018 685//2018 855//2018
f 855//2019 685//2019 853//2019
f 685//2020 687//2020 853//2020
f 853//2021 687//2021 851//2021
f 851//2022 687//2022 848//2022
f 687//2023 689//2023 848//2023
f 689//2024 691//2024 848//2024
f 848//2025 691//2025 845//2025
f 845//2026 693//2026 843//2026
f 691//2027 693//2027 845//2027
f 843//2028 607//2028 815//2028
f 693//2029 607//2029 843//2029
f 607//2030 609//2030 815//2030
f 815//2031 609//2031 813//2031
f 813//2032 610//2032 811//2032
f 811//2033 610//2033 809//2033
f 609//2034 610//2034 813//2034
f 809//2035 611//2035 807//2035
f 610//2036 611//2036 809//2036
f 611//2037 612//2037 807//2037
f 807//2038 613//2038 795//2038
f 795//2039 613//2039 794//2039
f 612//2040 613//2040 807//2040
f 613//2041 614//2041 794//2041
f 794//2042 614//2042 792//2042
f 614//2043 615//2043 792//2043
f 792//2044 616//2044 793//2044
f 615//2045 616//2045 792//2045
f 601//2046 600//2046 764//2046
f 764//2047 600//2047 776//2047
f 1063//2048 1003//2048 1004//2048
f 1064//2049 1004//2049 1005//2049
f 1064//2050 1063//2050 1004//2050
f 1065//2051 1002//2051 1003//2051
f 1065//2052 1003//2052 1063//2052
f 1066//2053 1005//2053 1006//2053
f 1066//2054 1064//2054 1005//2054
f 1067//2055 1001//2055 1002//2055
f 1067//2056 1002//2056 1065//2056
f 1068//2057 1006//2057 1007//2057
f 1068//2058 1066//2058 1006//2058
f 1069//2059 1000//2059 1001//2059
f 1069//2060 1001//2060 1067//2060
f 1070//2061 1007//2061 1008//2061
f 1070//2062 1068//2062 1007//2062
f 1071//2063 999//2063 1000//2063
f 1071//2064 1000//2064 1069//2064
f 1072//2065 1008//2065 1009//2065
f 1072//2066 1070//2066 1008//2066
f 1073//2067 998//2067 999//2067
f 1073//2068 999//2068 1071//2068
f 1074//2069 1009//2069 1010//2069
f 1074//2070 1072//2070 1009//2070
f 1075//2071 997//2071 998//2071
f 1075//2072 998//2072 1073//2072
f 1076//2073 1010//2073 1011//2073
f 1076//2074 1074//2074 1010//2074
f 1077//2075 996//2075 997//2075
f 1077//2076 997//2076 1075//2076
f 1078//2077 1076//2077 1011//2077
f 1078//2078 1011//2078 1012//2078
f 1079//2079 995//2079 996//2079
f 1079//2080 996//2080 1077//2080
f 1080//2081 1078//2081 1012//2081
f 1080//2082 1012//2082 1013//2082
f 1081//2083 994//2083 995//2083
f 1081//2084 995//2084 1079//2084
f 1082//2085 1080//2085 1013//2085
f 1082//2086 1013//2086 1014//2086
f 1083//2087 993//2087 994//2087
f 1083//2088 994//2088 1081//2088
f 1084//2089 1014//2089 1015//2089
f 1084//2090 1082//2090 1014//2090
f 1085//2091 992//2091 993//2091
f 1085//2092 993//2092 1083//2092
f 1086//2093 1015//2093 1016//2093
f 1086//2094 1084//2094 1015//2094
f 1087//2095 991//2095 992//2095
f 1087//2096 992//2096 1085//2096
f 1088//2097 1086//2097 1016//2097
f 1088//2098 1016//2098 1017//2098
f 1089//2099 991//2099 1087//2099
f 1089//2100 990//2100 991//2100
f 1090//2101 1088//2101 1017//2101
f 1090//2102 1017//2102 1018//2102
f 1091//2103 990//2103 1089//2103
f 1091//2104 989//2104 990//2104
f 1092//2105 1018//2105 1019//2105
f 1092//2106 1090//2106 1018//2106
f 1093//2107 988//2107 989//2107
f 1093//2108 989//2108 1091//2108
f 1094//2109 1019//2109 1020//2109
f 1094//2110 1020//2110 1021//2110
f 1094//2111 1092//2111 1019//2111
f 1095//2112 987//2112 988//2112
f 1095//2113 988//2113 1093//2113
f 1096//2114 1094//2114 1021//2114
f 1096//2115 1021//2115 1022//2115
f 1097//2116 986//2116 987//2116
f 1097//2117 987//2117 1095//2117
f 1098//2118 1022//2118 1023//2118
f 1098//2119 1096//2119 1022//2119
f 1099//2120 985//2120 986//2120
f 1099//2121 986//2121 1097//2121
f 1100//2122 1023//2122 1024//2122
f 1100//2123 1098//2123 1023//2123
f 1101//2124 984//2124 985//2124
f 1101//2125 985//2125 1099//2125
f 1102//2126 1024//2126 1025//2126
f 1102//2127 1100//2127 1024//2127
f 1103//2128 983//2128 984//2128
f 1103//2129 984//2129 1101//2129
f 1104//2130 1025//2130 1026//2130
f 1104//2131 1102//2131 1025//2131
f 1105//2132 982//2132 983//2132
f 1105//2133 983//2133 1103//2133
f 1106//2134 1104//2134 1026//2134
f 1106//2135 1026//2135 1027//2135
f 1107//2136 981//2136 982//2136
f 1107//2137 982//2137 1105//2137
f 1108//2138 1027//2138 1028//2138
f 1108//2139 1106//2139 1027//2139
f 1109//2140 980//2140 981//2140
f 1109//2141 981//2141 1107//2141
f 1110//2142 1108//2142 1028//2142
f 1110//2143 1028//2143 1029//2143
f 1111//2144 980//2144 1109//2144
f 1112//2145 1029//2145 1030//2145
f 1112//2146 1110//2146 1029//2146
f 1113//2147 980//2147 1111//2147
f 1114//2148 1112//2148 1030//2148
f 1114//2149 1030//2149 1031//2149
f 1115//2150 980//2150 1113//2150
f 1116//2151 1114//2151 1031//2151
f 1116//2152 1031//2152 1032//2152
f 1117//2153 980//2153 1115//2153
f 1118//2154 1116//2154 1032//2154
f 1118//2155 1032//2155 1033//2155
f 1119//2156 980//2156 1117//2156
f 1120//2157 1118//2157 1033//2157
f 1120//2158 1033//2158 1034//2158
f 1121//2159 980//2159 1119//2159
f 1122//2160 1120//2160 1034//2160
f 1035//2161 1122//2161 1034//2161
f 1123//2162 980//2162 1121//2162
f 1124//2163 1122//2163 1035//2163
f 1125//2164 980//2164 1123//2164
f 1036//2165 1124//2165 1035//2165
f 1126//2166 1124//2166 1036//2166
f 1127//2167 980//2167 1125//2167
f 1037//2168 1126//2168 1036//2168
f 1037//2169 1128//2169 1126//2169
f 1129//2170 980//2170 1127//2170
f 1130//2171 980//2171 1129//2171
f 1038//2172 1131//2172 1128//2172
f 1038//2173 1128//2173 1037//2173
f 1132//2174 980//2174 1130//2174
f 1039//2175 1133//2175 1131//2175
f 1039//2176 1131//2176 1038//2176
f 1040//2177 1134//2177 1133//2177
f 1040//2178 1133//2178 1039//2178
f 1041//2179 1135//2179 1134//2179
f 1041//2180 1134//2180 1040//2180
f 1042//2181 1136//2181 1135//2181
f 1042//2182 1135//2182 1041//2182
f 1043//2183 1137//2183 1136//2183
f 1043//2184 1136//2184 1042//2184
f 1044//2185 1138//2185 1137//2185
f 1044//2186 1137//2186 1043//2186
f 1045//2187 1138//2187 1044//2187
f 1045//2188 1139//2188 1138//2188
f 1046//2189 1140//2189 1139//2189
f 1046//2190 1139//2190 1045//2190
f 1047//2191 1141//2191 1140//2191
f 1047//2192 1140//2192 1046//2192
f 1048//2193 1142//2193 1141//2193
f 1048//2194 1141//2194 1047//2194
f 1049//2195 1143//2195 1142//2195
f 1049//2196 1142//2196 1048//2196
f 1050//2197 1144//2197 1143//2197
f 1050//2198 1143//2198 1049//2198
f 1051//2199 1145//2199 1144//2199
f 1051//2200 1144//2200 1050//2200
f 1052//2201 1146//2201 1145//2201
f 1052//2202 1145//2202 1051//2202
f 1053//2203 1147//2203 1146//2203
f 1053//2204 1146//2204 1052//2204
f 1054//2205 1147//2205 1053//2205
f 1054//2206 1148//2206 1147//2206
f 1055//2207 1148//2207 1054//2207
f 1055//2208 1149//2208 1148//2208
f 1056//2209 1150//2209 1149//2209
f 1056//2210 1149//2210 1055//2210
f 1057//2211 1150//2211 1056//2211
f 1057//2212 1151//2212 1150//2212
f 1058//2213 1152//2213 1151//2213
f 1058//2214 1151//2214 1057//2214
f 1059//2215 1153//2215 1152//2215
f 1059//2216 1152//2216 1058//2216
f 1060//2217 1154//2217 1153//2217
f 1060//2218 1155//2218 1154//2218
f 1060//2219 1156//2219 1155//2219
f 1060//2220 1157//2220 1156//2220
f 1060//2221 1158//2221 1157//2221
f 1060//2222 1159//2222 1158//2222
f 1060//2223 1160//2223 1159//2223
f 1060//2224 1161//2224 1160//2224
f 1060//2225 1162//2225 1161//2225
f 1060//2226 1163//2226 1162//2226
f 1060//2227 1164//2227 1163//2227
f 1060//2228 1165//2228 1164//2228
f 1060//2229 1153//2229 1059//2229
f 1061//2230 1166//2230 1167//2230
f 1061//2231 1168//2231 1166//2231
f 1061//2232 1169//2232 1168//2232
f 1061//2233 1170//2233 1169//2233
f 1061//2234 1171//2234 1170//2234
f 1061//2235 1172//2235 1171//2235
f 1061//2236 1173//2236 1172//2236
f 1061//2237 1174//2237 1173//2237
f 1061//2238 1175//2238 1174//2238
f 1061//2239 1176//2239 1175//2239
f 1061//2240 1177//2240 1176//2240
f 1061//2241 1132//2241 1177//2241
f 1061//2242 980//2242 1132//2242
f 1062//2243 1165//2243 1060//2243
f 1062//2244 1178//2244 1165//2244
f 1062//2245 1179//2245 1178//2245
f 1062//2246 1180//2246 1179//2246
f 1062//2247 1181//2247 1180//2247
f 1062//2248 1182//2248 1181//2248
f 1062//2249 1183//2249 1182//2249
f 1062//2250 1184//2250 1183//2250
f 1062//2251 1185//2251 1184//2251
f 1062//2252 1186//2252 1185//2252
f 1062//2253 1187//2253 1186//2253
f 1062//2254 1188//2254 1187//2254
f 1062//2255 1167//2255 1188//2255
f 1062//2256 1061//2256 1167//2256
f 1094//2257 1096//2257 1189//2257
f 1189//2258 1096//2258 1190//2258
f 1190//2259 1098//2259 1191//2259
f 1096//2260 1098//2260 1190//2260
f 1191//2261 1100//2261 1192//2261
f 1098//2262 1100//2262 1191//2262
f 1192//2263 1102//2263 1193//2263
f 1100//2264 1102//2264 1192//2264
f 1193//2265 1104//2265 1194//2265
f 1102//2266 1104//2266 1193//2266
f 1194//2267 1106//2267 1195//2267
f 1104//2268 1106//2268 1194//2268
f 1195//2269 1108//2269 1196//2269
f 1106//2270 1108//2270 1195//2270
f 1196//2271 1110//2271 1197//2271
f 1108//2272 1110//2272 1196//2272
f 1197//2273 1112//2273 1198//2273
f 1110//2274 1112//2274 1197//2274
f 1198//2275 1114//2275 1199//2275
f 1199//2276 1114//2276 1200//2276
f 1112//2277 1114//2277 1198//2277
f 1114//2278 1116//2278 1200//2278
f 1116//2279 1118//2279 1200//2279
f 1200//2280 1118//2280 1201//2280
f 1118//2281 1120//2281 1201//2281
f 1201//2282 1120//2282 1202//2282
f 1120//2283 1122//2283 1202//2283
f 1202//2284 1122//2284 1203//2284
f 1203//2285 1122//2285 1204//2285
f 1122//2286 1124//2286 1204//2286
f 1124//2287 1126//2287 1204//2287
f 1204//2288 1126//2288 1205//2288
f 1205//2289 1128//2289 1206//2289
f 1206//2290 1128//2290 1207//2290
f 1126//2291 1128//2291 1205//2291
f 1128//2292 1131//2292 1207//2292
f 1131//2293 1133//2293 1207//2293
f 1207//2294 1133//2294 1208//2294
f 1208//2295 1134//2295 1209//2295
f 1209//2296 1134//2296 1210//2296
f 1133//2297 1134//2297 1208//2297
f 1134//2298 1135//2298 1210//2298
f 1210//2299 1136//2299 1211//2299
f 1135//2300 1136//2300 1210//2300
f 1211//2301 1137//2301 1212//2301
f 1212//2302 1137//2302 1213//2302
f 1136//2303 1137//2303 1211//2303
f 1137//2304 1138//2304 1213//2304
f 1213//2305 1139//2305 1214//2305
f 1138//2306 1139//2306 1213//2306
f 1214//2307 1140//2307 1215//2307
f 1139//2308 1140//2308 1214//2308
f 1215//2309 1141//2309 1216//2309
f 1140//2310 1141//2310 1215//2310
f 1216//2311 1142//2311 1217//2311
f 1141//2312 1142//2312 1216//2312
f 1217//2313 1143//2313 1218//2313
f 1218//2314 1143//2314 1219//2314
f 1142//2315 1143//2315 1217//2315
f 1143//2316 1144//2316 1219//2316
f 1219//2317 1145//2317 1220//2317
f 1220//2318 1145//2318 1221//2318
f 1144//2319 1145//2319 1219//2319
f 1145//2320 1146//2320 1221//2320
f 1221//2321 1147//2321 1222//2321
f 1146//2322 1147//2322 1221//2322
f 1222//2323 1148//2323 1223//2323
f 1147//2324 1148//2324 1222//2324
f 1223//2325 1149//2325 1224//2325
f 1224//2326 1149//2326 1225//2326
f 1148//2327 1149//2327 1223//2327
f 1225//2328 1150//2328 1226//2328
f 1149//2329 1150//2329 1225//2329
f 1150//2330 1151//2330 1226//2330
f 1151//2331 1152//2331 1226//2331
f 1226//2332 1152//2332 1227//2332
f 1152//2333 1153//2333 1227//2333
f 1227//2334 1153//2334 1228//2334
f 1153//2335 1154//2335 1228//2335
f 1228//2336 1154//2336 1229//2336
f 1154//2337 1155//2337 1229//2337
f 1229//2338 1155//2338 1230//2338
f 1155//2339 1156//2339 1230//2339
f 1230//2340 1156//2340 1231//2340
f 1231//2341 1156//2341 1232//2341
f 1156//2342 1157//2342 1232//2342
f 1157//2343 1158//2343 1232//2343
f 1232//2344 1158//2344 1233//2344
f 1158//2345 1159//2345 1233//2345
f 1233//2346 1159//2346 1234//2346
f 1159//2347 1160//2347 1234//2347
f 1234//2348 1160//2348 1235//2348
f 1160//2349 1161//2349 1235//2349
f 1235//2350 1161//2350 1236//2350
f 1236//2351 1162//2351 1237//2351
f 1161//2352 1162//2352 1236//2352
f 1237//2353 1163//2353 1238//2353
f 1162//2354 1163//2354 1237//2354
f 1238//2355 1164//2355 1239//2355
f 1163//2356 1164//2356 1238//2356
f 1239//2357 1165//2357 1240//2357
f 1240//2358 1165//2358 1241//2358
f 1164//2359 1165//2359 1239//2359
f 1241//2360 1178//2360 1242//2360
f 1165//2361 1178//2361 1241//2361
f 1178//2362 1179//2362 1242//2362
f 1242//2363 1180//2363 1243//2363
f 1179//2364 1180//2364 1242//2364
f 1243//2365 1181//2365 1244//2365
f 1180//2366 1181//2366 1243//2366
f 1244//2367 1182//2367 1245//2367
f 1181//2368 1182//2368 1244//2368
f 1245//2369 1183//2369 1246//2369
f 1182//2370 1183//2370 1245//2370
f 1246//2371 1184//2371 1247//2371
f 1183//2372 1184//2372 1246//2372
f 1247//2373 1185//2373 1248//2373
f 1184//2374 1185//2374 1247//2374
f 1248//2375 1186//2375 1249//2375
f 1185//2376 1186//2376 1248//2376
f 1249//2377 1187//2377 1250//2377
f 1186//2378 1187//2378 1249//2378
f 1187//2379 1188//2379 1250//2379
f 1250//2380 1188//2380 1251//2380
f 1188//2381 1167//2381 1251//2381
f 1251//2382 1167//2382 1252//2382
f 1167//2383 1166//2383 1252//2383
f 1252//2384 1166//2384 1253//2384
f 1253//2385 1166//2385 1254//2385
f 1166//2386 1168//2386 1254//2386
f 1168//2387 1169//2387 1254//2387
f 1254//2388 1169//2388 1255//2388
f 1255//2389 1169//2389 1256//2389
f 1169//2390 1170//2390 1256//2390
f 1170//2391 1171//2391 1256//2391
f 1256//2392 1171//2392 1257//2392
f 1171//2393 1172//2393 1257//2393
f 1257//2394 1172//2394 1258//2394
f 1172//2395 1173//2395 1258//2395
f 1258//2396 1173//2396 1259//2396
f 1173//2397 1174//2397 1259//2397
f 1259//2398 1174//2398 1260//2398
f 1174//2399 1175//2399 1260//2399
f 1260//2400 1175//2400 1261//2400
f 1261//2401 1175//2401 1262//2401
f 1175//2402 1176//2402 1262//2402
f 1176//2403 1177//2403 1262//2403
f 1262//2404 1177//2404 1263//2404
f 1263//2405 1177//2405 1264//2405
f 1177//2406 1132//2406 1264//2406
f 1132//2407 1130//2407 1264//2407
f 1264//2408 1130//2408 1265//2408
f 1265//2409 1130//2409 1266//2409
f 1130//2410 1129//2410 1266//2410
f 1129//2411 1127//2411 1266//2411
f 1266//2412 1127//2412 1267//2412
f 1267//2413 1127//2413 1268//2413
f 1127//2414 1125//2414 1268//2414
f 1125//2415 1123//2415 1268//2415
f 1268//2416 1123//2416 1269//2416
f 1123//2417 1121//2417 1269//2417
f 1269//2418 1121//2418 1270//2418
f 1121//2419 1119//2419 1270//2419
f 1270//2420 1119//2420 1271//2420
f 1271//2421 1117//2421 1272//2421
f 1119//2422 1117//2422 1271//2422
f 1272//2423 1115//2423 1273//2423
f 1117//2424 1115//2424 1272//2424
f 1273//2425 1113//2425 1274//2425
f 1115//2426 1113//2426 1273//2426
f 1274//2427 1111//2427 1275//2427
f 1113//2428 1111//2428 1274//2428
f 1275//2429 1109//2429 1276//2429
f 1111//2430 1109//2430 1275//2430
f 1109//2431 1107//2431 1276//2431
f 1276//2432 1107//2432 1277//2432
f 1107//2433 1105//2433 1277//2433
f 1277//2434 1105//2434 1278//2434
f 1105//2435 1103//2435 1278//2435
f 1278//2436 1103//2436 1279//2436
f 1103//2437 1101//2437 1279//2437
f 1279//2438 1101//2438 1280//2438
f 1101//2439 1099//2439 1280//2439
f 1280//2440 1099//2440 1281//2440
f 1099//2441 1097//2441 1281//2441
f 1281//2442 1097//2442 1282//2442
f 1097//2443 1095//2443 1282//2443
f 1282//2444 1095//2444 1283//2444
f 1095//2445 1093//2445 1283//2445
f 1283//2446 1093//2446 1284//2446
f 1093//2447 1091//2447 1284//2447
f 1284//2448 1091//2448 1285//2448
f 1091//2449 1089//2449 1285//2449
f 1285//2450 1089//2450 1286//2450
f 1089//2451 1087//2451 1286//2451
f 1286//2452 1087//2452 1287//2452
f 1087//2453 1085//2453 1287//2453
f 1287//2454 1085//2454 1288//2454
f 1288//2455 1083//2455 1289//2455
f 1085//2456 1083//2456 1288//2456
f 1289//2457 1081//2457 1290//2457
f 1083//2458 1081//2458 1289//2458
f 1290//2459 1079//2459 1291//2459
f 1081//2460 1079//2460 1290//2460
f 1291//2461 1077//2461 1292//2461
f 1079//2462 1077//2462 1291//2462
f 1292//2463 1075//2463 1293//2463
f 1077//2464 1075//2464 1292//2464
f 1293//2465 1073//2465 1294//2465
f 1075//2466 1073//2466 1293//2466
f 1294//2467 1071//2467 1295//2467
f 1073//2468 1071//2468 1294//2468
f 1295//2469 1069//2469 1296//2469
f 1071//2470 1069//2470 1295//2470
f 1296//2471 1067//2471 1297//2471
f 1069//2472 1067//2472 1296//2472
f 1297//2473 1065//2473 1298//2473
f 1067//2474 1065//2474 1297//2474
f 1298//2475 1063//2475 1299//2475
f 1065//2476 1063//2476 1298//2476
f 1299//2477 1064//2477 1300//2477
f 1063//2478 1064//2478 1299//2478
f 1300//2479 1066//2479 1301//2479
f 1064//2480 1066//2480 1300//2480
f 1066//2481 1068//2481 1301//2481
f 1301//2482 1068//2482 1302//2482
f 1068//2483 1070//2483 1302//2483
f 1302//2484 1070//2484 1303//2484
f 1070//2485 1072//2485 1303//2485
f 1303//2486 1072//2486 1304//2486
f 1304//2487 1072//2487 1305//2487
f 1072//2488 1074//2488 1305//2488
f 1305//2489 1076//2489 1306//2489
f 1074//2490 1076//2490 1305//2490
f 1306//2491 1078//2491 1307//2491
f 1076//2492 1078//2492 1306//2492
f 1307//2493 1080//2493 1308//2493
f 1078//2494 1080//2494 1307//2494
f 1308//2495 1082//2495 1309//2495
f 1309//2496 1082//2496 1310//2496
f 1080//2497 1082//2497 1308//2497
f 1082//2498 1084//2498 1310//2498
f 1310//2499 1086//2499 1311//2499
f 1311//2500 1086//2500 1312//2500
f 1084//2501 1086//2501 1310//2501
f 1086//2502 1088//2502 1312//2502
f 1312//2503 1090//2503 1313//2503
f 1088//2504 1090//2504 1312//2504
f 1313//2505 1092//2505 1314//2505
f 1090//2506 1092//2506 1313//2506
f 1314//2507 1094//2507 1189//2507
f 1092//2508 1094//2508 1314//2508
f 1315//2509 1205//2509 1206//2509
f 1316//2510 1204//2510 1205//2510
f 1316//2511 1205//2511 1315//2511
f 1317//2512 1206//2512 1207//2512
f 1317//2513 1315//2513 1206//2513
f 1318//2514 1204//2514 1316//2514
f 1318//2515 1203//2515 1204//2515
f 1319//2516 1317//2516 1207//2516
f 1319//2517 1207//2517 1208//2517
f 1320//2518 1203//2518 1318//2518
f 1320//2519 1202//2519 1203//2519
f 1321//2520 1319//2520 1208//2520
f 1321//2521 1208//2521 1209//2521
f 1322//2522 1201//2522 1202//2522
f 1322//2523 1202//2523 1320//2523
f 1323//2524 1321//2524 1209//2524
f 1324//2525 1200//2525 1201//2525
f 1324//2526 1201//2526 1322//2526
f 1325//2527 1323//2527 1209//2527
f 1325//2528 1209//2528 1210//2528
f 1325//2529 1210//2529 1211//2529
f 1326//2530 1199//2530 1200//2530
f 1326//2531 1200//2531 1324//2531
f 1327//2532 1325//2532 1211//2532
f 1328//2533 1198//2533 1199//2533
f 1328//2534 1199//2534 1326//2534
f 1329//2535 1211//2535 1212//2535
f 1329//2536 1212//2536 1213//2536
f 1329//2537 1327//2537 1211//2537
f 1330//2538 1197//2538 1198//2538
f 1330//2539 1198//2539 1328//2539
f 1331//2540 1329//2540 1213//2540
f 1332//2541 1196//2541 1197//2541
f 1332//2542 1197//2542 1330//2542
f 1333//2543 1213//2543 1214//2543
f 1333//2544 1214//2544 1215//2544
f 1333//2545 1331//2545 1213//2545
f 1334//2546 1195//2546 1196//2546
f 1334//2547 1196//2547 1332//2547
f 1335//2548 1333//2548 1215//2548
f 1336//2549 1194//2549 1195//2549
f 1336//2550 1195//2550 1334//2550
f 1337//2551 1215//2551 1216//2551
f 1337//2552 1216//2552 1217//2552
f 1337//2553 1335//2553 1215//2553
f 1338//2554 1193//2554 1194//2554
f 1338//2555 1194//2555 1336//2555
f 1339//2556 1337//2556 1217//2556
f 1340//2557 1192//2557 1193//2557
f 1340//2558 1193//2558 1338//2558
f 1341//2559 1217//2559 1218//2559
f 1341//2560 1218//2560 1219//2560
f 1341//2561 1339//2561 1217//2561
f 1342//2562 1190//2562 1191//2562
f 1342//2563 1191//2563 1192//2563
f 1342//2564 1192//2564 1340//2564
f 1343//2565 1341//2565 1219//2565
f 1344//2566 1190//2566 1342//2566
f 1345//2567 1343//2567 1219//2567
f 1345//2568 1219//2568 1220//2568
f 1346//2569 1189//2569 1190//2569
f 1346//2570 1190//2570 1344//2570
f 1347//2571 1220//2571 1221//2571
f 1347//2572 1221//2572 1222//2572
f 1347//2573 1345//2573 1220//2573
f 1348//2574 1314//2574 1189//2574
f 1348//2575 1189//2575 1346//2575
f 1349//2576 1347//2576 1222//2576
f 1350//2577 1313//2577 1314//2577
f 1350//2578 1314//2578 1348//2578
f 1351//2579 1222//2579 1223//2579
f 1351//2580 1349//2580 1222//2580
f 1352//2581 1312//2581 1313//2581
f 1352//2582 1313//2582 1350//2582
f 1353//2583 1223//2583 1224//2583
f 1353//2584 1351//2584 1223//2584
f 1354//2585 1311//2585 1312//2585
f 1354//2586 1312//2586 1352//2586
f 1355//2587 1353//2587 1224//2587
f 1355//2588 1224//2588 1225//2588
f 1356//2589 1311//2589 1354//2589
f 1356//2590 1310//2590 1311//2590
f 1357//2591 1225//2591 1226//2591
f 1357//2592 1355//2592 1225//2592
f 1358//2593 1309//2593 1310//2593
f 1358//2594 1310//2594 1356//2594
f 1359//2595 1357//2595 1226//2595
f 1359//2596 1226//2596 1227//2596
f 1360//2597 1308//2597 1309//2597
f 1360//2598 1309//2598 1358//2598
f 1361//2599 1227//2599 1228//2599
f 1361//2600 1359//2600 1227//2600
f 1361//2601 1228//2601 1229//2601
f 1362//2602 1308//2602 1360//2602
f 1362//2603 1307//2603 1308//2603
f 1363//2604 1361//2604 1229//2604
f 1364//2605 1306//2605 1307//2605
f 1364//2606 1307//2606 1362//2606
f 1365//2607 1363//2607 1229//2607
f 1365//2608 1229//2608 1230//2608
f 1366//2609 1305//2609 1306//2609
f 1366//2610 1306//2610 1364//2610
f 1367//2611 1230//2611 1231//2611
f 1367//2612 1365//2612 1230//2612
f 1368//2613 1304//2613 1305//2613
f 1368//2614 1305//2614 1366//2614
f 1369//2615 1231//2615 1232//2615
f 1369//2616 1367//2616 1231//2616
f 1370//2617 1303//2617 1304//2617
f 1370//2618 1304//2618 1368//2618
f 1371//2619 1232//2619 1233//2619
f 1371//2620 1369//2620 1232//2620
f 1372//2621 1302//2621 1303//2621
f 1372//2622 1303//2622 1370//2622
f 1373//2623 1233//2623 1234//2623
f 1373//2624 1371//2624 1233//2624
f 1374//2625 1301//2625 1302//2625
f 1374//2626 1302//2626 1372//2626
f 1375//2627 1234//2627 1235//2627
f 1375//2628 1373//2628 1234//2628
f 1376//2629 1300//2629 1301//2629
f 1376//2630 1301//2630 1374//2630
f 1377//2631 1235//2631 1236//2631
f 1377//2632 1375//2632 1235//2632
f 1299//2633 1376//2633 1378//2633
f 1299//2634 1300//2634 1376//2634
f 1379//2635 1377//2635 1236//2635
f 1237//2636 1379//2636 1236//2636
f 1298//2637 1299//2637 1378//2637
f 1298//2638 1378//2638 1380//2638
f 1238//2639 1379//2639 1237//2639
f 1238//2640 1381//2640 1379//2640
f 1297//2641 1298//2641 1380//2641
f 1297//2642 1380//2642 1382//2642
f 1383//2643 1381//2643 1238//2643
f 1384//2644 1297//2644 1382//2644
f 1239//2645 1383//2645 1238//2645
f 1385//2646 1383//2646 1239//2646
f 1296//2647 1297//2647 1384//2647
f 1386//2648 1296//2648 1384//2648
f 1240//2649 1385//2649 1239//2649
f 1295//2650 1296//2650 1386//2650
f 1241//2651 1385//2651 1240//2651
f 1241//2652 1387//2652 1385//2652
f 1241//2653 1388//2653 1387//2653
f 1294//2654 1389//2654 1390//2654
f 1294//2655 1386//2655 1389//2655
f 1294//2656 1295//2656 1386//2656
f 1242//2657 1388//2657 1241//2657
f 1293//2658 1294//2658 1390//2658
f 1243//2659 1388//2659 1242//2659
f 1243//2660 1391//2660 1388//2660
f 1243//2661 1392//2661 1391//2661
f 1292//2662 1390//2662 1393//2662
f 1292//2663 1293//2663 1390//2663
f 1244//2664 1392//2664 1243//2664
f 1244//2665 1394//2665 1392//2665
f 1291//2666 1395//2666 1396//2666
f 1291//2667 1393//2667 1395//2667
f 1291//2668 1292//2668 1393//2668
f 1245//2669 1394//2669 1244//2669
f 1290//2670 1396//2670 1397//2670
f 1290//2671 1291//2671 1396//2671
f 1246//2672 1394//2672 1245//2672
f 1246//2673 1398//2673 1394//2673
f 1246//2674 1399//2674 1398//2674
f 1289//2675 1397//2675 1400//2675
f 1289//2676 1290//2676 1397//2676
f 1247//2677 1399//2677 1246//2677
f 1288//2678 1289//2678 1400//2678
f 1248//2679 1399//2679 1247//2679
f 1248//2680 1401//2680 1399//2680
f 1248//2681 1402//2681 1401//2681
f 1287//2682 1288//2682 1400//2682
f 1287//2683 1403//2683 1404//2683
f 1287//2684 1400//2684 1403//2684
f 1249//2685 1402//2685 1248//2685
f 1249//2686 1405//2686 1402//2686
f 1286//2687 1287//2687 1404//2687
f 1286//2688 1404//2688 1406//2688
f 1250//2689 1405//2689 1249//2689
f 1285//2690 1286//2690 1406//2690
f 1251//2691 1405//2691 1250//2691
f 1251//2692 1407//2692 1405//2692
f 1284//2693 1408//2693 1409//2693
f 1284//2694 1406//2694 1408//2694
f 1284//2695 1285//2695 1406//2695
f 1252//2696 1407//2696 1251//2696
f 1252//2697 1410//2697 1407//2697
f 1283//2698 1284//2698 1409//2698
f 1253//2699 1410//2699 1252//2699
f 1253//2700 1411//2700 1410//2700
f 1253//2701 1412//2701 1411//2701
f 1282//2702 1409//2702 1413//2702
f 1282//2703 1283//2703 1409//2703
f 1254//2704 1412//2704 1253//2704
f 1281//2705 1414//2705 1415//2705
f 1281//2706 1413//2706 1414//2706
f 1281//2707 1282//2707 1413//2707
f 1255//2708 1412//2708 1254//2708
f 1255//2709 1416//2709 1412//2709
f 1280//2710 1415//2710 1417//2710
f 1280//2711 1281//2711 1415//2711
f 1256//2712 1416//2712 1255//2712
f 1256//2713 1418//2713 1416//2713
f 1279//2714 1280//2714 1417//2714
f 1257//2715 1418//2715 1256//2715
f 1257//2716 1419//2716 1418//2716
f 1278//2717 1279//2717 1417//2717
f 1278//2718 1417//2718 1420//2718
f 1258//2719 1419//2719 1257//2719
f 1258//2720 1421//2720 1419//2720
f 1258//2721 1422//2721 1421//2721
f 1277//2722 1278//2722 1420//2722
f 1277//2723 1420//2723 1423//2723
f 1259//2724 1422//2724 1258//2724
f 1276//2725 1424//2725 1425//2725
f 1276//2726 1423//2726 1424//2726
f 1276//2727 1277//2727 1423//2727
f 1260//2728 1422//2728 1259//2728
f 1260//2729 1426//2729 1422//2729
f 1275//2730 1425//2730 1427//2730
f 1275//2731 1276//2731 1425//2731
f 1261//2732 1428//2732 1426//2732
f 1261//2733 1426//2733 1260//2733
f 1274//2734 1275//2734 1427//2734
f 1262//2735 1428//2735 1261//2735
f 1262//2736 1429//2736 1428//2736
f 1273//2737 1427//2737 1430//2737
f 1273//2738 1274//2738 1427//2738
f 1263//2739 1429//2739 1262//2739
f 1263//2740 1431//2740 1429//2740
f 1272//2741 1430//2741 1432//2741
f 1272//2742 1273//2742 1430//2742
f 1264//2743 1431//2743 1263//2743
f 1264//2744 1433//2744 1431//2744
f 1271//2745 1434//2745 1435//2745
f 1271//2746 1432//2746 1434//2746
f 1271//2747 1272//2747 1432//2747
f 1265//2748 1436//2748 1433//2748
f 1265//2749 1433//2749 1264//2749
f 1270//2750 1435//2750 1437//2750
f 1270//2751 1271//2751 1435//2751
f 1266//2752 1438//2752 1436//2752
f 1266//2753 1436//2753 1265//2753
f 1269//2754 1270//2754 1437//2754
f 1267//2755 1439//2755 1438//2755
f 1267//2756 1438//2756 1266//2756
f 1268//2757 1440//2757 1439//2757
f 1268//2758 1437//2758 1440//2758
f 1268//2759 1269//2759 1437//2759
f 1268//2760 1439//2760 1267//2760
f 1346//2761 1344//2761 1441//2761
f 1441//2762 1344//2762 1442//2762
f 1442//2763 1342//2763 1443//2763
f 1344//2764 1342//2764 1442//2764
f 1443//2765 1340//2765 1444//2765
f 1342//2766 1340//2766 1443//2766
f 1444//2767 1338//2767 1445//2767
f 1340//2768 1338//2768 1444//2768
f 1445//2769 1336//2769 1446//2769
f 1338//2770 1336//2770 1445//2770
f 1446//2771 1334//2771 1447//2771
f 1336//2772 1334//2772 1446//2772
f 1447//2773 1332//2773 1448//2773
f 1334//2774 1332//2774 1447//2774
f 1448//2775 1330//2775 1449//2775
f 1332//2776 1330//2776 1448//2776
f 1449//2777 1328//2777 1450//2777
f 1450//2778 1328//2778 1451//2778
f 1330//2779 1328//2779 1449//2779
f 1328//2780 1326//2780 1451//2780
f 1326//2781 1324//2781 1451//2781
f 1451//2782 1324//2782 1452//2782
f 1452//2783 1324//2783 1453//2783
f 1324//2784 1322//2784 1453//2784
f 1322//2785 1320//2785 1453//2785
f 1453//2786 1320//2786 1454//2786
f 1320//2787 1318//2787 1454//2787
f 1454//2788 1318//2788 1455//2788
f 1455//2789 1316//2789 1456//2789
f 1318//2790 1316//2790 1455//2790
f 1456//2791 1315//2791 1457//2791
f 1316//2792 1315//2792 1456//2792
f 1457//2793 1317//2793 1458//2793
f 1315//2794 1317//2794 1457//2794
f 1458//2795 1319//2795 1459//2795
f 1459//2796 1319//2796 1460//2796
f 1317//2797 1319//2797 1458//2797
f 1319//2798 1321//2798 1460//2798
f 1460//2799 1323//2799 1461//2799
f 1461//2800 1323//2800 1462//2800
f 1321//2801 1323//2801 1460//2801
f 1323//2802 1325//2802 1462//2802
f 1462//2803 1327//2803 1463//2803
f 1463//2804 1327//2804 1464//2804
f 1325//2805 1327//2805 1462//2805
f 1327//2806 1329//2806 1464//2806
f 1464//2807 1331//2807 1465//2807
f 1465//2808 1331//2808 1466//2808
f 1329//2809 1331//2809 1464//2809
f 1331//2810 1333//2810 1466//2810
f 1466//2811 1335//2811 1467//2811
f 1467//2812 1335//2812 1468//2812
f 1333//2813 1335//2813 1466//2813
f 1335//2814 1337//2814 1468//2814
f 1468//2815 1339//2815 1469//2815
f 1337//2816 1339//2816 1468//2816
f 1469//2817 1341//2817 1470//2817
f 1339//2818 1341//2818 1469//2818
f 1470//2819 1343//2819 1471//2819
f 1341//2820 1343//2820 1470//2820
f 1471//2821 1345//2821 1472//2821
f 1343//2822 1345//2822 1471//2822
f 1472//2823 1347//2823 1473//2823
f 1473//2824 1347//2824 1474//2824
f 1345//2825 1347//2825 1472//2825
f 1347//2826 1349//2826 1474//2826
f 1474//2827 1351//2827 1475//2827
f 1475//2828 1351//2828 1476//2828
f 1349//2829 1351//2829 1474//2829
f 1351//2830 1353//2830 1476//2830
f 1353//2831 1355//2831 1476//2831
f 1476//2832 1355//2832 1477//2832
f 1477//2833 1357//2833 1478//2833
f 1478//2834 1357//2834 1479//2834
f 1355//2835 1357//2835 1477//2835
f 1357//2836 1359//2836 1479//2836
f 1359//2837 1361//2837 1479//2837
f 1479//2838 1361//2838 1480//2838
f 1361//2839 1363//2839 1480//2839
f 1480//2840 1363//2840 1481//2840
f 1363//2841 1365//2841 1481//2841
f 1481//2842 1365//2842 1482//2842
f 1365//2843 1367//2843 1482//2843
f 1482//2844 1367//2844 1483//2844
f 1367//2845 1369//2845 1483//2845
f 1483//2846 1369//2846 1484//2846
f 1369//2847 1371//2847 1484//2847
f 1484//2848 1371//2848 1485//2848
f 1371//2849 1373//2849 1485//2849
f 1485//2850 1373//2850 1486//2850
f 1373//2851 1375//2851 1486//2851
f 1486//2852 1375//2852 1487//2852
f 1375//2853 1377//2853 1487//2853
f 1487//2854 1377//2854 1488//2854
f 1377//2855 1379//2855 1488//2855
f 1488//2856 1379//2856 1489//2856
f 1379//2857 1381//2857 1489//2857
f 1489//2858 1381//2858 1490//2858
f 1490//2859 1383//2859 1491//2859
f 1381//2860 1383//2860 1490//2860
f 1491//2861 1385//2861 1492//2861
f 1383//2862 1385//2862 1491//2862
f 1492//2863 1387//2863 1493//2863
f 1385//2864 1387//2864 1492//2864
f 1493//2865 1388//2865 1494//2865
f 1387//2866 1388//2866 1493//2866
f 1494//2867 1391//2867 1495//2867
f 1388//2868 1391//2868 1494//2868
f 1495//2869 1392//2869 1496//2869
f 1391//2870 1392//2870 1495//2870
f 1496//2871 1394//2871 1497//2871
f 1392//2872 1394//2872 1496//2872
f 1497//2873 1398//2873 1498//2873
f 1394//2874 1398//2874 1497//2874
f 1498//2875 1399//2875 1499//2875
f 1398//2876 1399//2876 1498//2876
f 1499//2877 1401//2877 1500//2877
f 1399//2878 1401//2878 1499//2878
f 1500//2879 1402//2879 1501//2879
f 1401//2880 1402//2880 1500//2880
f 1501//2881 1405//2881 1502//2881
f 1402//2882 1405//2882 1501//2882
f 1405//2883 1407//2883 1502//2883
f 1502//2884 1407//2884 1503//2884
f 1407//2885 1410//2885 1503//2885
f 1503//2886 1410//2886 1504//2886
f 1410//2887 1411//2887 1504//2887
f 1504//2888 1411//2888 1505//2888
f 1411//2889 1412//2889 1505//2889
f 1505//2890 1412//2890 1506//2890
f 1412//2891 1416//2891 1506//2891
f 1506//2892 1416//2892 1507//2892
f 1416//2893 1418//2893 1507//2893
f 1507//2894 1418//2894 1508//2894
f 1508//2895 1418//2895 1509//2895
f 1418//2896 1419//2896 1509//2896
f 1419//2897 1421//2897 1509//2897
f 1509//2898 1421//2898 1510//2898
f 1421//2899 1422//2899 1510//2899
f 1510//2900 1422//2900 1511//2900
f 1422//2901 1426//2901 1511//2901
f 1511//2902 1426//2902 1512//2902
f 1426//2903 1428//2903 1512//2903
f 1512//2904 1428//2904 1513//2904
f 1513//2905 1428//2905 1514//2905
f 1428//2906 1429//2906 1514//2906
f 1429//2907 1431//2907 1514//2907
f 1514//2908 1431//2908 1515//2908
f 1431//2909 1433//2909 1515//2909
f 1515//2910 1433//2910 1516//2910
f 1433//2911 1436//2911 1516//2911
f 1516//2912 1436//2912 1517//2912
f 1436//2913 1438//2913 1517//2913
f 1517//2914 1438//2914 1518//2914
f 1438//2915 1439//2915 1518//2915
f 1518//2916 1439//2916 1519//2916
f 1439//2917 1440//2917 1519//2917
f 1519//2918 1440//2918 1520//2918
f 1440//2919 1437//2919 1520//2919
f 1520//2920 1437//2920 1521//2920
f 1437//2921 1435//2921 1521//2921
f 1521//2922 1435//2922 1522//2922
f 1435//2923 1434//2923 1522//2923
f 1522//2924 1434//2924 1523//2924
f 1523//2925 1432//2925 1524//2925
f 1434//2926 1432//2926 1523//2926
f 1524//2927 1430//2927 1525//2927
f 1432//2928 1430//2928 1524//2928
f 1525//2929 1427//2929 1526//2929
f 1430//2930 1427//2930 1525//2930
f 1526//2931 1425//2931 1527//2931
f 1427//2932 1425//2932 1526//2932
f 1527//2933 1424//2933 1528//2933
f 1425//2934 1424//2934 1527//2934
f 1424//2935 1423//2935 1528//2935
f 1528//2936 1423//2936 1529//2936
f 1423//2937 1420//2937 1529//2937
f 1529//2938 1420//2938 1530//2938
f 1420//2939 1417//2939 1530//2939
f 1530//2940 1417//2940 1531//2940
f 1417//2941 1415//2941 1531//2941
f 1531//2942 1415//2942 1532//2942
f 1415//2943 1414//2943 1532//2943
f 1532//2944 1414//2944 1533//2944
f 1533//2945 1414//2945 1534//2945
f 1414//2946 1413//2946 1534//2946
f 1413//2947 1409//2947 1534//2947
f 1534//2948 1409//2948 1535//2948
f 1409//2949 1408//2949 1535//2949
f 1535//2950 1408//2950 1536//2950
f 1408//2951 1406//2951 1536//2951
f 1536//2952 1406//2952 1537//2952
f 1537//2953 1406//2953 1538//2953
f 1406//2954 1404//2954 1538//2954
f 1404//2955 1403//2955 1538//2955
f 1538//2956 1403//2956 1539//2956
f 1403//2957 1400//2957 1539//2957
f 1539//2958 1400//2958 1540//2958
f 1540//2959 1397//2959 1541//2959
f 1400//2960 1397//2960 1540//2960
f 1541//2961 1396//2961 1542//2961
f 1397//2962 1396//2962 1541//2962
f 1542//2963 1395//2963 1543//2963
f 1396//2964 1395//2964 1542//2964
f 1543//2965 1393//2965 1544//2965
f 1395//2966 1393//2966 1543//2966
f 1544//2967 1390//2967 1545//2967
f 1393//2968 1390//2968 1544//2968
f 1545//2969 1389//2969 1546//2969
f 1390//2970 1389//2970 1545//2970
f 1546//2971 1386//2971 1547//2971
f 1389//2972 1386//2972 1546//2972
f 1547//2973 1384//2973 1548//2973
f 1548//2974 1384//2974 1549//2974
f 1386//2975 1384//2975 1547//2975
f 1549//2976 1382//2976 1550//2976
f 1384//2977 1382//2977 1549//2977
f 1382//2978 1380//2978 1550//2978
f 1550//2979 1378//2979 1551//2979
f 1380//2980 1378//2980 1550//2980
f 1551//2981 1376//2981 1552//2981
f 1552//2982 1376//2982 1553//2982
f 1378//2983 1376//2983 1551//2983
f 1553//2984 1374//2984 1554//2984
f 1376//2985 1374//2985 1553//2985
f 1374//2986 1372//2986 1554//2986
f 1372//2987 1370//2987 1554//2987
f 1554//2988 1370//2988 1555//2988
f 1555//2989 1370//2989 1556//2989
f 1370//2990 1368//2990 1556//2990
f 1556//2991 1368//2991 1557//2991
f 1368//2992 1366//2992 1557//2992
f 1557//2993 1366//2993 1558//2993
f 1366//2994 1364//2994 1558//2994
f 1558//2995 1362//2995 1559//2995
f 1559//2996 1362//2996 1560//2996
f 1364//2997 1362//2997 1558//2997
f 1560//2998 1360//2998 1561//2998
f 1362//2999 1360//2999 1560//2999
f 1360//3000 1358//3000 1561//3000
f 1561//3001 1356//3001 1562//3001
f 1358//3002 1356//3002 1561//3002
f 1562//3003 1354//3003 1563//3003
f 1563//3004 1354//3004 1564//3004
f 1356//3005 1354//3005 1562//3005
f 1564//3006 1352//3006 1565//3006
f 1354//3007 1352//3007 1564//3007
f 1352//3008 1350//3008 1565//3008
f 1565//3009 1348//3009 1566//3009
f 1566//3010 1348//3010 1441//3010
f 1350//3011 1348//3011 1565//3011
f 1348//3012 1346//3012 1441//3012
f 1567//3013 1456//3013 1457//3013
f 1567//3014 1457//3014 1568//3014
f 1569//3015 1457//3015 1458//3015
f 1569//3016 1568//3016 1457//3016
f 1570//3017 1455//3017 1456//3017
f 1570//3018 1456//3018 1567//3018
f 1571//3019 1458//3019 1459//3019
f 1571//3020 1569//3020 1458//3020
f 1572//3021 1454//3021 1455//3021
f 1572//3022 1455//3022 1570//3022
f 1573//3023 1459//3023 1460//3023
f 1573//3024 1571//3024 1459//3024
f 1574//3025 1454//3025 1572//3025
f 1574//3026 1453//3026 1454//3026
f 1575//3027 1460//3027 1461//3027
f 1575//3028 1573//3028 1460//3028
f 1576//3029 1453//3029 1574//3029
f 1576//3030 1452//3030 1453//3030
f 1577//3031 1461//3031 1462//3031
f 1577//3032 1575//3032 1461//3032
f 1578//3033 1451//3033 1452//3033
f 1578//3034 1452//3034 1576//3034
f 1579//3035 1462//3035 1463//3035
f 1579//3036 1577//3036 1462//3036
f 1580//3037 1450//3037 1451//3037
f 1580//3038 1451//3038 1578//3038
f 1581//3039 1463//3039 1464//3039
f 1581//3040 1579//3040 1463//3040
f 1582//3041 1449//3041 1450//3041
f 1582//3042 1450//3042 1580//3042
f 1583//3043 1581//3043 1464//3043
f 1583//3044 1464//3044 1465//3044
f 1584//3045 1448//3045 1449//3045
f 1584//3046 1449//3046 1582//3046
f 1585//3047 1465//3047 1466//3047
f 1585//3048 1583//3048 1465//3048
f 1586//3049 1447//3049 1448//3049
f 1586//3050 1448//3050 1584//3050
f 1587//3051 1466//3051 1467//3051
f 1587//3052 1585//3052 1466//3052
f 1588//3053 1446//3053 1447//3053
f 1588//3054 1447//3054 1586//3054
f 1589//3055 1467//3055 1468//3055
f 1589//3056 1587//3056 1467//3056
f 1590//3057 1444//3057 1445//3057
f 1590//3058 1445//3058 1446//3058
f 1590//3059 1446//3059 1588//3059
f 1591//3060 1468//3060 1469//3060
f 1591//3061 1469//3061 1470//3061
f 1591//3062 1589//3062 1468//3062
f 1592//3063 1444//3063 1590//3063
f 1593//3064 1591//3064 1470//3064
f 1594//3065 1443//3065 1444//3065
f 1594//3066 1444//3066 1592//3066
f 1595//3067 1470//3067 1471//3067
f 1595//3068 1593//3068 1470//3068
f 1596//3069 1442//3069 1443//3069
f 1596//3070 1443//3070 1594//3070
f 1597//3071 1471//3071 1472//3071
f 1597//3072 1472//3072 1473//3072
f 1597//3073 1595//3073 1471//3073
f 1598//3074 1441//3074 1442//3074
f 1598//3075 1442//3075 1596//3075
f 1599//3076 1597//3076 1473//3076
f 1600//3077 1566//3077 1441//3077
f 1600//3078 1441//3078 1598//3078
f 1601//3079 1599//3079 1473//3079
f 1601//3080 1473//3080 1474//3080
f 1602//3081 1565//3081 1566//3081
f 1602//3082 1566//3082 1600//3082
f 1603//3083 1601//3083 1474//3083
f 1603//3084 1474//3084 1475//3084
f 1604//3085 1565//3085 1602//3085
f 1604//3086 1564//3086 1565//3086
f 1605//3087 1603//3087 1475//3087
f 1605//3088 1475//3088 1476//3088
f 1606//3089 1563//3089 1564//3089
f 1606//3090 1564//3090 1604//3090
f 1607//3091 1605//3091 1476//3091
f 1607//3092 1476//3092 1477//3092
f 1607//3093 1477//3093 1478//3093
f 1608//3094 1563//3094 1606//3094
f 1608//3095 1562//3095 1563//3095
f 1609//3096 1607//3096 1478//3096
f 1610//3097 1561//3097 1562//3097
f 1610//3098 1562//3098 1608//3098
f 1611//3099 1609//3099 1478//3099
f 1611//3100 1478//3100 1479//3100
f 1612//3101 1560//3101 1561//3101
f 1612//3102 1561//3102 1610//3102
f 1613//3103 1611//3103 1479//3103
f 1613//3104 1479//3104 1480//3104
f 1614//3105 1558//3105 1559//3105
f 1614//3106 1559//3106 1560//3106
f 1614//3107 1560//3107 1612//3107
f 1615//3108 1480//3108 1481//3108
f 1615//3109 1613//3109 1480//3109
f 1616//3110 1558//3110 1614//3110
f 1617//3111 1481//3111 1482//3111
f 1617//3112 1615//3112 1481//3112
f 1618//3113 1557//3113 1558//3113
f 1618//3114 1558//3114 1616//3114
f 1619//3115 1482//3115 1483//3115
f 1619//3116 1617//3116 1482//3116
f 1620//3117 1556//3117 1557//3117
f 1620//3118 1557//3118 1618//3118
f 1621//3119 1483//3119 1484//3119
f 1621//3120 1619//3120 1483//3120
f 1622//3121 1555//3121 1556//3121
f 1622//3122 1556//3122 1620//3122
f 1623//3123 1484//3123 1485//3123
f 1623//3124 1621//3124 1484//3124
f 1624//3125 1553//3125 1554//3125
f 1624//3126 1554//3126 1555//3126
f 1624//3127 1555//3127 1622//3127
f 1625//3128 1485//3128 1486//3128
f 1625//3129 1623//3129 1485//3129
f 1626//3130 1553//3130 1624//3130
f 1552//3131 1553//3131 1626//3131
f 1627//3132 1486//3132 1487//3132
f 1627//3133 1625//3133 1486//3133
f 1628//3134 1552//3134 1626//3134
f 1629//3135 1487//3135 1488//3135
f 1629//3136 1627//3136 1487//3136
f 1551//3137 1552//3137 1628//3137
f 1551//3138 1628//3138 1630//3138
f 1631//3139 1629//3139 1488//3139
f 1632//3140 1551//3140 1630//3140
f 1489//3141 1631//3141 1488//3141
f 1633//3142 1631//3142 1489//3142
f 1550//3143 1551//3143 1632//3143
f 1490//3144 1633//3144 1489//3144
f 1549//3145 1550//3145 1632//3145
f 1549//3146 1632//3146 1634//3146
f 1491//3147 1633//3147 1490//3147
f 1491//3148 1635//3148 1633//3148
f 1491//3149 1636//3149 1635//3149
f 1548//3150 1549//3150 1634//3150
f 1548//3151 1637//3151 1638//3151
f 1548//3152 1634//3152 1637//3152
f 1492//3153 1636//3153 1491//3153
f 1547//3154 1548//3154 1638//3154
f 1493//3155 1636//3155 1492//3155
f 1493//3156 1639//3156 1636//3156
f 1493//3157 1640//3157 1639//3157
f 1546//3158 1638//3158 1641//3158
f 1546//3159 1547//3159 1638//3159
f 1494//3160 1640//3160 1493//3160
f 1494//3161 1642//3161 1640//3161
f 1545//3162 1641//3162 1643//3162
f 1545//3163 1546//3163 1641//3163
f 1495//3164 1642//3164 1494//3164
f 1544//3165 1643//3165 1644//3165
f 1544//3166 1545//3166 1643//3166
f 1496//3167 1642//3167 1495//3167
f 1496//3168 1645//3168 1642//3168
f 1543//3169 1544//3169 1644//3169
f 1543//3170 1644//3170 1646//3170
f 1497//3171 1645//3171 1496//3171
f 1497//3172 1647//3172 1645//3172
f 1542//3173 1543//3173 1646//3173
f 1542//3174 1646//3174 1648//3174
f 1498//3175 1649//3175 1647//3175
f 1498//3176 1650//3176 1649//3176
f 1498//3177 1647//3177 1497//3177
f 1541//3178 1542//3178 1648//3178
f 1541//3179 1648//3179 1651//3179
f 1499//3180 1650//3180 1498//3180
f 1499//3181 1652//3181 1650//3181
f 1540//3182 1651//3182 1653//3182
f 1540//3183 1541//3183 1651//3183
f 1500//3184 1652//3184 1499//3184
f 1500//3185 1654//3185 1652//3185
f 1539//3186 1655//3186 1656//3186
f 1539//3187 1653//3187 1655//3187
f 1539//3188 1540//3188 1653//3188
f 1501//3189 1654//3189 1500//3189
f 1538//3190 1539//3190 1656//3190
f 1502//3191 1654//3191 1501//3191
f 1502//3192 1657//3192 1654//3192
f 1537//3193 1656//3193 1658//3193
f 1537//3194 1538//3194 1656//3194
f 1503//3195 1657//3195 1502//3195
f 1503//3196 1659//3196 1657//3196
f 1503//3197 1660//3197 1659//3197
f 1536//3198 1658//3198 1661//3198
f 1536//3199 1537//3199 1658//3199
f 1504//3200 1660//3200 1503//3200
f 1504//3201 1662//3201 1660//3201
f 1535//3202 1661//3202 1663//3202
f 1535//3203 1536//3203 1661//3203
f 1505//3204 1662//3204 1504//3204
f 1534//3205 1663//3205 1664//3205
f 1534//3206 1535//3206 1663//3206
f 1506//3207 1662//3207 1505//3207
f 1506//3208 1665//3208 1662//3208
f 1533//3209 1664//3209 1666//3209
f 1533//3210 1534//3210 1664//3210
f 1507//3211 1667//3211 1665//3211
f 1507//3212 1668//3212 1667//3212
f 1507//3213 1665//3213 1506//3213
f 1532//3214 1666//3214 1669//3214
f 1532//3215 1533//3215 1666//3215
f 1508//3216 1668//3216 1507//3216
f 1508//3217 1670//3217 1668//3217
f 1531//3218 1669//3218 1671//3218
f 1531//3219 1532//3219 1669//3219
f 1509//3220 1670//3220 1508//3220
f 1530//3221 1531//3221 1671//3221
f 1530//3222 1671//3222 1672//3222
f 1510//3223 1670//3223 1509//3223
f 1510//3224 1673//3224 1670//3224
f 1529//3225 1674//3225 1675//3225
f 1529//3226 1672//3226 1674//3226
f 1529//3227 1530//3227 1672//3227
f 1511//3228 1673//3228 1510//3228
f 1511//3229 1676//3229 1673//3229
f 1528//3230 1529//3230 1675//3230
f 1512//3231 1676//3231 1511//3231
f 1512//3232 1677//3232 1676//3232
f 1527//3233 1678//3233 1679//3233
f 1527//3234 1675//3234 1678//3234
f 1527//3235 1528//3235 1675//3235
f 1513//3236 1677//3236 1512//3236
f 1513//3237 1680//3237 1677//3237
f 1513//3238 1681//3238 1680//3238
f 1526//3239 1527//3239 1679//3239
f 1514//3240 1681//3240 1513//3240
f 1525//3241 1679//3241 1682//3241
f 1525//3242 1526//3242 1679//3242
f 1515//3243 1681//3243 1514//3243
f 1515//3244 1683//3244 1681//3244
f 1524//3245 1684//3245 1685//3245
f 1524//3246 1682//3246 1684//3246
f 1524//3247 1525//3247 1682//3247
f 1516//3248 1686//3248 1687//3248
f 1516//3249 1683//3249 1515//3249
f 1516//3250 1687//3250 1683//3250
f 1523//3251 1524//3251 1685//3251
f 1517//3252 1686//3252 1516//3252
f 1522//3253 1685//3253 1688//3253
f 1522//3254 1523//3254 1685//3254
f 1518//3255 1689//3255 1686//3255
f 1518//3256 1686//3256 1517//3256
f 1521//3257 1690//3257 1691//3257
f 1521//3258 1688//3258 1690//3258
f 1521//3259 1522//3259 1688//3259
f 1519//3260 1692//3260 1689//3260
f 1519//3261 1689//3261 1518//3261
f 1520//3262 1691//3262 1692//3262
f 1520//3263 1521//3263 1691//3263
f 1520//3264 1692//3264 1519//3264
f 1598//3265 1596//3265 1783//3265
f 1783//3266 1596//3266 1693//3266
f 1693//3267 1594//3267 1694//3267
f 1694//3268 1594//3268 1695//3268
f 1596//3269 1594//3269 1693//3269
f 1594//3270 1592//3270 1695//3270
f 1695//3271 1590//3271 1775//3271
f 1775//3272 1590//3272 1776//3272
f 1592//3273 1590//3273 1695//3273
f 1590//3274 1588//3274 1776//3274
f 1776//3275 1586//3275 1785//3275
f 1588//3276 1586//3276 1776//3276
f 1785//3277 1584//3277 1696//3277
f 1696//3278 1584//3278 1697//3278
f 1586//3279 1584//3279 1785//3279
f 1584//3280 1582//3280 1697//3280
f 1697//3281 1580//3281 1698//3281
f 1582//3282 1580//3282 1697//3282
f 1698//3283 1578//3283 1699//3283
f 1580//3284 1578//3284 1698//3284
f 1578//3285 1576//3285 1699//3285
f 1699//3286 1576//3286 1700//3286
f 1700//3287 1576//3287 1701//3287
f 1576//3288 1574//3288 1701//3288
f 1574//3289 1572//3289 1701//3289
f 1701//3290 1572//3290 1702//3290
f 1572//3291 1570//3291 1702//3291
f 1702//3292 1570//3292 1703//3292
f 1703//3293 1567//3293 1704//3293
f 1704//3294 1567//3294 1705//3294
f 1570//3295 1567//3295 1703//3295
f 1567//3296 1568//3296 1705//3296
f 1705//3297 1569//3297 1706//3297
f 1568//3298 1569//3298 1705//3298
f 1706//3299 1571//3299 1707//3299
f 1707//3300 1571//3300 1708//3300
f 1569//3301 1571//3301 1706//3301
f 1571//3302 1573//3302 1708//3302
f 1708//3303 1575//3303 1709//3303
f 1573//3304 1575//3304 1708//3304
f 1709//3305 1577//3305 1710//3305
f 1575//3306 1577//3306 1709//3306
f 1710//3307 1579//3307 1711//3307
f 1577//3308 1579//3308 1710//3308
f 1711//3309 1581//3309 1712//3309
f 1579//3310 1581//3310 1711//3310
f 1712//3311 1583//3311 1713//3311
f 1581//3312 1583//3312 1712//3312
f 1713//3313 1585//3313 1714//3313
f 1583//3314 1585//3314 1713//3314
f 1714//3315 1587//3315 1715//3315
f 1585//3316 1587//3316 1714//3316
f 1715//3317 1589//3317 1716//3317
f 1587//3318 1589//3318 1715//3318
f 1716//3319 1591//3319 1717//3319
f 1717//3320 1591//3320 1718//3320
f 1589//3321 1591//3321 1716//3321
f 1591//3322 1593//3322 1718//3322
f 1718//3323 1595//3323 1719//3323
f 1593//3324 1595//3324 1718//3324
f 1719//3325 1597//3325 1720//3325
f 1595//3326 1597//3326 1719//3326
f 1720//3327 1599//3327 1721//3327
f 1597//3328 1599//3328 1720//3328
f 1721//3329 1601//3329 1722//3329
f 1599//3330 1601//3330 1721//3330
f 1722//3331 1603//3331 1723//3331
f 1601//3332 1603//3332 1722//3332
f 1723//3333 1605//3333 1724//3333
f 1603//3334 1605//3334 1723//3334
f 1724//3335 1607//3335 1725//3335
f 1605//3336 1607//3336 1724//3336
f 1725//3337 1609//3337 1726//3337
f 1726//3338 1609//3338 1727//3338
f 1607//3339 1609//3339 1725//3339
f 1609//3340 1611//3340 1727//3340
f 1727//3341 1611//3341 1728//3341
f 1611//3342 1613//3342 1728//3342
f 1613//3343 1615//3343 1728//3343
f 1728//3344 1615//3344 1729//3344
f 1615//3345 1617//3345 1729//3345
f 1729//3346 1617//3346 1730//3346
f 1617//3347 1619//3347 1730//3347
f 1730//3348 1619//3348 1731//3348
f 1619//3349 1621//3349 1731//3349
f 1731//3350 1621//3350 1732//3350
f 1621//3351 1623//3351 1732//3351
f 1732//3352 1623//3352 1733//3352
f 1623//3353 1625//3353 1733//3353
f 1733//3354 1625//3354 1734//3354
f 1625//3355 1627//3355 1734//3355
f 1734//3356 1627//3356 1735//3356
f 1735//3357 1627//3357 1736//3357
f 1627//3358 1629//3358 1736//3358
f 1736//3359 1631//3359 1737//3359
f 1629//3360 1631//3360 1736//3360
f 1737//3361 1633//3361 1738//3361
f 1631//3362 1633//3362 1737//3362
f 1738//3363 1635//3363 1739//3363
f 1739//3364 1635//3364 1791//3364
f 1633//3365 1635//3365 1738//3365
f 1635//3366 1636//3366 1791//3366
f 1791//3367 1639//3367 1790//3367
f 1790//3368 1639//3368 1794//3368
f 1636//3369 1639//3369 1791//3369
f 1639//3370 1640//3370 1794//3370
f 1794//3371 1642//3371 1795//3371
f 1795//3372 1642//3372 1740//3372
f 1640//3373 1642//3373 1794//3373
f 1642//3374 1645//3374 1740//3374
f 1740//3375 1647//3375 1741//3375
f 1645//3376 1647//3376 1740//3376
f 1741//3377 1649//3377 1742//3377
f 1742//3378 1649//3378 1797//3378
f 1647//3379 1649//3379 1741//3379
f 1649//3380 1650//3380 1797//3380
f 1797//3381 1652//3381 1801//3381
f 1650//3382 1652//3382 1797//3382
f 1801//3383 1654//3383 1743//3383
f 1652//3384 1654//3384 1801//3384
f 1743//3385 1657//3385 1744//3385
f 1654//3386 1657//3386 1743//3386
f 1657//3387 1659//3387 1744//3387
f 1744//3388 1659//3388 1745//3388
f 1745//3389 1659//3389 1746//3389
f 1659//3390 1660//3390 1746//3390
f 1746//3391 1660//3391 1747//3391
f 1660//3392 1662//3392 1747//3392
f 1662//3393 1665//3393 1747//3393
f 1747//3394 1665//3394 1748//3394
f 1748//3395 1665//3395 1749//3395
f 1665//3396 1667//3396 1749//3396
f 1749//3397 1667//3397 1805//3397
f 1667//3398 1668//3398 1805//3398
f 1805//3399 1668//3399 1806//3399
f 1668//3400 1670//3400 1806//3400
f 1670//3401 1673//3401 1806//3401
f 1806//3402 1673//3402 1750//3402
f 1750//3403 1673//3403 1751//3403
f 1673//3404 1676//3404 1751//3404
f 1676//3405 1677//3405 1751//3405
f 1751//3406 1677//3406 1752//3406
f 1677//3407 1680//3407 1752//3407
f 1752//3408 1680//3408 1809//3408
f 1809//3409 1680//3409 1813//3409
f 1680//3410 1681//3410 1813//3410
f 1681//3411 1683//3411 1813//3411
f 1813//3412 1683//3412 1812//3412
f 1683//3413 1687//3413 1812//3413
f 1812//3414 1687//3414 1814//3414
f 1687//3415 1686//3415 1814//3415
f 1814//3416 1686//3416 1817//3416
f 1817//3417 1686//3417 1753//3417
f 1686//3418 1689//3418 1753//3418
f 1689//3419 1692//3419 1753//3419
f 1753//3420 1692//3420 1754//3420
f 1692//3421 1691//3421 1754//3421
f 1754//3422 1691//3422 1755//3422
f 1755//3423 1691//3423 1818//3423
f 1691//3424 1690//3424 1818//3424
f 1690//3425 1688//3425 1818//3425
f 1818//3426 1688//3426 1756//3426
f 1688//3427 1685//3427 1756//3427
f 1756//3428 1685//3428 1815//3428
f 1815//3429 1684//3429 1816//3429
f 1685//3430 1684//3430 1815//3430
f 1816//3431 1684//3431 1810//3431
f 1684//3432 1682//3432 1810//3432
f 1810//3433 1679//3433 1811//3433
f 1682//3434 1679//3434 1810//3434
f 1811//3435 1678//3435 1808//3435
f 1679//3436 1678//3436 1811//3436
f 1808//3437 1675//3437 1757//3437
f 1678//3438 1675//3438 1808//3438
f 1675//3439 1674//3439 1757//3439
f 1757//3440 1674//3440 1807//3440
f 1674//3441 1672//3441 1807//3441
f 1807//3442 1672//3442 1758//3442
f 1672//3443 1671//3443 1758//3443
f 1758//3444 1671//3444 1804//3444
f 1671//3445 1669//3445 1804//3445
f 1804//3446 1669//3446 1759//3446
f 1759//3447 1669//3447 1803//3447
f 1669//3448 1666//3448 1803//3448
f 1666//3449 1664//3449 1803//3449
f 1803//3450 1664//3450 1760//3450
f 1664//3451 1663//3451 1760//3451
f 1760//3452 1663//3452 1761//3452
f 1663//3453 1661//3453 1761//3453
f 1761//3454 1661//3454 1802//3454
f 1661//3455 1658//3455 1802//3455
f 1802//3456 1658//3456 1800//3456
f 1658//3457 1656//3457 1800//3457
f 1800//3458 1656//3458 1798//3458
f 1656//3459 1655//3459 1798//3459
f 1798//3460 1655//3460 1762//3460
f 1655//3461 1653//3461 1762//3461
f 1762//3462 1653//3462 1799//3462
f 1799//3463 1651//3463 1763//3463
f 1653//3464 1651//3464 1799//3464
f 1763//3465 1648//3465 1764//3465
f 1651//3466 1648//3466 1763//3466
f 1764//3467 1646//3467 1796//3467
f 1648//3468 1646//3468 1764//3468
f 1796//3469 1644//3469 1793//3469
f 1646//3470 1644//3470 1796//3470
f 1793//3471 1643//3471 1765//3471
f 1765//3472 1643//3472 1792//3472
f 1644//3473 1643//3473 1793//3473
f 1643//3474 1641//3474 1792//3474
f 1792//3475 1638//3475 1788//3475
f 1641//3476 1638//3476 1792//3476
f 1788//3477 1637//3477 1789//3477
f 1638//3478 1637//3478 1788//3478
f 1789//3479 1634//3479 1786//3479
f 1637//3480 1634//3480 1789//3480
f 1786//3481 1632//3481 1766//3481
f 1634//3482 1632//3482 1786//3482
f 1766//3483 1630//3483 1787//3483
f 1632//3484 1630//3484 1766//3484
f 1787//3485 1628//3485 1767//3485
f 1630//3486 1628//3486 1787//3486
f 1628//3487 1626//3487 1767//3487
f 1767//3488 1626//3488 1768//3488
f 1626//3489 1624//3489 1768//3489
f 1768//3490 1624//3490 1769//3490
f 1624//3491 1622//3491 1769//3491
f 1769//3492 1622//3492 1770//3492
f 1622//3493 1620//3493 1770//3493
f 1770//3494 1620//3494 1784//3494
f 1620//3495 1618//3495 1784//3495
f 1784//3496 1618//3496 1782//3496
f 1782//3497 1616//3497 1771//3497
f 1618//3498 1616//3498 1782//3498
f 1771//3499 1614//3499 1772//3499
f 1616//3500 1614//3500 1771//3500
f 1772//3501 1612//3501 1773//3501
f 1773//3502 1612//3502 1779//3502
f 1614//3503 1612//3503 1772//3503
f 1612//3504 1610//3504 1779//3504
f 1779//3505 1608//3505 1780//3505
f 1610//3506 1608//3506 1779//3506
f 1780//3507 1606//3507 1781//3507
f 1608//3508 1606//3508 1780//3508
f 1781//3509 1604//3509 1774//3509
f 1606//3510 1604//3510 1781//3510
f 1774//3511 1602//3511 1777//3511
f 1604//3512 1602//3512 1774//3512
f 1777//3513 1600//3513 1778//3513
f 1778//3514 1600//3514 1783//3514
f 1602//3515 1600//3515 1777//3515
f 1600//3516 1598//3516 1783//3516
f 1702//3517 1703//3517 1704//3517
f 1708//3518 1704//3518 1705//3518
f 1708//3519 1705//3519 1706//3519
f 1708//3520 1706//3520 1707//3520
f 1699//3521 1700//3521 1701//3521
f 1711//3522 1708//3522 1709//3522
f 1711//3523 1709//3523 1710//3523
f 1697//3524 1698//3524 1699//3524
f 1713//3525 1711//3525 1712//3525
f 1696//3526 1701//3526 1702//3526
f 1696//3527 1697//3527 1699//3527
f 1696//3528 1699//3528 1701//3528
f 1714//3529 1711//3529 1713//3529
f 1717//3530 1715//3530 1716//3530
f 1694//3531 1695//3531 1775//3531
f 1694//3532 1775//3532 1776//3532
f 1720//3533 1718//3533 1719//3533
f 1721//3534 1717//3534 1718//3534
f 1721//3535 1718//3535 1720//3535
f 1774//3536 1777//3536 1778//3536
f 1726//3537 1722//3537 1723//3537
f 1726//3538 1723//3538 1724//3538
f 1726//3539 1724//3539 1725//3539
f 1773//3540 1779//3540 1780//3540
f 1729//3541 1722//3541 1726//3541
f 1729//3542 1721//3542 1722//3542
f 1729//3543 1726//3543 1727//3543
f 1729//3544 1727//3544 1728//3544
f 1771//3545 1772//3545 1773//3545
f 1771//3546 1780//3546 1781//3546
f 1771//3547 1773//3547 1780//3547
f 1782//3548 1783//3548 1693//3548
f 1782//3549 1693//3549 1694//3549
f 1782//3550 1771//3550 1781//3550
f 1782//3551 1781//3551 1774//3551
f 1782//3552 1778//3552 1783//3552
f 1782//3553 1774//3553 1778//3553
f 1731//3554 1729//3554 1730//3554
f 1770//3555 1784//3555 1782//3555
f 1733//3556 1729//3556 1731//3556
f 1733//3557 1731//3557 1732//3557
f 1768//3558 1782//3558 1694//3558
f 1768//3559 1776//3559 1785//3559
f 1768//3560 1770//3560 1782//3560
f 1768//3561 1769//3561 1770//3561
f 1768//3562 1694//3562 1776//3562
f 1735//3563 1714//3563 1715//3563
f 1735//3564 1729//3564 1733//3564
f 1735//3565 1708//3565 1711//3565
f 1735//3566 1733//3566 1734//3566
f 1735//3567 1711//3567 1714//3567
f 1735//3568 1717//3568 1721//3568
f 1735//3569 1715//3569 1717//3569
f 1735//3570 1721//3570 1729//3570
f 1767//3571 1785//3571 1696//3571
f 1767//3572 1768//3572 1785//3572
f 1738//3573 1735//3573 1736//3573
f 1738//3574 1736//3574 1737//3574
f 1786//3575 1766//3575 1787//3575
f 1739//3576 1735//3576 1738//3576
f 1788//3577 1789//3577 1786//3577
f 1790//3578 1739//3578 1791//3578
f 1792//3579 1788//3579 1786//3579
f 1793//3580 1765//3580 1792//3580
f 1740//3581 1790//3581 1794//3581
f 1740//3582 1794//3582 1795//3582
f 1740//3583 1735//3583 1739//3583
f 1740//3584 1739//3584 1790//3584
f 1764//3585 1796//3585 1793//3585
f 1764//3586 1787//3586 1767//3586
f 1764//3587 1786//3587 1787//3587
f 1764//3588 1793//3588 1792//3588
f 1764//3589 1792//3589 1786//3589
f 1797//3590 1735//3590 1740//3590
f 1797//3591 1740//3591 1741//3591
f 1797//3592 1741//3592 1742//3592
f 1798//3593 1762//3593 1799//3593
f 1800//3594 1763//3594 1764//3594
f 1800//3595 1798//3595 1799//3595
f 1800//3596 1799//3596 1763//3596
f 1745//3597 1797//3597 1801//3597
f 1745//3598 1801//3598 1743//3598
f 1745//3599 1743//3599 1744//3599
f 1745//3600 1735//3600 1797//3600
f 1760//3601 1761//3601 1802//3601
f 1748//3602 1745//3602 1746//3602
f 1748//3603 1746//3603 1747//3603
f 1803//3604 1760//3604 1802//3604
f 1749//3605 1745//3605 1748//3605
f 1759//3606 1803//3606 1802//3606
f 1804//3607 1759//3607 1802//3607
f 1750//3608 1745//3608 1749//3608
f 1750//3609 1749//3609 1805//3609
f 1750//3610 1805//3610 1806//3610
f 1807//3611 1804//3611 1802//3611
f 1807//3612 1758//3612 1804//3612
f 1807//3613 1802//3613 1800//3613
f 1751//3614 1745//3614 1750//3614
f 1752//3615 1745//3615 1751//3615
f 1808//3616 1757//3616 1807//3616
f 1809//3617 1745//3617 1752//3617
f 1810//3618 1800//3618 1764//3618
f 1810//3619 1808//3619 1807//3619
f 1810//3620 1811//3620 1808//3620
f 1810//3621 1807//3621 1800//3621
f 1812//3622 1809//3622 1813//3622
f 1814//3623 1745//3623 1809//3623
f 1814//3624 1809//3624 1812//3624
f 1815//3625 1816//3625 1810//3625
f 1756//3626 1815//3626 1810//3626
f 1753//3627 1735//3627 1745//3627
f 1753//3628 1702//3628 1704//3628
f 1753//3629 1704//3629 1708//3629
f 1753//3630 1708//3630 1735//3630
f 1753//3631 1745//3631 1814//3631
f 1753//3632 1696//3632 1702//3632
f 1753//3633 1814//3633 1817//3633
f 1755//3634 1767//3634 1696//3634
f 1755//3635 1810//3635 1764//3635
f 1755//3636 1696//3636 1753//3636
f 1755//3637 1756//3637 1810//3637
f 1755//3638 1764//3638 1767//3638
f 1755//3639 1753//3639 1754//3639
f 1755//3640 1818//3640 1756//3640
