# Created by FreeCAD <https://www.freecad.org>
v -2.437810 11.673162 37.849998
v -2.437810 11.673162 47.200001
v -2.518938 11.653851 37.849998
v -2.518938 11.653851 47.200001
v -2.598867 11.630061 47.200001
v -2.598867 11.630061 37.849998
v -2.677351 11.601867 47.200001
v -2.677351 11.601867 37.849998
v -2.754146 11.569353 47.200001
v -2.754146 11.569353 37.849998
v -2.829016 11.532622 47.200001
v -2.829016 11.532622 37.849998
v -2.901728 11.491788 47.200001
v -2.901728 11.491788 37.849998
v -2.972059 11.446975 37.849998
v -2.972059 11.446975 47.200001
v -3.039791 11.398323 47.200001
v -3.039791 11.398323 37.849998
v -3.104714 11.345982 47.200001
v -3.104714 11.345982 37.849998
v -3.166629 11.290113 37.849998
v -3.166629 11.290113 47.200001
v -3.225342 11.230891 47.200001
v -3.225342 11.230891 37.849998
v -3.280674 11.168497 47.200001
v -3.280674 11.168497 37.849998
v -3.332452 11.103124 37.849998
v -3.332452 11.103124 47.200001
v -3.380517 11.034974 47.200001
v -3.380517 11.034974 37.849998
v -3.424721 10.964259 47.200001
v -3.424721 10.964259 37.849998
v -3.464927 10.891196 47.200001
v -3.464927 10.891196 37.849998
v -3.501009 10.816012 37.849998
v -3.501009 10.816012 47.200001
v -3.532858 10.738939 47.200001
v -3.532858 10.738939 37.849998
v -3.560374 10.660215 47.200001
v -3.560374 10.660215 37.849998
v -3.583473 10.580084 37.849998
v -3.583473 10.580084 47.200001
v -3.602083 10.498792 37.849998
v -3.602083 10.498792 47.200001
v -3.616146 10.416592 47.200001
v -3.616146 10.416592 37.849998
v -3.625619 10.333737 37.849998
v -3.625619 10.333737 47.200001
v -3.630473 10.250484 47.200001
v -3.630473 10.250484 37.849998
v -3.630692 10.167090 47.200001
v -3.630692 10.167090 37.849998
v -3.626277 10.083813 47.200001
v -3.626277 10.083813 37.849998
v -3.617240 10.000910 47.200001
v -3.617240 10.000910 37.849998
v -3.603610 9.918636 47.200001
v -3.603610 9.918636 37.849998
v -3.585429 9.837249 47.200001
v -3.585429 9.837249 37.849998
v -3.562752 9.756996 47.200001
v -3.562752 9.756996 37.849998
v -3.535651 9.678128 37.849998
v -3.535651 9.678128 47.200001
v -3.504209 9.600888 47.200001
v -3.504209 9.600888 37.849998
v -3.468523 9.525516 37.849998
v -3.468523 9.525516 47.200001
v -3.428702 9.452242 37.849998
v -3.428702 9.452242 47.200001
v -3.384871 9.381295 47.200001
v -3.384871 9.381295 37.849998
v -3.337166 9.312894 37.849998
v -3.337166 9.312894 47.200001
v -3.285732 9.247249 47.200001
v -3.285732 9.247249 37.849998
v -3.230730 9.184565 47.200001
v -3.230730 9.184565 37.849998
v -3.172329 9.125033 37.849998
v -3.172329 9.125033 47.200001
v -3.110710 9.068839 37.849998
v -3.110710 9.068839 47.200001
v -3.046063 9.016157 47.200001
v -3.046063 9.016157 37.849998
v -2.978589 8.967150 37.849998
v -2.978589 8.967150 47.200001
v -2.908494 8.921967 37.849998
v -2.908494 8.921967 47.200001
v -2.835998 8.880750 47.200001
v -2.835998 8.880750 37.849998
v -2.761322 8.843625 47.200001
v -2.761322 8.843625 37.849998
v -2.684700 8.810708 47.200001
v -2.684700 8.810708 37.849998
v -2.606365 8.782101 37.849998
v -2.606365 8.782101 47.200001
v -2.526563 8.757890 47.200001
v -2.526563 8.757890 37.849998
v -2.445538 8.738153 37.849998
v -2.445538 8.738153 47.200001
v -2.363541 8.722948 47.200001
v -2.363541 8.722948 37.849998
v -2.280826 8.712324 37.849998
v -2.280826 8.712324 47.200001
v -2.197649 8.706313 47.200001
v -2.197649 8.706313 37.849998
v -2.114266 8.704935 37.849998
v -2.114266 8.704935 47.200001
v -2.030935 8.708192 47.200001
v -2.030935 8.708192 37.849998
v -1.947914 8.716076 37.849998
v -1.947914 8.716076 47.200001
v -1.865460 8.728560 37.849998
v -1.865460 8.728560 47.200001
v -1.783826 8.745609 47.200001
v -1.783826 8.745609 37.849998
v -1.703267 8.767167 47.200001
v -1.703267 8.767167 37.849998
v -1.624030 8.793170 37.849998
v -1.624030 8.793170 47.200001
v -1.546360 8.823536 47.200001
v -1.546360 8.823536 37.849998
v -1.470499 8.858171 47.200001
v -1.470499 8.858171 37.849998
v -1.396679 8.896969 47.200001
v -1.396679 8.896969 37.849998
v -1.325129 8.939809 47.200001
v -1.325129 8.939809 37.849998
v -1.256071 8.986559 47.200001
v -1.256071 8.986559 37.849998
v -1.189718 9.037075 37.849998
v -1.189718 9.037075 47.200001
v -1.126275 9.091201 47.200001
v -1.126275 9.091201 37.849998
v -1.065938 9.148768 37.849998
v -1.065938 9.148768 47.200001
v -1.008893 9.209600 47.200001
v -1.008893 9.209600 37.849998
v -0.955317 9.273509 47.200001
v -0.955317 9.273509 37.849998
v -0.905376 9.340296 47.200001
v -0.905376 9.340296 37.849998
v -0.859224 9.409755 47.200001
v -0.859224 9.409755 37.849998
v -0.817003 9.481671 47.200001
v -0.817003 9.481671 37.849998
v -0.778844 9.555823 37.849998
v -0.778844 9.555823 47.200001
v -0.744865 9.631982 37.849998
v -0.744865 9.631982 47.200001
v -0.715171 9.709910 47.200001
v -0.715171 9.709910 37.849998
v -0.689854 9.789370 47.200001
v -0.689854 9.789370 37.849998
v -0.668992 9.870111 37.849998
v -0.668992 9.870111 47.200001
v -0.652649 9.951889 47.200001
v -0.652649 9.951889 37.849998
v -0.640876 10.034449 47.200001
v -0.640876 10.034449 37.849998
v -0.633710 10.117535 37.849998
v -0.633710 10.117535 47.200001
v -0.631173 10.200891 47.200001
v -0.631173 10.200891 37.849998
v -0.633271 10.284258 37.849998
v -0.633271 10.284258 47.200001
v -0.640000 10.367381 37.849998
v -0.640000 10.367381 47.200001
v -0.651338 10.450001 37.849998
v -0.651338 10.450001 47.200001
v -0.667249 10.531863 47.200001
v -0.667249 10.531863 37.849998
v -0.687686 10.612715 37.849998
v -0.687686 10.612715 47.200001
v -0.712584 10.692306 47.200001
v -0.712584 10.692306 37.849998
v -0.741868 10.770390 37.849998
v -0.741868 10.770390 47.200001
v -0.775445 10.846725 47.200001
v -0.775445 10.846725 37.849998
v -0.813213 10.921077 37.849998
v -0.813213 10.921077 47.200001
v -0.855054 10.993216 47.200001
v -0.855054 10.993216 37.849998
v -0.900841 11.062917 37.849998
v -0.900841 11.062917 47.200001
v -0.950429 11.129966 47.200001
v -0.950429 11.129966 37.849998
v -1.003668 11.194155 37.849998
v -1.003668 11.194155 47.200001
v -1.060391 11.255286 47.200001
v -1.060391 11.255286 37.849998
v -1.120425 11.313171 47.200001
v -1.120425 11.313171 37.849998
v -1.183582 11.367630 47.200001
v -1.183582 11.367630 37.849998
v -1.249668 11.418495 37.849998
v -1.249668 11.418495 47.200001
v -1.318479 11.465609 47.200001
v -1.318479 11.465609 37.849998
v -1.389802 11.508825 47.200001
v -1.389802 11.508825 37.849998
v -1.463416 11.548011 37.849998
v -1.463416 11.548011 47.200001
v -1.539095 11.583045 47.200001
v -1.539095 11.583045 37.849998
v -1.616603 11.613819 37.849998
v -1.616603 11.613819 47.200001
v -1.695702 11.640239 47.200001
v -1.695702 11.640239 37.849998
v -1.776147 11.662221 37.849998
v -1.776147 11.662221 47.200001
v -1.857689 11.679699 47.200001
v -1.857689 11.679699 37.849998
v -1.940077 11.692618 37.849998
v -1.940077 11.692618 47.200001
v -2.023055 11.700938 47.200001
v -2.023055 11.700938 37.849998
v -2.106368 11.704635 37.849998
v -2.106368 11.704635 47.200001
v -2.189757 11.703695 47.200001
v -2.189757 11.703695 37.849998
v -2.272965 11.698122 47.200001
v -2.272965 11.698122 37.849998
v -2.355735 11.687934 47.200001
v -2.355735 11.687934 37.849998
v -2.526396 12.097343 47.633335
v -2.315806 12.129336 47.633335
v -2.453047 12.330608 47.849998
v -2.482103 11.885253 47.416668
v -2.570689 12.309435 47.849998
v -2.686972 12.281756 47.849998
v -2.664832 11.836448 47.416668
v -2.841084 11.767838 47.416668
v -2.732188 12.042379 47.633335
v -2.801537 12.247658 47.849998
v -2.914030 12.207245 47.849998
v -3.008718 11.680255 47.416668
v -2.930685 11.965110 47.633335
v -3.024103 12.160643 47.849998
v -3.131417 12.107995 47.849998
v -3.165699 11.574762 47.416668
v -3.119476 11.866472 47.633335
v -3.235638 12.049465 47.849998
v -3.336446 11.985234 47.849998
v -3.310123 11.452641 47.416668
v -3.296271 11.747665 47.633335
v -3.433528 11.915500 47.849998
v -3.526585 11.840477 47.849998
v -3.440236 11.315372 47.416668
v -3.458923 11.610130 47.633335
v -3.615329 11.760399 47.849998
v -3.699485 11.675513 47.849998
v -3.554459 11.164624 47.416668
v -3.778793 11.586082 47.849998
v -3.605458 11.455537 47.633335
v -3.853009 11.492380 47.849998
v -3.651404 11.002225 47.416668
v -3.921903 11.394700 47.849998
v -3.734097 11.285762 47.633335
v -3.985261 11.293341 47.849998
v -3.729897 10.830147 47.416668
v -4.042889 11.188618 47.849998
v -3.843279 11.102866 47.633335
v -4.094608 11.080854 47.849998
v -3.788982 10.650478 47.416668
v -3.931678 10.909069 47.633335
v -4.140258 10.970383 47.849998
v -4.179698 10.857545 47.849998
v -3.827944 10.465401 47.416668
v -3.998221 10.706724 47.633335
v -4.212806 10.742689 47.849998
v -4.239479 10.626171 47.849998
v -3.846310 10.277160 47.416668
v -4.259636 10.508351 47.849998
v -4.042101 10.498287 47.633335
v -4.273214 10.389593 47.849998
v -3.843856 10.088040 47.416668
v -4.062784 10.286287 47.633335
v -4.280172 10.270264 47.849998
v -4.280487 10.150732 47.849998
v -3.820612 9.900340 47.416668
v -4.274158 10.031368 47.849998
v -4.060020 10.073299 47.633335
v -4.261205 9.912540 47.849998
v -3.776861 9.716335 47.416668
v -4.033843 9.861908 47.633335
v -4.241669 9.794616 47.849998
v -4.215609 9.677958 47.849998
v -3.713133 9.538260 47.416668
v -3.984570 9.654679 47.633335
v -4.183106 9.562931 47.849998
v -4.144261 9.449886 47.849998
v -3.630203 9.368277 47.416668
v -3.912799 9.454129 47.633335
v -4.099194 9.339176 47.849998
v -4.048043 9.231142 47.849998
v -3.529076 9.208447 47.416668
v -3.819401 9.262691 47.633335
v -3.990968 9.126117 47.849998
v -3.928144 9.024426 47.849998
v -3.410980 9.060714 47.416668
v -3.705511 9.082689 47.633335
v -3.859765 8.926384 47.849998
v -3.786044 8.832293 47.849998
v -3.277349 8.926868 47.416668
v -3.572510 8.916309 47.633335
v -3.707207 8.742445 47.849998
v -3.623499 8.657117 47.849998
v -3.129805 8.808535 47.416668
v -3.422013 8.765571 47.633335
v -3.535178 8.576572 47.849998
v -3.442518 8.501061 47.849998
v -2.970139 8.707151 47.416668
v -3.255847 8.632302 47.633335
v -3.345804 8.430817 47.849998
v -3.245336 8.366055 47.849998
v -2.800289 8.623947 47.416668
v -3.076029 8.518123 47.633335
v -3.141424 8.306977 47.849998
v -3.034390 8.253766 47.849998
v -2.622317 8.559934 47.416668
v -2.884742 8.424417 47.633335
v -2.924563 8.206585 47.849998
v -2.812285 8.165580 47.849998
v -2.438383 8.515886 47.416668
v -2.684307 8.352324 47.633335
v -2.697901 8.130878 47.849998
v -2.581765 8.102588 47.849998
v -2.250720 8.492341 47.416668
v -2.477158 8.302717 47.633335
v -2.464236 8.080795 47.849998
v -2.345678 8.065567 47.849998
v -2.061605 8.489583 47.416668
v -2.265809 8.276200 47.633335
v -2.226457 8.056952 47.849998
v -2.106942 8.054976 47.849998
v -1.873335 8.507646 47.416668
v -2.052825 8.273094 47.633335
v -1.987501 8.059645 47.849998
v -1.868504 8.070945 47.849998
v -1.688194 8.546310 47.416668
v -1.840793 8.293437 47.633335
v -1.750320 8.088840 47.849998
v -1.508431 8.605107 47.416668
v -1.632285 8.336982 47.633335
v -1.633312 8.113276 47.849998
v -1.517843 8.144176 47.849998
v -1.336227 8.683323 47.416668
v -1.429833 8.403199 47.633335
v -1.404270 8.181446 47.849998
v -1.292944 8.224971 47.849998
v -1.173672 8.780007 47.416668
v -1.235895 8.491286 47.633335
v -1.184209 8.274614 47.849998
v -1.078400 8.330224 47.849998
v -1.022740 8.893987 47.416668
v -1.052823 8.600174 47.633335
v -0.975846 8.391629 47.849998
v -0.876863 8.458638 47.849998
v -0.885263 9.023879 47.416668
v -0.882842 8.728539 47.633335
v -0.781757 8.531044 47.849998
v -0.690821 8.608624 47.849998
v -0.762910 9.168106 47.416668
v -0.728013 8.874826 47.633335
v -0.604338 8.691138 47.849998
v -0.522574 8.778331 47.849998
v -0.657165 9.324919 47.416668
v -0.590217 9.037257 47.633335
v -0.445782 8.869932 47.849998
v -0.374200 8.965660 47.849998
v -0.569313 9.492412 47.416668
v -0.471126 9.213861 47.633335
v -0.308048 9.065219 47.849998
v -0.247532 9.168299 47.849998
v -0.500419 9.668552 47.416668
v -0.372185 9.402493 47.633335
v -0.192837 9.274584 47.849998
v -0.144134 9.383743 47.849998
v -0.451320 9.851203 47.416668
v -0.294596 9.600865 47.633335
v -0.101573 9.495441 47.849998
v -0.065285 9.609332 47.849998
v -0.422613 10.038146 47.416668
v -0.239301 9.806569 47.633335
v -0.035382 9.725063 47.849998
v -0.011958 9.842278 47.849998
v -0.414645 10.227113 47.416668
v -0.206970 10.017107 47.633335
v 0.004916 9.960612 47.849998
v 0.015188 10.079702 47.849998
v -0.427514 10.415810 47.416668
v -0.197997 10.229924 47.633335
v 0.018825 10.199179 47.849998
v 0.015817 10.318673 47.849998
v -0.461062 10.601945 47.416668
v 0.006173 10.437815 47.849998
v -0.212489 10.442436 47.633335
v -0.010078 10.556237 47.849998
v -0.514883 10.783259 47.416668
v -0.032885 10.673573 47.849998
v -0.250272 10.652064 47.633335
v -0.062177 10.789460 47.849998
v -0.588324 10.957554 47.416668
v -0.097865 10.903541 47.849998
v -0.310886 10.856264 47.633335
v -0.139838 11.015461 47.849998
v -0.680493 11.122711 47.416668
v -0.187965 11.124876 47.849998
v -0.393596 11.052556 47.633335
v -0.242099 11.231447 47.849998
v -0.790271 11.276726 47.416668
v -0.302072 11.334845 47.849998
v -0.497398 11.238559 47.633335
v -0.367699 11.434750 47.849998
v -0.916325 11.417730 47.416668
v -0.621031 11.412013 47.633335
v -0.438776 11.530853 47.849998
v -0.515085 11.622858 47.849998
v -1.057127 11.544011 47.416668
v -0.596388 11.710480 47.849998
v -0.762996 11.570813 47.633335
v -0.682436 11.793448 47.849998
v -1.210965 11.654037 47.416668
v -0.772961 11.871506 47.849998
v -0.921568 11.713033 47.633335
v -0.867685 11.944412 47.849998
v -1.375974 11.746470 47.416668
v -0.966314 12.011942 47.849998
v -1.094823 11.836945 47.633335
v -1.068544 12.073885 47.849998
v -1.550149 11.820191 47.416668
v -1.174058 12.130052 47.849998
v -1.280658 11.941046 47.633335
v -1.282530 12.180267 47.849998
v -1.731378 11.874305 47.416668
v -1.393625 12.224378 47.849998
v -1.476817 12.024071 47.633335
v -1.507001 12.262245 47.849998
v -1.917459 11.908152 47.416668
v -1.622305 12.293753 47.849998
v -1.680919 12.085013 47.633335
v -1.739182 12.318805 47.849998
v -2.106134 11.921324 47.416668
v -1.857271 12.337322 47.849998
v -1.890486 12.123134 47.633335
v -1.976207 12.349248 47.849998
v -2.295114 11.913660 47.416668
v -2.095621 12.354546 47.849998
v -2.102975 12.137967 47.633335
v -2.215146 12.353199 47.849998
v -2.334410 12.345212 47.849998
v 0.320415 8.475752 37.849998
v 0.412720 8.614671 37.849998
v 0.497162 8.758504 37.849998
v 0.220533 8.342178 37.849998
v 0.573479 8.906808 37.849998
v 0.113381 8.214362 37.849998
v 0.641437 9.059124 37.849998
v -0.000708 8.092698 37.849998
v 0.700825 9.214982 37.849998
v -0.121382 7.977562 37.849998
v 0.751460 9.373899 37.849998
v -0.248269 7.869311 37.849998
v 0.793184 9.535384 37.849998
v -0.380975 7.768279 37.849998
v 0.825869 9.698939 37.849998
v 0.849414 9.864058 37.849998
v -0.519091 7.674778 37.849998
v -0.662190 7.589097 37.849998
v 0.863747 10.030230 37.849998
v -0.809830 7.511502 37.849998
v 0.868822 10.196940 37.849998
v -0.961554 7.442231 37.849998
v 0.864625 10.363677 37.849998
v -1.116892 7.381500 37.849998
v 0.851168 10.529922 37.849998
v -1.275366 7.329495 37.849998
v 0.828492 10.695162 37.849998
v -1.436486 7.286378 37.849998
v 0.796668 10.858887 37.849998
v 0.755795 11.020590 37.849998
v -1.599752 7.252282 37.849998
v 0.705998 11.179771 37.849998
v -1.764661 7.227312 37.849998
v -1.930703 7.211545 37.849998
v 0.647432 11.335939 37.849998
v -2.097364 7.205030 37.849998
v 0.580277 11.488611 37.849998
v -2.264130 7.207788 37.849998
v 0.504741 11.637315 37.849998
v -2.430485 7.219809 37.849998
v 0.421058 11.781591 37.849998
v -2.595915 7.241056 37.849998
v 0.329486 11.920994 37.849998
v -2.759908 7.271465 37.849998
v 0.230308 12.055091 37.849998
v -2.921958 7.310941 37.849998
v 0.123832 12.183471 37.849998
v -3.081564 7.359361 37.849998
v 0.010385 12.305734 37.849998
v -3.238232 7.416577 37.849998
v -0.109682 12.421503 37.849998
v -0.235996 12.530420 37.849998
v -3.391478 7.482411 37.849998
v -3.540828 7.556660 37.849998
v -0.368169 12.632151 37.849998
v -3.685822 7.639094 37.849998
v -0.505791 12.726377 37.849998
v -3.826010 7.729459 37.849998
v -0.648437 12.812810 37.849998
v -3.960959 7.827475 37.849998
v -0.795666 12.891182 37.849998
v -4.090253 7.932839 37.849998
v -0.947022 12.961250 37.849998
v -4.213491 8.045226 37.849998
v -1.102039 13.022799 37.849998
v -4.330293 8.164289 37.849998
v -1.260237 13.075638 37.849998
v -4.440297 8.289659 37.849998
v -1.421127 13.119602 37.849998
v -4.543164 8.420947 37.849998
v -1.584212 13.154558 37.849998
v -4.638576 8.557751 37.849998
v -1.748987 13.180396 37.849998
v -4.726237 8.699645 37.849998
v -1.914943 13.197038 37.849998
v -4.805878 8.846191 37.849998
v -2.081568 13.204430 37.849998
v -4.877250 8.996938 37.849998
v -2.248346 13.202550 37.849998
v -4.940135 9.151417 37.849998
v -2.414762 13.191405 37.849998
v -4.994338 9.309153 37.849998
v -2.580302 13.171029 37.849998
v -5.039690 9.469657 37.849998
v -2.744453 13.141484 37.849998
v -5.076053 9.632434 37.849998
v -2.906708 13.102862 37.849998
v -5.103313 9.796980 37.849998
v -3.066567 13.055283 37.849998
v -5.121387 9.962787 37.849998
v -3.223534 12.998893 37.849998
v -5.130217 10.129341 37.849998
v -3.377125 12.933867 37.849998
v -5.129778 10.296129 37.849998
v -3.526864 12.860406 37.849998
v -5.120070 10.462635 37.849998
v -3.672289 12.778736 37.849998
v -5.101124 10.628345 37.849998
v -3.812951 12.689111 37.849998
v -5.072998 10.792745 37.849998
v -3.948415 12.591806 37.849998
v -5.035779 10.955328 37.849998
v -4.078261 12.487124 37.849998
v -4.989582 11.115591 37.849998
v -4.202090 12.375388 37.849998
v -4.934549 11.273039 37.849998
v -4.319517 12.256943 37.849998
v -4.870852 11.427185 37.849998
v -4.430180 12.132154 37.849998
v -4.798686 11.577554 37.849998
v -4.533737 12.001409 37.849998
v -4.718275 11.723679 37.849998
v -4.629868 11.865109 37.849998
v -0.776687 12.306121 47.849998
v -0.662002 12.227598 47.849998
v -0.895558 12.378148 47.849998
v -0.551858 12.142824 47.849998
v -1.018249 12.443459 47.849998
v -0.446596 12.052059 47.849998
v -1.144380 12.501848 47.849998
v -0.346541 11.955585 47.849998
v -1.273561 12.553139 47.849998
v -0.252001 11.853699 47.849998
v -1.405392 12.597171 47.849998
v -0.163271 11.746716 47.849998
v -0.080623 11.634968 47.849998
v -1.539467 12.633808 47.849998
v -1.675371 12.662938 47.849998
v -0.004313 11.518799 47.849998
v 0.065423 11.398569 47.849998
v -1.812684 12.684470 47.849998
v -1.950981 12.698338 47.849998
v 0.128370 11.274649 47.849998
v -2.089835 12.704497 47.849998
v 0.184332 11.147423 47.849998
v -2.228817 12.702931 47.849998
v -2.367496 12.693645 47.849998
v 0.233137 11.017282 47.849998
v 0.274635 10.884631 47.849998
v -2.505446 12.676664 47.849998
v -2.642239 12.652043 47.849998
v 0.308696 10.749879 47.849998
v 0.335215 10.613441 47.849998
v -2.777452 12.619859 47.849998
v 0.354112 10.475741 47.849998
v -2.910667 12.580209 47.849998
v -3.041473 12.533217 47.849998
v 0.365326 10.337204 47.849998
v 0.368824 10.198257 47.849998
v -3.169465 12.479029 47.849998
v -3.294248 12.417811 47.849998
v 0.364595 10.059331 47.849998
v 0.352651 9.920855 47.849998
v -3.415436 12.349753 47.849998
v 0.333030 9.783256 47.849998
v -3.532654 12.275065 47.849998
v 0.305792 9.646960 47.849998
v -3.645540 12.193978 47.849998
v 0.271022 9.512389 47.849998
v -3.753746 12.106744 47.849998
v 0.228826 9.379958 47.849998
v -3.856936 12.013630 47.849998
v 0.179337 9.250077 47.849998
v -3.954792 11.914926 47.849998
v 0.122705 9.123147 47.849998
v -4.047011 11.810935 47.849998
v 0.059107 8.999560 47.849998
v -4.133309 11.701980 47.849998
v -0.011261 8.879699 47.849998
v -4.213418 11.588398 47.849998
v -0.088182 8.763933 47.849998
v -4.287091 11.470539 47.849998
v -0.171417 8.652622 47.849998
v -4.354100 11.348768 47.849998
v -0.260710 8.546108 47.849998
v -4.414237 11.223461 47.849998
v -0.355785 8.444721 47.849998
v -4.467319 11.095006 47.849998
v -0.456346 8.348775 47.849998
v -4.513179 10.963799 47.849998
v -0.562085 8.258566 47.849998
v -4.551677 10.830246 47.849998
v -0.672674 8.174373 47.849998
v -4.582693 10.694760 47.849998
v -0.787771 8.096455 47.849998
v -4.606132 10.557760 47.849998
v -0.907020 8.025055 47.849998
v -4.621920 10.419669 47.849998
v -1.030053 7.960392 47.849998
v -4.630010 10.280914 47.849998
v -1.156489 7.902666 47.849998
v -4.630375 10.141924 47.849998
v -1.285938 7.852057 47.849998
v -4.623017 10.003129 47.849998
v -1.418000 7.808720 47.849998
v -4.607955 9.864957 47.849998
v -1.552266 7.772789 47.849998
v -4.585239 9.727835 47.849998
v -1.688321 7.744375 47.849998
v -4.554936 9.592188 47.849998
v -1.825745 7.723567 47.849998
v -4.517143 9.458434 47.849998
v -1.964114 7.710427 47.849998
v -4.471974 9.326987 47.849998
v -2.102998 7.704998 47.849998
v -4.419570 9.198255 47.849998
v -2.241970 7.707296 47.849998
v -4.360093 9.072633 47.849998
v -2.380599 7.717314 47.849998
v -4.293725 8.950510 47.849998
v -2.518457 7.735021 47.849998
v -4.220675 8.832265 47.849998
v -2.655118 7.760361 47.849998
v -4.141165 8.718263 47.849998
v -2.790160 7.793257 47.849998
v -4.055442 8.608855 47.849998
v -2.923164 7.833608 47.849998
v -3.963772 8.504380 47.849998
v -3.053721 7.881288 47.849998
v -3.866437 8.405162 47.849998
v -3.181426 7.936149 47.849998
v -3.763738 8.311506 47.849998
v -3.305885 7.998023 47.849998
v -3.655994 8.223702 47.849998
v -3.426713 8.066718 47.849998
v -3.543536 8.142022 47.849998
v -2.744453 13.141484 43.450001
v -2.906708 13.102862 43.450001
v -3.066567 13.055283 43.450001
v -3.223534 12.998893 43.450001
v -3.377125 12.933867 43.450001
v -3.526864 12.860406 43.450001
v -3.672289 12.778736 43.450001
v -3.812951 12.689111 43.450001
v -3.948415 12.591806 43.450001
v -4.078261 12.487124 43.450001
v -4.202090 12.375388 43.450001
v -4.319517 12.256943 43.450001
v -4.430180 12.132154 43.450001
v -4.533737 12.001409 43.450001
v -4.629868 11.865109 43.450001
v -4.718275 11.723679 43.450001
v -4.798686 11.577554 43.450001
v -4.870852 11.427185 43.450001
v -4.934549 11.273039 43.450001
v -4.989582 11.115591 43.450001
v -5.035779 10.955328 43.450001
v -5.072998 10.792745 43.450001
v -5.101124 10.628345 43.450001
v -5.120070 10.462635 43.450001
v -5.129778 10.296129 43.450001
v -5.130217 10.129341 43.450001
v -5.121387 9.962787 43.450001
v -5.103313 9.796980 43.450001
v -5.076053 9.632434 43.450001
v -5.039690 9.469657 43.450001
v -4.994338 9.309153 43.450001
v -4.940135 9.151417 43.450001
v -4.877250 8.996938 43.450001
v -4.805878 8.846191 43.450001
v -4.726237 8.699645 43.450001
v -4.638576 8.557751 43.450001
v -4.543164 8.420947 43.450001
v -4.440297 8.289659 43.450001
v -4.330293 8.164289 43.450001
v -4.213491 8.045226 43.450001
v -4.090253 7.932839 43.450001
v -3.960959 7.827475 43.450001
v -3.826010 7.729459 43.450001
v -3.685822 7.639094 43.450001
v -3.540828 7.556660 43.450001
v -3.391478 7.482411 43.450001
v -3.238232 7.416577 43.450001
v -3.081564 7.359361 43.450001
v -2.921958 7.310941 43.450001
v -2.759908 7.271465 43.450001
v -2.595915 7.241056 43.450001
v -2.430485 7.219809 43.450001
v -2.264130 7.207788 43.450001
v -2.097364 7.205030 43.450001
v -1.930703 7.211545 43.450001
v -1.764661 7.227312 43.450001
v -1.599752 7.252282 43.450001
v -1.436486 7.286378 43.450001
v -1.275366 7.329495 43.450001
v -1.116892 7.381500 43.450001
v -0.961554 7.442231 43.450001
v -0.809830 7.511502 43.450001
v -0.662190 7.589097 43.450001
v -0.519091 7.674778 43.450001
v -0.380975 7.768279 43.450001
v -0.248269 7.869311 43.450001
v -0.121382 7.977562 43.450001
v -0.000708 8.092698 43.450001
v 0.113381 8.214362 43.450001
v 0.220533 8.342178 43.450001
v 0.320415 8.475752 43.450001
v 0.412720 8.614671 43.450001
v 0.497162 8.758504 43.450001
v 0.573479 8.906808 43.450001
v 0.641437 9.059124 43.450001
v 0.700825 9.214982 43.450001
v 0.751460 9.373899 43.450001
v 0.793184 9.535384 43.450001
v 0.825869 9.698939 43.450001
v 0.849414 9.864058 43.450001
v 0.863747 10.030230 43.450001
v 0.868822 10.196940 43.450001
v 0.864625 10.363677 43.450001
v 0.851168 10.529922 43.450001
v 0.828492 10.695162 43.450001
v 0.796668 10.858887 43.450001
v 0.755795 11.020590 43.450001
v 0.705998 11.179771 43.450001
v 0.647432 11.335939 43.450001
v 0.580277 11.488611 43.450001
v 0.504741 11.637315 43.450001
v 0.421058 11.781591 43.450001
v 0.329486 11.920994 43.450001
v 0.230308 12.055091 43.450001
v 0.123832 12.183471 43.450001
v 0.010385 12.305734 43.450001
v -0.109682 12.421503 43.450001
v -0.235996 12.530420 43.450001
v -0.368169 12.632151 43.450001
v -0.505791 12.726377 43.450001
v -0.648437 12.812810 43.450001
v -0.795666 12.891182 43.450001
v -0.947022 12.961250 43.450001
v -1.102039 13.022799 43.450001
v -1.260237 13.075638 43.450001
v -1.421127 13.119602 43.450001
v -1.584212 13.154558 43.450001
v -1.748987 13.180396 43.450001
v -1.914943 13.197038 43.450001
v -2.081568 13.204430 43.450001
v -2.248346 13.202550 43.450001
v -2.414762 13.191405 43.450001
v -2.580302 13.171029 43.450001
v -2.685597 12.859662 47.568535
v -2.735255 12.962991 47.420662
v -2.750542 12.904318 47.492199
v -2.719669 13.022809 47.347363
v -3.094371 12.952628 47.303631
v -3.164105 13.021405 47.186478
v -3.244168 12.990738 47.186478
v -2.765538 12.846763 47.562008
v -2.780251 12.790298 47.630123
v -2.781473 12.786139 47.635078
v -2.651526 12.696515 47.789711
v -2.801665 12.755467 47.667816
v -2.804571 12.753038 47.669952
v -2.799120 12.757829 47.665642
v -2.796895 12.760099 47.663475
v -2.793095 12.764511 47.659073
v -2.790221 12.768414 47.655010
v -2.787322 12.773026 47.650036
v -2.784958 12.777499 47.645058
v -2.782952 12.782060 47.639847
v -2.807889 12.750570 47.671989
v -2.811671 12.748105 47.673855
v -2.815969 12.745699 47.675461
v -3.401850 12.824662 47.303631
v -3.323321 12.957796 47.186478
v -3.401501 12.922606 47.186478
v -2.838963 12.738531 47.676559
v -2.845597 12.737988 47.674873
v -2.832512 12.739679 47.677383
v -2.826341 12.741379 47.677383
v -2.820842 12.743425 47.676685
v -2.866256 12.740372 47.664295
v -2.869748 12.741414 47.661674
v -2.862766 12.739524 47.666660
v -2.859288 12.738865 47.668781
v -2.855830 12.738387 47.670654
v -2.852399 12.738086 47.672287
v -3.747458 12.626762 47.303631
v -3.832105 12.676036 47.186478
v -3.902025 12.626422 47.186478
v -4.013452 12.426350 47.303631
v -3.970500 12.574830 47.186478
v -4.037472 12.521303 47.186478
v -3.430495 12.492156 47.676685
v -3.435312 12.488806 47.677383
v -3.426341 12.495570 47.675461
v -3.422776 12.498970 47.673855
v -3.419726 12.502298 47.671989
v -3.417126 12.505513 47.669952
v -3.414915 12.508590 47.667816
v -3.413038 12.511508 47.665642
v -3.411447 12.514261 47.663475
v -3.408864 12.519479 47.659073
v -3.466599 12.478177 47.668781
v -3.470132 12.477951 47.666660
v -3.463131 12.478575 47.670654
v -3.459733 12.479136 47.672287
v -3.453120 12.480733 47.674873
v -3.446830 12.482909 47.676559
v -3.440867 12.485625 47.677383
v -4.298986 12.148718 47.303631
v -4.393229 12.175393 47.186478
v -4.448614 12.109949 47.186478
v -3.489809 12.479988 47.651016
v -3.494855 12.481452 47.645912
v -3.484759 12.478922 47.655663
v -3.481047 12.478382 47.658798
v -3.477364 12.478045 47.661674
v -3.473723 12.477904 47.664295
v -4.506784 11.888452 47.303631
v -4.502107 12.042949 47.186478
v -4.553663 11.974448 47.186478
v -3.947503 12.116958 47.667816
v -3.948880 12.113429 47.669952
v -3.946411 12.120252 47.665642
v -3.945555 12.123314 47.663475
v -3.944350 12.129010 47.659073
v -3.943712 12.133816 47.655010
v -3.943393 12.139253 47.650036
v -3.943477 12.144313 47.645058
v -3.966928 12.088261 47.677383
v -3.972029 12.084147 47.676559
v -3.962339 12.092723 47.677383
v -3.958507 12.097166 47.676685
v -3.955333 12.101506 47.675461
v -3.952725 12.105685 47.673855
v -3.950599 12.109668 47.671989
v -4.004045 12.071254 47.658798
v -4.007774 12.070853 47.655663
v -4.000394 12.071843 47.661674
v -3.996832 12.072612 47.664295
v -3.993366 12.073550 47.666660
v -3.990000 12.074648 47.668781
v -3.986740 12.075895 47.670654
v -3.983588 12.077284 47.672287
v -3.977580 12.080475 47.674873
v -4.714303 11.548532 47.303631
v -4.812218 11.550933 47.186478
v -4.849588 11.473771 47.186478
v -4.884738 11.395573 47.186478
v -4.850847 11.244766 47.303631
v -4.917640 11.316402 47.186478
v -4.369705 11.588267 47.675461
v -4.371700 11.583274 47.676685
v -4.368218 11.592964 47.673855
v -4.367149 11.597349 47.671989
v -4.366420 11.601420 47.669952
v -4.365964 11.605181 47.667816
v -4.365726 11.608643 47.665642
v -4.365657 11.611821 47.663475
v -4.396604 11.553631 47.668781
v -4.399591 11.551731 47.666660
v -4.393756 11.555651 47.670654
v -4.391049 11.557779 47.672287
v -4.386023 11.562364 47.674873
v -4.381559 11.567302 47.676559
v -4.377643 11.572555 47.677383
v -4.374307 11.578018 47.677383
v -4.967312 10.863918 47.303631
v -5.062747 10.841892 47.186478
v -5.079755 10.757861 47.186478
v -4.402715 11.549960 47.664295
v -4.405974 11.548329 47.661674
v -4.644004 11.005415 47.667816
v -4.643511 11.001659 47.669952
v -4.644634 11.008828 47.665642
v -4.645359 11.011924 47.663475
v -4.647048 11.017496 47.659073
v -5.024022 10.535738 47.303631
v -5.094353 10.673378 47.186478
v -5.106532 10.588513 47.186478
v -4.647202 10.970910 47.677383
v -4.649690 10.964848 47.676559
v -4.645330 10.977031 47.677383
v -4.644112 10.982770 47.676685
v -4.643421 10.988103 47.675461
v -4.643149 10.993022 47.673855
v -4.643205 10.997535 47.671989
v -4.665868 10.942790 47.664295
v -4.668619 10.940400 47.661674
v -4.663282 10.945282 47.666660
v -4.660862 10.947865 47.668781
v -4.658606 10.950529 47.670654
v -4.656513 10.953264 47.672287
v -4.652785 10.958955 47.674873
v -4.671534 10.938125 47.658798
v -5.042116 10.137892 47.303631
v -5.129076 10.092824 47.186478
v -5.124650 10.007203 47.186478
v -5.015429 9.805919 47.303631
v -5.117780 9.921744 47.186478
v -5.108471 9.836516 47.186478
v -4.759284 10.338723 47.675461
v -4.758627 10.333386 47.676685
v -4.760244 10.343554 47.673855
v -4.761420 10.347913 47.671989
v -4.762742 10.351831 47.669952
v -4.764154 10.355347 47.667816
v -4.765613 10.358496 47.665642
v -4.767085 10.361314 47.663475
v -4.770106 10.366290 47.659073
v -4.772930 10.370231 47.655010
v -4.764647 10.298553 47.670654
v -4.766170 10.295412 47.668781
v -4.763300 10.301723 47.672287
v -4.761105 10.308162 47.674873
v -4.759572 10.314639 47.676559
v -4.758670 10.321130 47.677383
v -4.758379 10.327524 47.677383
v -4.934013 9.416072 47.303631
v -5.007033 9.350794 47.186478
v -4.981454 9.268964 47.186478
v -4.776529 10.280478 47.655663
v -4.780135 10.276786 47.651016
v -4.774084 10.283324 47.658798
v -4.771827 10.286253 47.661674
v -4.769757 10.289251 47.664295
v -4.767872 10.292308 47.666660
v -4.727350 9.704941 47.659073
v -4.723186 9.700871 47.663475
v -4.731065 9.708055 47.655010
v -4.721059 9.698508 47.665642
v -4.718863 9.695821 47.667816
v -4.825607 9.101165 47.303631
v -4.953547 9.187898 47.186478
v -4.923336 9.107662 47.186478
v -4.705043 9.664042 47.677383
v -4.704302 9.657532 47.676559
v -4.706351 9.670309 47.677383
v -4.708049 9.675925 47.676685
v -4.710012 9.680930 47.675461
v -4.712144 9.685372 47.673855
v -4.714367 9.689301 47.671989
v -4.716621 9.692767 47.669952
v -4.709113 9.626989 47.661674
v -4.710570 9.623591 47.658798
v -4.707853 9.630409 47.664295
v -4.706788 9.633839 47.666660
v -4.705911 9.637268 47.668781
v -4.705218 9.640690 47.670654
v -4.704701 9.644095 47.672287
v -4.704176 9.650877 47.674873
v -4.649798 8.743813 47.303631
v -4.704290 8.662426 47.186478
v -4.659164 8.589528 47.186478
v -4.611974 8.517949 47.186478
v -4.466483 8.465758 47.303631
v -4.562757 8.447748 47.186478
v -4.498702 9.056057 47.675461
v -4.495555 9.051698 47.676685
v -4.501872 9.059830 47.673855
v -4.505002 9.063082 47.671989
v -4.508047 9.065879 47.669952
v -4.510978 9.068278 47.667816
v -4.513773 9.070335 47.665642
v -4.516421 9.072096 47.663475
v -4.484050 9.018273 47.670654
v -4.483871 9.014787 47.668781
v -4.484397 9.021700 47.672287
v -4.485575 9.028399 47.674873
v -4.487352 9.034814 47.676559
v -4.489689 9.040936 47.677383
v -4.492515 9.046679 47.677383
v -4.483868 9.011247 47.666660
v -4.484046 9.007660 47.664295
v -4.207328 8.163356 47.303631
v -4.239868 8.070974 47.186478
v -4.178031 8.011589 47.186478
v -4.156780 8.513448 47.665642
v -4.153561 8.512151 47.667816
v -4.159782 8.514495 47.663475
v -4.165392 8.516054 47.659073
v -3.960623 7.939626 47.303631
v -4.114522 7.953995 47.186478
v -4.049394 7.898239 47.186478
v -4.126141 8.490962 47.677383
v -4.122355 8.485614 47.676559
v -4.130306 8.495822 47.677383
v -4.134499 8.499927 47.676685
v -4.138631 8.503366 47.675461
v -4.142639 8.506232 47.673855
v -4.146480 8.508603 47.671989
v -4.150126 8.510555 47.669952
v -4.111497 8.452851 47.658798
v -4.111331 8.449103 47.655663
v -4.111856 8.456532 47.661674
v -4.112400 8.460135 47.664295
v -4.113119 8.463653 47.666660
v -4.114003 8.467081 47.668781
v -4.115043 8.470413 47.670654
v -4.116231 8.473646 47.672287
v -4.119039 8.479842 47.674873
v -3.634405 7.711172 47.303631
v -3.642949 7.613601 47.186478
v -3.568286 7.571460 47.186478
v -4.111433 8.443943 47.651016
v -4.111926 8.438712 47.645912
v -3.339812 7.555824 47.303631
v -3.492449 7.531469 47.186478
v -3.415501 7.493661 47.186478
v -3.657018 8.059364 47.673855
v -3.652424 8.057586 47.675461
v -3.661328 8.060706 47.671989
v -3.665344 8.061689 47.669952
v -3.669069 8.062381 47.667816
v -3.672510 8.062837 47.665642
v -3.691740 8.062241 47.650036
v -3.675678 8.063104 47.663475
v -3.681499 8.063219 47.659073
v -3.686339 8.062946 47.655010
v -3.623337 8.034369 47.672287
v -3.621382 8.031533 47.670654
v -3.627597 8.039673 47.674873
v -3.632244 8.044437 47.676559
v -3.637241 8.048676 47.677383
v -3.642484 8.052349 47.677383
v -3.647566 8.055281 47.676685
v -3.613580 8.015405 47.658798
v -3.612487 8.011816 47.655663
v -3.614843 8.018880 47.661674
v -3.616266 8.022235 47.664295
v -3.617836 8.025464 47.666660
v -3.619545 8.028564 47.668781
v -2.967029 7.415675 47.303631
v -2.951038 7.319045 47.186478
v -2.868241 7.296795 47.186478
v -2.784842 7.276921 47.186478
v -3.091391 7.746815 47.665642
v -3.087945 7.747230 47.667816
v -3.094526 7.746286 47.663475
v -2.643057 7.338470 47.303631
v -2.700908 7.259438 47.186478
v -3.053709 7.741871 47.677383
v -3.047815 7.739008 47.676559
v -3.059700 7.744124 47.677383
v -3.065352 7.745700 47.676685
v -3.070630 7.746725 47.675461
v -3.075523 7.747304 47.673855
v -3.080031 7.747533 47.671989
v -3.084166 7.747486 47.669952
v -3.026817 7.721477 47.664295
v -3.024604 7.718581 47.661674
v -3.029141 7.724214 47.666660
v -3.031568 7.726792 47.668781
v -3.034085 7.729210 47.670654
v -3.036683 7.731471 47.672287
v -3.042128 7.735548 47.674873
v -2.247131 7.295432 47.303631
v -2.207613 7.205814 47.186478
v -2.121883 7.204854 47.186478
v -1.914138 7.301221 47.303631
v -2.036161 7.206344 47.186478
v -1.950517 7.210284 47.186478
v -2.434690 7.589661 47.673855
v -2.429807 7.590315 47.675461
v -2.439113 7.588761 47.671989
v -2.443107 7.587687 47.669952
v -2.446704 7.586499 47.667816
v -2.449938 7.585241 47.665642
v -2.452843 7.583949 47.663475
v -2.458000 7.581245 47.659073
v -2.424440 7.590636 47.676685
v -2.418574 7.590515 47.677383
v -2.393133 7.583984 47.672287
v -2.390054 7.582440 47.670654
v -2.399421 7.586579 47.674873
v -2.405789 7.588516 47.676559
v -2.412210 7.589823 47.677383
v -2.381091 7.576757 47.664295
v -2.378228 7.574502 47.661674
v -2.384023 7.578830 47.666660
v -2.387014 7.580724 47.668781
v -1.519948 7.357997 47.303631
v -1.459384 7.281023 47.186478
v -1.376109 7.301413 47.186478
v -1.790948 7.586291 47.663475
v -1.788455 7.588265 47.665642
v -1.795271 7.582390 47.659073
v -1.798612 7.578878 47.655010
v -1.198855 7.446416 47.303631
v -1.293451 7.324174 47.186478
v -1.211477 7.349289 47.186478
v -1.759388 7.601174 47.677383
v -1.753053 7.602087 47.677383
v -1.765100 7.599833 47.676685
v -1.770219 7.598187 47.675461
v -1.774786 7.596338 47.673855
v -1.778846 7.594367 47.671989
v -1.782447 7.592334 47.669952
v -1.785636 7.590288 47.667816
v -1.716328 7.595698 47.661674
v -1.713028 7.594029 47.658798
v -1.719662 7.597169 47.664295
v -1.723018 7.598448 47.666660
v -1.726385 7.599538 47.668781
v -1.729756 7.600445 47.670654
v -1.733123 7.601175 47.672287
v -1.739859 7.602125 47.674873
v -1.746508 7.602417 47.676559
v -0.831169 7.599440 47.303631
v -0.753365 7.539946 47.186478
v -0.677778 7.580405 47.186478
v -1.709775 7.592161 47.655663
v -1.705472 7.589311 47.651016
v -0.542154 7.764934 47.303631
v -0.603377 7.623007 47.186478
v -0.530224 7.667719 47.186478
v -1.160092 7.734407 47.645058
v -1.137274 7.766918 47.673855
v -1.133311 7.769844 47.675461
v -1.140717 7.763998 47.671989
v -1.143699 7.761134 47.669952
v -1.146279 7.758359 47.667816
v -1.148507 7.755699 47.665642
v -1.150430 7.753167 47.663475
v -1.153647 7.748314 47.659073
v -1.156009 7.744081 47.655010
v -1.158308 7.739142 47.650036
v -1.104883 7.781208 47.674873
v -1.098123 7.781963 47.672287
v -1.111397 7.779838 47.676559
v -1.117653 7.777890 47.677383
v -1.123563 7.775431 47.677383
v -1.128762 7.772711 47.676685
v -1.080494 7.780836 47.661674
v -1.076883 7.780040 47.658798
v -1.084089 7.781432 47.664295
v -1.087657 7.781836 47.666660
v -1.091190 7.782054 47.668781
v -1.094681 7.782094 47.670654
v -0.224075 8.004589 47.303631
v -0.133919 7.966313 47.186478
v -0.070768 8.024300 47.186478
v -0.009300 8.084066 47.186478
v 0.014704 8.236760 47.303631
v 0.050436 8.145566 47.186478
v -0.551049 8.102336 47.677383
v -0.545937 8.106188 47.677383
v -0.555408 8.098409 47.676685
v -0.559101 8.094501 47.675461
v -0.562213 8.090680 47.673855
v -0.564821 8.086997 47.671989
v -0.566997 8.083481 47.669952
v -0.568806 8.080152 47.667816
v -0.570302 8.077021 47.665642
v -0.571535 8.074090 47.663475
v -0.517864 8.117469 47.666660
v -0.514307 8.117966 47.664295
v -0.521341 8.116802 47.668781
v -0.524732 8.115973 47.670654
v -0.528033 8.114990 47.672287
v -0.534393 8.112577 47.674873
v -0.540361 8.109630 47.676559
v 0.263190 8.547989 47.303631
v 0.360032 8.533336 47.186478
v 0.406779 8.605206 47.186478
v 0.436729 8.832248 47.303631
v 0.451453 8.678382 47.186478
v 0.494017 8.752804 47.186478
v -0.087344 8.543067 47.671989
v -0.085734 8.547284 47.673855
v -0.088578 8.539121 47.669952
v -0.089502 8.535446 47.667816
v -0.090173 8.532042 47.665642
v -0.090638 8.528896 47.663475
v -0.091119 8.523093 47.659073
v -0.064234 8.575411 47.674873
v -0.058674 8.579329 47.672287
v -0.069282 8.571072 47.676559
v -0.073826 8.566351 47.677383
v -0.077820 8.561349 47.677383
v -0.081066 8.556461 47.676685
v -0.083671 8.551758 47.675461
v -0.030397 8.589609 47.651016
v -0.025165 8.590105 47.645912
v -0.035484 8.588741 47.655663
v -0.039134 8.587877 47.658798
v -0.042682 8.586834 47.661674
v -0.046120 8.585625 47.664295
v -0.049441 8.584260 47.666660
v -0.052643 8.582749 47.668781
v -0.055721 8.581102 47.670654
v 0.600009 9.195495 47.303631
v 0.697453 9.205386 47.186478
v 0.724857 9.286623 47.186478
v 0.263022 9.083268 47.659073
v 0.262045 9.089008 47.663475
v 0.264197 9.078566 47.655010
v 0.265903 9.073392 47.650036
v 0.697404 9.513980 47.303631
v 0.749930 9.368609 47.186478
v 0.772649 9.451280 47.186478
v 0.266390 9.123630 47.677383
v 0.269014 9.129467 47.677383
v 0.264462 9.118088 47.676685
v 0.263108 9.112884 47.675461
v 0.262222 9.108038 47.673855
v 0.261711 9.103553 47.671989
v 0.261498 9.099423 47.669952
v 0.261517 9.095634 47.667816
v 0.261714 9.092170 47.665642
v 0.288179 9.152878 47.666660
v 0.291057 9.155025 47.664295
v 0.285454 9.150618 47.668781
v 0.282882 9.148258 47.670654
v 0.280463 9.145806 47.672287
v 0.276051 9.140628 47.674873
v 0.272242 9.135170 47.676559
v 0.294086 9.157052 47.661674
v 0.297263 9.158944 47.658798
v 0.765218 9.906421 47.303631
v 0.857141 9.940235 47.186478
v 0.863481 10.025735 47.186478
v 0.300583 9.160689 47.655663
v 0.780349 10.239121 47.303631
v 0.867377 10.111381 47.186478
v 0.868823 10.197104 47.186478
v 0.460413 9.733236 47.671989
v 0.459793 9.737707 47.673855
v 0.461234 9.729183 47.669952
v 0.462194 9.725519 47.667816
v 0.463247 9.722212 47.665642
v 0.464354 9.719232 47.663475
v 0.466728 9.713915 47.659073
v 0.465083 9.772713 47.674873
v 0.468068 9.778826 47.672287
v 0.462750 9.766479 47.676559
v 0.461042 9.760153 47.677383
v 0.459952 9.753845 47.677383
v 0.459463 9.747998 47.676685
v 0.459446 9.742621 47.675461
v 0.476037 9.790390 47.664295
v 0.478466 9.793106 47.661674
v 0.473783 9.787594 47.666660
v 0.471706 9.784728 47.668781
v 0.469802 9.781802 47.670654
v 0.748437 10.636098 47.303631
v 0.829062 10.691710 47.186478
v 0.813941 10.776100 47.186478
v 0.680353 10.962109 47.303631
v 0.796414 10.860024 47.186478
v 0.776496 10.943414 47.186478
v 0.490705 10.412399 47.677383
v 0.490192 10.418780 47.677383
v 0.491685 10.406614 47.676685
v 0.493006 10.401402 47.675461
v 0.494564 10.396729 47.673855
v 0.496277 10.392552 47.671989
v 0.498079 10.388831 47.669952
v 0.499921 10.385520 47.667816
v 0.501763 10.382579 47.665642
v 0.503576 10.379968 47.663475
v 0.497196 10.451797 47.664295
v 0.498874 10.455031 47.661674
v 0.495709 10.448527 47.666660
v 0.494409 10.445234 47.668781
v 0.493293 10.441927 47.670654
v 0.492353 10.438613 47.672287
v 0.490982 10.431951 47.674873
v 0.490273 10.425332 47.676559
v 0.550719 11.338677 47.303631
v 0.614981 11.412593 47.186478
v 0.579348 11.490572 47.186478
v 0.403698 11.637514 47.303631
v 0.541501 11.567501 47.186478
v 0.501471 11.643316 47.186478
v 0.367049 11.040074 47.671989
v 0.364351 11.043693 47.673855
v 0.369720 11.036918 47.669952
v 0.372327 11.034169 47.667816
v 0.374843 11.031778 47.665642
v 0.377249 11.029699 47.663475
v 0.381890 11.026184 47.659073
v 0.385966 11.023561 47.655010
v 0.353081 11.070331 47.676559
v 0.352123 11.076918 47.674873
v 0.354632 11.063964 47.677383
v 0.356716 11.057912 47.677383
v 0.359104 11.052552 47.676685
v 0.361679 11.047832 47.675461
v 0.358266 11.113095 47.651016
v 0.360650 11.117778 47.645912
v 0.356272 11.108335 47.655663
v 0.355047 11.104790 47.658798
v 0.354026 11.101235 47.661674
v 0.353205 11.097685 47.664295
v 0.352578 11.094149 47.666660
v 0.352138 11.090636 47.668781
v 0.351879 11.087155 47.670654
v 0.351793 11.083712 47.672287
v 0.184488 11.970015 47.303631
v 0.228350 12.057589 47.186478
v 0.174443 12.124256 47.186478
v 0.103278 11.623825 47.655010
v 0.098678 11.625353 47.659073
v 0.108560 11.622493 47.650036
v 0.113545 11.621627 47.645058
v -0.032231 12.222900 47.303631
v 0.118654 12.189356 47.186478
v 0.061027 12.252834 47.186478
v 0.070050 11.645226 47.676685
v 0.066404 11.649822 47.677383
v 0.073718 11.641294 47.675461
v 0.077335 11.637949 47.673855
v 0.080848 11.635115 47.671989
v 0.084221 11.632722 47.669952
v 0.087429 11.630708 47.667816
v 0.090460 11.629018 47.665642
v 0.093308 11.627603 47.663475
v 0.053113 11.687473 47.664295
v 0.053025 11.691116 47.661674
v 0.053384 11.683892 47.666660
v 0.053832 11.680381 47.668781
v 0.054446 11.676944 47.670654
v 0.055220 11.673588 47.672287
v 0.057229 11.667089 47.674873
v 0.059795 11.660947 47.676559
v 0.062881 11.655167 47.677383
v -0.327243 12.490438 47.303631
v -0.306539 12.586169 47.186478
v -0.375331 12.637336 47.186478
v 0.053129 11.694812 47.658798
v -0.600044 12.681483 47.303631
v -0.445557 12.686516 47.186478
v -0.517161 12.733670 47.186478
v -0.340480 12.138806 47.669952
v -0.344341 12.140285 47.671989
v -0.336871 12.137654 47.667816
v -0.333515 12.136771 47.665642
v -0.330405 12.136108 47.663475
v -0.371157 12.160071 47.676559
v -0.375170 12.165381 47.674873
v -0.366731 12.155239 47.677383
v -0.361989 12.150939 47.677383
v -0.357315 12.147393 47.676685
v -0.352784 12.144498 47.675461
v -0.348449 12.142158 47.673855
v -0.384227 12.184102 47.664295
v -0.385218 12.187609 47.661674
v -0.383073 12.180701 47.666660
v -0.381766 12.177411 47.668781
v -0.380316 12.174235 47.670654
v -0.378732 12.171177 47.672287
v -0.952322 12.867249 47.303631
v -0.956075 12.965122 47.186478
v -1.035431 12.997573 47.186478
v -1.264063 12.984449 47.303631
v -1.115682 13.027744 47.186478
v -1.196762 13.055609 47.186478
v -0.896137 12.527504 47.676685
v -0.901547 12.529776 47.677383
v -0.891029 12.525826 47.675461
v -0.886247 12.524637 47.673855
v -0.881804 12.523846 47.671989
v -0.877696 12.523374 47.669952
v -0.873914 12.523154 47.667816
v -0.870443 12.523133 47.665642
v -0.867267 12.523266 47.663475
v -0.861477 12.523881 47.659073
v -0.929369 12.553359 47.666660
v -0.931332 12.556366 47.664295
v -0.927285 12.550497 47.668781
v -0.925091 12.547782 47.670654
v -0.922796 12.545214 47.672287
v -0.917905 12.540485 47.674873
v -0.912697 12.536341 47.676559
v -0.907208 12.532762 47.677383
v -1.651472 13.076772 47.303631
v -1.679447 13.170636 47.186478
v -1.764380 13.182333 47.186478
v -0.934853 12.562805 47.658798
v -0.936387 12.566229 47.655663
v -0.933164 12.559516 47.661674
v -1.982566 13.112763 47.303631
v -1.849613 13.191598 47.186478
v -1.935076 13.198424 47.186478
v -1.493672 12.762259 47.669952
v -1.497768 12.761694 47.671989
v -1.489954 12.762987 47.667816
v -1.486587 12.763829 47.665642
v -1.483543 12.764748 47.663475
v -1.478088 12.766783 47.659073
v -1.473689 12.768819 47.655010
v -1.468927 12.771463 47.650036
v -1.507196 12.761318 47.675461
v -1.512561 12.761672 47.676685
v -1.502269 12.761355 47.673855
v -1.530799 12.766113 47.676559
v -1.536874 12.768833 47.674873
v -1.524592 12.764011 47.677383
v -1.518366 12.762527 47.677383
v -1.561177 12.789171 47.655663
v -1.564128 12.793406 47.651016
v -1.558840 12.786237 47.658798
v -1.556386 12.783471 47.661674
v -1.553828 12.780875 47.664295
v -1.551179 12.778451 47.666660
v -1.548449 12.776197 47.668781
v -1.545648 12.774114 47.670654
v -1.542787 12.772196 47.672287
v -2.380763 13.105841 47.303631
v -2.431202 13.189798 47.186478
v -2.516376 13.180006 47.186478
v -2.694332 13.120052 47.227470
v -2.601235 13.167784 47.186478
v -2.685710 13.153141 47.186478
v -2.702865 13.087303 47.267944
v -2.711310 13.054890 47.307907
v -2.167854 12.835186 47.676685
v -2.173689 12.834571 47.677383
v -2.162569 12.836177 47.675461
v -2.157807 12.837439 47.673855
v -2.153531 12.838885 47.671989
v -2.149704 12.840451 47.669952
v -2.146284 12.842081 47.667816
v -2.143233 12.843735 47.665642
v -2.140513 12.845381 47.663475
v -2.135735 12.848709 47.659073
v -2.209431 12.841834 47.666660
v -2.212600 12.843523 47.664295
v -2.206227 12.840330 47.668781
v -2.202996 12.839007 47.670654
v -2.199748 12.837862 47.672287
v -2.193184 12.836076 47.674873
v -2.186623 12.834952 47.676559
v -2.180089 12.834460 47.677383
v -2.215724 12.845401 47.661674
v -2.960161 12.739377 47.628826
v -2.893525 12.754782 47.635731
v -2.897143 12.758108 47.630123
v -2.889789 12.751797 47.640942
v -2.885842 12.749063 47.645912
v -2.881318 12.746390 47.651016
v -2.876692 12.744102 47.655663
v -2.873231 12.742656 47.658798
v -2.960963 12.821052 47.525333
v -3.302874 12.784545 47.407650
v -3.026682 12.885868 47.416542
v -3.402188 12.729590 47.416542
v -3.402517 12.637287 47.525333
v -3.233950 12.632798 47.628826
v -3.402836 12.547649 47.630123
v -3.407051 12.523974 47.655010
v -3.405390 12.529162 47.650036
v -3.404212 12.534083 47.645058
v -3.403404 12.538999 47.639847
v -3.402985 12.543317 47.635078
v -3.838647 12.465877 47.407650
v -3.585519 12.532497 47.525333
v -3.665292 12.578934 47.416542
v -3.990137 12.334181 47.416542
v -3.967500 12.244696 47.525333
v -3.738207 12.332875 47.628826
v -3.945517 12.157795 47.630123
v -3.943916 12.149275 47.639847
v -3.944585 12.153562 47.635078
v -3.503719 12.485080 47.635731
v -3.508051 12.487402 47.630123
v -3.499358 12.483118 47.640942
v -4.291766 12.037758 47.407650
v -4.118693 12.097687 47.525333
v -4.207508 12.122826 47.416542
v -4.461279 11.804976 47.416542
v -4.417099 11.723932 47.525333
v -4.164672 11.929939 47.628826
v -4.027670 12.072103 47.635731
v -4.032444 12.073274 47.630123
v -4.022958 12.071286 47.640942
v -4.018183 12.070793 47.645912
v -4.012931 12.070629 47.651016
v -4.342105 11.695767 47.628826
v -4.374196 11.645228 47.630123
v -4.365908 11.617639 47.659073
v -4.366484 11.622452 47.655010
v -4.367527 11.627798 47.650036
v -4.368867 11.632677 47.645058
v -4.370526 11.637375 47.639847
v -4.372241 11.641360 47.635078
v -4.640296 11.520913 47.407650
v -4.526983 11.543941 47.525333
v -4.619260 11.546204 47.416542
v -4.492701 11.443497 47.628826
v -4.432457 11.541798 47.635731
v -4.437373 11.541745 47.630123
v -4.427691 11.542179 47.640942
v -4.422943 11.542889 47.645912
v -4.417815 11.544037 47.651016
v -4.412876 11.545535 47.655663
v -4.409363 11.546851 47.658798
v -4.769846 11.236900 47.407650
v -4.786013 11.175230 47.416542
v -4.723066 11.107718 47.525333
v -4.614630 11.176190 47.628826
v -4.648803 11.022014 47.655010
v -4.651144 11.026933 47.650036
v -4.653654 11.031326 47.645058
v -4.656430 11.035463 47.639847
v -4.659081 11.038898 47.635078
v -4.661938 11.042157 47.630123
v -4.706414 10.897094 47.628826
v -4.697394 10.926214 47.630123
v -4.784735 10.906056 47.525333
v -4.692647 10.927487 47.635731
v -4.688124 10.929042 47.640942
v -4.683702 10.930910 47.645912
v -4.679020 10.933297 47.651016
v -4.674610 10.935977 47.655663
v -4.931673 10.634892 47.407650
v -4.874675 10.885299 47.416542
v -4.943932 10.484510 47.416542
v -4.866174 10.434774 47.525333
v -4.766938 10.609594 47.628826
v -4.790661 10.386475 47.630123
v -4.776420 10.374413 47.650036
v -4.779944 10.378043 47.645058
v -4.783661 10.381360 47.639847
v -4.787084 10.384027 47.635078
v -4.957935 10.012065 47.407650
v -4.875754 10.224111 47.525333
v -4.957706 10.181638 47.416542
v -4.925115 9.776217 47.416542
v -4.837431 9.747382 47.525333
v -4.791655 10.023405 47.628826
v -4.791888 10.267770 47.635731
v -4.796170 10.265356 47.630123
v -4.787894 10.270401 47.640942
v -4.784076 10.273310 47.645912
v -4.755548 9.731831 47.628826
v -4.735486 9.711237 47.650036
v -4.739802 9.713878 47.645058
v -4.744227 9.716166 47.639847
v -4.748205 9.717898 47.635078
v -4.752279 9.719379 47.630123
v -4.847361 9.398570 47.407650
v -4.794321 9.540955 47.525333
v -4.863135 9.479435 47.416542
v -4.730744 9.094857 47.416542
v -4.638643 9.088734 47.525333
v -4.687585 9.445998 47.628826
v -4.727494 9.600696 47.630123
v -4.723947 9.604098 47.635731
v -4.720733 9.607640 47.640942
v -4.717758 9.611407 47.645912
v -4.714805 9.615754 47.651016
v -4.712231 9.620228 47.655663
v -4.588590 9.169376 47.628826
v -4.549203 9.082787 47.630123
v -4.521467 9.075002 47.659073
v -4.525839 9.077093 47.655010
v -4.530912 9.079077 47.650036
v -4.535750 9.080561 47.645058
v -4.540605 9.081677 47.639847
v -4.544889 9.082365 47.635078
v -4.459766 8.905324 47.628826
v -4.493092 8.978174 47.635731
v -4.495681 8.973996 47.630123
v -4.490860 8.982404 47.640942
v -4.488914 8.986793 47.645912
v -4.487136 8.991736 47.651016
v -4.485755 8.996710 47.655663
v -4.484983 9.000381 47.658798
v -4.484416 9.004035 47.661674
v -4.545551 8.899512 47.525333
v -4.438395 8.560309 47.407650
v -4.596905 8.822812 47.416542
v -4.373032 8.483241 47.416542
v -4.282302 8.500215 47.525333
v -4.302675 8.657046 47.628826
v -4.194193 8.516697 47.630123
v -4.170147 8.516994 47.655010
v -4.175554 8.517653 47.650036
v -4.180609 8.517887 47.645058
v -4.185589 8.517760 47.639847
v -4.189909 8.517362 47.635078
v -4.022924 8.095566 47.407650
v -4.145077 8.340089 47.525333
v -4.175743 8.253027 47.416542
v -3.874456 7.979799 47.416542
v -3.790797 8.018803 47.525333
v -3.911644 8.219641 47.628826
v -3.696694 8.061211 47.645058
v -3.701486 8.059849 47.639847
v -3.705571 8.058389 47.635078
v -3.709555 8.056680 47.630123
v -4.113828 8.429325 47.635731
v -4.115297 8.424635 47.630123
v -4.112718 8.433977 47.640942
v -3.515878 7.732927 47.407650
v -3.618062 7.897834 47.525333
v -3.626113 7.805882 47.416542
v -3.266342 7.616165 47.416542
v -3.195012 7.674748 47.525333
v -3.434425 7.878333 47.628826
v -3.609987 7.992039 47.635731
v -3.610243 7.987130 47.630123
v -3.610068 7.996820 47.640942
v -3.610478 8.001603 47.645912
v -3.611302 8.006793 47.651016
v -3.170580 7.749084 47.628826
v -3.125741 7.731639 47.630123
v -3.100193 7.744950 47.659073
v -3.104813 7.743482 47.655010
v -3.109869 7.741456 47.650036
v -3.114411 7.739226 47.645058
v -3.118714 7.736715 47.639847
v -3.122308 7.734285 47.635078
v -2.941803 7.489946 47.407650
v -2.997619 7.600537 47.525333
v -2.982550 7.509472 47.416542
v -2.894118 7.649645 47.628826
v -3.013226 7.693790 47.635731
v -3.012253 7.688972 47.630123
v -3.014494 7.698401 47.640942
v -3.016080 7.702932 47.645912
v -3.018169 7.707754 47.651016
v -3.020566 7.712325 47.655663
v -3.022516 7.715529 47.658798
v -2.638222 7.417247 47.407650
v -2.586901 7.415186 47.416542
v -2.532381 7.489668 47.525333
v -2.608395 7.581223 47.628826
v -2.462109 7.578675 47.655010
v -2.466502 7.575454 47.650036
v -2.470348 7.572165 47.645058
v -2.473891 7.568664 47.639847
v -2.476768 7.565415 47.635078
v -2.479435 7.561998 47.630123
v -2.316880 7.544648 47.628826
v -2.358902 7.548896 47.630123
v -2.322734 7.466878 47.525333
v -2.361042 7.553321 47.635731
v -2.363417 7.557472 47.640942
v -2.366080 7.561465 47.645912
v -2.369302 7.565617 47.651016
v -2.372761 7.569447 47.655663
v -2.375447 7.572066 47.658798
v -2.016356 7.373833 47.407650
v -2.285491 7.382421 47.416542
v -1.878825 7.389492 47.416542
v -1.844540 7.475193 47.525333
v -2.023109 7.540363 47.628826
v -1.811246 7.558417 47.630123
v -1.802066 7.574667 47.650036
v -1.804972 7.570524 47.645058
v -1.807534 7.566252 47.639847
v -1.809512 7.562390 47.635078
v -1.400047 7.467461 47.407650
v -1.635813 7.505256 47.525333
v -1.578736 7.432714 47.416542
v -1.186604 7.540696 47.416542
v -1.174709 7.632231 47.525333
v -1.443054 7.628483 47.628826
v -1.694414 7.579456 47.635731
v -1.691241 7.575702 47.630123
v -1.697746 7.582885 47.640942
v -1.701320 7.586092 47.645912
v -1.163158 7.721121 47.630123
v -1.161511 7.729632 47.639847
v -1.162467 7.725400 47.635078
v -0.819130 7.693598 47.407650
v -0.906692 7.657189 47.416542
v -0.553734 7.859298 47.416542
v -0.564976 7.950915 47.525333
v -0.980016 7.713258 47.525333
v -0.896308 7.841318 47.628826
v -1.055229 7.770553 47.635731
v -1.051222 7.767706 47.630123
v -1.059310 7.773046 47.640942
v -1.063568 7.775263 47.645912
v -1.068391 7.777349 47.651016
v -1.073267 7.779039 47.655663
v -0.643796 7.991508 47.628826
v -0.575894 8.039886 47.630123
v -0.573444 8.068589 47.659073
v -0.574680 8.063902 47.655010
v -0.575678 8.058548 47.650036
v -0.576229 8.053517 47.645058
v -0.576415 8.048539 47.639847
v -0.576289 8.044203 47.635078
v -0.409339 8.168564 47.628826
v -0.483649 8.114606 47.635731
v -0.479060 8.112845 47.630123
v -0.488222 8.116006 47.640942
v -0.492897 8.117094 47.645912
v -0.498087 8.117914 47.651016
v -0.503231 8.118340 47.655663
v -0.506982 8.118409 47.658798
v -0.510677 8.118282 47.661674
v -0.396550 8.077815 47.525333
v -0.074821 8.255682 47.407650
v -0.311586 8.041743 47.416542
v -0.019979 8.325279 47.416542
v -0.053653 8.411222 47.525333
v -0.195782 8.370338 47.628826
v -0.086354 8.494682 47.630123
v -0.091150 8.518247 47.655010
v -0.090785 8.512812 47.650036
v -0.090068 8.507802 47.645058
v -0.089011 8.502934 47.639847
v -0.087810 8.498765 47.635078
v 0.301652 8.752542 47.407650
v 0.077923 8.576021 47.525333
v 0.169188 8.562212 47.416542
v 0.381121 8.909361 47.416542
v 0.327132 8.984229 47.525333
v 0.158545 8.837972 47.628826
v 0.267843 9.068719 47.645058
v 0.270078 9.064266 47.639847
v 0.272278 9.060527 47.635078
v 0.274703 9.056934 47.630123
v -0.015589 8.589995 47.635731
v -0.010706 8.589432 47.630123
v -0.020366 8.590215 47.640942
v 0.560359 9.319705 47.407650
v 0.413591 9.176572 47.525333
v 0.505423 9.185893 47.416542
v 0.624366 9.574841 47.416542
v 0.553454 9.633931 47.525333
v 0.402034 9.371772 47.628826
v 0.324411 9.167520 47.630123
v 0.319542 9.166852 47.635731
v 0.314860 9.165875 47.640942
v 0.310239 9.164577 47.645912
v 0.305295 9.162795 47.651016
v 0.478303 9.655500 47.628826
v 0.484591 9.691314 47.630123
v 0.469036 9.709652 47.655010
v 0.471974 9.705066 47.650036
v 0.475015 9.701021 47.645058
v 0.478287 9.697266 47.639847
v 0.481348 9.694190 47.635078
v 0.688777 9.929714 47.407650
v 0.589362 9.841732 47.525333
v 0.675991 9.873599 47.416542
v 0.522898 9.945898 47.628826
v 0.500685 9.808928 47.635731
v 0.505236 9.810786 47.630123
v 0.496394 9.806819 47.640942
v 0.492240 9.804412 47.645912
v 0.487895 9.801456 47.651016
v 0.483855 9.798245 47.655663
v 0.481073 9.795729 47.658798
v 0.701927 10.241601 47.407650
v 0.694470 10.279907 47.416542
v 0.611091 10.319506 47.525333
v 0.535275 10.239439 47.628826
v 0.510494 10.371854 47.655010
v 0.507198 10.375408 47.659073
v 0.514480 10.368142 47.650036
v 0.518432 10.364982 47.645058
v 0.522535 10.362157 47.639847
v 0.526265 10.359940 47.635078
v 0.530121 10.357960 47.630123
v 0.515285 10.532559 47.628826
v 0.520406 10.478813 47.630123
v 0.594193 10.529708 47.525333
v 0.516460 10.475883 47.635731
v 0.512828 10.472772 47.640942
v 0.509404 10.469406 47.645912
v 0.505930 10.465464 47.651016
v 0.502815 10.461349 47.655663
v 0.500746 10.458220 47.658798
v 0.625317 10.860255 47.407650
v 0.670175 10.582117 47.416542
v 0.587029 10.980256 47.416542
v 0.496422 10.997874 47.525333
v 0.463171 10.821702 47.628826
v 0.408432 11.014984 47.630123
v 0.390750 11.020957 47.650036
v 0.395364 11.018879 47.645058
v 0.400041 11.017163 47.639847
v 0.404205 11.015944 47.635078
v 0.415273 11.447184 47.407650
v 0.427779 11.197271 47.525333
v 0.488341 11.266931 47.416542
v 0.308793 11.631883 47.416542
v 0.216651 11.626415 47.525333
v 0.265483 11.374104 47.628826
v 0.365874 11.125805 47.635731
v 0.368967 11.129625 47.630123
v 0.363130 11.121889 47.640942
v 0.127171 11.621105 47.630123
v 0.118502 11.621128 47.639847
v 0.122838 11.620982 47.635078
v 0.081963 11.973972 47.407650
v 0.100577 11.802477 47.525333
v 0.141913 11.885008 47.416542
v -0.122754 12.193843 47.416542
v -0.210641 12.165632 47.525333
v -0.048221 11.869905 47.628826
v 0.058390 11.717860 47.635731
v 0.060436 11.722329 47.630123
v 0.056706 11.713385 47.640942
v 0.055327 11.708786 47.645912
v 0.054182 11.703658 47.651016
v 0.053435 11.698551 47.655663
v -0.244034 12.088942 47.628826
v -0.324644 12.135264 47.659073
v -0.319808 12.134929 47.655010
v -0.314362 12.134953 47.650036
v -0.309317 12.135353 47.645058
v -0.304392 12.136103 47.639847
v -0.300156 12.137040 47.635078
v -0.295990 12.138236 47.630123
v -0.358479 12.415123 47.407650
v -0.366853 12.307296 47.525333
v -0.347341 12.397514 47.416542
v -0.462754 12.285107 47.628826
v -0.386672 12.214847 47.635731
v -0.385802 12.219685 47.630123
v -0.387190 12.210093 47.640942
v -0.387383 12.205296 47.645912
v -0.387216 12.200044 47.651016
v -0.386669 12.194912 47.655663
v -0.386036 12.191215 47.658798
v -0.612387 12.596718 47.407650
v -0.680497 12.630827 47.416542
v -0.758607 12.581646 47.525333
v -0.701727 12.456019 47.628826
v -0.834461 12.533885 47.630123
v -0.856709 12.524758 47.655010
v -0.851439 12.526135 47.650036
v -0.846653 12.527779 47.645058
v -0.842070 12.529729 47.639847
v -0.838199 12.531691 47.635078
v -0.958051 12.599607 47.628826
v -0.941347 12.585537 47.635731
v -0.941707 12.590439 47.630123
v -0.940666 12.580803 47.640942
v -0.939660 12.576110 47.645912
v -0.938193 12.571064 47.651016
v -0.945142 12.680011 47.525333
v -1.172205 12.870955 47.407650
v -0.948679 12.772247 47.416542
v -1.329391 12.915378 47.416542
v -1.392816 12.848316 47.525333
v -1.228615 12.714125 47.628826
v -1.464700 12.774244 47.645058
v -1.460745 12.777274 47.639847
v -1.457485 12.780136 47.635078
v -1.454410 12.783192 47.630123
v -1.778445 13.016132 47.407650
v -1.597953 12.897202 47.525333
v -1.624317 12.985661 47.416542
v -2.028663 13.029614 47.416542
v -2.073419 12.948887 47.525333
v -1.799193 12.850761 47.628826
v -1.572351 12.811297 47.630123
v -1.570782 12.806640 47.635731
v -1.568946 12.802224 47.640942
v -1.566804 12.797928 47.645912
v -2.092281 12.871222 47.628826
v -2.116882 12.870491 47.630123
v -2.131981 12.851774 47.655010
v -2.128026 12.855520 47.650036
v -2.124623 12.859265 47.645058
v -2.121547 12.863183 47.639847
v -2.119100 12.866766 47.635078
v -2.401758 13.025222 47.407650
v -2.284268 12.945221 47.525333
v -2.331803 13.024344 47.416542
v -2.385841 12.859317 47.628826
v -2.235429 12.864262 47.635731
v -2.238107 12.868383 47.630123
v -2.232553 12.860441 47.640942
v -2.229409 12.856812 47.645912
v -2.225693 12.853098 47.651016
v -2.221781 12.849730 47.655663
v -2.218788 12.847469 47.658798
v -0.006463 8.706297 43.450001
v 0.073535 8.826693 43.450001
v 0.146718 8.951348 43.450001
v -0.093027 8.590533 43.450001
v 0.212860 9.079879 43.450001
v -0.185892 8.479759 43.450001
v 0.271757 9.211886 43.450001
v -0.284769 8.374317 43.450001
v 0.323226 9.346963 43.450001
v -0.389354 8.274532 43.450001
v 0.367109 9.484691 43.450001
v -0.499322 8.180715 43.450001
v 0.403270 9.624645 43.450001
v -0.614334 8.093154 43.450001
v 0.431598 9.766393 43.450001
v -0.734035 8.012119 43.450001
v 0.452003 9.909495 43.450001
v -0.858054 7.937863 43.450001
v 0.464425 10.053511 43.450001
v -0.986008 7.870614 43.450001
v 0.468824 10.197994 43.450001
v -1.117502 7.810579 43.450001
v 0.465186 10.342499 43.450001
v -1.252129 7.757946 43.450001
v 0.453523 10.486577 43.450001
v -1.389473 7.712874 43.450001
v 0.433871 10.629786 43.450001
v -1.529110 7.675507 43.450001
v 0.406290 10.771680 43.450001
v -1.670607 7.645956 43.450001
v 0.370867 10.911822 43.450001
v -1.813528 7.624315 43.450001
v 0.327710 11.049780 43.450001
v -1.957431 7.610651 43.450001
v 0.276952 11.185125 43.450001
v -2.101871 7.605005 43.450001
v 0.218751 11.317441 43.450001
v -2.246402 7.607395 43.450001
v 0.153287 11.446318 43.450001
v -2.390576 7.617813 43.450001
v 0.080762 11.571358 43.450001
v -2.533949 7.636228 43.450001
v 0.001399 11.692173 43.450001
v -2.676076 7.662582 43.450001
v -0.084555 11.808392 43.450001
v -2.816519 7.696794 43.450001
v -0.176835 11.919653 43.450001
v -2.954844 7.738759 43.450001
v -0.275156 12.025615 43.450001
v -3.090623 7.788345 43.450001
v -0.379213 12.125948 43.450001
v -3.223436 7.845401 43.450001
v -0.488686 12.220344 43.450001
v -3.352874 7.909750 43.450001
v -0.603235 12.308509 43.450001
v -3.478534 7.981194 43.450001
v -0.722508 12.390172 43.450001
v -3.600031 8.059509 43.450001
v -0.846134 12.465080 43.450001
v -3.716987 8.144457 43.450001
v -3.829041 8.235773 43.450001
v -0.973732 12.533003 43.450001
v -3.935848 8.333175 43.450001
v -1.104908 12.593729 43.450001
v -1.239256 12.647071 43.450001
v -4.037076 8.436362 43.450001
v -1.376361 12.692864 43.450001
v -4.132413 8.545015 43.450001
v -1.515799 12.730968 43.450001
v -4.221565 8.658800 43.450001
v -1.657139 12.761262 43.450001
v -1.799944 12.783655 43.450001
v -4.304255 8.777363 43.450001
v -4.380228 8.900337 43.450001
v -4.449250 9.027345 43.450001
v -1.943773 12.798078 43.450001
v -2.088181 12.804484 43.450001
v -4.511106 9.157991 43.450001
v -2.232723 12.802855 43.450001
v -2.376950 12.793197 43.450001
v -4.565606 9.291873 43.450001
v -4.612582 9.428577 43.450001
v -4.651887 9.567681 43.450001
v -2.520417 12.775537 43.450001
v -2.662681 12.749931 43.450001
v -4.683402 9.708755 43.450001
v -2.803303 12.716459 43.450001
v -4.707027 9.851361 43.450001
v -4.722691 9.995060 43.450001
v -2.941847 12.675224 43.450001
v -3.077885 12.626352 43.450001
v -4.730344 10.139408 43.450001
v -4.729963 10.283957 43.450001
v -3.210997 12.569997 43.450001
v -3.340771 12.506330 43.450001
v -4.721550 10.428263 43.450001
v -3.466806 12.435550 43.450001
v -3.588713 12.357875 43.450001
v -4.705130 10.571877 43.450001
v -3.706115 12.273544 43.450001
v -4.680754 10.714357 43.450001
v -3.818649 12.182819 43.450001
v -4.648497 10.855263 43.450001
v -4.608459 10.994158 43.450001
v -3.925967 12.085981 43.450001
v -4.560765 11.130612 43.450001
v -4.027737 11.983329 43.450001
v -4.505560 11.264206 43.450001
v -4.123645 11.875178 43.450001
v -4.443017 11.394526 43.450001
v -4.213394 11.761866 43.450001
v -4.373327 11.521167 43.450001
v -4.296708 11.643740 43.450001
v -2.694332 13.120052 44.439827
v -2.685710 13.153141 44.480820
v -2.702865 13.087303 44.399353
v -2.711310 13.054890 44.359390
v -2.719669 13.022809 44.319935
v -2.735255 12.962991 44.246635
v -2.750542 12.904318 44.175098
v -2.765538 12.846763 44.105286
v -2.780251 12.790298 44.037174
v -2.431202 13.189798 44.480820
v -2.516376 13.180006 44.480820
v -2.601235 13.167784 44.480820
v -2.380763 13.105841 44.363663
v -2.331803 13.024344 44.250755
v -2.284268 12.945221 44.141964
v -2.238107 12.868383 44.037174
v -2.235429 12.864262 44.031567
v -2.232553 12.860441 44.026352
v -2.229409 12.856812 44.021385
v -2.225693 12.853098 44.016277
v -2.221781 12.849730 44.011631
v -2.218788 12.847469 44.008499
v -2.215724 12.845401 44.005623
v -2.212600 12.843523 44.003002
v -2.209431 12.841834 44.000633
v -2.206227 12.840330 43.998516
v -2.202996 12.839007 43.996643
v -2.199748 12.837862 43.995007
v -2.193184 12.836076 43.992420
v -2.186623 12.834952 43.990738
v -2.180089 12.834460 43.989910
v -2.173689 12.834571 43.989910
v -2.167854 12.835186 43.990612
v -2.162569 12.836177 43.991837
v -2.157807 12.837439 43.993439
v -2.153531 12.838885 43.995308
v -2.149704 12.840451 43.997345
v -2.146284 12.842081 43.999477
v -2.143233 12.843735 44.001652
v -2.140513 12.845381 44.003822
v -2.135735 12.848709 44.008221
v -2.131981 12.851774 44.012283
v -2.128026 12.855520 44.017258
v -2.124623 12.859265 44.022236
v -2.121547 12.863183 44.027447
v -2.119100 12.866766 44.032215
v -2.116882 12.870491 44.037174
v -1.982566 13.112763 44.363663
v -1.935076 13.198424 44.480820
v -2.028663 13.029614 44.250755
v -2.073419 12.948887 44.141964
v -1.679447 13.170636 44.480820
v -1.764380 13.182333 44.480820
v -1.849613 13.191598 44.480820
v -1.651472 13.076772 44.363663
v -1.624317 12.985661 44.250755
v -1.597953 12.897202 44.141964
v -1.572351 12.811297 44.037174
v -1.570782 12.806640 44.031567
v -1.568946 12.802224 44.026352
v -1.566804 12.797928 44.021385
v -1.564128 12.793406 44.016277
v -1.561177 12.789171 44.011631
v -1.558840 12.786237 44.008499
v -1.556386 12.783471 44.005623
v -1.553828 12.780875 44.003002
v -1.551179 12.778451 44.000633
v -1.548449 12.776197 43.998516
v -1.545648 12.774114 43.996643
v -1.542787 12.772196 43.995007
v -1.536874 12.768833 43.992420
v -1.530799 12.766113 43.990738
v -1.524592 12.764011 43.989910
v -1.518366 12.762527 43.989910
v -1.512561 12.761672 43.990612
v -1.507196 12.761318 43.991837
v -1.502269 12.761355 43.993439
v -1.497768 12.761694 43.995308
v -1.493672 12.762259 43.997345
v -1.489954 12.762987 43.999477
v -1.486587 12.763829 44.001652
v -1.483543 12.764748 44.003822
v -1.478088 12.766783 44.008221
v -1.473689 12.768819 44.012283
v -1.468927 12.771463 44.017258
v -1.464700 12.774244 44.022236
v -1.460745 12.777274 44.027447
v -1.457485 12.780136 44.032215
v -1.454410 12.783192 44.037174
v -1.264063 12.984449 44.363663
v -1.196762 13.055609 44.480820
v -1.329391 12.915378 44.250755
v -1.392816 12.848316 44.141964
v -0.956075 12.965122 44.480820
v -1.035431 12.997573 44.480820
v -1.115682 13.027744 44.480820
v -0.952322 12.867249 44.363663
v -0.948679 12.772247 44.250755
v -0.945142 12.680011 44.141964
v -0.941707 12.590439 44.037174
v -0.941347 12.585537 44.031567
v -0.940666 12.580803 44.026352
v -0.939660 12.576110 44.021385
v -0.938193 12.571064 44.016277
v -0.936387 12.566229 44.011631
v -0.934853 12.562805 44.008499
v -0.933164 12.559516 44.005623
v -0.931332 12.556366 44.003002
v -0.929369 12.553359 44.000633
v -0.927285 12.550497 43.998516
v -0.925091 12.547782 43.996643
v -0.922796 12.545214 43.995007
v -0.917905 12.540485 43.992420
v -0.912697 12.536341 43.990738
v -0.907208 12.532762 43.989910
v -0.901547 12.529776 43.989910
v -0.896137 12.527504 43.990612
v -0.891029 12.525826 43.991837
v -0.886247 12.524637 43.993439
v -0.881804 12.523846 43.995308
v -0.877696 12.523374 43.997345
v -0.873914 12.523154 43.999477
v -0.870443 12.523133 44.001652
v -0.867267 12.523266 44.003822
v -0.861477 12.523881 44.008221
v -0.856709 12.524758 44.012283
v -0.851439 12.526135 44.017258
v -0.846653 12.527779 44.022236
v -0.842070 12.529729 44.027447
v -0.838199 12.531691 44.032215
v -0.834461 12.533885 44.037174
v -0.600044 12.681483 44.363663
v -0.517161 12.733670 44.480820
v -0.680497 12.630827 44.250755
v -0.758607 12.581646 44.141964
v -0.306539 12.586169 44.480820
v -0.375331 12.637336 44.480820
v -0.445557 12.686516 44.480820
v -0.327243 12.490438 44.363663
v -0.347341 12.397514 44.250755
v -0.366853 12.307296 44.141964
v -0.385802 12.219685 44.037174
v -0.386672 12.214847 44.031567
v -0.387190 12.210093 44.026352
v -0.387383 12.205296 44.021385
v -0.387216 12.200044 44.016277
v -0.386669 12.194912 44.011631
v -0.386036 12.191215 44.008499
v -0.385218 12.187609 44.005623
v -0.384227 12.184102 44.003002
v -0.383073 12.180701 44.000633
v -0.381766 12.177411 43.998516
v -0.380316 12.174235 43.996643
v -0.378732 12.171177 43.995007
v -0.375170 12.165381 43.992420
v -0.371157 12.160071 43.990738
v -0.366731 12.155239 43.989910
v -0.361989 12.150939 43.989910
v -0.357315 12.147393 43.990612
v -0.352784 12.144498 43.991837
v -0.348449 12.142158 43.993439
v -0.344341 12.140285 43.995308
v -0.340480 12.138806 43.997345
v -0.336871 12.137654 43.999477
v -0.333515 12.136771 44.001652
v -0.330405 12.136108 44.003822
v -0.324644 12.135264 44.008221
v -0.319808 12.134929 44.012283
v -0.314362 12.134953 44.017258
v -0.309317 12.135353 44.022236
v -0.304392 12.136103 44.027447
v -0.300156 12.137040 44.032215
v -0.295990 12.138236 44.037174
v -0.032231 12.222900 44.363663
v 0.061027 12.252834 44.480820
v -0.122754 12.193843 44.250755
v -0.210641 12.165632 44.141964
v 0.228350 12.057589 44.480820
v 0.174443 12.124256 44.480820
v 0.118654 12.189356 44.480820
v 0.184488 11.970015 44.363663
v 0.141913 11.885008 44.250755
v 0.100577 11.802477 44.141964
v 0.060436 11.722329 44.037174
v 0.058390 11.717860 44.031567
v 0.056706 11.713385 44.026352
v 0.055327 11.708786 44.021385
v 0.054182 11.703658 44.016277
v 0.053435 11.698551 44.011631
v 0.053129 11.694812 44.008499
v 0.053025 11.691116 44.005623
v 0.053113 11.687473 44.003002
v 0.053384 11.683892 44.000633
v 0.053832 11.680381 43.998516
v 0.054446 11.676944 43.996643
v 0.055220 11.673588 43.995007
v 0.057229 11.667089 43.992420
v 0.059795 11.660947 43.990738
v 0.062881 11.655167 43.989910
v 0.066404 11.649822 43.989910
v 0.070050 11.645226 43.990612
v 0.073718 11.641294 43.991837
v 0.077335 11.637949 43.993439
v 0.080848 11.635115 43.995308
v 0.084221 11.632722 43.997345
v 0.087429 11.630708 43.999477
v 0.090460 11.629018 44.001652
v 0.093308 11.627603 44.003822
v 0.098678 11.625353 44.008221
v 0.103278 11.623825 44.012283
v 0.108560 11.622493 44.017258
v 0.113545 11.621627 44.022236
v 0.118502 11.621128 44.027447
v 0.122838 11.620982 44.032215
v 0.127171 11.621105 44.037174
v 0.403698 11.637514 44.363663
v 0.501471 11.643316 44.480820
v 0.308793 11.631883 44.250755
v 0.216651 11.626415 44.141964
v 0.614981 11.412593 44.480820
v 0.579348 11.490572 44.480820
v 0.541501 11.567501 44.480820
v 0.550719 11.338677 44.363663
v 0.488341 11.266931 44.250755
v 0.427779 11.197271 44.141964
v 0.368967 11.129625 44.037174
v 0.365874 11.125805 44.031567
v 0.363130 11.121889 44.026352
v 0.360650 11.117778 44.021385
v 0.358266 11.113095 44.016277
v 0.356272 11.108335 44.011631
v 0.355047 11.104790 44.008499
v 0.354026 11.101235 44.005623
v 0.353205 11.097685 44.003002
v 0.352578 11.094149 44.000633
v 0.352138 11.090636 43.998516
v 0.351879 11.087155 43.996643
v 0.351793 11.083712 43.995007
v 0.352123 11.076918 43.992420
v 0.353081 11.070331 43.990738
v 0.354632 11.063964 43.989910
v 0.356716 11.057912 43.989910
v 0.359104 11.052552 43.990612
v 0.361679 11.047832 43.991837
v 0.364351 11.043693 43.993439
v 0.367049 11.040074 43.995308
v 0.369720 11.036918 43.997345
v 0.372327 11.034169 43.999477
v 0.374843 11.031778 44.001652
v 0.377249 11.029699 44.003822
v 0.381890 11.026184 44.008221
v 0.385966 11.023561 44.012283
v 0.390750 11.020957 44.017258
v 0.395364 11.018879 44.022236
v 0.400041 11.017163 44.027447
v 0.404205 11.015944 44.032215
v 0.408432 11.014984 44.037174
v 0.680353 10.962109 44.363663
v 0.776496 10.943414 44.480820
v 0.587029 10.980256 44.250755
v 0.496422 10.997874 44.141964
v 0.829062 10.691710 44.480820
v 0.813941 10.776100 44.480820
v 0.796414 10.860024 44.480820
v 0.748437 10.636098 44.363663
v 0.670175 10.582117 44.250755
v 0.594193 10.529708 44.141964
v 0.520406 10.478813 44.037174
v 0.516460 10.475883 44.031567
v 0.512828 10.472772 44.026352
v 0.509404 10.469406 44.021385
v 0.505930 10.465464 44.016277
v 0.502815 10.461349 44.011631
v 0.500746 10.458220 44.008499
v 0.498874 10.455031 44.005623
v 0.497196 10.451797 44.003002
v 0.495709 10.448527 44.000633
v 0.494409 10.445234 43.998516
v 0.493293 10.441927 43.996643
v 0.492353 10.438613 43.995007
v 0.490982 10.431951 43.992420
v 0.490273 10.425332 43.990738
v 0.490192 10.418780 43.989910
v 0.490705 10.412399 43.989910
v 0.491685 10.406614 43.990612
v 0.493006 10.401402 43.991837
v 0.494564 10.396729 43.993439
v 0.496277 10.392552 43.995308
v 0.498079 10.388831 43.997345
v 0.499921 10.385520 43.999477
v 0.501763 10.382579 44.001652
v 0.503576 10.379968 44.003822
v 0.507198 10.375408 44.008221
v 0.510494 10.371854 44.012283
v 0.514480 10.368142 44.017258
v 0.518432 10.364982 44.022236
v 0.522535 10.362157 44.027447
v 0.526265 10.359940 44.032215
v 0.530121 10.357960 44.037174
v 0.780349 10.239121 44.363663
v 0.868823 10.197104 44.480820
v 0.694470 10.279907 44.250755
v 0.611091 10.319506 44.141964
v 0.857141 9.940235 44.480820
v 0.863481 10.025735 44.480820
v 0.867377 10.111381 44.480820
v 0.765218 9.906421 44.363663
v 0.675991 9.873599 44.250755
v 0.589362 9.841732 44.141964
v 0.505236 9.810786 44.037174
v 0.500685 9.808928 44.031567
v 0.496394 9.806819 44.026352
v 0.492240 9.804412 44.021385
v 0.487895 9.801456 44.016277
v 0.483855 9.798245 44.011631
v 0.481073 9.795729 44.008499
v 0.478466 9.793106 44.005623
v 0.476037 9.790390 44.003002
v 0.473783 9.787594 44.000633
v 0.471706 9.784728 43.998516
v 0.469802 9.781802 43.996643
v 0.468068 9.778826 43.995007
v 0.465083 9.772713 43.992420
v 0.462750 9.766479 43.990738
v 0.461042 9.760153 43.989910
v 0.459952 9.753845 43.989910
v 0.459463 9.747998 43.990612
v 0.459446 9.742621 43.991837
v 0.459793 9.737707 43.993439
v 0.460413 9.733236 43.995308
v 0.461234 9.729183 43.997345
v 0.462194 9.725519 43.999477
v 0.463247 9.722212 44.001652
v 0.464354 9.719232 44.003822
v 0.466728 9.713915 44.008221
v 0.469036 9.709652 44.012283
v 0.471974 9.705066 44.017258
v 0.475015 9.701021 44.022236
v 0.478287 9.697266 44.027447
v 0.481348 9.694190 44.032215
v 0.484591 9.691314 44.037174
v 0.697404 9.513980 44.363663
v 0.772649 9.451280 44.480820
v 0.624366 9.574841 44.250755
v 0.553454 9.633931 44.141964
v 0.697453 9.205386 44.480820
v 0.724857 9.286623 44.480820
v 0.749930 9.368609 44.480820
v 0.600009 9.195495 44.363663
v 0.505423 9.185893 44.250755
v 0.413591 9.176572 44.141964
v 0.324411 9.167520 44.037174
v 0.319542 9.166852 44.031567
v 0.314860 9.165875 44.026352
v 0.310239 9.164577 44.021385
v 0.305295 9.162795 44.016277
v 0.300583 9.160689 44.011631
v 0.297263 9.158944 44.008499
v 0.294086 9.157052 44.005623
v 0.291057 9.155025 44.003002
v 0.288179 9.152878 44.000633
v 0.285454 9.150618 43.998516
v 0.282882 9.148258 43.996643
v 0.280463 9.145806 43.995007
v 0.276051 9.140628 43.992420
v 0.272242 9.135170 43.990738
v 0.269014 9.129467 43.989910
v 0.266390 9.123630 43.989910
v 0.264462 9.118088 43.990612
v 0.263108 9.112884 43.991837
v 0.262222 9.108038 43.993439
v 0.261711 9.103553 43.995308
v 0.261498 9.099423 43.997345
v 0.261517 9.095634 43.999477
v 0.261714 9.092170 44.001652
v 0.262045 9.089008 44.003822
v 0.263022 9.083268 44.008221
v 0.264197 9.078566 44.012283
v 0.265903 9.073392 44.017258
v 0.267843 9.068719 44.022236
v 0.270078 9.064266 44.027447
v 0.272278 9.060527 44.032215
v 0.274703 9.056934 44.037174
v 0.436729 8.832248 44.363663
v 0.494017 8.752804 44.480820
v 0.381121 8.909361 44.250755
v 0.327132 8.984229 44.141964
v 0.360032 8.533336 44.480820
v 0.406779 8.605206 44.480820
v 0.451453 8.678382 44.480820
v 0.263190 8.547989 44.363663
v 0.169188 8.562212 44.250755
v 0.077923 8.576021 44.141964
v -0.010706 8.589432 44.037174
v -0.015589 8.589995 44.031567
v -0.020366 8.590215 44.026352
v -0.025165 8.590105 44.021385
v -0.030397 8.589609 44.016277
v -0.035484 8.588741 44.011631
v -0.039134 8.587877 44.008499
v -0.042682 8.586834 44.005623
v -0.046120 8.585625 44.003002
v -0.049441 8.584260 44.000633
v -0.052643 8.582749 43.998516
v -0.055721 8.581102 43.996643
v -0.058674 8.579329 43.995007
v -0.064234 8.575411 43.992420
v -0.069282 8.571072 43.990738
v -0.073826 8.566351 43.989910
v -0.077820 8.561349 43.989910
v -0.081066 8.556461 43.990612
v -0.083671 8.551758 43.991837
v -0.085734 8.547284 43.993439
v -0.087344 8.543067 43.995308
v -0.088578 8.539121 43.997345
v -0.089502 8.535446 43.999477
v -0.090173 8.532042 44.001652
v -0.090638 8.528896 44.003822
v -0.091119 8.523093 44.008221
v -0.091150 8.518247 44.012283
v -0.090785 8.512812 44.017258
v -0.090068 8.507802 44.022236
v -0.089011 8.502934 44.027447
v -0.087810 8.498765 44.032215
v -0.086354 8.494682 44.037174
v 0.014704 8.236760 44.363663
v 0.050436 8.145566 44.480820
v -0.019979 8.325279 44.250755
v -0.053653 8.411222 44.141964
v -0.133919 7.966313 44.480820
v -0.070768 8.024300 44.480820
v -0.009300 8.084066 44.480820
v -0.224075 8.004589 44.363663
v -0.311586 8.041743 44.250755
v -0.396550 8.077815 44.141964
v -0.479060 8.112845 44.037174
v -0.483649 8.114606 44.031567
v -0.488222 8.116006 44.026352
v -0.492897 8.117094 44.021385
v -0.498087 8.117914 44.016277
v -0.503231 8.118340 44.011631
v -0.506982 8.118409 44.008499
v -0.510677 8.118282 44.005623
v -0.514307 8.117966 44.003002
v -0.517864 8.117469 44.000633
v -0.521341 8.116802 43.998516
v -0.524732 8.115973 43.996643
v -0.528033 8.114990 43.995007
v -0.534393 8.112577 43.992420
v -0.540361 8.109630 43.990738
v -0.545937 8.106188 43.989910
v -0.551049 8.102336 43.989910
v -0.555408 8.098409 43.990612
v -0.559101 8.094501 43.991837
v -0.562213 8.090680 43.993439
v -0.564821 8.086997 43.995308
v -0.566997 8.083481 43.997345
v -0.568806 8.080152 43.999477
v -0.570302 8.077021 44.001652
v -0.571535 8.074090 44.003822
v -0.573444 8.068589 44.008221
v -0.574680 8.063902 44.012283
v -0.575678 8.058548 44.017258
v -0.576229 8.053517 44.022236
v -0.576415 8.048539 44.027447
v -0.576289 8.044203 44.032215
v -0.575894 8.039886 44.037174
v -0.542154 7.764934 44.363663
v -0.530224 7.667719 44.480820
v -0.553734 7.859298 44.250755
v -0.564976 7.950915 44.141964
v -0.753365 7.539946 44.480820
v -0.677778 7.580405 44.480820
v -0.603377 7.623007 44.480820
v -0.831169 7.599440 44.363663
v -0.906692 7.657189 44.250755
v -0.980016 7.713258 44.141964
v -1.051222 7.767706 44.037174
v -1.055229 7.770553 44.031567
v -1.059310 7.773046 44.026352
v -1.063568 7.775263 44.021385
v -1.068391 7.777349 44.016277
v -1.073267 7.779039 44.011631
v -1.076883 7.780040 44.008499
v -1.080494 7.780836 44.005623
v -1.084089 7.781432 44.003002
v -1.087657 7.781836 44.000633
v -1.091190 7.782054 43.998516
v -1.094681 7.782094 43.996643
v -1.098123 7.781963 43.995007
v -1.104883 7.781208 43.992420
v -1.111397 7.779838 43.990738
v -1.117653 7.777890 43.989910
v -1.123563 7.775431 43.989910
v -1.128762 7.772711 43.990612
v -1.133311 7.769844 43.991837
v -1.137274 7.766918 43.993439
v -1.140717 7.763998 43.995308
v -1.143699 7.761134 43.997345
v -1.146279 7.758359 43.999477
v -1.148507 7.755699 44.001652
v -1.150430 7.753167 44.003822
v -1.153647 7.748314 44.008221
v -1.156009 7.744081 44.012283
v -1.158308 7.739142 44.017258
v -1.160092 7.734407 44.022236
v -1.161511 7.729632 44.027447
v -1.162467 7.725400 44.032215
v -1.163158 7.721121 44.037174
v -1.198855 7.446416 44.363663
v -1.211477 7.349289 44.480820
v -1.186604 7.540696 44.250755
v -1.174709 7.632231 44.141964
v -1.459384 7.281023 44.480820
v -1.376109 7.301413 44.480820
v -1.293451 7.324174 44.480820
v -1.519948 7.357997 44.363663
v -1.578736 7.432714 44.250755
v -1.635813 7.505256 44.141964
v -1.691241 7.575702 44.037174
v -1.694414 7.579456 44.031567
v -1.697746 7.582885 44.026352
v -1.701320 7.586092 44.021385
v -1.705472 7.589311 44.016277
v -1.709775 7.592161 44.011631
v -1.713028 7.594029 44.008499
v -1.716328 7.595698 44.005623
v -1.719662 7.597169 44.003002
v -1.723018 7.598448 44.000633
v -1.726385 7.599538 43.998516
v -1.729756 7.600445 43.996643
v -1.733123 7.601175 43.995007
v -1.739859 7.602125 43.992420
v -1.746508 7.602417 43.990738
v -1.753053 7.602087 43.989910
v -1.759388 7.601174 43.989910
v -1.765100 7.599833 43.990612
v -1.770219 7.598187 43.991837
v -1.774786 7.596338 43.993439
v -1.778846 7.594367 43.995308
v -1.782447 7.592334 43.997345
v -1.785636 7.590288 43.999477
v -1.788455 7.588265 44.001652
v -1.790948 7.586291 44.003822
v -1.795271 7.582390 44.008221
v -1.798612 7.578878 44.012283
v -1.802066 7.574667 44.017258
v -1.804972 7.570524 44.022236
v -1.807534 7.566252 44.027447
v -1.809512 7.562390 44.032215
v -1.811246 7.558417 44.037174
v -1.914138 7.301221 44.363663
v -1.950517 7.210284 44.480820
v -1.878825 7.389492 44.250755
v -1.844540 7.475193 44.141964
v -2.207613 7.205814 44.480820
v -2.121883 7.204854 44.480820
v -2.036161 7.206344 44.480820
v -2.247131 7.295432 44.363663
v -2.285491 7.382421 44.250755
v -2.322734 7.466878 44.141964
v -2.358902 7.548896 44.037174
v -2.361042 7.553321 44.031567
v -2.363417 7.557472 44.026352
v -2.366080 7.561465 44.021385
v -2.369302 7.565617 44.016277
v -2.372761 7.569447 44.011631
v -2.375447 7.572066 44.008499
v -2.378228 7.574502 44.005623
v -2.381091 7.576757 44.003002
v -2.384023 7.578830 44.000633
v -2.387014 7.580724 43.998516
v -2.390054 7.582440 43.996643
v -2.393133 7.583984 43.995007
v -2.399421 7.586579 43.992420
v -2.405789 7.588516 43.990738
v -2.412210 7.589823 43.989910
v -2.418574 7.590515 43.989910
v -2.424440 7.590636 43.990612
v -2.429807 7.590315 43.991837
v -2.434690 7.589661 43.993439
v -2.439113 7.588761 43.995308
v -2.443107 7.587687 43.997345
v -2.446704 7.586499 43.999477
v -2.449938 7.585241 44.001652
v -2.452843 7.583949 44.003822
v -2.458000 7.581245 44.008221
v -2.462109 7.578675 44.012283
v -2.466502 7.575454 44.017258
v -2.470348 7.572165 44.022236
v -2.473891 7.568664 44.027447
v -2.476768 7.565415 44.032215
v -2.479435 7.561998 44.037174
v -2.643057 7.338470 44.363663
v -2.700908 7.259438 44.480820
v -2.586901 7.415186 44.250755
v -2.532381 7.489668 44.141964
v -2.951038 7.319045 44.480820
v -2.868241 7.296795 44.480820
v -2.784842 7.276921 44.480820
v -2.967029 7.415675 44.363663
v -2.982550 7.509472 44.250755
v -2.997619 7.600537 44.141964
v -3.012253 7.688972 44.037174
v -3.013226 7.693790 44.031567
v -3.014494 7.698401 44.026352
v -3.016080 7.702932 44.021385
v -3.018169 7.707754 44.016277
v -3.020566 7.712325 44.011631
v -3.022516 7.715529 44.008499
v -3.024604 7.718581 44.005623
v -3.026817 7.721477 44.003002
v -3.029141 7.724214 44.000633
v -3.031568 7.726792 43.998516
v -3.034085 7.729210 43.996643
v -3.036683 7.731471 43.995007
v -3.042128 7.735548 43.992420
v -3.047815 7.739008 43.990738
v -3.053709 7.741871 43.989910
v -3.059700 7.744124 43.989910
v -3.065352 7.745700 43.990612
v -3.070630 7.746725 43.991837
v -3.075523 7.747304 43.993439
v -3.080031 7.747533 43.995308
v -3.084166 7.747486 43.997345
v -3.087945 7.747230 43.999477
v -3.091391 7.746815 44.001652
v -3.094526 7.746286 44.003822
v -3.100193 7.744950 44.008221
v -3.104813 7.743482 44.012283
v -3.109869 7.741456 44.017258
v -3.114411 7.739226 44.022236
v -3.118714 7.736715 44.027447
v -3.122308 7.734285 44.032215
v -3.125741 7.731639 44.037174
v -3.339812 7.555824 44.363663
v -3.415501 7.493661 44.480820
v -3.266342 7.616165 44.250755
v -3.195012 7.674748 44.141964
v -3.642949 7.613601 44.480820
v -3.568286 7.571460 44.480820
v -3.492449 7.531469 44.480820
v -3.634405 7.711172 44.363663
v -3.626113 7.805882 44.250755
v -3.618062 7.897834 44.141964
v -3.610243 7.987130 44.037174
v -3.609987 7.992039 44.031567
v -3.610068 7.996820 44.026352
v -3.610478 8.001603 44.021385
v -3.611302 8.006793 44.016277
v -3.612487 8.011816 44.011631
v -3.613580 8.015405 44.008499
v -3.614843 8.018880 44.005623
v -3.616266 8.022235 44.003002
v -3.617836 8.025464 44.000633
v -3.619545 8.028564 43.998516
v -3.621382 8.031533 43.996643
v -3.623337 8.034369 43.995007
v -3.627597 8.039673 43.992420
v -3.632244 8.044437 43.990738
v -3.637241 8.048676 43.989910
v -3.642484 8.052349 43.989910
v -3.647566 8.055281 43.990612
v -3.652424 8.057586 43.991837
v -3.657018 8.059364 43.993439
v -3.661328 8.060706 43.995308
v -3.665344 8.061689 43.997345
v -3.669069 8.062381 43.999477
v -3.672510 8.062837 44.001652
v -3.675678 8.063104 44.003822
v -3.681499 8.063219 44.008221
v -3.686339 8.062946 44.012283
v -3.691740 8.062241 44.017258
v -3.696694 8.061211 44.022236
v -3.701486 8.059849 44.027447
v -3.705571 8.058389 44.032215
v -3.709555 8.056680 44.037174
v -3.960623 7.939626 44.363663
v -4.049394 7.898239 44.480820
v -3.874456 7.979799 44.250755
v -3.790797 8.018803 44.141964
v -4.239868 8.070974 44.480820
v -4.178031 8.011589 44.480820
v -4.114522 7.953995 44.480820
v -4.207328 8.163356 44.363663
v -4.175743 8.253027 44.250755
v -4.145077 8.340089 44.141964
v -4.115297 8.424635 44.037174
v -4.113828 8.429325 44.031567
v -4.112718 8.433977 44.026352
v -4.111926 8.438712 44.021385
v -4.111433 8.443943 44.016277
v -4.111331 8.449103 44.011631
v -4.111497 8.452851 44.008499
v -4.111856 8.456532 44.005623
v -4.112400 8.460135 44.003002
v -4.113119 8.463653 44.000633
v -4.114003 8.467081 43.998516
v -4.115043 8.470413 43.996643
v -4.116231 8.473646 43.995007
v -4.119039 8.479842 43.992420
v -4.122355 8.485614 43.990738
v -4.126141 8.490962 43.989910
v -4.130306 8.495822 43.989910
v -4.134499 8.499927 43.990612
v -4.138631 8.503366 43.991837
v -4.142639 8.506232 43.993439
v -4.146480 8.508603 43.995308
v -4.150126 8.510555 43.997345
v -4.153561 8.512151 43.999477
v -4.156780 8.513448 44.001652
v -4.159782 8.514495 44.003822
v -4.165392 8.516054 44.008221
v -4.170147 8.516994 44.012283
v -4.175554 8.517653 44.017258
v -4.180609 8.517887 44.022236
v -4.185589 8.517760 44.027447
v -4.189909 8.517362 44.032215
v -4.194193 8.516697 44.037174
v -4.466483 8.465758 44.363663
v -4.562757 8.447748 44.480820
v -4.373032 8.483241 44.250755
v -4.282302 8.500215 44.141964
v -4.704290 8.662426 44.480820
v -4.659164 8.589528 44.480820
v -4.611974 8.517949 44.480820
v -4.649798 8.743813 44.363663
v -4.596905 8.822812 44.250755
v -4.545551 8.899512 44.141964
v -4.495681 8.973996 44.037174
v -4.493092 8.978174 44.031567
v -4.490860 8.982404 44.026352
v -4.488914 8.986793 44.021385
v -4.487136 8.991736 44.016277
v -4.485755 8.996710 44.011631
v -4.484983 9.000381 44.008499
v -4.484416 9.004035 44.005623
v -4.484046 9.007660 44.003002
v -4.483868 9.011247 44.000633
v -4.483871 9.014787 43.998516
v -4.484050 9.018273 43.996643
v -4.484397 9.021700 43.995007
v -4.485575 9.028399 43.992420
v -4.487352 9.034814 43.990738
v -4.489689 9.040936 43.989910
v -4.492515 9.046679 43.989910
v -4.495555 9.051698 43.990612
v -4.498702 9.056057 43.991837
v -4.501872 9.059830 43.993439
v -4.505002 9.063082 43.995308
v -4.508047 9.065879 43.997345
v -4.510978 9.068278 43.999477
v -4.513773 9.070335 44.001652
v -4.516421 9.072096 44.003822
v -4.521467 9.075002 44.008221
v -4.525839 9.077093 44.012283
v -4.530912 9.079077 44.017258
v -4.535750 9.080561 44.022236
v -4.540605 9.081677 44.027447
v -4.544889 9.082365 44.032215
v -4.549203 9.082787 44.037174
v -4.825607 9.101165 44.363663
v -4.923336 9.107662 44.480820
v -4.730744 9.094857 44.250755
v -4.638643 9.088734 44.141964
v -5.007033 9.350794 44.480820
v -4.981454 9.268964 44.480820
v -4.953547 9.187898 44.480820
v -4.934013 9.416072 44.363663
v -4.863135 9.479435 44.250755
v -4.794321 9.540955 44.141964
v -4.727494 9.600696 44.037174
v -4.723947 9.604098 44.031567
v -4.720733 9.607640 44.026352
v -4.717758 9.611407 44.021385
v -4.714805 9.615754 44.016277
v -4.712231 9.620228 44.011631
v -4.710570 9.623591 44.008499
v -4.709113 9.626989 44.005623
v -4.707853 9.630409 44.003002
v -4.706788 9.633839 44.000633
v -4.705911 9.637268 43.998516
v -4.705218 9.640690 43.996643
v -4.704701 9.644095 43.995007
v -4.704176 9.650877 43.992420
v -4.704302 9.657532 43.990738
v -4.705043 9.664042 43.989910
v -4.706351 9.670309 43.989910
v -4.708049 9.675925 43.990612
v -4.710012 9.680930 43.991837
v -4.712144 9.685372 43.993439
v -4.714367 9.689301 43.995308
v -4.716621 9.692767 43.997345
v -4.718863 9.695821 43.999477
v -4.721059 9.698508 44.001652
v -4.723186 9.700871 44.003822
v -4.727350 9.704941 44.008221
v -4.731065 9.708055 44.012283
v -4.735486 9.711237 44.017258
v -4.739802 9.713878 44.022236
v -4.744227 9.716166 44.027447
v -4.748205 9.717898 44.032215
v -4.752279 9.719379 44.037174
v -5.015429 9.805919 44.363663
v -5.108471 9.836516 44.480820
v -4.925115 9.776217 44.250755
v -4.837431 9.747382 44.141964
v -5.129076 10.092824 44.480820
v -5.124650 10.007203 44.480820
v -5.117780 9.921744 44.480820
v -5.042116 10.137892 44.363663
v -4.957706 10.181638 44.250755
v -4.875754 10.224111 44.141964
v -4.796170 10.265356 44.037174
v -4.791888 10.267770 44.031567
v -4.787894 10.270401 44.026352
v -4.784076 10.273310 44.021385
v -4.780135 10.276786 44.016277
v -4.776529 10.280478 44.011631
v -4.774084 10.283324 44.008499
v -4.771827 10.286253 44.005623
v -4.769757 10.289251 44.003002
v -4.767872 10.292308 44.000633
v -4.766170 10.295412 43.998516
v -4.764647 10.298553 43.996643
v -4.763300 10.301723 43.995007
v -4.761105 10.308162 43.992420
v -4.759572 10.314639 43.990738
v -4.758670 10.321130 43.989910
v -4.758379 10.327524 43.989910
v -4.758627 10.333386 43.990612
v -4.759284 10.338723 43.991837
v -4.760244 10.343554 43.993439
v -4.761420 10.347913 43.995308
v -4.762742 10.351831 43.997345
v -4.764154 10.355347 43.999477
v -4.765613 10.358496 44.001652
v -4.767085 10.361314 44.003822
v -4.770106 10.366290 44.008221
v -4.772930 10.370231 44.012283
v -4.776420 10.374413 44.017258
v -4.779944 10.378043 44.022236
v -4.783661 10.381360 44.027447
v -4.787084 10.384027 44.032215
v -4.790661 10.386475 44.037174
v -5.024022 10.535738 44.363663
v -5.106532 10.588513 44.480820
v -4.943932 10.484510 44.250755
v -4.866174 10.434774 44.141964
v -5.062747 10.841892 44.480820
v -5.079755 10.757861 44.480820
v -5.094353 10.673378 44.480820
v -4.967312 10.863918 44.363663
v -4.874675 10.885299 44.250755
v -4.784735 10.906056 44.141964
v -4.697394 10.926214 44.037174
v -4.692647 10.927487 44.031567
v -4.688124 10.929042 44.026352
v -4.683702 10.930910 44.021385
v -4.679020 10.933297 44.016277
v -4.674610 10.935977 44.011631
v -4.671534 10.938125 44.008499
v -4.668619 10.940400 44.005623
v -4.665868 10.942790 44.003002
v -4.663282 10.945282 44.000633
v -4.660862 10.947865 43.998516
v -4.658606 10.950529 43.996643
v -4.656513 10.953264 43.995007
v -4.652785 10.958955 43.992420
v -4.649690 10.964848 43.990738
v -4.647202 10.970910 43.989910
v -4.645330 10.977031 43.989910
v -4.644112 10.982770 43.990612
v -4.643421 10.988103 43.991837
v -4.643149 10.993022 43.993439
v -4.643205 10.997535 43.995308
v -4.643511 11.001659 43.997345
v -4.644004 11.005415 43.999477
v -4.644634 11.008828 44.001652
v -4.645359 11.011924 44.003822
v -4.647048 11.017496 44.008221
v -4.648803 11.022014 44.012283
v -4.651144 11.026933 44.017258
v -4.653654 11.031326 44.022236
v -4.656430 11.035463 44.027447
v -4.659081 11.038898 44.032215
v -4.661938 11.042157 44.037174
v -4.850847 11.244766 44.363663
v -4.917640 11.316402 44.480820
v -4.786013 11.175230 44.250755
v -4.723066 11.107718 44.141964
v -4.812218 11.550933 44.480820
v -4.849588 11.473771 44.480820
v -4.884738 11.395573 44.480820
v -4.714303 11.548532 44.363663
v -4.619260 11.546204 44.250755
v -4.526983 11.543941 44.141964
v -4.437373 11.541745 44.037174
v -4.432457 11.541798 44.031567
v -4.427691 11.542179 44.026352
v -4.422943 11.542889 44.021385
v -4.417815 11.544037 44.016277
v -4.412876 11.545535 44.011631
v -4.409363 11.546851 44.008499
v -4.405974 11.548329 44.005623
v -4.402715 11.549960 44.003002
v -4.399591 11.551731 44.000633
v -4.396604 11.553631 43.998516
v -4.393756 11.555651 43.996643
v -4.391049 11.557779 43.995007
v -4.386023 11.562364 43.992420
v -4.381559 11.567302 43.990738
v -4.377643 11.572555 43.989910
v -4.374307 11.578018 43.989910
v -4.371700 11.583274 43.990612
v -4.369705 11.588267 43.991837
v -4.368218 11.592964 43.993439
v -4.367149 11.597349 43.995308
v -4.366420 11.601420 43.997345
v -4.365964 11.605181 43.999477
v -4.365726 11.608643 44.001652
v -4.365657 11.611821 44.003822
v -4.365908 11.617639 44.008221
v -4.366484 11.622452 44.012283
v -4.367527 11.627798 44.017258
v -4.368867 11.632677 44.022236
v -4.370526 11.637375 44.027447
v -4.372241 11.641360 44.032215
v -4.374196 11.645228 44.037174
v -4.506784 11.888452 44.363663
v -4.553663 11.974448 44.480820
v -4.461279 11.804976 44.250755
v -4.417099 11.723932 44.141964
v -4.393229 12.175393 44.480820
v -4.448614 12.109949 44.480820
v -4.502107 12.042949 44.480820
v -4.298986 12.148718 44.363663
v -4.207508 12.122826 44.250755
v -4.118693 12.097687 44.141964
v -4.032444 12.073274 44.037174
v -4.027670 12.072103 44.031567
v -4.022958 12.071286 44.026352
v -4.018183 12.070793 44.021385
v -4.012931 12.070629 44.016277
v -4.007774 12.070853 44.011631
v -4.004045 12.071254 44.008499
v -4.000394 12.071843 44.005623
v -3.996832 12.072612 44.003002
v -3.993366 12.073550 44.000633
v -3.990000 12.074648 43.998516
v -3.986740 12.075895 43.996643
v -3.983588 12.077284 43.995007
v -3.977580 12.080475 43.992420
v -3.972029 12.084147 43.990738
v -3.966928 12.088261 43.989910
v -3.962339 12.092723 43.989910
v -3.958507 12.097166 43.990612
v -3.955333 12.101506 43.991837
v -3.952725 12.105685 43.993439
v -3.950599 12.109668 43.995308
v -3.948880 12.113429 43.997345
v -3.947503 12.116958 43.999477
v -3.946411 12.120252 44.001652
v -3.945555 12.123314 44.003822
v -3.944350 12.129010 44.008221
v -3.943712 12.133816 44.012283
v -3.943393 12.139253 44.017258
v -3.943477 12.144313 44.022236
v -3.943916 12.149275 44.027447
v -3.944585 12.153562 44.032215
v -3.945517 12.157795 44.037174
v -4.013452 12.426350 44.363663
v -4.037472 12.521303 44.480820
v -3.990137 12.334181 44.250755
v -3.967500 12.244696 44.141964
v -3.832105 12.676036 44.480820
v -3.902025 12.626422 44.480820
v -3.970500 12.574830 44.480820
v -3.747458 12.626762 44.363663
v -3.665292 12.578934 44.250755
v -3.585519 12.532497 44.141964
v -3.508051 12.487402 44.037174
v -3.503719 12.485080 44.031567
v -3.499358 12.483118 44.026352
v -3.494855 12.481452 44.021385
v -3.489809 12.479988 44.016277
v -3.484759 12.478922 44.011631
v -3.481047 12.478382 44.008499
v -3.477364 12.478045 44.005623
v -3.473723 12.477904 44.003002
v -3.470132 12.477951 44.000633
v -3.466599 12.478177 43.998516
v -3.463131 12.478575 43.996643
v -3.459733 12.479136 43.995007
v -3.453120 12.480733 43.992420
v -3.446830 12.482909 43.990738
v -3.440867 12.485625 43.989910
v -3.435312 12.488806 43.989910
v -3.430495 12.492156 43.990612
v -3.426341 12.495570 43.991837
v -3.422776 12.498970 43.993439
v -3.419726 12.502298 43.995308
v -3.417126 12.505513 43.997345
v -3.414915 12.508590 43.999477
v -3.413038 12.511508 44.001652
v -3.411447 12.514261 44.003822
v -3.408864 12.519479 44.008221
v -3.407051 12.523974 44.012283
v -3.405390 12.529162 44.017258
v -3.404212 12.534083 44.022236
v -3.403404 12.538999 44.027447
v -3.402985 12.543317 44.032215
v -3.402836 12.547649 44.037174
v -3.401850 12.824662 44.363663
v -3.401501 12.922606 44.480820
v -3.402188 12.729590 44.250755
v -3.402517 12.637287 44.141964
v -3.164105 13.021405 44.480820
v -3.244168 12.990738 44.480820
v -3.323321 12.957796 44.480820
v -3.094371 12.952628 44.363663
v -3.026682 12.885868 44.250755
v -2.960963 12.821052 44.141964
v -2.897143 12.758108 44.037174
v -2.893525 12.754782 44.031567
v -2.889789 12.751797 44.026352
v -2.885842 12.749063 44.021385
v -2.881318 12.746390 44.016277
v -2.876692 12.744102 44.011631
v -2.873231 12.742656 44.008499
v -2.869748 12.741414 44.005623
v -2.866256 12.740372 44.003002
v -2.862766 12.739524 44.000633
v -2.859288 12.738865 43.998516
v -2.855830 12.738387 43.996643
v -2.852399 12.738086 43.995007
v -2.845597 12.737988 43.992420
v -2.838963 12.738531 43.990738
v -2.832512 12.739679 43.989910
v -2.826341 12.741379 43.989910
v -2.820842 12.743425 43.990612
v -2.815969 12.745699 43.991837
v -2.811671 12.748105 43.993439
v -2.807889 12.750570 43.995308
v -2.804571 12.753038 43.997345
v -2.801665 12.755467 43.999477
v -2.799120 12.757829 44.001652
v -2.796895 12.760099 44.003822
v -2.793095 12.764511 44.008221
v -2.790221 12.768414 44.012283
v -2.787322 12.773026 44.017258
v -2.784958 12.777499 44.022236
v -2.782952 12.782060 44.027447
v -2.781473 12.786139 44.032215
v -2.803303 12.716459 43.950001
v -2.662681 12.749931 43.950001
v -2.941847 12.675224 43.950001
v -3.077885 12.626352 43.950001
v -3.210997 12.569997 43.950001
v -3.340771 12.506330 43.950001
v -3.466806 12.435550 43.950001
v -3.588713 12.357875 43.950001
v -3.706115 12.273544 43.950001
v -3.818649 12.182819 43.950001
v -3.925967 12.085981 43.950001
v -4.027737 11.983329 43.950001
v -4.123645 11.875178 43.950001
v -4.213394 11.761866 43.950001
v -4.296708 11.643740 43.950001
v -4.373327 11.521167 43.950001
v -4.443017 11.394526 43.950001
v -4.505560 11.264206 43.950001
v -4.560765 11.130612 43.950001
v -4.608459 10.994158 43.950001
v -4.648497 10.855263 43.950001
v -4.680754 10.714357 43.950001
v -4.705130 10.571877 43.950001
v -4.721550 10.428263 43.950001
v -4.729963 10.283957 43.950001
v -4.730344 10.139408 43.950001
v -4.722691 9.995060 43.950001
v -4.707027 9.851361 43.950001
v -4.683402 9.708755 43.950001
v -4.651887 9.567681 43.950001
v -4.612582 9.428577 43.950001
v -4.565606 9.291873 43.950001
v -4.511106 9.157991 43.950001
v -4.449250 9.027345 43.950001
v -4.380228 8.900337 43.950001
v -4.304255 8.777363 43.950001
v -4.221565 8.658800 43.950001
v -4.132413 8.545015 43.950001
v -4.037076 8.436362 43.950001
v -3.935848 8.333175 43.950001
v -3.829041 8.235773 43.950001
v -3.716987 8.144457 43.950001
v -3.600031 8.059509 43.950001
v -3.478534 7.981194 43.950001
v -3.352874 7.909750 43.950001
v -3.223436 7.845401 43.950001
v -3.090623 7.788345 43.950001
v -2.954844 7.738759 43.950001
v -2.816519 7.696794 43.950001
v -2.676076 7.662582 43.950001
v -2.533949 7.636228 43.950001
v -2.390576 7.617813 43.950001
v -2.246402 7.607395 43.950001
v -2.101871 7.605005 43.950001
v -1.957431 7.610651 43.950001
v -1.813528 7.624315 43.950001
v -1.670607 7.645956 43.950001
v -1.529110 7.675507 43.950001
v -1.389473 7.712874 43.950001
v -1.252129 7.757946 43.950001
v -1.117502 7.810579 43.950001
v -0.986008 7.870614 43.950001
v -0.858054 7.937863 43.950001
v -0.734035 8.012119 43.950001
v -0.614334 8.093154 43.950001
v -0.499322 8.180715 43.950001
v -0.389354 8.274532 43.950001
v -0.284769 8.374317 43.950001
v -0.185892 8.479759 43.950001
v -0.093027 8.590533 43.950001
v -0.006463 8.706297 43.950001
v 0.073535 8.826693 43.950001
v 0.146718 8.951348 43.950001
v 0.212860 9.079879 43.950001
v 0.271757 9.211886 43.950001
v 0.323226 9.346963 43.950001
v 0.367109 9.484691 43.950001
v 0.403270 9.624645 43.950001
v 0.431598 9.766393 43.950001
v 0.452003 9.909495 43.950001
v 0.464425 10.053511 43.950001
v 0.468824 10.197994 43.950001
v 0.465186 10.342499 43.950001
v 0.453523 10.486577 43.950001
v 0.433871 10.629786 43.950001
v 0.406290 10.771680 43.950001
v 0.370867 10.911822 43.950001
v 0.327710 11.049780 43.950001
v 0.276952 11.185125 43.950001
v 0.218751 11.317441 43.950001
v 0.153287 11.446318 43.950001
v 0.080762 11.571358 43.950001
v 0.001399 11.692173 43.950001
v -0.084555 11.808392 43.950001
v -0.176835 11.919653 43.950001
v -0.275156 12.025615 43.950001
v -0.379213 12.125948 43.950001
v -0.488686 12.220344 43.950001
v -0.603235 12.308509 43.950001
v -0.722508 12.390172 43.950001
v -0.846134 12.465080 43.950001
v -0.973732 12.533003 43.950001
v -1.104908 12.593729 43.950001
v -1.239256 12.647071 43.950001
v -1.376361 12.692864 43.950001
v -1.515799 12.730968 43.950001
v -1.657139 12.761262 43.950001
v -1.799944 12.783655 43.950001
v -1.943773 12.798078 43.950001
v -2.088181 12.804484 43.950001
v -2.232723 12.802855 43.950001
v -2.376950 12.793197 43.950001
v -2.520417 12.775537 43.950001
v -2.703567 12.945707 44.215408
v -3.289089 12.754196 44.215408
v -3.818559 12.439277 44.215408
v -4.266347 12.016194 44.215408
v -4.610777 11.505429 44.215408
v -4.738803 11.224758 44.215408
v -4.898726 10.629832 44.215408
v -4.924679 10.014333 44.215408
v -4.815405 9.408055 44.215408
v -4.411251 8.579657 44.215408
v -4.000668 8.120381 44.215408
v -3.499588 7.762008 44.215408
v -2.932266 7.521886 44.215408
v -2.632257 7.450042 44.215408
v -2.017706 7.407139 44.215408
v -1.408648 7.499666 44.215408
v -0.834566 7.723142 44.215408
v -0.099013 8.278613 44.215408
v 0.273031 8.769629 44.215408
v 0.528694 9.330118 44.215408
v 0.655601 9.932951 44.215408
v 0.668597 10.241169 44.215408
v 0.592888 10.852545 44.215408
v 0.385315 11.432568 44.215408
v 0.055926 11.953159 44.215408
v -0.379334 12.389119 44.215408
v -0.630255 12.568579 44.215408
v -1.183487 12.839589 44.215408
v -1.782594 12.983058 44.215408
v -2.398575 12.992042 44.215408
vn 0.231562 -0.972820 0.000000
vn 0.231562 -0.972820 0.000000
vn 0.285264 -0.958449 0.000000
vn 0.285264 -0.958449 0.000000
vn 0.338086 -0.941115 0.000000
vn 0.338086 -0.941115 0.000000
vn 0.389877 -0.920867 0.000000
vn 0.389877 -0.920867 0.000000
vn 0.440446 -0.897779 0.000000
vn 0.440446 -0.897779 0.000000
vn 0.489656 -0.871916 0.000000
vn 0.537363 -0.843351 0.000000
vn 0.489656 -0.871916 0.000000
vn 0.537363 -0.843351 0.000000
vn 0.583394 -0.812189 0.000000
vn 0.583394 -0.812189 0.000000
vn 0.627636 -0.778507 0.000000
vn 0.669927 -0.742427 0.000000
vn 0.627636 -0.778507 0.000000
vn 0.669927 -0.742427 0.000000
vn 0.710151 -0.704050 0.000000
vn 0.710151 -0.704050 0.000000
vn 0.748181 -0.663494 0.000000
vn 0.783902 -0.620884 0.000000
vn 0.748181 -0.663494 0.000000
vn 0.783902 -0.620884 0.000000
vn 0.817196 -0.576360 0.000000
vn 0.817196 -0.576360 0.000000
vn 0.847961 -0.530059 0.000000
vn 0.847961 -0.530059 0.000000
vn 0.876110 -0.482111 0.000000
vn 0.901549 -0.432677 0.000000
vn 0.876110 -0.482111 0.000000
vn 0.901549 -0.432677 0.000000
vn 0.924201 -0.381907 0.000000
vn 0.924201 -0.381907 0.000000
vn 0.943998 -0.329953 0.000000
vn 0.943998 -0.329953 0.000000
vn 0.960876 -0.276979 0.000000
vn 0.960876 -0.276979 0.000000
vn 0.974784 -0.223152 0.000000
vn 0.974784 -0.223152 0.000000
vn 0.985679 -0.168634 0.000000
vn 0.985679 -0.168634 0.000000
vn 0.993528 -0.113591 0.000000
vn 0.993528 -0.113591 0.000000
vn 0.998305 -0.058205 0.000000
vn 0.998305 -0.058205 0.000000
vn 0.999996 -0.002633 0.000000
vn 0.999996 -0.002633 0.000000
vn 0.998597 0.052944 0.000000
vn 0.998597 0.052944 0.000000
vn 0.994111 0.108362 0.000000
vn 0.994111 0.108362 0.000000
vn 0.986553 0.163441 0.000000
vn 0.986553 0.163441 0.000000
vn 0.975945 0.218016 0.000000
vn 0.975945 0.218016 0.000000
vn 0.962321 0.271917 0.000000
vn 0.945722 0.324977 -0.000000
vn 0.962321 0.271917 0.000000
vn 0.945722 0.324977 0.000000
vn 0.926200 0.377032 0.000000
vn 0.903815 0.427924 -0.000000
vn 0.926200 0.377032 0.000000
vn 0.878637 0.477491 -0.000000
vn 0.903815 0.427924 0.000000
vn 0.878637 0.477491 0.000000
vn 0.850740 0.525587 0.000000
vn 0.820218 0.572051 -0.000000
vn 0.850740 0.525587 0.000000
vn 0.820218 0.572051 0.000000
vn 0.787161 0.616747 0.000000
vn 0.787161 0.616747 0.000000
vn 0.751663 0.659548 0.000000
vn 0.713851 0.700297 -0.000000
vn 0.751663 0.659548 0.000000
vn 0.673833 0.738884 -0.000000
vn 0.713851 0.700297 0.000000
vn 0.673833 0.738884 0.000000
vn 0.631722 0.775195 0.000000
vn 0.587662 0.809107 -0.000000
vn 0.631722 0.775195 0.000000
vn 0.541798 0.840509 -0.000000
vn 0.587662 0.809107 0.000000
vn 0.541798 0.840509 0.000000
vn 0.494241 0.869325 0.000000
vn 0.494241 0.869325 0.000000
vn 0.445169 0.895447 0.000000
vn 0.445169 0.895447 0.000000
vn 0.394716 0.918803 0.000000
vn 0.394716 0.918803 0.000000
vn 0.343037 0.939322 -0.000000
vn 0.343037 0.939322 0.000000
vn 0.290318 0.956930 0.000000
vn 0.290318 0.956930 0.000000
vn 0.236674 0.971589 -0.000000
vn 0.236674 0.971589 0.000000
vn 0.182319 0.983239 0.000000
vn 0.182319 0.983239 0.000000
vn 0.127394 0.991852 -0.000000
vn 0.127394 0.991852 0.000000
vn 0.072079 0.997399 0.000000
vn 0.072079 0.997399 0.000000
vn 0.016525 0.999863 -0.000000
vn 0.016525 0.999863 0.000000
vn -0.039053 0.999237 0.000000
vn -0.039053 0.999237 0.000000
vn -0.094539 0.995521 0.000000
vn -0.094539 0.995521 0.000000
vn -0.149705 0.988731 0.000000
vn -0.149705 0.988731 0.000000
vn -0.204436 0.978880 0.000000
vn -0.204436 0.978880 0.000000
vn -0.258505 0.966010 0.000000
vn -0.258505 0.966010 0.000000
vn -0.311806 0.950146 0.000000
vn -0.311806 0.950146 0.000000
vn -0.364124 0.931350 0.000000
vn -0.364124 0.931350 0.000000
vn -0.415312 0.909679 0.000000
vn -0.415312 0.909679 0.000000
vn -0.465238 0.885186 0.000000
vn -0.465238 0.885186 0.000000
vn -0.513704 0.857967 0.000000
vn -0.513704 0.857967 0.000000
vn -0.560592 0.828092 0.000000
vn -0.605750 0.795655 0.000000
vn -0.560592 0.828092 0.000000
vn -0.605750 0.795655 0.000000
vn -0.649033 0.760760 0.000000
vn -0.690306 0.723517 0.000000
vn -0.649033 0.760760 0.000000
vn -0.690306 0.723517 0.000000
vn -0.729450 0.684034 0.000000
vn -0.729450 0.684034 0.000000
vn -0.766339 0.642436 0.000000
vn -0.766339 0.642436 0.000000
vn -0.800855 0.598858 0.000000
vn -0.800855 0.598858 0.000000
vn -0.832900 0.553424 0.000000
vn -0.832900 0.553424 0.000000
vn -0.862369 0.506281 0.000000
vn -0.862369 0.506281 0.000000
vn -0.889173 0.457572 0.000000
vn -0.889173 0.457572 0.000000
vn -0.913229 0.407447 0.000000
vn -0.913229 0.407447 0.000000
vn -0.934460 0.356067 0.000000
vn -0.934460 0.356067 0.000000
vn -0.952805 0.303582 0.000000
vn -0.952805 0.303582 0.000000
vn -0.968203 0.250165 0.000000
vn -0.968203 0.250165 0.000000
vn -0.980610 0.195967 0.000000
vn -0.980610 0.195967 0.000000
vn -0.989986 0.141168 0.000000
vn -0.989986 0.141168 0.000000
vn -0.996301 0.085932 0.000000
vn -0.996301 0.085932 0.000000
vn -0.999537 0.030430 0.000000
vn -0.999537 0.030430 0.000000
vn -0.999683 -0.025166 0.000000
vn -0.999683 -0.025166 0.000000
vn -0.996740 -0.080683 0.000000
vn -0.996740 -0.080683 0.000000
vn -0.990715 -0.135955 0.000000
vn -0.990715 -0.135955 0.000000
vn -0.981629 -0.190802 -0.000000
vn -0.981629 -0.190802 0.000000
vn -0.969508 -0.245060 0.000000
vn -0.969508 -0.245060 0.000000
vn -0.954390 -0.298562 -0.000000
vn -0.954390 -0.298562 0.000000
vn -0.936323 -0.351140 0.000000
vn -0.936323 -0.351140 0.000000
vn -0.915361 -0.402635 -0.000000
vn -0.915361 -0.402635 0.000000
vn -0.891568 -0.452886 0.000000
vn -0.891568 -0.452886 0.000000
vn -0.865026 -0.501727 0.000000
vn -0.835802 -0.549030 0.000000
vn -0.865026 -0.501727 -0.000000
vn -0.835802 -0.549030 0.000000
vn -0.803999 -0.594631 0.000000
vn -0.769708 -0.638396 0.000000
vn -0.803999 -0.594631 -0.000000
vn -0.769708 -0.638396 0.000000
vn -0.733041 -0.680184 -0.000000
vn -0.733041 -0.680184 0.000000
vn -0.694111 -0.719868 -0.000000
vn -0.694111 -0.719868 0.000000
vn -0.653027 -0.757335 -0.000000
vn -0.653027 -0.757335 0.000000
vn -0.609933 -0.792453 0.000000
vn -0.609933 -0.792453 0.000000
vn -0.564947 -0.825127 -0.000000
vn -0.564947 -0.825127 0.000000
vn -0.518220 -0.855247 0.000000
vn -0.469883 -0.882729 0.000000
vn -0.518220 -0.855247 -0.000000
vn -0.469883 -0.882729 0.000000
vn -0.420103 -0.907476 0.000000
vn -0.369019 -0.929422 0.000000
vn -0.420103 -0.907476 -0.000000
vn -0.369019 -0.929422 0.000000
vn -0.316803 -0.948491 0.000000
vn -0.263594 -0.964634 0.000000
vn -0.316803 -0.948491 -0.000000
vn -0.263594 -0.964634 0.000000
vn -0.209582 -0.977791 0.000000
vn -0.154920 -0.987927 0.000000
vn -0.209582 -0.977791 -0.000000
vn -0.154920 -0.987927 0.000000
vn -0.099765 -0.995011 0.000000
vn -0.044325 -0.999017 0.000000
vn -0.099765 -0.995011 -0.000000
vn -0.044325 -0.999017 0.000000
vn 0.011264 -0.999937 0.000000
vn 0.011264 -0.999937 0.000000
vn 0.066830 -0.997764 0.000000
vn 0.066830 -0.997764 0.000000
vn 0.122168 -0.992510 0.000000
vn 0.177139 -0.984186 0.000000
vn 0.122168 -0.992510 0.000000
vn 0.177139 -0.984186 0.000000
vn 0.105488 -0.694361 0.711854
vn 0.163771 -0.688021 0.706970
vn 0.163766 -0.688015 0.706976
vn 0.125281 -0.696059 0.706970
vn 0.125278 -0.696053 0.706976
vn 0.201730 -0.677786 0.707044
vn 0.239136 -0.665671 0.706892
vn 0.183566 -0.687281 0.702815
vn 0.275681 -0.651143 0.707116
vn 0.311572 -0.635090 0.706812
vn 0.258057 -0.662916 0.702815
vn 0.182601 -0.683680 0.706568
vn 0.201776 -0.677931 0.706892
vn 0.239082 -0.665509 0.707063
vn 0.182604 -0.683678 0.706569
vn 0.181229 -0.678542 0.711855
vn 0.346201 -0.616469 0.707185
vn 0.380176 -0.596658 0.706729
vn 0.329413 -0.630499 0.702821
vn 0.256704 -0.659441 0.706570
vn 0.275798 -0.651426 0.706810
vn 0.311423 -0.634785 0.707152
vn 0.256703 -0.659442 0.706569
vn 0.254776 -0.654491 0.711850
vn 0.412437 -0.574187 0.707252
vn 0.444096 -0.550848 0.706644
vn 0.396771 -0.590427 0.702829
vn 0.327689 -0.627201 0.706568
vn 0.325234 -0.622496 0.711843
vn 0.346425 -0.616863 0.706732
vn 0.379893 -0.596226 0.707245
vn 0.327691 -0.627198 0.706570
vn 0.473570 -0.524820 0.707316
vn 0.502543 -0.498226 0.706556
vn 0.459309 -0.543189 0.702838
vn 0.394698 -0.587345 0.706568
vn 0.391743 -0.582948 0.711835
vn 0.412786 -0.574668 0.706657
vn 0.443658 -0.550305 0.707342
vn 0.394699 -0.587344 0.706569
vn 0.528842 -0.468982 0.707376
vn 0.554806 -0.439430 0.706464
vn 0.516268 -0.489357 0.702849
vn 0.453505 -0.536325 0.711821
vn 0.456916 -0.540359 0.706569
vn 0.474061 -0.525361 0.706584
vn 0.501916 -0.497603 0.707440
vn 0.513587 -0.486816 0.706569
vn 0.456916 -0.540359 0.706569
vn 0.577576 -0.407358 0.707436
vn 0.600222 -0.375197 0.706372
vn 0.566956 -0.429585 0.702864
vn 0.529487 -0.469552 0.706516
vn 0.553960 -0.438762 0.707543
vn 0.509764 -0.483192 0.711805
vn 0.513587 -0.486815 0.706568
vn 0.610759 -0.364598 0.702880
vn 0.619166 -0.340718 0.707492
vn 0.638240 -0.306309 0.706275
vn 0.578379 -0.407930 0.706450
vn 0.599142 -0.374518 0.707648
vn 0.564024 -0.427363 0.706568
vn 0.559841 -0.424193 0.711785
vn 0.564024 -0.427362 0.706568
vn 0.647144 -0.295190 0.702899
vn 0.653104 -0.269882 0.707544
vn 0.668385 -0.233619 0.706176
vn 0.620134 -0.341252 0.706386
vn 0.636906 -0.305669 0.707755
vn 0.603128 -0.360044 0.711762
vn 0.607614 -0.362722 0.706568
vn 0.643828 -0.293677 0.706569
vn 0.607614 -0.362721 0.706569
vn 0.678972 -0.195718 0.707595
vn 0.690281 -0.158022 0.706074
vn 0.675670 -0.222201 0.702921
vn 0.643828 -0.293677 0.706568
vn 0.654229 -0.270346 0.706326
vn 0.666790 -0.233060 0.707866
vn 0.639099 -0.291520 0.711736
vn 0.696451 -0.119152 0.707643
vn 0.703658 -0.080450 0.705969
vn 0.695990 -0.146517 0.702944
vn 0.672228 -0.221069 0.706568
vn 0.680245 -0.196087 0.706269
vn 0.688425 -0.157594 0.707980
vn 0.667318 -0.219454 0.711707
vn 0.672228 -0.221069 0.706568
vn 0.705327 -0.041123 0.707688
vn 0.708346 -0.001865 0.705863
vn 0.707858 -0.069062 0.702971
vn 0.697859 -0.119394 0.706214
vn 0.701546 -0.080210 0.708096
vn 0.687443 -0.144720 0.711673
vn 0.692466 -0.145776 0.706569
vn 0.692467 -0.145778 0.706568
vn 0.705491 0.037404 0.707731
vn 0.704286 0.076770 0.705753
vn 0.711131 0.009227 0.702999
vn 0.704300 -0.068713 0.706569
vn 0.706848 -0.041213 0.706164
vn 0.704301 -0.068715 0.706568
vn 0.705993 -0.001859 0.708216
vn 0.699227 -0.068219 0.711638
vn 0.696943 0.115462 0.707771
vn 0.691526 0.154479 0.705640
vn 0.705770 0.087399 0.703030
vn 0.707104 0.037493 0.706115
vn 0.701717 0.076488 0.708338
vn 0.702527 0.009116 0.711599
vn 0.707585 0.009182 0.706568
vn 0.707586 0.009181 0.706568
vn 0.679788 0.192083 0.707808
vn 0.670219 0.230307 0.705525
vn 0.691840 0.164500 0.703063
vn 0.702281 0.086966 0.706568
vn 0.697303 0.086350 0.711556
vn 0.698620 0.115740 0.706070
vn 0.688771 0.153865 0.708464
vn 0.702280 0.086967 0.706568
vn 0.669511 0.239598 0.703098
vn 0.654240 0.266324 0.707842
vn 0.640627 0.303314 0.705407
vn 0.688451 0.163694 0.706568
vn 0.683618 0.162545 0.711510
vn 0.681501 0.192568 0.706027
vn 0.667321 0.229306 0.708591
vn 0.666265 0.238436 0.706569
vn 0.688451 0.163695 0.706569
vn 0.620615 0.337270 0.707874
vn 0.603109 0.372601 0.705286
vn 0.639057 0.311779 0.703136
vn 0.661632 0.236779 0.711462
vn 0.666265 0.238437 0.706568
vn 0.655955 0.267026 0.705989
vn 0.637628 0.301897 0.708723
vn 0.579327 0.404044 0.707904
vn 0.558133 0.437302 0.705163
vn 0.600845 0.380167 0.703177
vn 0.635992 0.310283 0.706569
vn 0.631619 0.308149 0.711408
vn 0.622304 0.338187 0.705951
vn 0.600074 0.370721 0.708856
vn 0.635992 0.310283 0.706568
vn 0.555344 0.443932 0.703219
vn 0.530886 0.465827 0.707930
vn 0.506243 0.496630 0.705037
vn 0.597997 0.378365 0.706568
vn 0.597997 0.378365 0.706569
vn 0.593933 0.375794 0.711353
vn 0.580953 0.405182 0.705919
vn 0.555118 0.434940 0.708993
vn 0.475901 0.521844 0.707953
vn 0.448081 0.549846 0.704906
vn 0.503106 0.502299 0.703264
vn 0.552744 0.441854 0.706569
vn 0.552745 0.441853 0.706568
vn 0.532421 0.467171 0.705889
vn 0.503318 0.493762 0.709133
vn 0.549034 0.438887 0.711294
vn 0.415028 0.571421 0.707976
vn 0.384367 0.596281 0.704777
vn 0.444769 0.554557 0.703311
vn 0.500781 0.499978 0.706569
vn 0.477307 0.523390 0.705862
vn 0.445320 0.546458 0.709277
vn 0.497466 0.496667 0.711231
vn 0.500782 0.499978 0.706569
vn 0.442743 0.552032 0.706569
vn 0.349043 0.613934 0.707993
vn 0.315876 0.635377 0.704641
vn 0.381034 0.600081 0.703361
vn 0.442742 0.552034 0.706568
vn 0.416287 0.573148 0.705838
vn 0.381845 0.592380 0.709423
vn 0.439851 0.548429 0.711166
vn 0.278749 0.648861 0.708010
vn 0.243454 0.666638 0.704503
vn 0.312687 0.638308 0.703413
vn 0.376886 0.593547 0.711097
vn 0.379326 0.597389 0.706568
vn 0.350121 0.615823 0.705817
vn 0.313677 0.630964 0.709571
vn 0.379324 0.597389 0.706569
vn 0.240549 0.668782 0.703468
vn 0.205020 0.675775 0.708022
vn 0.168001 0.689674 0.704362
vn 0.311306 0.635492 0.706569
vn 0.279622 0.650892 0.705798
vn 0.241670 0.661733 0.709722
vn 0.309336 0.631471 0.711025
vn 0.311307 0.635492 0.706568
vn 0.165507 0.691130 0.703524
vn 0.128750 0.694343 0.708034
vn 0.090447 0.704197 0.704220
vn 0.239509 0.665881 0.706568
vn 0.238019 0.661738 0.710950
vn 0.239505 0.665880 0.706569
vn 0.205664 0.677918 0.705783
vn 0.166699 0.684315 0.709877
vn 0.164802 0.688186 0.706569
vn 0.088464 0.705085 0.703583
vn 0.050900 0.704334 0.708041
vn 0.011735 0.710031 0.704073
vn 0.164801 0.688187 0.706569
vn 0.163795 0.683984 0.710870
vn 0.129159 0.696567 0.705771
vn 0.089710 0.698431 0.710032
vn -0.027578 0.705627 0.708047
vn -0.067149 0.707093 0.703925
vn 0.010362 0.710476 0.703645
vn 0.088094 0.702139 0.706569
vn 0.088094 0.702140 0.706569
vn 0.051057 0.706607 0.705762
vn 0.011644 0.703911 0.710193
vn 0.087566 0.697933 0.710789
vn -0.105716 0.698204 0.708050
vn -0.067852 0.707240 0.703709
vn 0.010259 0.703417 0.710704
vn -0.027674 0.707914 0.705757
vn -0.066538 0.700689 0.710357
vn 0.010319 0.707569 0.706569
vn 0.010319 0.707569 0.706569
vn -0.145232 0.695420 0.703775
vn -0.145236 0.695418 0.703776
vn -0.182547 0.682160 0.708049
vn -0.067583 0.704410 0.706569
vn -0.067195 0.700366 0.710614
vn -0.067581 0.704411 0.706568
vn -0.106061 0.700474 0.705753
vn -0.220872 0.675286 0.703708
vn -0.221467 0.674863 0.703927
vn -0.257132 0.657687 0.708047
vn -0.144664 0.692701 0.706568
vn -0.144664 0.692701 0.706568
vn -0.143853 0.688814 0.710523
vn -0.183148 0.684375 0.705753
vn -0.143852 0.688814 0.710523
vn -0.294925 0.645988 0.704073
vn -0.328537 0.625093 0.708041
vn -0.293845 0.646946 0.703645
vn -0.219987 0.672583 0.706568
vn -0.218724 0.668721 0.710614
vn -0.219455 0.668754 0.710357
vn -0.257967 0.659820 0.705756
vn -0.219988 0.672582 0.706569
vn -0.363261 0.610747 0.703583
vn -0.364721 0.609141 0.704220
vn -0.395878 0.584782 0.708033
vn -0.290924 0.640519 0.710702
vn -0.292642 0.644298 0.706569
vn -0.292385 0.640418 0.710194
vn -0.329592 0.627112 0.705762
vn -0.292641 0.644299 0.706569
vn -0.429985 0.564788 0.704363
vn -0.458340 0.537240 0.708023
vn -0.428277 0.567127 0.703524
vn -0.361744 0.608196 0.706569
vn -0.359577 0.604552 0.710789
vn -0.361744 0.608195 0.706569
vn -0.361740 0.604150 0.710033
vn -0.397148 0.586653 0.705771
vn -0.488107 0.516609 0.703468
vn -0.489911 0.513481 0.704503
vn -0.515139 0.483067 0.708010
vn -0.426453 0.564711 0.706568
vn -0.423850 0.561262 0.710870
vn -0.426454 0.564710 0.706569
vn -0.426643 0.560403 0.709876
vn -0.459794 0.538944 0.705783
vn -0.543766 0.455849 0.704642
vn -0.565579 0.422924 0.707994
vn -0.542016 0.459814 0.703413
vn -0.485991 0.514368 0.706568
vn -0.485990 0.514369 0.706568
vn -0.482968 0.511169 0.710949
vn -0.486309 0.509704 0.709722
vn -0.516751 0.484579 0.705798
vn -0.589354 0.397423 0.703361
vn -0.590885 0.392616 0.704775
vn -0.609037 0.357555 0.707975
vn -0.539625 0.457786 0.706567
vn -0.536210 0.454887 0.711025
vn -0.539625 0.457785 0.706568
vn -0.539986 0.452685 0.709572
vn -0.567322 0.424226 0.705817
vn -0.629540 0.330202 0.703311
vn -0.630690 0.324556 0.704907
vn -0.644976 0.287763 0.707954
vn -0.586710 0.395641 0.706569
vn -0.582936 0.393099 0.711097
vn -0.586710 0.395644 0.706568
vn -0.587016 0.390042 0.709422
vn -0.610878 0.358638 0.705837
vn -0.662087 0.258961 0.703264
vn -0.662693 0.252513 0.705036
vn -0.672950 0.214415 0.707930
vn -0.626672 0.328698 0.706568
vn -0.622580 0.326552 0.711166
vn -0.626672 0.328698 0.706569
vn -0.626806 0.322555 0.709277
vn -0.646885 0.288617 0.705862
vn -0.686501 0.177379 0.705162
vn -0.692614 0.138413 0.707903
vn -0.686599 0.184565 0.703219
vn -0.654663 0.256057 0.711232
vn -0.659028 0.257765 0.706569
vn -0.658864 0.251053 0.709134
vn -0.674893 0.215035 0.705889
vn -0.659028 0.257764 0.706569
vn -0.702777 0.107920 0.703177
vn -0.701823 0.100077 0.705286
vn -0.703726 0.060697 0.707874
vn -0.699446 0.107409 0.706569
vn -0.683385 0.183701 0.706569
vn -0.683385 0.183701 0.706569
vn -0.678798 0.182468 0.711294
vn -0.682791 0.176419 0.708994
vn -0.694559 0.138803 0.705919
vn -0.710424 0.029955 0.703136
vn -0.708474 0.021569 0.705407
vn -0.706147 -0.017776 0.707842
vn -0.694692 0.106679 0.711353
vn -0.699446 0.107409 0.706568
vn -0.698289 0.099573 0.708857
vn -0.705640 0.060862 0.705952
vn -0.709445 -0.048381 0.703098
vn -0.706375 -0.057179 0.705525
vn -0.699846 -0.096039 0.707808
vn -0.707017 0.029812 0.706568
vn -0.707017 0.029812 0.706568
vn -0.702155 0.029607 0.711408
vn -0.705160 0.021469 0.708723
vn -0.707999 -0.017823 0.705988
vn -0.695553 -0.135196 0.705640
vn -0.684901 -0.173121 0.707771
vn -0.699851 -0.126139 0.703063
vn -0.703318 -0.056934 0.708591
vn -0.701609 -0.096280 0.706027
vn -0.701097 -0.047812 0.711461
vn -0.706005 -0.048147 0.706568
vn -0.706005 -0.048147 0.706568
vn -0.681759 -0.202372 0.703030
vn -0.676146 -0.211519 0.705753
vn -0.661496 -0.248075 0.707730
vn -0.692782 -0.134658 0.708463
vn -0.691533 -0.124640 0.711510
vn -0.686549 -0.173538 0.706070
vn -0.696423 -0.125521 0.706568
vn -0.696423 -0.125521 0.706568
vn -0.655387 -0.276154 0.702999
vn -0.648395 -0.285206 0.705863
vn -0.629915 -0.319976 0.707688
vn -0.673679 -0.210747 0.708338
vn -0.663007 -0.248642 0.706115
vn -0.678388 -0.201371 0.706568
vn -0.678388 -0.201372 0.706569
vn -0.673580 -0.199944 0.711556
vn -0.621054 -0.346589 0.702971
vn -0.612648 -0.355344 0.705970
vn -0.590553 -0.387928 0.707643
vn -0.646241 -0.284258 0.708216
vn -0.631275 -0.320662 0.706164
vn -0.647457 -0.272813 0.711599
vn -0.652119 -0.274777 0.706568
vn -0.652118 -0.274778 0.706569
vn -0.579177 -0.412824 0.702944
vn -0.569342 -0.421081 0.706074
vn -0.543890 -0.451103 0.707595
vn -0.610806 -0.354283 0.708096
vn -0.591747 -0.388712 0.706214
vn -0.617933 -0.344848 0.706568
vn -0.613481 -0.342363 0.711638
vn -0.617933 -0.344848 0.706568
vn -0.530267 -0.474046 0.702921
vn -0.519019 -0.481595 0.706177
vn -0.490506 -0.508708 0.707545
vn -0.572065 -0.407753 0.711673
vn -0.576245 -0.410734 0.706569
vn -0.567811 -0.419948 0.707979
vn -0.544912 -0.451948 0.706268
vn -0.576246 -0.410733 0.706568
vn -0.431053 -0.560044 0.707491
vn -0.474912 -0.529520 0.702899
vn -0.462302 -0.536146 0.706275
vn -0.517781 -0.480446 0.707866
vn -0.491352 -0.509585 0.706326
vn -0.523711 -0.468189 0.711706
vn -0.527563 -0.471632 0.706569
vn -0.527566 -0.471631 0.706568
vn -0.399894 -0.584060 0.706371
vn -0.366267 -0.604470 0.707435
vn -0.413790 -0.578565 0.702880
vn -0.461336 -0.535025 0.707755
vn -0.431727 -0.560920 0.706386
vn -0.469009 -0.522936 0.711737
vn -0.472478 -0.526807 0.706568
vn -0.472480 -0.526806 0.706568
vn -0.332559 -0.624750 0.706464
vn -0.296944 -0.641438 0.707376
vn -0.347640 -0.620589 0.702863
vn -0.399173 -0.583004 0.707649
vn -0.366773 -0.605314 0.706451
vn -0.408619 -0.571336 0.711763
vn -0.411659 -0.575585 0.706568
vn -0.411658 -0.575586 0.706568
vn -0.345841 -0.617378 0.706568
vn -0.261140 -0.657712 0.706555
vn -0.223947 -0.670487 0.707315
vn -0.277266 -0.655078 0.702849
vn -0.332056 -0.623797 0.707542
vn -0.297306 -0.642219 0.706515
vn -0.343278 -0.612798 0.711785
vn -0.345843 -0.617376 0.706569
vn -0.275825 -0.651675 0.706569
vn -0.186511 -0.682545 0.706644
vn -0.148166 -0.691260 0.707253
vn -0.203525 -0.681614 0.702837
vn -0.260816 -0.656887 0.707442
vn -0.224175 -0.671179 0.706586
vn -0.273771 -0.646825 0.711805
vn -0.275824 -0.651676 0.706568
vn -0.109603 -0.698944 0.706728
vn -0.070537 -0.703502 0.707184
vn -0.127302 -0.699876 0.702828
vn -0.186325 -0.681873 0.707341
vn -0.148293 -0.691842 0.706657
vn -0.200951 -0.672999 0.711822
vn -0.202465 -0.678064 0.706568
vn -0.202463 -0.678063 0.706568
vn -0.031355 -0.706706 0.706812
vn 0.007965 -0.707053 0.707116
vn -0.049543 -0.709639 0.702821
vn -0.109521 -0.698433 0.707245
vn -0.070585 -0.703952 0.706732
vn -0.126637 -0.696220 0.706570
vn -0.126643 -0.696221 0.706568
vn -0.125694 -0.691009 0.711834
vn 0.106845 -0.703303 0.702815
vn 0.047270 -0.705739 0.706893
vn 0.086393 -0.701871 0.707045
vn 0.028825 -0.710787 0.702816
vn -0.031337 -0.706366 0.707153
vn 0.007969 -0.707358 0.706810
vn -0.048910 -0.700633 0.711844
vn -0.049283 -0.705927 0.706568
vn -0.049279 -0.705925 0.706570
vn 0.028674 -0.707064 0.706568
vn 0.106286 -0.699618 0.706568
vn 0.047251 -0.705571 0.707063
vn 0.086416 -0.702023 0.706891
vn 0.106285 -0.699618 0.706568
vn 0.028458 -0.701754 0.711851
vn 0.028673 -0.707064 0.706568
vn 0.000000 0.000000 -1.000000
vn 0.000000 0.000000 -1.000000
vn 0.000000 0.000000 -1.000000
vn 0.000000 0.000000 -1.000000
vn 0.000000 0.000000 -1.000000
vn 0.000000 0.000000 -1.000000
vn 0.000000 0.000000 -1.000000
vn 0.000000 0.000000 -1.000000
vn 0.000000 0.000000 -1.000000
vn 0.000000 0.000000 -1.000000
vn 0.000000 0.000000 -1.000000
vn 0.000000 0.000000 -1.000000
vn 0.000000 0.000000 -1.000000
vn 0.000000 0.000000 -1.000000
vn 0.000000 0.000000 -1.000000
vn 0.000000 0.000000 -1.000000
vn 0.000000 0.000000 -1.000000
vn 0.000000 0.000000 -1.000000
vn 0.000000 0.000000 -1.000000
vn 0.000000 0.000000 -1.000000
vn 0.000000 0.000000 -1.000000
vn 0.000000 0.000000 -1.000000
vn 0.000000 0.000000 -1.000000
vn 0.000000 0.000000 -1.000000
vn 0.000000 0.000000 -1.000000
vn 0.000000 0.000000 -1.000000
vn 0.000000 0.000000 -1.000000
vn 0.000000 0.000000 -1.000000
vn 0.000000 0.000000 -1.000000
vn 0.000000 0.000000 -1.000000
vn 0.000000 0.000000 -1.000000
vn 0.000000 0.000000 -1.000000
vn 0.000000 0.000000 -1.000000
vn 0.000000 0.000000 -1.000000
vn 0.000000 0.000000 -1.000000
vn 0.000000 0.000000 -1.000000
vn 0.000000 0.000000 -1.000000
vn 0.000000 0.000000 -1.000000
vn 0.000000 0.000000 -1.000000
vn 0.000000 0.000000 -1.000000
vn 0.000000 0.000000 -1.000000
vn 0.000000 0.000000 -1.000000
vn 0.000000 0.000000 -1.000000
vn 0.000000 0.000000 -1.000000
vn 0.000000 0.000000 -1.000000
vn 0.000000 0.000000 -1.000000
vn 0.000000 0.000000 -1.000000
vn 0.000000 0.000000 -1.000000
vn 0.000000 0.000000 -1.000000
vn 0.000000 0.000000 -1.000000
vn 0.000000 0.000000 -1.000000
vn -0.000000 0.000000 -1.000000
vn 0.000000 0.000000 -1.000000
vn 0.000000 0.000000 -1.000000
vn 0.000000 0.000000 -1.000000
vn -0.000000 0.000000 -1.000000
vn -0.000000 0.000000 -1.000000
vn 0.000000 0.000000 -1.000000
vn 0.000000 0.000000 -1.000000
vn 0.000000 0.000000 -1.000000
vn -0.000000 0.000000 -1.000000
vn 0.000000 0.000000 -1.000000
vn 0.000000 0.000000 -1.000000
vn 0.000000 0.000000 -1.000000
vn 0.000000 0.000000 -1.000000
vn 0.000000 0.000000 -1.000000
vn 0.000000 0.000000 -1.000000
vn -0.000000 0.000000 -1.000000
vn 0.000000 0.000000 -1.000000
vn 0.000000 0.000000 -1.000000
vn 0.000000 0.000000 -1.000000
vn -0.000000 0.000000 -1.000000
vn 0.000000 0.000000 -1.000000
vn 0.000000 0.000000 -1.000000
vn -0.000000 0.000000 -1.000000
vn 0.000000 0.000000 -1.000000
vn 0.000000 0.000000 -1.000000
vn 0.000000 0.000000 -1.000000
vn 0.000000 0.000000 -1.000000
vn -0.000000 0.000000 -1.000000
vn 0.000000 0.000000 -1.000000
vn 0.000000 0.000000 -1.000000
vn 0.000000 0.000000 -1.000000
vn -0.000000 0.000000 -1.000000
vn 0.000000 0.000000 -1.000000
vn 0.000000 0.000000 -1.000000
vn 0.000000 0.000000 -1.000000
vn -0.000000 0.000000 -1.000000
vn 0.000000 0.000000 -1.000000
vn 0.000000 0.000000 -1.000000
vn 0.000000 0.000000 -1.000000
vn -0.000000 0.000000 -1.000000
vn 0.000000 0.000000 -1.000000
vn 0.000000 0.000000 -1.000000
vn 0.000000 0.000000 -1.000000
vn -0.000000 0.000000 -1.000000
vn 0.000000 0.000000 -1.000000
vn 0.000000 0.000000 -1.000000
vn 0.000000 0.000000 -1.000000
vn -0.000000 0.000000 -1.000000
vn -0.000000 0.000000 -1.000000
vn 0.000000 0.000000 -1.000000
vn 0.000000 0.000000 -1.000000
vn 0.000000 0.000000 -1.000000
vn 0.000000 0.000000 -1.000000
vn 0.000000 0.000000 -1.000000
vn 0.000000 0.000000 -1.000000
vn -0.000000 0.000000 -1.000000
vn 0.000000 0.000000 -1.000000
vn 0.000000 0.000000 -1.000000
vn 0.000000 0.000000 -1.000000
vn 0.000000 0.000000 -1.000000
vn 0.000000 0.000000 -1.000000
vn -0.000000 0.000000 -1.000000
vn 0.000000 0.000000 -1.000000
vn 0.000000 0.000000 -1.000000
vn 0.000000 0.000000 -1.000000
vn -0.000000 0.000000 -1.000000
vn 0.000000 0.000000 -1.000000
vn 0.000000 0.000000 -1.000000
vn 0.000000 0.000000 -1.000000
vn -0.000000 0.000000 -1.000000
vn 0.000000 0.000000 -1.000000
vn 0.000000 0.000000 -1.000000
vn 0.000000 0.000000 -1.000000
vn -0.000000 0.000000 -1.000000
vn -0.000000 0.000000 -1.000000
vn 0.000000 0.000000 -1.000000
vn 0.000000 0.000000 -1.000000
vn 0.000000 0.000000 -1.000000
vn 0.000000 0.000000 -1.000000
vn 0.000000 0.000000 -1.000000
vn 0.000000 0.000000 -1.000000
vn -0.000000 0.000000 -1.000000
vn -0.000000 0.000000 -1.000000
vn 0.000000 0.000000 -1.000000
vn 0.000000 0.000000 -1.000000
vn 0.000000 0.000000 -1.000000
vn 0.000000 0.000000 -1.000000
vn 0.000000 0.000000 -1.000000
vn 0.000000 0.000000 -1.000000
vn -0.000000 0.000000 -1.000000
vn 0.000000 0.000000 -1.000000
vn 0.000000 0.000000 -1.000000
vn -0.000000 0.000000 -1.000000
vn 0.000000 0.000000 -1.000000
vn 0.000000 0.000000 -1.000000
vn 0.000000 0.000000 -1.000000
vn 0.000000 0.000000 -1.000000
vn -0.000000 0.000000 -1.000000
vn 0.000000 0.000000 -1.000000
vn 0.000000 0.000000 -1.000000
vn -0.000000 0.000000 -1.000000
vn 0.000000 0.000000 -1.000000
vn 0.000000 0.000000 -1.000000
vn 0.000000 0.000000 -1.000000
vn -0.000000 0.000000 -1.000000
vn 0.000000 0.000000 -1.000000
vn 0.000000 0.000000 -1.000000
vn 0.000000 0.000000 -1.000000
vn 0.000000 0.000000 -1.000000
vn -0.000000 0.000000 -1.000000
vn 0.000000 0.000000 -1.000000
vn 0.000000 0.000000 -1.000000
vn 0.000000 0.000000 -1.000000
vn -0.000000 0.000000 -1.000000
vn 0.000000 0.000000 -1.000000
vn 0.000000 0.000000 -1.000000
vn 0.000000 0.000000 -1.000000
vn -0.000000 0.000000 -1.000000
vn 0.000000 0.000000 -1.000000
vn 0.000000 0.000000 -1.000000
vn 0.000000 0.000000 -1.000000
vn 0.000000 0.000000 -1.000000
vn -0.000000 0.000000 -1.000000
vn 0.000000 0.000000 -1.000000
vn 0.000000 0.000000 -1.000000
vn -0.000000 0.000000 -1.000000
vn 0.000000 0.000000 -1.000000
vn 0.000000 0.000000 -1.000000
vn 0.000000 0.000000 -1.000000
vn 0.000000 0.000000 -1.000000
vn -0.000000 0.000000 -1.000000
vn 0.000000 0.000000 -1.000000
vn 0.000000 0.000000 -1.000000
vn 0.000000 0.000000 -1.000000
vn 0.000000 0.000000 -1.000000
vn 0.000000 0.000000 -1.000000
vn 0.000000 0.000000 -1.000000
vn 0.000000 0.000000 -1.000000
vn 0.000000 0.000000 -1.000000
vn 0.000000 0.000000 -1.000000
vn 0.000000 0.000000 -1.000000
vn 0.000000 0.000000 -1.000000
vn 0.000000 0.000000 -1.000000
vn 0.000000 0.000000 -1.000000
vn 0.000000 0.000000 -1.000000
vn 0.000000 0.000000 -1.000000
vn 0.000000 0.000000 -1.000000
vn 0.000000 0.000000 -1.000000
vn 0.000000 0.000000 -1.000000
vn 0.000000 0.000000 -1.000000
vn 0.000000 0.000000 -1.000000
vn 0.000000 0.000000 -1.000000
vn 0.000000 0.000000 -1.000000
vn 0.000000 0.000000 -1.000000
vn 0.000000 0.000000 -1.000000
vn 0.000000 0.000000 -1.000000
vn 0.000000 0.000000 -1.000000
vn 0.000000 0.000000 -1.000000
vn 0.000000 0.000000 -1.000000
vn 0.000000 0.000000 -1.000000
vn 0.000000 0.000000 -1.000000
vn 0.000000 0.000000 -1.000000
vn 0.000000 0.000000 -1.000000
vn 0.000000 0.000000 -1.000000
vn 0.000000 0.000000 -1.000000
vn 0.000000 0.000000 -1.000000
vn 0.000000 0.000000 -1.000000
vn 0.000000 0.000000 -1.000000
vn 0.000000 0.000000 -1.000000
vn 0.000000 0.000000 -1.000000
vn 0.000000 0.000000 -1.000000
vn 0.000000 0.000000 -1.000000
vn 0.000000 0.000000 -1.000000
vn 0.000000 0.000000 -1.000000
vn -0.000000 0.000000 1.000000
vn 0.000000 0.000000 1.000000
vn 0.000000 0.000000 1.000000
vn 0.000000 0.000000 1.000000
vn -0.000000 0.000000 1.000000
vn 0.000000 0.000000 1.000000
vn 0.000000 0.000000 1.000000
vn 0.000000 0.000000 1.000000
vn -0.000000 0.000000 1.000000
vn 0.000000 0.000000 1.000000
vn 0.000000 0.000000 1.000000
vn 0.000000 0.000000 1.000000
vn -0.000000 0.000000 1.000000
vn 0.000000 0.000000 1.000000
vn 0.000000 0.000000 1.000000
vn 0.000000 0.000000 1.000000
vn -0.000000 0.000000 1.000000
vn 0.000000 0.000000 1.000000
vn 0.000000 0.000000 1.000000
vn 0.000000 0.000000 1.000000
vn -0.000000 0.000000 1.000000
vn 0.000000 0.000000 1.000000
vn 0.000000 0.000000 1.000000
vn 0.000000 0.000000 1.000000
vn 0.000000 0.000000 1.000000
vn -0.000000 0.000000 1.000000
vn 0.000000 0.000000 1.000000
vn 0.000000 0.000000 1.000000
vn -0.000000 0.000000 1.000000
vn 0.000000 0.000000 1.000000
vn 0.000000 0.000000 1.000000
vn 0.000000 0.000000 1.000000
vn 0.000000 0.000000 1.000000
vn 0.000000 0.000000 1.000000
vn -0.000000 0.000000 1.000000
vn 0.000000 0.000000 1.000000
vn -0.000000 0.000000 1.000000
vn 0.000000 0.000000 1.000000
vn 0.000000 0.000000 1.000000
vn 0.000000 0.000000 1.000000
vn -0.000000 0.000000 1.000000
vn 0.000000 0.000000 1.000000
vn -0.000000 0.000000 1.000000
vn -0.000000 0.000000 1.000000
vn 0.000000 0.000000 1.000000
vn -0.000000 0.000000 1.000000
vn 0.000000 0.000000 1.000000
vn 0.000000 0.000000 1.000000
vn -0.000000 0.000000 1.000000
vn 0.000000 0.000000 1.000000
vn -0.000000 0.000000 1.000000
vn -0.000000 0.000000 1.000000
vn 0.000000 0.000000 1.000000
vn -0.000000 0.000000 1.000000
vn 0.000000 0.000000 1.000000
vn 0.000000 0.000000 1.000000
vn -0.000000 0.000000 1.000000
vn 0.000000 0.000000 1.000000
vn -0.000000 0.000000 1.000000
vn 0.000000 0.000000 1.000000
vn -0.000000 0.000000 1.000000
vn 0.000000 0.000000 1.000000
vn -0.000000 0.000000 1.000000
vn -0.000000 0.000000 1.000000
vn 0.000000 0.000000 1.000000
vn -0.000000 0.000000 1.000000
vn 0.000000 0.000000 1.000000
vn 0.000000 0.000000 1.000000
vn -0.000000 0.000000 1.000000
vn 0.000000 0.000000 1.000000
vn -0.000000 0.000000 1.000000
vn -0.000000 0.000000 1.000000
vn 0.000000 0.000000 1.000000
vn 0.000000 0.000000 1.000000
vn 0.000000 0.000000 1.000000
vn 0.000000 0.000000 1.000000
vn 0.000000 0.000000 1.000000
vn 0.000000 0.000000 1.000000
vn -0.000000 0.000000 1.000000
vn 0.000000 0.000000 1.000000
vn 0.000000 0.000000 1.000000
vn 0.000000 0.000000 1.000000
vn -0.000000 0.000000 1.000000
vn 0.000000 0.000000 1.000000
vn 0.000000 0.000000 1.000000
vn 0.000000 0.000000 1.000000
vn -0.000000 0.000000 1.000000
vn 0.000000 0.000000 1.000000
vn 0.000000 0.000000 1.000000
vn 0.000000 0.000000 1.000000
vn -0.000000 0.000000 1.000000
vn 0.000000 0.000000 1.000000
vn 0.000000 0.000000 1.000000
vn 0.000000 0.000000 1.000000
vn -0.000000 0.000000 1.000000
vn 0.000000 0.000000 1.000000
vn 0.000000 0.000000 1.000000
vn 0.000000 0.000000 1.000000
vn -0.000000 0.000000 1.000000
vn 0.000000 0.000000 1.000000
vn 0.000000 0.000000 1.000000
vn 0.000000 0.000000 1.000000
vn -0.000000 0.000000 1.000000
vn 0.000000 0.000000 1.000000
vn 0.000000 0.000000 1.000000
vn 0.000000 0.000000 1.000000
vn -0.000000 0.000000 1.000000
vn 0.000000 0.000000 1.000000
vn 0.000000 0.000000 1.000000
vn 0.000000 0.000000 1.000000
vn -0.000000 0.000000 1.000000
vn 0.000000 0.000000 1.000000
vn 0.000000 0.000000 1.000000
vn 0.000000 0.000000 1.000000
vn 0.000000 0.000000 1.000000
vn 0.000000 0.000000 1.000000
vn 0.000000 0.000000 1.000000
vn -0.000000 0.000000 1.000000
vn 0.000000 0.000000 1.000000
vn 0.000000 0.000000 1.000000
vn 0.000000 0.000000 1.000000
vn -0.000000 0.000000 1.000000
vn 0.000000 0.000000 1.000000
vn 0.000000 0.000000 1.000000
vn 0.000000 0.000000 1.000000
vn -0.000000 0.000000 1.000000
vn 0.000000 0.000000 1.000000
vn 0.000000 0.000000 1.000000
vn -0.000000 0.000000 1.000000
vn 0.000000 0.000000 1.000000
vn 0.000000 0.000000 1.000000
vn 0.000000 0.000000 1.000000
vn 0.000000 0.000000 1.000000
vn 0.000000 0.000000 1.000000
vn 0.000000 0.000000 1.000000
vn 0.000000 0.000000 1.000000
vn 0.000000 0.000000 1.000000
vn -0.000000 0.000000 1.000000
vn 0.000000 0.000000 1.000000
vn 0.000000 0.000000 1.000000
vn 0.000000 0.000000 1.000000
vn 0.000000 0.000000 1.000000
vn -0.000000 0.000000 1.000000
vn 0.000000 0.000000 1.000000
vn 0.000000 0.000000 1.000000
vn -0.000000 0.000000 1.000000
vn 0.000000 0.000000 1.000000
vn 0.000000 0.000000 1.000000
vn 0.000000 0.000000 1.000000
vn 0.000000 0.000000 1.000000
vn -0.000000 0.000000 1.000000
vn 0.000000 0.000000 1.000000
vn 0.000000 0.000000 1.000000
vn -0.000000 0.000000 1.000000
vn 0.000000 0.000000 1.000000
vn 0.000000 0.000000 1.000000
vn 0.000000 0.000000 1.000000
vn -0.000000 0.000000 1.000000
vn -0.000000 0.000000 1.000000
vn 0.000000 0.000000 1.000000
vn 0.000000 0.000000 1.000000
vn -0.000000 0.000000 1.000000
vn -0.000000 0.000000 1.000000
vn 0.000000 0.000000 1.000000
vn -0.000000 0.000000 1.000000
vn 0.000000 0.000000 1.000000
vn 0.000000 0.000000 1.000000
vn -0.000000 0.000000 1.000000
vn 0.000000 0.000000 1.000000
vn -0.000000 0.000000 1.000000
vn 0.000000 0.000000 1.000000
vn -0.000000 0.000000 1.000000
vn -0.000000 0.000000 1.000000
vn -0.000000 0.000000 1.000000
vn 0.000000 0.000000 1.000000
vn 0.000000 0.000000 1.000000
vn 0.000000 0.000000 1.000000
vn -0.000000 0.000000 1.000000
vn -0.000000 0.000000 1.000000
vn 0.000000 0.000000 1.000000
vn 0.000000 0.000000 1.000000
vn 0.000000 0.000000 1.000000
vn 0.000000 0.000000 1.000000
vn 0.000000 0.000000 1.000000
vn -0.000000 0.000000 1.000000
vn 0.000000 0.000000 1.000000
vn 0.000000 0.000000 1.000000
vn -0.000000 0.000000 1.000000
vn 0.000000 0.000000 1.000000
vn 0.000000 0.000000 1.000000
vn 0.000000 0.000000 1.000000
vn -0.000000 0.000000 1.000000
vn 0.000000 0.000000 1.000000
vn 0.000000 0.000000 1.000000
vn -0.000000 0.000000 1.000000
vn 0.000000 0.000000 1.000000
vn 0.000000 0.000000 1.000000
vn 0.000000 0.000000 1.000000
vn 0.000000 0.000000 1.000000
vn -0.000000 0.000000 1.000000
vn 0.000000 0.000000 1.000000
vn 0.000000 0.000000 1.000000
vn 0.000000 0.000000 1.000000
vn 0.000000 0.000000 1.000000
vn -0.000000 0.000000 1.000000
vn 0.000000 0.000000 1.000000
vn -0.000000 0.000000 1.000000
vn 0.000000 0.000000 1.000000
vn 0.000000 0.000000 1.000000
vn 0.000000 0.000000 1.000000
vn -0.000000 0.000000 1.000000
vn 0.000000 0.000000 1.000000
vn 0.000000 0.000000 1.000000
vn 0.000000 0.000000 1.000000
vn 0.000000 0.000000 1.000000
vn -0.000000 0.000000 1.000000
vn 0.000000 0.000000 1.000000
vn 0.000000 0.000000 1.000000
vn 0.000000 0.000000 1.000000
vn -0.000000 0.000000 1.000000
vn 0.000000 0.000000 1.000000
vn 0.000000 0.000000 1.000000
vn 0.000000 0.000000 1.000000
vn -0.000000 0.000000 1.000000
vn 0.000000 0.000000 1.000000
vn 0.000000 0.000000 1.000000
vn -0.231562 0.972820 0.000000
vn -0.231562 0.972820 0.000000
vn -0.285269 0.958447 0.000000
vn -0.285269 0.958447 0.000000
vn -0.338091 0.941113 0.000000
vn -0.338091 0.941113 0.000000
vn -0.389867 0.920871 0.000000
vn -0.440446 0.897779 0.000000
vn -0.389867 0.920871 0.000000
vn -0.440446 0.897779 0.000000
vn -0.489660 0.871913 0.000000
vn -0.489660 0.871913 0.000000
vn -0.537358 0.843354 0.000000
vn -0.537358 0.843354 0.000000
vn -0.583398 0.812186 0.000000
vn -0.627633 0.778509 0.000000
vn -0.583398 0.812186 0.000000
vn -0.627633 0.778509 0.000000
vn -0.669927 0.742427 0.000000
vn -0.669927 0.742427 0.000000
vn -0.710154 0.704047 0.000000
vn -0.710154 0.704047 0.000000
vn -0.748184 0.663491 0.000000
vn -0.748184 0.663491 0.000000
vn -0.783898 0.620890 0.000000
vn -0.817195 0.576362 0.000000
vn -0.783898 0.620890 0.000000
vn -0.817195 0.576362 0.000000
vn -0.847964 0.530054 0.000000
vn -0.847964 0.530054 0.000000
vn -0.876109 0.482113 0.000000
vn -0.901549 0.432677 0.000000
vn -0.876109 0.482113 0.000000
vn -0.901549 0.432677 0.000000
vn -0.924202 0.381905 0.000000
vn -0.924202 0.381905 0.000000
vn -0.943998 0.329953 0.000000
vn -0.943998 0.329953 0.000000
vn -0.960876 0.276979 0.000000
vn -0.960876 0.276979 0.000000
vn -0.974783 0.223153 0.000000
vn -0.974783 0.223153 0.000000
vn -0.985679 0.168634 0.000000
vn -0.985679 0.168634 0.000000
vn -0.993527 0.113594 0.000000
vn -0.993527 0.113594 0.000000
vn -0.998305 0.058202 0.000000
vn -0.998305 0.058202 0.000000
vn -0.999997 0.002633 0.000000
vn -0.999997 0.002633 0.000000
vn -0.998597 -0.052945 0.000000
vn -0.998597 -0.052945 0.000000
vn -0.994111 -0.108362 0.000000
vn -0.986553 -0.163439 -0.000000
vn -0.994111 -0.108362 0.000000
vn -0.986553 -0.163439 0.000000
vn -0.975945 -0.218016 0.000000
vn -0.962321 -0.271916 -0.000000
vn -0.975945 -0.218016 0.000000
vn -0.962321 -0.271916 0.000000
vn -0.945722 -0.324977 0.000000
vn -0.945722 -0.324977 0.000000
vn -0.926198 -0.377037 0.000000
vn -0.903816 -0.427922 -0.000000
vn -0.926198 -0.377037 0.000000
vn -0.903816 -0.427922 0.000000
vn -0.878636 -0.477493 0.000000
vn -0.878636 -0.477493 0.000000
vn -0.850741 -0.525585 0.000000
vn -0.850741 -0.525585 0.000000
vn -0.820220 -0.572048 0.000000
vn -0.820220 -0.572048 0.000000
vn -0.787157 -0.616753 0.000000
vn -0.787157 -0.616753 0.000000
vn -0.751668 -0.659542 0.000000
vn -0.751668 -0.659542 0.000000
vn -0.713851 -0.700297 0.000000
vn -0.713851 -0.700297 0.000000
vn -0.673828 -0.738889 0.000000
vn -0.673828 -0.738889 0.000000
vn -0.631722 -0.775195 0.000000
vn -0.631722 -0.775195 0.000000
vn -0.587667 -0.809103 0.000000
vn -0.587667 -0.809103 0.000000
vn -0.541793 -0.840512 0.000000
vn -0.541793 -0.840512 0.000000
vn -0.494243 -0.869324 0.000000
vn -0.494243 -0.869324 0.000000
vn -0.445167 -0.895447 -0.000000
vn -0.445167 -0.895447 0.000000
vn -0.394715 -0.918804 0.000000
vn -0.394715 -0.918804 0.000000
vn -0.343043 -0.939320 0.000000
vn -0.343043 -0.939320 0.000000
vn -0.290310 -0.956933 0.000000
vn -0.290310 -0.956933 0.000000
vn -0.236679 -0.971588 0.000000
vn -0.236679 -0.971588 0.000000
vn -0.182320 -0.983239 0.000000
vn -0.182320 -0.983239 0.000000
vn -0.127394 -0.991852 0.000000
vn -0.127394 -0.991852 0.000000
vn -0.072074 -0.997399 0.000000
vn -0.072074 -0.997399 0.000000
vn -0.016533 -0.999863 0.000000
vn -0.016533 -0.999863 0.000000
vn 0.039059 -0.999237 0.000000
vn 0.039059 -0.999237 0.000000
vn 0.094533 -0.995522 0.000000
vn 0.094533 -0.995522 0.000000
vn 0.149711 -0.988730 0.000000
vn 0.149711 -0.988730 0.000000
vn 0.204430 -0.978881 0.000000
vn 0.204430 -0.978881 0.000000
vn 0.258513 -0.966008 0.000000
vn 0.258513 -0.966008 0.000000
vn 0.311798 -0.950149 0.000000
vn 0.311798 -0.950149 0.000000
vn 0.364122 -0.931351 0.000000
vn 0.364122 -0.931351 0.000000
vn 0.415322 -0.909675 0.000000
vn 0.465231 -0.885189 0.000000
vn 0.415322 -0.909675 0.000000
vn 0.465231 -0.885189 0.000000
vn 0.513707 -0.857966 0.000000
vn 0.513707 -0.857966 0.000000
vn 0.560596 -0.828090 0.000000
vn 0.560596 -0.828090 0.000000
vn 0.605749 -0.795655 0.000000
vn 0.605749 -0.795655 0.000000
vn 0.649031 -0.760762 0.000000
vn 0.649031 -0.760762 0.000000
vn 0.690308 -0.723516 0.000000
vn 0.690308 -0.723516 0.000000
vn 0.729450 -0.684034 0.000000
vn 0.729450 -0.684034 0.000000
vn 0.766337 -0.642439 0.000000
vn 0.766337 -0.642439 0.000000
vn 0.800856 -0.598858 0.000000
vn 0.800856 -0.598858 0.000000
vn 0.832902 -0.553421 0.000000
vn 0.832902 -0.553421 0.000000
vn 0.862369 -0.506281 0.000000
vn 0.862369 -0.506281 0.000000
vn 0.889173 -0.457572 0.000000
vn 0.889173 -0.457572 0.000000
vn 0.913228 -0.407449 0.000000
vn 0.913228 -0.407449 0.000000
vn 0.934461 -0.356065 0.000000
vn 0.934461 -0.356065 0.000000
vn 0.952804 -0.303585 0.000000
vn 0.952804 -0.303585 0.000000
vn 0.968204 -0.250162 0.000000
vn 0.968204 -0.250162 0.000000
vn 0.980610 -0.195967 0.000000
vn 0.980610 -0.195967 0.000000
vn 0.989986 -0.141168 0.000000
vn 0.989986 -0.141168 0.000000
vn 0.996301 -0.085932 0.000000
vn 0.996301 -0.085932 0.000000
vn 0.999537 -0.030429 0.000000
vn 0.999537 -0.030429 0.000000
vn 0.999683 0.025166 -0.000000
vn 0.999683 0.025166 0.000000
vn 0.996740 0.080684 -0.000000
vn 0.996740 0.080684 0.000000
vn 0.990715 0.135954 -0.000000
vn 0.990715 0.135954 0.000000
vn 0.981629 0.190802 -0.000000
vn 0.981629 0.190802 0.000000
vn 0.969508 0.245060 -0.000000
vn 0.969508 0.245060 0.000000
vn 0.954390 0.298562 -0.000000
vn 0.954390 0.298562 0.000000
vn 0.936323 0.351141 -0.000000
vn 0.936323 0.351141 0.000000
vn 0.915361 0.402634 -0.000000
vn 0.915361 0.402634 0.000000
vn 0.891569 0.452884 0.000000
vn 0.891569 0.452884 -0.000000
vn 0.865025 0.501729 0.000000
vn 0.865025 0.501729 -0.000000
vn 0.835802 0.549030 0.000000
vn 0.835802 0.549030 -0.000000
vn 0.803997 0.594634 0.000000
vn 0.803997 0.594634 -0.000000
vn 0.769712 0.638391 -0.000000
vn 0.769712 0.638391 0.000000
vn 0.733042 0.680184 -0.000000
vn 0.733042 0.680184 0.000000
vn 0.694108 0.719871 -0.000000
vn 0.694108 0.719871 0.000000
vn 0.653026 0.757335 0.000000
vn 0.653026 0.757335 0.000000
vn 0.609933 0.792453 -0.000000
vn 0.609933 0.792453 0.000000
vn 0.564948 0.825127 -0.000000
vn 0.564948 0.825127 0.000000
vn 0.518216 0.855250 -0.000000
vn 0.518216 0.855250 0.000000
vn 0.469888 0.882726 0.000000
vn 0.469888 0.882726 -0.000000
vn 0.420103 0.907477 0.000000
vn 0.420103 0.907477 -0.000000
vn 0.369020 0.929422 0.000000
vn 0.369020 0.929422 -0.000000
vn 0.316803 0.948491 0.000000
vn 0.316803 0.948491 -0.000000
vn 0.263594 0.964634 0.000000
vn 0.263594 0.964634 -0.000000
vn 0.209582 0.977791 0.000000
vn 0.209582 0.977791 -0.000000
vn 0.154914 0.987928 0.000000
vn 0.154914 0.987928 -0.000000
vn 0.099777 0.995010 0.000000
vn 0.099777 0.995010 -0.000000
vn 0.044319 0.999017 0.000000
vn 0.044319 0.999017 -0.000000
vn -0.011270 0.999937 0.000000
vn -0.011270 0.999937 0.000000
vn -0.066819 0.997765 0.000000
vn -0.066819 0.997765 0.000000
vn -0.122168 0.992509 0.000000
vn -0.122168 0.992509 0.000000
vn -0.177139 0.984186 0.000000
vn -0.177139 0.984186 0.000000
vn -0.172195 0.779377 0.602428
vn -0.167052 0.780970 0.601814
vn -0.284630 0.743076 0.605660
vn -0.174798 0.777798 0.603719
vn -0.174713 0.776243 0.605742
vn -0.172381 0.775030 0.607959
vn -0.193650 0.768299 0.610095
vn -0.192856 0.769005 0.609457
vn -0.192248 0.769527 0.608991
vn -0.190710 0.770801 0.607862
vn -0.189590 0.771673 0.607104
vn -0.188468 0.772507 0.606394
vn -0.187478 0.773204 0.605812
vn -0.186633 0.773769 0.605350
vn -0.185647 0.774402 0.604845
vn -0.179233 0.778328 0.601731
vn -0.195142 0.766922 0.611351
vn -0.196730 0.765392 0.612758
vn -0.198167 0.763945 0.614100
vn -0.326613 0.725607 0.605656
vn -0.185282 0.777256 0.601284
vn -0.184956 0.777030 0.601678
vn -0.216076 0.768397 0.602394
vn -0.213814 0.769217 0.602153
vn -0.211999 0.769836 0.602004
vn -0.210317 0.770374 0.601906
vn -0.208471 0.770928 0.601839
vn -0.225848 0.763758 0.604704
vn -0.224520 0.763841 0.605093
vn -0.224309 0.763851 0.605158
vn -0.222536 0.763923 0.605723
vn -0.221312 0.763957 0.606128
vn -0.219659 0.763985 0.606694
vn -0.227394 0.763993 0.603827
vn -0.460480 0.648951 0.605657
vn -0.496796 0.621586 0.605660
vn -0.393236 0.691629 0.605818
vn -0.391442 0.693265 0.605109
vn -0.389971 0.694560 0.604573
vn -0.389172 0.695242 0.604304
vn -0.387860 0.696329 0.603896
vn -0.386834 0.697158 0.603598
vn -0.385974 0.697834 0.603367
vn -0.385973 0.697835 0.603366
vn -0.384363 0.699053 0.602984
vn -0.390080 0.694598 0.604460
vn -0.405412 0.687936 0.601984
vn -0.404137 0.688594 0.602089
vn -0.403221 0.689055 0.602176
vn -0.402059 0.689625 0.602301
vn -0.400375 0.690408 0.602525
vn -0.398206 0.691364 0.602866
vn -0.396299 0.692159 0.603211
vn -0.607401 0.514042 0.605660
vn -0.429883 0.674676 0.600011
vn -0.417461 0.676446 0.606752
vn -0.415971 0.676773 0.607410
vn -0.415014 0.676967 0.607848
vn -0.413448 0.677262 0.608586
vn -0.412181 0.677485 0.609197
vn -0.410587 0.677744 0.609985
vn -0.635775 0.478509 0.605656
vn -0.541668 0.579839 0.608591
vn -0.541151 0.580838 0.608098
vn -0.540890 0.581329 0.607861
vn -0.539856 0.583223 0.606965
vn -0.539216 0.584343 0.606457
vn -0.538334 0.585831 0.605804
vn -0.537785 0.586723 0.605428
vn -0.557812 0.571011 0.602323
vn -0.556568 0.572417 0.602139
vn -0.555414 0.573672 0.602010
vn -0.554104 0.575048 0.601905
vn -0.552873 0.576298 0.601840
vn -0.552394 0.576772 0.601826
vn -0.551303 0.577823 0.601819
vn -0.535008 0.592903 0.601858
vn -0.566075 0.561210 0.603822
vn -0.567699 0.559610 0.603783
vn -0.566533 0.560410 0.604137
vn -0.565727 0.560949 0.604391
vn -0.564636 0.561662 0.604749
vn -0.564405 0.561810 0.604828
vn -0.563047 0.562654 0.605309
vn -0.561904 0.563347 0.605726
vn -0.560611 0.564110 0.606214
vn -0.558392 0.565354 0.607102
vn -0.716156 0.346841 0.605658
vn -0.715137 0.321453 0.620683
vn -0.715138 0.321455 0.620681
vn -0.734800 0.305366 0.605658
vn -0.676642 0.418848 0.605576
vn -0.675960 0.420828 0.604964
vn -0.675587 0.421860 0.604662
vn -0.675039 0.423308 0.604262
vn -0.674446 0.424815 0.603867
vn -0.674128 0.425594 0.603673
vn -0.673995 0.425913 0.603597
vn -0.686680 0.407664 0.601898
vn -0.685923 0.408827 0.601972
vn -0.685257 0.409827 0.602050
vn -0.684588 0.410810 0.602142
vn -0.683574 0.412237 0.602318
vn -0.682171 0.414130 0.602610
vn -0.680948 0.415712 0.602904
vn -0.679665 0.417308 0.603249
vn -0.675522 0.422267 0.604451
vn -0.779914 0.157850 0.605655
vn -0.700516 0.385485 0.600565
vn -0.687610 0.395738 0.608755
vn -0.686331 0.396763 0.609532
vn -0.753512 0.247442 0.609092
vn -0.753555 0.248615 0.608560
vn -0.753574 0.249304 0.608255
vn -0.753606 0.251396 0.607353
vn -0.787655 0.113036 0.605659
vn -0.763779 0.231449 0.602555
vn -0.763355 0.233479 0.602309
vn -0.762960 0.235202 0.602139
vn -0.762510 0.237018 0.601998
vn -0.762085 0.238619 0.601904
vn -0.761874 0.239368 0.601873
vn -0.761451 0.240804 0.601835
vn -0.754211 0.263616 0.601392
vn -0.766123 0.219421 0.604078
vn -0.765481 0.220665 0.604438
vn -0.765399 0.220822 0.604486
vn -0.764639 0.222221 0.604934
vn -0.764037 0.223295 0.605298
vn -0.763246 0.224675 0.605786
vn -0.762001 0.226739 0.606584
vn -0.765764 0.220737 0.604053
vn -0.766523 0.218623 0.603860
vn -0.794664 -0.041070 0.605658
vn -0.791019 -0.086397 0.605661
vn -0.794360 0.041253 0.606045
vn -0.794752 0.043339 0.605385
vn -0.794935 0.044411 0.605066
vn -0.795195 0.046068 0.604601
vn -0.795424 0.047673 0.604176
vn -0.795536 0.048533 0.603959
vn -0.795565 0.048770 0.603903
vn -0.795770 0.050642 0.603477
vn -0.795863 0.051642 0.603270
vn -0.798089 0.027940 0.601892
vn -0.798009 0.029080 0.601944
vn -0.797916 0.030240 0.602010
vn -0.797734 0.032059 0.602157
vn -0.797462 0.034313 0.602392
vn -0.797188 0.036262 0.602642
vn -0.796884 0.038158 0.602927
vn -0.795397 0.046375 0.604312
vn -0.759484 -0.237405 0.605659
vn -0.799393 0.002103 0.600805
vn -0.794770 0.012706 0.606778
vn -0.794478 0.013526 0.607142
vn -0.793933 0.014995 0.607821
vn -0.793511 0.016091 0.608343
vn -0.792890 0.017646 0.609109
vn -0.792661 0.018195 0.609391
vn -0.781330 -0.142126 0.607720
vn -0.782019 -0.140896 0.607120
vn -0.779912 -0.144531 0.608973
vn -0.780215 -0.144028 0.608703
vn -0.741362 -0.255213 0.620684
vn -0.744682 -0.280403 0.605659
vn -0.741363 -0.255214 0.620683
vn -0.788363 -0.130605 0.601188
vn -0.780609 -0.165133 0.602811
vn -0.781275 -0.163067 0.602510
vn -0.781751 -0.161490 0.602317
vn -0.782302 -0.159536 0.602123
vn -0.782708 -0.158001 0.602000
vn -0.782905 -0.157207 0.601951
vn -0.783257 -0.155708 0.601883
vn -0.783572 -0.154296 0.601837
vn -0.777631 -0.173717 0.604246
vn -0.777310 -0.177451 0.603573
vn -0.777367 -0.176353 0.603822
vn -0.777415 -0.175146 0.604111
vn -0.777421 -0.174971 0.604154
vn -0.777449 -0.173402 0.604569
vn -0.777460 -0.172021 0.604950
vn -0.777454 -0.170677 0.605338
vn -0.777391 -0.168270 0.606092
vn -0.676585 -0.418822 0.605657
vn -0.654601 -0.431566 0.620683
vn -0.654603 -0.431566 0.620682
vn -0.651554 -0.456789 0.605658
vn -0.715693 -0.346228 0.606556
vn -0.717106 -0.344558 0.605837
vn -0.717870 -0.343626 0.605461
vn -0.718959 -0.342256 0.604945
vn -0.719840 -0.341118 0.604541
vn -0.720471 -0.340281 0.604261
vn -0.720575 -0.340140 0.604215
vn -0.712938 -0.359872 0.601840
vn -0.713336 -0.359043 0.601864
vn -0.713885 -0.357869 0.601912
vn -0.714610 -0.356237 0.602019
vn -0.715510 -0.354098 0.602213
vn -0.716189 -0.352387 0.602409
vn -0.716877 -0.350554 0.602660
vn -0.720236 -0.341005 0.604132
vn -0.703855 -0.366252 0.608644
vn -0.703935 -0.365600 0.608943
vn -0.702044 -0.381523 0.601310
vn -0.551168 -0.573925 0.605660
vn -0.613884 -0.501747 0.609423
vn -0.614487 -0.501407 0.609095
vn -0.616280 -0.500367 0.608138
vn -0.517486 -0.604472 0.605658
vn -0.629327 -0.493088 0.600676
vn -0.604299 -0.520659 0.603106
vn -0.605850 -0.519240 0.602773
vn -0.607256 -0.517905 0.602507
vn -0.608549 -0.516632 0.602296
vn -0.609792 -0.515365 0.602124
vn -0.610275 -0.514858 0.602068
vn -0.611375 -0.513674 0.601963
vn -0.612317 -0.512634 0.601892
vn -0.598838 -0.525446 0.604400
vn -0.595397 -0.530846 0.603080
vn -0.596099 -0.529769 0.603333
vn -0.596593 -0.528994 0.603524
vn -0.597265 -0.527915 0.603804
vn -0.597396 -0.527699 0.603864
vn -0.598195 -0.526352 0.604249
vn -0.598758 -0.525378 0.604539
vn -0.599473 -0.524107 0.604933
vn -0.600587 -0.522025 0.605629
vn -0.391125 -0.692965 0.605657
vn -0.580483 -0.539982 0.609474
vn -0.581021 -0.538277 0.610469
vn -0.573488 -0.562600 0.595477
vn -0.350900 -0.714177 0.605657
vn -0.462385 -0.646983 0.606311
vn -0.463555 -0.646533 0.605897
vn -0.465147 -0.645893 0.605360
vn -0.466673 -0.645255 0.604865
vn -0.467558 -0.644873 0.604590
vn -0.508081 -0.623470 0.594254
vn -0.467792 -0.644769 0.604520
vn -0.469523 -0.643977 0.604021
vn -0.470570 -0.643477 0.603740
vn -0.471760 -0.642887 0.603439
vn -0.468319 -0.644783 0.604096
vn -0.452317 -0.658191 0.601825
vn -0.453211 -0.657559 0.601843
vn -0.454658 -0.656494 0.601915
vn -0.456480 -0.655095 0.602060
vn -0.458014 -0.653868 0.602230
vn -0.459307 -0.652792 0.602412
vn -0.460987 -0.651344 0.602696
vn -0.438370 -0.663352 0.606462
vn -0.439335 -0.662145 0.607082
vn -0.440058 -0.661218 0.607568
vn -0.440978 -0.660007 0.608218
vn -0.441333 -0.659529 0.608479
vn -0.442400 -0.658051 0.609304
vn -0.432813 -0.671447 0.601525
vn -0.206501 -0.768462 0.605660
vn -0.181757 -0.762705 0.620682
vn -0.296517 -0.734895 0.609924
vn -0.297319 -0.734895 0.609533
vn -0.162266 -0.779006 0.605656
vn -0.181758 -0.762705 0.620681
vn -0.315734 -0.734956 0.600127
vn -0.278567 -0.747165 0.603444
vn -0.280714 -0.746679 0.603051
vn -0.282602 -0.746213 0.602746
vn -0.284471 -0.745715 0.602482
vn -0.286028 -0.745273 0.602292
vn -0.286932 -0.745002 0.602198
vn -0.288200 -0.744603 0.602086
vn -0.289726 -0.744103 0.601971
vn -0.273266 -0.748254 0.604518
vn -0.268383 -0.751016 0.603279
vn -0.269500 -0.750409 0.603537
vn -0.269688 -0.750305 0.603582
vn -0.270898 -0.749614 0.603898
vn -0.271964 -0.748989 0.604194
vn -0.273170 -0.748264 0.604549
vn -0.275097 -0.747049 0.605177
vn -0.008909 -0.795676 0.605657
vn 0.036565 -0.794886 0.605656
vn -0.093740 -0.789314 0.606792
vn -0.095094 -0.789518 0.606315
vn -0.096733 -0.789739 0.605768
vn -0.098384 -0.789940 0.605240
vn -0.099412 -0.790051 0.604927
vn -0.099688 -0.790079 0.604845
vn -0.101618 -0.790248 0.604303
vn -0.088051 -0.793456 0.602224
vn -0.090026 -0.793070 0.602441
vn -0.101544 -0.790582 0.603878
vn -0.079251 -0.794693 0.601816
vn -0.080431 -0.794577 0.601812
vn -0.082201 -0.794369 0.601848
vn -0.084450 -0.794060 0.601945
vn -0.086306 -0.793767 0.602068
vn -0.057551 -0.796434 0.601981
vn -0.067630 -0.791684 0.607176
vn -0.069067 -0.791066 0.607819
vn -0.069516 -0.790867 0.608027
vn -0.071099 -0.790141 0.608788
vn 0.189249 -0.772893 0.605658
vn 0.092962 -0.786915 0.610018
vn 0.091009 -0.787993 0.608920
vn 0.089576 -0.788745 0.608159
vn 0.233094 -0.760820 0.605656
vn 0.075636 -0.796515 0.599869
vn 0.113706 -0.789312 0.603372
vn 0.111785 -0.789855 0.603020
vn 0.109895 -0.790354 0.602714
vn 0.108240 -0.790760 0.602480
vn 0.107356 -0.790964 0.602370
vn 0.105990 -0.791259 0.602225
vn 0.104461 -0.791570 0.602084
vn 0.103699 -0.791716 0.602023
vn 0.119258 -0.787615 0.604516
vn 0.127263 -0.787618 0.602878
vn 0.126384 -0.787644 0.603029
vn 0.125000 -0.787670 0.603283
vn 0.124993 -0.787670 0.603285
vn 0.123462 -0.787667 0.603604
vn 0.122185 -0.787650 0.603886
vn 0.120919 -0.787620 0.604180
vn 0.118774 -0.787523 0.604732
vn 0.115938 -0.787333 0.605529
vn 0.375512 -0.701549 0.605656
vn 0.141923 -0.779784 0.609750
vn 0.140742 -0.779475 0.610418
vn 0.164070 -0.785624 0.596554
vn 0.389609 -0.680409 0.620684
vn 0.414979 -0.678949 0.605657
vn 0.389612 -0.680409 0.620682
vn 0.251006 -0.764899 0.593234
vn 0.297745 -0.736561 0.607311
vn 0.296638 -0.737431 0.606796
vn 0.295232 -0.738502 0.606179
vn 0.293833 -0.739537 0.605596
vn 0.293080 -0.740080 0.605299
vn 0.292715 -0.740336 0.605162
vn 0.291173 -0.741399 0.604603
vn 0.290258 -0.742005 0.604300
vn 0.289035 -0.742792 0.603920
vn 0.288194 -0.743315 0.603678
vn 0.290304 -0.742540 0.603620
vn 0.312357 -0.735017 0.601816
vn 0.310592 -0.735765 0.601815
vn 0.308583 -0.736571 0.601864
vn 0.306775 -0.737254 0.601951
vn 0.305166 -0.737828 0.602066
vn 0.303267 -0.738467 0.602242
vn 0.331576 -0.726252 0.602175
vn 0.322839 -0.726687 0.606384
vn 0.321826 -0.726811 0.606774
vn 0.320288 -0.726980 0.607384
vn 0.319792 -0.727028 0.607588
vn 0.318073 -0.727176 0.608313
vn 0.316489 -0.727292 0.608999
vn 0.538185 -0.586121 0.605657
vn 0.546582 -0.562143 0.620680
vn 0.570791 -0.554416 0.605657
vn 0.546583 -0.562139 0.620683
vn 0.479721 -0.636700 0.603723
vn 0.478303 -0.638141 0.603325
vn 0.476870 -0.639547 0.602972
vn 0.475640 -0.640714 0.602705
vn 0.474844 -0.641446 0.602553
vn 0.473885 -0.642304 0.602394
vn 0.472796 -0.643255 0.602235
vn 0.472113 -0.643838 0.602148
vn 0.472112 -0.643840 0.602147
vn 0.448653 -0.662729 0.599583
vn 0.482496 -0.633763 0.604600
vn 0.489014 -0.630275 0.603008
vn 0.488795 -0.630401 0.603054
vn 0.487657 -0.631045 0.603301
vn 0.486468 -0.631701 0.603575
vn 0.485399 -0.632275 0.603834
vn 0.483510 -0.633239 0.604339
vn 0.481050 -0.634430 0.605054
vn 0.667038 -0.433864 0.605659
vn 0.690730 -0.395053 0.605661
vn 0.614719 -0.503316 0.607283
vn 0.613975 -0.505059 0.606589
vn 0.613328 -0.506519 0.606026
vn 0.612860 -0.507539 0.605646
vn 0.612710 -0.507856 0.605532
vn 0.611867 -0.509595 0.604924
vn 0.627794 -0.493601 0.601857
vn 0.626657 -0.495092 0.601819
vn 0.625259 -0.496851 0.601823
vn 0.624063 -0.498297 0.601869
vn 0.622930 -0.499613 0.601951
vn 0.621645 -0.501055 0.602081
vn 0.620428 -0.502377 0.602234
vn 0.611021 -0.512231 0.603550
vn 0.639128 -0.477923 0.602582
vn 0.635634 -0.479709 0.604854
vn 0.634688 -0.480469 0.605245
vn 0.634034 -0.480977 0.605527
vn 0.632989 -0.481770 0.605989
vn 0.632046 -0.482469 0.606417
vn 0.630791 -0.483374 0.607002
vn 0.630453 -0.483613 0.607164
vn 0.629113 -0.484532 0.607820
vn 0.627807 -0.485404 0.608474
vn 0.753980 -0.254349 0.605657
vn 0.713005 -0.346202 0.609728
vn 0.712907 -0.347871 0.608892
vn 0.712772 -0.349660 0.608025
vn 0.767279 -0.210860 0.605658
vn 0.726830 -0.326775 0.604099
vn 0.726315 -0.328717 0.603665
vn 0.725751 -0.330697 0.603262
vn 0.725215 -0.332464 0.602934
vn 0.724953 -0.333285 0.602797
vn 0.724483 -0.334690 0.602584
vn 0.724023 -0.336006 0.602404
vn 0.723723 -0.336838 0.602300
vn 0.723660 -0.337007 0.602281
vn 0.712024 -0.366410 0.598970
vn 0.732119 -0.317208 0.602811
vn 0.732172 -0.317119 0.602793
vn 0.731361 -0.318472 0.603064
vn 0.730779 -0.319423 0.603267
vn 0.730092 -0.320518 0.603518
vn 0.728951 -0.322255 0.603973
vn 0.727498 -0.324366 0.604594
vn 0.727380 -0.324530 0.604647
vn 0.733228 -0.315250 0.602490
vn 0.732841 -0.315943 0.602597
vn 0.793546 -0.058850 0.605658
vn 0.748983 -0.285392 0.597977
vn 0.733561 -0.300293 0.609682
vn 0.783253 -0.035621 0.620682
vn 0.783251 -0.035623 0.620684
vn 0.795612 -0.013422 0.605658
vn 0.780726 -0.145228 0.607763
vn 0.780931 -0.147039 0.607063
vn 0.781107 -0.148814 0.606404
vn 0.781194 -0.149822 0.606044
vn 0.781229 -0.150289 0.605883
vn 0.781353 -0.152218 0.605241
vn 0.787888 -0.130026 0.601935
vn 0.787626 -0.131970 0.601854
vn 0.787287 -0.134163 0.601813
vn 0.786964 -0.136010 0.601821
vn 0.786639 -0.137683 0.601866
vn 0.786237 -0.139570 0.601957
vn 0.785849 -0.141259 0.602069
vn 0.782087 -0.156296 0.603250
vn 0.786512 -0.118799 0.606040
vn 0.785873 -0.120195 0.606595
vn 0.785713 -0.120532 0.606735
vn 0.784967 -0.122061 0.607395
vn 0.784299 -0.123389 0.607988
vn 0.789792 -0.112620 0.602947
vn 0.783251 0.140346 0.605658
vn 0.773954 0.184859 0.605658
vn 0.794026 0.063789 0.604527
vn 0.794563 0.061760 0.604033
vn 0.795077 0.059658 0.603567
vn 0.795470 0.057928 0.603218
vn 0.795660 0.057024 0.603053
vn 0.795953 0.055538 0.602805
vn 0.796225 0.054054 0.602581
vn 0.796347 0.053345 0.602482
vn 0.796381 0.053135 0.602456
vn 0.793891 0.064264 0.604654
vn 0.794562 0.075891 0.602422
vn 0.794559 0.074604 0.602587
vn 0.794559 0.074552 0.602593
vn 0.794527 0.073100 0.602813
vn 0.794487 0.071894 0.603010
vn 0.794436 0.070696 0.603220
vn 0.794306 0.068676 0.603624
vn 0.794091 0.066157 0.604188
vn 0.723741 0.330721 0.605659
vn 0.703665 0.371529 0.605658
vn 0.753831 0.248434 0.608292
vn 0.754959 0.246883 0.607524
vn 0.755989 0.245423 0.606834
vn 0.756602 0.244531 0.606431
vn 0.756898 0.244090 0.606239
vn 0.757958 0.242471 0.605564
vn 0.758604 0.241443 0.605165
vn 0.753722 0.263788 0.601929
vn 0.754521 0.261696 0.601842
vn 0.755148 0.259951 0.601811
vn 0.755693 0.258338 0.601821
vn 0.756270 0.256526 0.601872
vn 0.756779 0.254836 0.601951
vn 0.761419 0.238195 0.602913
vn 0.746384 0.278707 0.604346
vn 0.746542 0.277541 0.604686
vn 0.746617 0.276923 0.604877
vn 0.746782 0.275422 0.605358
vn 0.746881 0.274418 0.605693
vn 0.747007 0.272952 0.606200
vn 0.747034 0.272576 0.606335
vn 0.747135 0.270951 0.606939
vn 0.747211 0.269448 0.607514
vn 0.747276 0.267746 0.608186
vn 0.746995 0.280139 0.602926
vn 0.618758 0.500319 0.605657
vn 0.675907 0.414126 0.609631
vn 0.677456 0.413024 0.608658
vn 0.678624 0.412160 0.607942
vn 0.589164 0.534853 0.605655
vn 0.693138 0.402036 0.598270
vn 0.666311 0.436679 0.604434
vn 0.667817 0.435088 0.603920
vn 0.669083 0.433704 0.603514
vn 0.669735 0.432968 0.603319
vn 0.670668 0.431886 0.603059
vn 0.671677 0.430685 0.602793
vn 0.672132 0.430131 0.602683
vn 0.672303 0.429919 0.602643
vn 0.673382 0.428552 0.602412
vn 0.665707 0.437295 0.604654
vn 0.659950 0.449160 0.602263
vn 0.660595 0.448023 0.602404
vn 0.660590 0.448032 0.602403
vn 0.661335 0.446651 0.602610
vn 0.661794 0.445780 0.602751
vn 0.662376 0.444646 0.602950
vn 0.663259 0.442833 0.603313
vn 0.664259 0.440669 0.603798
vn 0.665209 0.438495 0.604334
vn 0.474890 0.638481 0.605658
vn 0.648152 0.456208 0.609731
vn 0.643861 0.476192 0.598903
vn 0.449764 0.642237 0.620680
vn 0.437647 0.664560 0.605661
vn 0.449764 0.642237 0.620680
vn 0.542683 0.579510 0.608000
vn 0.544267 0.578764 0.607294
vn 0.545317 0.578252 0.606839
vn 0.545880 0.577970 0.606602
vn 0.533303 0.594248 0.602044
vn 0.535101 0.592770 0.601906
vn 0.536505 0.591569 0.601837
vn 0.537753 0.590460 0.601813
vn 0.539165 0.589158 0.601825
vn 0.540375 0.588006 0.601866
vn 0.541056 0.587340 0.601905
vn 0.553818 0.574375 0.602809
vn 0.522828 0.600165 0.605353
vn 0.523627 0.599001 0.605816
vn 0.523850 0.598668 0.605952
vn 0.524747 0.597294 0.606531
vn 0.525452 0.596186 0.607012
vn 0.526382 0.594684 0.607678
vn 0.520818 0.604004 0.603265
vn 0.301183 0.736522 0.605660
vn 0.258617 0.752527 0.605657
vn 0.373419 0.703342 0.604871
vn 0.375599 0.702678 0.604292
vn 0.377450 0.702080 0.603834
vn 0.378382 0.701762 0.603619
vn 0.379750 0.701276 0.603326
vn 0.381257 0.700717 0.603025
vn 0.381980 0.700439 0.602890
vn 0.381995 0.700433 0.602888
vn 0.383817 0.699694 0.602589
vn 0.374272 0.703098 0.604627
vn 0.363250 0.710888 0.602236
vn 0.363315 0.710848 0.602243
vn 0.364498 0.710110 0.602399
vn 0.365399 0.709533 0.602533
vn 0.366503 0.708811 0.602713
vn 0.368040 0.707760 0.603011
vn 0.370008 0.706354 0.603456
vn 0.371809 0.705010 0.603920
vn 0.108561 0.788284 0.605659
vn 0.336342 0.726551 0.599164
vn 0.347860 0.713184 0.608573
vn 0.348913 0.712005 0.609351
vn 0.349808 0.710976 0.610040
vn 0.063357 0.793198 0.605659
vn 0.196637 0.768797 0.608510
vn 0.198512 0.768939 0.607721
vn 0.199809 0.769021 0.607193
vn 0.200103 0.769036 0.607077
vn 0.202288 0.769123 0.606242
vn 0.203479 0.769149 0.605810
vn 0.205099 0.769159 0.605251
vn 0.188527 0.776063 0.601818
vn 0.190335 0.775615 0.601825
vn 0.191098 0.775415 0.601841
vn 0.210395 0.769943 0.602430
vn 0.180986 0.777562 0.602197
vn 0.183273 0.777170 0.602012
vn 0.185130 0.776814 0.601903
vn 0.186812 0.776458 0.601843
vn 0.167103 0.779605 0.603566
vn 0.166799 0.779211 0.604159
vn 0.167321 0.778979 0.604314
vn 0.168539 0.778419 0.604697
vn 0.169587 0.777925 0.605040
vn 0.170779 0.777343 0.605452
vn 0.171080 0.777192 0.605562
vn 0.172434 0.776494 0.606073
vn 0.173809 0.775763 0.606615
vn 0.175164 0.775023 0.607171
vn -0.090885 0.790520 0.605655
vn -0.136016 0.784690 0.604782
vn -0.135184 0.783997 0.605866
vn -0.111322 0.772907 0.624677
vn -0.113494 0.774832 0.621895
vn -0.112817 0.783221 0.611423
vn -0.011483 0.795897 0.605324
vn -0.009212 0.796409 0.604688
vn -0.007345 0.796797 0.604203
vn -0.006201 0.797016 0.603927
vn -0.004910 0.797244 0.603637
vn -0.003234 0.797518 0.603286
vn -0.002481 0.797632 0.603140
vn -0.002282 0.797660 0.603103
vn -0.000444 0.797903 0.602786
vn -0.024020 0.798062 0.602096
vn -0.023966 0.798060 0.602101
vn -0.022430 0.797997 0.602244
vn -0.021402 0.797943 0.602352
vn -0.020271 0.797874 0.602484
vn -0.008974 0.796506 0.604564
vn -0.018312 0.797712 0.602760
vn -0.015998 0.797474 0.603141
vn -0.013780 0.797199 0.603559
vn -0.035402 0.791910 0.609611
vn -0.053465 0.798385 0.599770
vn -0.141490 0.786107 0.601678
vn -0.235854 0.762977 0.601862
vn -0.270091 0.751829 0.601501
vn -0.238344 0.760007 0.604633
vn -0.238263 0.759168 0.605719
vn -0.238282 0.758642 0.606369
vn -0.238476 0.757292 0.607978
vn -0.238894 0.755513 0.610025
vn -0.239386 0.753885 0.611843
vn -0.240443 0.750768 0.615251
vn -0.238719 0.761399 0.602732
vn -0.336108 0.726096 0.599847
vn -0.289459 0.735234 0.612898
vn -0.290161 0.737407 0.609949
vn -0.306097 0.735499 0.604438
vn -0.342349 0.716957 0.607264
vn -0.289797 0.737210 0.610360
vn -0.343673 0.718863 0.604256
vn -0.286558 0.746009 0.601128
vn -0.311314 0.735315 0.601993
vn -0.351915 0.717330 0.601326
vn -0.360537 0.716051 0.597732
vn -0.353934 0.711252 0.607331
vn -0.291846 0.749718 0.593926
vn -0.292261 0.750783 0.592375
vn -0.347264 0.701985 0.621792
vn -0.349332 0.704349 0.617948
vn -0.350774 0.706146 0.615073
vn -0.351816 0.707576 0.612831
vn -0.352613 0.708796 0.610961
vn -0.353079 0.709593 0.609764
vn -0.350279 0.717848 0.601664
vn -0.454489 0.648889 0.610232
vn -0.455628 0.650870 0.607265
vn -0.480903 0.638272 0.601117
vn -0.499165 0.615378 0.610036
vn -0.500761 0.617014 0.607069
vn -0.499739 0.621000 0.603838
vn -0.459402 0.651045 0.604227
vn -0.452845 0.658184 0.601435
vn -0.508921 0.607126 0.610244
vn -0.465714 0.648349 0.602290
vn -0.449649 0.668328 0.592582
vn -0.501653 0.622250 0.600958
vn -0.508452 0.616222 0.601454
vn -0.505363 0.603252 0.617005
vn -0.506674 0.604578 0.614627
vn -0.507608 0.605591 0.612857
vn -0.442772 0.654332 0.613027
vn -0.441788 0.652704 0.615467
vn -0.440940 0.651178 0.617688
vn -0.518730 0.615746 0.593108
vn -0.443875 0.655995 0.610447
vn -0.629415 0.481528 0.609891
vn -0.595203 0.526040 0.607467
vn -0.596685 0.527822 0.604459
vn -0.622829 0.497265 0.603996
vn -0.627545 0.480388 0.612710
vn -0.629442 0.481657 0.609761
vn -0.605307 0.523076 0.599995
vn -0.638571 0.480458 0.601155
vn -0.585264 0.534396 0.609826
vn -0.584200 0.533273 0.611825
vn -0.583447 0.532391 0.613309
vn -0.582107 0.530662 0.616075
vn -0.580745 0.528729 0.619016
vn -0.597104 0.529515 0.602562
vn -0.626791 0.496446 0.600562
vn -0.590188 0.543447 0.596945
vn -0.586542 0.535595 0.607541
vn -0.594010 0.534009 0.601653
vn -0.652099 0.459923 0.602692
vn -0.642081 0.486509 0.592488
vn -0.669587 0.436035 0.601271
vn -0.666677 0.438781 0.602506
vn -0.640109 0.485015 0.595837
vn -0.654786 0.437958 0.615994
vn -0.658801 0.437614 0.611944
vn -0.661627 0.437493 0.608974
vn -0.663177 0.437536 0.607255
vn -0.664180 0.437657 0.606071
vn -0.664997 0.437858 0.605028
vn -0.665384 0.438011 0.604492
vn -0.703801 0.372806 0.604714
vn -0.705319 0.375218 0.601445
vn -0.721142 0.346092 0.600146
vn -0.697153 0.387807 0.602979
vn -0.696126 0.384011 0.606584
vn -0.695265 0.383386 0.607966
vn -0.694700 0.382896 0.608919
vn -0.693566 0.381756 0.610925
vn -0.692317 0.380315 0.613235
vn -0.691224 0.378907 0.615337
vn -0.689391 0.376387 0.618929
vn -0.697485 0.384803 0.604517
vn -0.702284 0.380343 0.601778
vn -0.725234 0.330809 0.603823
vn -0.743946 0.282346 0.605661
vn -0.746377 0.282538 0.602573
vn -0.732738 0.329367 0.595494
vn -0.727015 0.331622 0.601229
vn -0.749157 0.276890 0.601744
vn -0.738823 0.268716 0.618007
vn -0.741585 0.268761 0.614670
vn -0.743513 0.268893 0.612278
vn -0.744957 0.269076 0.610440
vn -0.746181 0.269314 0.608838
vn -0.746900 0.269503 0.607872
vn -0.737322 0.304683 0.602930
vn -0.753418 0.268323 0.600304
vn -0.727016 0.331622 0.601228
vn -0.748534 0.270058 0.605611
vn -0.732875 0.334295 0.592572
vn -0.770385 0.211837 0.601359
vn -0.780042 0.178570 0.599706
vn -0.768983 0.213557 0.602543
vn -0.769117 0.211365 0.603145
vn -0.768526 0.210889 0.604064
vn -0.768298 0.210612 0.604451
vn -0.767454 0.209267 0.605988
vn -0.766397 0.207219 0.608026
vn -0.765205 0.204597 0.610411
vn -0.775733 0.154848 0.611769
vn -0.777934 0.155454 0.608813
vn -0.786644 0.135929 0.602258
vn -0.787237 0.100154 0.608463
vn -0.789535 0.100164 0.605476
vn -0.779016 0.154739 0.607609
vn -0.791958 0.106982 0.601130
vn -0.798091 0.085229 0.596479
vn -0.782255 0.162939 0.601272
vn -0.779690 0.164139 0.604270
vn -0.786207 0.134510 0.603146
vn -0.795212 0.090917 0.599476
vn -0.788655 0.087393 0.608593
vn -0.788163 0.165923 0.592679
vn -0.779468 0.087371 0.620319
vn -0.781972 0.087189 0.617185
vn -0.783964 0.087124 0.614663
vn -0.785597 0.087143 0.612571
vn -0.786742 0.087204 0.611091
vn -0.793241 0.094144 0.601586
vn -0.790640 -0.085422 0.606294
vn -0.797652 -0.035944 0.602046
vn -0.792525 -0.030870 0.609058
vn -0.794812 -0.030711 0.606078
vn -0.796234 -0.064011 0.601593
vn -0.786746 -0.086437 0.611195
vn -0.788990 -0.086861 0.608235
vn -0.796368 -0.042221 0.603337
vn -0.796034 -0.086771 0.598999
vn -0.790890 -0.018038 0.611692
vn -0.789153 -0.018100 0.613930
vn -0.787700 -0.018213 0.615790
vn -0.785277 -0.018497 0.618869
vn -0.793461 -0.093877 0.601337
vn -0.798470 -0.024394 0.601541
vn -0.792799 -0.018061 0.609215
vn -0.803920 -0.015519 0.594535
vn -0.782036 -0.135293 0.608371
vn -0.783642 -0.140120 0.605204
vn -0.784439 -0.142191 0.603686
vn -0.784943 -0.143182 0.602796
vn -0.785057 -0.143323 0.602614
vn -0.799186 -0.098966 0.592881
vn -0.786472 -0.143901 0.600629
vn -0.787566 -0.097527 0.608464
vn -0.783125 -0.138843 0.606166
vn -0.765381 -0.215968 0.606259
vn -0.767751 -0.216095 0.603209
vn -0.742829 -0.267253 0.613825
vn -0.744934 -0.268147 0.610877
vn -0.762644 -0.262540 0.591140
vn -0.770526 -0.210298 0.601718
vn -0.768811 -0.203421 0.606259
vn -0.767315 -0.216813 0.603507
vn -0.757640 -0.260347 0.598499
vn -0.775597 -0.201350 0.598253
vn -0.767166 -0.203015 0.608475
vn -0.765858 -0.202790 0.610195
vn -0.764906 -0.202686 0.611422
vn -0.762959 -0.202585 0.613883
vn -0.760770 -0.202588 0.616593
vn -0.758675 -0.202684 0.619137
vn -0.729631 -0.327460 0.600341
vn -0.728932 -0.322522 0.603852
vn -0.752351 -0.269244 0.601229
vn -0.758088 -0.271297 0.593043
vn -0.738460 -0.300609 0.603582
vn -0.720421 -0.314245 0.618258
vn -0.722492 -0.316937 0.614456
vn -0.724205 -0.318976 0.611377
vn -0.725311 -0.320132 0.609459
vn -0.726282 -0.321006 0.607841
vn -0.726969 -0.321520 0.606746
vn -0.727458 -0.321819 0.606001
vn -0.756242 -0.285899 0.588523
vn -0.700731 -0.377904 0.605116
vn -0.699866 -0.377620 0.606293
vn -0.699328 -0.377511 0.606981
vn -0.697900 -0.377364 0.608714
vn -0.696110 -0.377328 0.610782
vn -0.694427 -0.377398 0.612651
vn -0.691169 -0.377645 0.616174
vn -0.687717 -0.377993 0.619812
vn -0.681883 -0.421263 0.597974
vn -0.702044 -0.378555 0.603184
vn -0.702485 -0.376090 0.604212
vn -0.675686 -0.445465 0.587375
vn -0.666798 -0.423415 0.613270
vn -0.668797 -0.424522 0.610321
vn -0.639329 -0.472203 0.606863
vn -0.640927 -0.473907 0.603842
vn -0.680297 -0.430438 0.593228
vn -0.638424 -0.479986 0.601687
vn -0.678201 -0.422787 0.601078
vn -0.634309 -0.489206 0.598606
vn -0.653877 -0.456040 0.603715
vn -0.631533 -0.482532 0.606901
vn -0.624079 -0.474483 0.620799
vn -0.625888 -0.476881 0.617130
vn -0.627282 -0.478568 0.614403
vn -0.628439 -0.479836 0.612227
vn -0.629401 -0.480783 0.610493
vn -0.630115 -0.481414 0.609258
vn -0.682378 -0.431755 0.589870
vn -0.552163 -0.573632 0.605031
vn -0.550777 -0.569023 0.610621
vn -0.552501 -0.570528 0.607652
vn -0.515893 -0.608393 0.603085
vn -0.536806 -0.591934 0.601210
vn -0.509805 -0.606985 0.609646
vn -0.511098 -0.608872 0.606674
vn -0.504367 -0.624264 0.596580
vn -0.495634 -0.609009 0.619237
vn -0.496779 -0.610843 0.616507
vn -0.497856 -0.612427 0.614062
vn -0.498611 -0.613456 0.612420
vn -0.537118 -0.588980 0.603827
vn -0.558301 -0.558531 0.613468
vn -0.556813 -0.557181 0.616043
vn -0.555497 -0.556070 0.618231
vn -0.560438 -0.569411 0.601399
vn -0.508657 -0.616016 0.601491
vn -0.570672 -0.567980 0.593070
vn -0.559747 -0.559951 0.610851
vn -0.499855 -0.615019 0.609834
vn -0.399765 -0.692628 0.600379
vn -0.403545 -0.683848 0.607868
vn -0.404983 -0.685656 0.604868
vn -0.372032 -0.705502 0.603207
vn -0.352864 -0.707484 0.612334
vn -0.353744 -0.709589 0.609384
vn -0.354148 -0.709746 0.608967
vn -0.413575 -0.675622 0.610319
vn -0.412666 -0.674342 0.612347
vn -0.411900 -0.673368 0.613934
vn -0.410443 -0.671679 0.616753
vn -0.350694 -0.718032 0.601202
vn -0.408722 -0.669848 0.619879
vn -0.411748 -0.684477 0.601627
vn -0.414541 -0.677155 0.607962
vn -0.393936 -0.692894 0.603914
vn -0.357278 -0.718662 0.596554
vn -0.422016 -0.682850 0.596337
vn -0.303401 -0.734819 0.606621
vn -0.304585 -0.738081 0.602051
vn -0.353967 -0.722579 0.593790
vn -0.307208 -0.725611 0.615721
vn -0.305560 -0.730050 0.611278
vn -0.304591 -0.733009 0.608212
vn -0.304207 -0.734531 0.606566
vn -0.304056 -0.735517 0.605445
vn -0.304042 -0.736330 0.604464
vn -0.352122 -0.718812 0.599433
vn -0.304087 -0.736653 0.604048
vn -0.232808 -0.761373 0.605071
vn -0.234454 -0.763370 0.601912
vn -0.244997 -0.755966 0.607035
vn -0.244526 -0.754929 0.608514
vn -0.244128 -0.754207 0.609568
vn -0.243223 -0.752806 0.611658
vn -0.242047 -0.751217 0.614073
vn -0.240831 -0.749739 0.616353
vn -0.238921 -0.747558 0.619736
vn -0.231378 -0.762676 0.603978
vn -0.190061 -0.780211 0.595943
vn -0.250723 -0.760192 0.599371
vn -0.240336 -0.761654 0.601765
vn -0.245517 -0.757462 0.604957
vn -0.186233 -0.777684 0.600438
vn -0.185677 -0.779153 0.598702
vn -0.136364 -0.784257 0.605265
vn -0.135922 -0.786739 0.602135
vn -0.186094 -0.777106 0.601228
vn -0.123992 -0.777056 0.617098
vn -0.123455 -0.779716 0.613842
vn -0.123194 -0.781516 0.611601
vn -0.123072 -0.782985 0.609744
vn -0.123059 -0.784077 0.608342
vn -0.123100 -0.784778 0.607429
vn -0.120410 -0.791420 0.599297
vn -0.129872 -0.788048 0.601759
vn -0.186095 -0.777105 0.601229
vn -0.145302 -0.783627 0.604000
vn -0.123331 -0.786480 0.605176
vn -0.187340 -0.782308 0.594052
vn -0.062416 -0.793835 0.604921
vn -0.061918 -0.796225 0.601824
vn -0.013284 -0.803389 0.595306
vn -0.061721 -0.794842 0.603670
vn -0.061440 -0.794155 0.604602
vn -0.061258 -0.793868 0.604997
vn -0.060269 -0.792670 0.606665
vn -0.058966 -0.791357 0.608504
vn -0.057313 -0.789879 0.610579
vn -0.053928 -0.787014 0.614573
vn -0.004690 -0.793533 0.608510
vn -0.005008 -0.790730 0.612145
vn -0.005178 -0.793005 0.609193
vn 0.013867 -0.797727 0.602860
vn 0.050886 -0.792254 0.608066
vn 0.051337 -0.794514 0.605072
vn 0.044086 -0.798327 0.600608
vn -0.011728 -0.804130 0.594338
vn 0.067569 -0.799559 0.596774
vn 0.063703 -0.791245 0.608172
vn -0.011711 -0.798992 0.601227
vn 0.057918 -0.796683 0.601615
vn 0.061992 -0.782520 0.619531
vn 0.062646 -0.784860 0.616499
vn 0.063089 -0.786744 0.614047
vn 0.063374 -0.788274 0.612052
vn 0.063526 -0.789350 0.610648
vn 0.031128 -0.796354 0.604030
vn -0.011654 -0.799074 0.601120
vn 0.180451 -0.772016 0.609450
vn 0.180744 -0.774286 0.606476
vn 0.212128 -0.770346 0.601306
vn 0.233436 -0.760883 0.605446
vn 0.234079 -0.756384 0.610811
vn 0.234929 -0.758502 0.607851
vn 0.185616 -0.776059 0.602726
vn 0.167637 -0.785725 0.595428
vn 0.167545 -0.772779 0.612161
vn 0.167268 -0.771042 0.614423
vn 0.167082 -0.769462 0.616452
vn 0.166883 -0.766981 0.619589
vn 0.167939 -0.774694 0.609627
vn 0.246172 -0.752340 0.611052
vn 0.242565 -0.761253 0.601379
vn 0.206025 -0.769866 0.604036
vn 0.175304 -0.779395 0.601508
vn 0.251912 -0.763976 0.594038
vn 0.244225 -0.747141 0.618170
vn 0.244992 -0.748997 0.615615
vn 0.245498 -0.750341 0.613774
vn 0.357587 -0.712573 0.603632
vn 0.403352 -0.678955 0.613455
vn 0.404633 -0.680847 0.610508
vn 0.401730 -0.701572 0.588565
vn 0.356955 -0.710313 0.606661
vn 0.344791 -0.723524 0.598024
vn 0.352544 -0.716709 0.601698
vn 0.413890 -0.683690 0.601052
vn 0.344596 -0.714460 0.608933
vn 0.344098 -0.713168 0.610728
vn 0.370779 -0.705468 0.604018
vn 0.343770 -0.712137 0.612114
vn 0.343282 -0.710272 0.614550
vn 0.342807 -0.707992 0.617439
vn 0.342459 -0.705884 0.620040
vn 0.345318 -0.716019 0.606690
vn 0.455039 -0.654858 0.603408
vn 0.445163 -0.648568 0.617405
vn 0.448387 -0.649999 0.613556
vn 0.450829 -0.651215 0.610469
vn 0.452085 -0.651949 0.608754
vn 0.453066 -0.652633 0.607290
vn 0.453777 -0.653244 0.606102
vn 0.454066 -0.653550 0.605554
vn 0.413587 -0.695360 0.587724
vn 0.411165 -0.691287 0.594193
vn 0.412638 -0.689173 0.595626
vn 0.455155 -0.652480 0.605891
vn 0.503646 -0.616118 0.605590
vn 0.503156 -0.615282 0.606846
vn 0.502896 -0.614710 0.607640
vn 0.502411 -0.613326 0.609437
vn 0.501932 -0.611518 0.611645
vn 0.501604 -0.609902 0.613525
vn 0.501084 -0.606806 0.617010
vn 0.500621 -0.603547 0.620572
vn 0.502689 -0.622048 0.600299
vn 0.504552 -0.617297 0.603632
vn 0.517278 -0.606329 0.603977
vn 0.541929 -0.574248 0.613638
vn 0.543398 -0.575995 0.610695
vn 0.585023 -0.538472 0.606462
vn 0.587050 -0.539681 0.603421
vn 0.562945 -0.578967 0.589822
vn 0.552525 -0.584789 0.593918
vn 0.556749 -0.589258 0.585496
vn 0.601132 -0.530264 0.597880
vn 0.593732 -0.528838 0.606475
vn 0.543701 -0.585797 0.601025
vn 0.554178 -0.580838 0.596250
vn 0.581390 -0.545191 0.603948
vn 0.584700 -0.523356 0.619858
vn 0.587344 -0.524597 0.616299
vn 0.589169 -0.525560 0.613731
vn 0.590616 -0.526421 0.611600
vn 0.591674 -0.527136 0.609959
vn 0.592388 -0.527680 0.608794
vn 0.592282 -0.535863 0.601708
vn 0.667072 -0.433522 0.605866
vn 0.695256 -0.392121 0.602379
vn 0.662854 -0.432780 0.611004
vn 0.664661 -0.434176 0.608043
vn 0.681894 -0.416291 0.601433
vn 0.692872 -0.385666 0.609254
vn 0.694979 -0.386565 0.606277
vn 0.692382 -0.371471 0.618560
vn 0.694376 -0.372226 0.615865
vn 0.696013 -0.372923 0.613591
vn 0.697140 -0.373453 0.611987
vn 0.701241 -0.382660 0.601525
vn 0.653973 -0.442140 0.613866
vn 0.652283 -0.440878 0.616565
vn 0.650911 -0.439778 0.618798
vn 0.709841 -0.377292 0.594792
vn 0.665343 -0.442365 0.601359
vn 0.666555 -0.453231 0.591849
vn 0.668280 -0.444040 0.596850
vn 0.687378 -0.403545 0.603873
vn 0.655639 -0.443288 0.611256
vn 0.698895 -0.374369 0.609421
vn 0.764570 -0.213773 0.608057
vn 0.747649 -0.266524 0.608265
vn 0.749701 -0.267565 0.605274
vn 0.763197 -0.233393 0.602543
vn 0.761822 -0.212448 0.611958
vn 0.764059 -0.212907 0.609002
vn 0.755155 -0.262127 0.600859
vn 0.743152 -0.278559 0.608383
vn 0.771453 -0.208226 0.601250
vn 0.749673 -0.284329 0.597618
vn 0.750133 -0.274550 0.601601
vn 0.759533 -0.242004 0.603774
vn 0.741449 -0.277897 0.610760
vn 0.739961 -0.277227 0.612865
vn 0.738763 -0.276619 0.614582
vn 0.736787 -0.275507 0.617447
vn 0.734552 -0.274125 0.620717
vn 0.782777 -0.159214 0.601591
vn 0.774772 -0.162800 0.610920
vn 0.777840 -0.160660 0.607580
vn 0.779305 -0.159769 0.605935
vn 0.780315 -0.159278 0.604763
vn 0.777363 -0.208964 0.593330
vn 0.780997 -0.159061 0.603940
vn 0.781288 -0.159024 0.603573
vn 0.770590 -0.207143 0.602730
vn 0.781592 -0.157630 0.603545
vn 0.776227 -0.200560 0.597702
vn 0.801364 -0.036445 0.597066
vn 0.791390 -0.084368 0.605461
vn 0.793650 -0.085375 0.602354
vn 0.793843 -0.101959 0.599514
vn 0.788334 -0.097218 0.607518
vn 0.787163 -0.096949 0.609078
vn 0.786312 -0.096688 0.610217
vn 0.784706 -0.096079 0.612377
vn 0.782826 -0.095234 0.614910
vn 0.781040 -0.094325 0.617316
vn 0.778504 -0.092939 0.620721
vn 0.789938 -0.097448 0.605394
vn 0.794299 -0.068510 0.603652
vn 0.793412 -0.091613 0.601752
vn 0.797660 -0.033633 0.602169
vn 0.796176 0.014588 0.604889
vn 0.798579 0.015800 0.601683
vn 0.787157 0.025461 0.616227
vn 0.789638 0.026564 0.612998
vn 0.791280 0.027183 0.610849
vn 0.792568 0.027575 0.609160
vn 0.793604 0.027804 0.607799
vn 0.794253 0.027897 0.606947
vn 0.804390 -0.033918 0.593133
vn 0.799394 0.032396 0.599934
vn 0.798368 -0.033663 0.601228
vn 0.798369 0.021854 0.601772
vn 0.798368 -0.033664 0.601228
vn 0.795933 0.027994 0.604737
vn 0.800946 -0.024384 0.598239
vn 0.797048 0.020066 0.603582
vn 0.784021 0.023913 0.620274
vn 0.794434 0.086536 0.601154
vn 0.793185 0.090100 0.602279
vn 0.791771 0.090010 0.604150
vn 0.790993 0.090116 0.605153
vn 0.790546 0.090249 0.605716
vn 0.789263 0.090798 0.607306
vn 0.787688 0.091650 0.609218
vn 0.786122 0.092630 0.611090
vn 0.783025 0.094707 0.614738
vn 0.789954 0.108404 0.603507
vn 0.777057 0.144906 0.612523
vn 0.779323 0.145178 0.609573
vn 0.780460 0.162990 0.603586
vn 0.768547 0.200192 0.607666
vn 0.770676 0.201094 0.604665
vn 0.779415 0.145295 0.609427
vn 0.776091 0.193582 0.600174
vn 0.765136 0.212614 0.607751
vn 0.789027 0.142212 0.597673
vn 0.792463 0.142831 0.592960
vn 0.772468 0.218081 0.596434
vn 0.786764 0.139953 0.601178
vn 0.757206 0.209353 0.618717
vn 0.759263 0.210407 0.615832
vn 0.760969 0.211190 0.613453
vn 0.762368 0.211751 0.611520
vn 0.763348 0.212091 0.610178
vn 0.771245 0.207871 0.601640
vn 0.786220 0.152819 0.598752
vn 0.773104 0.195416 0.603425
vn 0.703652 0.373231 0.604626
vn 0.726593 0.328485 0.603457
vn 0.723544 0.323382 0.609843
vn 0.725712 0.324114 0.606870
vn 0.717057 0.352775 0.601148
vn 0.698569 0.373340 0.610425
vn 0.700484 0.374587 0.607459
vn 0.726705 0.310853 0.612593
vn 0.724980 0.310222 0.614953
vn 0.723413 0.309716 0.617049
vn 0.701450 0.382446 0.601418
vn 0.703209 0.392790 0.592633
vn 0.732062 0.319867 0.601474
vn 0.728528 0.311612 0.610037
vn 0.692312 0.384463 0.610649
vn 0.687693 0.381628 0.617607
vn 0.689314 0.382704 0.615129
vn 0.690505 0.383437 0.613334
vn 0.732809 0.322337 0.599242
vn 0.711078 0.361198 0.603245
vn 0.740435 0.314500 0.594008
vn 0.591328 0.526514 0.610830
vn 0.627630 0.496394 0.599728
vn 0.629553 0.484910 0.607063
vn 0.631612 0.485996 0.604048
vn 0.604638 0.518167 0.604909
vn 0.590410 0.524924 0.613083
vn 0.592019 0.526542 0.610137
vn 0.614005 0.509255 0.603040
vn 0.643821 0.475312 0.599644
vn 0.592815 0.535951 0.601104
vn 0.636906 0.482012 0.601677
vn 0.635916 0.473565 0.609382
vn 0.634703 0.472799 0.611239
vn 0.633677 0.472227 0.612744
vn 0.631877 0.471339 0.615281
vn 0.629698 0.470391 0.618234
vn 0.627524 0.469547 0.621080
vn 0.637323 0.474581 0.607118
vn 0.586472 0.544183 0.599930
vn 0.600505 0.536837 0.592622
vn 0.553230 0.560083 0.616639
vn 0.553873 0.563796 0.612666
vn 0.554431 0.566347 0.609801
vn 0.554882 0.567885 0.607958
vn 0.555279 0.568906 0.606639
vn 0.555653 0.569620 0.605626
vn 0.555927 0.570023 0.604995
vn 0.600880 0.537172 0.591937
vn 0.554906 0.573284 0.602847
vn 0.556963 0.571168 0.602958
vn 0.499104 0.620926 0.604439
vn 0.502721 0.621432 0.600910
vn 0.509224 0.610990 0.606120
vn 0.508490 0.610322 0.607409
vn 0.507933 0.609903 0.608295
vn 0.506641 0.609088 0.610186
vn 0.505041 0.608235 0.612359
vn 0.486650 0.632287 0.602814
vn 0.503348 0.607451 0.614528
vn 0.500726 0.606341 0.617757
vn 0.510253 0.612159 0.604072
vn 0.506562 0.617452 0.601787
vn 0.514622 0.611689 0.600833
vn 0.462088 0.659834 0.592532
vn 0.418023 0.676721 0.606058
vn 0.418761 0.678991 0.603001
vn 0.462344 0.646456 0.606904
vn 0.451808 0.659879 0.600357
vn 0.413524 0.682467 0.602691
vn 0.413879 0.683103 0.601726
vn 0.406876 0.683491 0.606046
vn 0.403456 0.673881 0.618956
vn 0.404111 0.676688 0.615458
vn 0.404648 0.678570 0.613027
vn 0.405182 0.680119 0.610954
vn 0.405629 0.681192 0.609461
vn 0.406021 0.681996 0.608299
vn 0.464847 0.649956 0.601227
vn 0.468612 0.655221 0.592527
vn 0.406471 0.689826 0.599101
vn 0.464847 0.649956 0.601228
vn 0.353481 0.715434 0.602665
vn 0.352777 0.715034 0.603552
vn 0.352648 0.714994 0.603675
vn 0.350149 0.714510 0.605699
vn 0.346431 0.714025 0.608403
vn 0.354250 0.716553 0.600882
vn 0.347035 0.714084 0.607989
vn 0.299428 0.736360 0.606726
vn 0.254153 0.757188 0.601725
vn 0.299185 0.732594 0.611387
vn 0.300205 0.734637 0.608429
vn 0.281060 0.747571 0.601784
vn 0.247450 0.753697 0.608860
vn 0.247917 0.755944 0.605876
vn 0.308245 0.737160 0.601315
vn 0.295006 0.743004 0.600764
vn 0.233668 0.750790 0.617829
vn 0.252860 0.757060 0.602430
vn 0.234000 0.752782 0.615276
vn 0.234352 0.754459 0.613082
vn 0.234645 0.755620 0.611539
vn 0.314009 0.741887 0.592454
vn 0.309719 0.731752 0.607135
vn 0.235855 0.768449 0.594861
vn 0.242801 0.761038 0.601556
vn 0.235202 0.757488 0.609009
vn 0.119947 0.784311 0.608661
vn 0.120557 0.786526 0.605676
vn 0.086289 0.793817 0.602004
vn 0.064223 0.788575 0.611575
vn 0.064241 0.790856 0.608621
vn 0.065467 0.791875 0.607163
vn 0.115124 0.790597 0.601417
vn 0.123801 0.789494 0.601142
vn 0.132593 0.782163 0.608803
vn 0.079657 0.794405 0.602142
vn 0.127391 0.788594 0.601574
vn 0.058224 0.796902 0.601297
vn 0.136921 0.791561 0.595553
vn 0.132265 0.780359 0.611184
vn 0.131879 0.778703 0.613375
vn 0.131491 0.777319 0.615211
vn 0.130763 0.775081 0.618183
vn 0.056108 0.803698 0.592386
vn 0.035410 0.798219 0.601326
vn 0.005240 0.798549 0.601908
vn 0.007932 0.799114 0.601127
vn 0.015648 0.791184 0.611378
vn 0.011364 0.794408 0.607278
vn 0.009507 0.795949 0.605289
vn 0.008620 0.796816 0.604160
vn 0.008155 0.797422 0.603367
vn 0.008086 0.797567 0.603176
vn 0.055412 0.793730 0.605741
vn -0.121717 0.782588 0.610525
vn -0.120012 0.790009 0.601235
vn -0.067069 0.792739 0.605860
vn -0.066649 0.795112 0.602790
vn -0.115054 0.796262 0.593911
vn -0.120018 0.790013 0.601228
vn -0.097566 0.792641 0.601831
vn -0.053950 0.792111 0.607988
vn -0.053984 0.790850 0.609624
vn -0.054074 0.789895 0.610853
vn -0.054352 0.788106 0.613135
vn -0.054802 0.785999 0.615794
vn -0.055307 0.784079 0.618193
vn -0.056129 0.781269 0.621665
vn -0.050914 0.797290 0.601445
vn -0.054032 0.793758 0.605829
vn -0.060441 0.796405 0.601736
vn -0.133772 0.798433 0.587035
vn -0.120018 0.790013 0.601228
vn -0.000000 0.000000 1.000000
vn 0.000000 0.000000 1.000000
vn 0.000000 0.000000 1.000000
vn 0.000000 0.000000 1.000000
vn 0.000000 0.000000 1.000000
vn -0.000000 0.000000 1.000000
vn 0.000000 0.000000 1.000000
vn 0.000000 0.000000 1.000000
vn 0.000000 0.000000 1.000000
vn -0.000000 0.000000 1.000000
vn 0.000000 0.000000 1.000000
vn 0.000000 0.000000 1.000000
vn -0.000000 0.000000 1.000000
vn 0.000000 0.000000 1.000000
vn 0.000000 0.000000 1.000000
vn 0.000000 0.000000 1.000000
vn -0.000000 0.000000 1.000000
vn 0.000000 0.000000 1.000000
vn 0.000000 0.000000 1.000000
vn 0.000000 0.000000 1.000000
vn -0.000000 0.000000 1.000000
vn 0.000000 0.000000 1.000000
vn 0.000000 0.000000 1.000000
vn 0.000000 0.000000 1.000000
vn 0.000000 0.000000 1.000000
vn -0.000000 0.000000 1.000000
vn 0.000000 0.000000 1.000000
vn 0.000000 0.000000 1.000000
vn -0.000000 0.000000 1.000000
vn 0.000000 0.000000 1.000000
vn 0.000000 0.000000 1.000000
vn 0.000000 0.000000 1.000000
vn 0.000000 0.000000 1.000000
vn -0.000000 0.000000 1.000000
vn 0.000000 0.000000 1.000000
vn 0.000000 0.000000 1.000000
vn -0.000000 0.000000 1.000000
vn 0.000000 0.000000 1.000000
vn 0.000000 0.000000 1.000000
vn -0.000000 0.000000 1.000000
vn 0.000000 0.000000 1.000000
vn -0.000000 0.000000 1.000000
vn 0.000000 0.000000 1.000000
vn -0.000000 0.000000 1.000000
vn 0.000000 0.000000 1.000000
vn -0.000000 0.000000 1.000000
vn 0.000000 0.000000 1.000000
vn -0.000000 0.000000 1.000000
vn -0.000000 0.000000 1.000000
vn 0.000000 0.000000 1.000000
vn 0.000000 0.000000 1.000000
vn 0.000000 0.000000 1.000000
vn -0.000000 0.000000 1.000000
vn 0.000000 0.000000 1.000000
vn -0.000000 0.000000 1.000000
vn -0.000000 0.000000 1.000000
vn -0.000000 0.000000 1.000000
vn 0.000000 0.000000 1.000000
vn 0.000000 0.000000 1.000000
vn -0.000000 0.000000 1.000000
vn -0.000000 0.000000 1.000000
vn 0.000000 0.000000 1.000000
vn 0.000000 0.000000 1.000000
vn -0.000000 0.000000 1.000000
vn -0.000000 0.000000 1.000000
vn 0.000000 0.000000 1.000000
vn 0.000000 0.000000 1.000000
vn -0.000000 0.000000 1.000000
vn 0.000000 0.000000 1.000000
vn 0.000000 0.000000 1.000000
vn -0.000000 0.000000 1.000000
vn -0.000000 0.000000 1.000000
vn 0.000000 0.000000 1.000000
vn 0.000000 0.000000 1.000000
vn -0.000000 0.000000 1.000000
vn 0.000000 0.000000 1.000000
vn 0.000000 0.000000 1.000000
vn 0.000000 0.000000 1.000000
vn -0.000000 0.000000 1.000000
vn 0.000000 0.000000 1.000000
vn 0.000000 0.000000 1.000000
vn 0.000000 0.000000 1.000000
vn 0.000000 0.000000 1.000000
vn -0.000000 0.000000 1.000000
vn 0.000000 0.000000 1.000000
vn 0.000000 0.000000 1.000000
vn -0.000000 0.000000 1.000000
vn 0.000000 0.000000 1.000000
vn 0.000000 0.000000 1.000000
vn 0.000000 0.000000 1.000000
vn -0.000000 0.000000 1.000000
vn 0.000000 0.000000 1.000000
vn 0.000000 0.000000 1.000000
vn 0.000000 0.000000 1.000000
vn 0.000000 0.000000 1.000000
vn -0.000000 0.000000 1.000000
vn 0.000000 0.000000 1.000000
vn 0.000000 0.000000 1.000000
vn -0.000000 0.000000 1.000000
vn 0.000000 0.000000 1.000000
vn 0.000000 0.000000 1.000000
vn 0.000000 0.000000 1.000000
vn -0.000000 0.000000 1.000000
vn 0.000000 0.000000 1.000000
vn 0.000000 0.000000 1.000000
vn 0.000000 0.000000 1.000000
vn 0.000000 0.000000 1.000000
vn -0.000000 0.000000 1.000000
vn -0.000000 0.000000 1.000000
vn 0.000000 0.000000 1.000000
vn -0.000000 0.000000 1.000000
vn 0.000000 0.000000 1.000000
vn -0.000000 0.000000 1.000000
vn 0.000000 0.000000 1.000000
vn -0.000000 0.000000 1.000000
vn 0.000000 0.000000 1.000000
vn 0.000000 0.000000 1.000000
vn -0.000000 0.000000 1.000000
vn 0.000000 0.000000 1.000000
vn 0.000000 0.000000 1.000000
vn 0.000000 0.000000 1.000000
vn -0.000000 0.000000 1.000000
vn 0.000000 0.000000 1.000000
vn 0.000000 0.000000 1.000000
vn 0.000000 0.000000 1.000000
vn -0.000000 0.000000 1.000000
vn 0.000000 0.000000 1.000000
vn 0.000000 0.000000 1.000000
vn 0.000000 0.000000 1.000000
vn -0.000000 0.000000 1.000000
vn 0.000000 0.000000 1.000000
vn 0.000000 0.000000 1.000000
vn 0.000000 0.000000 1.000000
vn -0.000000 0.000000 1.000000
vn 0.000000 0.000000 1.000000
vn 0.000000 0.000000 1.000000
vn 0.000000 0.000000 1.000000
vn -0.000000 0.000000 1.000000
vn 0.000000 0.000000 1.000000
vn 0.000000 0.000000 1.000000
vn 0.000000 0.000000 1.000000
vn -0.000000 0.000000 1.000000
vn 0.000000 0.000000 1.000000
vn 0.000000 0.000000 1.000000
vn 0.000000 0.000000 1.000000
vn -0.000000 0.000000 1.000000
vn 0.000000 0.000000 1.000000
vn 0.000000 0.000000 1.000000
vn 0.000000 0.000000 1.000000
vn -0.000000 0.000000 1.000000
vn 0.000000 0.000000 1.000000
vn 0.000000 0.000000 1.000000
vn -0.000000 0.000000 1.000000
vn 0.000000 0.000000 1.000000
vn 0.000000 0.000000 1.000000
vn 0.000000 0.000000 1.000000
vn -0.000000 0.000000 1.000000
vn 0.000000 0.000000 1.000000
vn -0.000000 0.000000 1.000000
vn -0.000000 0.000000 1.000000
vn 0.000000 0.000000 1.000000
vn 0.000000 0.000000 1.000000
vn -0.000000 0.000000 1.000000
vn -0.000000 0.000000 1.000000
vn 0.000000 0.000000 1.000000
vn 0.000000 0.000000 1.000000
vn 0.000000 0.000000 1.000000
vn -0.000000 0.000000 1.000000
vn -0.000000 0.000000 1.000000
vn -0.000000 0.000000 1.000000
vn 0.000000 0.000000 1.000000
vn -0.000000 0.000000 1.000000
vn 0.000000 0.000000 1.000000
vn -0.000000 0.000000 1.000000
vn 0.000000 0.000000 1.000000
vn 0.000000 0.000000 1.000000
vn -0.000000 0.000000 1.000000
vn -0.000000 0.000000 1.000000
vn 0.000000 0.000000 1.000000
vn -0.000000 0.000000 1.000000
vn 0.000000 0.000000 1.000000
vn 0.000000 0.000000 1.000000
vn -0.000000 0.000000 1.000000
vn 0.000000 0.000000 1.000000
vn 0.000000 0.000000 1.000000
vn -0.000000 0.000000 1.000000
vn 0.000000 0.000000 1.000000
vn -0.000000 0.000000 1.000000
vn -0.000000 0.000000 1.000000
vn 0.000000 0.000000 1.000000
vn 0.000000 0.000000 1.000000
vn 0.000000 0.000000 1.000000
vn -0.000000 0.000000 1.000000
vn 0.000000 0.000000 1.000000
vn 0.000000 0.000000 1.000000
vn 0.000000 0.000000 1.000000
vn -0.000000 0.000000 1.000000
vn 0.000000 0.000000 1.000000
vn 0.000000 0.000000 1.000000
vn 0.000000 0.000000 1.000000
vn -0.000000 0.000000 1.000000
vn -0.000000 0.000000 1.000000
vn 0.000000 0.000000 1.000000
vn 0.000000 0.000000 1.000000
vn -0.000000 0.000000 1.000000
vn 0.000000 0.000000 1.000000
vn 0.000000 0.000000 1.000000
vn -0.000000 0.000000 1.000000
vn 0.000000 0.000000 1.000000
vn 0.000000 0.000000 1.000000
vn 0.000000 0.000000 1.000000
vn -0.000000 0.000000 1.000000
vn 0.000000 0.000000 1.000000
vn 0.000000 0.000000 1.000000
vn 0.000000 0.000000 1.000000
vn -0.000000 0.000000 1.000000
vn 0.000000 0.000000 1.000000
vn 0.000000 0.000000 1.000000
vn 0.000000 0.000000 1.000000
vn -0.000000 0.000000 1.000000
vn 0.000000 0.000000 1.000000
vn 0.000000 0.000000 1.000000
vn 0.000000 0.000000 1.000000
vn 0.000000 0.000000 1.000000
vn 0.000000 0.000000 1.000000
vn -0.000000 0.000000 1.000000
vn -0.967690 0.252144 0.000000
vn -0.967693 0.252131 0.000000
vn -0.967690 0.252144 0.000000
vn -0.967693 0.252130 0.000000
vn -0.967693 0.252131 0.000000
vn -0.967690 0.252142 0.000000
vn -0.967693 0.252130 0.000000
vn -0.967692 0.252136 0.000000
vn -0.967690 0.252142 0.000000
vn -0.967692 0.252135 0.000000
vn -0.967692 0.252136 0.000000
vn -0.967692 0.252137 0.000000
vn -0.967692 0.252135 0.000000
vn -0.967691 0.252138 0.000000
vn -0.967692 0.252137 0.000000
vn -0.967691 0.252138 0.000000
vn -0.114217 0.993456 0.000000
vn -0.114217 0.993456 0.000000
vn -0.142559 0.989786 0.000000
vn -0.142559 0.989786 0.000000
vn -0.170791 0.985307 0.000000
vn -0.170791 0.985307 0.000000
vn 0.857201 0.514982 0.000000
vn 0.857201 0.514982 0.000000
vn 0.857204 0.514977 0.000000
vn 0.857204 0.514977 0.000000
vn 0.857203 0.514978 0.000000
vn 0.857203 0.514978 0.000000
vn 0.857202 0.514981 0.000000
vn 0.857202 0.514981 0.000000
vn 0.838603 0.544743 -0.000000
vn 0.798850 0.601530 -0.000000
vn 0.838603 0.544743 0.000000
vn 0.755877 0.654713 -0.000000
vn 0.798850 0.601530 0.000000
vn 0.706903 0.707311 -0.000000
vn 0.755878 0.654713 0.000000
vn 0.652410 0.757866 -0.000000
vn 0.706903 0.707311 0.000000
vn 0.602813 0.797882 -0.000000
vn 0.652410 0.757866 0.000000
vn 0.559453 0.828862 -0.000000
vn 0.602813 0.797882 0.000000
vn 0.515294 0.857013 -0.000000
vn 0.559453 0.828862 0.000000
vn 0.515294 0.857013 0.000000
vn 0.470299 0.882507 -0.000000
vn 0.470299 0.882507 0.000000
vn 0.424850 0.905264 -0.000000
vn 0.424850 0.905264 0.000000
vn 0.378915 0.925432 -0.000000
vn 0.378915 0.925432 0.000000
vn 0.332523 0.943095 -0.000000
vn 0.332523 0.943095 0.000000
vn 0.262581 0.964910 -0.000000
vn 0.262581 0.964910 0.000000
vn 0.168783 0.985653 -0.000000
vn 0.168783 0.985653 0.000000
vn 0.075099 0.997176 -0.000000
vn 0.075099 0.997176 0.000000
vn -0.017282 0.999851 0.000000
vn -0.017282 0.999851 0.000000
vn -0.104841 0.994489 0.000000
vn -0.104841 0.994489 0.000000
vn -0.184283 0.982873 0.000000
vn -0.184283 0.982873 0.000000
vn -0.256084 0.966655 0.000000
vn -0.256084 0.966655 0.000000
vn -0.320535 0.947237 0.000000
vn -0.320535 0.947237 0.000000
vn -0.378655 0.925538 0.000000
vn -0.378655 0.925538 0.000000
vn -0.430241 0.902714 0.000000
vn -0.430241 0.902714 0.000000
vn -0.476511 0.879169 0.000000
vn -0.517723 0.855548 0.000000
vn -0.476511 0.879169 0.000000
vn -0.571611 0.820525 0.000000
vn -0.517723 0.855548 0.000000
vn -0.632391 0.774649 0.000000
vn -0.571611 0.820524 0.000000
vn -0.687677 0.726017 0.000000
vn -0.632391 0.774649 0.000000
vn -0.740151 0.672441 0.000000
vn -0.687677 0.726017 0.000000
vn -0.786454 0.617648 0.000000
vn -0.740151 0.672441 0.000000
vn -0.825802 0.563961 0.000000
vn -0.786454 0.617648 0.000000
vn -0.859220 0.511606 0.000000
vn -0.825802 0.563961 0.000000
vn -0.859220 0.511606 0.000000
vn -0.874587 0.484869 0.000000
vn -0.874587 0.484869 0.000000
vn -0.874587 0.484869 0.000000
vn -0.874587 0.484869 0.000000
vn -0.874586 0.484871 0.000000
vn -0.874586 0.484871 0.000000
vn -0.874586 0.484871 0.000000
vn -0.874586 0.484871 0.000000
vn 0.136430 0.990650 -0.000000
vn 0.136430 0.990650 0.000000
vn 0.108065 0.994144 0.000000
vn 0.108065 0.994144 -0.000000
vn 0.079622 0.996825 0.000000
vn 0.079622 0.996825 -0.000000
vn 0.958342 0.285623 0.000000
vn 0.958342 0.285623 0.000000
vn 0.958342 0.285623 0.000000
vn 0.958342 0.285622 0.000000
vn 0.958342 0.285623 0.000000
vn 0.958342 0.285622 0.000000
vn 0.958343 0.285620 0.000000
vn 0.958343 0.285620 0.000000
vn 0.947718 0.319108 -0.000000
vn 0.923345 0.383971 -0.000000
vn 0.947718 0.319108 0.000000
vn 0.894933 0.446200 -0.000000
vn 0.923345 0.383971 0.000000
vn 0.860616 0.509255 -0.000000
vn 0.894933 0.446200 0.000000
vn 0.820359 0.571849 -0.000000
vn 0.860616 0.509255 0.000000
vn 0.782305 0.622895 -0.000000
vn 0.820359 0.571849 0.000000
vn 0.748021 0.663675 -0.000000
vn 0.782305 0.622895 0.000000
vn 0.712305 0.701870 -0.000000
vn 0.748021 0.663675 0.000000
vn 0.712305 0.701870 0.000000
vn 0.675025 0.737795 -0.000000
vn 0.675025 0.737795 0.000000
vn 0.636597 0.771197 -0.000000
vn 0.636597 0.771197 0.000000
vn 0.596990 0.802248 -0.000000
vn 0.596990 0.802248 0.000000
vn 0.556727 0.830696 -0.000000
vn 0.556727 0.830696 0.000000
vn 0.494334 0.869272 -0.000000
vn 0.494334 0.869272 0.000000
vn 0.408623 0.912703 -0.000000
vn 0.408623 0.912703 0.000000
vn 0.320765 0.947159 -0.000000
vn 0.320765 0.947159 0.000000
vn 0.231829 0.972757 -0.000000
vn 0.231829 0.972757 0.000000
vn 0.145800 0.989314 -0.000000
vn 0.145800 0.989314 0.000000
vn 0.065801 0.997833 -0.000000
vn 0.065801 0.997833 0.000000
vn -0.007550 0.999971 0.000000
vn -0.007550 0.999972 0.000000
vn -0.075004 0.997183 0.000000
vn -0.075004 0.997183 0.000000
vn -0.136528 0.990636 0.000000
vn -0.136528 0.990636 0.000000
vn -0.192332 0.981330 0.000000
vn -0.192332 0.981330 0.000000
vn -0.242657 0.970112 0.000000
vn -0.288844 0.957376 0.000000
vn -0.242657 0.970112 0.000000
vn -0.349537 0.936923 0.000000
vn -0.288844 0.957376 0.000000
vn -0.420028 0.907511 0.000000
vn -0.349537 0.936923 0.000000
vn -0.485505 0.874234 0.000000
vn -0.420028 0.907511 0.000000
vn -0.549590 0.835434 0.000000
vn -0.485505 0.874234 0.000000
vn -0.608192 0.793790 0.000000
vn -0.549590 0.835434 0.000000
vn -0.659657 0.751566 0.000000
vn -0.608192 0.793790 0.000000
vn -0.704876 0.709331 0.000000
vn -0.659657 0.751566 0.000000
vn -0.704876 0.709331 0.000000
vn -0.726528 0.687137 0.000000
vn -0.726528 0.687137 0.000000
vn -0.726524 0.687141 0.000000
vn -0.726524 0.687141 0.000000
vn -0.726527 0.687138 0.000000
vn -0.726527 0.687138 0.000000
vn -0.726529 0.687136 0.000000
vn -0.726529 0.687136 0.000000
vn 0.378502 0.925600 -0.000000
vn 0.378502 0.925600 0.000000
vn 0.351914 0.936032 0.000000
vn 0.351914 0.936032 -0.000000
vn 0.325008 0.945711 0.000000
vn 0.325008 0.945711 -0.000000
vn 0.999266 0.038319 0.000000
vn 0.999266 0.038319 0.000000
vn 0.999266 0.038318 0.000000
vn 0.999266 0.038318 0.000000
vn 0.999266 0.038320 0.000000
vn 0.999266 0.038319 0.000000
vn 0.999265 0.038320 0.000000
vn 0.999266 0.038319 0.000000
vn 0.997305 0.073367 -0.000000
vn 0.989834 0.142224 -0.000000
vn 0.997305 0.073367 0.000000
vn 0.977772 0.209672 -0.000000
vn 0.989835 0.142224 0.000000
vn 0.960220 0.279244 -0.000000
vn 0.977772 0.209672 0.000000
vn 0.936799 0.349868 -0.000000
vn 0.960220 0.279244 0.000000
vn 0.912640 0.408765 -0.000000
vn 0.936799 0.349868 0.000000
vn 0.889585 0.456770 -0.000000
vn 0.912640 0.408765 0.000000
vn 0.864440 0.502736 -0.000000
vn 0.889585 0.456770 0.000000
vn 0.864440 0.502736 0.000000
vn 0.837298 0.546747 -0.000000
vn 0.837298 0.546747 0.000000
vn 0.808413 0.588615 -0.000000
vn 0.808413 0.588615 0.000000
vn 0.777791 0.628523 -0.000000
vn 0.777791 0.628523 0.000000
vn 0.745692 0.666291 -0.000000
vn 0.745692 0.666291 0.000000
vn 0.695033 0.718978 -0.000000
vn 0.695033 0.718978 0.000000
vn 0.622714 0.782449 -0.000000
vn 0.622714 0.782449 0.000000
vn 0.546212 0.837647 -0.000000
vn 0.546212 0.837647 0.000000
vn 0.466485 0.884529 -0.000000
vn 0.466485 0.884529 0.000000
vn 0.387185 0.922002 -0.000000
vn 0.387185 0.922002 0.000000
vn 0.311991 0.950085 -0.000000
vn 0.311991 0.950085 0.000000
vn 0.241374 0.970432 -0.000000
vn 0.241374 0.970432 0.000000
vn 0.175363 0.984504 -0.000000
vn 0.175363 0.984504 0.000000
vn 0.114160 0.993462 -0.000000
vn 0.114160 0.993462 0.000000
vn 0.057900 0.998322 -0.000000
vn 0.057900 0.998322 0.000000
vn 0.006046 0.999982 -0.000000
vn -0.041694 0.999130 0.000000
vn 0.006046 0.999982 0.000000
vn -0.105644 0.994404 0.000000
vn -0.041694 0.999130 0.000000
vn -0.181006 0.983482 0.000000
vn -0.105644 0.994404 0.000000
vn -0.252824 0.967512 0.000000
vn -0.181006 0.983482 0.000000
vn -0.324710 0.945814 0.000000
vn -0.252824 0.967512 0.000000
vn -0.391521 0.920169 0.000000
vn -0.324710 0.945814 0.000000
vn -0.452119 0.891958 0.000000
vn -0.391521 0.920169 0.000000
vn -0.506258 0.862382 0.000000
vn -0.452119 0.891958 0.000000
vn -0.506258 0.862382 0.000000
vn -0.532822 0.846228 0.000000
vn -0.532822 0.846228 0.000000
vn -0.532820 0.846229 0.000000
vn -0.532820 0.846229 0.000000
vn -0.532815 0.846232 0.000000
vn -0.532815 0.846232 0.000000
vn -0.532821 0.846228 0.000000
vn -0.532821 0.846228 0.000000
vn 0.596801 0.802389 0.000000
vn 0.573632 0.819113 0.000000
vn 0.596801 0.802389 0.000000
vn 0.573632 0.819113 0.000000
vn 0.549999 0.835165 0.000000
vn 0.549999 0.835165 -0.000000
vn 0.977401 -0.211393 0.000000
vn 0.977401 -0.211393 0.000000
vn 0.977401 -0.211392 0.000000
vn 0.977401 -0.211392 0.000000
vn 0.977401 -0.211392 0.000000
vn 0.977401 -0.211392 0.000000
vn 0.977401 -0.211392 0.000000
vn 0.977401 -0.211392 0.000000
vn 0.984221 -0.176945 0.000000
vn 0.994106 -0.108409 0.000000
vn 0.984221 -0.176945 0.000000
vn 0.999194 -0.040133 0.000000
vn 0.994106 -0.108409 0.000000
vn 0.999497 0.031716 -0.000000
vn 0.999194 -0.040133 0.000000
vn 0.994374 0.105927 -0.000000
vn 0.999497 0.031716 0.000000
vn 0.985624 0.168955 -0.000000
vn 0.994374 0.105927 0.000000
vn 0.975229 0.221198 -0.000000
vn 0.985624 0.168955 0.000000
vn 0.962309 0.271958 -0.000000
vn 0.975229 0.221198 0.000000
vn 0.962309 0.271958 0.000000
vn 0.946967 0.321329 -0.000000
vn 0.946967 0.321329 0.000000
vn 0.929385 0.369111 -0.000000
vn 0.929385 0.369111 0.000000
vn 0.909681 0.415307 -0.000000
vn 0.909681 0.415307 0.000000
vn 0.887972 0.459898 -0.000000
vn 0.887972 0.459898 0.000000
vn 0.851971 0.523588 -0.000000
vn 0.851971 0.523588 0.000000
vn 0.797766 0.602967 -0.000000
vn 0.797766 0.602967 0.000000
vn 0.737410 0.675445 -0.000000
vn 0.737410 0.675445 0.000000
vn 0.671791 0.740741 -0.000000
vn 0.671791 0.740741 0.000000
vn 0.604338 0.796728 -0.000000
vn 0.604338 0.796728 0.000000
vn 0.538492 0.842630 -0.000000
vn 0.538492 0.842630 0.000000
vn 0.475028 0.879971 -0.000000
vn 0.475028 0.879971 0.000000
vn 0.414733 0.909943 -0.000000
vn 0.414733 0.909943 0.000000
vn 0.357685 0.933842 -0.000000
vn 0.357685 0.933842 0.000000
vn 0.304120 0.952634 -0.000000
vn 0.304120 0.952634 0.000000
vn 0.254469 0.967081 -0.000000
vn 0.208468 0.978029 -0.000000
vn 0.254469 0.967081 0.000000
vn 0.144951 0.989439 -0.000000
vn 0.208468 0.978029 0.000000
vn 0.069254 0.997599 -0.000000
vn 0.144951 0.989439 0.000000
vn -0.004377 0.999990 0.000000
vn 0.069254 0.997599 0.000000
vn -0.079154 0.996862 0.000000
vn -0.004377 0.999990 0.000000
vn -0.150472 0.988614 0.000000
vn -0.079154 0.996862 0.000000
vn -0.216071 0.976378 0.000000
vn -0.150472 0.988614 0.000000
vn -0.275894 0.961188 0.000000
vn -0.216071 0.976378 0.000000
vn -0.275894 0.961188 0.000000
vn -0.305622 0.952153 0.000000
vn -0.305622 0.952153 0.000000
vn -0.305636 0.952149 0.000000
vn -0.305636 0.952148 0.000000
vn -0.305627 0.952151 0.000000
vn -0.305627 0.952151 0.000000
vn -0.305632 0.952150 0.000000
vn -0.305632 0.952150 0.000000
vn 0.777602 0.628757 0.000000
vn 0.759315 0.650723 0.000000
vn 0.777602 0.628757 0.000000
vn 0.759315 0.650723 0.000000
vn 0.740409 0.672157 0.000000
vn 0.740409 0.672157 -0.000000
vn 0.894122 -0.447823 0.000000
vn 0.894122 -0.447823 0.000000
vn 0.894125 -0.447817 0.000000
vn 0.894125 -0.447817 0.000000
vn 0.894122 -0.447823 0.000000
vn 0.894122 -0.447823 0.000000
vn 0.894125 -0.447817 0.000000
vn 0.894125 -0.447817 0.000000
vn 0.909267 -0.416214 0.000000
vn 0.935918 -0.352217 0.000000
vn 0.909267 -0.416214 0.000000
vn 0.957838 -0.287310 0.000000
vn 0.935918 -0.352217 0.000000
vn 0.975969 -0.217908 0.000000
vn 0.957838 -0.287310 0.000000
vn 0.989477 -0.144691 0.000000
vn 0.975969 -0.217908 0.000000
vn 0.996680 -0.081422 0.000000
vn 0.989477 -0.144691 0.000000
vn 0.999599 -0.028317 0.000000
vn 0.996680 -0.081422 0.000000
vn 0.999709 0.024104 -0.000000
vn 0.999599 -0.028317 0.000000
vn 0.999709 0.024104 0.000000
vn 0.997129 0.075715 -0.000000
vn 0.997129 0.075715 0.000000
vn 0.991980 0.126394 -0.000000
vn 0.991980 0.126394 0.000000
vn 0.984386 0.176023 -0.000000
vn 0.984386 0.176023 0.000000
vn 0.974449 0.224607 -0.000000
vn 0.974449 0.224607 0.000000
vn 0.955415 0.295267 -0.000000
vn 0.955415 0.295267 0.000000
vn 0.922659 0.385617 -0.000000
vn 0.922659 0.385617 0.000000
vn 0.882174 0.470923 -0.000000
vn 0.882174 0.470923 0.000000
vn 0.834922 0.550368 -0.000000
vn 0.834922 0.550368 0.000000
vn 0.783486 0.621409 -0.000000
vn 0.783486 0.621409 0.000000
vn 0.731103 0.682267 -0.000000
vn 0.731103 0.682267 0.000000
vn 0.678999 0.734140 -0.000000
vn 0.678999 0.734140 0.000000
vn 0.627951 0.778253 -0.000000
vn 0.627951 0.778253 0.000000
vn 0.578642 0.815582 -0.000000
vn 0.578642 0.815582 0.000000
vn 0.531660 0.846958 -0.000000
vn 0.531660 0.846958 0.000000
vn 0.486947 0.873431 -0.000000
vn 0.445104 0.895479 -0.000000
vn 0.486947 0.873431 0.000000
vn 0.386405 0.922329 -0.000000
vn 0.445104 0.895479 0.000000
vn 0.315176 0.949033 -0.000000
vn 0.386405 0.922329 0.000000
vn 0.244595 0.969625 -0.000000
vn 0.315176 0.949033 0.000000
vn 0.171125 0.985249 -0.000000
vn 0.244595 0.969625 0.000000
vn 0.100122 0.994975 -0.000000
vn 0.171125 0.985249 0.000000
vn 0.033631 0.999434 -0.000000
vn 0.100122 0.994975 0.000000
vn -0.028380 0.999597 0.000000
vn 0.033631 0.999434 0.000000
vn -0.028380 0.999597 0.000000
vn -0.059239 0.998244 0.000000
vn -0.059239 0.998244 0.000000
vn -0.059234 0.998244 0.000000
vn -0.059234 0.998244 0.000000
vn -0.059233 0.998244 0.000000
vn -0.059233 0.998244 0.000000
vn -0.059239 0.998244 0.000000
vn -0.059239 0.998244 0.000000
vn 0.909537 0.415622 -0.000000
vn 0.909537 0.415622 0.000000
vn 0.897289 0.441445 0.000000
vn 0.897289 0.441445 -0.000000
vn 0.884307 0.466906 0.000000
vn 0.884307 0.466906 -0.000000
vn 0.754665 -0.656110 0.000000
vn 0.754665 -0.656110 0.000000
vn 0.754662 -0.656114 0.000000
vn 0.754662 -0.656114 0.000000
vn 0.754667 -0.656108 0.000000
vn 0.754667 -0.656108 0.000000
vn 0.754663 -0.656112 0.000000
vn 0.754663 -0.656112 0.000000
vn 0.777231 -0.629215 0.000000
vn 0.818896 -0.573942 0.000000
vn 0.777231 -0.629215 0.000000
vn 0.856316 -0.516452 0.000000
vn 0.818896 -0.573942 0.000000
vn 0.891132 -0.453744 0.000000
vn 0.856316 -0.516452 0.000000
vn 0.922395 -0.386248 0.000000
vn 0.891132 -0.453744 0.000000
vn 0.945104 -0.326771 0.000000
vn 0.922395 -0.386248 0.000000
vn 0.961154 -0.276014 0.000000
vn 0.945104 -0.326771 0.000000
vn 0.974307 -0.225225 0.000000
vn 0.961154 -0.276014 0.000000
vn 0.974307 -0.225225 0.000000
vn 0.984633 -0.174636 0.000000
vn 0.984633 -0.174636 0.000000
vn 0.992248 -0.124275 0.000000
vn 0.992248 -0.124275 0.000000
vn 0.997239 -0.074255 0.000000
vn 0.997239 -0.074255 0.000000
vn 0.999691 -0.024856 0.000000
vn 0.999691 -0.024856 0.000000
vn 0.998828 0.048411 -0.000000
vn 0.998828 0.048411 0.000000
vn 0.989572 0.144041 -0.000000
vn 0.989572 0.144041 0.000000
vn 0.971587 0.236684 -0.000000
vn 0.971587 0.236684 0.000000
vn 0.945545 0.325492 -0.000000
vn 0.945545 0.325492 0.000000
vn 0.913424 0.407008 -0.000000
vn 0.913424 0.407008 0.000000
vn 0.877813 0.479004 -0.000000
vn 0.877813 0.479004 0.000000
vn 0.840243 0.542210 -0.000000
vn 0.840243 0.542210 0.000000
vn 0.801699 0.597728 -0.000000
vn 0.801699 0.597728 0.000000
vn 0.763328 0.646011 -0.000000
vn 0.763328 0.646011 0.000000
vn 0.725533 0.688188 -0.000000
vn 0.725533 0.688188 0.000000
vn 0.688918 0.724839 -0.000000
vn 0.653832 0.756640 -0.000000
vn 0.688918 0.724839 0.000000
vn 0.603736 0.797184 -0.000000
vn 0.653832 0.756640 0.000000
vn 0.541243 0.840866 -0.000000
vn 0.603736 0.797184 0.000000
vn 0.477983 0.878369 -0.000000
vn 0.541243 0.840866 0.000000
vn 0.410680 0.911780 -0.000000
vn 0.477982 0.878369 0.000000
vn 0.344397 0.938824 -0.000000
vn 0.410680 0.911779 0.000000
vn 0.281136 0.959668 -0.000000
vn 0.344397 0.938824 0.000000
vn 0.221312 0.975203 -0.000000
vn 0.281136 0.959668 0.000000
vn 0.221312 0.975203 0.000000
vn 0.190873 0.981615 0.000000
vn 0.190873 0.981615 -0.000000
vn 0.190881 0.981613 -0.000000
vn 0.190881 0.981613 -0.000000
vn 0.190871 0.981615 -0.000000
vn 0.190871 0.981615 -0.000000
vn 0.190878 0.981614 -0.000000
vn 0.190878 0.981614 -0.000000
vn 0.984323 0.176375 0.000000
vn 0.978882 0.204428 0.000000
vn 0.984323 0.176375 0.000000
vn 0.972641 0.232315 0.000000
vn 0.978882 0.204428 0.000000
vn 0.972641 0.232315 0.000000
vn 0.567788 -0.823175 0.000000
vn 0.567788 -0.823175 0.000000
vn 0.567787 -0.823175 0.000000
vn 0.567787 -0.823175 0.000000
vn 0.567787 -0.823175 0.000000
vn 0.567787 -0.823175 0.000000
vn 0.567785 -0.823177 0.000000
vn 0.567785 -0.823177 0.000000
vn 0.596270 -0.802784 0.000000
vn 0.650500 -0.759506 0.000000
vn 0.596270 -0.802784 0.000000
vn 0.700966 -0.713194 0.000000
vn 0.650500 -0.759506 0.000000
vn 0.750295 -0.661103 0.000000
vn 0.700966 -0.713194 0.000000
vn 0.797348 -0.603520 0.000000
vn 0.750295 -0.661103 0.000000
vn 0.834159 -0.551524 0.000000
vn 0.797348 -0.603520 0.000000
vn 0.862272 -0.506445 0.000000
vn 0.834159 -0.551524 0.000000
vn 0.887681 -0.460458 0.000000
vn 0.862272 -0.506445 0.000000
vn 0.887681 -0.460458 0.000000
vn 0.910291 -0.413969 0.000000
vn 0.910291 -0.413969 0.000000
vn 0.930186 -0.367088 0.000000
vn 0.930186 -0.367088 0.000000
vn 0.947444 -0.319921 0.000000
vn 0.947444 -0.319921 0.000000
vn 0.962101 -0.272693 0.000000
vn 0.962101 -0.272693 0.000000
vn 0.979477 -0.201555 0.000000
vn 0.979477 -0.201555 0.000000
vn 0.994310 -0.106527 0.000000
vn 0.994310 -0.106527 0.000000
vn 0.999923 -0.012376 0.000000
vn 0.999923 -0.012376 0.000000
vn 0.996789 0.080078 -0.000000
vn 0.996789 0.080078 0.000000
vn 0.985943 0.167082 -0.000000
vn 0.985943 0.167082 0.000000
vn 0.969364 0.245628 -0.000000
vn 0.969364 0.245628 0.000000
vn 0.948669 0.316269 -0.000000
vn 0.948669 0.316270 0.000000
vn 0.925181 0.379526 -0.000000
vn 0.925181 0.379526 0.000000
vn 0.899990 0.435911 -0.000000
vn 0.899990 0.435911 0.000000
vn 0.873938 0.486037 -0.000000
vn 0.873938 0.486037 0.000000
vn 0.847500 0.530795 -0.000000
vn 0.821363 0.570406 -0.000000
vn 0.847500 0.530795 0.000000
vn 0.783025 0.621990 -0.000000
vn 0.821363 0.570406 0.000000
vn 0.733312 0.679892 -0.000000
vn 0.783025 0.621990 0.000000
vn 0.733312 0.679892 0.000000
vn 0.681433 0.731880 0.000000
vn 0.624597 0.780947 -0.000000
vn 0.681433 0.731880 0.000000
vn 0.567042 0.823689 -0.000000
vn 0.624597 0.780947 0.000000
vn 0.511019 0.859569 -0.000000
vn 0.567042 0.823689 0.000000
vn 0.456731 0.889605 -0.000000
vn 0.511019 0.859569 0.000000
vn 0.456731 0.889605 0.000000
vn 0.428997 0.903306 -0.000000
vn 0.428997 0.903306 -0.000000
vn 0.428999 0.903305 -0.000000
vn 0.428999 0.903305 -0.000000
vn 0.428999 0.903305 -0.000000
vn 0.428999 0.903305 -0.000000
vn 0.428995 0.903307 -0.000000
vn 0.428995 0.903307 -0.000000
vn 0.997261 -0.073957 0.000000
vn 0.997261 -0.073957 0.000000
vn 0.998967 -0.045434 0.000000
vn 0.998967 -0.045434 0.000000
vn 0.999858 -0.016867 0.000000
vn 0.999858 -0.016867 0.000000
vn 0.345240 -0.938515 0.000000
vn 0.345240 -0.938515 0.000000
vn 0.345230 -0.938518 0.000000
vn 0.345230 -0.938518 0.000000
vn 0.345238 -0.938515 0.000000
vn 0.345238 -0.938515 0.000000
vn 0.345232 -0.938517 0.000000
vn 0.345232 -0.938517 0.000000
vn 0.377967 -0.925819 0.000000
vn 0.441118 -0.897449 0.000000
vn 0.377967 -0.925819 0.000000
vn 0.501425 -0.865201 0.000000
vn 0.441118 -0.897449 0.000000
vn 0.562416 -0.826854 0.000000
vn 0.501425 -0.865201 0.000000
vn 0.622185 -0.782870 0.000000
vn 0.562416 -0.826854 0.000000
vn 0.670827 -0.741613 0.000000
vn 0.622185 -0.782870 0.000000
vn 0.709292 -0.704915 0.000000
vn 0.670827 -0.741614 0.000000
vn 0.745317 -0.666710 0.000000
vn 0.709292 -0.704915 0.000000
vn 0.745317 -0.666710 0.000000
vn 0.778650 -0.627458 0.000000
vn 0.778650 -0.627458 0.000000
vn 0.809642 -0.586923 0.000000
vn 0.809642 -0.586923 0.000000
vn 0.838121 -0.545484 0.000000
vn 0.838121 -0.545484 0.000000
vn 0.864071 -0.503370 0.000000
vn 0.864071 -0.503370 0.000000
vn 0.898605 -0.438758 0.000000
vn 0.898605 -0.438758 0.000000
vn 0.936559 -0.350511 0.000000
vn 0.936559 -0.350511 0.000000
vn 0.965437 -0.260637 0.000000
vn 0.965437 -0.260637 0.000000
vn 0.985391 -0.170305 0.000000
vn 0.985391 -0.170305 0.000000
vn 0.996517 -0.083387 0.000000
vn 0.996517 -0.083387 0.000000
vn 0.999995 -0.003154 0.000000
vn 0.999995 -0.003154 0.000000
vn 0.997516 0.070445 -0.000000
vn 0.997516 0.070445 0.000000
vn 0.990506 0.137468 -0.000000
vn 0.990506 0.137468 0.000000
vn 0.980125 0.198382 -0.000000
vn 0.980125 0.198382 0.000000
vn 0.967323 0.253546 -0.000000
vn 0.967323 0.253546 0.000000
vn 0.952907 0.303262 -0.000000
vn 0.937410 0.348229 -0.000000
vn 0.952907 0.303262 0.000000
vn 0.913098 0.407741 -0.000000
vn 0.937410 0.348229 0.000000
vn 0.879410 0.476064 -0.000000
vn 0.913098 0.407741 0.000000
vn 0.842014 0.539456 -0.000000
vn 0.879410 0.476064 0.000000
vn 0.799230 0.601025 -0.000000
vn 0.842014 0.539456 0.000000
vn 0.753983 0.656893 -0.000000
vn 0.799230 0.601025 0.000000
vn 0.708791 0.705419 -0.000000
vn 0.753983 0.656893 0.000000
vn 0.663575 0.748110 -0.000000
vn 0.708791 0.705419 0.000000
vn 0.663575 0.748110 0.000000
vn 0.640162 0.768240 0.000000
vn 0.640162 0.768240 -0.000000
vn 0.640163 0.768239 -0.000000
vn 0.640163 0.768239 -0.000000
vn 0.640162 0.768240 -0.000000
vn 0.640162 0.768240 -0.000000
vn 0.640163 0.768239 -0.000000
vn 0.640163 0.768239 -0.000000
vn 0.947538 -0.319644 0.000000
vn 0.947538 -0.319644 0.000000
vn 0.956284 -0.292441 0.000000
vn 0.956284 -0.292441 0.000000
vn 0.964251 -0.264991 0.000000
vn 0.964251 -0.264991 0.000000
vn 0.100991 -0.994887 0.000000
vn 0.100991 -0.994887 0.000000
vn 0.100993 -0.994887 0.000000
vn 0.100993 -0.994887 0.000000
vn 0.100984 -0.994888 0.000000
vn 0.100984 -0.994888 0.000000
vn 0.100987 -0.994888 0.000000
vn 0.100987 -0.994888 0.000000
vn 0.135825 -0.990733 0.000000
vn 0.204195 -0.978930 0.000000
vn 0.135825 -0.990733 0.000000
vn 0.270579 -0.962698 0.000000
vn 0.204195 -0.978930 0.000000
vn 0.339024 -0.940778 0.000000
vn 0.270579 -0.962698 0.000000
vn 0.407991 -0.912986 0.000000
vn 0.339024 -0.940778 0.000000
vn 0.465236 -0.885187 0.000000
vn 0.407991 -0.912986 0.000000
vn 0.511696 -0.859167 0.000000
vn 0.465236 -0.885187 0.000000
vn 0.556119 -0.831103 0.000000
vn 0.511696 -0.859167 0.000000
vn 0.556119 -0.831103 0.000000
vn 0.598079 -0.801437 0.000000
vn 0.598079 -0.801437 0.000000
vn 0.638394 -0.769710 0.000000
vn 0.638394 -0.769710 0.000000
vn 0.676014 -0.736889 0.000000
vn 0.676014 -0.736889 0.000000
vn 0.711789 -0.702393 0.000000
vn 0.711789 -0.702393 0.000000
vn 0.761236 -0.648475 0.000000
vn 0.761236 -0.648475 0.000000
vn 0.819985 -0.572385 0.000000
vn 0.819985 -0.572385 0.000000
vn 0.870294 -0.492533 0.000000
vn 0.870294 -0.492533 0.000000
vn 0.912062 -0.410053 0.000000
vn 0.912062 -0.410053 0.000000
vn 0.944479 -0.328571 0.000000
vn 0.944479 -0.328571 0.000000
vn 0.967804 -0.251705 0.000000
vn 0.967804 -0.251705 0.000000
vn 0.983684 -0.179903 0.000000
vn 0.983684 -0.179903 0.000000
vn 0.993575 -0.113178 0.000000
vn 0.993575 -0.113178 0.000000
vn 0.998668 -0.051598 0.000000
vn 0.998668 -0.051598 0.000000
vn 0.999987 0.005018 -0.000000
vn 0.999987 0.005018 0.000000
vn 0.998387 0.056774 -0.000000
vn 0.994562 0.104144 -0.000000
vn 0.998387 0.056774 0.000000
vn 0.985812 0.167852 -0.000000
vn 0.994562 0.104144 0.000000
vn 0.970163 0.242455 -0.000000
vn 0.985812 0.167852 0.000000
vn 0.949738 0.313047 -0.000000
vn 0.970163 0.242455 0.000000
vn 0.923554 0.383469 -0.000000
vn 0.949738 0.313047 0.000000
vn 0.893749 0.448567 -0.000000
vn 0.923554 0.383469 0.000000
vn 0.861880 0.507112 -0.000000
vn 0.893749 0.448567 0.000000
vn 0.828782 0.559571 -0.000000
vn 0.861880 0.507112 0.000000
vn 0.828782 0.559571 0.000000
vn 0.811107 0.584898 -0.000000
vn 0.811107 0.584898 -0.000000
vn 0.811103 0.584903 -0.000000
vn 0.811103 0.584903 -0.000000
vn 0.811104 0.584902 -0.000000
vn 0.811104 0.584902 -0.000000
vn 0.811104 0.584902 -0.000000
vn 0.811104 0.584902 -0.000000
vn 0.838278 -0.545244 0.000000
vn 0.838278 -0.545244 0.000000
vn 0.853517 -0.521065 0.000000
vn 0.853517 -0.521065 0.000000
vn 0.868053 -0.496471 0.000000
vn 0.868053 -0.496471 0.000000
vn -0.149607 -0.988745 -0.000000
vn -0.149607 -0.988746 -0.000000
vn -0.149603 -0.988746 -0.000000
vn -0.149603 -0.988746 0.000000
vn -0.149605 -0.988746 -0.000000
vn -0.149605 -0.988746 0.000000
vn -0.149608 -0.988745 -0.000000
vn -0.149608 -0.988745 0.000000
vn -0.114672 -0.993403 0.000000
vn -0.045866 -0.998948 0.000000
vn -0.114672 -0.993403 0.000000
vn 0.022845 -0.999739 0.000000
vn -0.045866 -0.998948 0.000000
vn 0.094376 -0.995537 0.000000
vn 0.022845 -0.999739 0.000000
vn 0.094376 -0.995537 0.000000
vn 0.168147 -0.985762 0.000000
vn 0.168147 -0.985762 0.000000
vn 0.230346 -0.973109 0.000000
vn 0.230346 -0.973109 0.000000
vn 0.282139 -0.959373 0.000000
vn 0.282140 -0.959373 0.000000
vn 0.331848 -0.943333 0.000000
vn 0.331848 -0.943333 0.000000
vn 0.380025 -0.924976 0.000000
vn 0.380025 -0.924976 0.000000
vn 0.426740 -0.904374 0.000000
vn 0.426740 -0.904374 0.000000
vn 0.471777 -0.881718 0.000000
vn 0.471777 -0.881718 0.000000
vn 0.514707 -0.857366 0.000000
vn 0.514707 -0.857366 0.000000
vn 0.576052 -0.817413 0.000000
vn 0.576052 -0.817413 0.000000
vn 0.651900 -0.758305 0.000000
vn 0.651900 -0.758305 0.000000
vn 0.720437 -0.693520 0.000000
vn 0.720437 -0.693520 0.000000
vn 0.781451 -0.623967 0.000000
vn 0.781451 -0.623967 0.000000
vn 0.833068 -0.553171 0.000000
vn 0.833068 -0.553171 0.000000
vn 0.874783 -0.484515 0.000000
vn 0.874783 -0.484515 0.000000
vn 0.908053 -0.418856 0.000000
vn 0.908053 -0.418856 0.000000
vn 0.934227 -0.356678 0.000000
vn 0.934227 -0.356678 0.000000
vn 0.954446 -0.298383 0.000000
vn 0.954446 -0.298383 0.000000
vn 0.969821 -0.243820 0.000000
vn 0.969821 -0.243820 0.000000
vn 0.981141 -0.193295 0.000000
vn 0.989219 -0.146446 0.000000
vn 0.981141 -0.193295 0.000000
vn 0.996584 -0.082591 0.000000
vn 0.989219 -0.146446 0.000000
vn 0.999979 -0.006430 0.000000
vn 0.996584 -0.082591 0.000000
vn 0.999979 -0.006430 0.000000
vn 0.997750 0.067048 0.000000
vn 0.997750 0.067048 0.000000
vn 0.989914 0.141667 0.000000
vn 0.989914 0.141667 0.000000
vn 0.977203 0.212306 0.000000
vn 0.977203 0.212306 0.000000
vn 0.960926 0.276806 0.000000
vn 0.941909 0.335867 -0.000000
vn 0.960926 0.276806 0.000000
vn 0.941909 0.335867 0.000000
vn 0.931081 0.364813 -0.000000
vn 0.931081 0.364813 -0.000000
vn 0.931080 0.364815 -0.000000
vn 0.931080 0.364815 -0.000000
vn 0.931082 0.364810 -0.000000
vn 0.931082 0.364810 -0.000000
vn 0.931081 0.364812 -0.000000
vn 0.931081 0.364812 -0.000000
vn 0.676344 -0.736586 0.000000
vn 0.697114 -0.716960 0.000000
vn 0.676344 -0.736586 0.000000
vn 0.697114 -0.716960 0.000000
vn 0.717321 -0.696743 0.000000
vn 0.717321 -0.696743 0.000000
vn -0.390791 -0.920479 -0.000000
vn -0.390791 -0.920479 0.000000
vn -0.390799 -0.920476 -0.000000
vn -0.390799 -0.920476 0.000000
vn -0.390793 -0.920478 -0.000000
vn -0.390799 -0.920476 -0.000000
vn -0.390793 -0.920478 0.000000
vn -0.390799 -0.920476 -0.000000
vn -0.358177 -0.933654 0.000000
vn -0.292747 -0.956190 0.000000
vn -0.358177 -0.933654 0.000000
vn -0.226664 -0.973973 0.000000
vn -0.292747 -0.956190 0.000000
vn -0.156086 -0.987743 0.000000
vn -0.226664 -0.973973 0.000000
vn -0.082410 -0.996599 0.000000
vn -0.156086 -0.987743 0.000000
vn -0.018558 -0.999828 0.000000
vn -0.082410 -0.996599 0.000000
vn 0.034304 -0.999411 0.000000
vn -0.018558 -0.999828 0.000000
vn 0.086885 -0.996218 0.000000
vn 0.034304 -0.999411 0.000000
vn 0.086885 -0.996218 0.000000
vn 0.138349 -0.990384 0.000000
vn 0.138349 -0.990384 0.000000
vn 0.188319 -0.982108 0.000000
vn 0.188319 -0.982108 0.000000
vn 0.237675 -0.971345 0.000000
vn 0.237675 -0.971345 0.000000
vn 0.285191 -0.958471 0.000000
vn 0.285191 -0.958471 0.000000
vn 0.354689 -0.934984 0.000000
vn 0.354689 -0.934984 0.000000
vn 0.442853 -0.896594 0.000000
vn 0.442853 -0.896594 0.000000
vn 0.525279 -0.850930 0.000000
vn 0.525278 -0.850930 0.000000
vn 0.601761 -0.798676 0.000000
vn 0.601761 -0.798676 0.000000
vn 0.669348 -0.742949 0.000000
vn 0.669348 -0.742949 0.000000
vn 0.726827 -0.686821 0.000000
vn 0.726827 -0.686821 0.000000
vn 0.775397 -0.631474 0.000000
vn 0.775397 -0.631474 0.000000
vn 0.816089 -0.577926 0.000000
vn 0.816089 -0.577926 0.000000
vn 0.850296 -0.526304 0.000000
vn 0.850296 -0.526304 0.000000
vn 0.878720 -0.477337 0.000000
vn 0.878720 -0.477337 0.000000
vn 0.902235 -0.431245 0.000000
vn 0.921731 -0.387829 0.000000
vn 0.902235 -0.431245 0.000000
vn 0.944739 -0.327825 0.000000
vn 0.921731 -0.387829 0.000000
vn 0.966962 -0.254922 0.000000
vn 0.944738 -0.327825 0.000000
vn 0.983072 -0.183221 0.000000
vn 0.966962 -0.254922 0.000000
vn 0.994049 -0.108933 0.000000
vn 0.983072 -0.183221 0.000000
vn 0.999300 -0.037402 0.000000
vn 0.994049 -0.108933 0.000000
vn 0.999574 0.029169 -0.000000
vn 0.999300 -0.037402 0.000000
vn 0.995851 0.091003 -0.000000
vn 0.999574 0.029169 0.000000
vn 0.995851 0.091003 0.000000
vn 0.992555 0.121800 -0.000000
vn 0.992555 0.121800 -0.000000
vn 0.992554 0.121801 -0.000000
vn 0.992555 0.121801 -0.000000
vn 0.992555 0.121800 -0.000000
vn 0.992554 0.121802 0.000000
vn 0.992555 0.121800 -0.000000
vn 0.992554 0.121802 -0.000000
vn 0.471911 -0.881646 0.000000
vn 0.496912 -0.867801 0.000000
vn 0.471911 -0.881646 0.000000
vn 0.496912 -0.867801 0.000000
vn 0.521510 -0.853245 0.000000
vn 0.521510 -0.853245 0.000000
vn -0.607428 -0.794375 -0.000000
vn -0.607428 -0.794375 0.000000
vn -0.607431 -0.794372 -0.000000
vn -0.607431 -0.794372 0.000000
vn -0.607431 -0.794372 -0.000000
vn -0.607431 -0.794372 0.000000
vn -0.607430 -0.794373 -0.000000
vn -0.607430 -0.794373 0.000000
vn -0.579160 -0.815214 0.000000
vn -0.521374 -0.853328 0.000000
vn -0.579160 -0.815214 0.000000
vn -0.461765 -0.887002 0.000000
vn -0.521374 -0.853328 0.000000
vn -0.396847 -0.917885 0.000000
vn -0.461765 -0.887002 0.000000
vn -0.327603 -0.944815 0.000000
vn -0.396847 -0.917885 0.000000
vn -0.266695 -0.963781 0.000000
vn -0.327603 -0.944815 0.000000
vn -0.215223 -0.976565 0.000000
vn -0.266695 -0.963781 0.000000
vn -0.163566 -0.986532 0.000000
vn -0.215223 -0.976565 0.000000
vn -0.163566 -0.986532 0.000000
vn -0.112464 -0.993656 0.000000
vn -0.112464 -0.993656 0.000000
vn -0.061693 -0.998095 0.000000
vn -0.061693 -0.998095 0.000000
vn -0.011474 -0.999934 0.000000
vn -0.011474 -0.999934 0.000000
vn 0.037932 -0.999280 0.000000
vn 0.037932 -0.999280 0.000000
vn 0.111034 -0.993817 0.000000
vn 0.111034 -0.993817 0.000000
vn 0.205891 -0.978575 0.000000
vn 0.205891 -0.978575 0.000000
vn 0.297260 -0.954797 0.000000
vn 0.297260 -0.954797 0.000000
vn 0.384174 -0.923261 0.000000
vn 0.384174 -0.923261 0.000000
vn 0.463563 -0.886064 0.000000
vn 0.463563 -0.886064 0.000000
vn 0.533162 -0.846013 0.000000
vn 0.533162 -0.846013 0.000000
vn 0.593975 -0.804484 0.000000
vn 0.593975 -0.804484 0.000000
vn 0.646829 -0.762635 0.000000
vn 0.646829 -0.762636 0.000000
vn 0.692678 -0.721247 0.000000
vn 0.692678 -0.721247 0.000000
vn 0.732334 -0.680946 0.000000
vn 0.732334 -0.680946 0.000000
vn 0.766682 -0.642027 0.000000
vn 0.796277 -0.604932 0.000000
vn 0.766682 -0.642027 0.000000
vn 0.833534 -0.552468 0.000000
vn 0.796277 -0.604932 0.000000
vn 0.873192 -0.487377 0.000000
vn 0.833534 -0.552468 0.000000
vn 0.906644 -0.421896 0.000000
vn 0.873192 -0.487377 0.000000
vn 0.935732 -0.352713 0.000000
vn 0.906644 -0.421896 0.000000
vn 0.958599 -0.284761 0.000000
vn 0.935731 -0.352713 0.000000
vn 0.975418 -0.220362 0.000000
vn 0.958599 -0.284760 0.000000
vn 0.987199 -0.159492 0.000000
vn 0.975418 -0.220362 0.000000
vn 0.987199 -0.159492 0.000000
vn 0.991662 -0.128865 0.000000
vn 0.991662 -0.128865 0.000000
vn 0.991662 -0.128864 0.000000
vn 0.991662 -0.128864 0.000000
vn 0.991662 -0.128864 0.000000
vn 0.991662 -0.128864 0.000000
vn 0.991662 -0.128864 0.000000
vn 0.991662 -0.128864 0.000000
vn 0.237832 -0.971306 0.000000
vn 0.265486 -0.964115 0.000000
vn 0.237832 -0.971306 0.000000
vn 0.265486 -0.964115 0.000000
vn 0.292933 -0.956133 0.000000
vn 0.292933 -0.956133 0.000000
vn -0.785900 -0.618354 -0.000000
vn -0.785900 -0.618354 0.000000
vn -0.785900 -0.618354 -0.000000
vn -0.785899 -0.618354 0.000000
vn -0.785899 -0.618355 -0.000000
vn -0.785899 -0.618355 -0.000000
vn -0.785899 -0.618355 0.000000
vn -0.785899 -0.618355 -0.000000
vn -0.763734 -0.645531 0.000000
vn -0.717143 -0.696926 0.000000
vn -0.763734 -0.645531 0.000000
vn -0.667858 -0.744288 0.000000
vn -0.717143 -0.696926 0.000000
vn -0.612704 -0.790313 0.000000
vn -0.667858 -0.744289 0.000000
vn -0.552225 -0.833696 0.000000
vn -0.612704 -0.790313 0.000000
vn -0.498041 -0.867154 0.000000
vn -0.552225 -0.833696 0.000000
vn -0.451220 -0.892413 0.000000
vn -0.498041 -0.867154 0.000000
vn -0.403818 -0.914839 0.000000
vn -0.451220 -0.892413 0.000000
vn -0.403818 -0.914839 0.000000
vn -0.356095 -0.934450 0.000000
vn -0.356095 -0.934450 0.000000
vn -0.307941 -0.951405 0.000000
vn -0.307941 -0.951405 0.000000
vn -0.259804 -0.965661 0.000000
vn -0.259804 -0.965661 0.000000
vn -0.211805 -0.977312 0.000000
vn -0.211805 -0.977312 0.000000
vn -0.139633 -0.990203 0.000000
vn -0.139633 -0.990203 0.000000
vn -0.043843 -0.999038 0.000000
vn -0.043843 -0.999038 0.000000
vn 0.050357 -0.998731 0.000000
vn 0.050357 -0.998731 0.000000
vn 0.142584 -0.989783 0.000000
vn 0.142584 -0.989783 0.000000
vn 0.228614 -0.973517 0.000000
vn 0.228613 -0.973517 0.000000
vn 0.306040 -0.952019 0.000000
vn 0.306040 -0.952019 0.000000
vn 0.375242 -0.926927 0.000000
vn 0.375242 -0.926927 0.000000
vn 0.436820 -0.899549 0.000000
vn 0.436820 -0.899549 0.000000
vn 0.491575 -0.870835 0.000000
vn 0.491575 -0.870835 0.000000
vn 0.539989 -0.841672 0.000000
vn 0.539989 -0.841672 0.000000
vn 0.582881 -0.812557 0.000000
vn 0.620883 -0.783903 0.000000
vn 0.582881 -0.812557 0.000000
vn 0.669972 -0.742386 0.000000
vn 0.620883 -0.783903 0.000000
vn 0.724520 -0.689253 0.000000
vn 0.669972 -0.742386 0.000000
vn 0.773238 -0.634116 0.000000
vn 0.724520 -0.689254 0.000000
vn 0.818607 -0.574354 0.000000
vn 0.773238 -0.634116 0.000000
vn 0.857662 -0.514214 0.000000
vn 0.818607 -0.574354 0.000000
vn 0.889999 -0.455962 0.000000
vn 0.857662 -0.514214 0.000000
vn 0.916510 -0.400011 0.000000
vn 0.889999 -0.455962 0.000000
vn 0.916510 -0.400011 0.000000
vn 0.928460 -0.371432 0.000000
vn 0.928460 -0.371432 0.000000
vn 0.928460 -0.371432 0.000000
vn 0.928460 -0.371432 0.000000
vn 0.928461 -0.371431 0.000000
vn 0.928460 -0.371433 0.000000
vn 0.928461 -0.371431 0.000000
vn 0.928460 -0.371433 0.000000
vn -0.011196 -0.999937 -0.000000
vn -0.011196 -0.999937 0.000000
vn 0.017381 -0.999849 0.000000
vn 0.017381 -0.999849 0.000000
vn 0.045951 -0.998944 0.000000
vn 0.045951 -0.998944 0.000000
vn -0.914988 -0.403481 -0.000000
vn -0.914988 -0.403481 0.000000
vn -0.914988 -0.403482 -0.000000
vn -0.914988 -0.403482 0.000000
vn -0.914987 -0.403484 -0.000000
vn -0.914987 -0.403483 0.000000
vn -0.914987 -0.403484 -0.000000
vn -0.914987 -0.403484 0.000000
vn -0.900267 -0.435339 0.000000
vn -0.867955 -0.496644 0.000000
vn -0.900267 -0.435339 0.000000
vn -0.831951 -0.554849 0.000000
vn -0.867955 -0.496643 0.000000
vn -0.789982 -0.613130 0.000000
vn -0.831951 -0.554849 0.000000
vn -0.742200 -0.670179 0.000000
vn -0.789982 -0.613130 0.000000
vn -0.698089 -0.716011 0.000000
vn -0.742200 -0.670179 0.000000
vn -0.658984 -0.752157 0.000000
vn -0.698089 -0.716011 0.000000
vn -0.618676 -0.785646 0.000000
vn -0.658984 -0.752157 0.000000
vn -0.618676 -0.785646 0.000000
vn -0.577288 -0.816541 0.000000
vn -0.577288 -0.816541 0.000000
vn -0.534900 -0.844915 0.000000
vn -0.534900 -0.844915 0.000000
vn -0.491778 -0.870721 0.000000
vn -0.491778 -0.870721 0.000000
vn -0.448099 -0.893984 0.000000
vn -0.448099 -0.893984 0.000000
vn -0.381532 -0.924356 0.000000
vn -0.381532 -0.924355 0.000000
vn -0.290928 -0.956745 0.000000
vn -0.290928 -0.956745 0.000000
vn -0.199537 -0.979890 0.000000
vn -0.199537 -0.979890 0.000000
vn -0.108093 -0.994141 0.000000
vn -0.108093 -0.994141 0.000000
vn -0.020643 -0.999787 0.000000
vn -0.020643 -0.999787 0.000000
vn 0.059684 -0.998217 0.000000
vn 0.059684 -0.998217 0.000000
vn 0.132886 -0.991131 0.000000
vn 0.132886 -0.991131 0.000000
vn 0.199345 -0.979929 0.000000
vn 0.199345 -0.979929 0.000000
vn 0.259564 -0.965726 0.000000
vn 0.259564 -0.965726 0.000000
vn 0.313791 -0.949492 0.000000
vn 0.313791 -0.949492 0.000000
vn 0.362466 -0.931997 0.000000
vn 0.406445 -0.913675 0.000000
vn 0.362466 -0.931997 0.000000
vn 0.464264 -0.885697 0.000000
vn 0.406445 -0.913675 0.000000
vn 0.530335 -0.847788 0.000000
vn 0.464264 -0.885697 0.000000
vn 0.591238 -0.806497 0.000000
vn 0.530335 -0.847788 0.000000
vn 0.650085 -0.759862 0.000000
vn 0.591238 -0.806497 0.000000
vn 0.702810 -0.711377 0.000000
vn 0.650085 -0.759862 0.000000
vn 0.748669 -0.662944 0.000000
vn 0.702810 -0.711377 0.000000
vn 0.788234 -0.615375 0.000000
vn 0.748669 -0.662944 0.000000
vn 0.788234 -0.615375 0.000000
vn 0.806919 -0.590662 0.000000
vn 0.806919 -0.590662 0.000000
vn 0.806919 -0.590662 0.000000
vn 0.806919 -0.590662 0.000000
vn 0.806919 -0.590662 0.000000
vn 0.806921 -0.590660 0.000000
vn 0.806919 -0.590662 0.000000
vn 0.806921 -0.590660 0.000000
vn -0.259513 -0.965740 0.000000
vn -0.259513 -0.965740 0.000000
vn -0.231815 -0.972760 0.000000
vn -0.231815 -0.972760 0.000000
vn -0.203922 -0.978987 0.000000
vn -0.203922 -0.978987 0.000000
vn -0.986583 -0.163258 -0.000000
vn -0.986583 -0.163258 0.000000
vn -0.986583 -0.163258 -0.000000
vn -0.986583 -0.163258 0.000000
vn -0.986584 -0.163257 -0.000000
vn -0.986583 -0.163258 -0.000000
vn -0.986584 -0.163257 0.000000
vn -0.986583 -0.163258 -0.000000
vn -0.980240 -0.197814 0.000000
vn -0.964199 -0.265180 0.000000
vn -0.980240 -0.197814 0.000000
vn -0.943803 -0.330510 0.000000
vn -0.964199 -0.265180 0.000000
vn -0.917634 -0.397427 0.000000
vn -0.943803 -0.330510 0.000000
vn -0.885574 -0.464499 0.000000
vn -0.917634 -0.397427 0.000000
vn -0.854195 -0.519953 0.000000
vn -0.885574 -0.464499 0.000000
vn -0.825334 -0.564645 0.000000
vn -0.854195 -0.519953 0.000000
vn -0.794614 -0.607115 0.000000
vn -0.825334 -0.564645 0.000000
vn -0.794614 -0.607115 0.000000
vn -0.762201 -0.647340 0.000000
vn -0.762201 -0.647340 0.000000
vn -0.728263 -0.685297 0.000000
vn -0.728263 -0.685297 0.000000
vn -0.692862 -0.721071 0.000000
vn -0.692862 -0.721071 0.000000
vn -0.656326 -0.754477 0.000000
vn -0.656326 -0.754477 0.000000
vn -0.599405 -0.800446 0.000000
vn -0.599405 -0.800446 0.000000
vn -0.519790 -0.854294 0.000000
vn -0.519790 -0.854294 0.000000
vn -0.436923 -0.899499 0.000000
vn -0.436923 -0.899499 0.000000
vn -0.351903 -0.936037 0.000000
vn -0.351903 -0.936037 0.000000
vn -0.268683 -0.963229 0.000000
vn -0.268683 -0.963229 0.000000
vn -0.190493 -0.981688 0.000000
vn -0.190493 -0.981689 0.000000
vn -0.117689 -0.993051 0.000000
vn -0.117689 -0.993051 0.000000
vn -0.050601 -0.998719 0.000000
vn -0.050601 -0.998719 0.000000
vn 0.011301 -0.999936 0.000000
vn 0.011301 -0.999936 0.000000
vn 0.067718 -0.997705 0.000000
vn 0.067718 -0.997705 0.000000
vn 0.119400 -0.992846 0.000000
vn 0.166332 -0.986070 0.000000
vn 0.119400 -0.992846 0.000000
vn 0.229468 -0.973316 0.000000
vn 0.166332 -0.986070 0.000000
vn 0.302887 -0.953027 0.000000
vn 0.229468 -0.973316 0.000000
vn 0.372055 -0.928211 0.000000
vn 0.302887 -0.953026 0.000000
vn 0.440643 -0.897683 0.000000
vn 0.372055 -0.928211 0.000000
vn 0.503942 -0.863737 0.000000
vn 0.440643 -0.897682 0.000000
vn 0.560192 -0.828363 0.000000
vn 0.503942 -0.863737 0.000000
vn 0.610412 -0.792084 0.000000
vn 0.560192 -0.828363 0.000000
vn 0.610412 -0.792084 0.000000
vn 0.634677 -0.772778 0.000000
vn 0.634677 -0.772778 0.000000
vn 0.634680 -0.772775 0.000000
vn 0.634680 -0.772775 0.000000
vn 0.634677 -0.772778 0.000000
vn 0.634677 -0.772778 0.000000
vn 0.634676 -0.772778 0.000000
vn 0.634676 -0.772778 0.000000
vn -0.491533 -0.870859 0.000000
vn -0.491533 -0.870859 0.000000
vn -0.466448 -0.884548 0.000000
vn -0.466448 -0.884548 0.000000
vn -0.440981 -0.897516 0.000000
vn -0.440981 -0.897516 0.000000
vn -0.996189 0.087226 0.000000
vn -0.996189 0.087226 0.000000
vn -0.996189 0.087223 0.000000
vn -0.996189 0.087223 0.000000
vn -0.996189 0.087226 0.000000
vn -0.996189 0.087226 0.000000
vn -0.996189 0.087223 0.000000
vn -0.996189 0.087223 0.000000
vn -0.998637 0.052192 0.000000
vn -0.999855 -0.017050 0.000000
vn -0.998637 0.052192 0.000000
vn -0.996344 -0.085429 0.000000
vn -0.999855 -0.017050 0.000000
vn -0.987644 -0.156713 0.000000
vn -0.996344 -0.085429 0.000000
vn -0.973264 -0.229688 0.000000
vn -0.987644 -0.156713 0.000000
vn -0.956657 -0.291217 0.000000
vn -0.973264 -0.229688 0.000000
vn -0.939842 -0.341608 0.000000
vn -0.956657 -0.291217 0.000000
vn -0.920627 -0.390442 0.000000
vn -0.939842 -0.341608 0.000000
vn -0.920627 -0.390442 0.000000
vn -0.899234 -0.437467 0.000000
vn -0.899234 -0.437467 0.000000
vn -0.875766 -0.482735 0.000000
vn -0.875766 -0.482735 0.000000
vn -0.850460 -0.526040 0.000000
vn -0.850460 -0.526039 0.000000
vn -0.823379 -0.567492 0.000000
vn -0.823379 -0.567492 0.000000
vn -0.779623 -0.626250 0.000000
vn -0.779623 -0.626250 0.000000
vn -0.715846 -0.698258 0.000000
vn -0.715846 -0.698258 0.000000
vn -0.646924 -0.762555 0.000000
vn -0.646924 -0.762555 0.000000
vn -0.573720 -0.819052 0.000000
vn -0.573720 -0.819052 0.000000
vn -0.499671 -0.866215 0.000000
vn -0.499671 -0.866215 0.000000
vn -0.428690 -0.903451 0.000000
vn -0.428690 -0.903452 0.000000
vn -0.361005 -0.932564 0.000000
vn -0.361005 -0.932564 0.000000
vn -0.297276 -0.954792 0.000000
vn -0.297276 -0.954791 0.000000
vn -0.237784 -0.971318 0.000000
vn -0.237784 -0.971318 0.000000
vn -0.182506 -0.983205 0.000000
vn -0.182506 -0.983205 0.000000
vn -0.131354 -0.991336 0.000000
vn -0.083989 -0.996467 0.000000
vn -0.131354 -0.991336 0.000000
vn -0.019818 -0.999804 0.000000
vn -0.083989 -0.996467 0.000000
vn 0.056271 -0.998416 0.000000
vn -0.019818 -0.999804 0.000000
vn 0.129560 -0.991572 0.000000
vn 0.056271 -0.998416 0.000000
vn 0.203550 -0.979065 0.000000
vn 0.129560 -0.991572 0.000000
vn 0.273356 -0.961913 0.000000
vn 0.203550 -0.979065 0.000000
vn 0.336549 -0.941666 0.000000
vn 0.273356 -0.961913 0.000000
vn 0.394245 -0.919006 0.000000
vn 0.336549 -0.941666 0.000000
vn 0.394244 -0.919006 0.000000
vn 0.422558 -0.906336 0.000000
vn 0.422558 -0.906336 0.000000
vn 0.422553 -0.906338 0.000000
vn 0.422558 -0.906336 0.000000
vn 0.422553 -0.906338 0.000000
vn 0.422558 -0.906336 0.000000
vn 0.422557 -0.906336 0.000000
vn 0.422557 -0.906336 0.000000
vn -0.692663 -0.721262 -0.000000
vn -0.692663 -0.721262 0.000000
vn -0.671771 -0.740759 0.000000
vn -0.671771 -0.740759 0.000000
vn -0.650333 -0.759649 0.000000
vn -0.650333 -0.759649 0.000000
vn -0.943200 0.332226 0.000000
vn -0.943200 0.332226 0.000000
vn -0.943200 0.332227 0.000000
vn -0.943199 0.332227 0.000000
vn -0.943200 0.332224 0.000000
vn -0.943200 0.332226 0.000000
vn -0.943200 0.332224 0.000000
vn -0.943200 0.332226 0.000000
vn -0.954252 0.299004 0.000000
vn -0.972691 0.232106 0.000000
vn -0.954252 0.299004 0.000000
vn -0.986297 0.164979 0.000000
vn -0.972691 0.232106 0.000000
vn -0.995587 0.093841 0.000000
vn -0.986297 0.164979 0.000000
vn -0.999808 0.019586 0.000000
vn -0.995587 0.093841 0.000000
vn -0.999027 -0.044105 0.000000
vn -0.999808 0.019586 0.000000
vn -0.995262 -0.097231 0.000000
vn -0.999027 -0.044105 0.000000
vn -0.988809 -0.149185 0.000000
vn -0.995262 -0.097231 0.000000
vn -0.988809 -0.149185 0.000000
vn -0.979771 -0.200124 0.000000
vn -0.979771 -0.200124 0.000000
vn -0.968293 -0.249817 0.000000
vn -0.968293 -0.249817 0.000000
vn -0.954587 -0.297933 0.000000
vn -0.954587 -0.297933 0.000000
vn -0.938608 -0.344987 0.000000
vn -0.938608 -0.344987 0.000000
vn -0.910877 -0.412678 0.000000
vn -0.910877 -0.412678 0.000000
vn -0.867055 -0.498213 0.000000
vn -0.867055 -0.498213 0.000000
vn -0.816219 -0.577743 0.000000
vn -0.816219 -0.577743 0.000000
vn -0.759293 -0.650748 0.000000
vn -0.759293 -0.650748 0.000000
vn -0.699509 -0.714624 0.000000
vn -0.699509 -0.714624 0.000000
vn -0.639783 -0.768556 0.000000
vn -0.639783 -0.768556 0.000000
vn -0.581650 -0.813439 0.000000
vn -0.581650 -0.813439 0.000000
vn -0.525299 -0.850917 0.000000
vn -0.525299 -0.850917 0.000000
vn -0.472036 -0.881579 0.000000
vn -0.472036 -0.881579 0.000000
vn -0.421196 -0.906969 0.000000
vn -0.421196 -0.906969 0.000000
vn -0.373759 -0.927526 0.000000
vn -0.329335 -0.944213 0.000000
vn -0.373759 -0.927526 0.000000
vn -0.267792 -0.963477 0.000000
vn -0.329335 -0.944213 0.000000
vn -0.193789 -0.981043 0.000000
vn -0.267792 -0.963477 0.000000
vn -0.120985 -0.992654 0.000000
vn -0.193789 -0.981043 0.000000
vn -0.046361 -0.998925 0.000000
vn -0.120985 -0.992654 0.000000
vn 0.025463 -0.999676 0.000000
vn -0.046361 -0.998925 0.000000
vn 0.091873 -0.995771 0.000000
vn 0.025463 -0.999676 0.000000
vn 0.153347 -0.988172 0.000000
vn 0.091873 -0.995771 0.000000
vn 0.153347 -0.988172 0.000000
vn 0.183881 -0.982948 0.000000
vn 0.183881 -0.982948 0.000000
vn 0.183889 -0.982947 0.000000
vn 0.183889 -0.982947 0.000000
vn 0.183886 -0.982947 0.000000
vn 0.183886 -0.982947 0.000000
vn 0.183878 -0.982949 0.000000
vn 0.183878 -0.982949 0.000000
vn -0.850275 -0.526339 0.000000
vn -0.850275 -0.526339 0.000000
vn -0.834885 -0.550424 0.000000
vn -0.834885 -0.550424 0.000000
vn -0.818817 -0.574054 0.000000
vn -0.818817 -0.574054 0.000000
vn -0.830947 0.556352 0.000000
vn -0.830947 0.556352 0.000000
vn -0.830945 0.556354 0.000000
vn -0.830945 0.556354 0.000000
vn -0.830949 0.556349 0.000000
vn -0.830944 0.556356 0.000000
vn -0.830949 0.556349 0.000000
vn -0.830944 0.556356 0.000000
vn -0.850009 0.526769 0.000000
vn -0.884401 0.466728 0.000000
vn -0.850009 0.526769 0.000000
vn -0.914241 0.405171 0.000000
vn -0.884401 0.466728 0.000000
vn -0.940959 0.338520 0.000000
vn -0.914241 0.405171 0.000000
vn -0.963547 0.267539 0.000000
vn -0.940959 0.338520 0.000000
vn -0.978617 0.205690 0.000000
vn -0.963547 0.267539 0.000000
vn -0.988159 0.153433 0.000000
vn -0.978617 0.205690 0.000000
vn -0.994844 0.101421 0.000000
vn -0.988159 0.153433 0.000000
vn -0.994844 0.101421 0.000000
vn -0.998760 0.049792 0.000000
vn -0.998760 0.049792 0.000000
vn -0.999999 -0.001078 0.000000
vn -0.999999 -0.001078 0.000000
vn -0.998688 -0.051218 0.000000
vn -0.998687 -0.051218 0.000000
vn -0.994908 -0.100792 0.000000
vn -0.994907 -0.100792 0.000000
vn -0.984896 -0.173145 0.000000
vn -0.984896 -0.173145 0.000000
vn -0.963696 -0.267001 0.000000
vn -0.963696 -0.267001 0.000000
vn -0.934280 -0.356540 0.000000
vn -0.934280 -0.356540 0.000000
vn -0.897270 -0.441483 0.000000
vn -0.897270 -0.441483 0.000000
vn -0.855240 -0.518232 0.000000
vn -0.855240 -0.518232 0.000000
vn -0.810829 -0.585283 0.000000
vn -0.810829 -0.585283 0.000000
vn -0.765661 -0.643244 0.000000
vn -0.765661 -0.643244 0.000000
vn -0.720500 -0.693455 0.000000
vn -0.720500 -0.693455 0.000000
vn -0.676429 -0.736508 0.000000
vn -0.676429 -0.736508 0.000000
vn -0.633437 -0.773795 0.000000
vn -0.633437 -0.773795 0.000000
vn -0.592721 -0.805408 0.000000
vn -0.553662 -0.832742 0.000000
vn -0.592721 -0.805408 0.000000
vn -0.499082 -0.866555 0.000000
vn -0.553662 -0.832742 0.000000
vn -0.431483 -0.902121 0.000000
vn -0.499082 -0.866555 0.000000
vn -0.364165 -0.931334 0.000000
vn -0.431483 -0.902121 0.000000
vn -0.293238 -0.956039 0.000000
vn -0.364165 -0.931334 0.000000
vn -0.224181 -0.974547 0.000000
vn -0.293238 -0.956039 0.000000
vn -0.158479 -0.987362 0.000000
vn -0.224181 -0.974547 0.000000
vn -0.097238 -0.995261 0.000000
vn -0.158479 -0.987362 0.000000
vn -0.097238 -0.995261 0.000000
vn -0.066337 -0.997797 0.000000
vn -0.066346 -0.997797 0.000000
vn -0.066337 -0.997797 0.000000
vn -0.066346 -0.997797 0.000000
vn -0.066341 -0.997797 0.000000
vn -0.066341 -0.997797 0.000000
vn -0.066346 -0.997797 0.000000
vn -0.066346 -0.997797 0.000000
vn -0.954456 -0.298350 0.000000
vn -0.954456 -0.298350 0.000000
vn -0.945542 -0.325501 0.000000
vn -0.945542 -0.325501 0.000000
vn -0.935854 -0.352387 0.000000
vn -0.935854 -0.352387 0.000000
vn -0.666479 0.745523 0.000000
vn -0.666479 0.745523 0.000000
vn -0.666479 0.745524 0.000000
vn -0.666479 0.745524 0.000000
vn -0.666485 0.745518 0.000000
vn -0.666476 0.745526 0.000000
vn -0.666485 0.745518 0.000000
vn -0.666476 0.745526 0.000000
vn -0.692257 0.721651 0.000000
vn -0.740571 0.671978 0.000000
vn -0.692257 0.721651 0.000000
vn -0.784779 0.619776 0.000000
vn -0.740571 0.671978 0.000000
vn -0.827217 0.561883 0.000000
vn -0.784779 0.619776 0.000000
vn -0.866733 0.498773 0.000000
vn -0.827217 0.561883 0.000000
vn -0.896704 0.442631 0.000000
vn -0.866733 0.498773 0.000000
vn -0.919005 0.394246 0.000000
vn -0.896704 0.442631 0.000000
vn -0.938357 0.345669 0.000000
vn -0.919005 0.394246 0.000000
vn -0.938357 0.345669 0.000000
vn -0.954989 0.296641 0.000000
vn -0.954989 0.296641 0.000000
vn -0.968861 0.247604 0.000000
vn -0.968861 0.247604 0.000000
vn -0.980084 0.198584 0.000000
vn -0.980084 0.198584 0.000000
vn -0.988677 0.150060 0.000000
vn -0.988677 0.150060 0.000000
vn -0.997017 0.077184 0.000000
vn -0.997017 0.077184 0.000000
vn -0.999821 -0.018913 0.000000
vn -0.999821 -0.018913 0.000000
vn -0.993586 -0.113083 0.000000
vn -0.993586 -0.113083 0.000000
vn -0.978905 -0.204317 0.000000
vn -0.978905 -0.204317 0.000000
vn -0.957207 -0.289405 0.000000
vn -0.957207 -0.289405 0.000000
vn -0.930945 -0.365158 0.000000
vn -0.930945 -0.365158 0.000000
vn -0.901549 -0.432678 0.000000
vn -0.901549 -0.432678 0.000000
vn -0.870303 -0.492517 0.000000
vn -0.870303 -0.492517 0.000000
vn -0.838312 -0.545191 0.000000
vn -0.838312 -0.545191 0.000000
vn -0.806061 -0.591833 0.000000
vn -0.806061 -0.591833 0.000000
vn -0.774380 -0.632721 0.000000
vn -0.743324 -0.668932 0.000000
vn -0.774380 -0.632721 0.000000
vn -0.698911 -0.715209 0.000000
vn -0.743324 -0.668932 0.000000
vn -0.642359 -0.766404 0.000000
vn -0.698911 -0.715209 0.000000
vn -0.584282 -0.811551 0.000000
vn -0.642359 -0.766404 0.000000
vn -0.521835 -0.853046 0.000000
vn -0.584282 -0.811551 0.000000
vn -0.459423 -0.888218 0.000000
vn -0.521835 -0.853047 0.000000
vn -0.399192 -0.916867 0.000000
vn -0.459423 -0.888218 0.000000
vn -0.341655 -0.939826 0.000000
vn -0.399192 -0.916867 0.000000
vn -0.341655 -0.939826 0.000000
vn -0.312397 -0.949952 0.000000
vn -0.312397 -0.949952 0.000000
vn -0.312408 -0.949948 0.000000
vn -0.312408 -0.949948 0.000000
vn -0.312396 -0.949952 0.000000
vn -0.312396 -0.949952 0.000000
vn -0.312398 -0.949951 0.000000
vn -0.312398 -0.949951 0.000000
vn -0.998667 -0.051613 -0.000000
vn -0.998667 -0.051613 0.000000
vn -0.996784 -0.080134 0.000000
vn -0.996784 -0.080134 0.000000
vn -0.994088 -0.108577 0.000000
vn -0.994088 -0.108577 0.000000
vn -0.460136 0.887848 0.000000
vn -0.460136 0.887848 0.000000
vn -0.460137 0.887848 0.000000
vn -0.460137 0.887848 0.000000
vn -0.460139 0.887847 0.000000
vn -0.460139 0.887847 0.000000
vn -0.460136 0.887848 0.000000
vn -0.460136 0.887848 0.000000
vn -0.491053 0.871130 0.000000
vn -0.550182 0.835045 0.000000
vn -0.491053 0.871130 0.000000
vn -0.605959 0.795496 0.000000
vn -0.550182 0.835045 0.000000
vn -0.661532 0.749917 0.000000
vn -0.605959 0.795496 0.000000
vn -0.715418 0.698697 0.000000
vn -0.661532 0.749917 0.000000
vn -0.758529 0.651639 0.000000
vn -0.715418 0.698697 0.000000
vn -0.792039 0.610471 0.000000
vn -0.758529 0.651639 0.000000
vn -0.822941 0.568127 0.000000
vn -0.792039 0.610471 0.000000
vn -0.822941 0.568127 0.000000
vn -0.851161 0.524905 0.000000
vn -0.851161 0.524905 0.000000
vn -0.876869 0.480729 0.000000
vn -0.876869 0.480729 0.000000
vn -0.899877 0.436143 0.000000
vn -0.899877 0.436143 0.000000
vn -0.920351 0.391094 0.000000
vn -0.920351 0.391094 0.000000
vn -0.946488 0.322740 0.000000
vn -0.946488 0.322740 0.000000
vn -0.973117 0.230313 0.000000
vn -0.973117 0.230313 0.000000
vn -0.990488 0.137600 0.000000
vn -0.990488 0.137600 0.000000
vn -0.998967 0.045441 0.000000
vn -0.998967 0.045441 0.000000
vn -0.999110 -0.042178 0.000000
vn -0.999110 -0.042178 0.000000
vn -0.992505 -0.122201 0.000000
vn -0.992505 -0.122201 0.000000
vn -0.980829 -0.194869 0.000000
vn -0.980829 -0.194869 0.000000
vn -0.965450 -0.260587 0.000000
vn -0.965450 -0.260587 0.000000
vn -0.947547 -0.319616 0.000000
vn -0.947547 -0.319616 0.000000
vn -0.927946 -0.372714 0.000000
vn -0.927946 -0.372714 0.000000
vn -0.907383 -0.420304 0.000000
vn -0.886368 -0.462981 0.000000
vn -0.907383 -0.420304 0.000000
vn -0.854756 -0.519029 0.000000
vn -0.886368 -0.462981 0.000000
vn -0.812842 -0.582484 0.000000
vn -0.854756 -0.519029 0.000000
vn -0.767762 -0.640735 0.000000
vn -0.812842 -0.582484 0.000000
vn -0.717536 -0.696521 0.000000
vn -0.767762 -0.640735 0.000000
vn -0.665812 -0.746119 0.000000
vn -0.717536 -0.696521 0.000000
vn -0.614754 -0.788719 0.000000
vn -0.665812 -0.746119 0.000000
vn -0.564562 -0.825391 0.000000
vn -0.614754 -0.788719 0.000000
vn -0.564562 -0.825391 0.000000
vn -0.538829 -0.842415 0.000000
vn -0.538829 -0.842415 0.000000
vn -0.538829 -0.842415 0.000000
vn -0.538829 -0.842415 0.000000
vn -0.538828 -0.842416 0.000000
vn -0.538831 -0.842414 0.000000
vn -0.538828 -0.842415 0.000000
vn -0.538831 -0.842414 0.000000
vn -0.980127 0.198371 0.000000
vn -0.980127 0.198371 0.000000
vn -0.985397 0.170273 0.000000
vn -0.985397 0.170273 0.000000
vn -0.989859 0.142054 0.000000
vn -0.989859 0.142054 0.000000
vn -0.224884 0.974385 0.000000
vn -0.224884 0.974385 0.000000
vn -0.224886 0.974385 0.000000
vn -0.224886 0.974385 0.000000
vn -0.224883 0.974386 0.000000
vn -0.224882 0.974386 0.000000
vn -0.224883 0.974386 0.000000
vn -0.224882 0.974386 0.000000
vn -0.259027 0.965870 0.000000
vn -0.325069 0.945690 0.000000
vn -0.259027 0.965870 0.000000
vn -0.389131 0.921182 0.000000
vn -0.325069 0.945690 0.000000
vn -0.454278 0.890860 0.000000
vn -0.389131 0.921182 0.000000
vn -0.519243 0.854626 0.000000
vn -0.454278 0.890860 0.000000
vn -0.572524 0.819888 0.000000
vn -0.519243 0.854626 0.000000
vn -0.615341 0.788261 0.000000
vn -0.572524 0.819888 0.000000
vn -0.655842 0.754898 0.000000
vn -0.615341 0.788261 0.000000
vn -0.655842 0.754898 0.000000
vn -0.693907 0.720065 0.000000
vn -0.693907 0.720065 0.000000
vn -0.729764 0.683699 0.000000
vn -0.729764 0.683699 0.000000
vn -0.763091 0.646291 0.000000
vn -0.763091 0.646291 0.000000
vn -0.794181 0.607681 0.000000
vn -0.794181 0.607681 0.000000
vn -0.836488 0.547986 0.000000
vn -0.836488 0.547986 0.000000
vn -0.885278 0.465061 0.000000
vn -0.885278 0.465061 0.000000
vn -0.925169 0.379556 0.000000
vn -0.925169 0.379556 0.000000
vn -0.956271 0.292484 0.000000
vn -0.956271 0.292484 0.000000
vn -0.978203 0.207653 0.000000
vn -0.978203 0.207653 0.000000
vn -0.991711 0.128486 0.000000
vn -0.991711 0.128486 0.000000
vn -0.998477 0.055170 0.000000
vn -0.998477 0.055170 0.000000
vn -0.999924 -0.012362 0.000000
vn -0.999924 -0.012362 0.000000
vn -0.997266 -0.073901 0.000000
vn -0.997266 -0.073901 0.000000
vn -0.991476 -0.130292 0.000000
vn -0.991476 -0.130292 0.000000
vn -0.983394 -0.181484 0.000000
vn -0.973668 -0.227969 0.000000
vn -0.983394 -0.181484 0.000000
vn -0.957007 -0.290066 0.000000
vn -0.973668 -0.227969 0.000000
vn -0.932115 -0.362161 0.000000
vn -0.957007 -0.290067 0.000000
vn -0.903009 -0.429621 0.000000
vn -0.932115 -0.362161 0.000000
vn -0.868249 -0.496129 0.000000
vn -0.903009 -0.429621 0.000000
vn -0.830412 -0.557150 0.000000
vn -0.868249 -0.496129 0.000000
vn -0.791560 -0.611091 0.000000
vn -0.830412 -0.557150 0.000000
vn -0.752059 -0.659096 0.000000
vn -0.791560 -0.611091 0.000000
vn -0.752059 -0.659096 0.000000
vn -0.731399 -0.681950 0.000000
vn -0.731399 -0.681950 0.000000
vn -0.731403 -0.681945 0.000000
vn -0.731403 -0.681945 0.000000
vn -0.731401 -0.681948 0.000000
vn -0.731401 -0.681948 0.000000
vn -0.731402 -0.681946 0.000000
vn -0.731402 -0.681946 0.000000
vn -0.900004 0.435881 0.000000
vn -0.900004 0.435881 0.000000
vn -0.912093 0.409984 0.000000
vn -0.912093 0.409984 0.000000
vn -0.923434 0.383757 0.000000
vn -0.923434 0.383757 0.000000
vn 0.024508 0.999700 0.000000
vn 0.024508 0.999700 0.000000
vn 0.024496 0.999700 0.000000
vn 0.024496 0.999700 0.000000
vn 0.024507 0.999700 0.000000
vn 0.024507 0.999700 0.000000
vn 0.024502 0.999700 0.000000
vn 0.024502 0.999700 0.000000
vn -0.010671 0.999943 0.000000
vn -0.079769 0.996813 0.000000
vn -0.010671 0.999943 0.000000
vn -0.147801 0.989017 0.000000
vn -0.079769 0.996813 0.000000
vn -0.218506 0.975836 0.000000
vn -0.147801 0.989017 0.000000
vn -0.290305 0.956934 0.000000
vn -0.218506 0.975836 0.000000
vn -0.350831 0.936439 0.000000
vn -0.290305 0.956934 0.000000
vn -0.399763 0.916618 0.000000
vn -0.350831 0.936439 0.000000
vn -0.447528 0.894270 0.000000
vn -0.399763 0.916618 0.000000
vn -0.447528 0.894270 0.000000
vn -0.493133 0.869954 0.000000
vn -0.493133 0.869954 0.000000
vn -0.536666 0.843795 0.000000
vn -0.536666 0.843795 0.000000
vn -0.578548 0.815649 0.000000
vn -0.578548 0.815648 0.000000
vn -0.618054 0.786136 0.000000
vn -0.618054 0.786136 0.000000
vn -0.673907 0.738816 0.000000
vn -0.673907 0.738816 0.000000
vn -0.741846 0.670570 0.000000
vn -0.741846 0.670570 0.000000
vn -0.801674 0.597762 0.000000
vn -0.801674 0.597762 0.000000
vn -0.853518 0.521064 0.000000
vn -0.853518 0.521064 0.000000
vn -0.895821 0.444416 0.000000
vn -0.895821 0.444416 0.000000
vn -0.928623 0.371024 0.000000
vn -0.928623 0.371024 0.000000
vn -0.953375 0.301789 0.000000
vn -0.953375 0.301789 0.000000
vn -0.971567 0.236764 0.000000
vn -0.971567 0.236764 0.000000
vn -0.984321 0.176389 0.000000
vn -0.984321 0.176389 0.000000
vn -0.992732 0.120346 0.000000
vn -0.992732 0.120346 0.000000
vn -0.997637 0.068708 0.000000
vn -0.999770 0.021447 0.000000
vn -0.997637 0.068708 0.000000
vn -0.999075 -0.042993 0.000000
vn -0.999770 0.021447 0.000000
vn -0.992903 -0.118924 0.000000
vn -0.999075 -0.042993 0.000000
vn -0.981486 -0.191535 0.000000
vn -0.992903 -0.118924 0.000000
vn -0.964321 -0.264736 0.000000
vn -0.981486 -0.191535 0.000000
vn -0.942905 -0.333060 0.000000
vn -0.964321 -0.264736 0.000000
vn -0.942905 -0.333060 0.000000
vn -0.918627 -0.395126 0.000000
vn -0.892438 -0.451170 0.000000
vn -0.918627 -0.395126 -0.000000
vn -0.892438 -0.451170 0.000000
vn -0.878018 -0.478628 0.000000
vn -0.878018 -0.478628 0.000000
vn -0.878016 -0.478631 0.000000
vn -0.878016 -0.478631 0.000000
vn -0.878014 -0.478635 0.000000
vn -0.878014 -0.478635 0.000000
vn -0.878017 -0.478629 0.000000
vn -0.878017 -0.478629 0.000000
vn -0.763332 0.646006 0.000000
vn -0.763332 0.646006 0.000000
vn -0.781479 0.623932 0.000000
vn -0.781479 0.623932 0.000000
vn -0.798987 0.601348 0.000000
vn -0.798987 0.601348 0.000000
vn 0.272350 0.962198 0.000000
vn 0.272350 0.962198 0.000000
vn 0.272343 0.962200 0.000000
vn 0.272343 0.962200 0.000000
vn 0.272347 0.962199 0.000000
vn 0.272347 0.962199 0.000000
vn 0.272354 0.962197 0.000000
vn 0.272354 0.962197 0.000000
vn 0.238265 0.971200 -0.000000
vn 0.170702 0.985323 -0.000000
vn 0.238265 0.971200 0.000000
vn 0.102709 0.994711 -0.000000
vn 0.170702 0.985323 0.000000
vn 0.031215 0.999513 -0.000000
vn 0.102709 0.994711 0.000000
vn -0.043421 0.999057 0.000000
vn 0.031215 0.999513 0.000000
vn -0.106775 0.994283 0.000000
vn -0.043421 0.999057 0.000000
vn -0.159399 0.987214 0.000000
vn -0.106775 0.994283 0.000000
vn -0.210941 0.977499 0.000000
vn -0.159399 0.987214 0.000000
vn -0.210941 0.977499 0.000000
vn -0.261297 0.965258 0.000000
vn -0.261297 0.965258 0.000000
vn -0.310079 0.950711 0.000000
vn -0.310079 0.950711 0.000000
vn -0.357358 0.933967 0.000000
vn -0.357358 0.933967 0.000000
vn -0.403131 0.915142 0.000000
vn -0.403131 0.915142 0.000000
vn -0.469089 0.883151 0.000000
vn -0.469089 0.883151 0.000000
vn -0.551738 0.834018 0.000000
vn -0.551738 0.834018 0.000000
vn -0.627761 0.778406 0.000000
vn -0.627761 0.778406 0.000000
vn -0.697111 0.716963 0.000000
vn -0.697111 0.716963 0.000000
vn -0.757219 0.653161 0.000000
vn -0.757219 0.653161 0.000000
vn -0.807178 0.590308 0.000000
vn -0.807178 0.590308 0.000000
vn -0.848368 0.529407 0.000000
vn -0.848368 0.529407 0.000000
vn -0.882173 0.470925 0.000000
vn -0.882173 0.470925 0.000000
vn -0.909559 0.415574 0.000000
vn -0.909559 0.415574 0.000000
vn -0.931569 0.363564 0.000000
vn -0.931569 0.363564 0.000000
vn -0.949184 0.314723 0.000000
vn -0.963067 0.269260 0.000000
vn -0.949184 0.314723 0.000000
vn -0.978367 0.206877 0.000000
vn -0.963067 0.269260 0.000000
vn -0.991289 0.131706 0.000000
vn -0.978367 0.206877 0.000000
vn -0.998286 0.058530 0.000000
vn -0.991289 0.131706 0.000000
vn -0.999863 -0.016536 0.000000
vn -0.998286 0.058530 0.000000
vn -0.996110 -0.088115 0.000000
vn -0.999863 -0.016536 0.000000
vn -0.988032 -0.154249 0.000000
vn -0.996110 -0.088115 0.000000
vn -0.976602 -0.215055 0.000000
vn -0.988032 -0.154249 0.000000
vn -0.976602 -0.215055 0.000000
vn -0.969462 -0.245243 0.000000
vn -0.969462 -0.245243 0.000000
vn -0.969463 -0.245240 0.000000
vn -0.969463 -0.245240 0.000000
vn -0.969462 -0.245240 0.000000
vn -0.969462 -0.245240 0.000000
vn -0.969462 -0.245241 0.000000
vn -0.969462 -0.245241 0.000000
vn -0.578692 0.815546 0.000000
vn -0.578692 0.815546 0.000000
vn -0.601760 0.798677 0.000000
vn -0.601760 0.798677 0.000000
vn -0.624333 0.781158 0.000000
vn -0.624333 0.781158 0.000000
vn 0.503077 0.864241 0.000000
vn 0.503077 0.864241 0.000000
vn 0.503078 0.864241 0.000000
vn 0.503078 0.864241 0.000000
vn 0.503079 0.864240 0.000000
vn 0.503079 0.864240 0.000000
vn 0.503085 0.864237 0.000000
vn 0.503085 0.864237 0.000000
vn 0.472450 0.881357 -0.000000
vn 0.410224 0.911985 -0.000000
vn 0.472450 0.881357 0.000000
vn 0.347033 0.937853 -0.000000
vn 0.410224 0.911985 0.000000
vn 0.278602 0.960407 -0.000000
vn 0.347033 0.937853 0.000000
vn 0.206578 0.978430 -0.000000
vn 0.278602 0.960407 0.000000
vn 0.143895 0.989593 -0.000000
vn 0.206578 0.978430 0.000000
vn 0.091042 0.995847 -0.000000
vn 0.143895 0.989593 0.000000
vn 0.038732 0.999250 -0.000000
vn 0.091042 0.995847 0.000000
vn 0.038732 0.999250 0.000000
vn -0.013013 0.999915 0.000000
vn -0.013013 0.999915 0.000000
vn -0.063846 0.997960 0.000000
vn -0.063846 0.997960 0.000000
vn -0.113924 0.993490 0.000000
vn -0.113924 0.993489 0.000000
vn -0.163086 0.986612 0.000000
vn -0.163086 0.986612 0.000000
vn -0.234677 0.972073 0.000000
vn -0.234677 0.972073 0.000000
vn -0.326964 0.945037 0.000000
vn -0.326964 0.945037 0.000000
vn -0.414507 0.910046 0.000000
vn -0.414507 0.910046 0.000000
vn -0.496877 0.867821 0.000000
vn -0.496877 0.867821 0.000000
vn -0.570984 0.820961 0.000000
vn -0.570984 0.820962 0.000000
vn -0.634980 0.772529 0.000000
vn -0.634980 0.772529 0.000000
vn -0.690090 0.723724 0.000000
vn -0.690090 0.723723 0.000000
vn -0.737330 0.675533 0.000000
vn -0.737330 0.675533 0.000000
vn -0.777544 0.628828 0.000000
vn -0.777544 0.628828 0.000000
vn -0.812008 0.583646 0.000000
vn -0.812008 0.583646 0.000000
vn -0.841040 0.540973 0.000000
vn -0.865871 0.500268 0.000000
vn -0.841040 0.540973 0.000000
vn -0.896173 0.443705 0.000000
vn -0.865871 0.500268 0.000000
vn -0.927394 0.374086 0.000000
vn -0.896173 0.443705 0.000000
vn -0.952376 0.304927 0.000000
vn -0.927394 0.374086 0.000000
vn -0.952376 0.304927 0.000000
vn -0.972554 0.232678 0.000000
vn -0.986733 0.162350 0.000000
vn -0.972554 0.232678 0.000000
vn -0.995344 0.096391 0.000000
vn -0.986733 0.162350 0.000000
vn -0.999405 0.034483 0.000000
vn -0.995344 0.096391 0.000000
vn -0.999405 0.034483 0.000000
vn -0.999994 0.003559 0.000000
vn -0.999994 0.003559 0.000000
vn -0.999994 0.003561 0.000000
vn -0.999994 0.003561 0.000000
vn -0.999994 0.003557 0.000000
vn -0.999994 0.003557 0.000000
vn -0.999994 0.003561 0.000000
vn -0.999994 0.003561 0.000000
vn -0.357699 0.933837 0.000000
vn -0.384230 0.923238 0.000000
vn -0.357699 0.933837 0.000000
vn -0.384230 0.923238 0.000000
vn -0.410458 0.911879 0.000000
vn -0.410458 0.911879 0.000000
vn 0.702203 0.711977 0.000000
vn 0.702203 0.711977 0.000000
vn 0.702204 0.711976 0.000000
vn 0.702204 0.711976 0.000000
vn 0.702204 0.711976 0.000000
vn 0.702204 0.711976 0.000000
vn 0.702200 0.711980 0.000000
vn 0.702200 0.711980 0.000000
vn 0.676772 0.736193 -0.000000
vn 0.624184 0.781277 -0.000000
vn 0.676772 0.736193 0.000000
vn 0.569329 0.822110 -0.000000
vn 0.624184 0.781277 0.000000
vn 0.508732 0.860925 -0.000000
vn 0.569329 0.822110 0.000000
vn 0.443459 0.896295 -0.000000
vn 0.508732 0.860925 0.000000
vn 0.385419 0.922742 -0.000000
vn 0.443459 0.896295 0.000000
vn 0.335813 0.941928 -0.000000
vn 0.385419 0.922742 0.000000
vn 0.286039 0.958218 -0.000000
vn 0.335813 0.941928 0.000000
vn 0.286039 0.958218 0.000000
vn 0.236079 0.971734 -0.000000
vn 0.236079 0.971734 0.000000
vn 0.186159 0.982520 -0.000000
vn 0.186159 0.982520 0.000000
vn 0.136869 0.990589 -0.000000
vn 0.136869 0.990589 0.000000
vn 0.087490 0.996165 -0.000000
vn 0.087490 0.996165 0.000000
vn 0.014440 0.999896 -0.000000
vn 0.014440 0.999896 0.000000
vn -0.081670 0.996659 0.000000
vn -0.081670 0.996659 0.000000
vn -0.175228 0.984528 0.000000
vn -0.175228 0.984528 0.000000
vn -0.265499 0.964111 0.000000
vn -0.265499 0.964111 0.000000
vn -0.348820 0.937190 0.000000
vn -0.348820 0.937190 0.000000
vn -0.422839 0.906205 0.000000
vn -0.422839 0.906205 0.000000
vn -0.488406 0.872617 0.000000
vn -0.488406 0.872617 0.000000
vn -0.546163 0.837679 0.000000
vn -0.546163 0.837679 0.000000
vn -0.596831 0.802367 0.000000
vn -0.596831 0.802367 0.000000
vn -0.641224 0.767354 0.000000
vn -0.641224 0.767354 0.000000
vn -0.680275 0.732957 0.000000
vn -0.714195 0.699947 0.000000
vn -0.680275 0.732957 0.000000
vn -0.757708 0.652594 0.000000
vn -0.714195 0.699947 0.000000
vn -0.805165 0.593051 0.000000
vn -0.757708 0.652594 0.000000
vn -0.846638 0.532169 0.000000
vn -0.805165 0.593051 0.000000
vn -0.884136 0.467229 0.000000
vn -0.846638 0.532169 0.000000
vn -0.915374 0.402606 0.000000
vn -0.884136 0.467229 0.000000
vn -0.940112 0.340865 0.000000
vn -0.915374 0.402605 0.000000
vn -0.959419 0.281985 0.000000
vn -0.940112 0.340865 0.000000
vn -0.959419 0.281985 0.000000
vn -0.231560 0.972821 0.000000
vn -0.231560 0.972821 0.000000
vn -0.285264 0.958449 0.000000
vn -0.285264 0.958449 0.000000
vn -0.338096 0.941111 0.000000
vn -0.338096 0.941111 0.000000
vn -0.389868 0.920871 0.000000
vn -0.389868 0.920871 0.000000
vn -0.440445 0.897780 0.000000
vn -0.440445 0.897780 0.000000
vn -0.489661 0.871913 0.000000
vn -0.489661 0.871913 0.000000
vn -0.537356 0.843355 0.000000
vn -0.537356 0.843355 0.000000
vn -0.583399 0.812186 0.000000
vn -0.583399 0.812186 0.000000
vn -0.627635 0.778507 0.000000
vn -0.627635 0.778507 0.000000
vn -0.669927 0.742427 0.000000
vn -0.669927 0.742427 0.000000
vn -0.710152 0.704049 0.000000
vn -0.710152 0.704049 0.000000
vn -0.748185 0.663490 0.000000
vn -0.748185 0.663490 0.000000
vn -0.783900 0.620888 0.000000
vn -0.783900 0.620888 0.000000
vn -0.817194 0.576362 0.000000
vn -0.817194 0.576362 0.000000
vn -0.847962 0.530056 0.000000
vn -0.847962 0.530056 0.000000
vn -0.876108 0.482116 0.000000
vn -0.876108 0.482116 0.000000
vn -0.901550 0.432675 0.000000
vn -0.924202 0.381905 0.000000
vn -0.901550 0.432675 0.000000
vn -0.924202 0.381905 0.000000
vn -0.943997 0.329953 0.000000
vn -0.943997 0.329953 0.000000
vn -0.960876 0.276980 0.000000
vn -0.960876 0.276980 0.000000
vn -0.974784 0.223151 0.000000
vn -0.974784 0.223151 0.000000
vn -0.985678 0.168636 0.000000
vn -0.985678 0.168636 0.000000
vn -0.993527 0.113593 0.000000
vn -0.993527 0.113593 0.000000
vn -0.998305 0.058203 0.000000
vn -0.998305 0.058203 0.000000
vn -0.999996 0.002632 0.000000
vn -0.999996 0.002632 0.000000
vn -0.998597 -0.052945 -0.000000
vn -0.998597 -0.052945 0.000000
vn -0.994112 -0.108361 -0.000000
vn -0.994112 -0.108361 0.000000
vn -0.986553 -0.163440 -0.000000
vn -0.986553 -0.163440 0.000000
vn -0.975945 -0.218015 -0.000000
vn -0.975945 -0.218015 0.000000
vn -0.962321 -0.271917 -0.000000
vn -0.962321 -0.271917 0.000000
vn -0.945722 -0.324977 -0.000000
vn -0.945722 -0.324977 0.000000
vn -0.926199 -0.377034 -0.000000
vn -0.926199 -0.377034 0.000000
vn -0.903816 -0.427922 -0.000000
vn -0.903816 -0.427922 0.000000
vn -0.878636 -0.477491 -0.000000
vn -0.878636 -0.477491 0.000000
vn -0.850740 -0.525587 -0.000000
vn -0.850740 -0.525587 0.000000
vn -0.820219 -0.572049 -0.000000
vn -0.820219 -0.572049 0.000000
vn -0.787161 -0.616748 -0.000000
vn -0.751664 -0.659546 -0.000000
vn -0.787161 -0.616748 0.000000
vn -0.751664 -0.659546 -0.000000
vn -0.713852 -0.700297 -0.000000
vn -0.713852 -0.700297 0.000000
vn -0.673826 -0.738890 -0.000000
vn -0.673826 -0.738890 0.000000
vn -0.631725 -0.775193 -0.000000
vn -0.631725 -0.775193 0.000000
vn -0.587668 -0.809102 -0.000000
vn -0.587668 -0.809102 0.000000
vn -0.541790 -0.840514 -0.000000
vn -0.541790 -0.840514 0.000000
vn -0.494244 -0.869323 0.000000
vn -0.494244 -0.869323 -0.000000
vn -0.445168 -0.895447 0.000000
vn -0.445168 -0.895447 -0.000000
vn -0.394714 -0.918804 0.000000
vn -0.394714 -0.918804 -0.000000
vn -0.343042 -0.939320 0.000000
vn -0.343042 -0.939320 -0.000000
vn -0.290311 -0.956932 0.000000
vn -0.290311 -0.956932 -0.000000
vn -0.236680 -0.971588 0.000000
vn -0.236680 -0.971588 -0.000000
vn -0.182319 -0.983239 0.000000
vn -0.182319 -0.983239 -0.000000
vn -0.127392 -0.991852 0.000000
vn -0.127392 -0.991852 -0.000000
vn -0.072075 -0.997399 0.000000
vn -0.072075 -0.997399 -0.000000
vn -0.016533 -0.999863 0.000000
vn -0.016533 -0.999863 -0.000000
vn 0.039061 -0.999237 0.000000
vn 0.039061 -0.999237 0.000000
vn 0.094529 -0.995522 0.000000
vn 0.094529 -0.995522 0.000000
vn 0.149711 -0.988730 0.000000
vn 0.149711 -0.988730 0.000000
vn 0.204431 -0.978881 0.000000
vn 0.204431 -0.978881 0.000000
vn 0.258511 -0.966008 0.000000
vn 0.258511 -0.966008 0.000000
vn 0.311802 -0.950147 0.000000
vn 0.311802 -0.950147 0.000000
vn 0.364121 -0.931352 0.000000
vn 0.364121 -0.931352 0.000000
vn 0.415318 -0.909676 0.000000
vn 0.415318 -0.909676 0.000000
vn 0.465231 -0.885189 0.000000
vn 0.465231 -0.885189 0.000000
vn 0.513707 -0.857966 0.000000
vn 0.513707 -0.857966 0.000000
vn 0.560597 -0.828089 0.000000
vn 0.560597 -0.828089 0.000000
vn 0.605747 -0.795658 0.000000
vn 0.605747 -0.795658 0.000000
vn 0.649032 -0.760761 0.000000
vn 0.649032 -0.760761 0.000000
vn 0.690310 -0.723514 0.000000
vn 0.690310 -0.723514 0.000000
vn 0.729449 -0.684035 0.000000
vn 0.729449 -0.684035 0.000000
vn 0.766337 -0.642438 0.000000
vn 0.766337 -0.642438 0.000000
vn 0.800856 -0.598857 0.000000
vn 0.800856 -0.598857 0.000000
vn 0.832900 -0.553424 0.000000
vn 0.832900 -0.553424 0.000000
vn 0.862369 -0.506280 0.000000
vn 0.862369 -0.506280 0.000000
vn 0.889173 -0.457571 0.000000
vn 0.889173 -0.457571 0.000000
vn 0.913228 -0.407448 0.000000
vn 0.913228 -0.407448 0.000000
vn 0.934461 -0.356066 0.000000
vn 0.934461 -0.356066 0.000000
vn 0.952805 -0.303584 0.000000
vn 0.952805 -0.303584 0.000000
vn 0.968204 -0.250162 0.000000
vn 0.968204 -0.250162 0.000000
vn 0.980610 -0.195968 0.000000
vn 0.980610 -0.195968 0.000000
vn 0.989986 -0.141168 0.000000
vn 0.989986 -0.141168 0.000000
vn 0.996301 -0.085933 0.000000
vn 0.996301 -0.085933 0.000000
vn 0.999537 -0.030429 0.000000
vn 0.999537 -0.030429 0.000000
vn 0.999683 0.025165 0.000000
vn 0.999683 0.025165 0.000000
vn 0.996740 0.080686 0.000000
vn 0.996740 0.080686 0.000000
vn 0.990715 0.135952 0.000000
vn 0.990715 0.135952 0.000000
vn 0.981629 0.190802 0.000000
vn 0.981629 0.190802 0.000000
vn 0.969507 0.245062 0.000000
vn 0.969507 0.245062 0.000000
vn 0.954390 0.298561 0.000000
vn 0.954390 0.298561 0.000000
vn 0.936323 0.351141 0.000000
vn 0.936323 0.351141 0.000000
vn 0.915361 0.402635 0.000000
vn 0.915361 0.402635 0.000000
vn 0.891570 0.452882 0.000000
vn 0.891570 0.452882 0.000000
vn 0.865025 0.501729 0.000000
vn 0.865025 0.501729 0.000000
vn 0.835802 0.549031 0.000000
vn 0.835802 0.549031 0.000000
vn 0.804000 0.594630 0.000000
vn 0.804000 0.594630 0.000000
vn 0.769708 0.638395 0.000000
vn 0.769708 0.638395 0.000000
vn 0.733043 0.680182 0.000000
vn 0.733043 0.680182 0.000000
vn 0.694107 0.719872 0.000000
vn 0.694107 0.719872 0.000000
vn 0.653029 0.757333 0.000000
vn 0.653029 0.757333 0.000000
vn 0.609929 0.792456 0.000000
vn 0.609929 0.792456 0.000000
vn 0.564946 0.825128 0.000000
vn 0.564946 0.825128 0.000000
vn 0.518216 0.855249 0.000000
vn 0.518216 0.855249 0.000000
vn 0.469889 0.882726 0.000000
vn 0.469889 0.882726 0.000000
vn 0.420104 0.907476 0.000000
vn 0.369020 0.929421 0.000000
vn 0.420104 0.907476 0.000000
vn 0.369020 0.929421 0.000000
vn 0.316800 0.948492 0.000000
vn 0.316800 0.948492 0.000000
vn 0.263598 0.964633 0.000000
vn 0.263598 0.964633 0.000000
vn 0.209577 0.977792 0.000000
vn 0.209577 0.977792 0.000000
vn 0.154917 0.987928 0.000000
vn 0.154917 0.987928 0.000000
vn 0.099774 0.995010 0.000000
vn 0.099774 0.995010 0.000000
vn 0.044322 0.999017 0.000000
vn 0.044322 0.999017 0.000000
vn -0.011269 0.999937 0.000000
vn -0.011269 0.999937 0.000000
vn -0.066820 0.997765 0.000000
vn -0.122173 0.992509 0.000000
vn -0.066820 0.997765 0.000000
vn -0.122173 0.992509 0.000000
vn -0.177137 0.984186 0.000000
vn -0.177137 0.984186 0.000000
vn -0.184251 0.774067 -0.605700
vn -0.200588 0.772508 -0.602491
vn -0.186597 0.769563 -0.610700
vn -0.202123 0.772322 -0.602217
vn -0.185751 0.770986 -0.609161
vn -0.203572 0.772109 -0.602002
vn -0.204670 0.771914 -0.601880
vn -0.185026 0.772076 -0.608000
vn -0.205634 0.771704 -0.601820
vn -0.184362 0.772962 -0.607075
vn -0.207373 0.771241 -0.601817
vn -0.183780 0.773665 -0.606356
vn -0.208440 0.770892 -0.601896
vn -0.183114 0.774395 -0.605625
vn -0.182488 0.775030 -0.605001
vn -0.209851 0.770326 -0.602130
vn -0.211864 0.769345 -0.602679
vn -0.214138 0.768016 -0.603570
vn -0.216142 0.766654 -0.604586
vn -0.219676 0.763947 -0.606736
vn -0.181488 0.775975 -0.604090
vn -0.225832 0.758765 -0.610962
vn -0.231743 0.761194 -0.605705
vn -0.230827 0.760933 -0.606383
vn -0.230075 0.760686 -0.606978
vn -0.229158 0.760341 -0.607756
vn -0.228391 0.760016 -0.608451
vn -0.227188 0.759449 -0.609609
vn -0.226000 0.758830 -0.610820
vn -0.225151 0.758347 -0.611733
vn -0.232999 0.761479 -0.604865
vn -0.233444 0.761557 -0.604595
vn -0.174875 0.779286 -0.601774
vn -0.165650 0.778102 -0.605902
vn -0.234490 0.761693 -0.604018
vn -0.235215 0.761759 -0.603653
vn -0.169227 0.779475 -0.603142
vn -0.167094 0.780968 -0.601804
vn -0.274192 0.763229 -0.585064
vn -0.255406 0.752229 -0.607387
vn -0.382537 0.698135 -0.605204
vn -0.382041 0.698877 -0.604662
vn -0.382896 0.697553 -0.605648
vn -0.381378 0.699740 -0.604081
vn -0.383629 0.696247 -0.606687
vn -0.384038 0.695433 -0.607361
vn -0.380661 0.700583 -0.603557
vn -0.384621 0.694119 -0.608494
vn -0.380103 0.701174 -0.603222
vn -0.385463 0.691926 -0.610456
vn -0.379583 0.701680 -0.602960
vn -0.386221 0.689601 -0.612604
vn -0.378978 0.702229 -0.602702
vn -0.354198 0.721977 -0.594384
vn -0.378438 0.702692 -0.602502
vn -0.386566 0.688337 -0.613807
vn -0.394464 0.688952 -0.608065
vn -0.389908 0.688683 -0.611300
vn -0.397902 0.688948 -0.605825
vn -0.400010 0.688794 -0.604612
vn -0.402250 0.688447 -0.603519
vn -0.404035 0.688014 -0.602820
vn -0.404389 0.687913 -0.602699
vn -0.405058 0.687692 -0.602501
vn -0.406233 0.687253 -0.602211
vn -0.406712 0.687054 -0.602115
vn -0.407438 0.686724 -0.602000
vn -0.408021 0.686437 -0.601932
vn -0.358204 0.710022 -0.606266
vn -0.408925 0.685962 -0.601861
vn -0.410401 0.685124 -0.601811
vn -0.429175 0.673569 -0.601758
vn -0.424457 0.672423 -0.606369
vn -0.423547 0.672306 -0.607135
vn -0.422278 0.672087 -0.608260
vn -0.284633 0.743085 -0.605648
vn -0.426494 0.672598 -0.604744
vn -0.301264 0.723886 -0.620668
vn -0.301265 0.723885 -0.620669
vn -0.326617 0.725616 -0.605643
vn -0.548606 0.580132 -0.602062
vn -0.533308 0.591023 -0.605207
vn -0.547725 0.580809 -0.602211
vn -0.549378 0.579512 -0.601955
vn -0.533377 0.586316 -0.609707
vn -0.550503 0.578556 -0.601847
vn -0.551310 0.577823 -0.601812
vn -0.533284 0.587837 -0.608322
vn -0.552002 0.577141 -0.601832
vn -0.533169 0.588814 -0.607477
vn -0.553106 0.575941 -0.601968
vn -0.532990 0.589881 -0.606599
vn -0.553900 0.574972 -0.602165
vn -0.532794 0.590783 -0.605892
vn -0.532561 0.591691 -0.605211
vn -0.554786 0.573730 -0.602533
vn -0.555965 0.571798 -0.603282
vn -0.557241 0.569317 -0.604450
vn -0.558430 0.566586 -0.605917
vn -0.568564 0.556367 -0.605962
vn -0.567793 0.556537 -0.606529
vn -0.566894 0.556696 -0.607224
vn -0.566111 0.556801 -0.607858
vn -0.564753 0.556927 -0.609004
vn -0.563589 0.556989 -0.610025
vn -0.562561 0.557004 -0.610960
vn -0.559915 0.556947 -0.613437
vn -0.561945 0.557116 -0.611424
vn -0.505094 0.626510 -0.593603
vn -0.532000 0.593581 -0.603852
vn -0.569553 0.556107 -0.605272
vn -0.570604 0.555769 -0.604592
vn -0.571156 0.555561 -0.604263
vn -0.572006 0.555198 -0.603792
vn -0.572722 0.554860 -0.603423
vn -0.460486 0.648959 -0.605644
vn -0.605744 0.537173 -0.586957
vn -0.585748 0.536868 -0.607184
vn -0.471824 0.626221 -0.620668
vn -0.471824 0.626221 -0.620669
vn -0.496802 0.621594 -0.605647
vn -0.670865 0.427959 -0.605633
vn -0.670831 0.428676 -0.605164
vn -0.670875 0.427013 -0.606289
vn -0.670694 0.429875 -0.604464
vn -0.670834 0.425691 -0.607263
vn -0.670745 0.424506 -0.608191
vn -0.670506 0.431008 -0.603866
vn -0.670578 0.423151 -0.609318
vn -0.670341 0.431755 -0.603515
vn -0.670154 0.420717 -0.611465
vn -0.670168 0.432405 -0.603243
vn -0.669555 0.418068 -0.613934
vn -0.669912 0.433235 -0.602931
vn -0.658074 0.464136 -0.592888
vn -0.669622 0.434089 -0.602639
vn -0.674840 0.416176 -0.609417
vn -0.669711 0.418632 -0.613379
vn -0.678485 0.414208 -0.606704
vn -0.681128 0.412558 -0.604865
vn -0.682712 0.411396 -0.603869
vn -0.684305 0.410015 -0.603004
vn -0.685523 0.408766 -0.602468
vn -0.685858 0.408394 -0.602340
vn -0.686275 0.407892 -0.602204
vn -0.687079 0.406851 -0.601992
vn -0.687432 0.406360 -0.601921
vn -0.687769 0.405858 -0.601874
vn -0.688299 0.405021 -0.601833
vn -0.655352 0.450231 -0.606470
vn -0.688813 0.404161 -0.601823
vn -0.694785 0.385943 -0.606896
vn -0.693671 0.386351 -0.607910
vn -0.692861 0.386607 -0.608670
vn -0.699392 0.384870 -0.602267
vn -0.695639 0.385587 -0.606143
vn -0.607409 0.514049 -0.605647
vn -0.697515 0.384710 -0.604541
vn -0.612735 0.489207 -0.620671
vn -0.612735 0.489210 -0.620668
vn -0.727782 0.349279 -0.590202
vn -0.635783 0.478514 -0.605644
vn -0.760416 0.243972 -0.601867
vn -0.760137 0.244712 -0.601920
vn -0.760758 0.242999 -0.601830
vn -0.751919 0.262817 -0.604603
vn -0.759411 0.246439 -0.602131
vn -0.761173 0.241693 -0.601831
vn -0.761415 0.240825 -0.601873
vn -0.749939 0.258821 -0.608771
vn -0.761626 0.239920 -0.601967
vn -0.750389 0.259861 -0.607773
vn -0.761925 0.238257 -0.602249
vn -0.750738 0.260791 -0.606943
vn -0.762064 0.237084 -0.602536
vn -0.751057 0.261780 -0.606122
vn -0.751303 0.262656 -0.605439
vn -0.762145 0.235540 -0.603039
vn -0.762099 0.233094 -0.604046
vn -0.761807 0.229838 -0.605660
vn -0.761299 0.226484 -0.607559
vn -0.759785 0.219014 -0.612176
vn -0.765826 0.214950 -0.606059
vn -0.765186 0.215501 -0.606671
vn -0.764531 0.216020 -0.607312
vn -0.763497 0.216770 -0.608344
vn -0.762560 0.217393 -0.609296
vn -0.761790 0.217864 -0.610090
vn -0.759483 0.219159 -0.612499
vn -0.766371 0.214440 -0.605551
vn -0.744387 0.307601 -0.592680
vn -0.751759 0.264550 -0.604046
vn -0.767073 0.213726 -0.604914
vn -0.767855 0.212842 -0.604233
vn -0.768107 0.212527 -0.604023
vn -0.768713 0.211702 -0.603541
vn -0.769133 0.211085 -0.603222
vn -0.716165 0.346845 -0.605646
vn -0.787922 0.180374 -0.588765
vn -0.771886 0.189128 -0.606978
vn -0.715146 0.321457 -0.620670
vn -0.715147 0.321459 -0.620668
vn -0.734809 0.305369 -0.605645
vn -0.793578 0.052401 -0.606209
vn -0.793982 0.053154 -0.605613
vn -0.793134 0.051643 -0.606853
vn -0.794485 0.054261 -0.604854
vn -0.792400 0.050498 -0.607908
vn -0.791690 0.049492 -0.608915
vn -0.794904 0.055325 -0.604208
vn -0.790751 0.048284 -0.610230
vn -0.795150 0.056066 -0.603816
vn -0.789093 0.046351 -0.612523
vn -0.795354 0.056789 -0.603479
vn -0.795541 0.057562 -0.603160
vn -0.791087 0.042613 -0.610218
vn -0.788748 0.045986 -0.612994
vn -0.801229 0.091607 -0.591303
vn -0.795709 0.058368 -0.602860
vn -0.793226 0.039270 -0.607660
vn -0.795000 0.036163 -0.605531
vn -0.796254 0.033582 -0.604029
vn -0.796906 0.031931 -0.603259
vn -0.797523 0.029890 -0.602548
vn -0.797886 0.028197 -0.602148
vn -0.797960 0.027771 -0.602070
vn -0.798069 0.026973 -0.601963
vn -0.798189 0.025776 -0.601855
vn -0.798238 0.025055 -0.601820
vn -0.798271 0.024241 -0.601811
vn -0.798281 0.023456 -0.601828
vn -0.790952 0.079639 -0.606674
vn -0.798271 0.022281 -0.601886
vn -0.795522 0.003602 -0.605914
vn -0.794974 0.004318 -0.606628
vn -0.794240 0.005197 -0.607582
vn -0.793665 0.005824 -0.608327
vn -0.797418 0.002099 -0.603424
vn -0.779923 0.157851 -0.605642
vn -0.796722 0.001887 -0.604343
vn -0.772623 0.133510 -0.620669
vn -0.772620 0.133506 -0.620672
vn -0.787664 0.113037 -0.605647
vn -0.783902 -0.152690 -0.601817
vn -0.784062 -0.151871 -0.601816
vn -0.783738 -0.153425 -0.601844
vn -0.784285 -0.150424 -0.601889
vn -0.786657 -0.130324 -0.603479
vn -0.783378 -0.154827 -0.601952
vn -0.783163 -0.155551 -0.602046
vn -0.781714 -0.133620 -0.609155
vn -0.782847 -0.156461 -0.602221
vn -0.782626 -0.132943 -0.608130
vn -0.782202 -0.158044 -0.602646
vn -0.783455 -0.132262 -0.607211
vn -0.781704 -0.159082 -0.603019
vn -0.784204 -0.131586 -0.606391
vn -0.784857 -0.130948 -0.605682
vn -0.780833 -0.160625 -0.603738
vn -0.779470 -0.162691 -0.604945
vn -0.777226 -0.165637 -0.607029
vn -0.774560 -0.168749 -0.609574
vn -0.771245 -0.172288 -0.612778
vn -0.774866 -0.179111 -0.606219
vn -0.774626 -0.178480 -0.606712
vn -0.774128 -0.177320 -0.607687
vn -0.773664 -0.176353 -0.608558
vn -0.773204 -0.175482 -0.609395
vn -0.772021 -0.173439 -0.611476
vn -0.775176 -0.180039 -0.605548
vn -0.775363 -0.180689 -0.605115
vn -0.801397 -0.087355 -0.591720
vn -0.786198 -0.129539 -0.604245
vn -0.775580 -0.181578 -0.604569
vn -0.775798 -0.182724 -0.603945
vn -0.775869 -0.183228 -0.603701
vn -0.775960 -0.184140 -0.603306
vn -0.776005 -0.184836 -0.603035
vn -0.776643 -0.219451 -0.590480
vn -0.794674 -0.041070 -0.605646
vn -0.767890 -0.205354 -0.606774
vn -0.781548 -0.062831 -0.620673
vn -0.781550 -0.062828 -0.620670
vn -0.791028 -0.086398 -0.605648
vn -0.720541 -0.335617 -0.606780
vn -0.721360 -0.335126 -0.606078
vn -0.719803 -0.336022 -0.607431
vn -0.722343 -0.334445 -0.605283
vn -0.718440 -0.336702 -0.608667
vn -0.717411 -0.337161 -0.609626
vn -0.723285 -0.333717 -0.604559
vn -0.715878 -0.337763 -0.611093
vn -0.723859 -0.333221 -0.604146
vn -0.713281 -0.338644 -0.613638
vn -0.714502 -0.338290 -0.612411
vn -0.724511 -0.332602 -0.603705
vn -0.714873 -0.345201 -0.608106
vn -0.724967 -0.332133 -0.603416
vn -0.748063 -0.304519 -0.589635
vn -0.725560 -0.331481 -0.603061
vn -0.714912 -0.348406 -0.606229
vn -0.714776 -0.351691 -0.604490
vn -0.714493 -0.354237 -0.603337
vn -0.714168 -0.355940 -0.602720
vn -0.713614 -0.357932 -0.602196
vn -0.712965 -0.359699 -0.601911
vn -0.712885 -0.359895 -0.601889
vn -0.712520 -0.360703 -0.601838
vn -0.711889 -0.361986 -0.601814
vn -0.711586 -0.362558 -0.601828
vn -0.711178 -0.363283 -0.601874
vn -0.710605 -0.364246 -0.601968
vn -0.731670 -0.310421 -0.606876
vn -0.699411 -0.379462 -0.605667
vn -0.699294 -0.378560 -0.606367
vn -0.699099 -0.377436 -0.607292
vn -0.698931 -0.376678 -0.607955
vn -0.698539 -0.375255 -0.609285
vn -0.700282 -0.380566 -0.603966
vn -0.759493 -0.237408 -0.605646
vn -0.741372 -0.255217 -0.620670
vn -0.685517 -0.423512 -0.592203
vn -0.699592 -0.381548 -0.604145
vn -0.741372 -0.255216 -0.620671
vn -0.744691 -0.280406 -0.605647
vn -0.613480 -0.511260 -0.601877
vn -0.613845 -0.510866 -0.601839
vn -0.612912 -0.511840 -0.601963
vn -0.614823 -0.509712 -0.601819
vn -0.611901 -0.512803 -0.602171
vn -0.611360 -0.513280 -0.602315
vn -0.615702 -0.508608 -0.601855
vn -0.627967 -0.492018 -0.602972
vn -0.610550 -0.513927 -0.602584
vn -0.622091 -0.492720 -0.608465
vn -0.609248 -0.514857 -0.603108
vn -0.623172 -0.492541 -0.607504
vn -0.608082 -0.515587 -0.603661
vn -0.624131 -0.492336 -0.606684
vn -0.625099 -0.492089 -0.605888
vn -0.606626 -0.516370 -0.604456
vn -0.603929 -0.517594 -0.606107
vn -0.600165 -0.519016 -0.608625
vn -0.593757 -0.528089 -0.607104
vn -0.593852 -0.527055 -0.607909
vn -0.593890 -0.526312 -0.608515
vn -0.593919 -0.523931 -0.610538
vn -0.593692 -0.520108 -0.614018
vn -0.593800 -0.521029 -0.613131
vn -0.593583 -0.529389 -0.606140
vn -0.593461 -0.530076 -0.605660
vn -0.593281 -0.530892 -0.605121
vn -0.593116 -0.531516 -0.604735
vn -0.626919 -0.491552 -0.604441
vn -0.592839 -0.532415 -0.604216
vn -0.592416 -0.533573 -0.603609
vn -0.592273 -0.533912 -0.603448
vn -0.591868 -0.534784 -0.603074
vn -0.591558 -0.535396 -0.602835
vn -0.575264 -0.564340 -0.592108
vn -0.676593 -0.418827 -0.605645
vn -0.574669 -0.549389 -0.606570
vn -0.654611 -0.431571 -0.620669
vn -0.654610 -0.431572 -0.620671
vn -0.651561 -0.456795 -0.605645
vn -0.470070 -0.640473 -0.607312
vn -0.471001 -0.640471 -0.606593
vn -0.469157 -0.640443 -0.608050
vn -0.472343 -0.640378 -0.605646
vn -0.467680 -0.640334 -0.609301
vn -0.466347 -0.640180 -0.610484
vn -0.473464 -0.640241 -0.604916
vn -0.464689 -0.639912 -0.612027
vn -0.464798 -0.639935 -0.611920
vn -0.474287 -0.640094 -0.604426
vn -0.461967 -0.645483 -0.608225
vn -0.474970 -0.639938 -0.604055
vn -0.460455 -0.648222 -0.606457
vn -0.475895 -0.639686 -0.603594
vn -0.476632 -0.639458 -0.603254
vn -0.511036 -0.627095 -0.587872
vn -0.458921 -0.650737 -0.604923
vn -0.457382 -0.652966 -0.603686
vn -0.455787 -0.654954 -0.602738
vn -0.454661 -0.656148 -0.602290
vn -0.453122 -0.657534 -0.601938
vn -0.451739 -0.658597 -0.601815
vn -0.451364 -0.658864 -0.601804
vn -0.450626 -0.659355 -0.601820
vn -0.449333 -0.660159 -0.601906
vn -0.448718 -0.660518 -0.601970
vn -0.447712 -0.661074 -0.602109
vn -0.492181 -0.623866 -0.607083
vn -0.431522 -0.669448 -0.604672
vn -0.430888 -0.669154 -0.605449
vn -0.431228 -0.668340 -0.606106
vn -0.431602 -0.667324 -0.606958
vn -0.431847 -0.666552 -0.607632
vn -0.432200 -0.665199 -0.608862
vn -0.432448 -0.663994 -0.610000
vn -0.551175 -0.573932 -0.605647
vn -0.397914 -0.699889 -0.593145
vn -0.429981 -0.671091 -0.603947
vn -0.526716 -0.580808 -0.620671
vn -0.526719 -0.580808 -0.620669
vn -0.517492 -0.604479 -0.605646
vn -0.291445 -0.743373 -0.602044
vn -0.291968 -0.743228 -0.601969
vn -0.290597 -0.743580 -0.602198
vn -0.293227 -0.742814 -0.601868
vn -0.289415 -0.743824 -0.602465
vn -0.288518 -0.743971 -0.602714
vn -0.315239 -0.733804 -0.601795
vn -0.294568 -0.742323 -0.601819
vn -0.287719 -0.744062 -0.602983
vn -0.308438 -0.730907 -0.608803
vn -0.285893 -0.744170 -0.603719
vn -0.309436 -0.731281 -0.607846
vn -0.284602 -0.744166 -0.604333
vn -0.310476 -0.731617 -0.606911
vn -0.311416 -0.731881 -0.606111
vn -0.282728 -0.744040 -0.605367
vn -0.279563 -0.743618 -0.607351
vn -0.275028 -0.742726 -0.610507
vn -0.266699 -0.749008 -0.606514
vn -0.270866 -0.741687 -0.613622
vn -0.267215 -0.748304 -0.607155
vn -0.267656 -0.747647 -0.607771
vn -0.268847 -0.745709 -0.609622
vn -0.270498 -0.742518 -0.612779
vn -0.265901 -0.750006 -0.605630
vn -0.265458 -0.750514 -0.605194
vn -0.264876 -0.751129 -0.604686
vn -0.264400 -0.751592 -0.604320
vn -0.313237 -0.732319 -0.604642
vn -0.359535 -0.723198 -0.589678
vn -0.263722 -0.752201 -0.603858
vn -0.262803 -0.752947 -0.603329
vn -0.262528 -0.753150 -0.603195
vn -0.261679 -0.753731 -0.602838
vn -0.261111 -0.754093 -0.602632
vn -0.233620 -0.770066 -0.593650
vn -0.391130 -0.692973 -0.605645
vn -0.239759 -0.758179 -0.606367
vn -0.365730 -0.693551 -0.620669
vn -0.365729 -0.693550 -0.620669
vn -0.350904 -0.714186 -0.605644
vn -0.104027 -0.787193 -0.607870
vn -0.104876 -0.787693 -0.607076
vn -0.103232 -0.786686 -0.608662
vn -0.106073 -0.788296 -0.606084
vn -0.101950 -0.785794 -0.610027
vn -0.100839 -0.784952 -0.611295
vn -0.107137 -0.788764 -0.605288
vn -0.100829 -0.785038 -0.611187
vn -0.099540 -0.783877 -0.612886
vn -0.107909 -0.789052 -0.604775
vn -0.093063 -0.789737 -0.606346
vn -0.108758 -0.789323 -0.604268
vn -0.090734 -0.791030 -0.605012
vn -0.109495 -0.789525 -0.603872
vn -0.110298 -0.789715 -0.603477
vn -0.147732 -0.796711 -0.586026
vn -0.088620 -0.792079 -0.603951
vn -0.086233 -0.793091 -0.602968
vn -0.084004 -0.793846 -0.602289
vn -0.082480 -0.794228 -0.601995
vn -0.080426 -0.794572 -0.601820
vn -0.078518 -0.794746 -0.601842
vn -0.077980 -0.794776 -0.601872
vn -0.077077 -0.794800 -0.601956
vn -0.075488 -0.794798 -0.602160
vn -0.074510 -0.794773 -0.602316
vn -0.131557 -0.783515 -0.607286
vn -0.057366 -0.793849 -0.605403
vn -0.056063 -0.794078 -0.605226
vn -0.056736 -0.793566 -0.605833
vn -0.057561 -0.792882 -0.606651
vn -0.058147 -0.792349 -0.607291
vn -0.059092 -0.791396 -0.608442
vn -0.059924 -0.790462 -0.609573
vn -0.060536 -0.789719 -0.610475
vn -0.206503 -0.768471 -0.605647
vn -0.054275 -0.795321 -0.603754
vn -0.013300 -0.804320 -0.594048
vn -0.181760 -0.762715 -0.620669
vn -0.181760 -0.762714 -0.620669
vn -0.162268 -0.779016 -0.605643
vn 0.102507 -0.791661 -0.602300
vn 0.101889 -0.791841 -0.602168
vn 0.103163 -0.791447 -0.602469
vn 0.100640 -0.792136 -0.601989
vn 0.104327 -0.791019 -0.602831
vn 0.105145 -0.790677 -0.603137
vn 0.099436 -0.792375 -0.601875
vn 0.105946 -0.790295 -0.603498
vn 0.075532 -0.795451 -0.601292
vn 0.098655 -0.792503 -0.601836
vn 0.107543 -0.789421 -0.604359
vn 0.080251 -0.789788 -0.608107
vn 0.108766 -0.788651 -0.605144
vn 0.079550 -0.790562 -0.607194
vn 0.078854 -0.791272 -0.606358
vn 0.110407 -0.787467 -0.606388
vn 0.113118 -0.785238 -0.608773
vn 0.116897 -0.781740 -0.612550
vn 0.118173 -0.780445 -0.613954
vn 0.126652 -0.785428 -0.605857
vn 0.125779 -0.785062 -0.606512
vn 0.125063 -0.784728 -0.607093
vn 0.123204 -0.783764 -0.608716
vn 0.120385 -0.782020 -0.611516
vn 0.127700 -0.785814 -0.605135
vn 0.128401 -0.786040 -0.604694
vn 0.129159 -0.786249 -0.604260
vn 0.129802 -0.786399 -0.603927
vn 0.077487 -0.792566 -0.604842
vn 0.130691 -0.786571 -0.603512
vn 0.131810 -0.786731 -0.603060
vn 0.132131 -0.786762 -0.602948
vn 0.133242 -0.786833 -0.602612
vn 0.133772 -0.786850 -0.602471
vn 0.164290 -0.786675 -0.595106
vn -0.008909 -0.795686 -0.605644
vn 0.154370 -0.780216 -0.606162
vn 0.013629 -0.783953 -0.620670
vn 0.013628 -0.783955 -0.620668
vn 0.036565 -0.794896 -0.605643
vn 0.287215 -0.739841 -0.608394
vn 0.286746 -0.740689 -0.607583
vn 0.287704 -0.738877 -0.609334
vn 0.286028 -0.741809 -0.606554
vn 0.288334 -0.737509 -0.610692
vn 0.288368 -0.737590 -0.610577
vn 0.288905 -0.736122 -0.612093
vn 0.285306 -0.742813 -0.605664
vn 0.296282 -0.737704 -0.606638
vn 0.284754 -0.743497 -0.605085
vn 0.300131 -0.737639 -0.604822
vn 0.284172 -0.744150 -0.604555
vn 0.302223 -0.737524 -0.603920
vn 0.283595 -0.744742 -0.604097
vn 0.283035 -0.745278 -0.603699
vn 0.304306 -0.737307 -0.603139
vn 0.306634 -0.736914 -0.602440
vn 0.308896 -0.736352 -0.601971
vn 0.310269 -0.735891 -0.601829
vn 0.312362 -0.735000 -0.601834
vn 0.314102 -0.734109 -0.602017
vn 0.314664 -0.733798 -0.602102
vn 0.315568 -0.733265 -0.602279
vn 0.317208 -0.732240 -0.602664
vn 0.249682 -0.760850 -0.598971
vn 0.281250 -0.746879 -0.602553
vn 0.330327 -0.723519 -0.606138
vn 0.331919 -0.723262 -0.605576
vn 0.330839 -0.723081 -0.606382
vn 0.330190 -0.722942 -0.606901
vn 0.328828 -0.722575 -0.608077
vn 0.327770 -0.722228 -0.609059
vn 0.326794 -0.721864 -0.610015
vn 0.325811 -0.721455 -0.611024
vn 0.332755 -0.723365 -0.604993
vn 0.189252 -0.772902 -0.605645
vn 0.334957 -0.723546 -0.603560
vn 0.373950 -0.711509 -0.594910
vn 0.208162 -0.755935 -0.620670
vn 0.208161 -0.755937 -0.620667
vn 0.233097 -0.760830 -0.605644
vn 0.470769 -0.644396 -0.602603
vn 0.470323 -0.644890 -0.602423
vn 0.471210 -0.643874 -0.602816
vn 0.469495 -0.645711 -0.602189
vn 0.472028 -0.642826 -0.603294
vn 0.472500 -0.642164 -0.603630
vn 0.468501 -0.646624 -0.601984
vn 0.472944 -0.641469 -0.604021
vn 0.468114 -0.646953 -0.601931
vn 0.473928 -0.639723 -0.605101
vn 0.448151 -0.661988 -0.600777
vn 0.467433 -0.647501 -0.601872
vn 0.474594 -0.638353 -0.606025
vn 0.449753 -0.654805 -0.607415
vn 0.449518 -0.655712 -0.606610
vn 0.475440 -0.636300 -0.607519
vn 0.476685 -0.632671 -0.610327
vn 0.487515 -0.628196 -0.606382
vn 0.485530 -0.628326 -0.607838
vn 0.482382 -0.628287 -0.610379
vn 0.478750 -0.627996 -0.613530
vn 0.478030 -0.627899 -0.614191
vn 0.488328 -0.628109 -0.605818
vn 0.489064 -0.627998 -0.605338
vn 0.490341 -0.627751 -0.604562
vn 0.490925 -0.627612 -0.604232
vn 0.491581 -0.627427 -0.603891
vn 0.492320 -0.627186 -0.603538
vn 0.415713 -0.694301 -0.587476
vn 0.448973 -0.657529 -0.605044
vn 0.493048 -0.626919 -0.603221
vn 0.494230 -0.626421 -0.602771
vn 0.494450 -0.626317 -0.602699
vn 0.495392 -0.625835 -0.602427
vn 0.495994 -0.625504 -0.602274
vn 0.520933 -0.610611 -0.596476
vn 0.375517 -0.701558 -0.605643
vn 0.510607 -0.609995 -0.605959
vn 0.389615 -0.680420 -0.620668
vn 0.389616 -0.680417 -0.620670
vn 0.414984 -0.678957 -0.605645
vn 0.607298 -0.510192 -0.609010
vn 0.607326 -0.511234 -0.608108
vn 0.607235 -0.509167 -0.609930
vn 0.607272 -0.512678 -0.606945
vn 0.607067 -0.507488 -0.611494
vn 0.606870 -0.506075 -0.612860
vn 0.607433 -0.509226 -0.609684
vn 0.607163 -0.513876 -0.606040
vn 0.616747 -0.503616 -0.604975
vn 0.607034 -0.514751 -0.605427
vn 0.619371 -0.501906 -0.603713
vn 0.606854 -0.515654 -0.604838
vn 0.620833 -0.500865 -0.603075
vn 0.606664 -0.516426 -0.604370
vn 0.606422 -0.517280 -0.603883
vn 0.622267 -0.499727 -0.602542
vn 0.623946 -0.498203 -0.602068
vn 0.625478 -0.496578 -0.601820
vn 0.626442 -0.495376 -0.601808
vn 0.627761 -0.493449 -0.602016
vn 0.628902 -0.491518 -0.602406
vn 0.629285 -0.490823 -0.602572
vn 0.629803 -0.489824 -0.602843
vn 0.630779 -0.487834 -0.603437
vn 0.584478 -0.548089 -0.598317
vn 0.605732 -0.519431 -0.602727
vn 0.638956 -0.474673 -0.605327
vn 0.638019 -0.475028 -0.606037
vn 0.637337 -0.475251 -0.606579
vn 0.636055 -0.475597 -0.607652
vn 0.634890 -0.475846 -0.608675
vn 0.634071 -0.475987 -0.609418
vn 0.632923 -0.476139 -0.610492
vn 0.636309 -0.475814 -0.607217
vn 0.639774 -0.474323 -0.604737
vn 0.538191 -0.586128 -0.605644
vn 0.641763 -0.473376 -0.603370
vn 0.668970 -0.444500 -0.595734
vn 0.546589 -0.562150 -0.620667
vn 0.546590 -0.562146 -0.620670
vn 0.570797 -0.554423 -0.605645
vn 0.722539 -0.338284 -0.602910
vn 0.722439 -0.338825 -0.602727
vn 0.722661 -0.337474 -0.603219
vn 0.722159 -0.339968 -0.602419
vn 0.722804 -0.336175 -0.603772
vn 0.722855 -0.335379 -0.604154
vn 0.721844 -0.341053 -0.602183
vn 0.722869 -0.334355 -0.604704
vn 0.721607 -0.341764 -0.602064
vn 0.722792 -0.332499 -0.605819
vn 0.721360 -0.342433 -0.601979
vn 0.711621 -0.366202 -0.599576
vn 0.722615 -0.330756 -0.606982
vn 0.709008 -0.357772 -0.607706
vn 0.709278 -0.358758 -0.606808
vn 0.722226 -0.328354 -0.608748
vn 0.721324 -0.324300 -0.611982
vn 0.720542 -0.321479 -0.614387
vn 0.728533 -0.317443 -0.607017
vn 0.725967 -0.318954 -0.609295
vn 0.723080 -0.320392 -0.611968
vn 0.730170 -0.316295 -0.605648
vn 0.730639 -0.315936 -0.605269
vn 0.731351 -0.315341 -0.604719
vn 0.732114 -0.314647 -0.604158
vn 0.732647 -0.314119 -0.603786
vn 0.733131 -0.313600 -0.603468
vn 0.733526 -0.313142 -0.603226
vn 0.709700 -0.360560 -0.605246
vn 0.734100 -0.312426 -0.602899
vn 0.734810 -0.311452 -0.602537
vn 0.734964 -0.311223 -0.602469
vn 0.735530 -0.310319 -0.602244
vn 0.735871 -0.309742 -0.602125
vn 0.749128 -0.285448 -0.597768
vn 0.667046 -0.433869 -0.605646
vn 0.741162 -0.289380 -0.605754
vn 0.669218 -0.408555 -0.620669
vn 0.669218 -0.408552 -0.620672
vn 0.690738 -0.395058 -0.605648
vn 0.777394 -0.155177 -0.609572
vn 0.777962 -0.156089 -0.608615
vn 0.776763 -0.154238 -0.610614
vn 0.778646 -0.157360 -0.607412
vn 0.775807 -0.152922 -0.612159
vn 0.777774 -0.155433 -0.609023
vn 0.783271 -0.145262 -0.604471
vn 0.779193 -0.158520 -0.606407
vn 0.784097 -0.143618 -0.603793
vn 0.779535 -0.159364 -0.605746
vn 0.785255 -0.141098 -0.602881
vn 0.779832 -0.160219 -0.605138
vn 0.785831 -0.139683 -0.602460
vn 0.780072 -0.161025 -0.604614
vn 0.780290 -0.161869 -0.604107
vn 0.786380 -0.138084 -0.602112
vn 0.786939 -0.136006 -0.601855
vn 0.787346 -0.133816 -0.601814
vn 0.787509 -0.132271 -0.601942
vn 0.787593 -0.129689 -0.602393
vn 0.787520 -0.127222 -0.603015
vn 0.787470 -0.126332 -0.603268
vn 0.787340 -0.124706 -0.603775
vn 0.780769 -0.164024 -0.602906
vn 0.776281 -0.200573 -0.597626
vn 0.788026 -0.109773 -0.605776
vn 0.787624 -0.110226 -0.606217
vn 0.786691 -0.111173 -0.607255
vn 0.785855 -0.111934 -0.608196
vn 0.785190 -0.112492 -0.608951
vn 0.784355 -0.113139 -0.609907
vn 0.783473 -0.113769 -0.610923
vn 0.786018 -0.112083 -0.607959
vn 0.788701 -0.108940 -0.605048
vn 0.789182 -0.108292 -0.604537
vn 0.753989 -0.254352 -0.605645
vn 0.799629 -0.068970 -0.596520
vn 0.790475 -0.106398 -0.603182
vn 0.749797 -0.229295 -0.620668
vn 0.749796 -0.229292 -0.620670
vn 0.767288 -0.210862 -0.605645
vn 0.795861 0.051183 -0.603312
vn 0.796081 0.050609 -0.603070
vn 0.795535 0.051951 -0.603677
vn 0.796428 0.049516 -0.602702
vn 0.795031 0.053013 -0.604247
vn 0.794601 0.053823 -0.604741
vn 0.796731 0.048394 -0.602394
vn 0.794041 0.054761 -0.605393
vn 0.796880 0.047730 -0.602250
vn 0.792942 0.056390 -0.606683
vn 0.797016 0.047010 -0.602126
vn 0.791859 0.057809 -0.607962
vn 0.797146 0.046197 -0.602016
vn 0.800506 0.020151 -0.598987
vn 0.794233 0.026463 -0.607037
vn 0.790088 0.059872 -0.610062
vn 0.786877 0.063215 -0.613864
vn 0.786407 0.063659 -0.614420
vn 0.790679 0.069888 -0.608229
vn 0.789091 0.067377 -0.610570
vn 0.792003 0.072359 -0.606215
vn 0.792750 0.074077 -0.605028
vn 0.792978 0.074667 -0.604658
vn 0.793235 0.075427 -0.604226
vn 0.793559 0.076541 -0.603660
vn 0.793704 0.077125 -0.603395
vn 0.793853 0.077852 -0.603105
vn 0.793960 0.078488 -0.602883
vn 0.795488 0.025117 -0.605449
vn 0.794075 0.079363 -0.602617
vn 0.794182 0.080583 -0.602313
vn 0.794192 0.080774 -0.602275
vn 0.794217 0.081947 -0.602082
vn 0.788035 0.101035 -0.607283
vn 0.793858 0.108938 -0.598266
vn 0.793555 -0.058850 -0.605646
vn 0.789156 0.102678 -0.605550
vn 0.783264 -0.035624 -0.620668
vn 0.783262 -0.035622 -0.620670
vn 0.795621 -0.013422 -0.605646
vn 0.755816 0.237661 -0.610131
vn 0.756795 0.237145 -0.609118
vn 0.754740 0.238182 -0.611259
vn 0.757486 0.236964 -0.608328
vn 0.758040 0.236386 -0.607863
vn 0.756988 0.249460 -0.603936
vn 0.756873 0.251186 -0.603365
vn 0.759122 0.235646 -0.606798
vn 0.756725 0.252733 -0.602905
vn 0.759863 0.235076 -0.606092
vn 0.756419 0.255012 -0.602328
vn 0.760574 0.234470 -0.605434
vn 0.756162 0.256421 -0.602053
vn 0.761218 0.233868 -0.604858
vn 0.761832 0.233249 -0.604323
vn 0.755789 0.257947 -0.601869
vn 0.755148 0.259950 -0.601812
vn 0.754301 0.262020 -0.601976
vn 0.753559 0.263500 -0.602260
vn 0.752075 0.266008 -0.603011
vn 0.750511 0.268335 -0.603928
vn 0.749772 0.269378 -0.604381
vn 0.763290 0.231675 -0.603089
vn 0.777852 0.196617 -0.596898
vn 0.743818 0.282192 -0.605890
vn 0.743499 0.280938 -0.606863
vn 0.743190 0.279949 -0.607698
vn 0.742877 0.279072 -0.608484
vn 0.742502 0.278142 -0.609366
vn 0.742087 0.277218 -0.610293
vn 0.741415 0.275866 -0.611720
vn 0.742891 0.278600 -0.608683
vn 0.743935 0.282781 -0.605472
vn 0.744099 0.283856 -0.604767
vn 0.744179 0.284577 -0.604329
vn 0.783260 0.140348 -0.605645
vn 0.744348 0.286952 -0.602997
vn 0.734158 0.322930 -0.597267
vn 0.767514 0.160287 -0.620669
vn 0.767515 0.160287 -0.620669
vn 0.773964 0.184861 -0.605646
vn 0.672794 0.427633 -0.603720
vn 0.673267 0.427270 -0.603450
vn 0.672079 0.428143 -0.604155
vn 0.674161 0.426491 -0.603003
vn 0.671096 0.428785 -0.604792
vn 0.670235 0.429292 -0.605387
vn 0.674985 0.425704 -0.602638
vn 0.669291 0.429786 -0.606080
vn 0.675429 0.425239 -0.602468
vn 0.667405 0.430646 -0.607548
vn 0.675934 0.424671 -0.602302
vn 0.665550 0.431369 -0.609068
vn 0.676445 0.424060 -0.602159
vn 0.693498 0.402240 -0.597715
vn 0.683507 0.405002 -0.607282
vn 0.662752 0.432282 -0.611467
vn 0.660077 0.442206 -0.607249
vn 0.660034 0.439584 -0.609198
vn 0.659649 0.434831 -0.613013
vn 0.659433 0.433175 -0.614417
vn 0.659921 0.444886 -0.605460
vn 0.659655 0.446761 -0.604367
vn 0.659579 0.447172 -0.604146
vn 0.659384 0.448024 -0.603728
vn 0.659088 0.449106 -0.603248
vn 0.658905 0.449681 -0.603018
vn 0.658622 0.450468 -0.602740
vn 0.658443 0.450914 -0.602602
vn 0.685275 0.404453 -0.605653
vn 0.658050 0.451806 -0.602363
vn 0.657484 0.452962 -0.602113
vn 0.657415 0.453092 -0.602091
vn 0.656800 0.454175 -0.601946
vn 0.643499 0.475925 -0.599503
vn 0.642531 0.467602 -0.607043
vn 0.723750 0.330725 -0.605646
vn 0.642687 0.469581 -0.605349
vn 0.703537 0.346124 -0.620672
vn 0.703538 0.346123 -0.620671
vn 0.703673 0.371533 -0.605646
vn 0.548101 0.571530 -0.610686
vn 0.551302 0.571766 -0.607577
vn 0.549184 0.571576 -0.609669
vn 0.544371 0.582435 -0.603680
vn 0.550738 0.571547 -0.608294
vn 0.542902 0.584579 -0.602930
vn 0.542167 0.585595 -0.602605
vn 0.552036 0.571456 -0.607203
vn 0.541445 0.586530 -0.602345
vn 0.553062 0.571325 -0.606391
vn 0.540009 0.588241 -0.601966
vn 0.553964 0.571163 -0.605720
vn 0.539163 0.589149 -0.601835
vn 0.554799 0.570974 -0.605134
vn 0.555717 0.570729 -0.604523
vn 0.538050 0.590209 -0.601794
vn 0.536459 0.591519 -0.601928
vn 0.534578 0.592835 -0.602306
vn 0.532964 0.593795 -0.602791
vn 0.530083 0.595264 -0.603882
vn 0.526789 0.596728 -0.605317
vn 0.557686 0.570127 -0.603275
vn 0.588552 0.546110 -0.596130
vn 0.517764 0.600462 -0.609397
vn 0.516620 0.605330 -0.605541
vn 0.516965 0.604140 -0.606434
vn 0.517215 0.603064 -0.607291
vn 0.517363 0.602283 -0.607940
vn 0.517514 0.601258 -0.608825
vn 0.517615 0.600319 -0.609665
vn 0.517717 0.598815 -0.611056
vn 0.517757 0.597506 -0.612302
vn 0.516439 0.605849 -0.605176
vn 0.516051 0.606825 -0.604528
vn 0.515755 0.607491 -0.604113
vn 0.618765 0.500325 -0.605644
vn 0.514668 0.609699 -0.602814
vn 0.488868 0.635166 -0.597974
vn 0.595358 0.510213 -0.620670
vn 0.595359 0.510213 -0.620669
vn 0.589171 0.534860 -0.605642
vn 0.383739 0.698301 -0.604251
vn 0.384532 0.698215 -0.603846
vn 0.383056 0.698350 -0.604628
vn 0.385702 0.698013 -0.603334
vn 0.381829 0.698388 -0.605360
vn 0.380765 0.698371 -0.606049
vn 0.386770 0.697775 -0.602925
vn 0.379638 0.698297 -0.606841
vn 0.387394 0.697605 -0.602721
vn 0.377514 0.698044 -0.608455
vn 0.388229 0.697343 -0.602488
vn 0.375372 0.697669 -0.610208
vn 0.388785 0.697148 -0.602354
vn 0.389803 0.696764 -0.602141
vn 0.415683 0.686031 -0.597135
vn 0.372207 0.696936 -0.612978
vn 0.370773 0.696528 -0.614309
vn 0.367296 0.703884 -0.607981
vn 0.369212 0.700085 -0.611198
vn 0.366038 0.706012 -0.606270
vn 0.364638 0.708012 -0.604780
vn 0.363422 0.709471 -0.603800
vn 0.363114 0.709811 -0.603587
vn 0.362618 0.710314 -0.603293
vn 0.361730 0.711143 -0.602849
vn 0.361294 0.711520 -0.602666
vn 0.360678 0.712013 -0.602452
vn 0.360243 0.712338 -0.602328
vn 0.406291 0.684006 -0.605858
vn 0.359463 0.712883 -0.602150
vn 0.358375 0.713583 -0.601968
vn 0.358010 0.713802 -0.601926
vn 0.338629 0.719096 -0.606821
vn 0.339032 0.718141 -0.607725
vn 0.336072 0.725957 -0.600035
vn 0.474896 0.638489 -0.605645
vn 0.337771 0.720909 -0.605146
vn 0.449769 0.642245 -0.620668
vn 0.449770 0.642245 -0.620668
vn 0.437653 0.664568 -0.605648
vn 0.209522 0.766743 -0.606800
vn 0.196850 0.772979 -0.603120
vn 0.206593 0.764880 -0.610145
vn 0.195918 0.773412 -0.602868
vn 0.207884 0.765600 -0.608803
vn 0.193743 0.774364 -0.602348
vn 0.192632 0.774814 -0.602126
vn 0.209157 0.766227 -0.607577
vn 0.191685 0.775160 -0.601984
vn 0.210143 0.766645 -0.606709
vn 0.189866 0.775735 -0.601819
vn 0.210972 0.766948 -0.606037
vn 0.188523 0.776081 -0.601795
vn 0.211865 0.767229 -0.605370
vn 0.212722 0.767463 -0.604773
vn 0.187194 0.776336 -0.601881
vn 0.185077 0.776585 -0.602214
vn 0.182629 0.776683 -0.602835
vn 0.180570 0.776619 -0.603537
vn 0.176773 0.776268 -0.605111
vn 0.254544 0.762098 -0.595327
vn 0.214726 0.767933 -0.603466
vn 0.166050 0.774715 -0.610118
vn 0.162818 0.778555 -0.606088
vn 0.163502 0.777835 -0.606827
vn 0.164013 0.777252 -0.607436
vn 0.164689 0.776413 -0.608326
vn 0.165198 0.775726 -0.609063
vn 0.166010 0.774534 -0.610359
vn 0.166635 0.773536 -0.611453
vn 0.167283 0.772416 -0.612691
vn 0.161914 0.779409 -0.605233
vn 0.161481 0.779776 -0.604874
vn 0.160645 0.780427 -0.604257
vn 0.160024 0.780872 -0.603847
vn 0.301187 0.736531 -0.605648
vn 0.124090 0.791340 -0.598650
vn 0.157991 0.782216 -0.602641
vn 0.275918 0.733918 -0.620672
vn 0.275928 0.733921 -0.620663
vn 0.258621 0.752536 -0.605644
vn 0.000538 0.796471 -0.604677
vn 0.001212 0.796786 -0.604261
vn -0.000197 0.796094 -0.605174
vn 0.002361 0.797235 -0.603664
vn -0.001267 0.795487 -0.605969
vn -0.002260 0.794863 -0.606785
vn 0.003307 0.797553 -0.603240
vn -0.003130 0.794254 -0.607578
vn 0.004077 0.797770 -0.602948
vn -0.004999 0.792796 -0.609467
vn 0.004766 0.797935 -0.602725
vn -0.006706 0.791310 -0.611378
vn 0.005521 0.798088 -0.602516
vn 0.035596 0.802341 -0.595803
vn 0.006202 0.798207 -0.602351
vn -0.009242 0.788862 -0.614501
vn -0.008894 0.789230 -0.614034
vn -0.013700 0.792593 -0.609597
vn -0.017031 0.794648 -0.606831
vn -0.018993 0.795678 -0.605422
vn -0.021237 0.796638 -0.604083
vn -0.022862 0.797177 -0.603312
vn -0.023248 0.797288 -0.603152
vn -0.024031 0.797477 -0.602870
vn -0.025234 0.797718 -0.602502
vn -0.025777 0.797806 -0.602363
vn -0.026615 0.797911 -0.602188
vn -0.027181 0.797963 -0.602093
vn 0.027339 0.794949 -0.606060
vn -0.028048 0.798018 -0.601980
vn -0.029531 0.798060 -0.601855
vn -0.048857 0.793514 -0.606588
vn -0.048071 0.792917 -0.607431
vn -0.047112 0.792121 -0.608543
vn -0.053428 0.797800 -0.600550
vn 0.108562 0.788294 -0.605646
vn -0.050512 0.794665 -0.604943
vn 0.084734 0.779481 -0.620668
vn 0.084731 0.779479 -0.620671
vn 0.063358 0.793207 -0.605647
vn -0.141488 0.786115 -0.601668
vn -0.090886 0.790529 -0.605643
vn -0.111322 0.772907 -0.624677
vn -0.113501 0.774838 -0.621887
vn -0.112824 0.783221 -0.611421
vn -0.135184 0.783997 -0.605866
vn -0.136016 0.784690 -0.604782
vn -0.311323 0.735346 -0.601950
vn -0.345058 0.718466 -0.603938
vn -0.345363 0.716120 -0.606545
vn -0.288426 0.738429 -0.609534
vn -0.287142 0.736619 -0.612324
vn -0.285963 0.754345 -0.590922
vn -0.310182 0.745310 -0.590170
vn -0.350555 0.717929 -0.601406
vn -0.465749 0.648398 -0.602211
vn -0.488019 0.647716 -0.585065
vn -0.453048 0.663197 -0.595750
vn -0.509151 0.616438 -0.600641
vn -0.502361 0.616101 -0.606674
vn -0.501632 0.613992 -0.609409
vn -0.454299 0.652168 -0.606868
vn -0.452485 0.650872 -0.609609
vn -0.626707 0.496383 -0.600701
vn -0.631256 0.503997 -0.589494
vn -0.593928 0.533067 -0.602568
vn -0.630896 0.480277 -0.609347
vn -0.629518 0.478539 -0.612134
vn -0.595900 0.529081 -0.604133
vn -0.593588 0.528676 -0.606758
vn -0.646731 0.482113 -0.591022
vn -0.702871 0.365097 -0.610472
vn -0.705461 0.374741 -0.601576
vn -0.702415 0.377155 -0.603629
vn -0.725764 0.331052 -0.603051
vn -0.731549 0.328832 -0.597248
vn -0.740971 0.282629 -0.609166
vn -0.746761 0.281876 -0.602407
vn -0.745804 0.279247 -0.604812
vn -0.732093 0.333939 -0.593738
vn -0.787358 0.167144 -0.593406
vn -0.794573 0.093297 -0.599957
vn -0.786346 0.134533 -0.602960
vn -0.790014 0.098571 -0.605113
vn -0.788109 0.097326 -0.607793
vn -0.777861 0.157411 -0.608403
vn -0.775648 0.157587 -0.611176
vn -0.797890 0.137876 -0.586824
vn -0.801620 -0.022207 -0.597422
vn -0.789089 -0.088783 -0.607829
vn -0.786906 -0.089197 -0.610592
vn -0.795460 -0.095330 -0.598461
vn -0.795164 -0.029005 -0.605700
vn -0.793131 -0.028032 -0.608406
vn -0.796525 -0.042231 -0.603128
vn -0.807851 -0.064943 -0.585799
vn -0.757360 -0.260251 -0.598895
vn -0.757142 -0.283790 -0.588386
vn -0.744548 -0.270156 -0.610462
vn -0.742343 -0.269876 -0.613265
vn -0.760480 -0.261795 -0.594251
vn -0.768219 -0.215103 -0.602967
vn -0.766847 -0.212943 -0.605476
vn -0.768579 -0.211695 -0.603715
vn -0.640326 -0.475092 -0.603548
vn -0.637903 -0.475075 -0.606121
vn -0.670137 -0.423002 -0.609906
vn -0.668587 -0.421412 -0.612702
vn -0.654037 -0.456148 -0.603461
vn -0.638591 -0.481788 -0.600068
vn -0.673073 -0.443743 -0.591663
vn -0.685508 -0.423770 -0.592029
vn -0.537256 -0.589132 -0.603556
vn -0.508932 -0.618973 -0.598215
vn -0.544727 -0.600666 -0.585212
vn -0.565316 -0.570672 -0.595609
vn -0.509925 -0.610241 -0.606286
vn -0.507962 -0.609164 -0.609010
vn -0.554048 -0.569453 -0.607252
vn -0.553082 -0.567444 -0.610007
vn -0.352128 -0.710746 -0.608971
vn -0.350664 -0.709080 -0.611752
vn -0.406446 -0.685093 -0.604524
vn -0.406385 -0.682780 -0.607176
vn -0.377196 -0.715296 -0.588281
vn -0.350672 -0.722388 -0.595974
vn -0.407781 -0.683222 -0.605741
vn -0.234638 -0.763338 -0.601880
vn -0.236813 -0.760896 -0.604117
vn -0.189934 -0.779692 -0.596662
vn -0.236326 -0.760792 -0.604439
vn -0.186193 -0.777511 -0.600674
vn -0.185545 -0.778599 -0.599464
vn -0.134351 -0.784190 -0.605802
vn -0.187175 -0.781613 -0.595018
vn -0.135521 -0.786875 -0.602048
vn -0.132732 -0.785583 -0.604353
vn 0.014064 -0.808922 -0.587748
vn 0.031139 -0.796577 -0.603735
vn -0.014223 -0.803797 -0.594733
vn 0.052929 -0.794676 -0.604722
vn 0.053872 -0.792581 -0.607382
vn -0.007132 -0.793306 -0.608782
vn -0.007697 -0.791161 -0.611559
vn 0.059901 -0.798657 -0.598798
vn 0.236810 -0.758240 -0.607448
vn 0.236838 -0.756017 -0.610201
vn 0.245910 -0.764260 -0.596183
vn 0.179096 -0.774970 -0.606091
vn 0.177809 -0.773134 -0.608809
vn 0.215251 -0.781679 -0.585359
vn 0.173928 -0.782750 -0.597538
vn 0.206080 -0.770084 -0.603739
vn 0.419140 -0.687356 -0.593181
vn 0.400307 -0.699086 -0.592481
vn 0.354749 -0.711272 -0.606832
vn 0.406521 -0.680094 -0.610092
vn 0.405847 -0.677978 -0.612890
vn 0.356570 -0.713318 -0.603353
vn 0.354350 -0.712258 -0.605908
vn 0.546878 -0.594876 -0.589107
vn 0.561144 -0.577115 -0.593343
vn 0.587986 -0.538954 -0.603159
vn 0.587653 -0.536469 -0.605694
vn 0.542150 -0.577609 -0.610280
vn 0.540307 -0.576373 -0.613076
vn 0.588286 -0.536386 -0.605153
vn 0.553830 -0.580468 -0.596933
vn 0.691888 -0.422395 -0.585554
vn 0.666970 -0.445614 -0.597143
vn 0.705142 -0.382174 -0.597259
vn 0.687558 -0.403652 -0.603596
vn 0.696077 -0.385185 -0.605896
vn 0.694683 -0.383421 -0.608608
vn 0.663887 -0.435924 -0.607639
vn 0.661747 -0.435323 -0.610398
vn 0.751309 -0.276601 -0.599188
vn 0.774015 -0.236698 -0.587261
vn 0.764882 -0.211119 -0.608592
vn 0.762980 -0.209974 -0.611369
vn 0.749414 -0.269174 -0.604917
vn 0.747145 -0.269462 -0.607588
vn 0.759723 -0.242065 -0.603511
vn 0.777498 -0.206927 -0.593868
vn 0.793683 -0.085980 -0.602225
vn 0.791656 -0.088082 -0.604585
vn 0.789899 -0.084555 -0.607380
vn 0.800420 -0.036402 -0.598334
vn 0.798553 0.015701 -0.601720
vn 0.796856 0.018801 -0.603876
vn 0.797872 -0.033643 -0.601888
vn 0.803586 -0.033884 -0.594223
vn 0.797270 0.019641 -0.603304
vn 0.800625 -0.024373 -0.598670
vn 0.794371 0.137797 -0.591597
vn 0.770541 0.202614 -0.604329
vn 0.768300 0.203241 -0.606966
vn 0.769935 0.205816 -0.604020
vn 0.779994 0.143298 -0.609159
vn 0.777984 0.142360 -0.611944
vn 0.785952 0.152768 -0.599117
vn 0.791163 0.165226 -0.588864
vn 0.699880 0.376358 -0.607060
vn 0.697682 0.376000 -0.609806
vn 0.726716 0.322593 -0.606479
vn 0.725125 0.321021 -0.609212
vn 0.704048 0.386977 -0.595454
vn 0.727658 0.357990 -0.585113
vn 0.711210 0.361267 -0.603047
vn 0.734027 0.319521 -0.599259
vn 0.595981 0.543335 -0.591265
vn 0.612577 0.524969 -0.590895
vn 0.590930 0.528242 -0.609722
vn 0.588973 0.527199 -0.612512
vn 0.638112 0.481809 -0.600560
vn 0.632627 0.485055 -0.603743
vn 0.631888 0.482779 -0.606334
vn 0.614105 0.509338 -0.602868
vn 0.501108 0.622301 -0.601358
vn 0.504087 0.618213 -0.603083
vn 0.496215 0.620631 -0.607114
vn 0.414228 0.682175 -0.602539
vn 0.418000 0.679657 -0.602779
vn 0.415461 0.679014 -0.605254
vn 0.468113 0.654517 -0.593698
vn 0.463092 0.647498 -0.605221
vn 0.460956 0.658218 -0.595205
vn 0.451736 0.659779 -0.600522
vn 0.244871 0.755069 -0.608202
vn 0.294973 0.742926 -0.600876
vn 0.302094 0.734200 -0.608021
vn 0.301876 0.731990 -0.610788
vn 0.243085 0.760198 -0.602502
vn 0.285130 0.758420 -0.586089
vn 0.313229 0.741132 -0.593810
vn 0.246393 0.756741 -0.605502
vn 0.055499 0.803010 -0.593375
vn 0.079663 0.794449 -0.602084
vn 0.127752 0.788918 -0.601072
vn 0.062351 0.791321 -0.608213
vn 0.061561 0.789249 -0.610980
vn 0.087535 0.805254 -0.586433
vn 0.122246 0.786548 -0.605308
vn 0.122883 0.784371 -0.607999
vn -0.097572 0.792655 -0.601812
vn -0.120019 0.790015 -0.601225
vn -0.123628 0.782598 -0.610128
vn -0.065773 0.795335 -0.602591
vn -0.063664 0.793649 -0.605035
vn -0.060325 0.796483 -0.601645
vn -0.120876 0.795658 -0.593563
vn -0.114779 0.794622 -0.596156
f 1//1 2//1 3//1
f 2//2 4//2 3//2
f 3//3 5//3 6//3
f 4//4 5//4 3//4
f 6//5 7//5 8//5
f 5//6 7//6 6//6
f 8//7 9//7 10//7
f 7//8 9//8 8//8
f 10//9 11//9 12//9
f 9//10 11//10 10//10
f 12//11 13//11 14//11
f 14//12 13//12 15//12
f 11//13 13//13 12//13
f 13//14 16//14 15//14
f 15//15 17//15 18//15
f 16//16 17//16 15//16
f 18//17 19//17 20//17
f 20//18 19//18 21//18
f 17//19 19//19 18//19
f 19//20 22//20 21//20
f 21//21 23//21 24//21
f 22//22 23//22 21//22
f 24//23 25//23 26//23
f 26//24 25//24 27//24
f 23//25 25//25 24//25
f 25//26 28//26 27//26
f 27//27 29//27 30//27
f 28//28 29//28 27//28
f 30//29 31//29 32//29
f 29//30 31//30 30//30
f 32//31 33//31 34//31
f 34//32 33//32 35//32
f 31//33 33//33 32//33
f 33//34 36//34 35//34
f 36//35 37//35 35//35
f 35//36 37//36 38//36
f 37//37 39//37 38//37
f 38//38 39//38 40//38
f 40//39 39//39 41//39
f 39//40 42//40 41//40
f 41//41 42//41 43//41
f 42//42 44//42 43//42
f 44//43 45//43 43//43
f 43//44 45//44 46//44
f 46//45 45//45 47//45
f 45//46 48//46 47//46
f 47//47 49//47 50//47
f 48//48 49//48 47//48
f 50//49 51//49 52//49
f 49//50 51//50 50//50
f 52//51 53//51 54//51
f 51//52 53//52 52//52
f 54//53 55//53 56//53
f 53//54 55//54 54//54
f 56//55 57//55 58//55
f 55//56 57//56 56//56
f 58//57 59//57 60//57
f 57//58 59//58 58//58
f 60//59 61//59 62//59
f 62//60 61//60 63//60
f 59//61 61//61 60//61
f 61//62 64//62 63//62
f 63//63 65//63 66//63
f 66//64 65//64 67//64
f 64//65 65//65 63//65
f 67//66 68//66 69//66
f 65//67 68//67 67//67
f 68//68 70//68 69//68
f 69//69 71//69 72//69
f 72//70 71//70 73//70
f 70//71 71//71 69//71
f 71//72 74//72 73//72
f 73//73 75//73 76//73
f 74//74 75//74 73//74
f 76//75 77//75 78//75
f 78//76 77//76 79//76
f 75//77 77//77 76//77
f 79//78 80//78 81//78
f 77//79 80//79 79//79
f 80//80 82//80 81//80
f 81//81 83//81 84//81
f 84//82 83//82 85//82
f 82//83 83//83 81//83
f 85//84 86//84 87//84
f 83//85 86//85 85//85
f 86//86 88//86 87//86
f 88//87 89//87 87//87
f 87//88 89//88 90//88
f 89//89 91//89 90//89
f 90//90 91//90 92//90
f 91//91 93//91 92//91
f 92//92 93//92 94//92
f 94//93 93//93 95//93
f 93//94 96//94 95//94
f 96//95 97//95 95//95
f 95//96 97//96 98//96
f 98//97 97//97 99//97
f 97//98 100//98 99//98
f 100//99 101//99 99//99
f 99//100 101//100 102//100
f 102//101 101//101 103//101
f 101//102 104//102 103//102
f 104//103 105//103 103//103
f 103//104 105//104 106//104
f 106//105 105//105 107//105
f 105//106 108//106 107//106
f 108//107 109//107 107//107
f 107//108 109//108 110//108
f 110//109 109//109 111//109
f 109//110 112//110 111//110
f 111//111 112//111 113//111
f 112//112 114//112 113//112
f 114//113 115//113 113//113
f 113//114 115//114 116//114
f 116//115 117//115 118//115
f 115//116 117//116 116//116
f 118//117 117//117 119//117
f 117//118 120//118 119//118
f 119//119 121//119 122//119
f 120//120 121//120 119//120
f 122//121 123//121 124//121
f 121//122 123//122 122//122
f 124//123 125//123 126//123
f 123//124 125//124 124//124
f 126//125 127//125 128//125
f 125//126 127//126 126//126
f 128//127 129//127 130//127
f 130//128 129//128 131//128
f 127//129 129//129 128//129
f 129//130 132//130 131//130
f 131//131 133//131 134//131
f 134//132 133//132 135//132
f 132//133 133//133 131//133
f 133//134 136//134 135//134
f 136//135 137//135 135//135
f 135//136 137//136 138//136
f 137//137 139//137 138//137
f 138//138 139//138 140//138
f 139//139 141//139 140//139
f 140//140 141//140 142//140
f 141//141 143//141 142//141
f 142//142 143//142 144//142
f 143//143 145//143 144//143
f 144//144 145//144 146//144
f 146//145 145//145 147//145
f 145//146 148//146 147//146
f 147//147 148//147 149//147
f 148//148 150//148 149//148
f 150//149 151//149 149//149
f 149//150 151//150 152//150
f 151//151 153//151 152//151
f 152//152 153//152 154//152
f 154//153 153//153 155//153
f 153//154 156//154 155//154
f 156//155 157//155 155//155
f 155//156 157//156 158//156
f 157//157 159//157 158//157
f 158//158 159//158 160//158
f 160//159 159//159 161//159
f 159//160 162//160 161//160
f 162//161 163//161 161//161
f 161//162 163//162 164//162
f 164//163 163//163 165//163
f 163//164 166//164 165//164
f 165//165 166//165 167//165
f 166//166 168//166 167//166
f 167//167 168//167 169//167
f 168//168 170//168 169//168
f 170//169 171//169 169//169
f 169//170 171//170 172//170
f 172//171 171//171 173//171
f 171//172 174//172 173//172
f 174//173 175//173 173//173
f 173//174 175//174 176//174
f 176//175 175//175 177//175
f 175//176 178//176 177//176
f 178//177 179//177 177//177
f 177//178 179//178 180//178
f 180//179 179//179 181//179
f 179//180 182//180 181//180
f 181//181 183//181 184//181
f 184//182 183//182 185//182
f 182//183 183//183 181//183
f 183//184 186//184 185//184
f 185//185 187//185 188//185
f 188//186 187//186 189//186
f 186//187 187//187 185//187
f 187//188 190//188 189//188
f 190//189 191//189 189//189
f 189//190 191//190 192//190
f 191//191 193//191 192//191
f 192//192 193//192 194//192
f 193//193 195//193 194//193
f 194//194 195//194 196//194
f 196//195 195//195 197//195
f 195//196 198//196 197//196
f 198//197 199//197 197//197
f 197//198 199//198 200//198
f 200//199 201//199 202//199
f 202//200 201//200 203//200
f 199//201 201//201 200//201
f 201//202 204//202 203//202
f 203//203 205//203 206//203
f 206//204 205//204 207//204
f 204//205 205//205 203//205
f 205//206 208//206 207//206
f 207//207 209//207 210//207
f 210//208 209//208 211//208
f 208//209 209//209 207//209
f 209//210 212//210 211//210
f 211//211 213//211 214//211
f 214//212 213//212 215//212
f 212//213 213//213 211//213
f 213//214 216//214 215//214
f 215//215 217//215 218//215
f 218//216 217//216 219//216
f 216//217 217//217 215//217
f 217//218 220//218 219//218
f 219//219 221//219 222//219
f 220//220 221//220 219//220
f 222//221 223//221 224//221
f 221//222 223//222 222//222
f 224//223 225//223 226//223
f 226//224 225//224 1//224
f 223//225 225//225 224//225
f 225//226 2//226 1//226
f 227//227 228//227 229//227
f 2//228 230//228 4//228
f 231//229 232//229 227//229
f 225//230 230//230 2//230
f 229//231 231//231 227//231
f 4//232 233//232 5//232
f 5//233 233//233 7//233
f 230//234 233//234 4//234
f 7//235 234//235 9//235
f 9//236 234//236 11//236
f 233//237 234//237 7//237
f 227//238 235//238 230//238
f 236//239 235//239 232//239
f 237//240 235//240 236//240
f 230//241 235//241 233//241
f 232//242 235//242 227//242
f 11//243 238//243 13//243
f 13//244 238//244 16//244
f 234//245 238//245 11//245
f 233//246 239//246 234//246
f 240//247 239//247 237//247
f 241//248 239//248 240//248
f 235//249 239//249 233//249
f 237//250 239//250 235//250
f 16//251 242//251 17//251
f 17//252 242//252 19//252
f 238//253 242//253 16//253
f 234//254 243//254 238//254
f 241//255 243//255 239//255
f 244//256 243//256 241//256
f 245//257 243//257 244//257
f 239//258 243//258 234//258
f 19//259 246//259 22//259
f 22//260 246//260 23//260
f 242//261 246//261 19//261
f 243//262 247//262 238//262
f 245//263 247//263 243//263
f 248//264 247//264 245//264
f 249//265 247//265 248//265
f 238//266 247//266 242//266
f 23//267 250//267 25//267
f 25//268 250//268 28//268
f 246//269 250//269 23//269
f 249//270 251//270 247//270
f 247//271 251//271 242//271
f 252//272 251//272 249//272
f 253//273 251//273 252//273
f 246//274 251//274 250//274
f 242//275 251//275 246//275
f 28//276 254//276 29//276
f 29//277 254//277 31//277
f 250//278 254//278 28//278
f 255//279 256//279 253//279
f 257//280 256//280 255//280
f 253//281 256//281 251//281
f 251//282 256//282 250//282
f 254//283 258//283 31//283
f 31//284 258//284 33//284
f 33//285 258//285 36//285
f 259//286 260//286 257//286
f 261//287 260//287 259//287
f 250//288 260//288 254//288
f 257//289 260//289 256//289
f 256//290 260//290 250//290
f 258//291 262//291 36//291
f 36//292 262//292 37//292
f 37//293 262//293 39//293
f 263//294 264//294 261//294
f 265//295 264//295 263//295
f 261//296 264//296 260//296
f 260//297 264//297 254//297
f 258//298 264//298 262//298
f 254//299 264//299 258//299
f 39//300 266//300 42//300
f 42//301 266//301 44//301
f 262//302 266//302 39//302
f 264//303 267//303 262//303
f 268//304 267//304 265//304
f 269//305 267//305 268//305
f 265//306 267//306 264//306
f 44//307 270//307 45//307
f 45//308 270//308 48//308
f 266//309 270//309 44//309
f 267//310 271//310 262//310
f 272//311 271//311 269//311
f 273//312 271//312 272//312
f 269//313 271//313 267//313
f 262//314 271//314 266//314
f 48//315 274//315 49//315
f 49//316 274//316 51//316
f 270//317 274//317 48//317
f 275//318 276//318 273//318
f 277//319 276//319 275//319
f 273//320 276//320 271//320
f 266//321 276//321 270//321
f 271//322 276//322 266//322
f 51//323 278//323 53//323
f 53//324 278//324 55//324
f 274//325 278//325 51//325
f 276//326 279//326 270//326
f 280//327 279//327 277//327
f 270//328 279//328 274//328
f 281//329 279//329 280//329
f 277//330 279//330 276//330
f 55//331 282//331 57//331
f 57//332 282//332 59//332
f 278//333 282//333 55//333
f 283//334 284//334 281//334
f 285//335 284//335 283//335
f 281//336 284//336 279//336
f 279//337 284//337 274//337
f 274//338 284//338 278//338
f 59//339 286//339 61//339
f 61//340 286//340 64//340
f 282//341 286//341 59//341
f 284//342 287//342 278//342
f 285//343 287//343 284//343
f 288//344 287//344 285//344
f 289//345 287//345 288//345
f 278//346 287//346 282//346
f 286//347 290//347 64//347
f 64//348 290//348 65//348
f 65//349 290//349 68//349
f 287//350 291//350 282//350
f 289//351 291//351 287//351
f 292//352 291//352 289//352
f 293//353 291//353 292//353
f 286//354 291//354 290//354
f 282//355 291//355 286//355
f 68//356 294//356 70//356
f 70//357 294//357 71//357
f 290//358 294//358 68//358
f 293//359 295//359 291//359
f 291//360 295//360 290//360
f 296//361 295//361 293//361
f 297//362 295//362 296//362
f 71//363 298//363 74//363
f 74//364 298//364 75//364
f 294//365 298//365 71//365
f 290//366 299//366 294//366
f 297//367 299//367 295//367
f 300//368 299//368 297//368
f 301//369 299//369 300//369
f 295//370 299//370 290//370
f 298//371 302//371 75//371
f 75//372 302//372 77//372
f 77//373 302//373 80//373
f 294//374 303//374 298//374
f 299//375 303//375 294//375
f 301//376 303//376 299//376
f 304//377 303//377 301//377
f 305//378 303//378 304//378
f 80//379 306//379 82//379
f 82//380 306//380 83//380
f 302//381 306//381 80//381
f 298//382 307//382 302//382
f 303//383 307//383 298//383
f 308//384 307//384 305//384
f 309//385 307//385 308//385
f 305//386 307//386 303//386
f 83//387 310//387 86//387
f 86//388 310//388 88//388
f 306//389 310//389 83//389
f 302//390 311//390 306//390
f 312//391 311//391 309//391
f 313//392 311//392 312//392
f 309//393 311//393 307//393
f 307//394 311//394 302//394
f 306//395 311//395 310//395
f 88//396 314//396 89//396
f 89//397 314//397 91//397
f 310//398 314//398 88//398
f 311//399 315//399 310//399
f 316//400 315//400 313//400
f 317//401 315//401 316//401
f 313//402 315//402 311//402
f 91//403 318//403 93//403
f 93//404 318//404 96//404
f 314//405 318//405 91//405
f 317//406 319//406 315//406
f 315//407 319//407 310//407
f 320//408 319//408 317//408
f 321//409 319//409 320//409
f 310//410 319//410 314//410
f 318//411 322//411 96//411
f 96//412 322//412 97//412
f 97//413 322//413 100//413
f 319//414 323//414 314//414
f 324//415 323//415 321//415
f 325//416 323//416 324//416
f 321//417 323//417 319//417
f 314//418 323//418 318//418
f 322//419 326//419 100//419
f 100//420 326//420 101//420
f 101//421 326//421 104//421
f 323//422 327//422 318//422
f 325//423 327//423 323//423
f 318//424 327//424 322//424
f 328//425 327//425 325//425
f 329//426 327//426 328//426
f 322//427 327//427 326//427
f 326//428 330//428 104//428
f 104//429 330//429 105//429
f 105//430 330//430 108//430
f 327//431 331//431 326//431
f 329//432 331//432 327//432
f 332//433 331//433 329//433
f 333//434 331//434 332//434
f 108//435 334//435 109//435
f 109//436 334//436 112//436
f 330//437 334//437 108//437
f 331//438 335//438 326//438
f 326//439 335//439 330//439
f 336//440 335//440 333//440
f 337//441 335//441 336//441
f 333//442 335//442 331//442
f 112//443 338//443 114//443
f 334//444 338//444 112//444
f 337//445 339//445 335//445
f 340//446 339//446 337//446
f 341//447 339//447 340//447
f 335//448 339//448 330//448
f 330//449 339//449 334//449
f 338//450 342//450 114//450
f 114//451 342//451 115//451
f 115//452 342//452 117//452
f 339//453 343//453 334//453
f 341//454 343//454 339//454
f 334//455 343//455 338//455
f 344//456 343//456 341//456
f 342//457 345//457 117//457
f 117//458 345//458 120//458
f 120//459 345//459 121//459
f 343//460 346//460 338//460
f 338//461 346//461 342//461
f 347//462 346//462 344//462
f 348//463 346//463 347//463
f 344//464 346//464 343//464
f 121//465 349//465 123//465
f 123//466 349//466 125//466
f 345//467 349//467 121//467
f 346//468 350//468 342//468
f 348//469 350//469 346//469
f 351//470 350//470 348//470
f 352//471 350//471 351//471
f 342//472 350//472 345//472
f 349//473 353//473 125//473
f 125//474 353//474 127//474
f 127//475 353//475 129//475
f 352//476 354//476 350//476
f 345//477 354//477 349//477
f 355//478 354//478 352//478
f 356//479 354//479 355//479
f 350//480 354//480 345//480
f 129//481 357//481 132//481
f 132//482 357//482 133//482
f 353//483 357//483 129//483
f 349//484 358//484 353//484
f 356//485 358//485 354//485
f 354//486 358//486 349//486
f 359//487 358//487 356//487
f 360//488 358//488 359//488
f 357//489 361//489 133//489
f 133//490 361//490 136//490
f 136//491 361//491 137//491
f 353//492 362//492 357//492
f 360//493 362//493 358//493
f 358//494 362//494 353//494
f 363//495 362//495 360//495
f 364//496 362//496 363//496
f 137//497 365//497 139//497
f 139//498 365//498 141//498
f 361//499 365//499 137//499
f 362//500 366//500 357//500
f 357//501 366//501 361//501
f 364//502 366//502 362//502
f 367//503 366//503 364//503
f 368//504 366//504 367//504
f 365//505 369//505 141//505
f 141//506 369//506 143//506
f 143//507 369//507 145//507
f 361//508 370//508 365//508
f 368//509 370//509 366//509
f 366//510 370//510 361//510
f 371//511 370//511 368//511
f 372//512 370//512 371//512
f 369//513 373//513 145//513
f 145//514 373//514 148//514
f 148//515 373//515 150//515
f 365//516 374//516 369//516
f 372//517 374//517 370//517
f 370//518 374//518 365//518
f 375//519 374//519 372//519
f 376//520 374//520 375//520
f 373//521 377//521 150//521
f 150//522 377//522 151//522
f 151//523 377//523 153//523
f 369//524 378//524 373//524
f 376//525 378//525 374//525
f 374//526 378//526 369//526
f 379//527 378//527 376//527
f 380//528 378//528 379//528
f 153//529 381//529 156//529
f 156//530 381//530 157//530
f 377//531 381//531 153//531
f 380//532 382//532 378//532
f 378//533 382//533 373//533
f 383//534 382//534 380//534
f 384//535 382//535 383//535
f 373//536 382//536 377//536
f 381//537 385//537 157//537
f 157//538 385//538 159//538
f 159//539 385//539 162//539
f 381//540 386//540 385//540
f 382//541 386//541 377//541
f 377//542 386//542 381//542
f 384//543 386//543 382//543
f 387//544 386//544 384//544
f 388//545 386//545 387//545
f 385//546 389//546 162//546
f 162//547 389//547 163//547
f 163//548 389//548 166//548
f 388//549 390//549 386//549
f 386//550 390//550 385//550
f 391//551 390//551 388//551
f 392//552 390//552 391//552
f 389//553 393//553 166//553
f 166//554 393//554 168//554
f 168//555 393//555 170//555
f 385//556 394//556 389//556
f 390//557 394//557 385//557
f 392//558 394//558 390//558
f 395//559 394//559 392//559
f 396//560 394//560 395//560
f 170//561 397//561 171//561
f 171//562 397//562 174//562
f 393//563 397//563 170//563
f 398//564 399//564 396//564
f 400//565 399//565 398//565
f 396//566 399//566 394//566
f 389//567 399//567 393//567
f 394//568 399//568 389//568
f 397//569 401//569 174//569
f 174//570 401//570 175//570
f 175//571 401//571 178//571
f 402//572 403//572 400//572
f 400//573 403//573 399//573
f 404//574 403//574 402//574
f 393//575 403//575 397//575
f 399//576 403//576 393//576
f 401//577 405//577 178//577
f 178//578 405//578 179//578
f 179//579 405//579 182//579
f 406//580 407//580 404//580
f 408//581 407//581 406//581
f 403//582 407//582 397//582
f 397//583 407//583 401//583
f 404//584 407//584 403//584
f 405//585 409//585 182//585
f 182//586 409//586 183//586
f 183//587 409//587 186//587
f 410//588 411//588 408//588
f 412//589 411//589 410//589
f 408//590 411//590 407//590
f 401//591 411//591 405//591
f 407//592 411//592 401//592
f 409//593 413//593 186//593
f 186//594 413//594 187//594
f 187//595 413//595 190//595
f 414//596 415//596 412//596
f 416//597 415//597 414//597
f 405//598 415//598 409//598
f 412//599 415//599 411//599
f 411//600 415//600 405//600
f 413//601 417//601 190//601
f 190//602 417//602 191//602
f 191//603 417//603 193//603
f 416//604 418//604 415//604
f 409//605 418//605 413//605
f 419//606 418//606 416//606
f 420//607 418//607 419//607
f 415//608 418//608 409//608
f 195//609 421//609 198//609
f 417//610 421//610 193//610
f 193//611 421//611 195//611
f 422//612 423//612 420//612
f 424//613 423//613 422//613
f 420//614 423//614 418//614
f 418//615 423//615 413//615
f 413//616 423//616 417//616
f 198//617 425//617 199//617
f 199//618 425//618 201//618
f 421//619 425//619 198//619
f 426//620 427//620 424//620
f 428//621 427//621 426//621
f 424//622 427//622 423//622
f 417//623 427//623 421//623
f 423//624 427//624 417//624
f 201//625 429//625 204//625
f 204//626 429//626 205//626
f 425//627 429//627 201//627
f 430//628 431//628 428//628
f 432//629 431//629 430//629
f 428//630 431//630 427//630
f 421//631 431//631 425//631
f 427//632 431//632 421//632
f 425//633 431//633 429//633
f 205//634 433//634 208//634
f 208//635 433//635 209//635
f 429//636 433//636 205//636
f 434//637 435//637 432//637
f 436//638 435//638 434//638
f 432//639 435//639 431//639
f 431//640 435//640 429//640
f 429//641 435//641 433//641
f 209//642 437//642 212//642
f 212//643 437//643 213//643
f 433//644 437//644 209//644
f 438//645 439//645 436//645
f 440//646 439//646 438//646
f 436//647 439//647 435//647
f 435//648 439//648 433//648
f 213//649 441//649 216//649
f 216//650 441//650 217//650
f 437//651 441//651 213//651
f 442//652 443//652 440//652
f 444//653 443//653 442//653
f 440//654 443//654 439//654
f 433//655 443//655 437//655
f 439//656 443//656 433//656
f 217//657 445//657 220//657
f 220//658 445//658 221//658
f 441//659 445//659 217//659
f 446//660 447//660 444//660
f 448//661 447//661 446//661
f 437//662 447//662 441//662
f 443//663 447//663 437//663
f 444//664 447//664 443//664
f 225//665 449//665 230//665
f 221//666 449//666 223//666
f 223//667 449//667 225//667
f 445//668 449//668 221//668
f 450//669 451//669 448//669
f 452//670 451//670 450//670
f 448//671 451//671 447//671
f 441//672 451//672 445//672
f 447//673 451//673 441//673
f 445//674 451//674 449//674
f 230//675 228//675 227//675
f 453//676 228//676 452//676
f 229//677 228//677 453//677
f 449//678 228//678 230//678
f 452//679 228//679 451//679
f 451//680 228//680 449//680
f 454//681 142//681 455//681
f 455//682 142//682 144//682
f 455//683 146//683 456//683
f 144//684 146//684 455//684
f 454//685 140//685 142//685
f 457//686 140//686 454//686
f 146//687 147//687 456//687
f 456//688 147//688 458//688
f 457//689 138//689 140//689
f 459//690 138//690 457//690
f 147//691 149//691 458//691
f 458//692 149//692 460//692
f 459//693 135//693 138//693
f 461//694 135//694 459//694
f 149//695 152//695 460//695
f 460//696 152//696 462//696
f 461//697 134//697 135//697
f 463//698 134//698 461//698
f 152//699 154//699 462//699
f 462//700 154//700 464//700
f 463//701 131//701 134//701
f 465//702 131//702 463//702
f 154//703 155//703 464//703
f 464//704 155//704 466//704
f 467//705 130//705 465//705
f 465//706 130//706 131//706
f 155//707 158//707 466//707
f 466//708 158//708 468//708
f 468//709 158//709 469//709
f 467//710 128//710 130//710
f 470//711 128//711 467//711
f 158//712 160//712 469//712
f 470//713 126//713 128//713
f 471//714 126//714 470//714
f 160//715 161//715 469//715
f 469//716 161//716 472//716
f 471//717 124//717 126//717
f 473//718 124//718 471//718
f 161//719 164//719 472//719
f 472//720 164//720 474//720
f 473//721 122//721 124//721
f 475//722 122//722 473//722
f 164//723 165//723 474//723
f 474//724 165//724 476//724
f 475//725 119//725 122//725
f 477//726 119//726 475//726
f 165//727 167//727 476//727
f 476//728 167//728 478//728
f 477//729 118//729 119//729
f 479//730 118//730 477//730
f 167//731 169//731 478//731
f 478//732 169//732 480//732
f 481//733 116//733 479//733
f 479//734 116//734 118//734
f 169//735 172//735 480//735
f 480//736 172//736 482//736
f 482//737 172//737 483//737
f 484//738 113//738 481//738
f 481//739 113//739 116//739
f 172//740 173//740 483//740
f 483//741 173//741 485//741
f 486//742 111//742 484//742
f 484//743 111//743 113//743
f 173//744 176//744 485//744
f 487//745 110//745 486//745
f 486//746 110//746 111//746
f 176//747 177//747 485//747
f 485//748 177//748 488//748
f 487//749 107//749 110//749
f 489//750 107//750 487//750
f 177//751 180//751 488//751
f 488//752 180//752 490//752
f 491//753 106//753 489//753
f 489//754 106//754 107//754
f 490//755 181//755 492//755
f 180//756 181//756 490//756
f 493//757 103//757 491//757
f 491//758 103//758 106//758
f 181//759 184//759 492//759
f 492//760 184//760 494//760
f 495//761 102//761 493//761
f 493//762 102//762 103//762
f 184//763 185//763 494//763
f 494//764 185//764 496//764
f 497//765 99//765 495//765
f 495//766 99//766 102//766
f 185//767 188//767 496//767
f 496//768 188//768 498//768
f 499//769 98//769 497//769
f 497//770 98//770 99//770
f 188//771 189//771 498//771
f 498//772 189//772 500//772
f 501//773 95//773 499//773
f 499//774 95//774 98//774
f 189//775 192//775 500//775
f 500//776 192//776 502//776
f 501//777 94//777 95//777
f 503//778 94//778 501//778
f 192//779 194//779 502//779
f 502//780 194//780 504//780
f 504//781 194//781 505//781
f 503//782 92//782 94//782
f 506//783 92//783 503//783
f 194//784 196//784 505//784
f 506//785 90//785 92//785
f 507//786 90//786 506//786
f 196//787 197//787 505//787
f 505//788 197//788 508//788
f 507//789 87//789 90//789
f 509//790 87//790 507//790
f 200//791 510//791 197//791
f 197//792 510//792 508//792
f 509//793 511//793 87//793
f 87//794 511//794 85//794
f 202//795 512//795 200//795
f 203//796 512//796 202//796
f 200//797 512//797 510//797
f 85//798 513//798 84//798
f 511//799 513//799 85//799
f 203//800 514//800 512//800
f 513//801 515//801 84//801
f 84//802 515//802 81//802
f 206//803 516//803 203//803
f 207//804 516//804 206//804
f 203//805 516//805 514//805
f 79//806 517//806 78//806
f 81//807 517//807 79//807
f 515//808 517//808 81//808
f 207//809 518//809 516//809
f 517//810 519//810 78//810
f 210//811 520//811 207//811
f 207//812 520//812 518//812
f 519//813 521//813 78//813
f 76//814 521//814 73//814
f 78//815 521//815 76//815
f 211//816 522//816 210//816
f 214//817 522//817 211//817
f 210//818 522//818 520//818
f 521//819 523//819 73//819
f 214//820 524//820 522//820
f 523//821 525//821 73//821
f 73//822 525//822 72//822
f 215//823 526//823 214//823
f 214//824 526//824 524//824
f 72//825 527//825 69//825
f 525//826 527//826 72//826
f 218//827 528//827 215//827
f 219//828 528//828 218//828
f 215//829 528//829 526//829
f 69//830 529//830 67//830
f 527//831 529//831 69//831
f 219//832 530//832 528//832
f 67//833 531//833 66//833
f 529//834 531//834 67//834
f 222//835 532//835 219//835
f 219//836 532//836 530//836
f 66//837 533//837 63//837
f 531//838 533//838 66//838
f 224//839 534//839 222//839
f 222//840 534//840 532//840
f 533//841 535//841 63//841
f 63//842 535//842 62//842
f 226//843 536//843 224//843
f 224//844 536//844 534//844
f 535//845 537//845 62//845
f 62//846 537//846 60//846
f 1//847 538//847 226//847
f 226//848 538//848 536//848
f 537//849 539//849 60//849
f 60//850 539//850 58//850
f 1//851 540//851 538//851
f 3//852 540//852 1//852
f 6//853 540//853 3//853
f 539//854 541//854 58//854
f 58//855 541//855 56//855
f 6//856 542//856 540//856
f 541//857 543//857 56//857
f 56//858 543//858 54//858
f 6//859 544//859 542//859
f 8//860 544//860 6//860
f 10//861 544//861 8//861
f 543//862 545//862 54//862
f 52//863 545//863 50//863
f 54//864 545//864 52//864
f 12//865 546//865 10//865
f 10//866 546//866 544//866
f 545//867 547//867 50//867
f 12//868 548//868 546//868
f 547//869 549//869 50//869
f 50//870 549//870 47//870
f 14//871 550//871 12//871
f 15//872 550//872 14//872
f 12//873 550//873 548//873
f 47//874 551//874 46//874
f 549//875 551//875 47//875
f 15//876 552//876 550//876
f 551//877 553//877 46//877
f 43//878 553//878 41//878
f 46//879 553//879 43//879
f 18//880 554//880 15//880
f 15//881 554//881 552//881
f 553//882 555//882 41//882
f 20//883 556//883 18//883
f 18//884 556//884 554//884
f 41//885 557//885 40//885
f 555//886 557//886 41//886
f 21//887 558//887 20//887
f 24//888 558//888 21//888
f 20//889 558//889 556//889
f 40//890 559//890 38//890
f 557//891 559//891 40//891
f 24//892 560//892 558//892
f 38//893 561//893 35//893
f 559//894 561//894 38//894
f 24//895 562//895 560//895
f 26//896 562//896 24//896
f 27//897 562//897 26//897
f 34//898 563//898 32//898
f 35//899 563//899 34//899
f 561//900 563//900 35//900
f 27//901 564//901 562//901
f 563//902 565//902 32//902
f 30//903 566//903 27//903
f 32//904 566//904 30//904
f 27//905 566//905 564//905
f 565//906 566//906 32//906
f 430//907 428//907 567//907
f 567//908 428//908 568//908
f 567//909 432//909 430//909
f 569//910 432//910 567//910
f 428//911 426//911 568//911
f 568//912 426//912 570//912
f 571//913 434//913 569//913
f 569//914 434//914 432//914
f 426//915 424//915 570//915
f 570//916 424//916 572//916
f 573//917 436//917 571//917
f 571//918 436//918 434//918
f 424//919 422//919 572//919
f 572//920 422//920 574//920
f 575//921 438//921 573//921
f 573//922 438//922 436//922
f 422//923 420//923 574//923
f 574//924 420//924 576//924
f 577//925 440//925 575//925
f 575//926 440//926 438//926
f 420//927 419//927 576//927
f 578//928 419//928 579//928
f 576//929 419//929 578//929
f 580//930 442//930 577//930
f 577//931 442//931 440//931
f 419//932 416//932 579//932
f 581//933 444//933 580//933
f 580//934 444//934 442//934
f 416//935 414//935 579//935
f 582//936 414//936 583//936
f 579//937 414//937 582//937
f 581//938 446//938 444//938
f 584//939 446//939 581//939
f 585//940 446//940 584//940
f 414//941 412//941 583//941
f 585//942 448//942 446//942
f 412//943 410//943 583//943
f 583//944 410//944 586//944
f 587//945 450//945 585//945
f 585//946 450//946 448//946
f 410//947 408//947 586//947
f 586//948 408//948 588//948
f 589//949 452//949 587//949
f 590//950 452//950 589//950
f 587//951 452//951 450//951
f 408//952 406//952 588//952
f 588//953 406//953 591//953
f 590//954 453//954 452//954
f 406//955 404//955 591//955
f 591//956 404//956 592//956
f 593//957 229//957 590//957
f 594//958 229//958 593//958
f 590//959 229//959 453//959
f 404//960 402//960 592//960
f 592//961 402//961 595//961
f 594//962 231//962 229//962
f 402//963 400//963 595//963
f 595//964 400//964 596//964
f 597//965 232//965 594//965
f 594//966 232//966 231//966
f 400//967 398//967 596//967
f 596//968 398//968 598//968
f 599//969 236//969 597//969
f 600//970 236//970 599//970
f 597//971 236//971 232//971
f 398//972 396//972 598//972
f 598//973 396//973 601//973
f 600//974 237//974 236//974
f 396//975 395//975 601//975
f 601//976 395//976 602//976
f 603//977 240//977 600//977
f 604//978 240//978 603//978
f 600//979 240//979 237//979
f 395//980 392//980 602//980
f 602//981 392//981 605//981
f 604//982 241//982 240//982
f 392//983 391//983 605//983
f 605//984 391//984 606//984
f 607//985 244//985 604//985
f 604//986 244//986 241//986
f 606//987 388//987 608//987
f 391//988 388//988 606//988
f 609//989 245//989 607//989
f 607//990 245//990 244//990
f 608//991 387//991 610//991
f 388//992 387//992 608//992
f 611//993 248//993 609//993
f 609//994 248//994 245//994
f 387//995 384//995 610//995
f 610//996 384//996 612//996
f 613//997 249//997 611//997
f 611//998 249//998 248//998
f 384//999 383//999 612//999
f 612//1000 383//1000 614//1000
f 615//1001 252//1001 613//1001
f 613//1002 252//1002 249//1002
f 383//1003 380//1003 614//1003
f 614//1004 380//1004 616//1004
f 617//1005 253//1005 615//1005
f 615//1006 253//1006 252//1006
f 380//1007 379//1007 616//1007
f 616//1008 379//1008 618//1008
f 619//1009 255//1009 617//1009
f 617//1010 255//1010 253//1010
f 379//1011 376//1011 618//1011
f 618//1012 376//1012 620//1012
f 621//1013 257//1013 619//1013
f 619//1014 257//1014 255//1014
f 376//1015 375//1015 620//1015
f 620//1016 375//1016 622//1016
f 623//1017 259//1017 621//1017
f 621//1018 259//1018 257//1018
f 375//1019 372//1019 622//1019
f 372//1020 624//1020 622//1020
f 259//1021 625//1021 261//1021
f 623//1022 625//1022 259//1022
f 372//1023 626//1023 624//1023
f 371//1024 626//1024 372//1024
f 261//1025 627//1025 263//1025
f 625//1026 627//1026 261//1026
f 371//1027 628//1027 626//1027
f 368//1028 628//1028 371//1028
f 263//1029 629//1029 265//1029
f 627//1030 629//1030 263//1030
f 368//1031 630//1031 628//1031
f 367//1032 630//1032 368//1032
f 265//1033 631//1033 268//1033
f 629//1034 631//1034 265//1034
f 364//1035 632//1035 367//1035
f 367//1036 632//1036 630//1036
f 364//1037 363//1037 632//1037
f 268//1038 633//1038 269//1038
f 631//1039 633//1039 268//1039
f 363//1040 634//1040 632//1040
f 269//1041 635//1041 272//1041
f 633//1042 635//1042 269//1042
f 363//1043 636//1043 634//1043
f 360//1044 636//1044 363//1044
f 272//1045 637//1045 273//1045
f 273//1046 637//1046 275//1046
f 635//1047 637//1047 272//1047
f 360//1048 638//1048 636//1048
f 359//1049 638//1049 360//1049
f 637//1050 639//1050 275//1050
f 359//1051 640//1051 638//1051
f 356//1052 640//1052 359//1052
f 639//1053 641//1053 275//1053
f 275//1054 641//1054 277//1054
f 277//1055 641//1055 280//1055
f 356//1056 642//1056 640//1056
f 355//1057 642//1057 356//1057
f 641//1058 643//1058 280//1058
f 355//1059 644//1059 642//1059
f 352//1060 644//1060 355//1060
f 280//1061 645//1061 281//1061
f 643//1062 645//1062 280//1062
f 352//1063 646//1063 644//1063
f 351//1064 646//1064 352//1064
f 645//1065 647//1065 281//1065
f 281//1066 647//1066 283//1066
f 351//1067 648//1067 646//1067
f 347//1068 648//1068 348//1068
f 348//1069 648//1069 351//1069
f 283//1070 649//1070 285//1070
f 647//1071 649//1071 283//1071
f 347//1072 650//1072 648//1072
f 285//1073 651//1073 288//1073
f 649//1074 651//1074 285//1074
f 347//1075 652//1075 650//1075
f 344//1076 652//1076 347//1076
f 288//1077 653//1077 289//1077
f 651//1078 653//1078 288//1078
f 340//1079 654//1079 341//1079
f 341//1080 654//1080 344//1080
f 344//1081 654//1081 652//1081
f 289//1082 655//1082 292//1082
f 292//1083 655//1083 293//1083
f 653//1084 655//1084 289//1084
f 337//1085 656//1085 340//1085
f 340//1086 656//1086 654//1086
f 655//1087 657//1087 293//1087
f 337//1088 658//1088 656//1088
f 293//1089 659//1089 296//1089
f 296//1090 659//1090 297//1090
f 657//1091 659//1091 293//1091
f 336//1092 660//1092 337//1092
f 337//1093 660//1093 658//1093
f 659//1094 661//1094 297//1094
f 297//1095 661//1095 300//1095
f 336//1096 662//1096 660//1096
f 333//1097 662//1097 336//1097
f 661//1098 663//1098 300//1098
f 333//1099 664//1099 662//1099
f 332//1100 664//1100 333//1100
f 663//1101 665//1101 300//1101
f 300//1102 665//1102 301//1102
f 332//1103 666//1103 664//1103
f 328//1104 666//1104 329//1104
f 329//1105 666//1105 332//1105
f 665//1106 667//1106 301//1106
f 301//1107 667//1107 304//1107
f 304//1108 667//1108 305//1108
f 328//1109 668//1109 666//1109
f 325//1110 668//1110 328//1110
f 667//1111 669//1111 305//1111
f 325//1112 670//1112 668//1112
f 669//1113 671//1113 305//1113
f 305//1114 671//1114 308//1114
f 325//1115 672//1115 670//1115
f 324//1116 672//1116 325//1116
f 671//1117 673//1117 308//1117
f 308//1118 673//1118 309//1118
f 321//1119 674//1119 324//1119
f 324//1120 674//1120 672//1120
f 309//1121 675//1121 312//1121
f 673//1122 675//1122 309//1122
f 320//1123 676//1123 321//1123
f 321//1124 676//1124 674//1124
f 312//1125 677//1125 313//1125
f 675//1126 677//1126 312//1126
f 316//1127 678//1127 317//1127
f 317//1128 678//1128 320//1128
f 320//1129 678//1129 676//1129
f 677//1130 679//1130 313//1130
f 313//1131 679//1131 316//1131
f 316//1132 679//1132 678//1132
f 680//1133 540//1133 681//1133
f 538//1134 540//1134 680//1134
f 681//1135 542//1135 682//1135
f 540//1136 542//1136 681//1136
f 682//1137 544//1137 683//1137
f 542//1138 544//1138 682//1138
f 683//1139 546//1139 684//1139
f 684//1140 546//1140 685//1140
f 544//1141 546//1141 683//1141
f 546//1142 548//1142 685//1142
f 685//1143 550//1143 686//1143
f 548//1144 550//1144 685//1144
f 686//1145 552//1145 687//1145
f 550//1146 552//1146 686//1146
f 687//1147 554//1147 688//1147
f 688//1148 554//1148 689//1148
f 552//1149 554//1149 687//1149
f 554//1150 556//1150 689//1150
f 689//1151 558//1151 690//1151
f 556//1152 558//1152 689//1152
f 690//1153 560//1153 691//1153
f 558//1154 560//1154 690//1154
f 691//1155 562//1155 692//1155
f 560//1156 562//1156 691//1156
f 692//1157 564//1157 693//1157
f 693//1158 564//1158 694//1158
f 562//1159 564//1159 692//1159
f 564//1160 566//1160 694//1160
f 694//1161 565//1161 695//1161
f 566//1162 565//1162 694//1162
f 695//1163 563//1163 696//1163
f 696//1164 563//1164 697//1164
f 565//1165 563//1165 695//1165
f 563//1166 561//1166 697//1166
f 561//1167 559//1167 697//1167
f 697//1168 559//1168 698//1168
f 559//1169 557//1169 698//1169
f 698//1170 557//1170 699//1170
f 699//1171 557//1171 700//1171
f 557//1172 555//1172 700//1172
f 555//1173 553//1173 700//1173
f 700//1174 553//1174 701//1174
f 553//1175 551//1175 701//1175
f 701//1176 551//1176 702//1176
f 702//1177 549//1177 703//1177
f 551//1178 549//1178 702//1178
f 703//1179 547//1179 704//1179
f 549//1180 547//1180 703//1180
f 704//1181 547//1181 705//1181
f 547//1182 545//1182 705//1182
f 705//1183 543//1183 706//1183
f 545//1184 543//1184 705//1184
f 706//1185 541//1185 707//1185
f 707//1186 541//1186 708//1186
f 543//1187 541//1187 706//1187
f 541//1188 539//1188 708//1188
f 708//1189 537//1189 709//1189
f 709//1190 537//1190 710//1190
f 539//1191 537//1191 708//1191
f 537//1192 535//1192 710//1192
f 710//1193 533//1193 711//1193
f 535//1194 533//1194 710//1194
f 711//1195 531//1195 712//1195
f 712//1196 531//1196 713//1196
f 533//1197 531//1197 711//1197
f 531//1198 529//1198 713//1198
f 713//1199 527//1199 714//1199
f 529//1200 527//1200 713//1200
f 714//1201 525//1201 715//1201
f 527//1202 525//1202 714//1202
f 715//1203 523//1203 716//1203
f 525//1204 523//1204 715//1204
f 716//1205 521//1205 717//1205
f 523//1206 521//1206 716//1206
f 717//1207 519//1207 718//1207
f 521//1208 519//1208 717//1208
f 718//1209 517//1209 719//1209
f 519//1210 517//1210 718//1210
f 719//1211 515//1211 720//1211
f 517//1212 515//1212 719//1212
f 720//1213 513//1213 721//1213
f 515//1214 513//1214 720//1214
f 721//1215 511//1215 722//1215
f 513//1216 511//1216 721//1216
f 722//1217 509//1217 723//1217
f 511//1218 509//1218 722//1218
f 509//1219 507//1219 723//1219
f 723//1220 507//1220 724//1220
f 724//1221 507//1221 725//1221
f 507//1222 506//1222 725//1222
f 506//1223 503//1223 725//1223
f 725//1224 503//1224 726//1224
f 503//1225 501//1225 726//1225
f 726//1226 501//1226 727//1226
f 501//1227 499//1227 727//1227
f 727//1228 499//1228 728//1228
f 499//1229 497//1229 728//1229
f 728//1230 497//1230 729//1230
f 497//1231 495//1231 729//1231
f 729//1232 495//1232 730//1232
f 495//1233 493//1233 730//1233
f 730//1234 493//1234 731//1234
f 493//1235 491//1235 731//1235
f 731//1236 491//1236 732//1236
f 491//1237 489//1237 732//1237
f 732//1238 489//1238 733//1238
f 489//1239 487//1239 733//1239
f 733//1240 487//1240 734//1240
f 487//1241 486//1241 734//1241
f 734//1242 486//1242 735//1242
f 486//1243 484//1243 735//1243
f 735//1244 484//1244 736//1244
f 484//1245 481//1245 736//1245
f 736//1246 481//1246 737//1246
f 737//1247 479//1247 738//1247
f 481//1248 479//1248 737//1248
f 738//1249 477//1249 739//1249
f 479//1250 477//1250 738//1250
f 739//1251 475//1251 740//1251
f 477//1252 475//1252 739//1252
f 740//1253 473//1253 741//1253
f 741//1254 473//1254 742//1254
f 475//1255 473//1255 740//1255
f 473//1256 471//1256 742//1256
f 742//1257 470//1257 743//1257
f 471//1258 470//1258 742//1258
f 743//1259 467//1259 744//1259
f 470//1260 467//1260 743//1260
f 744//1261 465//1261 745//1261
f 467//1262 465//1262 744//1262
f 745//1263 463//1263 746//1263
f 465//1264 463//1264 745//1264
f 746//1265 461//1265 747//1265
f 463//1266 461//1266 746//1266
f 461//1267 459//1267 747//1267
f 747//1268 459//1268 748//1268
f 459//1269 457//1269 748//1269
f 748//1270 457//1270 749//1270
f 457//1271 454//1271 749//1271
f 749//1272 454//1272 750//1272
f 454//1273 455//1273 750//1273
f 750//1274 455//1274 751//1274
f 455//1275 456//1275 751//1275
f 751//1276 456//1276 752//1276
f 456//1277 458//1277 752//1277
f 752//1278 458//1278 753//1278
f 458//1279 460//1279 753//1279
f 753//1280 460//1280 754//1280
f 460//1281 462//1281 754//1281
f 754//1282 462//1282 755//1282
f 462//1283 464//1283 755//1283
f 755//1284 464//1284 756//1284
f 464//1285 466//1285 756//1285
f 756//1286 466//1286 757//1286
f 466//1287 468//1287 757//1287
f 757//1288 468//1288 758//1288
f 468//1289 469//1289 758//1289
f 758//1290 469//1290 759//1290
f 469//1291 472//1291 759//1291
f 759//1292 472//1292 760//1292
f 472//1293 474//1293 760//1293
f 760//1294 474//1294 761//1294
f 474//1295 476//1295 761//1295
f 761//1296 476//1296 762//1296
f 476//1297 478//1297 762//1297
f 762//1298 478//1298 763//1298
f 478//1299 480//1299 763//1299
f 763//1300 480//1300 764//1300
f 480//1301 482//1301 764//1301
f 764//1302 482//1302 765//1302
f 482//1303 483//1303 765//1303
f 765//1304 483//1304 766//1304
f 483//1305 485//1305 766//1305
f 766//1306 485//1306 767//1306
f 485//1307 488//1307 767//1307
f 767//1308 488//1308 768//1308
f 488//1309 490//1309 768//1309
f 768//1310 490//1310 769//1310
f 769//1311 492//1311 770//1311
f 490//1312 492//1312 769//1312
f 770//1313 494//1313 771//1313
f 492//1314 494//1314 770//1314
f 771//1315 496//1315 772//1315
f 494//1316 496//1316 771//1316
f 772//1317 498//1317 773//1317
f 496//1318 498//1318 772//1318
f 498//1319 500//1319 773//1319
f 773//1320 500//1320 774//1320
f 500//1321 502//1321 774//1321
f 774//1322 502//1322 775//1322
f 502//1323 504//1323 775//1323
f 775//1324 504//1324 776//1324
f 776//1325 504//1325 777//1325
f 504//1326 505//1326 777//1326
f 505//1327 508//1327 777//1327
f 777//1328 508//1328 778//1328
f 508//1329 510//1329 778//1329
f 778//1330 510//1330 779//1330
f 510//1331 512//1331 779//1331
f 779//1332 512//1332 780//1332
f 780//1333 514//1333 781//1333
f 512//1334 514//1334 780//1334
f 781//1335 516//1335 782//1335
f 514//1336 516//1336 781//1336
f 782//1337 518//1337 783//1337
f 516//1338 518//1338 782//1338
f 783//1339 520//1339 784//1339
f 518//1340 520//1340 783//1340
f 784//1341 522//1341 785//1341
f 520//1342 522//1342 784//1342
f 785//1343 524//1343 786//1343
f 522//1344 524//1344 785//1344
f 786//1345 526//1345 787//1345
f 524//1346 526//1346 786//1346
f 787//1347 528//1347 788//1347
f 526//1348 528//1348 787//1348
f 788//1349 530//1349 789//1349
f 528//1350 530//1350 788//1350
f 789//1351 532//1351 790//1351
f 530//1352 532//1352 789//1352
f 790//1353 534//1353 791//1353
f 532//1354 534//1354 790//1354
f 791//1355 536//1355 792//1355
f 534//1356 536//1356 791//1356
f 792//1357 538//1357 680//1357
f 536//1358 538//1358 792//1358
f 793//1359 794//1359 795//1359
f 793//1360 796//1360 794//1360
f 797//1361 798//1361 799//1361
f 800//1362 793//1362 795//1362
f 801//1363 793//1363 800//1363
f 802//1364 793//1364 801//1364
f 803//1365 804//1365 805//1365
f 803//1366 806//1366 804//1366
f 803//1367 807//1367 806//1367
f 803//1368 808//1368 807//1368
f 803//1369 809//1369 808//1369
f 803//1370 810//1370 809//1370
f 803//1371 811//1371 810//1371
f 803//1372 812//1372 811//1372
f 803//1373 802//1373 812//1373
f 803//1374 793//1374 802//1374
f 813//1375 803//1375 805//1375
f 814//1376 803//1376 813//1376
f 815//1377 803//1377 814//1377
f 816//1378 817//1378 818//1378
f 597//1379 803//1379 815//1379
f 597//1380 594//1380 803//1380
f 597//1381 819//1381 820//1381
f 597//1382 821//1382 819//1382
f 597//1383 822//1383 821//1383
f 597//1384 823//1384 822//1384
f 597//1385 815//1385 823//1385
f 599//1386 824//1386 825//1386
f 599//1387 826//1387 824//1387
f 599//1388 827//1388 826//1388
f 599//1389 828//1389 827//1389
f 599//1390 829//1390 828//1390
f 599//1391 820//1391 829//1391
f 599//1392 597//1392 820//1392
f 830//1393 831//1393 832//1393
f 833//1394 834//1394 835//1394
f 604//1395 836//1395 837//1395
f 604//1396 838//1396 836//1396
f 604//1397 839//1397 838//1397
f 604//1398 840//1398 839//1398
f 604//1399 841//1399 840//1399
f 604//1400 842//1400 841//1400
f 604//1401 843//1401 842//1401
f 604//1402 844//1402 843//1402
f 604//1403 845//1403 844//1403
f 607//1404 604//1404 837//1404
f 607//1405 846//1405 847//1405
f 607//1406 848//1406 846//1406
f 607//1407 849//1407 848//1407
f 607//1408 850//1408 849//1408
f 607//1409 851//1409 850//1409
f 607//1410 852//1410 851//1410
f 607//1411 837//1411 852//1411
f 853//1412 854//1412 855//1412
f 609//1413 607//1413 847//1413
f 609//1414 856//1414 857//1414
f 609//1415 858//1415 856//1415
f 609//1416 859//1416 858//1416
f 609//1417 860//1417 859//1417
f 609//1418 861//1418 860//1418
f 609//1419 847//1419 861//1419
f 862//1420 863//1420 864//1420
f 613//1421 865//1421 866//1421
f 613//1422 867//1422 865//1422
f 613//1423 868//1423 867//1423
f 613//1424 869//1424 868//1424
f 613//1425 870//1425 869//1425
f 613//1426 871//1426 870//1426
f 613//1427 872//1427 871//1427
f 615//1428 873//1428 874//1428
f 615//1429 875//1429 873//1429
f 615//1430 876//1430 875//1430
f 615//1431 877//1431 876//1431
f 615//1432 878//1432 877//1432
f 615//1433 879//1433 878//1433
f 615//1434 866//1434 879//1434
f 615//1435 613//1435 866//1435
f 617//1436 615//1436 874//1436
f 617//1437 880//1437 881//1437
f 617//1438 882//1438 880//1438
f 617//1439 883//1439 882//1439
f 617//1440 884//1440 883//1440
f 617//1441 885//1441 884//1441
f 617//1442 886//1442 885//1442
f 617//1443 887//1443 886//1443
f 617//1444 888//1444 887//1444
f 617//1445 874//1445 888//1445
f 889//1446 890//1446 891//1446
f 892//1447 889//1447 891//1447
f 893//1448 889//1448 892//1448
f 893//1449 892//1449 894//1449
f 623//1450 895//1450 896//1450
f 623//1451 897//1451 895//1451
f 623//1452 898//1452 897//1452
f 623//1453 899//1453 898//1453
f 623//1454 900//1454 899//1454
f 623//1455 901//1455 900//1455
f 623//1456 902//1456 901//1456
f 625//1457 903//1457 904//1457
f 625//1458 905//1458 903//1458
f 625//1459 906//1459 905//1459
f 625//1460 907//1460 906//1460
f 625//1461 908//1461 907//1461
f 625//1462 909//1462 908//1462
f 625//1463 910//1463 909//1463
f 625//1464 896//1464 910//1464
f 625//1465 623//1465 896//1465
f 911//1466 912//1466 913//1466
f 627//1467 625//1467 904//1467
f 627//1468 914//1468 915//1468
f 627//1469 904//1469 914//1469
f 631//1470 916//1470 917//1470
f 631//1471 918//1471 916//1471
f 631//1472 919//1472 918//1472
f 631//1473 920//1473 919//1473
f 921//1474 922//1474 923//1474
f 633//1475 924//1475 925//1475
f 633//1476 926//1476 924//1476
f 633//1477 927//1477 926//1477
f 633//1478 928//1478 927//1478
f 633//1479 929//1479 928//1479
f 633//1480 930//1480 929//1480
f 633//1481 917//1481 930//1481
f 633//1482 631//1482 917//1482
f 635//1483 931//1483 932//1483
f 635//1484 933//1484 931//1484
f 635//1485 934//1485 933//1485
f 635//1486 935//1486 934//1486
f 635//1487 936//1487 935//1487
f 635//1488 937//1488 936//1488
f 635//1489 925//1489 937//1489
f 635//1490 633//1490 925//1490
f 635//1491 932//1491 938//1491
f 939//1492 940//1492 941//1492
f 942//1493 943//1493 944//1493
f 641//1494 945//1494 946//1494
f 641//1495 947//1495 945//1495
f 641//1496 948//1496 947//1496
f 641//1497 949//1497 948//1497
f 641//1498 950//1498 949//1498
f 641//1499 951//1499 950//1499
f 641//1500 952//1500 951//1500
f 641//1501 953//1501 952//1501
f 641//1502 954//1502 953//1502
f 643//1503 955//1503 956//1503
f 643//1504 957//1504 955//1504
f 643//1505 958//1505 957//1505
f 643//1506 959//1506 958//1506
f 643//1507 960//1507 959//1507
f 643//1508 961//1508 960//1508
f 643//1509 946//1509 961//1509
f 643//1510 641//1510 946//1510
f 962//1511 963//1511 964//1511
f 645//1512 643//1512 956//1512
f 645//1513 965//1513 966//1513
f 645//1514 967//1514 965//1514
f 645//1515 968//1515 967//1515
f 645//1516 969//1516 968//1516
f 645//1517 970//1517 969//1517
f 645//1518 956//1518 970//1518
f 649//1519 971//1519 972//1519
f 649//1520 973//1520 971//1520
f 649//1521 974//1521 975//1521
f 649//1522 972//1522 974//1522
f 976//1523 964//1523 977//1523
f 976//1524 977//1524 978//1524
f 976//1525 962//1525 964//1525
f 651//1526 649//1526 975//1526
f 651//1527 979//1527 980//1527
f 651//1528 981//1528 979//1528
f 651//1529 982//1529 981//1529
f 651//1530 983//1530 982//1530
f 651//1531 984//1531 983//1531
f 651//1532 985//1532 984//1532
f 651//1533 986//1533 985//1533
f 651//1534 975//1534 986//1534
f 653//1535 651//1535 980//1535
f 653//1536 987//1536 988//1536
f 653//1537 989//1537 987//1537
f 653//1538 990//1538 989//1538
f 653//1539 991//1539 990//1539
f 653//1540 992//1540 991//1540
f 653//1541 993//1541 992//1541
f 653//1542 994//1542 993//1542
f 653//1543 980//1543 994//1543
f 995//1544 996//1544 997//1544
f 998//1545 995//1545 997//1545
f 999//1546 995//1546 998//1546
f 999//1547 998//1547 1000//1547
f 659//1548 1001//1548 1002//1548
f 659//1549 1003//1549 1001//1549
f 659//1550 1004//1550 1003//1550
f 659//1551 1005//1551 1004//1551
f 659//1552 1006//1552 1005//1552
f 659//1553 1007//1553 1006//1553
f 659//1554 1008//1554 1007//1554
f 661//1555 1009//1555 1010//1555
f 661//1556 1011//1556 1009//1556
f 661//1557 1012//1557 1011//1557
f 661//1558 1013//1558 1012//1558
f 661//1559 1014//1559 1013//1559
f 661//1560 1015//1560 1014//1560
f 661//1561 1002//1561 1015//1561
f 661//1562 659//1562 1002//1562
f 663//1563 1016//1563 1017//1563
f 663//1564 1010//1564 1016//1564
f 663//1565 661//1565 1010//1565
f 1018//1566 1019//1566 1020//1566
f 667//1567 1021//1567 1022//1567
f 667//1568 1023//1568 1021//1568
f 667//1569 1024//1569 1023//1569
f 1025//1570 1026//1570 1027//1570
f 669//1571 667//1571 1022//1571
f 669//1572 1028//1572 1029//1572
f 669//1573 1030//1573 1028//1573
f 669//1574 1031//1574 1030//1574
f 669//1575 1032//1575 1031//1575
f 669//1576 1033//1576 1032//1576
f 669//1577 1034//1577 1033//1577
f 669//1578 1035//1578 1034//1578
f 669//1579 1022//1579 1035//1579
f 671//1580 669//1580 1029//1580
f 671//1581 1036//1581 1037//1581
f 671//1582 1038//1582 1036//1582
f 671//1583 1039//1583 1038//1583
f 671//1584 1040//1584 1039//1584
f 671//1585 1041//1585 1040//1585
f 671//1586 1042//1586 1041//1586
f 671//1587 1043//1587 1042//1587
f 671//1588 1044//1588 1043//1588
f 671//1589 1029//1589 1044//1589
f 1045//1590 1046//1590 1047//1590
f 673//1591 1048//1591 1049//1591
f 673//1592 1037//1592 1048//1592
f 673//1593 671//1593 1037//1593
f 1050//1594 1051//1594 1052//1594
f 677//1595 1053//1595 1054//1595
f 677//1596 1055//1596 1053//1596
f 677//1597 1056//1597 1055//1597
f 677//1598 1057//1598 1056//1598
f 677//1599 1058//1599 1057//1599
f 677//1600 675//1600 1059//1600
f 677//1601 1060//1601 1058//1601
f 677//1602 1061//1602 1060//1602
f 677//1603 1062//1603 1061//1603
f 677//1604 1059//1604 1062//1604
f 679//1605 677//1605 1054//1605
f 679//1606 1063//1606 1064//1606
f 679//1607 1065//1607 1063//1607
f 679//1608 1066//1608 1065//1608
f 679//1609 1067//1609 1066//1609
f 679//1610 1068//1610 1067//1610
f 679//1611 1069//1611 1068//1611
f 679//1612 1054//1612 1069//1612
f 678//1613 1070//1613 1071//1613
f 678//1614 1072//1614 1070//1614
f 678//1615 1073//1615 1072//1615
f 678//1616 1074//1616 1073//1616
f 678//1617 1075//1617 1074//1617
f 678//1618 1064//1618 1075//1618
f 678//1619 679//1619 1064//1619
f 1076//1620 1077//1620 1078//1620
f 1079//1621 1076//1621 1078//1621
f 674//1622 1080//1622 1081//1622
f 674//1623 1082//1623 1080//1623
f 1083//1624 1079//1624 1084//1624
f 1083//1625 1076//1625 1079//1625
f 672//1626 674//1626 1081//1626
f 672//1627 1085//1627 1086//1627
f 672//1628 1087//1628 1085//1628
f 672//1629 1088//1629 1087//1629
f 672//1630 1089//1630 1088//1630
f 672//1631 1090//1631 1089//1631
f 672//1632 1091//1632 1090//1632
f 672//1633 1092//1633 1091//1633
f 672//1634 1081//1634 1092//1634
f 670//1635 672//1635 1086//1635
f 670//1636 1093//1636 1094//1636
f 670//1637 1095//1637 1093//1637
f 670//1638 1096//1638 1095//1638
f 670//1639 1097//1639 1096//1639
f 670//1640 1098//1640 1097//1640
f 670//1641 1099//1641 1098//1641
f 670//1642 1086//1642 1099//1642
f 1100//1643 1101//1643 1102//1643
f 1103//1644 1104//1644 1105//1644
f 664//1645 1106//1645 1107//1645
f 664//1646 1108//1646 1106//1646
f 664//1647 1109//1647 1108//1647
f 664//1648 1110//1648 1109//1648
f 664//1649 1111//1649 1110//1649
f 664//1650 1112//1650 1111//1650
f 664//1651 1113//1651 1112//1651
f 662//1652 1114//1652 1115//1652
f 662//1653 1107//1653 1114//1653
f 662//1654 664//1654 1107//1654
f 662//1655 1116//1655 1117//1655
f 662//1656 1118//1656 1116//1656
f 662//1657 1119//1657 1118//1657
f 662//1658 1120//1658 1119//1658
f 662//1659 1115//1659 1120//1659
f 660//1660 662//1660 1117//1660
f 660//1661 1121//1661 1122//1661
f 660//1662 1123//1662 1121//1662
f 660//1663 1124//1663 1123//1663
f 660//1664 1117//1664 1124//1664
f 1125//1665 1126//1665 1127//1665
f 656//1666 1128//1666 1129//1666
f 656//1667 1130//1667 1128//1667
f 656//1668 1131//1668 1130//1668
f 1132//1669 1133//1669 1134//1669
f 654//1670 656//1670 1129//1670
f 654//1671 1135//1671 1136//1671
f 654//1672 1137//1672 1135//1672
f 654//1673 1138//1673 1137//1673
f 654//1674 1139//1674 1138//1674
f 654//1675 1140//1675 1139//1675
f 654//1676 1141//1676 1140//1676
f 654//1677 1142//1677 1141//1677
f 654//1678 1129//1678 1142//1678
f 652//1679 654//1679 1136//1679
f 652//1680 1143//1680 1144//1680
f 652//1681 1145//1681 1143//1681
f 652//1682 1146//1682 1145//1682
f 652//1683 1147//1683 1146//1683
f 652//1684 1148//1684 1147//1684
f 652//1685 1149//1685 1148//1685
f 652//1686 1150//1686 1149//1686
f 652//1687 1151//1687 1150//1687
f 652//1688 1136//1688 1151//1688
f 1152//1689 1153//1689 1154//1689
f 650//1690 1155//1690 1156//1690
f 650//1691 1144//1691 1155//1691
f 650//1692 652//1692 1144//1692
f 1157//1693 1154//1693 1158//1693
f 1157//1694 1158//1694 1159//1694
f 1157//1695 1152//1695 1154//1695
f 646//1696 648//1696 1160//1696
f 646//1697 1161//1697 1162//1697
f 646//1698 1163//1698 1161//1698
f 646//1699 1164//1699 1163//1699
f 646//1700 1165//1700 1164//1700
f 646//1701 1166//1701 1165//1701
f 646//1702 1167//1702 1166//1702
f 646//1703 1168//1703 1167//1703
f 646//1704 1169//1704 1168//1704
f 646//1705 1170//1705 1169//1705
f 646//1706 1160//1706 1170//1706
f 644//1707 646//1707 1162//1707
f 644//1708 1171//1708 1172//1708
f 644//1709 1173//1709 1171//1709
f 644//1710 1174//1710 1173//1710
f 644//1711 1175//1711 1174//1711
f 644//1712 1176//1712 1175//1712
f 644//1713 1162//1713 1176//1713
f 642//1714 644//1714 1172//1714
f 642//1715 1177//1715 1178//1715
f 642//1716 1179//1716 1177//1716
f 642//1717 1180//1717 1179//1717
f 642//1718 1181//1718 1180//1718
f 642//1719 1182//1719 1181//1719
f 642//1720 1172//1720 1182//1720
f 1183//1721 1184//1721 1185//1721
f 1186//1722 1183//1722 1185//1722
f 1187//1723 1186//1723 1188//1723
f 1187//1724 1183//1724 1186//1724
f 636//1725 1189//1725 1190//1725
f 636//1726 1191//1726 1189//1726
f 636//1727 1192//1727 1191//1727
f 636//1728 1193//1728 1192//1728
f 636//1729 1194//1729 1193//1729
f 636//1730 1195//1730 1194//1730
f 636//1731 1196//1731 1195//1731
f 636//1732 1197//1732 1196//1732
f 636//1733 1198//1733 1197//1733
f 636//1734 638//1734 1198//1734
f 634//1735 636//1735 1190//1735
f 634//1736 1199//1736 1200//1736
f 634//1737 1201//1737 1199//1737
f 634//1738 1202//1738 1201//1738
f 634//1739 1203//1739 1202//1739
f 634//1740 1204//1740 1203//1740
f 634//1741 1205//1741 1204//1741
f 634//1742 1190//1742 1205//1742
f 1206//1743 1207//1743 1208//1743
f 1209//1744 1210//1744 1211//1744
f 628//1745 1212//1745 1213//1745
f 628//1746 1214//1746 1212//1746
f 628//1747 1215//1747 1214//1747
f 628//1748 1216//1748 1215//1748
f 628//1749 1217//1749 1216//1749
f 628//1750 1218//1750 1217//1750
f 626//1751 1219//1751 1220//1751
f 626//1752 1221//1752 1219//1752
f 626//1753 1222//1753 1221//1753
f 626//1754 1223//1754 1222//1754
f 626//1755 1224//1755 1223//1755
f 626//1756 1225//1756 1224//1756
f 626//1757 1213//1757 1225//1757
f 626//1758 628//1758 1213//1758
f 624//1759 626//1759 1220//1759
f 624//1760 1226//1760 1227//1760
f 624//1761 1228//1761 1226//1761
f 624//1762 1229//1762 1228//1762
f 624//1763 1230//1763 1229//1763
f 624//1764 1231//1764 1230//1764
f 624//1765 1232//1765 1231//1765
f 624//1766 1233//1766 1232//1766
f 624//1767 1234//1767 1233//1767
f 624//1768 1220//1768 1234//1768
f 1235//1769 1236//1769 1237//1769
f 620//1770 1238//1770 1239//1770
f 620//1771 1240//1771 1238//1771
f 620//1772 1241//1772 1240//1772
f 1242//1773 1243//1773 1244//1773
f 618//1774 1245//1774 1246//1774
f 618//1775 1247//1775 1245//1775
f 618//1776 1248//1776 1247//1776
f 618//1777 1249//1777 1248//1777
f 618//1778 1250//1778 1249//1778
f 618//1779 1251//1779 1250//1779
f 618//1780 1252//1780 1251//1780
f 618//1781 1253//1781 1252//1781
f 618//1782 1239//1782 1253//1782
f 618//1783 620//1783 1239//1783
f 616//1784 1254//1784 1255//1784
f 616//1785 1256//1785 1254//1785
f 616//1786 1257//1786 1256//1786
f 616//1787 1258//1787 1257//1787
f 616//1788 1259//1788 1258//1788
f 616//1789 1260//1789 1259//1789
f 616//1790 1246//1790 1260//1790
f 616//1791 618//1791 1246//1791
f 616//1792 1261//1792 1262//1792
f 616//1793 1255//1793 1261//1793
f 1263//1794 1264//1794 1265//1794
f 614//1795 616//1795 1262//1795
f 614//1796 1262//1796 1266//1796
f 1267//1797 1263//1797 1265//1797
f 1267//1798 1265//1798 1268//1798
f 1267//1799 1268//1799 1269//1799
f 610//1800 1270//1800 1271//1800
f 610//1801 1272//1801 1270//1801
f 610//1802 1273//1802 1272//1802
f 610//1803 1274//1803 1273//1803
f 610//1804 1275//1804 1274//1804
f 610//1805 1276//1805 1275//1805
f 608//1806 1277//1806 1278//1806
f 608//1807 1279//1807 1277//1807
f 608//1808 1280//1808 1279//1808
f 608//1809 1281//1809 1280//1809
f 608//1810 1282//1810 1281//1810
f 608//1811 1283//1811 1282//1811
f 608//1812 1271//1812 1283//1812
f 608//1813 610//1813 1271//1813
f 606//1814 1284//1814 1285//1814
f 606//1815 1286//1815 1284//1815
f 606//1816 1287//1816 1286//1816
f 606//1817 1288//1817 1287//1817
f 606//1818 1278//1818 1288//1818
f 606//1819 608//1819 1278//1819
f 1289//1820 1290//1820 1291//1820
f 1292//1821 1293//1821 1294//1821
f 601//1822 1295//1822 1296//1822
f 601//1823 1297//1823 1295//1823
f 601//1824 1298//1824 1297//1824
f 601//1825 1299//1825 1298//1825
f 601//1826 1300//1826 1299//1826
f 601//1827 1301//1827 1300//1827
f 601//1828 1302//1828 1301//1828
f 601//1829 1303//1829 1302//1829
f 601//1830 1304//1830 1303//1830
f 598//1831 601//1831 1296//1831
f 598//1832 1305//1832 1306//1832
f 598//1833 1307//1833 1305//1833
f 598//1834 1308//1834 1307//1834
f 598//1835 1309//1835 1308//1835
f 598//1836 1310//1836 1309//1836
f 598//1837 1311//1837 1310//1837
f 598//1838 1312//1838 1311//1838
f 598//1839 1296//1839 1312//1839
f 1313//1840 1314//1840 1315//1840
f 1316//1841 1317//1841 1318//1841
f 592//1842 1319//1842 1320//1842
f 592//1843 1321//1843 1319//1843
f 592//1844 1322//1844 1321//1844
f 592//1845 1323//1845 1322//1845
f 592//1846 1324//1846 1323//1846
f 592//1847 1325//1847 1324//1847
f 592//1848 1326//1848 1325//1848
f 591//1849 1327//1849 1328//1849
f 591//1850 1329//1850 1327//1850
f 591//1851 1330//1851 1329//1851
f 591//1852 1331//1852 1330//1852
f 591//1853 1332//1853 1331//1853
f 591//1854 1320//1854 1332//1854
f 591//1855 592//1855 1320//1855
f 588//1856 1333//1856 1334//1856
f 588//1857 1335//1857 1333//1857
f 588//1858 1336//1858 1335//1858
f 588//1859 1337//1859 1336//1859
f 588//1860 1338//1860 1337//1860
f 588//1861 1339//1861 1338//1861
f 588//1862 1340//1862 1339//1862
f 588//1863 1341//1863 1340//1863
f 588//1864 1342//1864 1341//1864
f 588//1865 1328//1865 1342//1865
f 588//1866 591//1866 1328//1866
f 1343//1867 1344//1867 1345//1867
f 583//1868 1346//1868 1347//1868
f 583//1869 1348//1869 1346//1869
f 583//1870 1349//1870 1348//1870
f 1350//1871 1351//1871 1352//1871
f 582//1872 583//1872 1347//1872
f 582//1873 1353//1873 1354//1873
f 582//1874 1355//1874 1353//1874
f 582//1875 1356//1875 1355//1875
f 582//1876 1357//1876 1356//1876
f 582//1877 1358//1877 1357//1877
f 582//1878 1359//1878 1358//1878
f 582//1879 1360//1879 1359//1879
f 582//1880 1361//1880 1360//1880
f 582//1881 1347//1881 1361//1881
f 579//1882 582//1882 1354//1882
f 579//1883 1362//1883 1363//1883
f 579//1884 1364//1884 1362//1884
f 579//1885 1365//1885 1364//1885
f 579//1886 1366//1886 1365//1886
f 579//1887 1367//1887 1366//1887
f 579//1888 1368//1888 1367//1888
f 579//1889 1369//1889 1368//1889
f 579//1890 1370//1890 1369//1890
f 579//1891 1354//1891 1370//1891
f 1371//1892 1372//1892 1373//1892
f 578//1893 1363//1893 1374//1893
f 578//1894 579//1894 1363//1894
f 1375//1895 1373//1895 1376//1895
f 1375//1896 1376//1896 1377//1896
f 1375//1897 1371//1897 1373//1897
f 574//1898 1378//1898 1379//1898
f 574//1899 1380//1899 1378//1899
f 574//1900 1381//1900 1380//1900
f 574//1901 1382//1901 1381//1901
f 572//1902 1383//1902 1384//1902
f 572//1903 1385//1903 1383//1903
f 572//1904 1386//1904 1385//1904
f 572//1905 1387//1905 1386//1905
f 572//1906 1388//1906 1387//1906
f 572//1907 1389//1907 1388//1907
f 572//1908 1379//1908 1389//1908
f 572//1909 574//1909 1379//1909
f 570//1910 1390//1910 1391//1910
f 570//1911 1392//1911 1390//1911
f 570//1912 1393//1912 1392//1912
f 570//1913 1394//1913 1393//1913
f 570//1914 1395//1914 1394//1914
f 570//1915 1384//1915 1395//1915
f 570//1916 572//1916 1384//1916
f 1396//1917 1397//1917 1398//1917
f 1399//1918 1400//1918 1401//1918
f 569//1919 1402//1919 1403//1919
f 569//1920 1404//1920 1402//1920
f 569//1921 1405//1921 1404//1921
f 569//1922 1406//1922 1405//1922
f 569//1923 1407//1923 1406//1923
f 569//1924 1408//1924 1407//1924
f 569//1925 1409//1925 1408//1925
f 569//1926 1410//1926 1409//1926
f 569//1927 1411//1927 1410//1927
f 571//1928 569//1928 1403//1928
f 571//1929 1412//1929 1413//1929
f 571//1930 1414//1930 1412//1930
f 571//1931 1415//1931 1414//1931
f 571//1932 1416//1932 1415//1932
f 571//1933 1417//1933 1416//1933
f 571//1934 1418//1934 1417//1934
f 571//1935 1419//1935 1418//1935
f 571//1936 1403//1936 1419//1936
f 1420//1937 1421//1937 1422//1937
f 573//1938 571//1938 1413//1938
f 573//1939 1423//1939 1424//1939
f 573//1940 1425//1940 1423//1940
f 573//1941 1413//1941 1425//1941
f 1426//1942 1427//1942 1428//1942
f 577//1943 1429//1943 1430//1943
f 577//1944 1431//1944 1429//1944
f 577//1945 1432//1945 1431//1945
f 577//1946 1433//1946 1432//1946
f 577//1947 1434//1947 1433//1947
f 577//1948 1435//1948 1434//1948
f 577//1949 1436//1949 1435//1949
f 580//1950 1437//1950 1438//1950
f 580//1951 1439//1951 1437//1951
f 580//1952 1430//1952 1439//1952
f 580//1953 577//1953 1430//1953
f 580//1954 1440//1954 1441//1954
f 580//1955 1442//1955 1440//1955
f 580//1956 1443//1956 1442//1956
f 580//1957 1438//1957 1443//1957
f 581//1958 580//1958 1441//1958
f 581//1959 1444//1959 1445//1959
f 581//1960 1446//1960 1444//1960
f 581//1961 1447//1961 1446//1961
f 581//1962 1448//1962 1447//1962
f 581//1963 1449//1963 1448//1963
f 581//1964 1450//1964 1449//1964
f 581//1965 1451//1965 1450//1965
f 581//1966 1452//1966 1451//1966
f 581//1967 1441//1967 1452//1967
f 1453//1968 1454//1968 1455//1968
f 1456//1969 1457//1969 1458//1969
f 1459//1970 1457//1970 1456//1970
f 1459//1971 1455//1971 1457//1971
f 1459//1972 1453//1972 1455//1972
f 1460//1973 1453//1973 1459//1973
f 587//1974 1461//1974 1462//1974
f 587//1975 1463//1975 1461//1975
f 587//1976 1464//1976 1463//1976
f 587//1977 1465//1977 1464//1977
f 587//1978 1466//1978 1465//1978
f 587//1979 1467//1979 1466//1979
f 587//1980 1468//1980 1467//1980
f 587//1981 1469//1981 1468//1981
f 587//1982 1470//1982 1469//1982
f 589//1983 1471//1983 1472//1983
f 589//1984 1473//1984 1471//1984
f 589//1985 1474//1985 1473//1985
f 589//1986 1475//1986 1474//1986
f 589//1987 1476//1987 1475//1987
f 589//1988 587//1988 1462//1988
f 589//1989 1477//1989 1476//1989
f 589//1990 1478//1990 1477//1990
f 589//1991 1462//1991 1478//1991
f 590//1992 1472//1992 1479//1992
f 590//1993 589//1993 1472//1993
f 594//1994 593//1994 803//1994
f 1480//1995 599//1995 825//1995
f 1480//1996 600//1996 599//1996
f 1480//1997 1481//1997 1482//1997
f 1480//1998 1483//1998 1481//1998
f 1480//1999 1484//1999 1483//1999
f 1480//2000 1485//2000 1484//2000
f 1480//2001 1486//2001 1485//2001
f 1480//2002 1487//2002 1486//2002
f 1480//2003 825//2003 1487//2003
f 1480//2004 1482//2004 1488//2004
f 1489//2005 817//2005 816//2005
f 1489//2006 1488//2006 1490//2006
f 1489//2007 1490//2007 797//2007
f 1489//2008 799//2008 817//2008
f 1489//2009 1491//2009 1492//2009
f 1489//2010 797//2010 799//2010
f 1489//2011 816//2011 1491//2011
f 1493//2012 1488//2012 1489//2012
f 1493//2013 603//2013 600//2013
f 1493//2014 604//2014 603//2014
f 1493//2015 845//2015 604//2015
f 1493//2016 1492//2016 1494//2016
f 1493//2017 1480//2017 1488//2017
f 1493//2018 600//2018 1480//2018
f 1493//2019 1495//2019 845//2019
f 1493//2020 1496//2020 1495//2020
f 1493//2021 1497//2021 1496//2021
f 1493//2022 1498//2022 1497//2022
f 1493//2023 1499//2023 1498//2023
f 1493//2024 1494//2024 1499//2024
f 1493//2025 1489//2025 1492//2025
f 1500//2026 1501//2026 1502//2026
f 1500//2027 1502//2027 830//2027
f 1500//2028 832//2028 834//2028
f 1500//2029 1503//2029 1504//2029
f 1500//2030 833//2030 1503//2030
f 1500//2031 834//2031 833//2031
f 1500//2032 830//2032 832//2032
f 1505//2033 1501//2033 1500//2033
f 1505//2034 1504//2034 1506//2034
f 1505//2035 611//2035 609//2035
f 1505//2036 609//2036 857//2036
f 1505//2037 613//2037 611//2037
f 1505//2038 1500//2038 1504//2038
f 1505//2039 1507//2039 872//2039
f 1505//2040 1508//2040 1507//2040
f 1505//2041 1506//2041 1508//2041
f 1505//2042 1509//2042 1510//2042
f 1505//2043 1511//2043 1509//2043
f 1505//2044 857//2044 1511//2044
f 1505//2045 872//2045 613//2045
f 1505//2046 1510//2046 1501//2046
f 1512//2047 863//2047 862//2047
f 1512//2048 1513//2048 1514//2048
f 1512//2049 1514//2049 853//2049
f 1512//2050 855//2050 863//2050
f 1512//2051 1515//2051 1516//2051
f 1512//2052 862//2052 1515//2052
f 1512//2053 853//2053 855//2053
f 1517//2054 1512//2054 1516//2054
f 1517//2055 1518//2055 1519//2055
f 1517//2056 1520//2056 1518//2056
f 1517//2057 1521//2057 1520//2057
f 1517//2058 1522//2058 1521//2058
f 1517//2059 881//2059 1522//2059
f 1517//2060 619//2060 617//2060
f 1517//2061 621//2061 619//2061
f 1517//2062 617//2062 881//2062
f 1517//2063 1519//2063 1513//2063
f 1517//2064 1513//2064 1512//2064
f 1523//2065 623//2065 621//2065
f 1523//2066 621//2066 1517//2066
f 1523//2067 902//2067 623//2067
f 1523//2068 1516//2068 1524//2068
f 1523//2069 1517//2069 1516//2069
f 1523//2070 1525//2070 902//2070
f 1523//2071 1526//2071 1525//2071
f 1523//2072 1527//2072 1526//2072
f 1523//2073 1528//2073 1527//2073
f 1523//2074 1529//2074 1528//2074
f 1523//2075 1530//2075 1529//2075
f 1523//2076 1524//2076 1530//2076
f 1531//2077 1532//2077 1533//2077
f 1531//2078 1533//2078 889//2078
f 1534//2079 629//2079 627//2079
f 1534//2080 627//2080 915//2080
f 1534//2081 1535//2081 1536//2081
f 1534//2082 1537//2082 1535//2082
f 1534//2083 1538//2083 1537//2083
f 1534//2084 1539//2084 1538//2084
f 1534//2085 1540//2085 1539//2085
f 1534//2086 1541//2086 1540//2086
f 1534//2087 915//2087 1541//2087
f 1534//2088 1536//2088 1532//2088
f 1534//2089 1532//2089 1531//2089
f 1542//2090 1531//2090 889//2090
f 1542//2091 1543//2091 1544//2091
f 1542//2092 893//2092 1543//2092
f 1542//2093 889//2093 893//2093
f 1545//2094 1534//2094 1531//2094
f 1545//2095 1542//2095 1544//2095
f 1545//2096 1546//2096 920//2096
f 1545//2097 1547//2097 1546//2097
f 1545//2098 1548//2098 1547//2098
f 1545//2099 1549//2099 1548//2099
f 1545//2100 1550//2100 1549//2100
f 1545//2101 1551//2101 1550//2101
f 1545//2102 631//2102 629//2102
f 1545//2103 920//2103 631//2103
f 1545//2104 1531//2104 1542//2104
f 1545//2105 1544//2105 1551//2105
f 1545//2106 629//2106 1534//2106
f 1552//2107 1553//2107 1554//2107
f 1552//2108 637//2108 635//2108
f 1552//2109 635//2109 938//2109
f 1552//2110 1555//2110 1553//2110
f 1552//2111 1556//2111 1555//2111
f 1552//2112 1557//2112 1556//2112
f 1552//2113 1558//2113 1557//2113
f 1552//2114 1559//2114 1558//2114
f 1552//2115 938//2115 1559//2115
f 1560//2116 1554//2116 1561//2116
f 1560//2117 1561//2117 911//2117
f 1560//2118 913//2118 922//2118
f 1560//2119 1562//2119 1563//2119
f 1560//2120 921//2120 1562//2120
f 1560//2121 911//2121 913//2121
f 1560//2122 922//2122 921//2122
f 1564//2123 954//2123 641//2123
f 1564//2124 1554//2124 1560//2124
f 1564//2125 1552//2125 1554//2125
f 1564//2126 639//2126 637//2126
f 1564//2127 641//2127 639//2127
f 1564//2128 1563//2128 1565//2128
f 1564//2129 637//2129 1552//2129
f 1564//2130 1566//2130 954//2130
f 1564//2131 1567//2131 1566//2131
f 1564//2132 1568//2132 1567//2132
f 1564//2133 1569//2133 1568//2133
f 1564//2134 1565//2134 1569//2134
f 1564//2135 1560//2135 1563//2135
f 1570//2136 943//2136 942//2136
f 1570//2137 939//2137 941//2137
f 1570//2138 1571//2138 1572//2138
f 1570//2139 1572//2139 939//2139
f 1570//2140 941//2140 943//2140
f 1570//2141 1573//2141 1574//2141
f 1570//2142 942//2142 1573//2142
f 1575//2143 647//2143 645//2143
f 1575//2144 649//2144 647//2144
f 1575//2145 1576//2145 1577//2145
f 1575//2146 1578//2146 1576//2146
f 1575//2147 1579//2147 1578//2147
f 1575//2148 966//2148 1579//2148
f 1575//2149 1570//2149 1574//2149
f 1575//2150 1571//2150 1570//2150
f 1575//2151 1577//2151 1571//2151
f 1575//2152 645//2152 966//2152
f 1580//2153 1581//2153 973//2153
f 1580//2154 1582//2154 1581//2154
f 1580//2155 1583//2155 1582//2155
f 1580//2156 1584//2156 1583//2156
f 1580//2157 1585//2157 1584//2157
f 1580//2158 649//2158 1575//2158
f 1580//2159 1574//2159 1585//2159
f 1580//2160 1575//2160 1574//2160
f 1580//2161 973//2161 649//2161
f 1586//2162 1587//2162 1588//2162
f 1586//2163 1588//2163 962//2163
f 1586//2164 1589//2164 1590//2164
f 1586//2165 976//2165 1589//2165
f 1586//2166 962//2166 976//2166
f 1591//2167 1587//2167 1586//2167
f 1591//2168 1592//2168 1587//2168
f 1591//2169 655//2169 653//2169
f 1591//2170 657//2170 655//2170
f 1591//2171 653//2171 988//2171
f 1591//2172 1593//2172 1592//2172
f 1591//2173 1594//2173 1593//2173
f 1591//2174 1595//2174 1594//2174
f 1591//2175 1596//2175 1595//2175
f 1591//2176 1597//2176 1596//2176
f 1591//2177 988//2177 1597//2177
f 1598//2178 1008//2178 659//2178
f 1598//2179 1590//2179 1599//2179
f 1598//2180 1591//2180 1586//2180
f 1598//2181 657//2181 1591//2181
f 1598//2182 659//2182 657//2182
f 1598//2183 1600//2183 1008//2183
f 1598//2184 1601//2184 1600//2184
f 1598//2185 1602//2185 1601//2185
f 1598//2186 1603//2186 1602//2186
f 1598//2187 1604//2187 1603//2187
f 1598//2188 1605//2188 1604//2188
f 1598//2189 1599//2189 1605//2189
f 1598//2190 1586//2190 1590//2190
f 1606//2191 1607//2191 1608//2191
f 1606//2192 1609//2192 1607//2192
f 1606//2193 1610//2193 1609//2193
f 1606//2194 1611//2194 1610//2194
f 1606//2195 1612//2195 1611//2195
f 1606//2196 1613//2196 1612//2196
f 1606//2197 1614//2197 1613//2197
f 1606//2198 1017//2198 1614//2198
f 1606//2199 665//2199 663//2199
f 1606//2200 1608//2200 1615//2200
f 1606//2201 663//2201 1017//2201
f 1616//2202 995//2202 999//2202
f 1616//2203 1615//2203 1617//2203
f 1616//2204 1617//2204 995//2204
f 1616//2205 1618//2205 1619//2205
f 1616//2206 999//2206 1618//2206
f 1620//2207 665//2207 1606//2207
f 1620//2208 1616//2208 1619//2208
f 1620//2209 1615//2209 1616//2209
f 1620//2210 1024//2210 667//2210
f 1620//2211 667//2211 665//2211
f 1620//2212 1619//2212 1621//2212
f 1620//2213 1622//2213 1024//2213
f 1620//2214 1623//2214 1622//2214
f 1620//2215 1624//2215 1623//2215
f 1620//2216 1625//2216 1624//2216
f 1620//2217 1626//2217 1625//2217
f 1620//2218 1621//2218 1626//2218
f 1620//2219 1606//2219 1615//2219
f 1627//2220 1018//2220 1020//2220
f 1627//2221 1628//2221 1629//2221
f 1627//2222 1629//2222 1018//2222
f 1627//2223 1026//2223 1025//2223
f 1627//2224 1020//2224 1026//2224
f 1627//2225 1630//2225 1631//2225
f 1627//2226 1025//2226 1630//2226
f 1632//2227 1059//2227 675//2227
f 1632//2228 1633//2228 1059//2228
f 1632//2229 1634//2229 1633//2229
f 1632//2230 1635//2230 1634//2230
f 1632//2231 1636//2231 1635//2231
f 1632//2232 675//2232 673//2232
f 1632//2233 1637//2233 1638//2233
f 1632//2234 1639//2234 1637//2234
f 1632//2235 1049//2235 1639//2235
f 1632//2236 1628//2236 1627//2236
f 1632//2237 1627//2237 1631//2237
f 1632//2238 673//2238 1049//2238
f 1632//2239 1638//2239 1628//2239
f 1632//2240 1631//2240 1636//2240
f 1640//2241 1045//2241 1047//2241
f 1640//2242 1641//2242 1642//2242
f 1640//2243 1642//2243 1045//2243
f 1640//2244 1047//2244 1051//2244
f 1640//2245 1643//2245 1644//2245
f 1640//2246 1050//2246 1643//2246
f 1640//2247 1051//2247 1050//2247
f 1645//2248 1646//2248 1647//2248
f 1645//2249 1648//2249 1646//2249
f 1645//2250 1649//2250 1648//2250
f 1645//2251 1650//2251 1649//2251
f 1645//2252 1640//2252 1644//2252
f 1645//2253 1071//2253 1650//2253
f 1645//2254 1641//2254 1640//2254
f 1645//2255 1647//2255 1641//2255
f 1645//2256 676//2256 678//2256
f 1645//2257 674//2257 676//2257
f 1645//2258 678//2258 1071//2258
f 1651//2259 1082//2259 674//2259
f 1651//2260 1644//2260 1652//2260
f 1651//2261 674//2261 1645//2261
f 1651//2262 1653//2262 1082//2262
f 1651//2263 1654//2263 1653//2263
f 1651//2264 1655//2264 1654//2264
f 1651//2265 1656//2265 1655//2265
f 1651//2266 1657//2266 1656//2266
f 1651//2267 1658//2267 1657//2267
f 1651//2268 1645//2268 1644//2268
f 1651//2269 1652//2269 1658//2269
f 1659//2270 1660//2270 1661//2270
f 1659//2271 1661//2271 1076//2271
f 1662//2272 1663//2272 1664//2272
f 1662//2273 1665//2273 1663//2273
f 1662//2274 1666//2274 1665//2274
f 1662//2275 1667//2275 1666//2275
f 1662//2276 1668//2276 1667//2276
f 1662//2277 1669//2277 1668//2277
f 1662//2278 1094//2278 1669//2278
f 1662//2279 668//2279 670//2279
f 1662//2280 666//2280 668//2280
f 1662//2281 670//2281 1094//2281
f 1662//2282 1660//2282 1659//2282
f 1662//2283 1664//2283 1660//2283
f 1670//2284 1659//2284 1076//2284
f 1670//2285 1076//2285 1083//2285
f 1670//2286 1671//2286 1672//2286
f 1670//2287 1083//2287 1671//2287
f 1673//2288 1662//2288 1659//2288
f 1673//2289 1674//2289 1113//2289
f 1673//2290 1675//2290 1674//2290
f 1673//2291 1676//2291 1675//2291
f 1673//2292 1677//2292 1676//2292
f 1673//2293 1678//2293 1677//2293
f 1673//2294 1679//2294 1678//2294
f 1673//2295 1113//2295 664//2295
f 1673//2296 1670//2296 1672//2296
f 1673//2297 1659//2297 1670//2297
f 1673//2298 664//2298 666//2298
f 1673//2299 1672//2299 1679//2299
f 1673//2300 666//2300 1662//2300
f 1680//2301 660//2301 1122//2301
f 1680//2302 1681//2302 1682//2302
f 1680//2303 658//2303 660//2303
f 1680//2304 1683//2304 1681//2304
f 1680//2305 1684//2305 1683//2305
f 1680//2306 1685//2306 1684//2306
f 1680//2307 1686//2307 1685//2307
f 1680//2308 1687//2308 1686//2308
f 1680//2309 1688//2309 1687//2309
f 1680//2310 1122//2310 1688//2310
f 1689//2311 1100//2311 1102//2311
f 1689//2312 1682//2312 1690//2312
f 1689//2313 1690//2313 1100//2313
f 1689//2314 1102//2314 1104//2314
f 1689//2315 1691//2315 1692//2315
f 1689//2316 1103//2316 1691//2316
f 1689//2317 1104//2317 1103//2317
f 1693//2318 658//2318 1680//2318
f 1693//2319 1131//2319 656//2319
f 1693//2320 1692//2320 1694//2320
f 1693//2321 1682//2321 1689//2321
f 1693//2322 1689//2322 1692//2322
f 1693//2323 1695//2323 1131//2323
f 1693//2324 1696//2324 1695//2324
f 1693//2325 1697//2325 1696//2325
f 1693//2326 1698//2326 1697//2326
f 1693//2327 1694//2327 1698//2327
f 1693//2328 656//2328 658//2328
f 1693//2329 1680//2329 1682//2329
f 1699//2330 1700//2330 1701//2330
f 1699//2331 1701//2331 1125//2331
f 1699//2332 1127//2332 1133//2332
f 1699//2333 1133//2333 1132//2333
f 1699//2334 1702//2334 1703//2334
f 1699//2335 1132//2335 1702//2335
f 1699//2336 1125//2336 1127//2336
f 1704//2337 650//2337 1156//2337
f 1704//2338 1705//2338 1706//2338
f 1704//2339 1707//2339 1705//2339
f 1704//2340 1708//2340 1707//2340
f 1704//2341 1156//2341 1708//2341
f 1704//2342 1706//2342 1700//2342
f 1704//2343 1703//2343 1709//2343
f 1704//2344 1699//2344 1703//2344
f 1704//2345 648//2345 650//2345
f 1704//2346 1700//2346 1699//2346
f 1704//2347 1160//2347 648//2347
f 1704//2348 1710//2348 1160//2348
f 1704//2349 1711//2349 1710//2349
f 1704//2350 1709//2350 1711//2350
f 1712//2351 1713//2351 1152//2351
f 1712//2352 1714//2352 1715//2352
f 1712//2353 1157//2353 1714//2353
f 1712//2354 1152//2354 1157//2354
f 1712//2355 1716//2355 1713//2355
f 1717//2356 642//2356 1178//2356
f 1717//2357 1716//2357 1712//2357
f 1717//2358 1712//2358 1715//2358
f 1717//2359 1718//2359 1719//2359
f 1717//2360 1720//2360 1718//2360
f 1717//2361 640//2361 642//2361
f 1717//2362 1721//2362 1720//2362
f 1717//2363 1722//2363 1721//2363
f 1717//2364 1723//2364 1722//2364
f 1717//2365 1178//2365 1723//2365
f 1717//2366 1719//2366 1716//2366
f 1724//2367 1715//2367 1725//2367
f 1724//2368 1726//2368 1198//2368
f 1724//2369 1727//2369 1726//2369
f 1724//2370 1728//2370 1727//2370
f 1724//2371 1729//2371 1728//2371
f 1724//2372 1730//2372 1729//2372
f 1724//2373 1731//2373 1730//2373
f 1724//2374 1725//2374 1731//2374
f 1724//2375 1717//2375 1715//2375
f 1724//2376 640//2376 1717//2376
f 1724//2377 638//2377 640//2377
f 1724//2378 1198//2378 638//2378
f 1732//2379 1733//2379 1734//2379
f 1732//2380 1735//2380 1733//2380
f 1732//2381 1736//2381 1735//2381
f 1732//2382 1737//2382 1736//2382
f 1732//2383 1738//2383 1737//2383
f 1732//2384 1739//2384 1738//2384
f 1732//2385 1740//2385 1739//2385
f 1732//2386 1200//2386 1740//2386
f 1732//2387 634//2387 1200//2387
f 1732//2388 1734//2388 1741//2388
f 1732//2389 632//2389 634//2389
f 1742//2390 1741//2390 1743//2390
f 1742//2391 1743//2391 1183//2391
f 1742//2392 1744//2392 1745//2392
f 1742//2393 1187//2393 1744//2393
f 1742//2394 1183//2394 1187//2394
f 1746//2395 632//2395 1732//2395
f 1746//2396 1732//2396 1741//2396
f 1746//2397 1218//2397 628//2397
f 1746//2398 1745//2398 1747//2398
f 1746//2399 1741//2399 1742//2399
f 1746//2400 630//2400 632//2400
f 1746//2401 628//2401 630//2401
f 1746//2402 1748//2402 1218//2402
f 1746//2403 1749//2403 1748//2403
f 1746//2404 1750//2404 1749//2404
f 1746//2405 1751//2405 1750//2405
f 1746//2406 1752//2406 1751//2406
f 1746//2407 1747//2407 1752//2407
f 1746//2408 1742//2408 1745//2408
f 1753//2409 1206//2409 1208//2409
f 1753//2410 1210//2410 1209//2410
f 1753//2411 1754//2411 1755//2411
f 1753//2412 1755//2412 1206//2412
f 1753//2413 1208//2413 1210//2413
f 1753//2414 1756//2414 1757//2414
f 1753//2415 1209//2415 1756//2415
f 1758//2416 1759//2416 1241//2416
f 1758//2417 1760//2417 1759//2417
f 1758//2418 1761//2418 1760//2418
f 1758//2419 1762//2419 1761//2419
f 1758//2420 1753//2420 1757//2420
f 1758//2421 1763//2421 1764//2421
f 1758//2422 1765//2422 1763//2422
f 1758//2423 1227//2423 1765//2423
f 1758//2424 1241//2424 620//2424
f 1758//2425 1754//2425 1753//2425
f 1758//2426 624//2426 1227//2426
f 1758//2427 622//2427 624//2427
f 1758//2428 620//2428 622//2428
f 1758//2429 1764//2429 1754//2429
f 1758//2430 1757//2430 1762//2430
f 1766//2431 1243//2431 1242//2431
f 1766//2432 1767//2432 1768//2432
f 1766//2433 1768//2433 1235//2433
f 1766//2434 1237//2434 1243//2434
f 1766//2435 1769//2435 1770//2435
f 1766//2436 1242//2436 1769//2436
f 1766//2437 1235//2437 1237//2437
f 1771//2438 1772//2438 1767//2438
f 1771//2439 1766//2439 1770//2439
f 1771//2440 614//2440 1266//2440
f 1771//2441 1767//2441 1766//2441
f 1771//2442 612//2442 614//2442
f 1771//2443 1773//2443 1772//2443
f 1771//2444 1774//2444 1773//2444
f 1771//2445 1775//2445 1774//2445
f 1771//2446 1776//2446 1775//2446
f 1771//2447 1266//2447 1776//2447
f 1777//2448 1770//2448 1778//2448
f 1777//2449 1779//2449 1276//2449
f 1777//2450 1780//2450 1779//2450
f 1777//2451 1781//2451 1780//2451
f 1777//2452 1782//2452 1781//2452
f 1777//2453 612//2453 1771//2453
f 1777//2454 1783//2454 1782//2454
f 1777//2455 1778//2455 1783//2455
f 1777//2456 1771//2456 1770//2456
f 1777//2457 1276//2457 610//2457
f 1777//2458 610//2458 612//2458
f 1784//2459 1263//2459 1267//2459
f 1784//2460 1785//2460 1786//2460
f 1784//2461 1786//2461 1263//2461
f 1787//2462 606//2462 1285//2462
f 1787//2463 1788//2463 1789//2463
f 1787//2464 1790//2464 1788//2464
f 1787//2465 1791//2465 1790//2465
f 1787//2466 1792//2466 1791//2466
f 1787//2467 1793//2467 1792//2467
f 1787//2468 1794//2468 1793//2468
f 1787//2469 1285//2469 1794//2469
f 1787//2470 1789//2470 1785//2470
f 1787//2471 605//2471 606//2471
f 1787//2472 1785//2472 1784//2472
f 1795//2473 1784//2473 1267//2473
f 1795//2474 1796//2474 1797//2474
f 1795//2475 1267//2475 1796//2475
f 1798//2476 1799//2476 1800//2476
f 1798//2477 1801//2477 1799//2477
f 1798//2478 1802//2478 1801//2478
f 1798//2479 1803//2479 1802//2479
f 1798//2480 1804//2480 1803//2480
f 1798//2481 1805//2481 1804//2481
f 1798//2482 605//2482 1787//2482
f 1798//2483 1304//2483 601//2483
f 1798//2484 1784//2484 1795//2484
f 1798//2485 1795//2485 1797//2485
f 1798//2486 1787//2486 1784//2486
f 1798//2487 1797//2487 1805//2487
f 1798//2488 602//2488 605//2488
f 1798//2489 601//2489 602//2489
f 1798//2490 1800//2490 1304//2490
f 1806//2491 598//2491 1306//2491
f 1806//2492 1807//2492 1808//2492
f 1806//2493 1809//2493 1807//2493
f 1806//2494 1810//2494 1809//2494
f 1806//2495 1811//2495 1810//2495
f 1806//2496 1812//2496 1811//2496
f 1806//2497 1813//2497 1812//2497
f 1806//2498 1814//2498 1813//2498
f 1806//2499 1306//2499 1814//2499
f 1806//2500 596//2500 598//2500
f 1815//2501 1808//2501 1816//2501
f 1815//2502 1816//2502 1289//2502
f 1815//2503 1291//2503 1293//2503
f 1815//2504 1817//2504 1818//2504
f 1815//2505 1292//2505 1817//2505
f 1815//2506 1289//2506 1291//2506
f 1815//2507 1293//2507 1292//2507
f 1819//2508 1818//2508 1820//2508
f 1819//2509 1806//2509 1808//2509
f 1819//2510 596//2510 1806//2510
f 1819//2511 1326//2511 592//2511
f 1819//2512 1808//2512 1815//2512
f 1819//2513 1821//2513 1326//2513
f 1819//2514 1822//2514 1821//2514
f 1819//2515 1823//2515 1822//2515
f 1819//2516 1824//2516 1823//2516
f 1819//2517 1820//2517 1824//2517
f 1819//2518 1815//2518 1818//2518
f 1819//2519 595//2519 596//2519
f 1819//2520 592//2520 595//2520
f 1825//2521 1317//2521 1316//2521
f 1825//2522 1313//2522 1315//2522
f 1825//2523 1826//2523 1827//2523
f 1825//2524 1827//2524 1313//2524
f 1825//2525 1315//2525 1317//2525
f 1825//2526 1828//2526 1829//2526
f 1825//2527 1316//2527 1828//2527
f 1830//2528 1831//2528 1832//2528
f 1830//2529 1833//2529 1831//2529
f 1830//2530 1334//2530 1833//2530
f 1830//2531 1825//2531 1829//2531
f 1830//2532 1349//2532 583//2532
f 1830//2533 1826//2533 1825//2533
f 1830//2534 1832//2534 1826//2534
f 1830//2535 1829//2535 1834//2535
f 1830//2536 1835//2536 1349//2536
f 1830//2537 1836//2537 1835//2537
f 1830//2538 1834//2538 1836//2538
f 1830//2539 586//2539 588//2539
f 1830//2540 583//2540 586//2540
f 1830//2541 588//2541 1334//2541
f 1837//2542 1351//2542 1350//2542
f 1837//2543 1343//2543 1345//2543
f 1837//2544 1838//2544 1839//2544
f 1837//2545 1839//2545 1343//2545
f 1837//2546 1345//2546 1351//2546
f 1837//2547 1840//2547 1841//2547
f 1837//2548 1350//2548 1840//2548
f 1842//2549 576//2549 578//2549
f 1842//2550 578//2550 1374//2550
f 1842//2551 1837//2551 1841//2551
f 1842//2552 1838//2552 1837//2552
f 1842//2553 1843//2553 1844//2553
f 1842//2554 1845//2554 1843//2554
f 1842//2555 1846//2555 1845//2555
f 1842//2556 1847//2556 1846//2556
f 1842//2557 1848//2557 1847//2557
f 1842//2558 1374//2558 1848//2558
f 1842//2559 1844//2559 1838//2559
f 1849//2560 574//2560 576//2560
f 1849//2561 576//2561 1842//2561
f 1849//2562 1850//2562 1382//2562
f 1849//2563 1851//2563 1850//2563
f 1849//2564 1852//2564 1851//2564
f 1849//2565 1853//2565 1852//2565
f 1849//2566 1854//2566 1853//2566
f 1849//2567 1855//2567 1854//2567
f 1849//2568 1856//2568 1855//2568
f 1849//2569 1842//2569 1841//2569
f 1849//2570 1382//2570 574//2570
f 1849//2571 1841//2571 1856//2571
f 1857//2572 1858//2572 1859//2572
f 1857//2573 1859//2573 1371//2573
f 1860//2574 1861//2574 1862//2574
f 1860//2575 1863//2575 1861//2575
f 1860//2576 1864//2576 1863//2576
f 1860//2577 1865//2577 1864//2577
f 1860//2578 1866//2578 1865//2578
f 1860//2579 568//2579 570//2579
f 1860//2580 1867//2580 1866//2580
f 1860//2581 1391//2581 1867//2581
f 1860//2582 1862//2582 1858//2582
f 1860//2583 1858//2583 1857//2583
f 1860//2584 570//2584 1391//2584
f 1868//2585 1371//2585 1375//2585
f 1868//2586 1869//2586 1870//2586
f 1868//2587 1375//2587 1869//2587
f 1868//2588 1857//2588 1371//2588
f 1871//2589 567//2589 568//2589
f 1871//2590 569//2590 567//2590
f 1871//2591 1868//2591 1870//2591
f 1871//2592 1870//2592 1872//2592
f 1871//2593 1873//2593 1411//2593
f 1871//2594 1874//2594 1873//2594
f 1871//2595 1875//2595 1874//2595
f 1871//2596 1876//2596 1875//2596
f 1871//2597 1877//2597 1876//2597
f 1871//2598 1872//2598 1877//2598
f 1871//2599 1860//2599 1857//2599
f 1871//2600 568//2600 1860//2600
f 1871//2601 1411//2601 569//2601
f 1871//2602 1857//2602 1868//2602
f 1878//2603 1879//2603 1880//2603
f 1878//2604 1881//2604 1879//2604
f 1878//2605 1882//2605 1881//2605
f 1878//2606 1883//2606 1882//2606
f 1878//2607 1424//2607 1883//2607
f 1878//2608 1880//2608 1884//2608
f 1878//2609 573//2609 1424//2609
f 1885//2610 1396//2610 1398//2610
f 1885//2611 1400//2611 1399//2611
f 1885//2612 1884//2612 1886//2612
f 1885//2613 1886//2613 1396//2613
f 1885//2614 1398//2614 1400//2614
f 1885//2615 1887//2615 1888//2615
f 1885//2616 1399//2616 1887//2616
f 1889//2617 1884//2617 1885//2617
f 1889//2618 575//2618 573//2618
f 1889//2619 1890//2619 1436//2619
f 1889//2620 577//2620 575//2620
f 1889//2621 1891//2621 1890//2621
f 1889//2622 1892//2622 1891//2622
f 1889//2623 1893//2623 1892//2623
f 1889//2624 573//2624 1878//2624
f 1889//2625 1878//2625 1884//2625
f 1889//2626 1436//2626 577//2626
f 1889//2627 1885//2627 1888//2627
f 1889//2628 1888//2628 1893//2628
f 1894//2629 1895//2629 1896//2629
f 1894//2630 1896//2630 1420//2630
f 1894//2631 1422//2631 1427//2631
f 1894//2632 1897//2632 1898//2632
f 1894//2633 1426//2633 1897//2633
f 1894//2634 1427//2634 1426//2634
f 1894//2635 1420//2635 1422//2635
f 1899//2636 584//2636 581//2636
f 1899//2637 1900//2637 1895//2637
f 1899//2638 585//2638 584//2638
f 1899//2639 1895//2639 1894//2639
f 1899//2640 1894//2640 1898//2640
f 1899//2641 581//2641 1445//2641
f 1899//2642 1901//2642 1900//2642
f 1899//2643 1902//2643 1901//2643
f 1899//2644 1903//2644 1902//2644
f 1899//2645 1445//2645 1903//2645
f 1904//2646 585//2646 1899//2646
f 1904//2647 587//2647 585//2647
f 1904//2648 1470//2648 587//2648
f 1904//2649 1898//2649 1905//2649
f 1904//2650 1906//2650 1470//2650
f 1904//2651 1907//2651 1906//2651
f 1904//2652 1908//2652 1907//2652
f 1904//2653 1909//2653 1908//2653
f 1904//2654 1910//2654 1909//2654
f 1904//2655 1905//2655 1910//2655
f 1904//2656 1899//2656 1898//2656
f 1911//2657 1460//2657 796//2657
f 1911//2658 796//2658 793//2658
f 1911//2659 1912//2659 1913//2659
f 1911//2660 1913//2660 1453//2660
f 1911//2661 1453//2661 1460//2661
f 1914//2662 793//2662 803//2662
f 1914//2663 593//2663 590//2663
f 1914//2664 1915//2664 1916//2664
f 1914//2665 1917//2665 1915//2665
f 1914//2666 1918//2666 1917//2666
f 1914//2667 1919//2667 1918//2667
f 1914//2668 1920//2668 1919//2668
f 1914//2669 1921//2669 1920//2669
f 1914//2670 1479//2670 1921//2670
f 1914//2671 590//2671 1479//2671
f 1914//2672 1916//2672 1912//2672
f 1914//2673 1912//2673 1911//2673
f 1914//2674 803//2674 593//2674
f 1914//2675 1911//2675 793//2675
f 1922//2676 751//2676 1923//2676
f 1922//2677 750//2677 751//2677
f 1924//2678 1923//2678 751//2678
f 1924//2679 751//2679 752//2679
f 1925//2680 749//2680 750//2680
f 1925//2681 750//2681 1922//2681
f 1926//2682 1924//2682 752//2682
f 1926//2683 752//2683 753//2683
f 1927//2684 748//2684 749//2684
f 1927//2685 749//2685 1925//2685
f 1928//2686 1926//2686 753//2686
f 1928//2687 753//2687 754//2687
f 1929//2688 748//2688 1927//2688
f 1929//2689 747//2689 748//2689
f 1930//2690 754//2690 755//2690
f 1930//2691 1928//2691 754//2691
f 1931//2692 747//2692 1929//2692
f 1931//2693 746//2693 747//2693
f 1932//2694 755//2694 756//2694
f 1932//2695 1930//2695 755//2695
f 1933//2696 746//2696 1931//2696
f 1933//2697 744//2697 745//2697
f 1933//2698 745//2698 746//2698
f 1934//2699 756//2699 757//2699
f 1934//2700 1932//2700 756//2700
f 1935//2701 744//2701 1933//2701
f 1936//2702 757//2702 758//2702
f 1936//2703 1934//2703 757//2703
f 1937//2704 744//2704 1935//2704
f 1937//2705 742//2705 743//2705
f 1937//2706 743//2706 744//2706
f 1938//2707 758//2707 759//2707
f 1938//2708 1936//2708 758//2708
f 1939//2709 742//2709 1937//2709
f 1940//2710 1938//2710 759//2710
f 1940//2711 759//2711 760//2711
f 1940//2712 760//2712 761//2712
f 1941//2713 740//2713 741//2713
f 1941//2714 741//2714 742//2714
f 1941//2715 742//2715 1939//2715
f 1942//2716 1940//2716 761//2716
f 1943//2717 740//2717 1941//2717
f 1944//2718 1942//2718 761//2718
f 1944//2719 761//2719 762//2719
f 1944//2720 762//2720 763//2720
f 1945//2721 740//2721 1943//2721
f 1945//2722 739//2722 740//2722
f 1946//2723 1944//2723 763//2723
f 1947//2724 739//2724 1945//2724
f 1947//2725 737//2725 738//2725
f 1947//2726 738//2726 739//2726
f 1948//2727 1946//2727 763//2727
f 1948//2728 763//2728 764//2728
f 1948//2729 764//2729 765//2729
f 1949//2730 737//2730 1947//2730
f 1950//2731 1948//2731 765//2731
f 1951//2732 737//2732 1949//2732
f 1951//2733 736//2733 737//2733
f 1952//2734 1950//2734 765//2734
f 1952//2735 765//2735 766//2735
f 1953//2736 736//2736 1951//2736
f 1953//2737 735//2737 736//2737
f 1954//2738 1952//2738 766//2738
f 1954//2739 766//2739 767//2739
f 1955//2740 735//2740 1953//2740
f 1955//2741 734//2741 735//2741
f 1956//2742 1954//2742 767//2742
f 1956//2743 767//2743 768//2743
f 1957//2744 732//2744 733//2744
f 1957//2745 733//2745 734//2745
f 1957//2746 734//2746 1955//2746
f 1958//2747 1956//2747 768//2747
f 1958//2748 768//2748 769//2748
f 1959//2749 732//2749 1957//2749
f 1960//2750 1958//2750 769//2750
f 1960//2751 769//2751 770//2751
f 1961//2752 731//2752 732//2752
f 1961//2753 732//2753 1959//2753
f 1962//2754 1960//2754 770//2754
f 1962//2755 770//2755 771//2755
f 1963//2756 730//2756 731//2756
f 1963//2757 731//2757 1961//2757
f 1964//2758 771//2758 772//2758
f 1964//2759 1962//2759 771//2759
f 1965//2760 729//2760 730//2760
f 1965//2761 730//2761 1963//2761
f 1966//2762 1964//2762 772//2762
f 1966//2763 772//2763 773//2763
f 1967//2764 728//2764 729//2764
f 1967//2765 729//2765 1965//2765
f 1968//2766 1966//2766 773//2766
f 1968//2767 773//2767 774//2767
f 1969//2768 728//2768 1967//2768
f 1969//2769 727//2769 728//2769
f 775//2770 1968//2770 774//2770
f 1970//2771 1968//2771 775//2771
f 1971//2772 727//2772 1969//2772
f 1971//2773 726//2773 727//2773
f 1972//2774 1970//2774 775//2774
f 1972//2775 775//2775 776//2775
f 1973//2776 726//2776 1971//2776
f 1973//2777 725//2777 726//2777
f 1974//2778 1972//2778 776//2778
f 1974//2779 776//2779 777//2779
f 1975//2780 725//2780 1973//2780
f 1975//2781 724//2781 725//2781
f 778//2782 1974//2782 777//2782
f 1976//2783 1974//2783 778//2783
f 723//2784 724//2784 1975//2784
f 1977//2785 723//2785 1975//2785
f 1978//2786 1976//2786 778//2786
f 779//2787 1978//2787 778//2787
f 722//2788 723//2788 1977//2788
f 722//2789 1977//2789 1979//2789
f 1980//2790 1978//2790 779//2790
f 780//2791 1980//2791 779//2791
f 721//2792 1979//2792 1981//2792
f 721//2793 722//2793 1979//2793
f 1982//2794 721//2794 1981//2794
f 781//2795 1983//2795 1980//2795
f 781//2796 1980//2796 780//2796
f 720//2797 721//2797 1982//2797
f 1984//2798 720//2798 1982//2798
f 782//2799 1985//2799 1983//2799
f 782//2800 1983//2800 781//2800
f 719//2801 720//2801 1984//2801
f 783//2802 1986//2802 1985//2802
f 783//2803 1985//2803 782//2803
f 718//2804 1984//2804 1987//2804
f 718//2805 719//2805 1984//2805
f 784//2806 1988//2806 1986//2806
f 784//2807 1986//2807 783//2807
f 717//2808 1987//2808 1989//2808
f 717//2809 718//2809 1987//2809
f 785//2810 1990//2810 1988//2810
f 785//2811 1988//2811 784//2811
f 716//2812 1989//2812 1991//2812
f 716//2813 717//2813 1989//2813
f 786//2814 1992//2814 1990//2814
f 786//2815 1993//2815 1992//2815
f 786//2816 1990//2816 785//2816
f 715//2817 716//2817 1991//2817
f 715//2818 1994//2818 1995//2818
f 715//2819 1991//2819 1994//2819
f 787//2820 1993//2820 786//2820
f 714//2821 715//2821 1995//2821
f 714//2822 1995//2822 1996//2822
f 788//2823 1993//2823 787//2823
f 788//2824 1997//2824 1993//2824
f 713//2825 714//2825 1996//2825
f 789//2826 1998//2826 1997//2826
f 789//2827 1997//2827 788//2827
f 712//2828 713//2828 1996//2828
f 712//2829 1996//2829 1999//2829
f 790//2830 2000//2830 1998//2830
f 790//2831 2001//2831 2000//2831
f 790//2832 1998//2832 789//2832
f 711//2833 1999//2833 2002//2833
f 711//2834 712//2834 1999//2834
f 791//2835 2001//2835 790//2835
f 710//2836 711//2836 2002//2836
f 710//2837 2003//2837 2004//2837
f 710//2838 2002//2838 2003//2838
f 792//2839 2001//2839 791//2839
f 792//2840 2005//2840 2001//2840
f 792//2841 2006//2841 2005//2841
f 709//2842 2004//2842 2007//2842
f 709//2843 710//2843 2004//2843
f 680//2844 2006//2844 792//2844
f 708//2845 709//2845 2007//2845
f 681//2846 2008//2846 2006//2846
f 681//2847 2006//2847 680//2847
f 707//2848 2009//2848 2010//2848
f 707//2849 2007//2849 2009//2849
f 707//2850 708//2850 2007//2850
f 682//2851 2011//2851 2008//2851
f 682//2852 2008//2852 681//2852
f 706//2853 707//2853 2010//2853
f 683//2854 2012//2854 2011//2854
f 683//2855 2011//2855 682//2855
f 705//2856 706//2856 2010//2856
f 705//2857 2013//2857 2014//2857
f 705//2858 2010//2858 2013//2858
f 684//2859 2015//2859 2012//2859
f 684//2860 2016//2860 2015//2860
f 684//2861 2012//2861 683//2861
f 704//2862 705//2862 2014//2862
f 704//2863 2014//2863 2017//2863
f 685//2864 2016//2864 684//2864
f 685//2865 2018//2865 2016//2865
f 703//2866 704//2866 2017//2866
f 686//2867 2019//2867 2018//2867
f 686//2868 2018//2868 685//2868
f 702//2869 703//2869 2017//2869
f 702//2870 2017//2870 2020//2870
f 687//2871 2021//2871 2019//2871
f 687//2872 2019//2872 686//2872
f 701//2873 2020//2873 2022//2873
f 701//2874 702//2874 2020//2874
f 688//2875 2023//2875 2021//2875
f 688//2876 2021//2876 687//2876
f 700//2877 2024//2877 2025//2877
f 700//2878 2022//2878 2024//2878
f 700//2879 701//2879 2022//2879
f 689//2880 2023//2880 688//2880
f 699//2881 700//2881 2025//2881
f 690//2882 2026//2882 2023//2882
f 690//2883 2023//2883 689//2883
f 698//2884 2025//2884 2027//2884
f 698//2885 699//2885 2025//2885
f 691//2886 2028//2886 2026//2886
f 691//2887 2026//2887 690//2887
f 697//2888 2027//2888 2029//2888
f 697//2889 698//2889 2027//2889
f 692//2890 2030//2890 2028//2890
f 692//2891 2028//2891 691//2891
f 696//2892 697//2892 2029//2892
f 696//2893 2029//2893 2031//2893
f 693//2894 2032//2894 2030//2894
f 693//2895 2030//2895 692//2895
f 695//2896 2031//2896 2033//2896
f 695//2897 696//2897 2031//2897
f 694//2898 2034//2898 2032//2898
f 694//2899 2033//2899 2034//2899
f 694//2900 695//2900 2033//2900
f 694//2901 2032//2901 693//2901
f 2035//2902 1458//2902 2036//2902
f 2037//2903 1456//2903 2035//2903
f 2035//2904 1456//2904 1458//2904
f 2038//2905 1459//2905 2037//2905
f 2037//2906 1459//2906 1456//2906
f 2039//2907 1460//2907 2038//2907
f 2038//2908 1460//2908 1459//2908
f 2040//2909 796//2909 2039//2909
f 2039//2910 796//2910 1460//2910
f 2041//2911 794//2911 2040//2911
f 2040//2912 794//2912 796//2912
f 2042//2913 795//2913 2041//2913
f 2041//2914 795//2914 794//2914
f 2043//2915 800//2915 2042//2915
f 2042//2916 800//2916 795//2916
f 2043//2917 801//2917 800//2917
f 2044//2918 2045//2918 1454//2918
f 1454//2919 2045//2919 1455//2919
f 1455//2920 2046//2920 1457//2920
f 2045//2921 2046//2921 1455//2921
f 1457//2922 2036//2922 1458//2922
f 2046//2923 2036//2923 1457//2923
f 1454//2924 2047//2924 2044//2924
f 1453//2925 2047//2925 1454//2925
f 1913//2926 2048//2926 2047//2926
f 1913//2927 2047//2927 1453//2927
f 1912//2928 2049//2928 2048//2928
f 1912//2929 2048//2929 1913//2929
f 1916//2930 2050//2930 2049//2930
f 1916//2931 2049//2931 1912//2931
f 2050//2932 1916//2932 2051//2932
f 2051//2933 1915//2933 2052//2933
f 1916//2934 1915//2934 2051//2934
f 2052//2935 1917//2935 2053//2935
f 1915//2936 1917//2936 2052//2936
f 2053//2937 1918//2937 2054//2937
f 1917//2938 1918//2938 2053//2938
f 2054//2939 1919//2939 2055//2939
f 1918//2940 1919//2940 2054//2940
f 2055//2941 1920//2941 2056//2941
f 1919//2942 1920//2942 2055//2942
f 2056//2943 1921//2943 2057//2943
f 1920//2944 1921//2944 2056//2944
f 2057//2945 1479//2945 2058//2945
f 1921//2946 1479//2946 2057//2946
f 1479//2947 1472//2947 2058//2947
f 2058//2948 1472//2948 2059//2948
f 1472//2949 1471//2949 2059//2949
f 2059//2950 1471//2950 2060//2950
f 1471//2951 1473//2951 2060//2951
f 2060//2952 1473//2952 2061//2952
f 1473//2953 1474//2953 2061//2953
f 2061//2954 1474//2954 2062//2954
f 1474//2955 1475//2955 2062//2955
f 2062//2956 1475//2956 2063//2956
f 1475//2957 1476//2957 2063//2957
f 2063//2958 1476//2958 2064//2958
f 1476//2959 1477//2959 2064//2959
f 2064//2960 1477//2960 2065//2960
f 1477//2961 1478//2961 2065//2961
f 2065//2962 1478//2962 2066//2962
f 1478//2963 1462//2963 2066//2963
f 2066//2964 1462//2964 2067//2964
f 1462//2965 1461//2965 2067//2965
f 2067//2966 1461//2966 2068//2966
f 1461//2967 1463//2967 2068//2967
f 2068//2968 1463//2968 2069//2968
f 1463//2969 1464//2969 2069//2969
f 2069//2970 1464//2970 2070//2970
f 1464//2971 1465//2971 2070//2971
f 2070//2972 1465//2972 2071//2972
f 1465//2973 1466//2973 2071//2973
f 2071//2974 1466//2974 2072//2974
f 1466//2975 1467//2975 2072//2975
f 2072//2976 1467//2976 2073//2976
f 2073//2977 1468//2977 2074//2977
f 1467//2978 1468//2978 2073//2978
f 2074//2979 1469//2979 2075//2979
f 1468//2980 1469//2980 2074//2980
f 2075//2981 1470//2981 2076//2981
f 1469//2982 1470//2982 2075//2982
f 2076//2983 1906//2983 2077//2983
f 1470//2984 1906//2984 2076//2984
f 2077//2985 1907//2985 2078//2985
f 1906//2986 1907//2986 2077//2986
f 2078//2987 1908//2987 2079//2987
f 1907//2988 1908//2988 2078//2988
f 2079//2989 1909//2989 2080//2989
f 1908//2990 1909//2990 2079//2990
f 2080//2991 1910//2991 2081//2991
f 1909//2992 1910//2992 2080//2992
f 1910//2993 1905//2993 2081//2993
f 2082//2994 1428//2994 2083//2994
f 2082//2995 1426//2995 1428//2995
f 2084//2996 1897//2996 2082//2996
f 2082//2997 1897//2997 1426//2997
f 2085//2998 1898//2998 2084//2998
f 2084//2999 1898//2999 1897//2999
f 2081//3000 1905//3000 2085//3000
f 2085//3001 1905//3001 1898//3001
f 2086//3002 2087//3002 1421//3002
f 1421//3003 2087//3003 1422//3003
f 1422//3004 2088//3004 1427//3004
f 2087//3005 2088//3005 1422//3005
f 1427//3006 2083//3006 1428//3006
f 2088//3007 2083//3007 1427//3007
f 1421//3008 2089//3008 2086//3008
f 1420//3009 2089//3009 1421//3009
f 1896//3010 2090//3010 2089//3010
f 1896//3011 2091//3011 2090//3011
f 1896//3012 2089//3012 1420//3012
f 1895//3013 2091//3013 1896//3013
f 1900//3014 2092//3014 2091//3014
f 1900//3015 2091//3015 1895//3015
f 2092//3016 1900//3016 2093//3016
f 2093//3017 1901//3017 2094//3017
f 1900//3018 1901//3018 2093//3018
f 2094//3019 1902//3019 2095//3019
f 1901//3020 1902//3020 2094//3020
f 2095//3021 1903//3021 2096//3021
f 1902//3022 1903//3022 2095//3022
f 2096//3023 1445//3023 2097//3023
f 1903//3024 1445//3024 2096//3024
f 2097//3025 1444//3025 2098//3025
f 1445//3026 1444//3026 2097//3026
f 2098//3027 1446//3027 2099//3027
f 1444//3028 1446//3028 2098//3028
f 2099//3029 1447//3029 2100//3029
f 1446//3030 1447//3030 2099//3030
f 1447//3031 1448//3031 2100//3031
f 2100//3032 1448//3032 2101//3032
f 1448//3033 1449//3033 2101//3033
f 2101//3034 1449//3034 2102//3034
f 1449//3035 1450//3035 2102//3035
f 2102//3036 1450//3036 2103//3036
f 1450//3037 1451//3037 2103//3037
f 2103//3038 1451//3038 2104//3038
f 1451//3039 1452//3039 2104//3039
f 2104//3040 1452//3040 2105//3040
f 1452//3041 1441//3041 2105//3041
f 2105//3042 1441//3042 2106//3042
f 1441//3043 1440//3043 2106//3043
f 2106//3044 1440//3044 2107//3044
f 1440//3045 1442//3045 2107//3045
f 2107//3046 1442//3046 2108//3046
f 1442//3047 1443//3047 2108//3047
f 2108//3048 1443//3048 2109//3048
f 1443//3049 1438//3049 2109//3049
f 2109//3050 1438//3050 2110//3050
f 1438//3051 1437//3051 2110//3051
f 2110//3052 1437//3052 2111//3052
f 1437//3053 1439//3053 2111//3053
f 2111//3054 1439//3054 2112//3054
f 1439//3055 1430//3055 2112//3055
f 2112//3056 1430//3056 2113//3056
f 1430//3057 1429//3057 2113//3057
f 2113//3058 1429//3058 2114//3058
f 1429//3059 1431//3059 2114//3059
f 2114//3060 1431//3060 2115//3060
f 2115//3061 1432//3061 2116//3061
f 1431//3062 1432//3062 2115//3062
f 2116//3063 1433//3063 2117//3063
f 1432//3064 1433//3064 2116//3064
f 2117//3065 1434//3065 2118//3065
f 1433//3066 1434//3066 2117//3066
f 2118//3067 1435//3067 2119//3067
f 1434//3068 1435//3068 2118//3068
f 2119//3069 1436//3069 2120//3069
f 1435//3070 1436//3070 2119//3070
f 2120//3071 1890//3071 2121//3071
f 1436//3072 1890//3072 2120//3072
f 2121//3073 1891//3073 2122//3073
f 1890//3074 1891//3074 2121//3074
f 2122//3075 1892//3075 2123//3075
f 1891//3076 1892//3076 2122//3076
f 1892//3077 1893//3077 2123//3077
f 2124//3078 1401//3078 2125//3078
f 2124//3079 1399//3079 1401//3079
f 2126//3080 1887//3080 2124//3080
f 2124//3081 1887//3081 1399//3081
f 2127//3082 1888//3082 2126//3082
f 2126//3083 1888//3083 1887//3083
f 2123//3084 1893//3084 2127//3084
f 2127//3085 1893//3085 1888//3085
f 2128//3086 2129//3086 1397//3086
f 1397//3087 2129//3087 1398//3087
f 1398//3088 2130//3088 1400//3088
f 2129//3089 2130//3089 1398//3089
f 1400//3090 2125//3090 1401//3090
f 2130//3091 2125//3091 1400//3091
f 1396//3092 2131//3092 2128//3092
f 1396//3093 2128//3093 1397//3093
f 1886//3094 2132//3094 2131//3094
f 1886//3095 2131//3095 1396//3095
f 1884//3096 2133//3096 2132//3096
f 1884//3097 2134//3097 2133//3097
f 1884//3098 2132//3098 1886//3098
f 1880//3099 2134//3099 1884//3099
f 2134//3100 1880//3100 2135//3100
f 2135//3101 1879//3101 2136//3101
f 1880//3102 1879//3102 2135//3102
f 2136//3103 1881//3103 2137//3103
f 1879//3104 1881//3104 2136//3104
f 2137//3105 1882//3105 2138//3105
f 1881//3106 1882//3106 2137//3106
f 2138//3107 1883//3107 2139//3107
f 1882//3108 1883//3108 2138//3108
f 2139//3109 1424//3109 2140//3109
f 1883//3110 1424//3110 2139//3110
f 2140//3111 1423//3111 2141//3111
f 1424//3112 1423//3112 2140//3112
f 2141//3113 1425//3113 2142//3113
f 1423//3114 1425//3114 2141//3114
f 1425//3115 1413//3115 2142//3115
f 2142//3116 1413//3116 2143//3116
f 1413//3117 1412//3117 2143//3117
f 2143//3118 1412//3118 2144//3118
f 1412//3119 1414//3119 2144//3119
f 2144//3120 1414//3120 2145//3120
f 1414//3121 1415//3121 2145//3121
f 2145//3122 1415//3122 2146//3122
f 1415//3123 1416//3123 2146//3123
f 2146//3124 1416//3124 2147//3124
f 1416//3125 1417//3125 2147//3125
f 2147//3126 1417//3126 2148//3126
f 1417//3127 1418//3127 2148//3127
f 2148//3128 1418//3128 2149//3128
f 1418//3129 1419//3129 2149//3129
f 2149//3130 1419//3130 2150//3130
f 1419//3131 1403//3131 2150//3131
f 2150//3132 1403//3132 2151//3132
f 1403//3133 1402//3133 2151//3133
f 2151//3134 1402//3134 2152//3134
f 1402//3135 1404//3135 2152//3135
f 2152//3136 1404//3136 2153//3136
f 1404//3137 1405//3137 2153//3137
f 2153//3138 1405//3138 2154//3138
f 1405//3139 1406//3139 2154//3139
f 2154//3140 1406//3140 2155//3140
f 1406//3141 1407//3141 2155//3141
f 2155//3142 1407//3142 2156//3142
f 1407//3143 1408//3143 2156//3143
f 2156//3144 1408//3144 2157//3144
f 2157//3145 1409//3145 2158//3145
f 1408//3146 1409//3146 2157//3146
f 2158//3147 1410//3147 2159//3147
f 1409//3148 1410//3148 2158//3148
f 2159//3149 1411//3149 2160//3149
f 1410//3150 1411//3150 2159//3150
f 2160//3151 1873//3151 2161//3151
f 1411//3152 1873//3152 2160//3152
f 2161//3153 1874//3153 2162//3153
f 1873//3154 1874//3154 2161//3154
f 2162//3155 1875//3155 2163//3155
f 1874//3156 1875//3156 2162//3156
f 2163//3157 1876//3157 2164//3157
f 1875//3158 1876//3158 2163//3158
f 2164//3159 1877//3159 2165//3159
f 1876//3160 1877//3160 2164//3160
f 1877//3161 1872//3161 2165//3161
f 2166//3162 1377//3162 2167//3162
f 2166//3163 1375//3163 1377//3163
f 2168//3164 1869//3164 2166//3164
f 2166//3165 1869//3165 1375//3165
f 2169//3166 1870//3166 2168//3166
f 2168//3167 1870//3167 1869//3167
f 2165//3168 1872//3168 2169//3168
f 2169//3169 1872//3169 1870//3169
f 1372//3170 2170//3170 1373//3170
f 1373//3171 2171//3171 1376//3171
f 2170//3172 2171//3172 1373//3172
f 2171//3173 2172//3173 1376//3173
f 1376//3174 2167//3174 1377//3174
f 2172//3175 2167//3175 1376//3175
f 1372//3176 2173//3176 2170//3176
f 1371//3177 2173//3177 1372//3177
f 1859//3178 2174//3178 2173//3178
f 1859//3179 2173//3179 1371//3179
f 1858//3180 2175//3180 2174//3180
f 1858//3181 2176//3181 2175//3181
f 1858//3182 2174//3182 1859//3182
f 1862//3183 2176//3183 1858//3183
f 2176//3184 1862//3184 2177//3184
f 2177//3185 1861//3185 2178//3185
f 1862//3186 1861//3186 2177//3186
f 2178//3187 1863//3187 2179//3187
f 1861//3188 1863//3188 2178//3188
f 2179//3189 1864//3189 2180//3189
f 1863//3190 1864//3190 2179//3190
f 2180//3191 1865//3191 2181//3191
f 1864//3192 1865//3192 2180//3192
f 2181//3193 1866//3193 2182//3193
f 1865//3194 1866//3194 2181//3194
f 2182//3195 1867//3195 2183//3195
f 1866//3196 1867//3196 2182//3196
f 2183//3197 1391//3197 2184//3197
f 1867//3198 1391//3198 2183//3198
f 1391//3199 1390//3199 2184//3199
f 2184//3200 1390//3200 2185//3200
f 1390//3201 1392//3201 2185//3201
f 2185//3202 1392//3202 2186//3202
f 1392//3203 1393//3203 2186//3203
f 2186//3204 1393//3204 2187//3204
f 1393//3205 1394//3205 2187//3205
f 2187//3206 1394//3206 2188//3206
f 1394//3207 1395//3207 2188//3207
f 2188//3208 1395//3208 2189//3208
f 1395//3209 1384//3209 2189//3209
f 2189//3210 1384//3210 2190//3210
f 1384//3211 1383//3211 2190//3211
f 2190//3212 1383//3212 2191//3212
f 1383//3213 1385//3213 2191//3213
f 2191//3214 1385//3214 2192//3214
f 1385//3215 1386//3215 2192//3215
f 2192//3216 1386//3216 2193//3216
f 1386//3217 1387//3217 2193//3217
f 2193//3218 1387//3218 2194//3218
f 1387//3219 1388//3219 2194//3219
f 2194//3220 1388//3220 2195//3220
f 1388//3221 1389//3221 2195//3221
f 2195//3222 1389//3222 2196//3222
f 1389//3223 1379//3223 2196//3223
f 2196//3224 1379//3224 2197//3224
f 1379//3225 1378//3225 2197//3225
f 2197//3226 1378//3226 2198//3226
f 1378//3227 1380//3227 2198//3227
f 2198//3228 1380//3228 2199//3228
f 2199//3229 1381//3229 2200//3229
f 1380//3230 1381//3230 2199//3230
f 2200//3231 1382//3231 2201//3231
f 1381//3232 1382//3232 2200//3232
f 2201//3233 1850//3233 2202//3233
f 1382//3234 1850//3234 2201//3234
f 2202//3235 1851//3235 2203//3235
f 1850//3236 1851//3236 2202//3236
f 2203//3237 1852//3237 2204//3237
f 1851//3238 1852//3238 2203//3238
f 2204//3239 1853//3239 2205//3239
f 1852//3240 1853//3240 2204//3240
f 2205//3241 1854//3241 2206//3241
f 1853//3242 1854//3242 2205//3242
f 2206//3243 1855//3243 2207//3243
f 1854//3244 1855//3244 2206//3244
f 1855//3245 1856//3245 2207//3245
f 2208//3246 1352//3246 2209//3246
f 2208//3247 1350//3247 1352//3247
f 2210//3248 1840//3248 2208//3248
f 2208//3249 1840//3249 1350//3249
f 2211//3250 1841//3250 2210//3250
f 2210//3251 1841//3251 1840//3251
f 2207//3252 1856//3252 2211//3252
f 2211//3253 1856//3253 1841//3253
f 1344//3254 2212//3254 1345//3254
f 1345//3255 2213//3255 1351//3255
f 2212//3256 2213//3256 1345//3256
f 2213//3257 2214//3257 1351//3257
f 1351//3258 2209//3258 1352//3258
f 2214//3259 2209//3259 1351//3259
f 1344//3260 2215//3260 2212//3260
f 1343//3261 2215//3261 1344//3261
f 1839//3262 2216//3262 2215//3262
f 1839//3263 2215//3263 1343//3263
f 1838//3264 2217//3264 2216//3264
f 1838//3265 2216//3265 1839//3265
f 1844//3266 2218//3266 2217//3266
f 1844//3267 2217//3267 1838//3267
f 2218//3268 1844//3268 2219//3268
f 2219//3269 1843//3269 2220//3269
f 1844//3270 1843//3270 2219//3270
f 2220//3271 1845//3271 2221//3271
f 1843//3272 1845//3272 2220//3272
f 2221//3273 1846//3273 2222//3273
f 1845//3274 1846//3274 2221//3274
f 2222//3275 1847//3275 2223//3275
f 1846//3276 1847//3276 2222//3276
f 2223//3277 1848//3277 2224//3277
f 1847//3278 1848//3278 2223//3278
f 2224//3279 1374//3279 2225//3279
f 1848//3280 1374//3280 2224//3280
f 2225//3281 1363//3281 2226//3281
f 1374//3282 1363//3282 2225//3282
f 1363//3283 1362//3283 2226//3283
f 2226//3284 1362//3284 2227//3284
f 1362//3285 1364//3285 2227//3285
f 2227//3286 1364//3286 2228//3286
f 1364//3287 1365//3287 2228//3287
f 2228//3288 1365//3288 2229//3288
f 1365//3289 1366//3289 2229//3289
f 2229//3290 1366//3290 2230//3290
f 1366//3291 1367//3291 2230//3291
f 2230//3292 1367//3292 2231//3292
f 1367//3293 1368//3293 2231//3293
f 2231//3294 1368//3294 2232//3294
f 1368//3295 1369//3295 2232//3295
f 2232//3296 1369//3296 2233//3296
f 1369//3297 1370//3297 2233//3297
f 2233//3298 1370//3298 2234//3298
f 1370//3299 1354//3299 2234//3299
f 2234//3300 1354//3300 2235//3300
f 1354//3301 1353//3301 2235//3301
f 2235//3302 1353//3302 2236//3302
f 1353//3303 1355//3303 2236//3303
f 2236//3304 1355//3304 2237//3304
f 1355//3305 1356//3305 2237//3305
f 2237//3306 1356//3306 2238//3306
f 1356//3307 1357//3307 2238//3307
f 2238//3308 1357//3308 2239//3308
f 1357//3309 1358//3309 2239//3309
f 2239//3310 1358//3310 2240//3310
f 1358//3311 1359//3311 2240//3311
f 2240//3312 1359//3312 2241//3312
f 2241//3313 1360//3313 2242//3313
f 1359//3314 1360//3314 2241//3314
f 2242//3315 1361//3315 2243//3315
f 1360//3316 1361//3316 2242//3316
f 2243//3317 1347//3317 2244//3317
f 1361//3318 1347//3318 2243//3318
f 2244//3319 1346//3319 2245//3319
f 1347//3320 1346//3320 2244//3320
f 2245//3321 1348//3321 2246//3321
f 1346//3322 1348//3322 2245//3322
f 2246//3323 1349//3323 2247//3323
f 1348//3324 1349//3324 2246//3324
f 2247//3325 1835//3325 2248//3325
f 1349//3326 1835//3326 2247//3326
f 2248//3327 1836//3327 2249//3327
f 1835//3328 1836//3328 2248//3328
f 1836//3329 1834//3329 2249//3329
f 2250//3330 1318//3330 2251//3330
f 2250//3331 1316//3331 1318//3331
f 2252//3332 1828//3332 2250//3332
f 2250//3333 1828//3333 1316//3333
f 2253//3334 1829//3334 2252//3334
f 2252//3335 1829//3335 1828//3335
f 2249//3336 1834//3336 2253//3336
f 2253//3337 1834//3337 1829//3337
f 2254//3338 2255//3338 1314//3338
f 1314//3339 2255//3339 1315//3339
f 1315//3340 2256//3340 1317//3340
f 2255//3341 2256//3341 1315//3341
f 1317//3342 2251//3342 1318//3342
f 2256//3343 2251//3343 1317//3343
f 1314//3344 2257//3344 2254//3344
f 1313//3345 2257//3345 1314//3345
f 1827//3346 2258//3346 2257//3346
f 1827//3347 2257//3347 1313//3347
f 1826//3348 2259//3348 2258//3348
f 1826//3349 2258//3349 1827//3349
f 1832//3350 2260//3350 2259//3350
f 1832//3351 2259//3351 1826//3351
f 2260//3352 1832//3352 2261//3352
f 2261//3353 1831//3353 2262//3353
f 1832//3354 1831//3354 2261//3354
f 2262//3355 1833//3355 2263//3355
f 1831//3356 1833//3356 2262//3356
f 2263//3357 1334//3357 2264//3357
f 1833//3358 1334//3358 2263//3358
f 2264//3359 1333//3359 2265//3359
f 1334//3360 1333//3360 2264//3360
f 2265//3361 1335//3361 2266//3361
f 1333//3362 1335//3362 2265//3362
f 2266//3363 1336//3363 2267//3363
f 1335//3364 1336//3364 2266//3364
f 2267//3365 1337//3365 2268//3365
f 1336//3366 1337//3366 2267//3366
f 1337//3367 1338//3367 2268//3367
f 2268//3368 1338//3368 2269//3368
f 1338//3369 1339//3369 2269//3369
f 2269//3370 1339//3370 2270//3370
f 1339//3371 1340//3371 2270//3371
f 2270//3372 1340//3372 2271//3372
f 1340//3373 1341//3373 2271//3373
f 2271//3374 1341//3374 2272//3374
f 1341//3375 1342//3375 2272//3375
f 2272//3376 1342//3376 2273//3376
f 1342//3377 1328//3377 2273//3377
f 2273//3378 1328//3378 2274//3378
f 1328//3379 1327//3379 2274//3379
f 2274//3380 1327//3380 2275//3380
f 1327//3381 1329//3381 2275//3381
f 2275//3382 1329//3382 2276//3382
f 1329//3383 1330//3383 2276//3383
f 2276//3384 1330//3384 2277//3384
f 1330//3385 1331//3385 2277//3385
f 2277//3386 1331//3386 2278//3386
f 1331//3387 1332//3387 2278//3387
f 2278//3388 1332//3388 2279//3388
f 1332//3389 1320//3389 2279//3389
f 2279//3390 1320//3390 2280//3390
f 1320//3391 1319//3391 2280//3391
f 2280//3392 1319//3392 2281//3392
f 1319//3393 1321//3393 2281//3393
f 2281//3394 1321//3394 2282//3394
f 1321//3395 1322//3395 2282//3395
f 2282//3396 1322//3396 2283//3396
f 2283//3397 1323//3397 2284//3397
f 1322//3398 1323//3398 2283//3398
f 2284//3399 1324//3399 2285//3399
f 1323//3400 1324//3400 2284//3400
f 2285//3401 1325//3401 2286//3401
f 1324//3402 1325//3402 2285//3402
f 2286//3403 1326//3403 2287//3403
f 1325//3404 1326//3404 2286//3404
f 2287//3405 1821//3405 2288//3405
f 1326//3406 1821//3406 2287//3406
f 2288//3407 1822//3407 2289//3407
f 1821//3408 1822//3408 2288//3408
f 2289//3409 1823//3409 2290//3409
f 1822//3410 1823//3410 2289//3410
f 2290//3411 1824//3411 2291//3411
f 1823//3412 1824//3412 2290//3412
f 1824//3413 1820//3413 2291//3413
f 2292//3414 1294//3414 2293//3414
f 2292//3415 1292//3415 1294//3415
f 2294//3416 1817//3416 2292//3416
f 2292//3417 1817//3417 1292//3417
f 2295//3418 1818//3418 2294//3418
f 2294//3419 1818//3419 1817//3419
f 2291//3420 1820//3420 2295//3420
f 2295//3421 1820//3421 1818//3421
f 1290//3422 2296//3422 1291//3422
f 1291//3423 2297//3423 1293//3423
f 2296//3424 2297//3424 1291//3424
f 1293//3425 2298//3425 1294//3425
f 2297//3426 2298//3426 1293//3426
f 2298//3427 2293//3427 1294//3427
f 1289//3428 2299//3428 2296//3428
f 1289//3429 2296//3429 1290//3429
f 1816//3430 2300//3430 2299//3430
f 1816//3431 2299//3431 1289//3431
f 1808//3432 2301//3432 2300//3432
f 1808//3433 2300//3433 1816//3433
f 1807//3434 2302//3434 2301//3434
f 1807//3435 2301//3435 1808//3435
f 2302//3436 1807//3436 2303//3436
f 2303//3437 1809//3437 2304//3437
f 1807//3438 1809//3438 2303//3438
f 2304//3439 1810//3439 2305//3439
f 1809//3440 1810//3440 2304//3440
f 2305//3441 1811//3441 2306//3441
f 1810//3442 1811//3442 2305//3442
f 2306//3443 1812//3443 2307//3443
f 1811//3444 1812//3444 2306//3444
f 2307//3445 1813//3445 2308//3445
f 1812//3446 1813//3446 2307//3446
f 2308//3447 1814//3447 2309//3447
f 1813//3448 1814//3448 2308//3448
f 2309//3449 1306//3449 2310//3449
f 1814//3450 1306//3450 2309//3450
f 1306//3451 1305//3451 2310//3451
f 2310//3452 1305//3452 2311//3452
f 1305//3453 1307//3453 2311//3453
f 2311//3454 1307//3454 2312//3454
f 1307//3455 1308//3455 2312//3455
f 2312//3456 1308//3456 2313//3456
f 1308//3457 1309//3457 2313//3457
f 2313//3458 1309//3458 2314//3458
f 1309//3459 1310//3459 2314//3459
f 2314//3460 1310//3460 2315//3460
f 1310//3461 1311//3461 2315//3461
f 2315//3462 1311//3462 2316//3462
f 1311//3463 1312//3463 2316//3463
f 2316//3464 1312//3464 2317//3464
f 1312//3465 1296//3465 2317//3465
f 2317//3466 1296//3466 2318//3466
f 1296//3467 1295//3467 2318//3467
f 2318//3468 1295//3468 2319//3468
f 1295//3469 1297//3469 2319//3469
f 2319//3470 1297//3470 2320//3470
f 1297//3471 1298//3471 2320//3471
f 2320//3472 1298//3472 2321//3472
f 1298//3473 1299//3473 2321//3473
f 2321//3474 1299//3474 2322//3474
f 1299//3475 1300//3475 2322//3475
f 2322//3476 1300//3476 2323//3476
f 1300//3477 1301//3477 2323//3477
f 2323//3478 1301//3478 2324//3478
f 1301//3479 1302//3479 2324//3479
f 2324//3480 1302//3480 2325//3480
f 2325//3481 1303//3481 2326//3481
f 1302//3482 1303//3482 2325//3482
f 2326//3483 1304//3483 2327//3483
f 1303//3484 1304//3484 2326//3484
f 2327//3485 1800//3485 2328//3485
f 1304//3486 1800//3486 2327//3486
f 1800//3487 1799//3487 2328//3487
f 2328//3488 1801//3488 2329//3488
f 2329//3489 1801//3489 2330//3489
f 1799//3490 1801//3490 2328//3490
f 2330//3491 1802//3491 2331//3491
f 1801//3492 1802//3492 2330//3492
f 2331//3493 1803//3493 2332//3493
f 1802//3494 1803//3494 2331//3494
f 2332//3495 1804//3495 2333//3495
f 1803//3496 1804//3496 2332//3496
f 1804//3497 1805//3497 2333//3497
f 2334//3498 1267//3498 2335//3498
f 2335//3499 1267//3499 1269//3499
f 2336//3500 1796//3500 2334//3500
f 2334//3501 1796//3501 1267//3501
f 2337//3502 1797//3502 2336//3502
f 2336//3503 1797//3503 1796//3503
f 2333//3504 1805//3504 2337//3504
f 2337//3505 1805//3505 1797//3505
f 2338//3506 2339//3506 1264//3506
f 1264//3507 2339//3507 1265//3507
f 1265//3508 2340//3508 1268//3508
f 2339//3509 2340//3509 1265//3509
f 1268//3510 2335//3510 1269//3510
f 2340//3511 2335//3511 1268//3511
f 1264//3512 2341//3512 2338//3512
f 1263//3513 2341//3513 1264//3513
f 1786//3514 2342//3514 2341//3514
f 1786//3515 2341//3515 1263//3515
f 1785//3516 2343//3516 2342//3516
f 1785//3517 2342//3517 1786//3517
f 1789//3518 2344//3518 2343//3518
f 1789//3519 2343//3519 1785//3519
f 2344//3520 1789//3520 2345//3520
f 2345//3521 1788//3521 2346//3521
f 1789//3522 1788//3522 2345//3522
f 2346//3523 1790//3523 2347//3523
f 1788//3524 1790//3524 2346//3524
f 2347//3525 1791//3525 2348//3525
f 1790//3526 1791//3526 2347//3526
f 2348//3527 1792//3527 2349//3527
f 1791//3528 1792//3528 2348//3528
f 2349//3529 1793//3529 2350//3529
f 1792//3530 1793//3530 2349//3530
f 2350//3531 1794//3531 2351//3531
f 1793//3532 1794//3532 2350//3532
f 2351//3533 1285//3533 2352//3533
f 1794//3534 1285//3534 2351//3534
f 1285//3535 1284//3535 2352//3535
f 2352//3536 1284//3536 2353//3536
f 1284//3537 1286//3537 2353//3537
f 2353//3538 1286//3538 2354//3538
f 1286//3539 1287//3539 2354//3539
f 2354//3540 1287//3540 2355//3540
f 1287//3541 1288//3541 2355//3541
f 2355//3542 1288//3542 2356//3542
f 1288//3543 1278//3543 2356//3543
f 2356//3544 1278//3544 2357//3544
f 1278//3545 1277//3545 2357//3545
f 2357//3546 1277//3546 2358//3546
f 1277//3547 1279//3547 2358//3547
f 2358//3548 1279//3548 2359//3548
f 1279//3549 1280//3549 2359//3549
f 2359//3550 1280//3550 2360//3550
f 1280//3551 1281//3551 2360//3551
f 2360//3552 1281//3552 2361//3552
f 1281//3553 1282//3553 2361//3553
f 2361//3554 1282//3554 2362//3554
f 1282//3555 1283//3555 2362//3555
f 2362//3556 1283//3556 2363//3556
f 1283//3557 1271//3557 2363//3557
f 2363//3558 1271//3558 2364//3558
f 1271//3559 1270//3559 2364//3559
f 2364//3560 1270//3560 2365//3560
f 1270//3561 1272//3561 2365//3561
f 2365//3562 1272//3562 2366//3562
f 1272//3563 1273//3563 2366//3563
f 2366//3564 1273//3564 2367//3564
f 2367//3565 1274//3565 2368//3565
f 1273//3566 1274//3566 2367//3566
f 2368//3567 1275//3567 2369//3567
f 1274//3568 1275//3568 2368//3568
f 2369//3569 1276//3569 2370//3569
f 1275//3570 1276//3570 2369//3570
f 2370//3571 1779//3571 2371//3571
f 1276//3572 1779//3572 2370//3572
f 2371//3573 1780//3573 2372//3573
f 1779//3574 1780//3574 2371//3574
f 2372//3575 1781//3575 2373//3575
f 1780//3576 1781//3576 2372//3576
f 2373//3577 1782//3577 2374//3577
f 1781//3578 1782//3578 2373//3578
f 2374//3579 1783//3579 2375//3579
f 1782//3580 1783//3580 2374//3580
f 1783//3581 1778//3581 2375//3581
f 2376//3582 1244//3582 2377//3582
f 2376//3583 1242//3583 1244//3583
f 2378//3584 1769//3584 2376//3584
f 2376//3585 1769//3585 1242//3585
f 2379//3586 1770//3586 2378//3586
f 2378//3587 1770//3587 1769//3587
f 2375//3588 1778//3588 2379//3588
f 2379//3589 1778//3589 1770//3589
f 2380//3590 2381//3590 1236//3590
f 1236//3591 2381//3591 1237//3591
f 1237//3592 2382//3592 1243//3592
f 2381//3593 2382//3593 1237//3593
f 1243//3594 2377//3594 1244//3594
f 2382//3595 2377//3595 1243//3595
f 1235//3596 2383//3596 2380//3596
f 1235//3597 2380//3597 1236//3597
f 1768//3598 2384//3598 2383//3598
f 1768//3599 2383//3599 1235//3599
f 1767//3600 2385//3600 2384//3600
f 1767//3601 2384//3601 1768//3601
f 1772//3602 2386//3602 2385//3602
f 1772//3603 2385//3603 1767//3603
f 2386//3604 1772//3604 2387//3604
f 2387//3605 1773//3605 2388//3605
f 1772//3606 1773//3606 2387//3606
f 2388//3607 1774//3607 2389//3607
f 1773//3608 1774//3608 2388//3608
f 2389//3609 1775//3609 2390//3609
f 1774//3610 1775//3610 2389//3610
f 2390//3611 1776//3611 2391//3611
f 1775//3612 1776//3612 2390//3612
f 2391//3613 1266//3613 2392//3613
f 1776//3614 1266//3614 2391//3614
f 2392//3615 1262//3615 2393//3615
f 1266//3616 1262//3616 2392//3616
f 2393//3617 1261//3617 2394//3617
f 1262//3618 1261//3618 2393//3618
f 1261//3619 1255//3619 2394//3619
f 2394//3620 1255//3620 2395//3620
f 1255//3621 1254//3621 2395//3621
f 2395//3622 1254//3622 2396//3622
f 1254//3623 1256//3623 2396//3623
f 2396//3624 1256//3624 2397//3624
f 1256//3625 1257//3625 2397//3625
f 2397//3626 1257//3626 2398//3626
f 1257//3627 1258//3627 2398//3627
f 2398//3628 1258//3628 2399//3628
f 1258//3629 1259//3629 2399//3629
f 2399//3630 1259//3630 2400//3630
f 1259//3631 1260//3631 2400//3631
f 2400//3632 1260//3632 2401//3632
f 1260//3633 1246//3633 2401//3633
f 2401//3634 1246//3634 2402//3634
f 1246//3635 1245//3635 2402//3635
f 2402//3636 1245//3636 2403//3636
f 1245//3637 1247//3637 2403//3637
f 2403//3638 1247//3638 2404//3638
f 1247//3639 1248//3639 2404//3639
f 2404//3640 1248//3640 2405//3640
f 1248//3641 1249//3641 2405//3641
f 2405//3642 1249//3642 2406//3642
f 1249//3643 1250//3643 2406//3643
f 2406//3644 1250//3644 2407//3644
f 1250//3645 1251//3645 2407//3645
f 2407//3646 1251//3646 2408//3646
f 1251//3647 1252//3647 2408//3647
f 2408//3648 1252//3648 2409//3648
f 2409//3649 1253//3649 2410//3649
f 1252//3650 1253//3650 2409//3650
f 2410//3651 1239//3651 2411//3651
f 1253//3652 1239//3652 2410//3652
f 2411//3653 1238//3653 2412//3653
f 1239//3654 1238//3654 2411//3654
f 2412//3655 1240//3655 2413//3655
f 1238//3656 1240//3656 2412//3656
f 2413//3657 1241//3657 2414//3657
f 1240//3658 1241//3658 2413//3658
f 2414//3659 1759//3659 2415//3659
f 1241//3660 1759//3660 2414//3660
f 2415//3661 1760//3661 2416//3661
f 1759//3662 1760//3662 2415//3662
f 2416//3663 1761//3663 2417//3663
f 1760//3664 1761//3664 2416//3664
f 1761//3665 1762//3665 2417//3665
f 2418//3666 1209//3666 2419//3666
f 2419//3667 1209//3667 1211//3667
f 2420//3668 1756//3668 2418//3668
f 2418//3669 1756//3669 1209//3669
f 2421//3670 1757//3670 2420//3670
f 2420//3671 1757//3671 1756//3671
f 2417//3672 1762//3672 2421//3672
f 2421//3673 1762//3673 1757//3673
f 2422//3674 2423//3674 1207//3674
f 1207//3675 2423//3675 1208//3675
f 1208//3676 2424//3676 1210//3676
f 2423//3677 2424//3677 1208//3677
f 1210//3678 2419//3678 1211//3678
f 2424//3679 2419//3679 1210//3679
f 1207//3680 2425//3680 2422//3680
f 1206//3681 2425//3681 1207//3681
f 1755//3682 2426//3682 2425//3682
f 1755//3683 2425//3683 1206//3683
f 1754//3684 2427//3684 2426//3684
f 1754//3685 2426//3685 1755//3685
f 1764//3686 2428//3686 2427//3686
f 1764//3687 2427//3687 1754//3687
f 2428//3688 1764//3688 2429//3688
f 2429//3689 1763//3689 2430//3689
f 1764//3690 1763//3690 2429//3690
f 2430//3691 1765//3691 2431//3691
f 1763//3692 1765//3692 2430//3692
f 2431//3693 1227//3693 2432//3693
f 1765//3694 1227//3694 2431//3694
f 1227//3695 1226//3695 2432//3695
f 2432//3696 1228//3696 2433//3696
f 1226//3697 1228//3697 2432//3697
f 2433//3698 1229//3698 2434//3698
f 1228//3699 1229//3699 2433//3699
f 2434//3700 1230//3700 2435//3700
f 1229//3701 1230//3701 2434//3701
f 1230//3702 1231//3702 2435//3702
f 2435//3703 1231//3703 2436//3703
f 1231//3704 1232//3704 2436//3704
f 2436//3705 1232//3705 2437//3705
f 1232//3706 1233//3706 2437//3706
f 2437//3707 1233//3707 2438//3707
f 1233//3708 1234//3708 2438//3708
f 2438//3709 1234//3709 2439//3709
f 1234//3710 1220//3710 2439//3710
f 2439//3711 1220//3711 2440//3711
f 1220//3712 1219//3712 2440//3712
f 2440//3713 1219//3713 2441//3713
f 1219//3714 1221//3714 2441//3714
f 2441//3715 1221//3715 2442//3715
f 1221//3716 1222//3716 2442//3716
f 2442//3717 1222//3717 2443//3717
f 1222//3718 1223//3718 2443//3718
f 2443//3719 1223//3719 2444//3719
f 2444//3720 1223//3720 2445//3720
f 1223//3721 1224//3721 2445//3721
f 2445//3722 1224//3722 2446//3722
f 1224//3723 1225//3723 2446//3723
f 2446//3724 1225//3724 2447//3724
f 1225//3725 1213//3725 2447//3725
f 2447//3726 1213//3726 2448//3726
f 1213//3727 1212//3727 2448//3727
f 2448//3728 1212//3728 2449//3728
f 1212//3729 1214//3729 2449//3729
f 2449//3730 1214//3730 2450//3730
f 1214//3731 1215//3731 2450//3731
f 2450//3732 1215//3732 2451//3732
f 2451//3733 1216//3733 2452//3733
f 1215//3734 1216//3734 2451//3734
f 2452//3735 1217//3735 2453//3735
f 1216//3736 1217//3736 2452//3736
f 2453//3737 1218//3737 2454//3737
f 1217//3738 1218//3738 2453//3738
f 1218//3739 1748//3739 2454//3739
f 2454//3740 1749//3740 2455//3740
f 1748//3741 1749//3741 2454//3741
f 2455//3742 1750//3742 2456//3742
f 1749//3743 1750//3743 2455//3743
f 2456//3744 1751//3744 2457//3744
f 1750//3745 1751//3745 2456//3745
f 2457//3746 1752//3746 2458//3746
f 2458//3747 1752//3747 2459//3747
f 1751//3748 1752//3748 2457//3748
f 1752//3749 1747//3749 2459//3749
f 2460//3750 1187//3750 2461//3750
f 2461//3751 1187//3751 1188//3751
f 2462//3752 1744//3752 2460//3752
f 2460//3753 1744//3753 1187//3753
f 2463//3754 1745//3754 2462//3754
f 2462//3755 1745//3755 1744//3755
f 2459//3756 1747//3756 2463//3756
f 2463//3757 1747//3757 1745//3757
f 1184//3758 2464//3758 1185//3758
f 1185//3759 2465//3759 1186//3759
f 2464//3760 2465//3760 1185//3760
f 2465//3761 2466//3761 1186//3761
f 1186//3762 2461//3762 1188//3762
f 2466//3763 2461//3763 1186//3763
f 1183//3764 2467//3764 2464//3764
f 1183//3765 2464//3765 1184//3765
f 1743//3766 2468//3766 2467//3766
f 1743//3767 2467//3767 1183//3767
f 1741//3768 2469//3768 2468//3768
f 1741//3769 2470//3769 2469//3769
f 1741//3770 2468//3770 1743//3770
f 1734//3771 2470//3771 1741//3771
f 2470//3772 1734//3772 2471//3772
f 2471//3773 1733//3773 2472//3773
f 1734//3774 1733//3774 2471//3774
f 2472//3775 1735//3775 2473//3775
f 1733//3776 1735//3776 2472//3776
f 2473//3777 1736//3777 2474//3777
f 1735//3778 1736//3778 2473//3778
f 2474//3779 1737//3779 2475//3779
f 1736//3780 1737//3780 2474//3780
f 2475//3781 1738//3781 2476//3781
f 1737//3782 1738//3782 2475//3782
f 2476//3783 1739//3783 2477//3783
f 1738//3784 1739//3784 2476//3784
f 2477//3785 1740//3785 2478//3785
f 1739//3786 1740//3786 2477//3786
f 1740//3787 1200//3787 2478//3787
f 2478//3788 1200//3788 2479//3788
f 1200//3789 1199//3789 2479//3789
f 2479//3790 1199//3790 2480//3790
f 1199//3791 1201//3791 2480//3791
f 2480//3792 1201//3792 2481//3792
f 1201//3793 1202//3793 2481//3793
f 2481//3794 1202//3794 2482//3794
f 1202//3795 1203//3795 2482//3795
f 2482//3796 1203//3796 2483//3796
f 1203//3797 1204//3797 2483//3797
f 2483//3798 1204//3798 2484//3798
f 1204//3799 1205//3799 2484//3799
f 2484//3800 1205//3800 2485//3800
f 1205//3801 1190//3801 2485//3801
f 2485//3802 1190//3802 2486//3802
f 1190//3803 1189//3803 2486//3803
f 2486//3804 1189//3804 2487//3804
f 1189//3805 1191//3805 2487//3805
f 2487//3806 1191//3806 2488//3806
f 1191//3807 1192//3807 2488//3807
f 2488//3808 1192//3808 2489//3808
f 1192//3809 1193//3809 2489//3809
f 2489//3810 1193//3810 2490//3810
f 1193//3811 1194//3811 2490//3811
f 2490//3812 1194//3812 2491//3812
f 1194//3813 1195//3813 2491//3813
f 2491//3814 1195//3814 2492//3814
f 1195//3815 1196//3815 2492//3815
f 2492//3816 1196//3816 2493//3816
f 2493//3817 1197//3817 2494//3817
f 1196//3818 1197//3818 2493//3818
f 2494//3819 1198//3819 2495//3819
f 1197//3820 1198//3820 2494//3820
f 2495//3821 1726//3821 2496//3821
f 1198//3822 1726//3822 2495//3822
f 2496//3823 1727//3823 2497//3823
f 1726//3824 1727//3824 2496//3824
f 2497//3825 1728//3825 2498//3825
f 1727//3826 1728//3826 2497//3826
f 2498//3827 1729//3827 2499//3827
f 1728//3828 1729//3828 2498//3828
f 2499//3829 1730//3829 2500//3829
f 1729//3830 1730//3830 2499//3830
f 2500//3831 1731//3831 2501//3831
f 1730//3832 1731//3832 2500//3832
f 1731//3833 1725//3833 2501//3833
f 2502//3834 1157//3834 2503//3834
f 2503//3835 1157//3835 1159//3835
f 2504//3836 1714//3836 2502//3836
f 2502//3837 1714//3837 1157//3837
f 2505//3838 1715//3838 2504//3838
f 2501//3839 1715//3839 2505//3839
f 2504//3840 1715//3840 1714//3840
f 2501//3841 1725//3841 1715//3841
f 1153//3842 2506//3842 1154//3842
f 1154//3843 2507//3843 1158//3843
f 2506//3844 2507//3844 1154//3844
f 2507//3845 2508//3845 1158//3845
f 1158//3846 2503//3846 1159//3846
f 2508//3847 2503//3847 1158//3847
f 1152//3848 2509//3848 2506//3848
f 1152//3849 2506//3849 1153//3849
f 1713//3850 2510//3850 2509//3850
f 1713//3851 2509//3851 1152//3851
f 1716//3852 2511//3852 2510//3852
f 1716//3853 2510//3853 1713//3853
f 1719//3854 2512//3854 2511//3854
f 1719//3855 2511//3855 1716//3855
f 2512//3856 1719//3856 2513//3856
f 2513//3857 1718//3857 2514//3857
f 1719//3858 1718//3858 2513//3858
f 2514//3859 1720//3859 2515//3859
f 1718//3860 1720//3860 2514//3860
f 2515//3861 1721//3861 2516//3861
f 1720//3862 1721//3862 2515//3862
f 2516//3863 1722//3863 2517//3863
f 1721//3864 1722//3864 2516//3864
f 2517//3865 1723//3865 2518//3865
f 1722//3866 1723//3866 2517//3866
f 2518//3867 1178//3867 2519//3867
f 1723//3868 1178//3868 2518//3868
f 2519//3869 1177//3869 2520//3869
f 1178//3870 1177//3870 2519//3870
f 1177//3871 1179//3871 2520//3871
f 2520//3872 1179//3872 2521//3872
f 1179//3873 1180//3873 2521//3873
f 2521//3874 1180//3874 2522//3874
f 1180//3875 1181//3875 2522//3875
f 2522//3876 1181//3876 2523//3876
f 1181//3877 1182//3877 2523//3877
f 2523//3878 1182//3878 2524//3878
f 1182//3879 1172//3879 2524//3879
f 2524//3880 1172//3880 2525//3880
f 1172//3881 1171//3881 2525//3881
f 2525//3882 1171//3882 2526//3882
f 1171//3883 1173//3883 2526//3883
f 2526//3884 1173//3884 2527//3884
f 1173//3885 1174//3885 2527//3885
f 2527//3886 1174//3886 2528//3886
f 1174//3887 1175//3887 2528//3887
f 2528//3888 1175//3888 2529//3888
f 1175//3889 1176//3889 2529//3889
f 2529//3890 1176//3890 2530//3890
f 1176//3891 1162//3891 2530//3891
f 2530//3892 1162//3892 2531//3892
f 1162//3893 1161//3893 2531//3893
f 2531//3894 1161//3894 2532//3894
f 1161//3895 1163//3895 2532//3895
f 2532//3896 1163//3896 2533//3896
f 1163//3897 1164//3897 2533//3897
f 2533//3898 1164//3898 2534//3898
f 1164//3899 1165//3899 2534//3899
f 2534//3900 1165//3900 2535//3900
f 2535//3901 1166//3901 2536//3901
f 1165//3902 1166//3902 2535//3902
f 2536//3903 1167//3903 2537//3903
f 1166//3904 1167//3904 2536//3904
f 2537//3905 1168//3905 2538//3905
f 1167//3906 1168//3906 2537//3906
f 2538//3907 1169//3907 2539//3907
f 1168//3908 1169//3908 2538//3908
f 2539//3909 1170//3909 2540//3909
f 1169//3910 1170//3910 2539//3910
f 2540//3911 1160//3911 2541//3911
f 1170//3912 1160//3912 2540//3912
f 2541//3913 1710//3913 2542//3913
f 1160//3914 1710//3914 2541//3914
f 2542//3915 1711//3915 2543//3915
f 1710//3916 1711//3916 2542//3916
f 1711//3917 1709//3917 2543//3917
f 2544//3918 1134//3918 2545//3918
f 2544//3919 1132//3919 1134//3919
f 2546//3920 1702//3920 2544//3920
f 2544//3921 1702//3921 1132//3921
f 2547//3922 1703//3922 2546//3922
f 2546//3923 1703//3923 1702//3923
f 2543//3924 1709//3924 2547//3924
f 2547//3925 1709//3925 1703//3925
f 1126//3926 2548//3926 1127//3926
f 1127//3927 2549//3927 1133//3927
f 2548//3928 2549//3928 1127//3928
f 2549//3929 2550//3929 1133//3929
f 1133//3930 2545//3930 1134//3930
f 2550//3931 2545//3931 1133//3931
f 1125//3932 2551//3932 2548//3932
f 1125//3933 2548//3933 1126//3933
f 1701//3934 2552//3934 2551//3934
f 1701//3935 2551//3935 1125//3935
f 1700//3936 2553//3936 2552//3936
f 1700//3937 2554//3937 2553//3937
f 1700//3938 2552//3938 1701//3938
f 1706//3939 2554//3939 1700//3939
f 2554//3940 1706//3940 2555//3940
f 2555//3941 1705//3941 2556//3941
f 1706//3942 1705//3942 2555//3942
f 2556//3943 1707//3943 2557//3943
f 1705//3944 1707//3944 2556//3944
f 2557//3945 1708//3945 2558//3945
f 1707//3946 1708//3946 2557//3946
f 2558//3947 1156//3947 2559//3947
f 1708//3948 1156//3948 2558//3948
f 2559//3949 1155//3949 2560//3949
f 1156//3950 1155//3950 2559//3950
f 2560//3951 1144//3951 2561//3951
f 1155//3952 1144//3952 2560//3952
f 2561//3953 1143//3953 2562//3953
f 1144//3954 1143//3954 2561//3954
f 1143//3955 1145//3955 2562//3955
f 2562//3956 1145//3956 2563//3956
f 1145//3957 1146//3957 2563//3957
f 2563//3958 1146//3958 2564//3958
f 1146//3959 1147//3959 2564//3959
f 2564//3960 1147//3960 2565//3960
f 1147//3961 1148//3961 2565//3961
f 2565//3962 1148//3962 2566//3962
f 1148//3963 1149//3963 2566//3963
f 2566//3964 1149//3964 2567//3964
f 1149//3965 1150//3965 2567//3965
f 2567//3966 1150//3966 2568//3966
f 1150//3967 1151//3967 2568//3967
f 2568//3968 1151//3968 2569//3968
f 1151//3969 1136//3969 2569//3969
f 2569//3970 1136//3970 2570//3970
f 1136//3971 1135//3971 2570//3971
f 2570//3972 1135//3972 2571//3972
f 1135//3973 1137//3973 2571//3973
f 2571//3974 1137//3974 2572//3974
f 1137//3975 1138//3975 2572//3975
f 2572//3976 1138//3976 2573//3976
f 1138//3977 1139//3977 2573//3977
f 2573//3978 1139//3978 2574//3978
f 1139//3979 1140//3979 2574//3979
f 2574//3980 1140//3980 2575//3980
f 1140//3981 1141//3981 2575//3981
f 2575//3982 1141//3982 2576//3982
f 1141//3983 1142//3983 2576//3983
f 2576//3984 1142//3984 2577//3984
f 2577//3985 1129//3985 2578//3985
f 1142//3986 1129//3986 2577//3986
f 2578//3987 1128//3987 2579//3987
f 1129//3988 1128//3988 2578//3988
f 2579//3989 1130//3989 2580//3989
f 1128//3990 1130//3990 2579//3990
f 2580//3991 1131//3991 2581//3991
f 1130//3992 1131//3992 2580//3992
f 2581//3993 1695//3993 2582//3993
f 1131//3994 1695//3994 2581//3994
f 2582//3995 1696//3995 2583//3995
f 1695//3996 1696//3996 2582//3996
f 2583//3997 1697//3997 2584//3997
f 1696//3998 1697//3998 2583//3998
f 2584//3999 1698//3999 2585//3999
f 1697//4000 1698//4000 2584//4000
f 1698//4001 1694//4001 2585//4001
f 2586//4002 1103//4002 2587//4002
f 2587//4003 1103//4003 1105//4003
f 2588//4004 1691//4004 2586//4004
f 2586//4005 1691//4005 1103//4005
f 2589//4006 1692//4006 2588//4006
f 2585//4007 1692//4007 2589//4007
f 2588//4008 1692//4008 1691//4008
f 2585//4009 1694//4009 1692//4009
f 1101//4010 2590//4010 1102//4010
f 2590//4011 2591//4011 1102//4011
f 1102//4012 2592//4012 1104//4012
f 2591//4013 2592//4013 1102//4013
f 1104//4014 2587//4014 1105//4014
f 2592//4015 2587//4015 1104//4015
f 1100//4016 2593//4016 2590//4016
f 1100//4017 2590//4017 1101//4017
f 1690//4018 2594//4018 2593//4018
f 1690//4019 2593//4019 1100//4019
f 1682//4020 2595//4020 2594//4020
f 1682//4021 2594//4021 1690//4021
f 1681//4022 2596//4022 2595//4022
f 1681//4023 2595//4023 1682//4023
f 2596//4024 1681//4024 2597//4024
f 2597//4025 1683//4025 2598//4025
f 1681//4026 1683//4026 2597//4026
f 2598//4027 1684//4027 2599//4027
f 1683//4028 1684//4028 2598//4028
f 2599//4029 1685//4029 2600//4029
f 1684//4030 1685//4030 2599//4030
f 2600//4031 1686//4031 2601//4031
f 1685//4032 1686//4032 2600//4032
f 2601//4033 1687//4033 2602//4033
f 1686//4034 1687//4034 2601//4034
f 2602//4035 1688//4035 2603//4035
f 1687//4036 1688//4036 2602//4036
f 2603//4037 1122//4037 2604//4037
f 1688//4038 1122//4038 2603//4038
f 1122//4039 1121//4039 2604//4039
f 2604//4040 1121//4040 2605//4040
f 1121//4041 1123//4041 2605//4041
f 2605//4042 1123//4042 2606//4042
f 1123//4043 1124//4043 2606//4043
f 2606//4044 1124//4044 2607//4044
f 1124//4045 1117//4045 2607//4045
f 2607//4046 1117//4046 2608//4046
f 1117//4047 1116//4047 2608//4047
f 2608//4048 1116//4048 2609//4048
f 1116//4049 1118//4049 2609//4049
f 2609//4050 1118//4050 2610//4050
f 1118//4051 1119//4051 2610//4051
f 2610//4052 1119//4052 2611//4052
f 1119//4053 1120//4053 2611//4053
f 2611//4054 1120//4054 2612//4054
f 1120//4055 1115//4055 2612//4055
f 2612//4056 1115//4056 2613//4056
f 1115//4057 1114//4057 2613//4057
f 2613//4058 1114//4058 2614//4058
f 1114//4059 1107//4059 2614//4059
f 2614//4060 1107//4060 2615//4060
f 1107//4061 1106//4061 2615//4061
f 2615//4062 1106//4062 2616//4062
f 1106//4063 1108//4063 2616//4063
f 2616//4064 1108//4064 2617//4064
f 1108//4065 1109//4065 2617//4065
f 2617//4066 1109//4066 2618//4066
f 1109//4067 1110//4067 2618//4067
f 2618//4068 1110//4068 2619//4068
f 2619//4069 1111//4069 2620//4069
f 1110//4070 1111//4070 2619//4070
f 2620//4071 1112//4071 2621//4071
f 1111//4072 1112//4072 2620//4072
f 2621//4073 1113//4073 2622//4073
f 1112//4074 1113//4074 2621//4074
f 2622//4075 1674//4075 2623//4075
f 1113//4076 1674//4076 2622//4076
f 2623//4077 1675//4077 2624//4077
f 1674//4078 1675//4078 2623//4078
f 2624//4079 1676//4079 2625//4079
f 1675//4080 1676//4080 2624//4080
f 2625//4081 1677//4081 2626//4081
f 1676//4082 1677//4082 2625//4082
f 2626//4083 1678//4083 2627//4083
f 1677//4084 1678//4084 2626//4084
f 1678//4085 1679//4085 2627//4085
f 2628//4086 1083//4086 2629//4086
f 2630//4087 1083//4087 2628//4087
f 2629//4088 1083//4088 1084//4088
f 2630//4089 1671//4089 1083//4089
f 2631//4090 1672//4090 2630//4090
f 2627//4091 1672//4091 2631//4091
f 2630//4092 1672//4092 1671//4092
f 2627//4093 1679//4093 1672//4093
f 2632//4094 2633//4094 1077//4094
f 1077//4095 2633//4095 1078//4095
f 1078//4096 2634//4096 1079//4096
f 2633//4097 2634//4097 1078//4097
f 1079//4098 2629//4098 1084//4098
f 2634//4099 2629//4099 1079//4099
f 1076//4100 2635//4100 2632//4100
f 1076//4101 2632//4101 1077//4101
f 1661//4102 2636//4102 2635//4102
f 1661//4103 2635//4103 1076//4103
f 1660//4104 2637//4104 2636//4104
f 1660//4105 2638//4105 2637//4105
f 1660//4106 2636//4106 1661//4106
f 1664//4107 2638//4107 1660//4107
f 2638//4108 1664//4108 2639//4108
f 2639//4109 1663//4109 2640//4109
f 1664//4110 1663//4110 2639//4110
f 2640//4111 1665//4111 2641//4111
f 1663//4112 1665//4112 2640//4112
f 2641//4113 1666//4113 2642//4113
f 1665//4114 1666//4114 2641//4114
f 2642//4115 1667//4115 2643//4115
f 1666//4116 1667//4116 2642//4116
f 2643//4117 1668//4117 2644//4117
f 1667//4118 1668//4118 2643//4118
f 2644//4119 1669//4119 2645//4119
f 1668//4120 1669//4120 2644//4120
f 2645//4121 1094//4121 2646//4121
f 1669//4122 1094//4122 2645//4122
f 1094//4123 1093//4123 2646//4123
f 2646//4124 1093//4124 2647//4124
f 1093//4125 1095//4125 2647//4125
f 2647//4126 1095//4126 2648//4126
f 1095//4127 1096//4127 2648//4127
f 2648//4128 1096//4128 2649//4128
f 1096//4129 1097//4129 2649//4129
f 2649//4130 1097//4130 2650//4130
f 1097//4131 1098//4131 2650//4131
f 2650//4132 1098//4132 2651//4132
f 1098//4133 1099//4133 2651//4133
f 2651//4134 1099//4134 2652//4134
f 1099//4135 1086//4135 2652//4135
f 2652//4136 1086//4136 2653//4136
f 1086//4137 1085//4137 2653//4137
f 2653//4138 1085//4138 2654//4138
f 1085//4139 1087//4139 2654//4139
f 2654//4140 1087//4140 2655//4140
f 1087//4141 1088//4141 2655//4141
f 2655//4142 1088//4142 2656//4142
f 1088//4143 1089//4143 2656//4143
f 2656//4144 1089//4144 2657//4144
f 1089//4145 1090//4145 2657//4145
f 2657//4146 1090//4146 2658//4146
f 1090//4147 1091//4147 2658//4147
f 2658//4148 1091//4148 2659//4148
f 1091//4149 1092//4149 2659//4149
f 2659//4150 1092//4150 2660//4150
f 1092//4151 1081//4151 2660//4151
f 2660//4152 1081//4152 2661//4152
f 2661//4153 1080//4153 2662//4153
f 1081//4154 1080//4154 2661//4154
f 2662//4155 1082//4155 2663//4155
f 1080//4156 1082//4156 2662//4156
f 2663//4157 1653//4157 2664//4157
f 1082//4158 1653//4158 2663//4158
f 2664//4159 1654//4159 2665//4159
f 1653//4160 1654//4160 2664//4160
f 2665//4161 1655//4161 2666//4161
f 1654//4162 1655//4162 2665//4162
f 2666//4163 1656//4163 2667//4163
f 1655//4164 1656//4164 2666//4164
f 2667//4165 1657//4165 2668//4165
f 1656//4166 1657//4166 2667//4166
f 2668//4167 1658//4167 2669//4167
f 1657//4168 1658//4168 2668//4168
f 1658//4169 1652//4169 2669//4169
f 2670//4170 1052//4170 2671//4170
f 2670//4171 1050//4171 1052//4171
f 2672//4172 1643//4172 2670//4172
f 2670//4173 1643//4173 1050//4173
f 2673//4174 1644//4174 2672//4174
f 2672//4175 1644//4175 1643//4175
f 2669//4176 1652//4176 2673//4176
f 2673//4177 1652//4177 1644//4177
f 2674//4178 2675//4178 1046//4178
f 1046//4179 2675//4179 1047//4179
f 1047//4180 2676//4180 1051//4180
f 2675//4181 2676//4181 1047//4181
f 1051//4182 2671//4182 1052//4182
f 2676//4183 2671//4183 1051//4183
f 1045//4184 2677//4184 2674//4184
f 1045//4185 2674//4185 1046//4185
f 1642//4186 2678//4186 2677//4186
f 1642//4187 2677//4187 1045//4187
f 1641//4188 2679//4188 2678//4188
f 1641//4189 2678//4189 1642//4189
f 1647//4190 2680//4190 2679//4190
f 1647//4191 2679//4191 1641//4191
f 2680//4192 1647//4192 2681//4192
f 2681//4193 1646//4193 2682//4193
f 1647//4194 1646//4194 2681//4194
f 2682//4195 1648//4195 2683//4195
f 1646//4196 1648//4196 2682//4196
f 2683//4197 1649//4197 2684//4197
f 1648//4198 1649//4198 2683//4198
f 2684//4199 1650//4199 2685//4199
f 1649//4200 1650//4200 2684//4200
f 2685//4201 1071//4201 2686//4201
f 1650//4202 1071//4202 2685//4202
f 2686//4203 1070//4203 2687//4203
f 1071//4204 1070//4204 2686//4204
f 2687//4205 1072//4205 2688//4205
f 1070//4206 1072//4206 2687//4206
f 1072//4207 1073//4207 2688//4207
f 2688//4208 1073//4208 2689//4208
f 1073//4209 1074//4209 2689//4209
f 2689//4210 1074//4210 2690//4210
f 1074//4211 1075//4211 2690//4211
f 2690//4212 1075//4212 2691//4212
f 1075//4213 1064//4213 2691//4213
f 2691//4214 1064//4214 2692//4214
f 1064//4215 1063//4215 2692//4215
f 2692//4216 1063//4216 2693//4216
f 1063//4217 1065//4217 2693//4217
f 2693//4218 1065//4218 2694//4218
f 1065//4219 1066//4219 2694//4219
f 2694//4220 1066//4220 2695//4220
f 1066//4221 1067//4221 2695//4221
f 2695//4222 1067//4222 2696//4222
f 1067//4223 1068//4223 2696//4223
f 2696//4224 1068//4224 2697//4224
f 1068//4225 1069//4225 2697//4225
f 2697//4226 1069//4226 2698//4226
f 1069//4227 1054//4227 2698//4227
f 2698//4228 1054//4228 2699//4228
f 1054//4229 1053//4229 2699//4229
f 2699//4230 1053//4230 2700//4230
f 1053//4231 1055//4231 2700//4231
f 2700//4232 1055//4232 2701//4232
f 1055//4233 1056//4233 2701//4233
f 2701//4234 1056//4234 2702//4234
f 1056//4235 1057//4235 2702//4235
f 2702//4236 1057//4236 2703//4236
f 2703//4237 1058//4237 2704//4237
f 1057//4238 1058//4238 2703//4238
f 2704//4239 1060//4239 2705//4239
f 1058//4240 1060//4240 2704//4240
f 2705//4241 1061//4241 2706//4241
f 1060//4242 1061//4242 2705//4242
f 2706//4243 1062//4243 2707//4243
f 1061//4244 1062//4244 2706//4244
f 2707//4245 1059//4245 2708//4245
f 1062//4246 1059//4246 2707//4246
f 2708//4247 1633//4247 2709//4247
f 1059//4248 1633//4248 2708//4248
f 2709//4249 1634//4249 2710//4249
f 1633//4250 1634//4250 2709//4250
f 2710//4251 1635//4251 2711//4251
f 1634//4252 1635//4252 2710//4252
f 1635//4253 1636//4253 2711//4253
f 2712//4254 1025//4254 2713//4254
f 2713//4255 1025//4255 1027//4255
f 2714//4256 1630//4256 2712//4256
f 2715//4257 1630//4257 2714//4257
f 2712//4258 1630//4258 1025//4258
f 2715//4259 1631//4259 1630//4259
f 2711//4260 1636//4260 2715//4260
f 2715//4261 1636//4261 1631//4261
f 1019//4262 2716//4262 1020//4262
f 2716//4263 2717//4263 1020//4263
f 1020//4264 2718//4264 1026//4264
f 2717//4265 2718//4265 1020//4265
f 1026//4266 2713//4266 1027//4266
f 2718//4267 2713//4267 1026//4267
f 1018//4268 2719//4268 2716//4268
f 1018//4269 2716//4269 1019//4269
f 1629//4270 2720//4270 2719//4270
f 1629//4271 2719//4271 1018//4271
f 1628//4272 2721//4272 2720//4272
f 1628//4273 2722//4273 2721//4273
f 1628//4274 2720//4274 1629//4274
f 1638//4275 2722//4275 1628//4275
f 2722//4276 1638//4276 2723//4276
f 2723//4277 1637//4277 2724//4277
f 1638//4278 1637//4278 2723//4278
f 2724//4279 1639//4279 2725//4279
f 1637//4280 1639//4280 2724//4280
f 2725//4281 1049//4281 2726//4281
f 1639//4282 1049//4282 2725//4282
f 2726//4283 1048//4283 2727//4283
f 1049//4284 1048//4284 2726//4284
f 2727//4285 1037//4285 2728//4285
f 1048//4286 1037//4286 2727//4286
f 2728//4287 1036//4287 2729//4287
f 1037//4288 1036//4288 2728//4288
f 2729//4289 1038//4289 2730//4289
f 1036//4290 1038//4290 2729//4290
f 1038//4291 1039//4291 2730//4291
f 2730//4292 1039//4292 2731//4292
f 1039//4293 1040//4293 2731//4293
f 2731//4294 1040//4294 2732//4294
f 1040//4295 1041//4295 2732//4295
f 2732//4296 1041//4296 2733//4296
f 1041//4297 1042//4297 2733//4297
f 2733//4298 1042//4298 2734//4298
f 1042//4299 1043//4299 2734//4299
f 2734//4300 1043//4300 2735//4300
f 1043//4301 1044//4301 2735//4301
f 2735//4302 1044//4302 2736//4302
f 1044//4303 1029//4303 2736//4303
f 2736//4304 1029//4304 2737//4304
f 1029//4305 1028//4305 2737//4305
f 2737//4306 1028//4306 2738//4306
f 1028//4307 1030//4307 2738//4307
f 2738//4308 1030//4308 2739//4308
f 1030//4309 1031//4309 2739//4309
f 2739//4310 1031//4310 2740//4310
f 1031//4311 1032//4311 2740//4311
f 2740//4312 1032//4312 2741//4312
f 1032//4313 1033//4313 2741//4313
f 2741//4314 1033//4314 2742//4314
f 1033//4315 1034//4315 2742//4315
f 2742//4316 1034//4316 2743//4316
f 1034//4317 1035//4317 2743//4317
f 2743//4318 1035//4318 2744//4318
f 1035//4319 1022//4319 2744//4319
f 2744//4320 1022//4320 2745//4320
f 2745//4321 1021//4321 2746//4321
f 1022//4322 1021//4322 2745//4322
f 2746//4323 1023//4323 2747//4323
f 1021//4324 1023//4324 2746//4324
f 2747//4325 1024//4325 2748//4325
f 1023//4326 1024//4326 2747//4326
f 2748//4327 1622//4327 2749//4327
f 1024//4328 1622//4328 2748//4328
f 2749//4329 1623//4329 2750//4329
f 1622//4330 1623//4330 2749//4330
f 2750//4331 1624//4331 2751//4331
f 1623//4332 1624//4332 2750//4332
f 2751//4333 1625//4333 2752//4333
f 1624//4334 1625//4334 2751//4334
f 2752//4335 1626//4335 2753//4335
f 1625//4336 1626//4336 2752//4336
f 1626//4337 1621//4337 2753//4337
f 2754//4338 999//4338 2755//4338
f 2755//4339 999//4339 1000//4339
f 2756//4340 1618//4340 2754//4340
f 2754//4341 1618//4341 999//4341
f 2757//4342 1619//4342 2756//4342
f 2756//4343 1619//4343 1618//4343
f 2753//4344 1621//4344 2757//4344
f 2757//4345 1621//4345 1619//4345
f 2758//4346 2759//4346 996//4346
f 996//4347 2759//4347 997//4347
f 997//4348 2760//4348 998//4348
f 2759//4349 2760//4349 997//4349
f 998//4350 2755//4350 1000//4350
f 2760//4351 2755//4351 998//4351
f 995//4352 2761//4352 2758//4352
f 995//4353 2758//4353 996//4353
f 1617//4354 2762//4354 2761//4354
f 1617//4355 2761//4355 995//4355
f 1615//4356 2763//4356 2762//4356
f 1615//4357 2764//4357 2763//4357
f 1615//4358 2762//4358 1617//4358
f 1608//4359 2764//4359 1615//4359
f 2764//4360 1608//4360 2765//4360
f 2765//4361 1607//4361 2766//4361
f 1608//4362 1607//4362 2765//4362
f 2766//4363 1609//4363 2767//4363
f 1607//4364 1609//4364 2766//4364
f 2767//4365 1610//4365 2768//4365
f 1609//4366 1610//4366 2767//4366
f 2768//4367 1611//4367 2769//4367
f 1610//4368 1611//4368 2768//4368
f 2769//4369 1612//4369 2770//4369
f 1611//4370 1612//4370 2769//4370
f 2770//4371 1613//4371 2771//4371
f 1612//4372 1613//4372 2770//4372
f 2771//4373 1614//4373 2772//4373
f 1613//4374 1614//4374 2771//4374
f 1614//4375 1017//4375 2772//4375
f 2772//4376 1017//4376 2773//4376
f 1017//4377 1016//4377 2773//4377
f 2773//4378 1016//4378 2774//4378
f 1016//4379 1010//4379 2774//4379
f 2774//4380 1010//4380 2775//4380
f 1010//4381 1009//4381 2775//4381
f 2775//4382 1009//4382 2776//4382
f 1009//4383 1011//4383 2776//4383
f 2776//4384 1011//4384 2777//4384
f 1011//4385 1012//4385 2777//4385
f 2777//4386 1012//4386 2778//4386
f 1012//4387 1013//4387 2778//4387
f 2778//4388 1013//4388 2779//4388
f 1013//4389 1014//4389 2779//4389
f 2779//4390 1014//4390 2780//4390
f 1014//4391 1015//4391 2780//4391
f 2780//4392 1015//4392 2781//4392
f 1015//4393 1002//4393 2781//4393
f 2781//4394 1002//4394 2782//4394
f 1002//4395 1001//4395 2782//4395
f 2782//4396 1001//4396 2783//4396
f 1001//4397 1003//4397 2783//4397
f 2783//4398 1003//4398 2784//4398
f 1003//4399 1004//4399 2784//4399
f 2784//4400 1004//4400 2785//4400
f 1004//4401 1005//4401 2785//4401
f 2785//4402 1005//4402 2786//4402
f 1005//4403 1006//4403 2786//4403
f 2786//4404 1006//4404 2787//4404
f 2787//4405 1007//4405 2788//4405
f 1006//4406 1007//4406 2787//4406
f 2788//4407 1008//4407 2789//4407
f 1007//4408 1008//4408 2788//4408
f 2789//4409 1600//4409 2790//4409
f 1008//4410 1600//4410 2789//4410
f 2790//4411 1601//4411 2791//4411
f 1600//4412 1601//4412 2790//4412
f 2791//4413 1602//4413 2792//4413
f 1601//4414 1602//4414 2791//4414
f 2792//4415 1603//4415 2793//4415
f 1602//4416 1603//4416 2792//4416
f 2793//4417 1604//4417 2794//4417
f 1603//4418 1604//4418 2793//4418
f 2794//4419 1605//4419 2795//4419
f 1604//4420 1605//4420 2794//4420
f 1605//4421 1599//4421 2795//4421
f 2796//4422 976//4422 2797//4422
f 2798//4423 976//4423 2796//4423
f 2797//4424 976//4424 978//4424
f 2798//4425 1589//4425 976//4425
f 2799//4426 1590//4426 2798//4426
f 2798//4427 1590//4427 1589//4427
f 2795//4428 1599//4428 2799//4428
f 2799//4429 1599//4429 1590//4429
f 2800//4430 2801//4430 963//4430
f 963//4431 2801//4431 964//4431
f 964//4432 2802//4432 977//4432
f 2801//4433 2802//4433 964//4433
f 977//4434 2797//4434 978//4434
f 2802//4435 2797//4435 977//4435
f 962//4436 2803//4436 2800//4436
f 962//4437 2800//4437 963//4437
f 1588//4438 2804//4438 2803//4438
f 1588//4439 2803//4439 962//4439
f 1587//4440 2805//4440 2804//4440
f 1587//4441 2806//4441 2805//4441
f 1587//4442 2804//4442 1588//4442
f 1592//4443 2806//4443 1587//4443
f 2806//4444 1592//4444 2807//4444
f 2807//4445 1593//4445 2808//4445
f 1592//4446 1593//4446 2807//4446
f 2808//4447 1594//4447 2809//4447
f 1593//4448 1594//4448 2808//4448
f 2809//4449 1595//4449 2810//4449
f 1594//4450 1595//4450 2809//4450
f 2810//4451 1596//4451 2811//4451
f 1595//4452 1596//4452 2810//4452
f 2811//4453 1597//4453 2812//4453
f 1596//4454 1597//4454 2811//4454
f 2812//4455 988//4455 2813//4455
f 1597//4456 988//4456 2812//4456
f 2813//4457 987//4457 2814//4457
f 988//4458 987//4458 2813//4458
f 987//4459 989//4459 2814//4459
f 2814//4460 989//4460 2815//4460
f 989//4461 990//4461 2815//4461
f 2815//4462 990//4462 2816//4462
f 990//4463 991//4463 2816//4463
f 2816//4464 991//4464 2817//4464
f 991//4465 992//4465 2817//4465
f 2817//4466 992//4466 2818//4466
f 992//4467 993//4467 2818//4467
f 2818//4468 993//4468 2819//4468
f 993//4469 994//4469 2819//4469
f 2819//4470 994//4470 2820//4470
f 994//4471 980//4471 2820//4471
f 2820//4472 980//4472 2821//4472
f 980//4473 979//4473 2821//4473
f 2821//4474 979//4474 2822//4474
f 979//4475 981//4475 2822//4475
f 2822//4476 981//4476 2823//4476
f 981//4477 982//4477 2823//4477
f 2823//4478 982//4478 2824//4478
f 982//4479 983//4479 2824//4479
f 2824//4480 983//4480 2825//4480
f 983//4481 984//4481 2825//4481
f 2825//4482 984//4482 2826//4482
f 984//4483 985//4483 2826//4483
f 2826//4484 985//4484 2827//4484
f 985//4485 986//4485 2827//4485
f 2827//4486 986//4486 2828//4486
f 986//4487 975//4487 2828//4487
f 2828//4488 975//4488 2829//4488
f 2829//4489 974//4489 2830//4489
f 975//4490 974//4490 2829//4490
f 2830//4491 972//4491 2831//4491
f 974//4492 972//4492 2830//4492
f 2831//4493 971//4493 2832//4493
f 972//4494 971//4494 2831//4494
f 2832//4495 973//4495 2833//4495
f 971//4496 973//4496 2832//4496
f 2833//4497 1581//4497 2834//4497
f 973//4498 1581//4498 2833//4498
f 2834//4499 1582//4499 2835//4499
f 1581//4500 1582//4500 2834//4500
f 2835//4501 1583//4501 2836//4501
f 1582//4502 1583//4502 2835//4502
f 2836//4503 1584//4503 2837//4503
f 1583//4504 1584//4504 2836//4504
f 1584//4505 1585//4505 2837//4505
f 2838//4506 942//4506 2839//4506
f 2839//4507 942//4507 944//4507
f 2840//4508 1573//4508 2838//4508
f 2838//4509 1573//4509 942//4509
f 2841//4510 1574//4510 2840//4510
f 2840//4511 1574//4511 1573//4511
f 2837//4512 1585//4512 2841//4512
f 2841//4513 1585//4513 1574//4513
f 940//4514 2842//4514 941//4514
f 2842//4515 2843//4515 941//4515
f 941//4516 2844//4516 943//4516
f 2843//4517 2844//4517 941//4517
f 943//4518 2839//4518 944//4518
f 2844//4519 2839//4519 943//4519
f 939//4520 2845//4520 2842//4520
f 939//4521 2842//4521 940//4521
f 1572//4522 2846//4522 2845//4522
f 1572//4523 2845//4523 939//4523
f 1571//4524 2847//4524 2846//4524
f 1571//4525 2846//4525 1572//4525
f 1577//4526 2848//4526 2847//4526
f 1577//4527 2847//4527 1571//4527
f 2848//4528 1577//4528 2849//4528
f 2849//4529 1576//4529 2850//4529
f 1577//4530 1576//4530 2849//4530
f 2850//4531 1578//4531 2851//4531
f 1576//4532 1578//4532 2850//4532
f 2851//4533 1579//4533 2852//4533
f 1578//4534 1579//4534 2851//4534
f 2852//4535 966//4535 2853//4535
f 1579//4536 966//4536 2852//4536
f 2853//4537 965//4537 2854//4537
f 966//4538 965//4538 2853//4538
f 2854//4539 967//4539 2855//4539
f 965//4540 967//4540 2854//4540
f 2855//4541 968//4541 2856//4541
f 967//4542 968//4542 2855//4542
f 968//4543 969//4543 2856//4543
f 2856//4544 969//4544 2857//4544
f 969//4545 970//4545 2857//4545
f 2857//4546 970//4546 2858//4546
f 970//4547 956//4547 2858//4547
f 2858//4548 956//4548 2859//4548
f 956//4549 955//4549 2859//4549
f 2859//4550 955//4550 2860//4550
f 955//4551 957//4551 2860//4551
f 2860//4552 957//4552 2861//4552
f 957//4553 958//4553 2861//4553
f 2861//4554 958//4554 2862//4554
f 958//4555 959//4555 2862//4555
f 2862//4556 959//4556 2863//4556
f 959//4557 960//4557 2863//4557
f 2863//4558 960//4558 2864//4558
f 960//4559 961//4559 2864//4559
f 2864//4560 961//4560 2865//4560
f 961//4561 946//4561 2865//4561
f 2865//4562 946//4562 2866//4562
f 946//4563 945//4563 2866//4563
f 2866//4564 945//4564 2867//4564
f 945//4565 947//4565 2867//4565
f 2867//4566 947//4566 2868//4566
f 947//4567 948//4567 2868//4567
f 2868//4568 948//4568 2869//4568
f 948//4569 949//4569 2869//4569
f 2869//4570 949//4570 2870//4570
f 949//4571 950//4571 2870//4571
f 2870//4572 950//4572 2871//4572
f 2871//4573 951//4573 2872//4573
f 950//4574 951//4574 2871//4574
f 2872//4575 952//4575 2873//4575
f 951//4576 952//4576 2872//4576
f 2873//4577 953//4577 2874//4577
f 952//4578 953//4578 2873//4578
f 2874//4579 954//4579 2875//4579
f 953//4580 954//4580 2874//4580
f 2875//4581 1566//4581 2876//4581
f 954//4582 1566//4582 2875//4582
f 2876//4583 1567//4583 2877//4583
f 1566//4584 1567//4584 2876//4584
f 2877//4585 1568//4585 2878//4585
f 1567//4586 1568//4586 2877//4586
f 2878//4587 1569//4587 2879//4587
f 1568//4588 1569//4588 2878//4588
f 1569//4589 1565//4589 2879//4589
f 2880//4590 921//4590 2881//4590
f 2882//4591 921//4591 2880//4591
f 2881//4592 921//4592 923//4592
f 2882//4593 1562//4593 921//4593
f 2883//4594 1563//4594 2882//4594
f 2879//4595 1563//4595 2883//4595
f 2882//4596 1563//4596 1562//4596
f 2879//4597 1565//4597 1563//4597
f 2884//4598 2885//4598 912//4598
f 912//4599 2885//4599 913//4599
f 913//4600 2886//4600 922//4600
f 2885//4601 2886//4601 913//4601
f 922//4602 2881//4602 923//4602
f 2886//4603 2881//4603 922//4603
f 911//4604 2887//4604 2884//4604
f 911//4605 2884//4605 912//4605
f 1561//4606 2888//4606 2887//4606
f 1561//4607 2887//4607 911//4607
f 1554//4608 2889//4608 2888//4608
f 1554//4609 2890//4609 2889//4609
f 1554//4610 2888//4610 1561//4610
f 1553//4611 2890//4611 1554//4611
f 2890//4612 1553//4612 2891//4612
f 2891//4613 1555//4613 2892//4613
f 1553//4614 1555//4614 2891//4614
f 2892//4615 1556//4615 2893//4615
f 1555//4616 1556//4616 2892//4616
f 2893//4617 1557//4617 2894//4617
f 1556//4618 1557//4618 2893//4618
f 2894//4619 1558//4619 2895//4619
f 1557//4620 1558//4620 2894//4620
f 2895//4621 1559//4621 2896//4621
f 1558//4622 1559//4622 2895//4622
f 2896//4623 938//4623 2897//4623
f 1559//4624 938//4624 2896//4624
f 2897//4625 932//4625 2898//4625
f 938//4626 932//4626 2897//4626
f 932//4627 931//4627 2898//4627
f 2898//4628 931//4628 2899//4628
f 931//4629 933//4629 2899//4629
f 2899//4630 933//4630 2900//4630
f 933//4631 934//4631 2900//4631
f 2900//4632 934//4632 2901//4632
f 934//4633 935//4633 2901//4633
f 2901//4634 935//4634 2902//4634
f 935//4635 936//4635 2902//4635
f 2902//4636 936//4636 2903//4636
f 936//4637 937//4637 2903//4637
f 2903//4638 937//4638 2904//4638
f 937//4639 925//4639 2904//4639
f 2904//4640 925//4640 2905//4640
f 925//4641 924//4641 2905//4641
f 2905//4642 924//4642 2906//4642
f 924//4643 926//4643 2906//4643
f 2906//4644 926//4644 2907//4644
f 926//4645 927//4645 2907//4645
f 2907//4646 927//4646 2908//4646
f 927//4647 928//4647 2908//4647
f 2908//4648 928//4648 2909//4648
f 928//4649 929//4649 2909//4649
f 2909//4650 929//4650 2910//4650
f 929//4651 930//4651 2910//4651
f 2910//4652 930//4652 2911//4652
f 930//4653 917//4653 2911//4653
f 2911//4654 917//4654 2912//4654
f 917//4655 916//4655 2912//4655
f 2912//4656 916//4656 2913//4656
f 2913//4657 918//4657 2914//4657
f 916//4658 918//4658 2913//4658
f 2914//4659 919//4659 2915//4659
f 918//4660 919//4660 2914//4660
f 2915//4661 920//4661 2916//4661
f 919//4662 920//4662 2915//4662
f 2916//4663 1546//4663 2917//4663
f 920//4664 1546//4664 2916//4664
f 2917//4665 1547//4665 2918//4665
f 1546//4666 1547//4666 2917//4666
f 2918//4667 1548//4667 2919//4667
f 1547//4668 1548//4668 2918//4668
f 2919//4669 1549//4669 2920//4669
f 1548//4670 1549//4670 2919//4670
f 2920//4671 1550//4671 2921//4671
f 1549//4672 1550//4672 2920//4672
f 1550//4673 1551//4673 2921//4673
f 2922//4674 893//4674 2923//4674
f 2923//4675 893//4675 894//4675
f 2924//4676 1543//4676 2922//4676
f 2922//4677 1543//4677 893//4677
f 2925//4678 1544//4678 2924//4678
f 2924//4679 1544//4679 1543//4679
f 2921//4680 1551//4680 2925//4680
f 2925//4681 1551//4681 1544//4681
f 2926//4682 2927//4682 890//4682
f 890//4683 2927//4683 891//4683
f 891//4684 2927//4684 892//4684
f 2927//4685 2928//4685 892//4685
f 892//4686 2923//4686 894//4686
f 2928//4687 2923//4687 892//4687
f 890//4688 2929//4688 2926//4688
f 889//4689 2929//4689 890//4689
f 1533//4690 2930//4690 2929//4690
f 1533//4691 2929//4691 889//4691
f 1532//4692 2931//4692 2930//4692
f 1532//4693 2930//4693 1533//4693
f 1536//4694 2932//4694 2931//4694
f 1536//4695 2931//4695 1532//4695
f 2932//4696 1536//4696 2933//4696
f 2933//4697 1535//4697 2934//4697
f 1536//4698 1535//4698 2933//4698
f 2934//4699 1537//4699 2935//4699
f 1535//4700 1537//4700 2934//4700
f 2935//4701 1538//4701 2936//4701
f 1537//4702 1538//4702 2935//4702
f 2936//4703 1539//4703 2937//4703
f 1538//4704 1539//4704 2936//4704
f 2937//4705 1540//4705 2938//4705
f 1539//4706 1540//4706 2937//4706
f 2938//4707 1541//4707 2939//4707
f 1540//4708 1541//4708 2938//4708
f 2939//4709 915//4709 2940//4709
f 1541//4710 915//4710 2939//4710
f 915//4711 914//4711 2940//4711
f 2940//4712 914//4712 2941//4712
f 914//4713 904//4713 2941//4713
f 2941//4714 904//4714 2942//4714
f 904//4715 903//4715 2942//4715
f 2942//4716 903//4716 2943//4716
f 903//4717 905//4717 2943//4717
f 2943//4718 905//4718 2944//4718
f 905//4719 906//4719 2944//4719
f 2944//4720 906//4720 2945//4720
f 906//4721 907//4721 2945//4721
f 2945//4722 907//4722 2946//4722
f 907//4723 908//4723 2946//4723
f 2946//4724 908//4724 2947//4724
f 908//4725 909//4725 2947//4725
f 2947//4726 909//4726 2948//4726
f 909//4727 910//4727 2948//4727
f 2948//4728 910//4728 2949//4728
f 910//4729 896//4729 2949//4729
f 2949//4730 896//4730 2950//4730
f 896//4731 895//4731 2950//4731
f 2950//4732 895//4732 2951//4732
f 895//4733 897//4733 2951//4733
f 2951//4734 897//4734 2952//4734
f 897//4735 898//4735 2952//4735
f 2952//4736 898//4736 2953//4736
f 898//4737 899//4737 2953//4737
f 2953//4738 899//4738 2954//4738
f 899//4739 900//4739 2954//4739
f 2954//4740 900//4740 2955//4740
f 2955//4741 901//4741 2956//4741
f 900//4742 901//4742 2955//4742
f 2956//4743 902//4743 2957//4743
f 901//4744 902//4744 2956//4744
f 2957//4745 1525//4745 2958//4745
f 902//4746 1525//4746 2957//4746
f 2958//4747 1526//4747 2959//4747
f 1525//4748 1526//4748 2958//4748
f 2959//4749 1527//4749 2960//4749
f 1526//4750 1527//4750 2959//4750
f 2960//4751 1528//4751 2961//4751
f 1527//4752 1528//4752 2960//4752
f 1528//4753 1529//4753 2961//4753
f 2961//4754 1530//4754 2962//4754
f 2962//4755 1530//4755 2963//4755
f 1529//4756 1530//4756 2961//4756
f 1530//4757 1524//4757 2963//4757
f 2964//4758 862//4758 2965//4758
f 2965//4759 862//4759 864//4759
f 2966//4760 1515//4760 2964//4760
f 2964//4761 1515//4761 862//4761
f 2967//4762 1516//4762 2966//4762
f 2966//4763 1516//4763 1515//4763
f 2963//4764 1524//4764 2967//4764
f 2967//4765 1524//4765 1516//4765
f 2968//4766 2969//4766 854//4766
f 854//4767 2969//4767 855//4767
f 855//4768 2970//4768 863//4768
f 2969//4769 2970//4769 855//4769
f 863//4770 2965//4770 864//4770
f 2970//4771 2965//4771 863//4771
f 854//4772 2971//4772 2968//4772
f 853//4773 2971//4773 854//4773
f 1514//4774 2972//4774 2971//4774
f 1514//4775 2971//4775 853//4775
f 1513//4776 2973//4776 2972//4776
f 1513//4777 2972//4777 1514//4777
f 1519//4778 2974//4778 2973//4778
f 1519//4779 2973//4779 1513//4779
f 2974//4780 1519//4780 2975//4780
f 2975//4781 1518//4781 2976//4781
f 1519//4782 1518//4782 2975//4782
f 2976//4783 1520//4783 2977//4783
f 1518//4784 1520//4784 2976//4784
f 2977//4785 1521//4785 2978//4785
f 1520//4786 1521//4786 2977//4786
f 2978//4787 1522//4787 2979//4787
f 1521//4788 1522//4788 2978//4788
f 2979//4789 881//4789 2980//4789
f 1522//4790 881//4790 2979//4790
f 2980//4791 880//4791 2981//4791
f 881//4792 880//4792 2980//4792
f 2981//4793 882//4793 2982//4793
f 880//4794 882//4794 2981//4794
f 882//4795 883//4795 2982//4795
f 2982//4796 883//4796 2983//4796
f 883//4797 884//4797 2983//4797
f 2983//4798 884//4798 2984//4798
f 884//4799 885//4799 2984//4799
f 2984//4800 885//4800 2985//4800
f 885//4801 886//4801 2985//4801
f 2985//4802 886//4802 2986//4802
f 886//4803 887//4803 2986//4803
f 2986//4804 887//4804 2987//4804
f 887//4805 888//4805 2987//4805
f 2987//4806 888//4806 2988//4806
f 888//4807 874//4807 2988//4807
f 2988//4808 874//4808 2989//4808
f 874//4809 873//4809 2989//4809
f 2989//4810 873//4810 2990//4810
f 873//4811 875//4811 2990//4811
f 2990//4812 875//4812 2991//4812
f 875//4813 876//4813 2991//4813
f 2991//4814 876//4814 2992//4814
f 876//4815 877//4815 2992//4815
f 2992//4816 877//4816 2993//4816
f 877//4817 878//4817 2993//4817
f 2993//4818 878//4818 2994//4818
f 878//4819 879//4819 2994//4819
f 2994//4820 879//4820 2995//4820
f 879//4821 866//4821 2995//4821
f 2995//4822 866//4822 2996//4822
f 866//4823 865//4823 2996//4823
f 2996//4824 865//4824 2997//4824
f 2997//4825 867//4825 2998//4825
f 865//4826 867//4826 2997//4826
f 2998//4827 868//4827 2999//4827
f 867//4828 868//4828 2998//4828
f 2999//4829 869//4829 3000//4829
f 868//4830 869//4830 2999//4830
f 3000//4831 870//4831 3001//4831
f 869//4832 870//4832 3000//4832
f 3001//4833 871//4833 3002//4833
f 870//4834 871//4834 3001//4834
f 3002//4835 872//4835 3003//4835
f 871//4836 872//4836 3002//4836
f 3003//4837 1507//4837 3004//4837
f 872//4838 1507//4838 3003//4838
f 3004//4839 1508//4839 3005//4839
f 1507//4840 1508//4840 3004//4840
f 1508//4841 1506//4841 3005//4841
f 3006//4842 835//4842 3007//4842
f 3006//4843 833//4843 835//4843
f 3008//4844 1503//4844 3006//4844
f 3006//4845 1503//4845 833//4845
f 3009//4846 1504//4846 3008//4846
f 3008//4847 1504//4847 1503//4847
f 3005//4848 1506//4848 3009//4848
f 3009//4849 1506//4849 1504//4849
f 3010//4850 3011//4850 831//4850
f 831//4851 3011//4851 832//4851
f 832//4852 3012//4852 834//4852
f 3011//4853 3012//4853 832//4853
f 834//4854 3007//4854 835//4854
f 3012//4855 3007//4855 834//4855
f 831//4856 3013//4856 3010//4856
f 830//4857 3013//4857 831//4857
f 1502//4858 3014//4858 3013//4858
f 1502//4859 3013//4859 830//4859
f 1501//4860 3015//4860 3014//4860
f 1501//4861 3014//4861 1502//4861
f 1510//4862 3016//4862 3015//4862
f 1510//4863 3015//4863 1501//4863
f 3016//4864 1510//4864 3017//4864
f 3017//4865 1509//4865 3018//4865
f 1510//4866 1509//4866 3017//4866
f 3018//4867 1511//4867 3019//4867
f 1509//4868 1511//4868 3018//4868
f 3019//4869 857//4869 3020//4869
f 1511//4870 857//4870 3019//4870
f 3020//4871 856//4871 3021//4871
f 857//4872 856//4872 3020//4872
f 3021//4873 858//4873 3022//4873
f 856//4874 858//4874 3021//4874
f 3022//4875 859//4875 3023//4875
f 858//4876 859//4876 3022//4876
f 3023//4877 860//4877 3024//4877
f 859//4878 860//4878 3023//4878
f 860//4879 861//4879 3024//4879
f 3024//4880 861//4880 3025//4880
f 861//4881 847//4881 3025//4881
f 3025//4882 847//4882 3026//4882
f 847//4883 846//4883 3026//4883
f 3026//4884 846//4884 3027//4884
f 846//4885 848//4885 3027//4885
f 3027//4886 848//4886 3028//4886
f 848//4887 849//4887 3028//4887
f 3028//4888 849//4888 3029//4888
f 849//4889 850//4889 3029//4889
f 3029//4890 850//4890 3030//4890
f 850//4891 851//4891 3030//4891
f 3030//4892 851//4892 3031//4892
f 851//4893 852//4893 3031//4893
f 3031//4894 852//4894 3032//4894
f 852//4895 837//4895 3032//4895
f 3032//4896 837//4896 3033//4896
f 837//4897 836//4897 3033//4897
f 3033//4898 836//4898 3034//4898
f 836//4899 838//4899 3034//4899
f 3034//4900 838//4900 3035//4900
f 838//4901 839//4901 3035//4901
f 3035//4902 839//4902 3036//4902
f 839//4903 840//4903 3036//4903
f 3036//4904 840//4904 3037//4904
f 840//4905 841//4905 3037//4905
f 3037//4906 841//4906 3038//4906
f 841//4907 842//4907 3038//4907
f 3038//4908 842//4908 3039//4908
f 3039//4909 843//4909 3040//4909
f 842//4910 843//4910 3039//4910
f 3040//4911 844//4911 3041//4911
f 843//4912 844//4912 3040//4912
f 3041//4913 845//4913 3042//4913
f 844//4914 845//4914 3041//4914
f 3042//4915 1495//4915 3043//4915
f 845//4916 1495//4916 3042//4916
f 1495//4917 1496//4917 3043//4917
f 3043//4918 1497//4918 3044//4918
f 3044//4919 1497//4919 3045//4919
f 1496//4920 1497//4920 3043//4920
f 3045//4921 1498//4921 3046//4921
f 1497//4922 1498//4922 3045//4922
f 3046//4923 1499//4923 3047//4923
f 1498//4924 1499//4924 3046//4924
f 1499//4925 1494//4925 3047//4925
f 3048//4926 818//4926 3049//4926
f 3048//4927 816//4927 818//4927
f 3050//4928 1491//4928 3048//4928
f 3048//4929 1491//4929 816//4929
f 3051//4930 1492//4930 3050//4930
f 3050//4931 1492//4931 1491//4931
f 3047//4932 1494//4932 3051//4932
f 3051//4933 1494//4933 1492//4933
f 798//4934 3052//4934 799//4934
f 799//4935 3053//4935 817//4935
f 3052//4936 3053//4936 799//4936
f 3053//4937 3054//4937 817//4937
f 817//4938 3049//4938 818//4938
f 3054//4939 3049//4939 817//4939
f 798//4940 3055//4940 3052//4940
f 797//4941 3055//4941 798//4941
f 1490//4942 3056//4942 3055//4942
f 1490//4943 3055//4943 797//4943
f 1488//4944 3057//4944 3056//4944
f 1488//4945 3056//4945 1490//4945
f 1482//4946 3058//4946 3057//4946
f 1482//4947 3057//4947 1488//4947
f 3058//4948 1482//4948 3059//4948
f 3059//4949 1481//4949 3060//4949
f 1482//4950 1481//4950 3059//4950
f 3060//4951 1483//4951 3061//4951
f 1481//4952 1483//4952 3060//4952
f 3061//4953 1484//4953 3062//4953
f 1483//4954 1484//4954 3061//4954
f 3062//4955 1485//4955 3063//4955
f 1484//4956 1485//4956 3062//4956
f 3063//4957 1486//4957 3064//4957
f 1485//4958 1486//4958 3063//4958
f 3064//4959 1487//4959 3065//4959
f 1486//4960 1487//4960 3064//4960
f 3065//4961 825//4961 3066//4961
f 1487//4962 825//4962 3065//4962
f 825//4963 824//4963 3066//4963
f 3066//4964 824//4964 3067//4964
f 824//4965 826//4965 3067//4965
f 3067//4966 826//4966 3068//4966
f 826//4967 827//4967 3068//4967
f 3068//4968 827//4968 3069//4968
f 827//4969 828//4969 3069//4969
f 3069//4970 828//4970 3070//4970
f 828//4971 829//4971 3070//4971
f 3070//4972 829//4972 3071//4972
f 829//4973 820//4973 3071//4973
f 3071//4974 820//4974 3072//4974
f 820//4975 819//4975 3072//4975
f 3072//4976 819//4976 3073//4976
f 819//4977 821//4977 3073//4977
f 3073//4978 821//4978 3074//4978
f 821//4979 822//4979 3074//4979
f 3074//4980 822//4980 3075//4980
f 822//4981 823//4981 3075//4981
f 3075//4982 823//4982 3076//4982
f 823//4983 815//4983 3076//4983
f 3076//4984 815//4984 3077//4984
f 815//4985 814//4985 3077//4985
f 3077//4986 814//4986 3078//4986
f 814//4987 813//4987 3078//4987
f 3078//4988 813//4988 3079//4988
f 813//4989 805//4989 3079//4989
f 3079//4990 805//4990 3080//4990
f 805//4991 804//4991 3080//4991
f 3080//4992 804//4992 3081//4992
f 3081//4993 806//4993 3082//4993
f 804//4994 806//4994 3081//4994
f 3082//4995 807//4995 3083//4995
f 806//4996 807//4996 3082//4996
f 3083//4997 808//4997 3084//4997
f 807//4998 808//4998 3083//4998
f 3084//4999 809//4999 3085//4999
f 808//5000 809//5000 3084//5000
f 3085//5001 810//5001 3086//5001
f 809//5002 810//5002 3085//5002
f 3086//5003 811//5003 3087//5003
f 810//5004 811//5004 3086//5004
f 3087//5005 812//5005 3088//5005
f 811//5006 812//5006 3087//5006
f 3088//5007 802//5007 2043//5007
f 812//5008 802//5008 3088//5008
f 802//5009 801//5009 2043//5009
f 3089//5010 2006//5010 2008//5010
f 3089//5011 3090//5011 2006//5011
f 3091//5012 2008//5012 2011//5012
f 3091//5013 3089//5013 2008//5013
f 3092//5014 2011//5014 2012//5014
f 3092//5015 3091//5015 2011//5015
f 3093//5016 2012//5016 2015//5016
f 3093//5017 3092//5017 2012//5017
f 3094//5018 2015//5018 2016//5018
f 3094//5019 3093//5019 2015//5019
f 3095//5020 2016//5020 2018//5020
f 3095//5021 3094//5021 2016//5021
f 3096//5022 2018//5022 2019//5022
f 3096//5023 3095//5023 2018//5023
f 3097//5024 2019//5024 2021//5024
f 3097//5025 3096//5025 2019//5025
f 3098//5026 2021//5026 2023//5026
f 3098//5027 3097//5027 2021//5027
f 3099//5028 2023//5028 2026//5028
f 3099//5029 3098//5029 2023//5029
f 3100//5030 2026//5030 2028//5030
f 3100//5031 3099//5031 2026//5031
f 3101//5032 2028//5032 2030//5032
f 3101//5033 3100//5033 2028//5033
f 3102//5034 2030//5034 2032//5034
f 3102//5035 3101//5035 2030//5035
f 3103//5036 2032//5036 2034//5036
f 3103//5037 3102//5037 2032//5037
f 3104//5038 2034//5038 2033//5038
f 3104//5039 3103//5039 2034//5039
f 3105//5040 2033//5040 2031//5040
f 3105//5041 3104//5041 2033//5041
f 3106//5042 2031//5042 2029//5042
f 3106//5043 2029//5043 2027//5043
f 3106//5044 3105//5044 2031//5044
f 3107//5045 3106//5045 2027//5045
f 3108//5046 3107//5046 2027//5046
f 3108//5047 2027//5047 2025//5047
f 3108//5048 2025//5048 2024//5048
f 3109//5049 3108//5049 2024//5049
f 3110//5050 3109//5050 2024//5050
f 3110//5051 2024//5051 2022//5051
f 3111//5052 3110//5052 2022//5052
f 3111//5053 2022//5053 2020//5053
f 3112//5054 2020//5054 2017//5054
f 3112//5055 3111//5055 2020//5055
f 3113//5056 2017//5056 2014//5056
f 3113//5057 3112//5057 2017//5057
f 3114//5058 2014//5058 2013//5058
f 3114//5059 3113//5059 2014//5059
f 3115//5060 2013//5060 2010//5060
f 3115//5061 3114//5061 2013//5061
f 3116//5062 2010//5062 2009//5062
f 3116//5063 3115//5063 2010//5063
f 3117//5064 2009//5064 2007//5064
f 3117//5065 3116//5065 2009//5065
f 3118//5066 2007//5066 2004//5066
f 3118//5067 3117//5067 2007//5067
f 3119//5068 2004//5068 2003//5068
f 3119//5069 3118//5069 2004//5069
f 3120//5070 2003//5070 2002//5070
f 3120//5071 3119//5071 2003//5071
f 3121//5072 2002//5072 1999//5072
f 3121//5073 3120//5073 2002//5073
f 3122//5074 1999//5074 1996//5074
f 3122//5075 3121//5075 1999//5075
f 3123//5076 1996//5076 1995//5076
f 3123//5077 3122//5077 1996//5077
f 3124//5078 1995//5078 1994//5078
f 3124//5079 3123//5079 1995//5079
f 3125//5080 1994//5080 1991//5080
f 3125//5081 3124//5081 1994//5081
f 3126//5082 1991//5082 1989//5082
f 3126//5083 1989//5083 1987//5083
f 3126//5084 3125//5084 1991//5084
f 3127//5085 3126//5085 1987//5085
f 3128//5086 1987//5086 1984//5086
f 3128//5087 3127//5087 1987//5087
f 3129//5088 1984//5088 1982//5088
f 3129//5089 3128//5089 1984//5089
f 3130//5090 1982//5090 1981//5090
f 3130//5091 3129//5091 1982//5091
f 3131//5092 1981//5092 1979//5092
f 3131//5093 3130//5093 1981//5093
f 3132//5094 1979//5094 1977//5094
f 3132//5095 3131//5095 1979//5095
f 3133//5096 3132//5096 1977//5096
f 3133//5097 1977//5097 1975//5097
f 3134//5098 3133//5098 1975//5098
f 3134//5099 1975//5099 1973//5099
f 3135//5100 3134//5100 1973//5100
f 3135//5101 1973//5101 1971//5101
f 3136//5102 3135//5102 1971//5102
f 3136//5103 1971//5103 1969//5103
f 3137//5104 3136//5104 1969//5104
f 3137//5105 1969//5105 1967//5105
f 3138//5106 3137//5106 1967//5106
f 3138//5107 1967//5107 1965//5107
f 3139//5108 3138//5108 1965//5108
f 3139//5109 1965//5109 1963//5109
f 3140//5110 3139//5110 1963//5110
f 3140//5111 1963//5111 1961//5111
f 3141//5112 3140//5112 1961//5112
f 3141//5113 1961//5113 1959//5113
f 3142//5114 3141//5114 1959//5114
f 3142//5115 1959//5115 1957//5115
f 3143//5116 3142//5116 1957//5116
f 3143//5117 1957//5117 1955//5117
f 3144//5118 3143//5118 1955//5118
f 3144//5119 1955//5119 1953//5119
f 3145//5120 3144//5120 1953//5120
f 3145//5121 1953//5121 1951//5121
f 3146//5122 3145//5122 1951//5122
f 3146//5123 1951//5123 1949//5123
f 3147//5124 1949//5124 1947//5124
f 3147//5125 3146//5125 1949//5125
f 3148//5126 1947//5126 1945//5126
f 3148//5127 3147//5127 1947//5127
f 3149//5128 1945//5128 1943//5128
f 3149//5129 3148//5129 1945//5129
f 3150//5130 1943//5130 1941//5130
f 3150//5131 3149//5131 1943//5131
f 3151//5132 1941//5132 1939//5132
f 3151//5133 3150//5133 1941//5133
f 3152//5134 1939//5134 1937//5134
f 3152//5135 3151//5135 1939//5135
f 3153//5136 1937//5136 1935//5136
f 3153//5137 3152//5137 1937//5137
f 3154//5138 1935//5138 1933//5138
f 3154//5139 3153//5139 1935//5139
f 3155//5140 1933//5140 1931//5140
f 3155//5141 3154//5141 1933//5141
f 3156//5142 1931//5142 1929//5142
f 3156//5143 3155//5143 1931//5143
f 3157//5144 3156//5144 1929//5144
f 3157//5145 1929//5145 1927//5145
f 3158//5146 3157//5146 1927//5146
f 3158//5147 1927//5147 1925//5147
f 3158//5148 1925//5148 1922//5148
f 3159//5149 3158//5149 1922//5149
f 3160//5150 3159//5150 1922//5150
f 3160//5151 1922//5151 1923//5151
f 3161//5152 3160//5152 1923//5152
f 3161//5153 1923//5153 1924//5153
f 3162//5154 3161//5154 1924//5154
f 3162//5155 1924//5155 1926//5155
f 3163//5156 3162//5156 1926//5156
f 3163//5157 1926//5157 1928//5157
f 3164//5158 3163//5158 1928//5158
f 3164//5159 1928//5159 1930//5159
f 3165//5160 3164//5160 1930//5160
f 3165//5161 1930//5161 1932//5161
f 3165//5162 1932//5162 1934//5162
f 3166//5163 3165//5163 1934//5163
f 3167//5164 3166//5164 1934//5164
f 3167//5165 1934//5165 1936//5165
f 3168//5166 3167//5166 1936//5166
f 3168//5167 1936//5167 1938//5167
f 3168//5168 1938//5168 1940//5168
f 3169//5169 3168//5169 1940//5169
f 3170//5170 3169//5170 1940//5170
f 3170//5171 1940//5171 1942//5171
f 3170//5172 1942//5172 1944//5172
f 3171//5173 3170//5173 1944//5173
f 3172//5174 3171//5174 1944//5174
f 3172//5175 1944//5175 1946//5175
f 3173//5176 3172//5176 1946//5176
f 3173//5177 1946//5177 1948//5177
f 3173//5178 1948//5178 1950//5178
f 3174//5179 3173//5179 1950//5179
f 3174//5180 1950//5180 1952//5180
f 3175//5181 3174//5181 1952//5181
f 3176//5182 3175//5182 1952//5182
f 3176//5183 1952//5183 1954//5183
f 3177//5184 3176//5184 1954//5184
f 3177//5185 1954//5185 1956//5185
f 3177//5186 1956//5186 1958//5186
f 3178//5187 3177//5187 1958//5187
f 3179//5188 1958//5188 1960//5188
f 3179//5189 3178//5189 1958//5189
f 3179//5190 1960//5190 1962//5190
f 3180//5191 3179//5191 1962//5191
f 3181//5192 3180//5192 1962//5192
f 3181//5193 1962//5193 1964//5193
f 3182//5194 1964//5194 1966//5194
f 3182//5195 3181//5195 1964//5195
f 3183//5196 3182//5196 1966//5196
f 3183//5197 1966//5197 1968//5197
f 3184//5198 3183//5198 1968//5198
f 3184//5199 1968//5199 1970//5199
f 3185//5200 3184//5200 1970//5200
f 3185//5201 1970//5201 1972//5201
f 3186//5202 3185//5202 1972//5202
f 3186//5203 1972//5203 1974//5203
f 3187//5204 3186//5204 1974//5204
f 3187//5205 1974//5205 1976//5205
f 3187//5206 1976//5206 1978//5206
f 3188//5207 3187//5207 1978//5207
f 3189//5208 3188//5208 1978//5208
f 3189//5209 1978//5209 1980//5209
f 3190//5210 1980//5210 1983//5210
f 3190//5211 3189//5211 1980//5211
f 3191//5212 1983//5212 1985//5212
f 3191//5213 1985//5213 1986//5213
f 3191//5214 3190//5214 1983//5214
f 3192//5215 3191//5215 1986//5215
f 3193//5216 1986//5216 1988//5216
f 3193//5217 3192//5217 1986//5217
f 3194//5218 1988//5218 1990//5218
f 3194//5219 3193//5219 1988//5219
f 3195//5220 1990//5220 1992//5220
f 3195//5221 3194//5221 1990//5221
f 3196//5222 1992//5222 1993//5222
f 3196//5223 3195//5223 1992//5223
f 3197//5224 1993//5224 1997//5224
f 3197//5225 3196//5225 1993//5225
f 3198//5226 1997//5226 1998//5226
f 3198//5227 3197//5227 1997//5227
f 3199//5228 1998//5228 2000//5228
f 3199//5229 3198//5229 1998//5229
f 3200//5230 2000//5230 2001//5230
f 3200//5231 2001//5231 2005//5231
f 3200//5232 3199//5232 2000//5232
f 3201//5233 3200//5233 2005//5233
f 3090//5234 2005//5234 2006//5234
f 3090//5235 3201//5235 2005//5235
f 3082//5236 3090//5236 3089//5236
f 3081//5237 3082//5237 3089//5237
f 3083//5238 3090//5238 3082//5238
f 3080//5239 3081//5239 3089//5239
f 3084//5240 3090//5240 3083//5240
f 3079//5241 3080//5241 3089//5241
f 3078//5242 3079//5242 3089//5242
f 3085//5243 3090//5243 3084//5243
f 3077//5244 3078//5244 3089//5244
f 3086//5245 3090//5245 3085//5245
f 3076//5246 3077//5246 3089//5246
f 3087//5247 3090//5247 3086//5247
f 3075//5248 3076//5248 3089//5248
f 3088//5249 3090//5249 3087//5249
f 2043//5250 3090//5250 3088//5250
f 3074//5251 3075//5251 3089//5251
f 3073//5252 3074//5252 3089//5252
f 3072//5253 3073//5253 3089//5253
f 3071//5254 3072//5254 3089//5254
f 3070//5255 3071//5255 3089//5255
f 2042//5256 3090//5256 2043//5256
f 3091//5257 3070//5257 3089//5257
f 3091//5258 3062//5258 3063//5258
f 3091//5259 3063//5259 3064//5259
f 3091//5260 3064//5260 3065//5260
f 3091//5261 3065//5261 3066//5261
f 3091//5262 3066//5262 3067//5262
f 3091//5263 3067//5263 3068//5263
f 3091//5264 3068//5264 3069//5264
f 3091//5265 3069//5265 3070//5265
f 3061//5266 3062//5266 3091//5266
f 3060//5267 3061//5267 3091//5267
f 3202//5268 3090//5268 2042//5268
f 2041//5269 3202//5269 2042//5269
f 3059//5270 3060//5270 3091//5270
f 3058//5271 3059//5271 3091//5271
f 2040//5272 3202//5272 2041//5272
f 2039//5273 3202//5273 2040//5273
f 3092//5274 3058//5274 3091//5274
f 3057//5275 3058//5275 3092//5275
f 3039//5276 3040//5276 3094//5276
f 3041//5277 3094//5277 3040//5277
f 3038//5278 3039//5278 3094//5278
f 3042//5279 3094//5279 3041//5279
f 3037//5280 3038//5280 3094//5280
f 3036//5281 3037//5281 3094//5281
f 3043//5282 3094//5282 3042//5282
f 3035//5283 3036//5283 3094//5283
f 3044//5284 3094//5284 3043//5284
f 3034//5285 3035//5285 3094//5285
f 3045//5286 3094//5286 3044//5286
f 3033//5287 3034//5287 3094//5287
f 3046//5288 3094//5288 3045//5288
f 3047//5289 3093//5289 3094//5289
f 3047//5290 3094//5290 3046//5290
f 3095//5291 3033//5291 3094//5291
f 3095//5292 3031//5292 3032//5292
f 3095//5293 3032//5293 3033//5293
f 3030//5294 3031//5294 3095//5294
f 3029//5295 3030//5295 3095//5295
f 3028//5296 3029//5296 3095//5296
f 3027//5297 3028//5297 3095//5297
f 3026//5298 3027//5298 3095//5298
f 3025//5299 3026//5299 3095//5299
f 3024//5300 3025//5300 3095//5300
f 3023//5301 3024//5301 3095//5301
f 3022//5302 3023//5302 3095//5302
f 3021//5303 3022//5303 3095//5303
f 3051//5304 3093//5304 3047//5304
f 3020//5305 3021//5305 3095//5305
f 3019//5306 3020//5306 3095//5306
f 3096//5307 3019//5307 3095//5307
f 3096//5308 3016//5308 3017//5308
f 3096//5309 3017//5309 3018//5309
f 3096//5310 3018//5310 3019//5310
f 3053//5311 3052//5311 3055//5311
f 3015//5312 3016//5312 3096//5312
f 3054//5313 3053//5313 3055//5313
f 3054//5314 3055//5314 3048//5314
f 3049//5315 3054//5315 3048//5315
f 2997//5316 2998//5316 3099//5316
f 2999//5317 3098//5317 3099//5317
f 2999//5318 3099//5318 2998//5318
f 2996//5319 2997//5319 3099//5319
f 3000//5320 3098//5320 2999//5320
f 2995//5321 2996//5321 3099//5321
f 2994//5322 2995//5322 3099//5322
f 3001//5323 3098//5323 3000//5323
f 2993//5324 2994//5324 3099//5324
f 3002//5325 3098//5325 3001//5325
f 2992//5326 2993//5326 3099//5326
f 3003//5327 3098//5327 3002//5327
f 2991//5328 2992//5328 3099//5328
f 3004//5329 3098//5329 3003//5329
f 3005//5330 3098//5330 3004//5330
f 2990//5331 2991//5331 3099//5331
f 2989//5332 2990//5332 3099//5332
f 2988//5333 2989//5333 3099//5333
f 2987//5334 2988//5334 3099//5334
f 3100//5335 2979//5335 2980//5335
f 3100//5336 2980//5336 2981//5336
f 3100//5337 2981//5337 2982//5337
f 3100//5338 2982//5338 2983//5338
f 3100//5339 2983//5339 2984//5339
f 3100//5340 2984//5340 2985//5340
f 3100//5341 2985//5341 2986//5341
f 3100//5342 2986//5342 2987//5342
f 3100//5343 2987//5343 3099//5343
f 3009//5344 3097//5344 3098//5344
f 3009//5345 3098//5345 3005//5345
f 2978//5346 2979//5346 3100//5346
f 2977//5347 2978//5347 3100//5347
f 2976//5348 2977//5348 3100//5348
f 2975//5349 2976//5349 3100//5349
f 2974//5350 2975//5350 3100//5350
f 3011//5351 3010//5351 3013//5351
f 3101//5352 2974//5352 3100//5352
f 2973//5353 2974//5353 3101//5353
f 3012//5354 3011//5354 3013//5354
f 3012//5355 3013//5355 3006//5355
f 3007//5356 3012//5356 3006//5356
f 2955//5357 2956//5357 3103//5357
f 2957//5358 3103//5358 2956//5358
f 2954//5359 2955//5359 3103//5359
f 2958//5360 3103//5360 2957//5360
f 2953//5361 2954//5361 3103//5361
f 2952//5362 2953//5362 3103//5362
f 2959//5363 3103//5363 2958//5363
f 2951//5364 2952//5364 3103//5364
f 2960//5365 3103//5365 2959//5365
f 2950//5366 2951//5366 3103//5366
f 2961//5367 3103//5367 2960//5367
f 2949//5368 2950//5368 3103//5368
f 2962//5369 3103//5369 2961//5369
f 2963//5370 3102//5370 3103//5370
f 2963//5371 3103//5371 2962//5371
f 3104//5372 2948//5372 2949//5372
f 3104//5373 2949//5373 3103//5373
f 2947//5374 2948//5374 3104//5374
f 2946//5375 2947//5375 3104//5375
f 2945//5376 2946//5376 3104//5376
f 2944//5377 2945//5377 3104//5377
f 2943//5378 2944//5378 3104//5378
f 2942//5379 2943//5379 3104//5379
f 2941//5380 2942//5380 3104//5380
f 2940//5381 2941//5381 3104//5381
f 2939//5382 2940//5382 3104//5382
f 2938//5383 2939//5383 3104//5383
f 2937//5384 2938//5384 3104//5384
f 2967//5385 3102//5385 2963//5385
f 2936//5386 2937//5386 3104//5386
f 3105//5387 2933//5387 2934//5387
f 3105//5388 2934//5388 2935//5388
f 3105//5389 2935//5389 2936//5389
f 3105//5390 2936//5390 3104//5390
f 3105//5391 2932//5391 2933//5391
f 2969//5392 2968//5392 2971//5392
f 2931//5393 2932//5393 3105//5393
f 2970//5394 2969//5394 2971//5394
f 2970//5395 2971//5395 2964//5395
f 3106//5396 2931//5396 3105//5396
f 2965//5397 2970//5397 2964//5397
f 2913//5398 2914//5398 3108//5398
f 2915//5399 3108//5399 2914//5399
f 2912//5400 2913//5400 3108//5400
f 2916//5401 3107//5401 3108//5401
f 2916//5402 3108//5402 2915//5402
f 2911//5403 2912//5403 3108//5403
f 2910//5404 2911//5404 3108//5404
f 2917//5405 3107//5405 2916//5405
f 2909//5406 2910//5406 3108//5406
f 2918//5407 3107//5407 2917//5407
f 2908//5408 2909//5408 3108//5408
f 2919//5409 3107//5409 2918//5409
f 2907//5410 2908//5410 3108//5410
f 2920//5411 3107//5411 2919//5411
f 2921//5412 3107//5412 2920//5412
f 2906//5413 2907//5413 3108//5413
f 2905//5414 2906//5414 3108//5414
f 2904//5415 2905//5415 3108//5415
f 2903//5416 2904//5416 3108//5416
f 3109//5417 2903//5417 3108//5417
f 3109//5418 2896//5418 2897//5418
f 3109//5419 2897//5419 2898//5419
f 3109//5420 2898//5420 2899//5420
f 3109//5421 2899//5421 2900//5421
f 3109//5422 2900//5422 2901//5422
f 3109//5423 2901//5423 2902//5423
f 3109//5424 2902//5424 2903//5424
f 2895//5425 2896//5425 3109//5425
f 2925//5426 3106//5426 3107//5426
f 2925//5427 3107//5427 2921//5427
f 2894//5428 2895//5428 3109//5428
f 2893//5429 2894//5429 3109//5429
f 2892//5430 2893//5430 3109//5430
f 2891//5431 2892//5431 3109//5431
f 2890//5432 2891//5432 3109//5432
f 2927//5433 2926//5433 2929//5433
f 3110//5434 2890//5434 3109//5434
f 2889//5435 2890//5435 3110//5435
f 2928//5436 2927//5436 2929//5436
f 2928//5437 2929//5437 2922//5437
f 2923//5438 2928//5438 2922//5438
f 2871//5439 2872//5439 3112//5439
f 2873//5440 3112//5440 2872//5440
f 2870//5441 2871//5441 3112//5441
f 2874//5442 3112//5442 2873//5442
f 2869//5443 2870//5443 3112//5443
f 2868//5444 2869//5444 3112//5444
f 2875//5445 3112//5445 2874//5445
f 2867//5446 2868//5446 3112//5446
f 2876//5447 3112//5447 2875//5447
f 2866//5448 2867//5448 3112//5448
f 2877//5449 3112//5449 2876//5449
f 2878//5450 3112//5450 2877//5450
f 3113//5451 2865//5451 2866//5451
f 3113//5452 2866//5452 3112//5452
f 2879//5453 3111//5453 3112//5453
f 2879//5454 3112//5454 2878//5454
f 2864//5455 2865//5455 3113//5455
f 2863//5456 2864//5456 3113//5456
f 2862//5457 2863//5457 3113//5457
f 2861//5458 2862//5458 3113//5458
f 2860//5459 2861//5459 3113//5459
f 2859//5460 2860//5460 3113//5460
f 2858//5461 2859//5461 3113//5461
f 2857//5462 2858//5462 3113//5462
f 2856//5463 2857//5463 3113//5463
f 2855//5464 2856//5464 3113//5464
f 2854//5465 2855//5465 3113//5465
f 2853//5466 2854//5466 3113//5466
f 2883//5467 3111//5467 2879//5467
f 2852//5468 2853//5468 3113//5468
f 3114//5469 2848//5469 2849//5469
f 3114//5470 2849//5470 2850//5470
f 3114//5471 2850//5471 2851//5471
f 3114//5472 2851//5472 2852//5472
f 3114//5473 2852//5473 3113//5473
f 2885//5474 2884//5474 2887//5474
f 2847//5475 2848//5475 3114//5475
f 2886//5476 2887//5476 2880//5476
f 2886//5477 2885//5477 2887//5477
f 2881//5478 2886//5478 2880//5478
f 2829//5479 2830//5479 3117//5479
f 2831//5480 3117//5480 2830//5480
f 2828//5481 2829//5481 3117//5481
f 2832//5482 3117//5482 2831//5482
f 2832//5483 3116//5483 3117//5483
f 2827//5484 2828//5484 3117//5484
f 2826//5485 2827//5485 3117//5485
f 2833//5486 3116//5486 2832//5486
f 2825//5487 2826//5487 3117//5487
f 2834//5488 3116//5488 2833//5488
f 2824//5489 2825//5489 3117//5489
f 2835//5490 3116//5490 2834//5490
f 2823//5491 2824//5491 3117//5491
f 2836//5492 3116//5492 2835//5492
f 2837//5493 3116//5493 2836//5493
f 2822//5494 2823//5494 3117//5494
f 2821//5495 2822//5495 3117//5495
f 2820//5496 2821//5496 3117//5496
f 2819//5497 2820//5497 3117//5497
f 3118//5498 2819//5498 3117//5498
f 3118//5499 2813//5499 2814//5499
f 3118//5500 2814//5500 2815//5500
f 3118//5501 2815//5501 2816//5501
f 3118//5502 2816//5502 2817//5502
f 3118//5503 2817//5503 2818//5503
f 3118//5504 2818//5504 2819//5504
f 2812//5505 2813//5505 3118//5505
f 2811//5506 2812//5506 3118//5506
f 2841//5507 3115//5507 3116//5507
f 2841//5508 3116//5508 2837//5508
f 2810//5509 2811//5509 3118//5509
f 2809//5510 2810//5510 3118//5510
f 2808//5511 2809//5511 3118//5511
f 2807//5512 2808//5512 3118//5512
f 2806//5513 2807//5513 3118//5513
f 3119//5514 2806//5514 3118//5514
f 2843//5515 2842//5515 2845//5515
f 2805//5516 2806//5516 3119//5516
f 2844//5517 2843//5517 2845//5517
f 2844//5518 2845//5518 2838//5518
f 2839//5519 2844//5519 2838//5519
f 2787//5520 2788//5520 3121//5520
f 2789//5521 3121//5521 2788//5521
f 2786//5522 2787//5522 3121//5522
f 2790//5523 3121//5523 2789//5523
f 2785//5524 2786//5524 3121//5524
f 2784//5525 2785//5525 3121//5525
f 2791//5526 3121//5526 2790//5526
f 2783//5527 2784//5527 3121//5527
f 2792//5528 3121//5528 2791//5528
f 2782//5529 2783//5529 3121//5529
f 2782//5530 3121//5530 3122//5530
f 2793//5531 3121//5531 2792//5531
f 2781//5532 2782//5532 3122//5532
f 2794//5533 3121//5533 2793//5533
f 2795//5534 3120//5534 3121//5534
f 2795//5535 3121//5535 2794//5535
f 2780//5536 2781//5536 3122//5536
f 2779//5537 2780//5537 3122//5537
f 2778//5538 2779//5538 3122//5538
f 2777//5539 2778//5539 3122//5539
f 2776//5540 2777//5540 3122//5540
f 2775//5541 2776//5541 3122//5541
f 2774//5542 2775//5542 3122//5542
f 2773//5543 2774//5543 3122//5543
f 2772//5544 2773//5544 3122//5544
f 2771//5545 2772//5545 3122//5545
f 2770//5546 2771//5546 3122//5546
f 2769//5547 2770//5547 3122//5547
f 2799//5548 3120//5548 2795//5548
f 3123//5549 2764//5549 2765//5549
f 3123//5550 2765//5550 2766//5550
f 3123//5551 2766//5551 2767//5551
f 3123//5552 2767//5552 2768//5552
f 3123//5553 2768//5553 2769//5553
f 3123//5554 2769//5554 3122//5554
f 2801//5555 2800//5555 2803//5555
f 2796//5556 2801//5556 2803//5556
f 2763//5557 3123//5557 3124//5557
f 2763//5558 2764//5558 3123//5558
f 2802//5559 2801//5559 2796//5559
f 2797//5560 2802//5560 2796//5560
f 2745//5561 2746//5561 3126//5561
f 2747//5562 3126//5562 2746//5562
f 2744//5563 2745//5563 3126//5563
f 2748//5564 3126//5564 2747//5564
f 2743//5565 2744//5565 3126//5565
f 2742//5566 2743//5566 3126//5566
f 2749//5567 3126//5567 2748//5567
f 2749//5568 3125//5568 3126//5568
f 2741//5569 2742//5569 3126//5569
f 2750//5570 3125//5570 2749//5570
f 2740//5571 2741//5571 3126//5571
f 2751//5572 3125//5572 2750//5572
f 2739//5573 2740//5573 3126//5573
f 2752//5574 3125//5574 2751//5574
f 2753//5575 3125//5575 2752//5575
f 2738//5576 2739//5576 3126//5576
f 2737//5577 2738//5577 3126//5577
f 2736//5578 2737//5578 3126//5578
f 3127//5579 2731//5579 2732//5579
f 3127//5580 2732//5580 2733//5580
f 3127//5581 2733//5581 2734//5581
f 3127//5582 2734//5582 2735//5582
f 3127//5583 2735//5583 2736//5583
f 3127//5584 2736//5584 3126//5584
f 3127//5585 2730//5585 2731//5585
f 2729//5586 2730//5586 3127//5586
f 2728//5587 2729//5587 3127//5587
f 2727//5588 2728//5588 3127//5588
f 2757//5589 3125//5589 2753//5589
f 2726//5590 2727//5590 3127//5590
f 2725//5591 2726//5591 3127//5591
f 2724//5592 2725//5592 3127//5592
f 2723//5593 2724//5593 3127//5593
f 2722//5594 2723//5594 3127//5594
f 3128//5595 2722//5595 3127//5595
f 2759//5596 2758//5596 2761//5596
f 2721//5597 2722//5597 3128//5597
f 2760//5598 2761//5598 2754//5598
f 2760//5599 2759//5599 2761//5599
f 2755//5600 2760//5600 2754//5600
f 2703//5601 2704//5601 3130//5601
f 2705//5602 3130//5602 2704//5602
f 2702//5603 2703//5603 3130//5603
f 2706//5604 3130//5604 2705//5604
f 2701//5605 2702//5605 3130//5605
f 2700//5606 2701//5606 3130//5606
f 2707//5607 3130//5607 2706//5607
f 2699//5608 2700//5608 3130//5608
f 2699//5609 3130//5609 3131//5609
f 2708//5610 3130//5610 2707//5610
f 2698//5611 2699//5611 3131//5611
f 2709//5612 3130//5612 2708//5612
f 2697//5613 2698//5613 3131//5613
f 2710//5614 3130//5614 2709//5614
f 2711//5615 3130//5615 2710//5615
f 2711//5616 3129//5616 3130//5616
f 2696//5617 2697//5617 3131//5617
f 2695//5618 2696//5618 3131//5618
f 2694//5619 2695//5619 3131//5619
f 2693//5620 2694//5620 3131//5620
f 2692//5621 2693//5621 3131//5621
f 2691//5622 2692//5622 3131//5622
f 2690//5623 2691//5623 3131//5623
f 2689//5624 2690//5624 3131//5624
f 2688//5625 2689//5625 3131//5625
f 2687//5626 2688//5626 3131//5626
f 2686//5627 2687//5627 3131//5627
f 2715//5628 3129//5628 2711//5628
f 3132//5629 2686//5629 3131//5629
f 3132//5630 2680//5630 2681//5630
f 3132//5631 2681//5631 2682//5631
f 3132//5632 2682//5632 2683//5632
f 3132//5633 2683//5633 2684//5633
f 3132//5634 2684//5634 2685//5634
f 3132//5635 2685//5635 2686//5635
f 2717//5636 2716//5636 2719//5636
f 2679//5637 3132//5637 3133//5637
f 2679//5638 2680//5638 3132//5638
f 2718//5639 2717//5639 2719//5639
f 2718//5640 2719//5640 2712//5640
f 2713//5641 2718//5641 2712//5641
f 2661//5642 2662//5642 3135//5642
f 2663//5643 3135//5643 2662//5643
f 2660//5644 2661//5644 3135//5644
f 2664//5645 3135//5645 2663//5645
f 2659//5646 2660//5646 3135//5646
f 2658//5647 2659//5647 3135//5647
f 2665//5648 3134//5648 3135//5648
f 2665//5649 3135//5649 2664//5649
f 2657//5650 2658//5650 3135//5650
f 2666//5651 3134//5651 2665//5651
f 2656//5652 2657//5652 3135//5652
f 2667//5653 3134//5653 2666//5653
f 2655//5654 2656//5654 3135//5654
f 2668//5655 3134//5655 2667//5655
f 2669//5656 3134//5656 2668//5656
f 2654//5657 2655//5657 3135//5657
f 2653//5658 2654//5658 3135//5658
f 2652//5659 2653//5659 3135//5659
f 3136//5660 2647//5660 2648//5660
f 3136//5661 2652//5661 3135//5661
f 3136//5662 2648//5662 2649//5662
f 3136//5663 2649//5663 2650//5663
f 3136//5664 2650//5664 2651//5664
f 3136//5665 2651//5665 2652//5665
f 2646//5666 2647//5666 3136//5666
f 2645//5667 2646//5667 3136//5667
f 2644//5668 2645//5668 3136//5668
f 2643//5669 2644//5669 3136//5669
f 2673//5670 3134//5670 2669//5670
f 2673//5671 3133//5671 3134//5671
f 2642//5672 2643//5672 3136//5672
f 2641//5673 2642//5673 3136//5673
f 2640//5674 2641//5674 3136//5674
f 2639//5675 2640//5675 3136//5675
f 2638//5676 2639//5676 3136//5676
f 3137//5677 2638//5677 3136//5677
f 2675//5678 2674//5678 2677//5678
f 2637//5679 2638//5679 3137//5679
f 2676//5680 2675//5680 2677//5680
f 2676//5681 2677//5681 2670//5681
f 2671//5682 2676//5682 2670//5682
f 2619//5683 2620//5683 3139//5683
f 2621//5684 3139//5684 2620//5684
f 2618//5685 2619//5685 3139//5685
f 2622//5686 3139//5686 2621//5686
f 2617//5687 2618//5687 3139//5687
f 2616//5688 2617//5688 3139//5688
f 2623//5689 3139//5689 2622//5689
f 2615//5690 3139//5690 3140//5690
f 2615//5691 2616//5691 3139//5691
f 2624//5692 3139//5692 2623//5692
f 2614//5693 2615//5693 3140//5693
f 2625//5694 3139//5694 2624//5694
f 2613//5695 2614//5695 3140//5695
f 2626//5696 3139//5696 2625//5696
f 2627//5697 3139//5697 2626//5697
f 2627//5698 3138//5698 3139//5698
f 2612//5699 2613//5699 3140//5699
f 2611//5700 2612//5700 3140//5700
f 2610//5701 2611//5701 3140//5701
f 2609//5702 2610//5702 3140//5702
f 2608//5703 2609//5703 3140//5703
f 2607//5704 2608//5704 3140//5704
f 2606//5705 2607//5705 3140//5705
f 2605//5706 2606//5706 3140//5706
f 2604//5707 2605//5707 3140//5707
f 2603//5708 2604//5708 3140//5708
f 2631//5709 3138//5709 2627//5709
f 3141//5710 2603//5710 3140//5710
f 3141//5711 2596//5711 2597//5711
f 3141//5712 2597//5712 2598//5712
f 3141//5713 2598//5713 2599//5713
f 3141//5714 2599//5714 2600//5714
f 3141//5715 2600//5715 2601//5715
f 3141//5716 2601//5716 2602//5716
f 3141//5717 2602//5717 2603//5717
f 2633//5718 2632//5718 2635//5718
f 2595//5719 2596//5719 3141//5719
f 2595//5720 3141//5720 3142//5720
f 2634//5721 2635//5721 2628//5721
f 2634//5722 2633//5722 2635//5722
f 2629//5723 2634//5723 2628//5723
f 2577//5724 2578//5724 3144//5724
f 2579//5725 3144//5725 2578//5725
f 2576//5726 2577//5726 3144//5726
f 2580//5727 3144//5727 2579//5727
f 2575//5728 2576//5728 3144//5728
f 2574//5729 2575//5729 3144//5729
f 2581//5730 3144//5730 2580//5730
f 2573//5731 2574//5731 3144//5731
f 2582//5732 3143//5732 3144//5732
f 2582//5733 3144//5733 2581//5733
f 2572//5734 2573//5734 3144//5734
f 2583//5735 3143//5735 2582//5735
f 2571//5736 2572//5736 3144//5736
f 2584//5737 3143//5737 2583//5737
f 2585//5738 3143//5738 2584//5738
f 2570//5739 2571//5739 3144//5739
f 2569//5740 2570//5740 3144//5740
f 2568//5741 2569//5741 3144//5741
f 3145//5742 2568//5742 3144//5742
f 3145//5743 2563//5743 2564//5743
f 3145//5744 2564//5744 2565//5744
f 3145//5745 2565//5745 2566//5745
f 3145//5746 2566//5746 2567//5746
f 3145//5747 2567//5747 2568//5747
f 2562//5748 2563//5748 3145//5748
f 2561//5749 2562//5749 3145//5749
f 2560//5750 2561//5750 3145//5750
f 2559//5751 2560//5751 3145//5751
f 2589//5752 3143//5752 2585//5752
f 2558//5753 2559//5753 3145//5753
f 2557//5754 2558//5754 3145//5754
f 2556//5755 2557//5755 3145//5755
f 2555//5756 2556//5756 3145//5756
f 2554//5757 2555//5757 3145//5757
f 3146//5758 2554//5758 3145//5758
f 2591//5759 2590//5759 2593//5759
f 2553//5760 2554//5760 3146//5760
f 2592//5761 2593//5761 2586//5761
f 2592//5762 2591//5762 2593//5762
f 2587//5763 2592//5763 2586//5763
f 2535//5764 2536//5764 3148//5764
f 2537//5765 3148//5765 2536//5765
f 2534//5766 2535//5766 3148//5766
f 2538//5767 3148//5767 2537//5767
f 2533//5768 2534//5768 3148//5768
f 2532//5769 3148//5769 3149//5769
f 2532//5770 2533//5770 3148//5770
f 2539//5771 3148//5771 2538//5771
f 2531//5772 2532//5772 3149//5772
f 2540//5773 3148//5773 2539//5773
f 2530//5774 2531//5774 3149//5774
f 2541//5775 3148//5775 2540//5775
f 2529//5776 2530//5776 3149//5776
f 2542//5777 3148//5777 2541//5777
f 2543//5778 3148//5778 2542//5778
f 2528//5779 2529//5779 3149//5779
f 2527//5780 2528//5780 3149//5780
f 2526//5781 2527//5781 3149//5781
f 2525//5782 2526//5782 3149//5782
f 2524//5783 2525//5783 3149//5783
f 2523//5784 2524//5784 3149//5784
f 2522//5785 2523//5785 3149//5785
f 2521//5786 2522//5786 3149//5786
f 2520//5787 2521//5787 3149//5787
f 2547//5788 3147//5788 3148//5788
f 2547//5789 3148//5789 2543//5789
f 3150//5790 2520//5790 3149//5790
f 3150//5791 2513//5791 2514//5791
f 3150//5792 2514//5792 2515//5792
f 3150//5793 2515//5793 2516//5793
f 3150//5794 2516//5794 2517//5794
f 3150//5795 2517//5795 2518//5795
f 3150//5796 2518//5796 2519//5796
f 3150//5797 2519//5797 2520//5797
f 2512//5798 2513//5798 3150//5798
f 2549//5799 2548//5799 2551//5799
f 2511//5800 2512//5800 3150//5800
f 2511//5801 3150//5801 3151//5801
f 2550//5802 2551//5802 2544//5802
f 2550//5803 2549//5803 2551//5803
f 2545//5804 2550//5804 2544//5804
f 2493//5805 2494//5805 3153//5805
f 2495//5806 3153//5806 2494//5806
f 2492//5807 2493//5807 3153//5807
f 2496//5808 3153//5808 2495//5808
f 2491//5809 2492//5809 3153//5809
f 2490//5810 2491//5810 3153//5810
f 2497//5811 3153//5811 2496//5811
f 2489//5812 2490//5812 3153//5812
f 2498//5813 3153//5813 2497//5813
f 2488//5814 2489//5814 3153//5814
f 2499//5815 3152//5815 3153//5815
f 2499//5816 3153//5816 2498//5816
f 2487//5817 2488//5817 3153//5817
f 2500//5818 3152//5818 2499//5818
f 2501//5819 3152//5819 2500//5819
f 2486//5820 2487//5820 3153//5820
f 2485//5821 2486//5821 3153//5821
f 3154//5822 2481//5822 2482//5822
f 3154//5823 2482//5823 2483//5823
f 3154//5824 2483//5824 2484//5824
f 3154//5825 2484//5825 2485//5825
f 3154//5826 2485//5826 3153//5826
f 2480//5827 2481//5827 3154//5827
f 2479//5828 2480//5828 3154//5828
f 2478//5829 2479//5829 3154//5829
f 2477//5830 2478//5830 3154//5830
f 2476//5831 2477//5831 3154//5831
f 2475//5832 2476//5832 3154//5832
f 2505//5833 3151//5833 3152//5833
f 2505//5834 3152//5834 2501//5834
f 2474//5835 2475//5835 3154//5835
f 2473//5836 2474//5836 3154//5836
f 2472//5837 2473//5837 3154//5837
f 2471//5838 2472//5838 3154//5838
f 2470//5839 2471//5839 3154//5839
f 3155//5840 2470//5840 3154//5840
f 2507//5841 2506//5841 2509//5841
f 2469//5842 2470//5842 3155//5842
f 2508//5843 2507//5843 2509//5843
f 2508//5844 2509//5844 2502//5844
f 2503//5845 2508//5845 2502//5845
f 2451//5846 2452//5846 3157//5846
f 2453//5847 3157//5847 2452//5847
f 2450//5848 2451//5848 3157//5848
f 2454//5849 3157//5849 2453//5849
f 2449//5850 2450//5850 3157//5850
f 2448//5851 2449//5851 3157//5851
f 2448//5852 3157//5852 3158//5852
f 2455//5853 3157//5853 2454//5853
f 2447//5854 2448//5854 3158//5854
f 2456//5855 3157//5855 2455//5855
f 2446//5856 2447//5856 3158//5856
f 2457//5857 3157//5857 2456//5857
f 2445//5858 2446//5858 3158//5858
f 2458//5859 3157//5859 2457//5859
f 2459//5860 3157//5860 2458//5860
f 2444//5861 2445//5861 3158//5861
f 2443//5862 2444//5862 3158//5862
f 2442//5863 2443//5863 3158//5863
f 2441//5864 2442//5864 3158//5864
f 2440//5865 2441//5865 3158//5865
f 2439//5866 2440//5866 3158//5866
f 2438//5867 2439//5867 3158//5867
f 2437//5868 2438//5868 3158//5868
f 2436//5869 2437//5869 3158//5869
f 2463//5870 3156//5870 3157//5870
f 2463//5871 3157//5871 2459//5871
f 3159//5872 2429//5872 2430//5872
f 3159//5873 2430//5873 2431//5873
f 3159//5874 2431//5874 2432//5874
f 3159//5875 2432//5875 2433//5875
f 3159//5876 2433//5876 2434//5876
f 3159//5877 2434//5877 2435//5877
f 3159//5878 2435//5878 2436//5878
f 3159//5879 2436//5879 3158//5879
f 2428//5880 2429//5880 3159//5880
f 2465//5881 2464//5881 2467//5881
f 2427//5882 2428//5882 3159//5882
f 2427//5883 3159//5883 3160//5883
f 2466//5884 2465//5884 2467//5884
f 2466//5885 2467//5885 2460//5885
f 2461//5886 2466//5886 2460//5886
f 2409//5887 2410//5887 3162//5887
f 2411//5888 3162//5888 2410//5888
f 2408//5889 2409//5889 3162//5889
f 2412//5890 3162//5890 2411//5890
f 2407//5891 2408//5891 3162//5891
f 2406//5892 2407//5892 3162//5892
f 2413//5893 3162//5893 2412//5893
f 2405//5894 2406//5894 3162//5894
f 2414//5895 3162//5895 2413//5895
f 2404//5896 2405//5896 3162//5896
f 2415//5897 3162//5897 2414//5897
f 2415//5898 3161//5898 3162//5898
f 2403//5899 2404//5899 3162//5899
f 2416//5900 3161//5900 2415//5900
f 2417//5901 3161//5901 2416//5901
f 2402//5902 2403//5902 3162//5902
f 2401//5903 2402//5903 3162//5903
f 3163//5904 2401//5904 3162//5904
f 3163//5905 2398//5905 2399//5905
f 3163//5906 2399//5906 2400//5906
f 3163//5907 2400//5907 2401//5907
f 2397//5908 2398//5908 3163//5908
f 2396//5909 2397//5909 3163//5909
f 2395//5910 2396//5910 3163//5910
f 2394//5911 2395//5911 3163//5911
f 2393//5912 2394//5912 3163//5912
f 2392//5913 2393//5913 3163//5913
f 2391//5914 2392//5914 3163//5914
f 2421//5915 3161//5915 2417//5915
f 2390//5916 2391//5916 3163//5916
f 2389//5917 2390//5917 3163//5917
f 2388//5918 2389//5918 3163//5918
f 2387//5919 2388//5919 3163//5919
f 2386//5920 2387//5920 3163//5920
f 3164//5921 2386//5921 3163//5921
f 2423//5922 2422//5922 2425//5922
f 2385//5923 2386//5923 3164//5923
f 2424//5924 2425//5924 2418//5924
f 2424//5925 2423//5925 2425//5925
f 2419//5926 2424//5926 2418//5926
f 2367//5927 2368//5927 3166//5927
f 2369//5928 3166//5928 2368//5928
f 2366//5929 2367//5929 3166//5929
f 2370//5930 3166//5930 2369//5930
f 2365//5931 2366//5931 3166//5931
f 2365//5932 3166//5932 3167//5932
f 2364//5933 2365//5933 3167//5933
f 2371//5934 3166//5934 2370//5934
f 2363//5935 2364//5935 3167//5935
f 2372//5936 3166//5936 2371//5936
f 2362//5937 2363//5937 3167//5937
f 2373//5938 3166//5938 2372//5938
f 2361//5939 2362//5939 3167//5939
f 2374//5940 3166//5940 2373//5940
f 2375//5941 3166//5941 2374//5941
f 2360//5942 2361//5942 3167//5942
f 2359//5943 2360//5943 3167//5943
f 2358//5944 2359//5944 3167//5944
f 2357//5945 2358//5945 3167//5945
f 2356//5946 2357//5946 3167//5946
f 2355//5947 2356//5947 3167//5947
f 2354//5948 2355//5948 3167//5948
f 2353//5949 2354//5949 3167//5949
f 2379//5950 3166//5950 2375//5950
f 2379//5951 3165//5951 3166//5951
f 3168//5952 2346//5952 2347//5952
f 3168//5953 2347//5953 2348//5953
f 3168//5954 2348//5954 2349//5954
f 3168//5955 2349//5955 2350//5955
f 3168//5956 2350//5956 2351//5956
f 3168//5957 2351//5957 2352//5957
f 3168//5958 2352//5958 2353//5958
f 3168//5959 2353//5959 3167//5959
f 2345//5960 2346//5960 3168//5960
f 2344//5961 2345//5961 3168//5961
f 2381//5962 2380//5962 2383//5962
f 2343//5963 3168//5963 3169//5963
f 2343//5964 2344//5964 3168//5964
f 2382//5965 2381//5965 2383//5965
f 2382//5966 2383//5966 2376//5966
f 2377//5967 2382//5967 2376//5967
f 2325//5968 2326//5968 3171//5968
f 2327//5969 3171//5969 2326//5969
f 2324//5970 2325//5970 3171//5970
f 2328//5971 3171//5971 2327//5971
f 2323//5972 2324//5972 3171//5972
f 2322//5973 2323//5973 3171//5973
f 2329//5974 3171//5974 2328//5974
f 2321//5975 2322//5975 3171//5975
f 2330//5976 3171//5976 2329//5976
f 2320//5977 2321//5977 3171//5977
f 2331//5978 3171//5978 2330//5978
f 2319//5979 2320//5979 3171//5979
f 2332//5980 3171//5980 2331//5980
f 2332//5981 3170//5981 3171//5981
f 2333//5982 3170//5982 2332//5982
f 2318//5983 2319//5983 3171//5983
f 2317//5984 2318//5984 3171//5984
f 3172//5985 2317//5985 3171//5985
f 3172//5986 2315//5986 2316//5986
f 3172//5987 2316//5987 2317//5987
f 2314//5988 2315//5988 3172//5988
f 2313//5989 2314//5989 3172//5989
f 2312//5990 2313//5990 3172//5990
f 2311//5991 2312//5991 3172//5991
f 2310//5992 2311//5992 3172//5992
f 2309//5993 2310//5993 3172//5993
f 2308//5994 2309//5994 3172//5994
f 2307//5995 2308//5995 3172//5995
f 2337//5996 3170//5996 2333//5996
f 2306//5997 2307//5997 3172//5997
f 2305//5998 2306//5998 3172//5998
f 2304//5999 2305//5999 3172//5999
f 2303//6000 2304//6000 3172//6000
f 3173//6001 2302//6001 2303//6001
f 3173//6002 2303//6002 3172//6002
f 2339//6003 2338//6003 2341//6003
f 2301//6004 2302//6004 3173//6004
f 2340//6005 2339//6005 2341//6005
f 2340//6006 2341//6006 2334//6006
f 2335//6007 2340//6007 2334//6007
f 2283//6008 2284//6008 3175//6008
f 2285//6009 3175//6009 2284//6009
f 2282//6010 2283//6010 3175//6010
f 2282//6011 3175//6011 3176//6011
f 2286//6012 3175//6012 2285//6012
f 2281//6013 2282//6013 3176//6013
f 2280//6014 2281//6014 3176//6014
f 2287//6015 3175//6015 2286//6015
f 2279//6016 2280//6016 3176//6016
f 2288//6017 3175//6017 2287//6017
f 2278//6018 2279//6018 3176//6018
f 2289//6019 3175//6019 2288//6019
f 2277//6020 2278//6020 3176//6020
f 2290//6021 3175//6021 2289//6021
f 2291//6022 3175//6022 2290//6022
f 2276//6023 2277//6023 3176//6023
f 2275//6024 2276//6024 3176//6024
f 2274//6025 2275//6025 3176//6025
f 2273//6026 2274//6026 3176//6026
f 2272//6027 2273//6027 3176//6027
f 2271//6028 2272//6028 3176//6028
f 2270//6029 2271//6029 3176//6029
f 2295//6030 3175//6030 2291//6030
f 2295//6031 3174//6031 3175//6031
f 3177//6032 2263//6032 2264//6032
f 3177//6033 2264//6033 2265//6033
f 3177//6034 2265//6034 2266//6034
f 3177//6035 2266//6035 2267//6035
f 3177//6036 2267//6036 2268//6036
f 3177//6037 2268//6037 2269//6037
f 3177//6038 2269//6038 2270//6038
f 3177//6039 2270//6039 3176//6039
f 2262//6040 2263//6040 3177//6040
f 2261//6041 2262//6041 3177//6041
f 2260//6042 2261//6042 3177//6042
f 2297//6043 2296//6043 2299//6043
f 2259//6044 2260//6044 3177//6044
f 2259//6045 3177//6045 3178//6045
f 2298//6046 2299//6046 2292//6046
f 2298//6047 2297//6047 2299//6047
f 2293//6048 2298//6048 2292//6048
f 2241//6049 2242//6049 3180//6049
f 2243//6050 3180//6050 2242//6050
f 2240//6051 2241//6051 3180//6051
f 2244//6052 3180//6052 2243//6052
f 2239//6053 2240//6053 3180//6053
f 2238//6054 2239//6054 3180//6054
f 2245//6055 3180//6055 2244//6055
f 2237//6056 2238//6056 3180//6056
f 2246//6057 3180//6057 2245//6057
f 2236//6058 2237//6058 3180//6058
f 2247//6059 3180//6059 2246//6059
f 2235//6060 2236//6060 3180//6060
f 2248//6061 3180//6061 2247//6061
f 2248//6062 3179//6062 3180//6062
f 2249//6063 3179//6063 2248//6063
f 2234//6064 2235//6064 3180//6064
f 3181//6065 2231//6065 2232//6065
f 3181//6066 2232//6066 2233//6066
f 3181//6067 2233//6067 2234//6067
f 3181//6068 2234//6068 3180//6068
f 2230//6069 2231//6069 3181//6069
f 2229//6070 2230//6070 3181//6070
f 2228//6071 2229//6071 3181//6071
f 2227//6072 2228//6072 3181//6072
f 2226//6073 2227//6073 3181//6073
f 2225//6074 2226//6074 3181//6074
f 2224//6075 2225//6075 3181//6075
f 2223//6076 2224//6076 3181//6076
f 2253//6077 3179//6077 2249//6077
f 2222//6078 2223//6078 3181//6078
f 2221//6079 2222//6079 3181//6079
f 2220//6080 2221//6080 3181//6080
f 2219//6081 2220//6081 3181//6081
f 3182//6082 2219//6082 3181//6082
f 3182//6083 2218//6083 2219//6083
f 2255//6084 2254//6084 2257//6084
f 2217//6085 2218//6085 3182//6085
f 2256//6086 2255//6086 2257//6086
f 2256//6087 2257//6087 2250//6087
f 2251//6088 2256//6088 2250//6088
f 2199//6089 2200//6089 3184//6089
f 2199//6090 3184//6090 3185//6090
f 2201//6091 3184//6091 2200//6091
f 2198//6092 2199//6092 3185//6092
f 2202//6093 3184//6093 2201//6093
f 2197//6094 2198//6094 3185//6094
f 2196//6095 2197//6095 3185//6095
f 2203//6096 3184//6096 2202//6096
f 2195//6097 2196//6097 3185//6097
f 2204//6098 3184//6098 2203//6098
f 2194//6099 2195//6099 3185//6099
f 2205//6100 3184//6100 2204//6100
f 2193//6101 2194//6101 3185//6101
f 2206//6102 3184//6102 2205//6102
f 2207//6103 3184//6103 2206//6103
f 2192//6104 2193//6104 3185//6104
f 2191//6105 2192//6105 3185//6105
f 2190//6106 2191//6106 3185//6106
f 2189//6107 2190//6107 3185//6107
f 2188//6108 2189//6108 3185//6108
f 2187//6109 2188//6109 3185//6109
f 2211//6110 3184//6110 2207//6110
f 2211//6111 3183//6111 3184//6111
f 3186//6112 2187//6112 3185//6112
f 3186//6113 2179//6113 2180//6113
f 3186//6114 2180//6114 2181//6114
f 3186//6115 2181//6115 2182//6115
f 3186//6116 2182//6116 2183//6116
f 3186//6117 2183//6117 2184//6117
f 3186//6118 2184//6118 2185//6118
f 3186//6119 2185//6119 2186//6119
f 3186//6120 2186//6120 2187//6120
f 2178//6121 2179//6121 3186//6121
f 2177//6122 2178//6122 3186//6122
f 2176//6123 2177//6123 3186//6123
f 2213//6124 2212//6124 2215//6124
f 2175//6125 2176//6125 3186//6125
f 2175//6126 3186//6126 3187//6126
f 2214//6127 2213//6127 2215//6127
f 2214//6128 2215//6128 2208//6128
f 2209//6129 2214//6129 2208//6129
f 2157//6130 2158//6130 3189//6130
f 2159//6131 3189//6131 2158//6131
f 2156//6132 2157//6132 3189//6132
f 2160//6133 3189//6133 2159//6133
f 2155//6134 2156//6134 3189//6134
f 2154//6135 2155//6135 3189//6135
f 2161//6136 3189//6136 2160//6136
f 2153//6137 2154//6137 3189//6137
f 2162//6138 3189//6138 2161//6138
f 2152//6139 2153//6139 3189//6139
f 2163//6140 3189//6140 2162//6140
f 2151//6141 2152//6141 3189//6141
f 2164//6142 3189//6142 2163//6142
f 2165//6143 3189//6143 2164//6143
f 2165//6144 3188//6144 3189//6144
f 2150//6145 2151//6145 3189//6145
f 3190//6146 2150//6146 3189//6146
f 3190//6147 2148//6147 2149//6147
f 3190//6148 2149//6148 2150//6148
f 2147//6149 2148//6149 3190//6149
f 2146//6150 2147//6150 3190//6150
f 2145//6151 2146//6151 3190//6151
f 2144//6152 2145//6152 3190//6152
f 2143//6153 2144//6153 3190//6153
f 2142//6154 2143//6154 3190//6154
f 2141//6155 2142//6155 3190//6155
f 2140//6156 2141//6156 3190//6156
f 2139//6157 2140//6157 3190//6157
f 2169//6158 3188//6158 2165//6158
f 2138//6159 2139//6159 3190//6159
f 2137//6160 2138//6160 3190//6160
f 2136//6161 2137//6161 3190//6161
f 3191//6162 2134//6162 2135//6162
f 3191//6163 2135//6163 2136//6163
f 3191//6164 2136//6164 3190//6164
f 2171//6165 2170//6165 2173//6165
f 2133//6166 2134//6166 3191//6166
f 2172//6167 2171//6167 2173//6167
f 2172//6168 2173//6168 2166//6168
f 2167//6169 2172//6169 2166//6169
f 2116//6170 3193//6170 3194//6170
f 2115//6171 2116//6171 3194//6171
f 2117//6172 3193//6172 2116//6172
f 2114//6173 2115//6173 3194//6173
f 2118//6174 3193//6174 2117//6174
f 2113//6175 2114//6175 3194//6175
f 2112//6176 2113//6176 3194//6176
f 2119//6177 3193//6177 2118//6177
f 2111//6178 2112//6178 3194//6178
f 2120//6179 3193//6179 2119//6179
f 2110//6180 2111//6180 3194//6180
f 2121//6181 3193//6181 2120//6181
f 2109//6182 2110//6182 3194//6182
f 2122//6183 3193//6183 2121//6183
f 2123//6184 3193//6184 2122//6184
f 2108//6185 2109//6185 3194//6185
f 2107//6186 2108//6186 3194//6186
f 2106//6187 2107//6187 3194//6187
f 2105//6188 2106//6188 3194//6188
f 2104//6189 2105//6189 3194//6189
f 2127//6190 3192//6190 3193//6190
f 2127//6191 3193//6191 2123//6191
f 3195//6192 2104//6192 3194//6192
f 3195//6193 2096//6193 2097//6193
f 3195//6194 2097//6194 2098//6194
f 3195//6195 2098//6195 2099//6195
f 3195//6196 2099//6196 2100//6196
f 3195//6197 2100//6197 2101//6197
f 3195//6198 2101//6198 2102//6198
f 3195//6199 2102//6199 2103//6199
f 3195//6200 2103//6200 2104//6200
f 2095//6201 2096//6201 3195//6201
f 2094//6202 2095//6202 3195//6202
f 2093//6203 2094//6203 3195//6203
f 2092//6204 2093//6204 3195//6204
f 2129//6205 2128//6205 2131//6205
f 2091//6206 3195//6206 3196//6206
f 2091//6207 2092//6207 3195//6207
f 2130//6208 2131//6208 2124//6208
f 2130//6209 2129//6209 2131//6209
f 2125//6210 2130//6210 2124//6210
f 2073//6211 2074//6211 3198//6211
f 2075//6212 3198//6212 2074//6212
f 2072//6213 2073//6213 3198//6213
f 2076//6214 3198//6214 2075//6214
f 2071//6215 2072//6215 3198//6215
f 2070//6216 2071//6216 3198//6216
f 2077//6217 3198//6217 2076//6217
f 2069//6218 2070//6218 3198//6218
f 2078//6219 3198//6219 2077//6219
f 2068//6220 2069//6220 3198//6220
f 2079//6221 3198//6221 2078//6221
f 2067//6222 2068//6222 3198//6222
f 2080//6223 3198//6223 2079//6223
f 2081//6224 3197//6224 3198//6224
f 2081//6225 3198//6225 2080//6225
f 2066//6226 2067//6226 3198//6226
f 3199//6227 2066//6227 3198//6227
f 3199//6228 2065//6228 2066//6228
f 2064//6229 2065//6229 3199//6229
f 2063//6230 2064//6230 3199//6230
f 2062//6231 2063//6231 3199//6231
f 2061//6232 2062//6232 3199//6232
f 2060//6233 2061//6233 3199//6233
f 2059//6234 2060//6234 3199//6234
f 2058//6235 2059//6235 3199//6235
f 2057//6236 2058//6236 3199//6236
f 2056//6237 2057//6237 3199//6237
f 2055//6238 2056//6238 3199//6238
f 2085//6239 3197//6239 2081//6239
f 2054//6240 2055//6240 3199//6240
f 2053//6241 2054//6241 3199//6241
f 3200//6242 2050//6242 2051//6242
f 3200//6243 2051//6243 2052//6243
f 3200//6244 2052//6244 2053//6244
f 3200//6245 2053//6245 3199//6245
f 2087//6246 2086//6246 2089//6246
f 2049//6247 2050//6247 3200//6247
f 2088//6248 2089//6248 2082//6248
f 2088//6249 2087//6249 2089//6249
f 2083//6250 2088//6250 2082//6250
f 3202//6251 3201//6251 3090//6251
f 2045//6252 2044//6252 2047//6252
f 2037//6253 2046//6253 2045//6253
f 2037//6254 2045//6254 2047//6254
f 2037//6255 2047//6255 2038//6255
f 2035//6256 2046//6256 2037//6256
f 2036//6257 2046//6257 2035//6257
f 3203//6258 3092//6258 3093//6258
f 3203//6259 3050//6259 3048//6259
f 3203//6260 3051//6260 3050//6260
f 3203//6261 3055//6261 3056//6261
f 3203//6262 3056//6262 3057//6262
f 3203//6263 3057//6263 3092//6263
f 3203//6264 3048//6264 3055//6264
f 3203//6265 3093//6265 3051//6265
f 3204//6266 3096//6266 3097//6266
f 3204//6267 3006//6267 3013//6267
f 3204//6268 3015//6268 3096//6268
f 3204//6269 3097//6269 3009//6269
f 3204//6270 3008//6270 3006//6270
f 3204//6271 3009//6271 3008//6271
f 3204//6272 3013//6272 3014//6272
f 3204//6273 3014//6273 3015//6273
f 3205//6274 3101//6274 3102//6274
f 3205//6275 2964//6275 2971//6275
f 3205//6276 2973//6276 3101//6276
f 3205//6277 2966//6277 2964//6277
f 3205//6278 2967//6278 2966//6278
f 3205//6279 2971//6279 2972//6279
f 3205//6280 2972//6280 2973//6280
f 3205//6281 3102//6281 2967//6281
f 3206//6282 2931//6282 3106//6282
f 3206//6283 2929//6283 2930//6283
f 3206//6284 2930//6284 2931//6284
f 3207//6285 2929//6285 3206//6285
f 3207//6286 2922//6286 2929//6286
f 3207//6287 3106//6287 2925//6287
f 3207//6288 2924//6288 2922//6288
f 3207//6289 2925//6289 2924//6289
f 3207//6290 3206//6290 3106//6290
f 3208//6291 2889//6291 3110//6291
f 3208//6292 3111//6292 2883//6292
f 3208//6293 3110//6293 3111//6293
f 3208//6294 2882//6294 2880//6294
f 3208//6295 2883//6295 2882//6295
f 3208//6296 2887//6296 2888//6296
f 3208//6297 2888//6297 2889//6297
f 3208//6298 2880//6298 2887//6298
f 3209//6299 2847//6299 3114//6299
f 3209//6300 2840//6300 2838//6300
f 3209//6301 2841//6301 2840//6301
f 3209//6302 3115//6302 2841//6302
f 3209//6303 2845//6303 2846//6303
f 3209//6304 2846//6304 2847//6304
f 3209//6305 3114//6305 3115//6305
f 3209//6306 2838//6306 2845//6306
f 3210//6307 3119//6307 3120//6307
f 3210//6308 3120//6308 2799//6308
f 3210//6309 2798//6309 2796//6309
f 3210//6310 2799//6310 2798//6310
f 3210//6311 2796//6311 2803//6311
f 3210//6312 2803//6312 2804//6312
f 3210//6313 2804//6313 2805//6313
f 3210//6314 2805//6314 3119//6314
f 3211//6315 2756//6315 2754//6315
f 3211//6316 2757//6316 2756//6316
f 3211//6317 2761//6317 2762//6317
f 3211//6318 2762//6318 2763//6318
f 3211//6319 3124//6319 3125//6319
f 3211//6320 3125//6320 2757//6320
f 3211//6321 2754//6321 2761//6321
f 3211//6322 2763//6322 3124//6322
f 3212//6323 3128//6323 3129//6323
f 3212//6324 3129//6324 2715//6324
f 3212//6325 2712//6325 2719//6325
f 3212//6326 2721//6326 3128//6326
f 3212//6327 2714//6327 2712//6327
f 3212//6328 2715//6328 2714//6328
f 3212//6329 2719//6329 2720//6329
f 3212//6330 2720//6330 2721//6330
f 3213//6331 2672//6331 2670//6331
f 3213//6332 2673//6332 2672//6332
f 3213//6333 2677//6333 2678//6333
f 3213//6334 2678//6334 2679//6334
f 3213//6335 2670//6335 2677//6335
f 3213//6336 3133//6336 2673//6336
f 3213//6337 2679//6337 3133//6337
f 3214//6338 2635//6338 2636//6338
f 3214//6339 2636//6339 2637//6339
f 3214//6340 3137//6340 3138//6340
f 3214//6341 2637//6341 3137//6341
f 3215//6342 2635//6342 3214//6342
f 3215//6343 2628//6343 2635//6343
f 3215//6344 3138//6344 2631//6344
f 3215//6345 3214//6345 3138//6345
f 3215//6346 2630//6346 2628//6346
f 3215//6347 2631//6347 2630//6347
f 3216//6348 2586//6348 2593//6348
f 3216//6349 3142//6349 3143//6349
f 3216//6350 2595//6350 3142//6350
f 3216//6351 2588//6351 2586//6351
f 3216//6352 2589//6352 2588//6352
f 3216//6353 2593//6353 2594//6353
f 3216//6354 2594//6354 2595//6354
f 3216//6355 3143//6355 2589//6355
f 3217//6356 2546//6356 2544//6356
f 3217//6357 2547//6357 2546//6357
f 3217//6358 3147//6358 2547//6358
f 3217//6359 2551//6359 2552//6359
f 3217//6360 2552//6360 2553//6360
f 3217//6361 2544//6361 2551//6361
f 3217//6362 2553//6362 3146//6362
f 3217//6363 3146//6363 3147//6363
f 3218//6364 3151//6364 2505//6364
f 3218//6365 2502//6365 2509//6365
f 3218//6366 2511//6366 3151//6366
f 3218//6367 2504//6367 2502//6367
f 3218//6368 2505//6368 2504//6368
f 3218//6369 2509//6369 2510//6369
f 3218//6370 2510//6370 2511//6370
f 3219//6371 2469//6371 3155//6371
f 3219//6372 2460//6372 2467//6372
f 3219//6373 2462//6373 2460//6373
f 3219//6374 2463//6374 2462//6374
f 3219//6375 2467//6375 2468//6375
f 3219//6376 2468//6376 2469//6376
f 3219//6377 3156//6377 2463//6377
f 3219//6378 3155//6378 3156//6378
f 3220//6379 2418//6379 2425//6379
f 3220//6380 2427//6380 3160//6380
f 3220//6381 3161//6381 2421//6381
f 3220//6382 3160//6382 3161//6382
f 3220//6383 2420//6383 2418//6383
f 3220//6384 2421//6384 2420//6384
f 3220//6385 2425//6385 2426//6385
f 3220//6386 2426//6386 2427//6386
f 3221//6387 2385//6387 3164//6387
f 3221//6388 2376//6388 2383//6388
f 3221//6389 2378//6389 2376//6389
f 3221//6390 2379//6390 2378//6390
f 3221//6391 2383//6391 2384//6391
f 3221//6392 2384//6392 2385//6392
f 3221//6393 3164//6393 3165//6393
f 3221//6394 3165//6394 2379//6394
f 3222//6395 2341//6395 2342//6395
f 3222//6396 2342//6396 2343//6396
f 3222//6397 2343//6397 3169//6397
f 3222//6398 2334//6398 2341//6398
f 3223//6399 2336//6399 2334//6399
f 3223//6400 2337//6400 2336//6400
f 3223//6401 2334//6401 3222//6401
f 3223//6402 3222//6402 3169//6402
f 3223//6403 3170//6403 2337//6403
f 3223//6404 3169//6404 3170//6404
f 3224//6405 2301//6405 3173//6405
f 3224//6406 2294//6406 2292//6406
f 3224//6407 2295//6407 2294//6407
f 3224//6408 3174//6408 2295//6408
f 3224//6409 2299//6409 2300//6409
f 3224//6410 2300//6410 2301//6410
f 3224//6411 3173//6411 3174//6411
f 3224//6412 2292//6412 2299//6412
f 3225//6413 2252//6413 2250//6413
f 3225//6414 2253//6414 2252//6414
f 3225//6415 2257//6415 2258//6415
f 3225//6416 2258//6416 2259//6416
f 3225//6417 3179//6417 2253//6417
f 3225//6418 2250//6418 2257//6418
f 3225//6419 3178//6419 3179//6419
f 3225//6420 2259//6420 3178//6420
f 3226//6421 3183//6421 2211//6421
f 3226//6422 2208//6422 2215//6422
f 3226//6423 2210//6423 2208//6423
f 3226//6424 2211//6424 2210//6424
f 3226//6425 2217//6425 3182//6425
f 3226//6426 2215//6426 2216//6426
f 3226//6427 2216//6427 2217//6427
f 3226//6428 3182//6428 3183//6428
f 3227//6429 2173//6429 2174//6429
f 3227//6430 2174//6430 2175//6430
f 3227//6431 2175//6431 3187//6431
f 3228//6432 3188//6432 2169//6432
f 3228//6433 2168//6433 2166//6433
f 3228//6434 2169//6434 2168//6434
f 3228//6435 3227//6435 3187//6435
f 3228//6436 2173//6436 3227//6436
f 3228//6437 2166//6437 2173//6437
f 3228//6438 3187//6438 3188//6438
f 3229//6439 2127//6439 2126//6439
f 3229//6440 3191//6440 3192//6440
f 3229//6441 2131//6441 2132//6441
f 3229//6442 2132//6442 2133//6442
f 3229//6443 3192//6443 2127//6443
f 3229//6444 2124//6444 2131//6444
f 3229//6445 2133//6445 3191//6445
f 3229//6446 2126//6446 2124//6446
f 3230//6447 3197//6447 2085//6447
f 3230//6448 3196//6448 3197//6448
f 3230//6449 2091//6449 3196//6449
f 3230//6450 2084//6450 2082//6450
f 3230//6451 2085//6451 2084//6451
f 3230//6452 2082//6452 2089//6452
f 3230//6453 2089//6453 2090//6453
f 3230//6454 2090//6454 2091//6454
f 3231//6455 3200//6455 3201//6455
f 3231//6456 3202//6456 2039//6456
f 3231//6457 2039//6457 2038//6457
f 3231//6458 2047//6458 2048//6458
f 3231//6459 2048//6459 2049//6459
f 3231//6460 2049//6460 3200//6460
f 3231//6461 3201//6461 3202//6461
f 3231//6462 2038//6462 2047//6462
