# Created by FreeCAD <https://www.freecad.org>
v 18.572733 30.668398 60.854893
v 16.661325 39.820942 60.854893
v 18.570463 30.667925 60.771530
v 16.659058 39.820465 60.771530
v 16.652256 39.819046 60.688427
v 18.563663 30.666504 60.688427
v 16.640945 39.816685 60.605839
v 18.552351 30.664143 60.605839
v 16.625158 39.813389 60.524017
v 18.536566 30.660845 60.524017
v 16.604944 39.809166 60.443218
v 18.516352 30.656624 60.443218
v 16.580368 39.804035 60.363693
v 18.491774 30.651491 60.363693
v 18.462908 30.645462 60.285686
v 16.551502 39.798004 60.285686
v 16.518436 39.791100 60.209442
v 18.429844 30.638557 60.209442
v 16.481276 39.783340 60.135189
v 18.392681 30.630796 60.135189
v 18.351538 30.622204 60.063160
v 16.440130 39.774746 60.063160
v 16.395132 39.765350 59.993580
v 18.306540 30.612806 59.993580
v 16.346418 39.755177 59.926662
v 18.257826 30.602634 59.926662
v 18.205545 30.591715 59.862614
v 16.294138 39.744259 59.862614
v 16.238457 39.732628 59.801632
v 18.149862 30.580088 59.801632
v 16.179543 39.720325 59.743904
v 18.090948 30.567783 59.743904
v 16.117579 39.707386 59.689613
v 18.028984 30.554842 59.689613
v 17.964163 30.541306 59.638924
v 16.052757 39.693848 59.638924
v 15.985277 39.679756 59.591991
v 17.896685 30.527214 59.591991
v 15.915350 39.665154 59.548962
v 17.826756 30.512609 59.548962
v 17.754597 30.497540 59.509968
v 15.843189 39.650082 59.509968
v 17.680426 30.482050 59.475136
v 15.769019 39.634594 59.475136
v 15.693069 39.618732 59.444565
v 17.604475 30.466188 59.444565
v 17.526979 30.450005 59.418354
v 15.615572 39.602547 59.418354
v 15.536769 39.586090 59.396584
v 17.448175 30.433548 59.396584
v 15.456904 39.569412 59.379318
v 17.368311 30.416868 59.379318
v 15.376224 39.552563 59.366619
v 17.287630 30.400019 59.366619
v 15.294976 39.535595 59.358517
v 17.206383 30.383051 59.358517
v 15.213414 39.518562 59.355038
v 17.124821 30.366018 59.355038
v 15.131789 39.501514 59.356197
v 17.043196 30.348972 59.356197
v 15.050353 39.484509 59.361988
v 16.961760 30.331964 59.361988
v 16.880764 30.315050 59.372395
v 14.969357 39.467590 59.372395
v 14.889054 39.450821 59.387383
v 16.800461 30.298279 59.387383
v 16.721096 30.281704 59.406910
v 14.809690 39.434246 59.406910
v 16.642916 30.265377 59.430908
v 14.731510 39.417919 59.430908
v 14.654757 39.401890 59.459309
v 16.566164 30.249350 59.459309
v 16.491074 30.233667 59.492023
v 14.579667 39.386211 59.492023
v 14.506474 39.370922 59.528954
v 16.417881 30.218382 59.528954
v 14.435402 39.356083 59.569981
v 16.346809 30.203539 59.569981
v 16.278078 30.189186 59.614975
v 14.366672 39.341728 59.614975
v 16.211903 30.175365 59.663807
v 14.300496 39.327908 59.663807
v 14.237079 39.314663 59.716320
v 16.148485 30.162121 59.716320
v 16.088024 30.149494 59.772350
v 14.176617 39.302036 59.772350
v 16.030703 30.137524 59.831726
v 14.119296 39.290066 59.831726
v 14.065294 39.278790 59.894268
v 15.976701 30.126245 59.894268
v 14.014777 39.268238 59.959774
v 15.926185 30.115696 59.959774
v 13.967903 39.258450 60.028049
v 15.879310 30.105907 60.028049
v 15.836222 30.096909 60.098885
v 13.924815 39.249451 60.098885
v 13.885647 39.241272 60.172050
v 15.797054 30.088728 60.172050
v 15.761927 30.081392 60.247330
v 13.850520 39.233936 60.247330
v 13.819543 39.227467 60.324486
v 15.730949 30.074924 60.324486
v 15.704218 30.069342 60.403282
v 13.792810 39.221882 60.403282
v 13.770407 39.217205 60.483475
v 15.681813 30.064663 60.483475
v 15.663806 30.060902 60.564816
v 13.752399 39.213444 60.564816
v 13.738846 39.210613 60.647053
v 15.650252 30.058071 60.647053
v 15.641192 30.056179 60.729931
v 13.729786 39.208721 60.729931
v 15.636656 30.055231 60.813198
v 13.725249 39.207775 60.813198
v 13.725249 39.207775 60.896591
v 15.636656 30.055231 60.896591
v 13.729786 39.208721 60.979858
v 15.641192 30.056179 60.979858
v 15.650252 30.058071 61.062737
v 13.738846 39.210613 61.062737
v 13.752399 39.213444 61.144974
v 15.663806 30.060902 61.144974
v 13.770407 39.217205 61.226315
v 15.681813 30.064663 61.226315
v 13.792810 39.221882 61.306503
v 15.704218 30.069342 61.306503
v 13.819543 39.227467 61.385300
v 15.730949 30.074924 61.385300
v 13.850520 39.233936 61.462460
v 15.761927 30.081392 61.462460
v 15.797054 30.088728 61.537739
v 13.885647 39.241272 61.537739
v 13.924815 39.249451 61.610905
v 15.836222 30.096909 61.610905
v 15.879310 30.105907 61.681736
v 13.967903 39.258450 61.681736
v 14.014777 39.268238 61.750011
v 15.926185 30.115696 61.750011
v 14.065294 39.278790 61.815521
v 15.976701 30.126245 61.815521
v 14.119296 39.290066 61.878059
v 16.030703 30.137524 61.878059
v 14.176617 39.302036 61.937439
v 16.088024 30.149494 61.937439
v 14.237079 39.314663 61.993469
v 16.148485 30.162121 61.993469
v 16.211903 30.175365 62.045982
v 14.300496 39.327908 62.045982
v 16.278078 30.189186 62.094810
v 14.366672 39.341728 62.094810
v 14.435402 39.356083 62.139809
v 16.346809 30.203539 62.139809
v 14.506474 39.370922 62.180836
v 16.417881 30.218382 62.180836
v 16.491074 30.233667 62.217762
v 14.579667 39.386211 62.217762
v 14.654757 39.401890 62.250477
v 16.566164 30.249350 62.250477
v 14.731510 39.417919 62.278881
v 16.642916 30.265377 62.278881
v 16.721096 30.281704 62.302879
v 14.809690 39.434246 62.302879
v 14.889054 39.450821 62.322403
v 16.800461 30.298279 62.322403
v 16.880764 30.315050 62.337391
v 14.969357 39.467590 62.337391
v 16.961760 30.331964 62.347797
v 15.050353 39.484509 62.347797
v 17.043196 30.348972 62.353588
v 15.131789 39.501514 62.353588
v 15.213414 39.518562 62.354748
v 17.124821 30.366018 62.354748
v 17.206383 30.383051 62.351273
v 15.294976 39.535595 62.351273
v 15.376224 39.552563 62.343170
v 17.287630 30.400019 62.343170
v 17.368311 30.416868 62.330467
v 15.456904 39.569412 62.330467
v 15.536769 39.586090 62.313206
v 17.448175 30.433548 62.313206
v 17.526979 30.450005 62.291435
v 15.615572 39.602547 62.291435
v 15.693069 39.618732 62.265224
v 17.604475 30.466188 62.265224
v 17.680426 30.482050 62.234653
v 15.769019 39.634594 62.234653
v 15.843189 39.650082 62.199818
v 17.754597 30.497540 62.199818
v 17.826756 30.512609 62.160828
v 15.915350 39.665154 62.160828
v 15.985277 39.679756 62.117798
v 17.896685 30.527214 62.117798
v 16.052757 39.693848 62.070866
v 17.964163 30.541306 62.070866
v 16.117579 39.707386 62.020176
v 18.028984 30.554842 62.020176
v 18.090948 30.567783 61.965881
v 16.179543 39.720325 61.965881
v 16.238457 39.732628 61.908157
v 18.149862 30.580088 61.908157
v 16.294138 39.744259 61.847176
v 18.205545 30.591715 61.847176
v 18.257826 30.602634 61.783127
v 16.346418 39.755177 61.783127
v 16.395132 39.765350 61.716206
v 18.306540 30.612806 61.716206
v 18.351538 30.622204 61.646626
v 16.440130 39.774746 61.646626
v 16.481276 39.783340 61.574600
v 18.392681 30.630796 61.574600
v 18.429844 30.638557 61.500347
v 16.518436 39.791100 61.500347
v 16.551502 39.798004 61.424099
v 18.462908 30.645462 61.424099
v 18.491774 30.651491 61.346092
v 16.580368 39.804035 61.346092
v 16.604944 39.809166 61.266567
v 18.516352 30.656624 61.266567
v 18.536566 30.660845 61.185772
v 16.625158 39.813389 61.185772
v 16.640945 39.816685 61.103951
v 18.552351 30.664143 61.103951
v 16.652256 39.819046 61.021362
v 18.563663 30.666504 61.021362
v 16.659058 39.820465 60.938255
v 18.570463 30.667925 60.938255
v 16.996923 40.333710 60.854893
v 16.985435 40.331310 61.067577
v 17.161469 40.589413 60.974380
v 16.829124 40.077324 60.854893
v 17.164721 40.590092 60.854893
v 17.161469 40.589413 60.735409
v 16.818926 40.075195 60.666046
v 16.788452 40.068829 60.479492
v 16.985435 40.331310 60.642212
v 17.151720 40.587376 60.616291
v 17.135508 40.583992 60.497913
v 16.738075 40.058311 60.297493
v 16.951117 40.324142 60.432110
v 17.112881 40.579266 60.380638
v 17.083908 40.573215 60.264828
v 16.668406 40.043758 60.122261
v 16.894382 40.312294 60.227142
v 17.048679 40.565857 60.150841
v 17.007305 40.557217 60.039032
v 16.580288 40.025356 59.955921
v 16.815918 40.295906 60.029793
v 16.959911 40.547321 59.929745
v 16.906647 40.536198 59.823315
v 16.474794 40.003326 59.800495
v 16.716679 40.275185 59.842461
v 16.847673 40.523880 59.720078
v 16.783176 40.510410 59.620346
v 16.353203 39.977932 59.657867
v 16.713352 40.495831 59.524429
v 16.597870 40.250370 59.667416
v 16.638418 40.480179 59.432625
v 16.216990 39.949486 59.529770
v 16.558607 40.463512 59.345219
v 16.460932 40.221771 59.506786
v 16.474163 40.445877 59.262478
v 16.067810 39.918331 59.417759
v 16.385347 40.427330 59.184658
v 16.307528 40.189735 59.362522
v 16.292437 40.407925 59.112000
v 15.907474 39.884850 59.323193
v 16.139521 40.154648 59.236374
v 16.195717 40.387726 59.044731
v 16.095488 40.366795 58.983059
v 15.737927 39.849442 59.247215
v 15.958947 40.116940 59.129868
v 15.992058 40.345196 58.927170
v 15.885747 40.322994 58.877239
v 15.561229 39.812538 59.190758
v 15.776884 40.300259 58.833420
v 15.768002 40.077061 59.044304
v 15.665806 40.277061 58.795853
v 15.379522 39.774590 59.154499
v 15.569000 40.035503 58.980721
v 15.552855 40.253471 58.764648
v 15.438383 40.229565 58.739902
v 15.195014 39.736057 59.138878
v 15.322741 40.205414 58.721699
v 15.364361 39.992767 58.939884
v 15.206286 40.181095 58.710087
v 15.009944 39.697407 59.144089
v 15.156565 39.949371 58.922295
v 15.089380 40.156681 58.705101
v 14.972384 40.132248 58.706764
v 14.826558 39.659111 59.170071
v 14.948136 39.905842 58.928165
v 14.855659 40.107872 58.715065
v 14.739566 40.083626 58.729980
v 14.647083 39.621628 59.216499
v 14.741605 39.862709 58.957420
v 14.624464 40.059589 58.751465
v 14.510708 40.035831 58.779449
v 14.473697 39.585419 59.282818
v 14.539478 39.820499 59.009712
v 14.398650 40.012428 58.813847
v 14.288638 39.989452 58.854557
v 14.308505 39.550922 59.368217
v 14.344208 39.779720 59.084400
v 14.181009 39.966976 58.901447
v 14.076098 39.945068 58.954380
v 14.153511 39.518551 59.471664
v 14.158166 39.740868 59.180576
v 13.974229 39.923794 59.013184
v 13.875716 39.903221 59.077679
v 14.010598 39.488705 59.591900
v 13.983611 39.704411 59.297081
v 13.780864 39.883411 59.147671
v 13.689966 39.864429 59.222935
v 13.881500 39.461746 59.727470
v 13.822660 39.670799 59.432495
v 13.603304 39.846329 59.303246
v 13.521144 39.829170 59.388355
v 13.767785 39.437996 59.876724
v 13.677268 39.640434 59.585175
v 13.443741 39.813007 59.477993
v 13.371334 39.797886 59.571892
v 13.670832 39.417751 60.037849
v 13.549200 39.613689 59.753265
v 13.304148 39.783855 59.669754
v 13.242388 39.770958 59.771278
v 13.591819 39.401249 60.208897
v 13.440011 39.590889 59.934731
v 13.186248 39.759232 59.876152
v 13.135899 39.748718 59.984051
v 13.531704 39.388695 60.387783
v 13.351025 39.572304 60.127361
v 13.091498 39.739445 60.094643
v 13.053182 39.731441 60.207584
v 13.491217 39.380238 60.572338
v 13.283322 39.558163 60.328827
v 13.021070 39.724735 60.322525
v 12.995259 39.719345 60.439114
v 13.470850 39.375984 60.760326
v 13.237725 39.548641 60.536678
v 12.975832 39.715290 60.556988
v 12.962847 39.712578 60.675781
v 13.470850 39.375984 60.949463
v 13.214787 39.543850 60.748390
v 12.956344 39.711220 60.795128
v 13.491217 39.380238 61.137447
v 13.214787 39.543850 60.961395
v 12.956344 39.711220 60.914661
v 12.962847 39.712578 61.034008
v 13.531704 39.388695 61.322006
v 13.237725 39.548641 61.173111
v 12.975832 39.715290 61.152802
v 12.995259 39.719345 61.270672
v 13.591819 39.401249 61.500893
v 13.283322 39.558163 61.380962
v 13.021070 39.724735 61.387260
v 13.053182 39.731441 61.502205
v 13.670832 39.417751 61.671936
v 13.351025 39.572304 61.582424
v 13.091498 39.739445 61.615143
v 13.135899 39.748718 61.725735
v 13.767785 39.437996 61.833065
v 13.440011 39.590889 61.775059
v 13.186248 39.759232 61.833637
v 13.242388 39.770958 61.938511
v 13.881500 39.461746 61.982319
v 13.549200 39.613689 61.956524
v 13.304148 39.783855 62.040035
v 13.371334 39.797886 62.137897
v 14.010598 39.488705 62.117886
v 13.677268 39.640434 62.124615
v 13.443741 39.813007 62.231792
v 13.521144 39.829170 62.321434
v 14.153511 39.518551 62.238125
v 13.822660 39.670799 62.277294
v 13.603304 39.846329 62.406540
v 13.689966 39.864429 62.486851
v 14.308505 39.550922 62.341572
v 13.983611 39.704411 62.412708
v 13.780864 39.883411 62.562119
v 13.875716 39.903221 62.632107
v 14.473697 39.585419 62.426971
v 14.158166 39.740868 62.529209
v 13.974229 39.923794 62.696606
v 14.076098 39.945068 62.755409
v 14.647083 39.621628 62.493290
v 14.344208 39.779720 62.625389
v 14.181009 39.966976 62.808338
v 14.288638 39.989452 62.855232
v 14.826558 39.659111 62.539719
v 14.539478 39.820499 62.700077
v 14.398650 40.012428 62.895939
v 14.510708 40.035831 62.930340
v 15.009944 39.697407 62.565697
v 14.741605 39.862709 62.752365
v 14.624464 40.059589 62.958324
v 14.739566 40.083626 62.979809
v 15.195014 39.736057 62.570908
v 14.855659 40.107872 62.994724
v 14.948136 39.905842 62.781624
v 14.972384 40.132248 63.003025
v 15.379522 39.774590 62.555290
v 15.089380 40.156681 63.004684
v 15.156565 39.949371 62.787495
v 15.206286 40.181095 62.999702
v 15.561229 39.812538 62.519032
v 15.322741 40.205414 62.988091
v 15.364361 39.992767 62.769905
v 15.438383 40.229565 62.969883
v 15.737927 39.849442 62.462570
v 15.552855 40.253471 62.945141
v 15.569000 40.035503 62.729069
v 15.665806 40.277061 62.913937
v 15.907474 39.884850 62.386597
v 15.776884 40.300259 62.876366
v 15.768002 40.077061 62.665482
v 15.885747 40.322994 62.832550
v 16.067810 39.918331 62.292030
v 15.958947 40.116940 62.579918
v 15.992058 40.345196 62.782619
v 16.095488 40.366795 62.726730
v 16.216990 39.949486 62.180019
v 16.195717 40.387726 62.665058
v 16.139521 40.154648 62.473415
v 16.292437 40.407925 62.597786
v 16.353203 39.977932 62.051922
v 16.385347 40.427330 62.525131
v 16.307528 40.189735 62.347267
v 16.474163 40.445877 62.447311
v 16.474794 40.003326 61.909294
v 16.558607 40.463512 62.364571
v 16.460932 40.221771 62.203003
v 16.638418 40.480179 62.277164
v 16.580288 40.025356 61.753864
v 16.713352 40.495831 62.185360
v 16.597870 40.250370 62.042374
v 16.783176 40.510410 62.089443
v 16.668406 40.043758 61.587528
v 16.847673 40.523880 61.989712
v 16.716679 40.275185 61.867329
v 16.906647 40.536198 61.886471
v 16.738075 40.058311 61.412296
v 16.959911 40.547321 61.780045
v 16.815918 40.295906 61.679996
v 17.007305 40.557217 61.670757
v 16.788452 40.068829 61.230297
v 17.048679 40.565857 61.558945
v 16.894382 40.312294 61.482647
v 17.083908 40.573215 61.444962
v 16.818926 40.075195 61.043743
v 17.112881 40.579266 61.329151
v 16.951117 40.324142 61.277676
v 17.135508 40.583992 61.211876
v 17.151720 40.587376 61.093494
v 14.956994 29.913292 62.901230
v 15.071636 29.937233 63.019981
v 15.192561 29.962486 63.132046
v 14.848990 29.890736 62.776150
v 15.319395 29.988976 63.237068
v 14.747957 29.869637 62.645130
v 15.451747 30.016615 63.334728
v 14.654208 29.850058 62.508579
v 15.589207 30.045322 63.424725
v 14.568033 29.832062 62.366917
v 15.731350 30.075006 63.506775
v 14.489697 29.815702 62.220581
v 15.877737 30.105579 63.580631
v 14.419443 29.801031 62.070023
v 16.027916 30.136942 63.646061
v 16.181423 30.169001 63.702866
v 14.357489 29.788092 61.915710
v 14.304025 29.776926 61.758118
v 16.337782 30.201654 63.750866
v 14.259216 29.767569 61.597733
v 16.496510 30.234802 63.789913
v 14.223202 29.760048 61.435051
v 16.657118 30.268343 63.819889
v 14.196094 29.754387 61.270576
v 16.819109 30.302174 63.840702
v 14.177975 29.750603 61.104820
v 16.981981 30.336187 63.852287
v 14.168901 29.748707 60.938290
v 17.145231 30.370281 63.854603
v 17.308355 30.404346 63.847652
v 14.168901 29.748707 60.771500
v 17.470850 30.438282 63.831448
v 14.177975 29.750603 60.604969
v 14.196094 29.754387 60.439209
v 17.632212 30.471981 63.806042
v 14.223202 29.760048 60.274738
v 17.791941 30.505339 63.771515
v 14.259216 29.767569 60.112057
v 17.949547 30.538254 63.727974
v 14.304025 29.776926 59.951672
v 18.104540 30.570621 63.675552
v 14.357489 29.788092 59.794079
v 18.256441 30.602345 63.614414
v 14.419443 29.801031 59.639767
v 18.404781 30.633324 63.544743
v 14.489697 29.815702 59.489208
v 18.549101 30.663464 63.466759
v 14.568033 29.832062 59.342873
v 18.688957 30.692671 63.380703
v 14.654208 29.850058 59.201210
v 18.823915 30.720856 63.286839
v 18.953558 30.747931 63.185455
v 14.747957 29.869637 59.064659
v 14.848990 29.890736 58.933640
v 19.077486 30.773811 63.076874
v 14.956994 29.913292 58.808559
v 19.195314 30.798418 62.961418
v 15.071636 29.937233 58.689804
v 19.306681 30.821674 62.839455
v 15.192561 29.962486 58.577744
v 19.411240 30.843512 62.711357
v 15.319395 29.988976 58.472721
v 19.508667 30.863857 62.577522
v 15.451747 30.016615 58.375061
v 19.598665 30.882652 62.438358
v 15.589207 30.045322 58.285065
v 19.680952 30.899837 62.294304
v 15.731350 30.075006 58.203011
v 19.755276 30.915359 62.145802
v 15.877737 30.105579 58.129158
v 19.821405 30.929171 61.993305
v 16.027916 30.136942 58.063725
v 19.879137 30.941227 61.837292
v 16.181423 30.169001 58.006924
v 19.928293 30.951492 61.678242
v 16.337782 30.201654 57.958923
v 19.968719 30.959934 61.516647
v 16.496510 30.234802 57.919876
v 20.000294 30.966528 61.353008
v 16.657118 30.268343 57.889896
v 20.022915 30.971252 61.187828
v 16.819109 30.302174 57.869087
v 20.036516 30.974094 61.021618
v 16.981981 30.336187 57.857502
v 20.041056 30.975040 60.854893
v 17.145231 30.370281 57.855183
v 20.036516 30.974094 60.688171
v 17.308355 30.404346 57.862137
v 20.022915 30.971252 60.521961
v 17.470850 30.438282 57.878342
v 20.000294 30.966528 60.356781
v 17.632212 30.471981 57.903744
v 19.968719 30.959934 60.193142
v 17.791941 30.505339 57.938271
v 19.928293 30.951492 60.031548
v 17.949547 30.538254 57.981812
v 19.879137 30.941227 59.872498
v 18.104540 30.570621 58.034233
v 19.821405 30.929171 59.716484
v 18.256441 30.602345 58.095375
v 19.755276 30.915359 59.563988
v 18.404781 30.633324 58.165047
v 19.680952 30.899837 59.415485
v 18.549101 30.663464 58.243031
v 19.598665 30.882652 59.271427
v 18.688957 30.692671 58.329086
v 19.508667 30.863857 59.132267
v 18.823915 30.720856 58.422951
v 19.411240 30.843512 58.998432
v 18.953558 30.747931 58.524330
v 19.306681 30.821674 58.870335
v 19.077486 30.773811 58.632915
v 19.195314 30.798418 58.748367
v 16.802546 40.514454 62.610332
v 16.704355 40.493950 62.706543
v 16.895350 40.533836 62.508694
v 16.601082 40.472382 62.797031
v 16.982483 40.552032 62.401947
v 16.493046 40.449821 62.881516
v 17.063673 40.568989 62.290417
v 16.380581 40.426334 62.959736
v 17.138670 40.584652 62.174450
v 16.264034 40.401993 63.031448
v 17.207243 40.598972 62.054401
v 16.143766 40.376877 63.096436
v 16.020151 40.351063 63.154491
v 17.269180 40.611908 61.930649
v 17.324287 40.623417 61.803570
v 15.893566 40.324627 63.205444
v 15.764405 40.297653 63.249126
v 17.372398 40.633465 61.673557
v 17.413361 40.642017 61.541016
v 15.633068 40.270222 63.285412
v 17.447050 40.649052 61.406357
v 15.499959 40.242424 63.314186
v 17.473360 40.654549 61.269989
v 17.492212 40.658485 61.132339
v 15.365492 40.214344 63.335354
v 15.230080 40.186062 63.348858
v 17.503548 40.660851 60.993832
v 17.507330 40.661640 60.854893
v 15.094143 40.157677 63.354652
v 14.958100 40.129265 63.352722
v 17.503548 40.660851 60.715958
v 14.822373 40.100918 63.343067
v 17.492212 40.658485 60.577450
v 17.473360 40.654549 60.439800
v 14.687382 40.072727 63.325726
v 14.553542 40.044777 63.300743
v 17.447050 40.649052 60.303432
v 17.413361 40.642017 60.168770
v 14.421268 40.017151 63.268204
v 14.290969 39.989941 63.228203
v 17.372398 40.633465 60.036228
v 14.163047 39.963226 63.180866
v 17.324287 40.623417 59.906219
v 14.037897 39.937088 63.126343
v 17.269180 40.611908 59.779140
v 13.915908 39.911613 63.064796
v 17.207243 40.598972 59.655384
v 13.797456 39.886875 62.996418
v 17.138670 40.584652 59.535339
v 13.682905 39.862953 62.921421
v 17.063673 40.568989 59.419373
v 13.572613 39.839920 62.840038
v 16.982483 40.552032 59.307842
v 13.466917 39.817848 62.752518
v 16.895350 40.533836 59.201092
v 13.366147 39.796803 62.659134
v 16.802546 40.514454 59.099457
v 13.270612 39.776852 62.560173
v 16.704355 40.493950 59.003246
v 13.180609 39.758053 62.455940
v 16.601082 40.472382 58.912758
v 13.096415 39.740471 62.346756
v 16.493046 40.449821 58.828274
v 13.018291 39.724155 62.232964
v 16.380581 40.426334 58.750053
v 12.946477 39.709160 62.114914
v 16.264034 40.401993 58.678341
v 12.881198 39.695526 61.992966
v 16.143766 40.376877 58.613354
v 12.822653 39.683300 61.867500
v 16.020151 40.351063 58.555294
v 12.771024 39.672516 61.738907
v 15.893566 40.324627 58.504345
v 12.726470 39.663212 61.607578
v 15.764405 40.297653 58.460659
v 12.689130 39.655415 61.473927
v 15.633068 40.270222 58.424374
v 12.659119 39.649147 61.338360
v 15.499959 40.242424 58.395603
v 12.636528 39.644428 61.201298
v 15.365492 40.214344 58.374432
v 12.621428 39.641277 61.063164
v 15.230080 40.186062 58.360931
v 12.613868 39.639698 60.924389
v 15.094143 40.157677 58.355137
v 12.613868 39.639698 60.785400
v 14.958100 40.129265 58.357067
v 12.621428 39.641277 60.646622
v 14.822373 40.100918 58.366722
v 12.636528 39.644428 60.508492
v 14.687382 40.072727 58.384064
v 12.659119 39.649147 60.371429
v 14.553542 40.044777 58.409046
v 12.689130 39.655415 60.235863
v 14.421268 40.017151 58.441586
v 12.726470 39.663212 60.102207
v 14.290969 39.989941 58.481586
v 12.771024 39.672516 59.970882
v 14.163047 39.963226 58.528919
v 12.822653 39.683300 59.842289
v 14.037897 39.937088 58.583447
v 12.881198 39.695526 59.716824
v 13.915908 39.911613 58.644993
v 12.946477 39.709160 59.594875
v 13.797456 39.886875 58.713367
v 13.018291 39.724155 59.476822
v 13.682905 39.862953 58.788364
v 13.096415 39.740471 59.363029
v 13.572613 39.839920 58.869747
v 13.180609 39.758053 59.253849
v 13.466917 39.817848 58.957268
v 13.270612 39.776852 59.149616
v 13.366147 39.796803 59.050655
v 18.896255 36.456779 60.854893
v 18.891718 36.455830 60.688171
v 18.878115 36.452988 60.521961
v 18.855494 36.448265 60.356781
v 18.823919 36.441669 60.193142
v 18.783493 36.433228 60.031548
v 18.734337 36.422962 59.872498
v 18.676605 36.410908 59.716484
v 18.610476 36.397095 59.563988
v 18.536152 36.381573 59.415485
v 18.453865 36.364388 59.271427
v 18.363869 36.345592 59.132267
v 18.266439 36.325249 58.998432
v 18.161880 36.303413 58.870335
v 18.050514 36.280155 58.748367
v 17.932686 36.255547 58.632915
v 17.808758 36.229668 58.524330
v 17.679115 36.202591 58.422951
v 17.544157 36.174408 58.329086
v 17.404303 36.145199 58.243031
v 17.259981 36.115059 58.165047
v 17.111641 36.084080 58.095375
v 16.959740 36.052357 58.034233
v 16.804747 36.019989 57.981812
v 16.647142 35.987076 57.938271
v 16.487411 35.953716 57.903744
v 16.326050 35.920017 57.878342
v 16.163557 35.886086 57.862137
v 16.000431 35.852016 57.855183
v 15.837181 35.817924 57.857502
v 15.674309 35.783909 57.869087
v 15.512319 35.750080 57.889896
v 15.351710 35.716537 57.919876
v 15.192982 35.683392 57.958923
v 15.036623 35.650738 58.006924
v 14.883117 35.618679 58.063725
v 14.732938 35.587315 58.129158
v 14.586550 35.556744 58.203011
v 14.444407 35.527058 58.285065
v 14.306947 35.498352 58.375061
v 14.174595 35.470711 58.472721
v 14.047761 35.444225 58.577744
v 13.926836 35.418968 58.689804
v 13.812195 35.395027 58.808559
v 13.704190 35.372471 58.933640
v 13.603158 35.351372 59.064659
v 13.509409 35.331795 59.201210
v 13.423233 35.313797 59.342873
v 13.344897 35.297440 59.489208
v 13.274644 35.282768 59.639767
v 13.212688 35.269829 59.794079
v 13.159225 35.258663 59.951672
v 13.114416 35.249306 60.112057
v 13.078403 35.241783 60.274738
v 13.051293 35.236122 60.439209
v 13.033175 35.232338 60.604969
v 13.024101 35.230442 60.771500
v 13.024101 35.230442 60.938290
v 13.033175 35.232338 61.104820
v 13.051293 35.236122 61.270576
v 13.078403 35.241783 61.435051
v 13.114416 35.249306 61.597733
v 13.159225 35.258663 61.758118
v 13.212688 35.269829 61.915710
v 13.274644 35.282768 62.070023
v 13.344897 35.297440 62.220581
v 13.423233 35.313797 62.366917
v 13.509409 35.331795 62.508579
v 13.603158 35.351372 62.645130
v 13.704190 35.372471 62.776150
v 13.812195 35.395027 62.901230
v 13.926836 35.418968 63.019981
v 14.047761 35.444225 63.132046
v 14.174595 35.470711 63.237068
v 14.306947 35.498352 63.334728
v 14.444407 35.527058 63.424725
v 14.586550 35.556744 63.506775
v 14.732938 35.587315 63.580631
v 14.883117 35.618679 63.646061
v 15.036623 35.650738 63.702866
v 15.192982 35.683392 63.750866
v 15.351710 35.716537 63.789913
v 15.512319 35.750080 63.819889
v 15.674309 35.783909 63.840702
v 15.837181 35.817924 63.852287
v 16.000431 35.852016 63.854603
v 16.163557 35.886086 63.847652
v 16.326050 35.920017 63.831448
v 16.487411 35.953716 63.806042
v 16.647142 35.987076 63.771515
v 16.804747 36.019989 63.727974
v 16.959740 36.052357 63.675552
v 17.111641 36.084080 63.614414
v 17.259981 36.115059 63.544743
v 17.404303 36.145199 63.466759
v 17.544157 36.174408 63.380703
v 17.679115 36.202591 63.286839
v 17.808758 36.229668 63.185455
v 17.932686 36.255547 63.076874
v 18.050514 36.280155 62.961418
v 18.161880 36.303413 62.839455
v 18.266439 36.325249 62.711357
v 18.363869 36.345592 62.577522
v 18.453865 36.364388 62.438358
v 18.536152 36.381573 62.294304
v 18.610476 36.397095 62.145802
v 18.676605 36.410908 61.993305
v 18.734337 36.422962 61.837292
v 18.783493 36.433228 61.678242
v 18.823919 36.441669 61.516647
v 18.855494 36.448265 61.353008
v 18.878115 36.452988 61.187828
v 18.891718 36.455830 61.021618
v 17.772488 40.429482 60.854893
v 17.911665 40.307484 60.827408
v 17.843880 40.366405 60.800449
v 17.980848 40.247051 60.854893
v 17.997522 40.205856 60.473759
v 18.101330 40.107853 60.419556
v 18.087965 40.105064 60.334915
v 17.777458 40.423851 60.774006
v 17.712372 40.479843 60.748058
v 17.707619 40.483913 60.746014
v 17.564125 40.611912 60.854893
v 17.675577 40.510666 60.719978
v 17.673395 40.512390 60.716637
v 17.677774 40.508904 60.722950
v 17.679949 40.507141 60.725594
v 17.684317 40.503559 60.730213
v 17.688311 40.500240 60.733826
v 17.693167 40.496174 60.737606
v 17.697998 40.492100 60.740837
v 17.703032 40.487827 60.743732
v 17.671278 40.514030 60.712883
v 17.669291 40.515522 60.708679
v 17.667517 40.516792 60.703979
v 17.936434 40.193100 60.146614
v 18.072239 40.101780 60.250698
v 18.054165 40.098003 60.166977
v 17.665026 40.517391 60.680004
v 17.666178 40.515911 60.673401
v 17.664667 40.518162 60.686554
v 17.665060 40.518242 60.692944
v 17.666063 40.517738 60.698742
v 17.674759 40.506897 60.653664
v 17.676992 40.504684 60.650459
v 17.672764 40.508896 60.656906
v 17.671003 40.510693 60.660175
v 17.669470 40.512287 60.663464
v 17.668161 40.513683 60.666759
v 17.815966 40.167942 59.767849
v 17.904068 40.066658 59.695061
v 17.870520 40.059654 59.616474
v 17.677156 40.138954 59.466499
v 17.834785 40.052189 59.538898
v 17.796898 40.044277 59.462399
v 17.547293 40.492935 60.050598
v 17.544905 40.493149 60.045200
v 17.549984 40.492245 60.055363
v 17.552856 40.491207 60.059547
v 17.555817 40.489918 60.063213
v 17.558794 40.488457 60.066414
v 17.561735 40.486889 60.069210
v 17.564600 40.485268 60.071644
v 17.567364 40.483627 60.073765
v 17.572746 40.480259 60.077358
v 17.542740 40.483906 60.012398
v 17.543663 40.481937 60.008896
v 17.542044 40.485676 60.015877
v 17.541567 40.487247 60.019318
v 17.541245 40.489822 60.026115
v 17.541727 40.491642 60.032719
v 17.542969 40.492744 60.039112
v 17.468266 40.095329 59.130241
v 17.536634 39.989925 59.043442
v 17.485008 39.979141 58.975845
v 17.552750 40.467850 59.990051
v 17.556208 40.463360 59.985409
v 17.549768 40.471977 59.994774
v 17.547869 40.474781 59.998299
v 17.546221 40.477375 60.001835
v 17.544821 40.479759 60.005371
v 17.260458 40.051929 58.873627
v 17.431513 39.967972 58.909786
v 17.376192 39.956417 58.845318
v 17.293047 40.430779 59.467808
v 17.289505 40.432217 59.465740
v 17.296429 40.429264 59.469551
v 17.299635 40.427715 59.471016
v 17.305752 40.424500 59.473358
v 17.311060 40.421459 59.474964
v 17.317223 40.417664 59.476391
v 17.323105 40.413807 59.477341
v 17.267481 40.435211 59.442924
v 17.264729 40.433796 59.437092
v 17.270838 40.435913 59.448330
v 17.274471 40.435959 59.452991
v 17.278246 40.435497 59.456985
v 17.282057 40.434654 59.460392
v 17.285828 40.433533 59.463287
v 17.262411 40.415165 59.403118
v 17.263414 40.412174 59.399384
v 17.261658 40.417946 59.406811
v 17.261147 40.420517 59.410454
v 17.260868 40.422878 59.414040
v 17.260813 40.425030 59.417561
v 17.260973 40.426979 59.421005
v 17.261339 40.428722 59.424374
v 17.262665 40.431641 59.430908
v 16.976273 39.992580 58.600998
v 17.022116 39.882473 58.505642
v 16.955656 39.868595 58.453289
v 16.887760 39.854416 58.402893
v 16.712524 39.937500 58.405239
v 16.818483 39.839947 58.354504
v 16.869375 40.350109 58.946442
v 16.864740 40.350391 58.943470
v 16.873907 40.349415 58.948860
v 16.878277 40.348419 58.950802
v 16.882448 40.347210 58.952347
v 16.886396 40.345852 58.953564
v 16.890110 40.344410 58.954502
v 16.893587 40.342918 58.955219
v 16.842936 40.337761 58.913033
v 16.842146 40.335434 58.909718
v 16.843918 40.339882 58.916233
v 16.845081 40.341793 58.919319
v 16.847940 40.345032 58.925175
v 16.851435 40.347485 58.930553
v 16.855515 40.349178 58.935459
v 16.860083 40.350132 58.939842
v 16.370899 39.866154 58.213379
v 16.392841 39.751057 58.115456
v 16.315725 39.734951 58.081631
v 16.841558 40.332890 58.906300
v 16.841185 40.330135 58.902775
v 16.367334 40.237453 58.558784
v 16.363201 40.238770 58.558498
v 16.371176 40.236034 58.558865
v 16.374731 40.234562 58.558788
v 16.381308 40.231438 58.558273
v 16.067781 39.802853 58.090778
v 16.237694 39.718655 58.050068
v 16.158812 39.702183 58.020798
v 16.332956 40.240047 58.548599
v 16.327812 40.238129 58.544926
v 16.338446 40.241196 58.551685
v 16.343845 40.241608 58.554050
v 16.349066 40.241447 58.555817
v 16.354053 40.240849 58.557087
v 16.358772 40.239925 58.557957
v 16.312422 40.222385 58.524582
v 16.311218 40.219460 58.521400
v 16.313808 40.225094 58.527622
v 16.315367 40.227585 58.530518
v 16.317085 40.229858 58.533272
v 16.318953 40.231918 58.535881
v 16.323132 40.235432 58.540691
v 16.310209 40.216309 58.518082
v 15.690183 39.723995 57.991734
v 15.688349 39.603931 57.897400
v 15.605421 39.586613 57.884228
v 15.366742 39.656448 57.949993
v 15.522159 39.569225 57.873482
v 15.438630 39.551781 57.865170
v 15.750010 40.116341 58.309650
v 15.744514 40.116444 58.309200
v 15.755160 40.115776 58.309696
v 15.759953 40.114872 58.309437
v 15.764389 40.113716 58.308945
v 15.768476 40.112389 58.308281
v 15.772230 40.110950 58.307495
v 15.775668 40.109455 58.306629
v 15.781941 40.106270 58.304691
v 15.787112 40.103199 58.302731
v 15.713575 40.103821 58.296188
v 15.711253 40.101421 58.294056
v 15.716009 40.105999 58.298153
v 15.721211 40.109726 58.301620
v 15.726767 40.112610 58.304443
v 15.732636 40.114677 58.306652
v 15.738706 40.115944 58.308247
v 14.976895 39.575031 57.949993
v 14.952908 39.450340 57.865170
v 14.869378 39.432899 57.873482
v 15.701698 40.086029 58.280861
v 15.699832 40.080891 58.276577
v 15.703295 40.089561 58.283836
v 15.705062 40.092869 58.286644
v 15.706985 40.095947 58.289284
v 15.709053 40.098797 58.291752
v 15.139674 39.972137 58.211346
v 15.134043 39.975456 58.214588
v 15.144232 39.968941 58.208344
v 15.130909 39.977020 58.216187
v 15.127450 39.978516 58.217789
v 14.653456 39.507484 57.991734
v 14.786116 39.415508 57.884228
v 14.703188 39.398190 57.897400
v 15.092278 39.980946 58.224819
v 15.086061 39.978806 58.224216
v 15.098544 39.982254 58.224819
v 15.104408 39.982765 58.224308
v 15.109848 39.982651 58.223408
v 15.114859 39.982056 58.222229
v 15.119450 39.981110 58.220856
v 15.123639 39.979900 58.219360
v 15.060800 39.958321 58.213261
v 15.058423 39.954887 58.211140
v 15.063289 39.961517 58.215195
v 15.065878 39.964478 58.216938
v 15.068556 39.967201 58.218498
v 15.071312 39.969692 58.219875
v 15.074138 39.971951 58.221077
v 15.080003 39.975819 58.222977
v 14.275856 39.428627 58.090778
v 14.232725 39.299938 58.020798
v 14.153844 39.283466 58.050068
v 14.075812 39.267170 58.081631
v 13.972739 39.365326 58.213379
v 13.998696 39.251064 58.115456
v 14.468803 39.848774 58.302513
v 14.463746 39.848969 58.304703
v 14.473380 39.848091 58.300182
v 14.477505 39.847046 58.297783
v 14.481211 39.845737 58.295376
v 14.484533 39.844250 58.292995
v 14.487508 39.842651 58.290680
v 14.490168 39.840992 58.288448
v 14.430649 39.835896 58.309132
v 14.427655 39.833355 58.308594
v 14.433668 39.838196 58.309494
v 14.439795 39.842117 58.309711
v 14.445952 39.845123 58.309280
v 14.452117 39.847256 58.308247
v 14.458186 39.848522 58.306656
v 14.424696 39.830574 58.307877
v 14.421779 39.827545 58.306965
v 13.631114 39.293980 58.405239
v 13.573054 39.162174 58.354504
v 13.503777 39.147705 58.402893
v 13.882455 39.716293 58.526291
v 13.880123 39.718025 58.529175
v 13.884501 39.714504 58.523567
v 13.888019 39.710743 58.518394
v 13.367366 39.238899 58.600998
v 13.435881 39.133526 58.453289
v 13.369422 39.119648 58.505642
v 13.852377 39.722004 58.551685
v 13.846663 39.719971 58.554298
v 13.857867 39.723152 58.548603
v 13.862782 39.723465 58.545338
v 13.867156 39.723129 58.541996
v 13.871032 39.722298 58.538658
v 13.874454 39.721104 58.535385
v 13.877470 39.719654 58.532215
v 13.816728 39.695572 58.558231
v 13.813745 39.691750 58.557625
v 13.819738 39.699139 58.558632
v 13.822764 39.702450 58.558834
v 13.825795 39.705502 58.558849
v 13.828824 39.708298 58.558685
v 13.831841 39.710842 58.558350
v 13.834844 39.713139 58.557846
v 13.840814 39.717026 58.556366
v 13.083179 39.179550 58.873627
v 13.015346 39.045704 58.845318
v 12.960024 39.034149 58.909786
v 13.809770 39.686172 58.556473
v 13.805900 39.680149 58.554920
v 12.875372 39.136154 59.130241
v 12.906528 39.022980 58.975845
v 12.854903 39.012196 59.043442
v 13.345660 39.612579 58.922668
v 13.342709 39.613602 58.926804
v 13.348190 39.611202 58.918728
v 13.350353 39.609570 58.914997
v 13.352198 39.607777 58.911491
v 13.353766 39.605881 58.908215
v 13.360234 39.591290 58.889271
v 13.355101 39.603943 58.905170
v 13.357276 39.599903 58.899494
v 13.358812 39.596073 58.894703
v 13.315290 39.604637 58.950531
v 13.312516 39.602386 58.951866
v 13.320697 39.608406 58.947445
v 13.325848 39.611202 58.943871
v 13.330741 39.613068 58.939846
v 13.335308 39.614021 58.935463
v 13.339278 39.614136 58.931087
v 13.297924 39.587227 58.956203
v 13.294908 39.583397 58.956539
v 13.300920 39.590790 58.955681
v 13.303883 39.594086 58.954971
v 13.306808 39.597115 58.954094
v 13.309687 39.599880 58.953056
v 12.666482 39.092529 59.466499
v 12.594640 38.957844 59.462399
v 12.556751 38.949932 59.538898
v 12.521018 38.942471 59.616474
v 12.934664 39.518356 59.412460
v 12.933928 39.520424 59.415916
v 12.935228 39.516258 59.409283
v 12.527673 39.063541 59.767849
v 12.487470 38.935463 59.695061
v 12.919986 39.527287 59.448334
v 12.916232 39.525658 59.453518
v 12.923344 39.527988 59.442928
v 12.926127 39.527855 59.437721
v 12.928415 39.527084 59.432762
v 12.930278 39.525833 59.428093
v 12.931781 39.524239 59.423725
v 12.932981 39.522408 59.419670
v 12.897738 39.509266 59.470490
v 12.895057 39.506031 59.472061
v 12.900342 39.512230 59.468773
v 12.902864 39.514919 59.466927
v 12.905303 39.517345 59.464954
v 12.907655 39.519505 59.462875
v 12.912123 39.523079 59.458378
v 12.407204 39.038380 60.146614
v 12.337373 38.904118 60.166977
v 12.319298 38.900341 60.250698
v 12.346115 39.025623 60.473759
v 12.303572 38.897057 60.334915
v 12.290208 38.894268 60.419556
v 12.650985 39.467506 60.023163
v 12.650307 39.469002 60.028076
v 12.651389 39.465683 60.018650
v 12.651577 39.463638 60.014523
v 12.651594 39.461460 60.010757
v 12.651480 39.459217 60.007336
v 12.651267 39.456959 60.004227
v 12.650608 39.452324 59.998627
v 12.649290 39.470039 60.033398
v 12.647857 39.470455 60.039116
v 12.637549 39.463097 60.062683
v 12.635789 39.461060 60.065380
v 12.640766 39.466412 60.057056
v 12.643552 39.468712 60.051220
v 12.645921 39.470051 60.045204
v 12.629849 39.453323 60.072994
v 12.627652 39.450188 60.075336
v 12.631939 39.456177 60.070545
v 12.633919 39.458755 60.068005
v 12.321637 39.020512 60.871231
v 12.259709 38.887897 60.914780
v 12.262584 38.888496 61.000465
v 12.521058 39.429764 60.652622
v 12.522008 39.432178 60.655464
v 12.519085 39.424858 60.647594
v 12.517220 39.420319 60.643604
v 12.342107 39.024788 61.203617
v 12.267853 38.889599 61.086029
v 12.275514 38.891197 61.171406
v 12.526160 39.445042 60.686558
v 12.525766 39.444958 60.692947
v 12.526161 39.444324 60.680691
v 12.525859 39.443012 60.675346
v 12.525330 39.441261 60.670498
v 12.524634 39.439209 60.666119
v 12.523824 39.436958 60.662178
v 12.522938 39.434593 60.658638
v 12.515508 39.426765 60.727589
v 12.513837 39.423477 60.730480
v 12.517050 39.429764 60.724628
v 12.518462 39.432480 60.721603
v 12.519748 39.434910 60.718529
v 12.520908 39.437069 60.715416
v 12.521947 39.438953 60.712269
v 12.523676 39.441956 60.705868
v 12.524942 39.443943 60.699421
v 12.415157 39.040043 61.594818
v 12.366529 38.910206 61.658817
v 12.390172 38.915142 61.741081
v 12.512036 39.419903 60.733280
v 12.509394 39.414604 60.736912
v 12.515900 39.061081 61.911564
v 12.416106 38.920559 61.822620
v 12.444310 38.926449 61.903366
v 12.540508 39.415016 61.300434
v 12.561207 39.448757 61.329418
v 12.562889 39.450745 61.333893
v 12.559480 39.446487 61.325451
v 12.557749 39.444042 61.321945
v 12.556043 39.441505 61.318851
v 12.554383 39.438942 61.316128
v 12.552786 39.436390 61.313728
v 12.549679 39.431248 61.309586
v 12.546926 39.426521 61.306408
v 12.543671 39.420761 61.303150
v 12.568210 39.451256 61.364044
v 12.568110 39.448597 61.370815
v 12.567856 39.452904 61.357388
v 12.567073 39.453583 61.350864
v 12.565899 39.453339 61.344578
v 12.564476 39.452328 61.338932
v 12.565671 39.437241 61.387844
v 12.564774 39.434116 61.391216
v 12.566425 39.440075 61.384445
v 12.567042 39.442623 61.381035
v 12.567526 39.444889 61.377621
v 12.567880 39.446877 61.374214
v 12.681889 39.095745 62.271919
v 12.651121 38.969639 62.352345
v 12.694046 38.978603 62.426018
v 12.739016 38.987995 62.498405
v 12.856574 39.132229 62.553116
v 12.785991 38.997807 62.569450
v 12.764576 39.494831 61.971832
v 12.767243 39.495388 61.977623
v 12.761827 39.493542 61.966763
v 12.759072 39.491718 61.962345
v 12.756363 39.489513 61.958519
v 12.753736 39.487057 61.955215
v 12.751220 39.484447 61.952366
v 12.748828 39.481770 61.949913
v 12.746572 39.479076 61.947807
v 12.744453 39.476418 61.946003
v 12.774628 39.485977 62.007408
v 12.774876 39.483608 62.010990
v 12.774251 39.488060 62.003868
v 12.773752 39.489872 62.000381
v 12.773137 39.491413 61.996948
v 12.771569 39.493729 61.990227
v 12.769595 39.495037 61.983784
v 13.105072 39.184124 62.859978
v 13.095602 39.062466 62.951782
v 13.155113 39.074894 63.012234
v 13.342724 39.233753 63.087963
v 13.216291 39.087669 63.070923
v 13.279086 39.100784 63.127800
v 13.095199 39.558365 62.515842
v 13.098536 39.560970 62.518280
v 13.092080 39.555634 62.513824
v 13.089181 39.552849 62.512173
v 13.086497 39.550068 62.510818
v 13.084020 39.547333 62.509720
v 13.079455 39.541885 62.508064
v 13.120976 39.566696 62.545074
v 13.124147 39.564716 62.551319
v 13.117485 39.567688 62.539246
v 13.113702 39.567741 62.533833
v 13.109708 39.566910 62.528900
v 13.105817 39.565380 62.524727
v 13.102081 39.563351 62.521214
v 13.132688 39.544769 62.581100
v 13.133160 39.539654 62.586323
v 13.131924 39.549358 62.575943
v 13.131186 39.552406 62.572193
v 13.130308 39.555161 62.568508
v 13.129302 39.557629 62.564896
v 13.128174 39.559811 62.561363
v 13.126934 39.561714 62.557922
v 13.125589 39.563351 62.554573
v 13.658116 39.299622 63.322052
v 13.672044 39.182846 63.419460
v 13.744402 39.197960 63.462894
v 13.545352 39.639183 62.969242
v 13.550148 39.644680 62.969456
v 13.541441 39.634216 62.969429
v 13.537160 39.628239 62.970043
v 13.943802 39.359283 63.482498
v 13.817945 39.213318 63.504196
v 13.892614 39.228912 63.543335
v 13.579610 39.665043 62.980789
v 13.584679 39.666100 62.984550
v 13.574828 39.663330 62.977768
v 13.570363 39.661148 62.975380
v 13.566225 39.658642 62.973522
v 13.562411 39.655937 62.972103
v 13.558913 39.653126 62.971050
v 13.555717 39.650276 62.970295
v 13.552801 39.647449 62.969780
v 13.605467 39.659489 63.008095
v 13.607434 39.657478 63.011353
v 13.603415 39.661224 63.004967
v 13.601284 39.662693 63.001968
v 13.599085 39.663902 62.999096
v 13.594478 39.665581 62.993721
v 13.589665 39.666298 62.988876
v 13.609305 39.655193 63.014732
v 13.611071 39.652622 63.018227
v 14.306273 39.434982 63.629108
v 14.344228 39.323227 63.726002
v 14.424886 39.340069 63.749687
v 13.612719 39.649769 63.021835
v 14.622041 39.500927 63.711933
v 14.506173 39.357048 63.771008
v 14.588024 39.374142 63.789948
v 14.126018 39.773640 63.295334
v 14.130044 39.776390 63.295643
v 14.122386 39.770802 63.295311
v 14.119119 39.767937 63.295502
v 14.116183 39.765106 63.295856
v 14.113550 39.762337 63.296329
v 14.108880 39.756866 63.297565
v 14.162320 39.784168 63.307976
v 14.168108 39.782738 63.312149
v 14.156468 39.784668 63.304417
v 14.150580 39.784283 63.301453
v 14.144754 39.783066 63.299095
v 14.139393 39.781231 63.297424
v 14.134494 39.778957 63.296307
v 14.179230 39.776894 63.322311
v 14.181881 39.774769 63.325245
v 14.176517 39.778744 63.319534
v 14.173753 39.780331 63.316917
v 14.170947 39.781662 63.314453
v 15.008814 39.581699 63.761848
v 15.069917 39.474777 63.852139
v 15.153807 39.492298 63.854588
v 15.334825 39.649784 63.761848
v 15.237731 39.509823 63.854588
v 15.321621 39.527344 63.852139
v 14.769632 39.913567 63.463829
v 14.775849 39.914864 63.464630
v 14.764036 39.911682 63.463604
v 14.759028 39.909386 63.463833
v 14.754566 39.906815 63.464401
v 14.750603 39.904079 63.465225
v 14.747093 39.901264 63.466228
v 14.743989 39.898434 63.467354
v 14.741246 39.895641 63.468555
v 14.738824 39.892921 63.469795
v 14.808761 39.908363 63.478233
v 14.812059 39.906376 63.480537
v 14.805441 39.910088 63.476112
v 14.802114 39.911556 63.474167
v 14.798784 39.912777 63.472397
v 14.795463 39.913754 63.470798
v 14.788824 39.915009 63.468094
v 14.782280 39.915363 63.466049
v 15.721597 39.730556 63.711933
v 15.803514 39.627983 63.789948
v 15.885364 39.645077 63.771008
v 16.037365 39.796501 63.629108
v 15.966652 39.662052 63.749687
v 16.047310 39.678894 63.726002
v 15.396924 40.039055 63.471096
v 15.400550 40.041721 63.469196
v 15.393782 40.036316 63.473068
v 15.391063 40.033569 63.475056
v 15.388713 40.030857 63.477032
v 15.386683 40.028217 63.478962
v 15.383286 40.023014 63.482784
v 15.380786 40.018341 63.486240
v 15.427777 40.050167 63.463612
v 15.434625 40.049877 63.464020
v 15.421198 40.049637 63.463825
v 15.414981 40.048340 63.464630
v 15.409511 40.046482 63.465870
v 15.404723 40.044231 63.467426
v 15.472939 40.033504 63.477428
v 15.477992 40.029346 63.480721
v 15.467826 40.037186 63.474503
v 15.464033 40.039593 63.472580
v 15.460244 40.041740 63.470852
v 15.456470 40.043629 63.469322
v 15.452724 40.045265 63.467987
v 15.449013 40.046658 63.466839
v 15.445346 40.047806 63.465874
v 15.441730 40.048717 63.465084
v 16.399836 39.872200 63.482498
v 16.498922 39.773209 63.543335
v 16.573591 39.788803 63.504196
v 16.012533 40.150276 63.332233
v 16.014088 40.154751 63.328041
v 16.011217 40.144920 63.337132
v 16.010406 40.139664 63.341835
v 16.685522 39.931862 63.322052
v 16.647135 39.804161 63.462894
v 16.719494 39.819275 63.419460
v 16.035257 40.177162 63.304081
v 16.040249 40.178921 63.301453
v 16.031008 40.175026 63.306870
v 16.027407 40.172634 63.309727
v 16.024370 40.170090 63.312584
v 16.021818 40.167477 63.315395
v 16.019682 40.164848 63.318127
v 16.017900 40.162258 63.320747
v 16.016418 40.159733 63.323246
v 16.081663 40.174194 63.296139
v 16.085707 40.172363 63.296795
v 16.077694 40.175785 63.295673
v 16.073805 40.177135 63.295391
v 16.070007 40.178257 63.295292
v 16.066301 40.179153 63.295361
v 16.059143 40.180302 63.296001
v 16.052401 40.180614 63.297256
v 16.046076 40.180134 63.299095
v 17.000914 39.997726 63.087963
v 17.112452 39.901337 63.127800
v 17.175245 39.914452 63.070923
v 16.089815 40.170280 63.297653
v 17.238565 40.047359 62.859978
v 17.236423 39.927227 63.012234
v 17.295935 39.939655 62.951782
v 16.591742 40.286499 63.003124
v 16.593513 40.288952 62.999645
v 16.590351 40.284027 63.006420
v 16.589277 40.281582 63.009525
v 16.588463 40.279198 63.012432
v 16.616905 40.298504 62.977440
v 16.623140 40.298084 62.974598
v 16.611219 40.298161 62.980785
v 16.606152 40.297100 62.984547
v 16.601961 40.295513 62.988400
v 16.598530 40.293545 62.992241
v 16.595747 40.291325 62.996006
v 16.645054 40.291851 62.969559
v 16.649147 40.290031 62.969307
v 16.641079 40.293442 62.969994
v 16.637232 40.294804 62.970600
v 16.633516 40.295940 62.971371
v 16.629934 40.296864 62.972298
v 17.487064 40.099255 62.553116
v 17.605547 40.004314 62.569450
v 17.652521 40.014126 62.498405
v 17.661749 40.135735 62.271919
v 17.697491 40.023518 62.426018
v 17.740416 40.032482 62.352345
v 17.074011 40.394093 62.538662
v 17.077127 40.395458 62.533829
v 17.071630 40.392345 62.543320
v 17.069862 40.390339 62.547756
v 17.068598 40.388165 62.551945
v 17.067739 40.385906 62.555870
v 17.067209 40.383614 62.559525
v 17.066938 40.381336 62.562920
v 17.066874 40.379108 62.566055
v 17.067204 40.374680 62.571850
v 17.107485 40.390846 62.511417
v 17.111242 40.389210 62.510109
v 17.103891 40.392258 62.512871
v 17.100468 40.393459 62.514465
v 17.097214 40.394447 62.516186
v 17.091177 40.395828 62.520008
v 17.085817 40.396431 62.524258
v 17.081121 40.396294 62.528900
v 17.827738 40.170399 61.911564
v 17.947227 40.075672 61.903366
v 17.975431 40.081562 61.822620
v 17.119242 40.385265 62.507980
v 17.123468 40.382950 62.507179
v 17.115164 40.387352 62.508961
v 17.928480 40.191441 61.594818
v 18.001366 40.086979 61.741081
v 18.025007 40.091915 61.658817
v 17.419905 40.459450 62.001736
v 17.419767 40.461506 61.997612
v 17.420294 40.457352 62.005524
v 17.420874 40.455254 62.008991
v 17.421587 40.453186 62.012157
v 17.423346 40.449059 62.017914
v 17.425245 40.445305 62.022636
v 17.427843 40.440765 62.027840
v 17.420584 40.465221 61.988304
v 17.421745 40.466713 61.983128
v 17.419962 40.463451 61.993137
v 17.429676 40.468243 61.966183
v 17.433844 40.467392 61.960789
v 17.426252 40.468369 61.971828
v 17.423584 40.467815 61.977619
v 17.462122 40.453671 61.941158
v 17.467720 40.450092 61.939137
v 17.458202 40.456055 61.942844
v 17.454472 40.458214 61.944683
v 17.450937 40.460152 61.946655
v 17.447601 40.461876 61.948753
v 17.444462 40.463383 61.950966
v 17.441521 40.464684 61.953281
v 17.438778 40.465778 61.955688
v 18.001532 40.206696 61.203617
v 18.116024 40.110924 61.171406
v 18.123684 40.112522 61.086029
v 18.093468 40.148090 60.899574
v 18.128954 40.113625 61.000465
v 18.131828 40.114223 60.914780
v 18.055519 40.181511 60.884529
v 18.017982 40.214497 60.869633
v 17.623320 40.508812 61.356701
v 17.623755 40.509617 61.350861
v 17.623461 40.507591 61.362076
v 17.624044 40.506073 61.366997
v 17.624958 40.504356 61.371475
v 17.626108 40.502514 61.375542
v 17.627422 40.500607 61.379223
v 17.628841 40.498684 61.382549
v 17.630318 40.496777 61.385548
v 17.633450 40.492935 61.390903
v 17.640059 40.502068 61.317360
v 17.642796 40.500221 61.314602
v 17.637543 40.503704 61.320190
v 17.635246 40.505142 61.323082
v 17.633165 40.506374 61.326027
v 17.629610 40.508274 61.332088
v 17.626877 40.509426 61.338280
v 17.624929 40.509861 61.344574
v 17.645756 40.498161 61.311928
v 17.699848 40.475903 60.561539
v 17.699863 40.482956 60.629917
v 17.704920 40.478287 60.627056
v 17.695189 40.487309 60.632965
v 17.690765 40.491459 60.636269
v 17.686255 40.495731 60.640152
v 17.682186 40.499630 60.644211
v 17.679466 40.502262 60.647305
v 17.799427 40.390972 60.577450
v 17.856924 40.282761 60.235298
v 17.896925 40.300194 60.526371
v 17.822321 40.284615 60.126846
v 17.711700 40.372650 60.107655
v 17.652512 40.466015 60.271744
v 17.604452 40.457306 60.089020
v 17.577522 40.477104 60.080051
v 17.583178 40.473206 60.082741
v 17.588675 40.469269 60.084896
v 17.594288 40.465115 60.086693
v 17.599318 40.461296 60.087986
v 17.658787 40.241379 59.645695
v 17.647911 40.359329 59.907097
v 17.730610 40.265461 59.838501
v 17.561090 40.230061 59.470482
v 17.448576 40.317699 59.474346
v 17.466030 40.427071 59.716824
v 17.339485 40.401970 59.478100
v 17.329014 40.409718 59.477924
v 17.334230 40.405937 59.478149
v 17.563540 40.454487 59.977474
v 17.567776 40.449646 59.973709
v 17.559719 40.459015 59.981342
v 17.339233 40.174644 59.114624
v 17.337967 40.294601 59.296295
v 17.402067 40.196850 59.214493
v 17.148285 40.143848 58.901104
v 17.039545 40.232277 58.927784
v 17.165274 40.364262 59.216995
v 17.272669 40.393742 59.380165
v 17.275892 40.388687 59.375732
v 17.269878 40.398487 59.384609
v 17.267433 40.403049 59.389183
v 17.265182 40.407795 59.394291
v 16.976393 40.324818 58.995438
v 16.934124 40.317314 58.953690
v 16.900110 40.339787 58.956165
v 16.905668 40.336796 58.956585
v 16.912016 40.333042 58.956654
v 16.917978 40.329201 58.956341
v 16.923876 40.325108 58.955677
v 16.929012 40.321312 58.954815
v 16.913733 40.085785 58.667797
v 16.889067 40.200851 58.783424
v 16.931940 40.098667 58.693558
v 16.764801 40.280628 58.796448
v 16.845528 40.304539 58.875515
v 16.847609 40.299244 58.870693
v 16.843874 40.309521 58.880260
v 16.842588 40.314327 58.885052
v 16.841618 40.319340 58.890308
v 16.841116 40.323982 58.895447
v 16.841032 40.327164 58.899155
v 16.667513 40.034363 58.482922
v 16.609838 40.031403 58.454491
v 16.510313 40.121754 58.502308
v 16.533066 40.232231 58.622452
v 16.386818 40.228439 58.557480
v 16.393017 40.224655 58.556194
v 16.398746 40.220764 58.554634
v 16.404331 40.216606 58.552765
v 16.409126 40.212738 58.550873
v 16.413836 40.208656 58.548740
v 16.284000 40.180218 58.475548
v 16.309834 40.186939 58.490334
v 16.329418 40.083977 58.400715
v 16.308956 40.192482 58.495239
v 16.308475 40.197708 58.499985
v 16.308365 40.202759 58.504696
v 16.308672 40.208038 58.509766
v 16.309408 40.212940 58.514629
v 16.123047 39.920658 58.201447
v 16.349766 39.977089 58.308430
v 15.979586 39.899780 58.158703
v 15.894128 39.993069 58.224651
v 16.020626 40.125214 58.357533
v 15.811314 40.082829 58.288696
v 15.792835 40.099312 58.300171
v 15.798038 40.095314 58.297462
v 15.803024 40.091030 58.294502
v 15.807240 40.087040 58.291698
v 15.531504 39.797123 58.048416
v 15.694185 39.951313 58.172207
v 15.692127 39.839748 58.083305
v 15.297128 39.757256 58.032330
v 15.229711 39.854313 58.112267
v 15.463881 40.008945 58.213501
v 15.696670 40.064613 58.263229
v 15.696360 40.058819 58.258545
v 15.697326 40.070076 58.267677
v 15.698333 40.075363 58.272007
v 15.177266 39.949089 58.189240
v 15.149183 39.964893 58.204670
v 15.153595 39.960728 58.200981
v 15.157739 39.956268 58.197121
v 15.161168 39.952114 58.193581
v 15.164416 39.947731 58.189896
v 14.921520 39.669731 58.031239
v 15.023283 39.811203 58.112267
v 15.000345 39.695278 58.032330
v 14.605347 39.612785 58.083305
v 14.558808 39.714203 58.172207
v 14.889779 39.889050 58.197334
v 15.045733 39.922943 58.189896
v 15.047137 39.928967 58.194061
v 15.048822 39.934643 58.197933
v 15.050821 39.940136 58.201614
v 15.053351 39.945881 58.205395
v 15.056173 39.951218 58.208828
v 14.604908 39.829559 58.237690
v 14.513790 39.811855 58.258545
v 14.494862 39.837475 58.284103
v 14.498571 39.834099 58.280251
v 14.502504 39.829842 58.275688
v 14.505912 39.825466 58.271259
v 14.509018 39.820793 58.266735
v 14.511510 39.816441 58.262680
v 14.326112 39.771336 58.309814
v 14.401175 39.794064 58.292084
v 14.398835 39.787846 58.288696
v 14.403714 39.799919 58.295135
v 14.406515 39.805580 58.297935
v 14.409854 39.811493 58.300686
v 14.413392 39.816978 58.303055
v 14.416115 39.820747 58.304562
v 14.418915 39.824272 58.305862
v 14.358866 39.672447 58.224651
v 14.036453 39.484898 58.260204
v 14.317888 39.552753 58.158703
v 13.947708 39.475445 58.308430
v 13.923576 39.581543 58.400715
v 14.056774 39.715088 58.412830
v 13.900316 39.683735 58.490334
v 13.890700 39.707153 58.513931
v 13.893431 39.702644 58.508774
v 13.895685 39.698029 58.503872
v 13.897625 39.693108 58.498970
v 13.899082 39.688541 58.494659
v 13.507991 39.374535 58.571892
v 13.742682 39.543766 58.502308
v 13.687635 39.421131 58.454491
v 13.365535 39.353863 58.693558
v 13.363928 39.464664 58.783424
v 13.559399 39.611214 58.706188
v 13.361256 39.586418 58.884209
v 13.361977 39.581245 58.879242
v 13.362369 39.576458 58.874943
v 13.362542 39.571426 58.870693
v 13.799368 39.668381 58.551140
v 13.796313 39.662018 58.548740
v 13.802537 39.674370 58.553177
v 13.059042 39.280773 58.994095
v 13.213449 39.433239 58.927784
v 13.149189 39.308681 58.901104
v 12.895407 39.255684 59.214493
v 12.915028 39.370918 59.296295
v 13.136857 39.522972 59.103554
v 13.279531 39.559818 58.954945
v 13.276026 39.553360 58.953690
v 13.283064 39.565884 58.955845
v 13.286714 39.571720 58.956421
v 13.290807 39.577793 58.956673
v 12.960212 39.486080 59.335407
v 12.934258 39.481987 59.375732
v 12.935982 39.511921 59.403461
v 12.936330 39.507843 59.398640
v 12.936417 39.502781 59.393276
v 12.936206 39.497650 59.388374
v 12.935727 39.492226 59.383648
v 12.935092 39.487225 59.379631
v 12.711336 39.208160 59.506378
v 12.804419 39.347820 59.474346
v 12.736382 39.222473 59.470482
v 12.809606 39.454628 59.585701
v 12.874329 39.475197 59.478134
v 12.870664 39.468704 59.478100
v 12.877935 39.481277 59.477837
v 12.881578 39.487114 59.477207
v 12.885573 39.493164 59.476151
v 12.889482 39.498726 59.474735
v 12.892303 39.502518 59.473484
v 12.580925 39.180927 59.788685
v 12.566863 39.187069 59.838501
v 12.605083 39.306190 59.907097
v 12.686866 39.428997 59.851402
v 12.649797 39.448006 59.994080
v 12.648607 39.442677 59.989120
v 12.647243 39.437305 59.984684
v 12.645662 39.431652 59.980499
v 12.644100 39.426453 59.977020
v 12.642373 39.421028 59.973709
v 12.593483 39.409492 60.129284
v 12.605698 39.413368 60.089020
v 12.541293 39.292870 60.107655
v 12.609220 39.419834 60.087830
v 12.612607 39.425865 60.086353
v 12.615951 39.431641 60.084560
v 12.619530 39.437603 60.082256
v 12.622942 39.443062 60.079655
v 12.625349 39.446766 60.077560
v 12.414884 39.146248 60.388542
v 12.475152 39.167919 60.126846
v 12.400549 39.152336 60.526371
v 12.453568 39.274548 60.577450
v 12.530591 39.396358 60.415974
v 12.505229 39.392387 60.627056
v 12.514892 39.414749 60.639362
v 12.512522 39.409168 60.635670
v 12.510006 39.403320 60.632290
v 12.507676 39.397964 60.629566
v 12.381269 39.139229 61.010975
v 12.440605 39.271839 60.787914
v 12.381913 39.148445 60.828957
v 12.406913 39.153667 61.234882
v 12.470002 39.277981 61.265240
v 12.498953 39.389751 61.001793
v 12.500863 39.397205 60.745720
v 12.497777 39.390831 60.748058
v 12.503751 39.403133 60.743160
v 12.506522 39.408787 60.740318
v 12.531444 39.397861 61.294716
v 12.537282 39.409016 61.298069
v 12.534392 39.403542 61.296268
v 12.481707 39.160206 61.625854
v 12.462524 39.165279 61.532700
v 12.585556 39.190975 61.919518
v 12.653354 39.316273 61.927242
v 12.508682 39.286057 61.472385
v 12.593483 39.409492 61.580502
v 12.556067 39.408733 61.410473
v 12.553682 39.402508 61.413815
v 12.558206 39.414505 61.406986
v 12.560166 39.419991 61.403271
v 12.562086 39.425606 61.398979
v 12.563732 39.430698 61.394550
v 12.686866 39.428997 61.858387
v 12.719369 39.437107 61.934742
v 12.740464 39.471088 61.943008
v 12.737051 39.466225 61.940842
v 12.733136 39.460327 61.938770
v 12.729445 39.454472 61.937202
v 12.725777 39.448383 61.936001
v 12.722570 39.442841 61.935242
v 12.809606 39.454628 62.124088
v 12.771360 39.453693 62.040318
v 12.769901 39.447662 62.044449
v 12.772552 39.459270 62.036125
v 12.773514 39.464546 62.031773
v 12.774296 39.469925 62.026859
v 12.774781 39.474773 62.021912
v 12.774959 39.478012 62.018253
v 12.774988 39.480957 62.014610
v 12.741246 39.334625 62.118053
v 12.871355 39.241577 62.469349
v 12.711920 39.217365 62.193848
v 12.925253 39.261917 62.537262
v 12.992103 39.387016 62.521870
v 12.960212 39.486080 62.374382
v 13.057197 39.507660 62.506920
v 13.075648 39.536938 62.507042
v 13.071383 39.530968 62.506287
v 13.067458 39.525063 62.505966
v 13.063647 39.518944 62.506004
v 13.060387 39.513390 62.506329
v 13.272116 39.325272 62.939445
v 13.123685 39.414494 62.684353
v 13.114429 39.301422 62.770870
v 13.404660 39.362034 63.049294
v 13.464963 39.485767 63.011749
v 13.337398 39.564854 62.816826
v 13.533311 39.622349 62.970985
v 13.529663 39.616264 62.972263
v 13.526614 39.610756 62.973652
v 13.523700 39.605083 62.975292
v 13.133220 39.529266 62.595676
v 13.132848 39.523460 62.600338
v 13.133319 39.534611 62.591042
v 13.763805 39.427956 63.308632
v 13.631967 39.520645 63.135704
v 13.644762 39.412178 63.227501
v 13.993653 39.485039 63.423447
v 14.042224 39.606319 63.366112
v 13.800164 39.661495 63.164295
v 13.619717 39.625137 63.046558
v 13.618905 39.630695 63.041653
v 13.617841 39.635799 63.036873
v 13.616505 39.640594 63.032082
v 13.614743 39.645443 63.026878
v 14.056774 39.715088 63.296955
v 14.089567 39.723259 63.310432
v 14.105165 39.751942 63.298954
v 14.101198 39.746033 63.300892
v 14.097732 39.740223 63.303043
v 14.094543 39.734234 63.305477
v 14.091959 39.728825 63.307846
v 14.322624 39.544659 63.559040
v 14.234156 39.646404 63.443741
v 14.269595 39.542667 63.535053
v 14.326112 39.771336 63.399975
v 14.197900 39.751610 63.350231
v 14.199916 39.746304 63.355064
v 14.195671 39.756474 63.345596
v 14.193180 39.761028 63.341042
v 14.190174 39.765614 63.336182
v 14.186955 39.769691 63.331570
v 14.184461 39.772369 63.328335
v 14.618845 39.606522 63.635674
v 14.655225 39.623203 63.636204
v 14.687613 39.741104 63.562679
v 14.604908 39.829559 63.472099
v 14.731395 39.882725 63.474911
v 14.734631 39.887550 63.472412
v 14.728058 39.876945 63.478054
v 14.725256 39.871273 63.481274
v 14.722794 39.865437 63.484715
v 14.720898 39.860168 63.487911
v 14.719242 39.854759 63.491283
v 14.889779 39.889050 63.512451
v 14.836989 39.879349 63.506477
v 14.892414 39.783875 63.589111
v 14.833824 39.884418 63.502018
v 14.830504 39.889050 63.497826
v 14.826949 39.893383 63.493786
v 14.822824 39.897736 63.489578
v 14.818553 39.901592 63.485687
v 14.815329 39.904118 63.483025
v 15.226976 39.733524 63.687153
v 14.949668 39.684692 63.674202
v 15.347806 39.767841 63.674202
v 15.360580 39.881645 63.589111
v 15.177266 39.949089 63.520550
v 15.373160 39.991325 63.506477
v 15.378350 40.012753 63.490391
v 15.376453 40.007271 63.494480
v 15.374939 40.001629 63.498711
v 15.373912 39.996544 63.502537
v 15.831408 39.859753 63.601528
v 15.565380 39.924416 63.562679
v 15.642248 39.829330 63.636204
v 16.027878 39.909866 63.535053
v 16.018839 40.019115 63.443741
v 15.746143 40.067890 63.439960
v 15.486720 40.020767 63.487473
v 15.490908 40.015915 63.491283
v 15.482450 40.025200 63.483986
v 16.010235 40.124371 63.355064
v 16.010004 40.134254 63.346584
v 16.009970 40.129379 63.350800
v 16.402882 39.979099 63.382946
v 16.210770 40.059196 63.366112
v 16.303820 39.967491 63.423447
v 16.652712 40.040356 63.227501
v 16.621027 40.144875 63.135704
v 16.284000 40.180218 63.234238
v 16.115562 40.152092 63.307514
v 16.120583 40.147415 63.310432
v 16.110546 40.156372 63.304951
v 16.105400 40.160374 63.302662
v 16.099672 40.164391 63.300491
v 16.093977 40.167950 63.298717
v 16.533066 40.232231 63.087337
v 16.587400 40.274479 63.017899
v 16.586943 40.270233 63.022564
v 16.586891 40.265141 63.027901
v 16.587284 40.260139 63.032921
v 16.588083 40.254982 63.037895
v 16.589108 40.250324 63.042233
v 16.590433 40.245537 63.046558
v 16.913733 40.085785 63.041992
v 16.788031 40.179752 63.011749
v 16.892815 40.090496 63.049294
v 16.764801 40.280628 62.913338
v 16.680841 40.270145 62.973450
v 16.686449 40.265591 62.975292
v 16.675325 40.274319 62.971973
v 16.669750 40.278233 62.970802
v 16.663641 40.282169 62.969891
v 16.657665 40.285671 62.969379
v 16.653355 40.287971 62.969242
v 17.138548 40.132736 62.830566
v 17.183044 40.151108 62.770870
v 17.129309 40.251026 62.684353
v 16.976393 40.324818 62.714352
v 17.077301 40.347214 62.600338
v 17.067921 40.370682 62.576694
v 17.069202 40.365868 62.582134
v 17.070837 40.361122 62.587154
v 17.072853 40.356220 62.592041
v 17.074934 40.351784 62.596230
v 17.165274 40.364262 62.492794
v 17.147038 40.367504 62.506271
v 17.152954 40.363014 62.506920
v 17.141300 40.371635 62.505970
v 17.135586 40.375515 62.505993
v 17.129414 40.379444 62.506397
v 17.260891 40.278503 62.521870
v 17.513351 40.211006 62.338634
v 17.372221 40.190617 62.537262
v 17.585554 40.235168 62.193848
v 17.511747 40.330891 62.118053
v 17.329147 40.398483 62.251354
v 17.430681 40.436272 62.032547
v 17.433857 40.431610 62.037037
v 17.436922 40.427380 62.040813
v 17.440248 40.423012 62.044449
v 17.773777 40.265396 61.774876
v 17.599640 40.349247 61.927242
v 17.711918 40.261559 61.919518
v 17.834949 40.287251 61.532700
v 17.744312 40.379459 61.472385
v 17.574255 40.449673 61.720760
v 17.490780 40.433563 61.934742
v 17.484858 40.438057 61.935326
v 17.479193 40.442200 61.936222
v 17.473631 40.446114 61.937439
v 17.652512 40.466015 61.438042
v 17.656467 40.468166 61.413815
v 17.636467 40.489414 61.395206
v 17.640282 40.485130 61.399845
v 17.644207 40.480865 61.403938
v 17.648411 40.476418 61.407753
v 17.652328 40.472366 61.410881
v 17.907219 40.293262 61.166584
v 17.782991 40.387539 61.265240
v 17.890560 40.298866 61.234882
v 17.699848 40.475903 61.148251
v 17.673075 40.477364 61.296497
v 17.678705 40.472813 61.294716
v 17.667772 40.481583 61.298531
v 17.662651 40.485588 61.300865
v 17.657303 40.489685 61.303745
v 17.652344 40.493397 61.306885
v 17.648939 40.495888 61.309353
v 14.098516 35.454823 62.628384
v 14.197873 35.475574 62.731304
v 14.302674 35.497459 62.828423
v 14.004913 35.435276 62.519981
v 14.412598 35.520416 62.919445
v 13.917352 35.416988 62.406433
v 14.527302 35.544369 63.004086
v 13.836102 35.400021 62.288086
v 14.646434 35.569248 63.082081
v 13.761417 35.384422 62.165314
v 14.769625 35.594978 63.153191
v 13.693526 35.370247 62.038490
v 14.896494 35.621471 63.217201
v 13.632639 35.357529 61.908005
v 15.026649 35.648655 63.273907
v 13.578945 35.346317 61.774265
v 15.159688 35.676437 63.323135
v 13.532610 35.336639 61.637688
v 15.295199 35.704739 63.364735
v 13.493775 35.328529 61.498688
v 15.432764 35.733467 63.398579
v 13.462564 35.322010 61.357697
v 15.571958 35.762535 63.424557
v 13.439070 35.317104 61.215153
v 15.712349 35.791855 63.442596
v 13.423367 35.313824 61.071495
v 15.853505 35.821335 63.452633
v 13.415503 35.312183 60.927170
v 15.994989 35.850880 63.454643
v 13.415503 35.312183 60.782619
v 16.136364 35.880405 63.448616
v 13.423367 35.313824 60.638290
v 16.277191 35.909817 63.434574
v 13.439070 35.317104 60.494637
v 16.417038 35.939022 63.412556
v 13.462564 35.322010 60.352093
v 16.555471 35.967930 63.382633
v 13.493775 35.328529 60.211102
v 16.692062 35.996456 63.344898
v 13.532610 35.336639 60.072102
v 16.826389 36.024509 63.299465
v 13.578945 35.346317 59.935520
v 16.958036 36.052002 63.246479
v 13.632639 35.357529 59.801785
v 17.086599 36.078850 63.186096
v 13.693526 35.370247 59.671299
v 17.211678 36.104973 63.118511
v 13.761417 35.384422 59.544476
v 17.332886 36.130283 63.043926
v 13.836102 35.400021 59.421700
v 17.449848 36.154713 62.962578
v 13.917352 35.416988 59.303356
v 17.562206 36.178177 62.874714
v 14.004913 35.435276 59.189808
v 17.669609 36.200607 62.780609
v 14.098516 35.454823 59.081406
v 17.771729 36.221931 62.680550
v 14.197873 35.475574 58.978485
v 17.868244 36.242088 62.574848
v 14.302674 35.497459 58.881363
v 14.412598 35.520416 58.790344
v 17.958862 36.261013 62.463829
v 14.527302 35.544369 58.705704
v 18.043301 36.278648 62.347836
v 18.121298 36.294937 62.227230
v 14.646434 35.569248 58.627708
v 18.192614 36.309830 62.102383
v 14.769625 35.594978 58.556595
v 18.257027 36.323280 61.973679
v 14.896494 35.621471 58.492588
v 18.314341 36.335251 61.841518
v 18.364374 36.345699 61.706306
v 15.026649 35.648655 58.435883
v 15.159688 35.676437 58.386654
v 15.295199 35.704739 58.345051
v 18.406975 36.354595 61.568462
v 18.442013 36.361916 61.428413
v 15.432764 35.733467 58.311211
v 18.469376 36.367630 61.286591
v 18.488981 36.371723 61.143436
v 15.571958 35.762535 58.285229
v 15.712349 35.791855 58.267193
v 15.853505 35.821335 58.257156
v 18.500771 36.374184 60.999390
v 18.504704 36.375008 60.854893
v 15.994989 35.850880 58.255146
v 18.500771 36.374184 60.710400
v 16.136364 35.880405 58.261173
v 16.277191 35.909817 58.275215
v 18.488981 36.371723 60.566353
v 18.469376 36.367630 60.423195
v 16.417038 35.939022 58.297234
v 16.555471 35.967930 58.327156
v 18.442013 36.361916 60.281376
v 18.406975 36.354595 60.141327
v 16.692062 35.996456 58.364891
v 18.364374 36.345699 60.003483
v 18.314341 36.335251 59.868271
v 16.826389 36.024509 58.410324
v 18.257027 36.323280 59.736111
v 16.958036 36.052002 58.463310
v 18.192614 36.309830 59.607407
v 17.086599 36.078850 58.523693
v 17.211678 36.104973 58.591278
v 18.121298 36.294937 59.482555
v 17.332886 36.130283 58.665859
v 18.043301 36.278648 59.361950
v 17.449848 36.154713 58.747208
v 17.958862 36.261013 59.245960
v 17.562206 36.178177 58.835072
v 17.868244 36.242088 59.134941
v 17.669609 36.200607 58.929180
v 17.771729 36.221931 59.029240
v 18.663342 37.419315 60.899574
v 18.684942 37.465706 60.914780
v 18.641941 37.373501 60.884529
v 18.620743 37.328247 60.869633
v 18.599741 37.283554 60.854893
v 18.560526 37.200485 60.827408
v 18.521990 37.119358 60.800449
v 18.484110 37.040131 60.774006
v 18.446875 36.962769 60.748058
v 18.669138 37.462402 61.171406
v 18.676798 37.464005 61.086029
v 18.682068 37.465103 61.000465
v 18.602545 37.328815 61.203617
v 18.537739 37.199936 61.234882
v 18.474649 37.075623 61.265240
v 18.413208 36.955738 61.294716
v 18.409868 36.949314 61.296497
v 18.406698 36.943325 61.298531
v 18.403606 36.937603 61.300865
v 18.400349 36.931709 61.303745
v 18.397289 36.926323 61.306885
v 18.395164 36.922680 61.309353
v 18.393156 36.919319 61.311928
v 18.391268 36.916248 61.314602
v 18.389500 36.913460 61.317360
v 18.387850 36.910954 61.320190
v 18.386318 36.908718 61.323082
v 18.384905 36.906754 61.326027
v 18.382408 36.903591 61.332088
v 18.380363 36.901443 61.338280
v 18.378754 36.900261 61.344574
v 18.377579 36.900017 61.350861
v 18.376858 36.900581 61.356701
v 18.376499 36.901756 61.362076
v 18.376427 36.903381 61.366997
v 18.376577 36.905319 61.371475
v 18.376894 36.907467 61.375542
v 18.377335 36.909740 61.379223
v 18.377865 36.912071 61.382549
v 18.378454 36.914410 61.385548
v 18.379787 36.919186 61.390903
v 18.381144 36.923618 61.395206
v 18.382925 36.929070 61.399845
v 18.384815 36.934551 61.403938
v 18.386889 36.940308 61.407753
v 18.388857 36.945591 61.410881
v 18.390968 36.951096 61.413815
v 18.529493 37.313560 61.594818
v 18.578121 37.443398 61.658817
v 18.482126 37.188320 61.532700
v 18.435968 37.067543 61.472385
v 18.500341 37.427151 61.903366
v 18.528545 37.433041 61.822620
v 18.554480 37.438457 61.741081
v 18.428751 37.292519 61.911564
v 18.359095 37.162628 61.919518
v 18.291298 37.037331 61.927242
v 18.225283 36.916492 61.934742
v 18.221651 36.910007 61.935326
v 18.218119 36.903942 61.936222
v 18.214588 36.898129 61.937439
v 18.210764 36.892117 61.939137
v 18.207066 36.886597 61.941158
v 18.204426 36.882843 61.942844
v 18.201874 36.879372 61.944683
v 18.199409 36.876183 61.946655
v 18.197041 36.873268 61.948753
v 18.194769 36.870628 61.950966
v 18.192595 36.868259 61.953281
v 18.190519 36.866158 61.955688
v 18.186642 36.862705 61.960789
v 18.183165 36.860260 61.966183
v 18.180077 36.858772 61.971828
v 18.177408 36.858215 61.977619
v 18.175285 36.858486 61.983128
v 18.173622 36.859386 61.988304
v 18.172344 36.860760 61.993137
v 18.171385 36.862469 61.997612
v 18.170691 36.864403 62.001736
v 18.170208 36.866482 62.005524
v 18.169897 36.868641 62.008991
v 18.169724 36.870819 62.012157
v 18.169683 36.875305 62.017914
v 18.169922 36.879505 62.022636
v 18.170486 36.884705 62.027840
v 18.171289 36.889957 62.032547
v 18.172335 36.895500 62.037037
v 18.173450 36.900604 62.040813
v 18.174749 36.905941 62.044449
v 18.262762 37.257854 62.271919
v 18.293530 37.383961 62.352345
v 18.232731 37.136238 62.193848
v 18.203405 37.018974 62.118053
v 18.158661 37.355797 62.569450
v 18.205635 37.365608 62.498405
v 18.250605 37.374996 62.426018
v 18.088078 37.221375 62.553116
v 18.019398 37.091686 62.537262
v 17.952549 36.966587 62.521870
v 17.887455 36.845940 62.506920
v 17.883831 36.839458 62.506271
v 17.880226 36.833378 62.505970
v 17.876541 36.827534 62.505993
v 17.872458 36.821465 62.506397
v 17.868412 36.815872 62.507179
v 17.865467 36.812057 62.507980
v 17.862564 36.808514 62.508961
v 17.859715 36.805241 62.510109
v 17.856924 36.802238 62.511417
v 17.854198 36.799503 62.512871
v 17.851542 36.797035 62.514465
v 17.848955 36.794827 62.516186
v 17.843975 36.791145 62.520008
v 17.839304 36.788448 62.524258
v 17.834946 36.786694 62.528900
v 17.830952 36.785862 62.533829
v 17.827549 36.785862 62.538662
v 17.824669 36.786514 62.543320
v 17.822245 36.787647 62.547756
v 17.820215 36.789131 62.551945
v 17.818525 36.790859 62.555870
v 17.817122 36.792744 62.559525
v 17.815962 36.794724 62.562920
v 17.815010 36.796741 62.566055
v 17.813541 36.800930 62.571850
v 17.812597 36.804882 62.576694
v 17.811846 36.809807 62.582134
v 17.811445 36.814808 62.587154
v 17.811331 36.820110 62.592041
v 17.811460 36.825008 62.596230
v 17.811804 36.830143 62.600338
v 17.839579 37.169479 62.859978
v 17.849049 37.291138 62.951782
v 17.830221 37.052177 62.770870
v 17.820967 36.939106 62.684353
v 17.665565 37.252819 63.127800
v 17.728359 37.265934 63.070923
v 17.789537 37.278709 63.012234
v 17.601927 37.119846 63.087963
v 17.539991 36.991566 63.049294
v 17.479689 36.867836 63.011749
v 17.420952 36.748516 62.975292
v 17.417637 36.742096 62.973450
v 17.414249 36.736065 62.971973
v 17.410707 36.730247 62.970802
v 17.406685 36.724194 62.969891
v 17.402609 36.718594 62.969379
v 17.399580 36.714760 62.969242
v 17.396549 36.711189 62.969307
v 17.393526 36.707882 62.969559
v 17.390520 36.704834 62.969994
v 17.387539 36.702049 62.970600
v 17.384590 36.699516 62.971371
v 17.381676 36.697239 62.972298
v 17.375938 36.693401 62.974598
v 17.370392 36.690521 62.977440
v 17.365046 36.688560 62.980785
v 17.359976 36.687504 62.984547
v 17.355499 36.687283 62.988400
v 17.351568 36.687710 62.992241
v 17.348129 36.688633 62.996006
v 17.345133 36.689915 62.999645
v 17.342525 36.691452 63.003124
v 17.340263 36.693157 63.006420
v 17.338301 36.694969 63.009525
v 17.336601 36.696831 63.012432
v 17.333740 36.700729 63.017899
v 17.331619 36.704437 63.022564
v 17.329535 36.709080 63.027901
v 17.327892 36.713825 63.032921
v 17.326559 36.718872 63.037895
v 17.325636 36.723549 63.042233
v 17.324934 36.728466 63.046558
v 17.286535 37.053982 63.322052
v 17.272608 37.170753 63.419460
v 17.299889 36.941422 63.227501
v 17.312685 36.832958 63.135704
v 17.052036 37.124691 63.543335
v 17.126705 37.140285 63.504196
v 17.200249 37.155643 63.462894
v 17.000849 36.994320 63.482498
v 16.950998 36.868561 63.423447
v 16.902428 36.747280 63.366112
v 16.855083 36.630341 63.310432
v 16.852358 36.624046 63.307514
v 16.849472 36.618114 63.304951
v 16.846357 36.612389 63.302662
v 16.842716 36.606415 63.300491
v 16.838921 36.600876 63.298717
v 16.836040 36.597073 63.297653
v 16.833107 36.593521 63.296795
v 16.830135 36.590221 63.296139
v 16.827133 36.587177 63.295673
v 16.824112 36.584381 63.295391
v 16.821079 36.581837 63.295292
v 16.818043 36.579533 63.295361
v 16.811941 36.575615 63.296001
v 16.805887 36.572632 63.297256
v 16.799900 36.570538 63.299095
v 16.794075 36.569321 63.301453
v 16.788797 36.568932 63.304081
v 16.784046 36.569191 63.306870
v 16.779789 36.569939 63.309727
v 16.775988 36.571056 63.312584
v 16.772604 36.572430 63.315395
v 16.769596 36.573982 63.318127
v 16.766926 36.575645 63.320747
v 16.764557 36.577366 63.323246
v 16.760426 36.580997 63.328041
v 16.757212 36.584476 63.332233
v 16.753860 36.588860 63.337132
v 16.751015 36.593349 63.341835
v 16.748480 36.598145 63.346584
v 16.746498 36.602600 63.350800
v 16.744736 36.607296 63.355064
v 16.638378 36.918621 63.629108
v 16.600424 37.030376 63.726002
v 16.675056 36.810932 63.535053
v 16.710495 36.707199 63.443741
v 16.356627 36.979462 63.789948
v 16.438478 36.996555 63.771008
v 16.519766 37.013531 63.749687
v 16.322611 36.852676 63.711933
v 16.289427 36.730400 63.636204
v 16.257038 36.612499 63.562679
v 16.225409 36.498840 63.491283
v 16.223513 36.492718 63.487473
v 16.221376 36.486946 63.483986
v 16.218948 36.481361 63.480721
v 16.215982 36.475529 63.477428
v 16.212770 36.470112 63.474503
v 16.210258 36.466385 63.472580
v 16.207645 36.462902 63.470852
v 16.204943 36.459660 63.469322
v 16.202164 36.456661 63.467987
v 16.199320 36.453903 63.466839
v 16.196419 36.451382 63.465874
v 16.193470 36.449097 63.465084
v 16.187424 36.445190 63.464020
v 16.181265 36.442184 63.463612
v 16.175022 36.440037 63.463825
v 16.168806 36.438740 63.464630
v 16.163050 36.438251 63.465870
v 16.157761 36.438396 63.467426
v 16.152933 36.439030 63.469196
v 16.148542 36.440022 63.471096
v 16.144567 36.441273 63.473068
v 16.140976 36.442699 63.475056
v 16.137737 36.444244 63.477032
v 16.134821 36.445854 63.478962
v 16.129623 36.449261 63.482784
v 16.125463 36.452545 63.486240
v 16.120995 36.456692 63.490391
v 16.117062 36.460957 63.494480
v 16.113417 36.465519 63.498711
v 16.110439 36.469769 63.502537
v 16.107662 36.474251 63.506477
v 15.935838 36.771904 63.761848
v 15.874735 36.878822 63.852139
v 15.994984 36.668907 63.674202
v 16.052237 36.569729 63.589111
v 15.623031 36.826260 63.852139
v 15.706921 36.843777 63.854588
v 15.790845 36.861305 63.854588
v 15.609827 36.703819 63.761848
v 15.596845 36.585762 63.674202
v 15.584071 36.471958 63.589111
v 15.571490 36.362278 63.506477
v 15.570618 36.356369 63.502018
v 15.569429 36.350796 63.497826
v 15.567906 36.345402 63.493786
v 15.565867 36.339760 63.489578
v 15.563498 36.334518 63.485687
v 15.561553 36.330910 63.483025
v 15.559461 36.327534 63.480537
v 15.557233 36.324390 63.478233
v 15.554882 36.321484 63.476112
v 15.552420 36.318802 63.474167
v 15.549857 36.316353 63.472397
v 15.547204 36.314133 63.470798
v 15.541622 36.310322 63.468094
v 15.535768 36.307381 63.466049
v 15.529674 36.305264 63.464630
v 15.523458 36.303967 63.463829
v 15.517575 36.303452 63.463604
v 15.512066 36.303551 63.463833
v 15.506948 36.304123 63.464401
v 15.502222 36.305042 63.465225
v 15.497878 36.306217 63.466228
v 15.493901 36.307568 63.467354
v 15.490270 36.309029 63.468555
v 15.486961 36.310555 63.469795
v 15.480968 36.313797 63.472412
v 15.476072 36.316925 63.474911
v 15.470701 36.320885 63.478054
v 15.465864 36.324959 63.481274
v 15.461271 36.329327 63.484715
v 15.457426 36.333393 63.487911
v 15.453743 36.337688 63.491283
v 15.223054 36.623047 63.711933
v 15.141138 36.725620 63.789948
v 15.302402 36.524269 63.636204
v 15.379271 36.429188 63.562679
v 14.897342 36.674706 63.726002
v 14.978000 36.691551 63.749687
v 15.059287 36.708527 63.771008
v 14.907286 36.557102 63.629108
v 14.916773 36.443737 63.535053
v 14.925813 36.334488 63.443741
v 14.934417 36.229233 63.355064
v 14.934693 36.223564 63.350231
v 14.934597 36.218216 63.345596
v 14.934136 36.213043 63.341042
v 14.933219 36.207638 63.336182
v 14.931900 36.202614 63.331570
v 14.930686 36.199162 63.328335
v 14.929282 36.195930 63.325245
v 14.927702 36.192921 63.322311
v 14.925957 36.190140 63.319534
v 14.924060 36.187576 63.316917
v 14.922020 36.185238 63.314453
v 14.919849 36.183117 63.312149
v 14.915118 36.179485 63.307976
v 14.909956 36.176685 63.304417
v 14.904405 36.174683 63.301453
v 14.898579 36.173466 63.299095
v 14.892932 36.173000 63.297424
v 14.887532 36.173126 63.296307
v 14.882426 36.173698 63.295643
v 14.877636 36.174606 63.295334
v 14.873172 36.175755 63.295311
v 14.869032 36.177071 63.295502
v 14.865208 36.178493 63.295856
v 14.861687 36.179974 63.296329
v 14.855218 36.183117 63.297565
v 14.849841 36.186146 63.298954
v 14.843842 36.189972 63.300892
v 14.838340 36.193909 63.303043
v 14.833020 36.198124 63.305477
v 14.828487 36.202045 63.307846
v 14.824068 36.206188 63.310432
v 14.544815 36.481403 63.482498
v 14.445728 36.580391 63.543335
v 14.640831 36.386108 63.423447
v 14.733881 36.294403 63.366112
v 14.225158 36.534328 63.419460
v 14.297516 36.549438 63.462894
v 14.371059 36.564796 63.504196
v 14.259130 36.421741 63.322052
v 14.291940 36.313248 63.227501
v 14.323624 36.208725 63.135704
v 14.354218 36.108063 63.046558
v 14.355699 36.102646 63.041653
v 14.356766 36.097542 63.036873
v 14.357462 36.092613 63.032082
v 14.357788 36.087463 63.026878
v 14.357663 36.082691 63.021835
v 14.357295 36.079414 63.018227
v 14.356706 36.076351 63.014732
v 14.355906 36.073509 63.011353
v 14.354908 36.070881 63.008095
v 14.353722 36.068470 63.004967
v 14.352357 36.066269 63.001968
v 14.350826 36.064281 62.999096
v 14.347276 36.060898 62.993721
v 14.343153 36.058315 62.988876
v 14.338503 36.056499 62.984550
v 14.333434 36.055443 62.980789
v 14.328367 36.055099 62.977768
v 14.323401 36.055313 62.975380
v 14.318607 36.055950 62.973522
v 14.314030 36.056904 62.972103
v 14.309699 36.058079 62.971050
v 14.305629 36.059410 62.970295
v 14.301826 36.060837 62.969780
v 14.298285 36.062313 62.969456
v 14.291690 36.065430 62.969242
v 14.286119 36.068417 62.969429
v 14.279803 36.072178 62.970043
v 14.273919 36.076035 62.970985
v 14.268141 36.080154 62.972263
v 14.263143 36.083981 62.973652
v 14.258202 36.088013 62.975292
v 13.943737 36.355873 63.087963
v 13.832200 36.452263 63.127800
v 14.051837 36.263103 63.049294
v 14.156620 36.173851 63.011749
v 13.648716 36.413944 62.951782
v 13.708227 36.426373 63.012234
v 13.769405 36.439148 63.070923
v 13.706085 36.306244 62.859978
v 13.761607 36.202492 62.770870
v 13.815342 36.102577 62.684353
v 13.867350 36.006386 62.600338
v 13.870013 36.001217 62.595676
v 13.872245 35.996357 62.591042
v 13.874117 35.991673 62.586323
v 13.875731 35.986794 62.581100
v 13.876868 35.982285 62.575943
v 13.877410 35.979195 62.572193
v 13.877709 35.976318 62.568508
v 13.877774 35.973656 62.564896
v 13.877615 35.971203 62.561363
v 13.877241 35.968960 62.557922
v 13.876662 35.966927 62.554573
v 13.875889 35.965096 62.551319
v 13.873775 35.962013 62.545074
v 13.870972 35.959705 62.539246
v 13.867526 35.958141 62.533833
v 13.863533 35.957310 62.528900
v 13.859356 35.957150 62.524727
v 13.855120 35.957516 62.521214
v 13.850918 35.958279 62.518280
v 13.846818 35.959332 62.515842
v 13.842866 35.960587 62.513824
v 13.839094 35.961979 62.512173
v 13.835522 35.963455 62.510818
v 13.832157 35.964966 62.509720
v 13.825794 35.968132 62.508064
v 13.820325 35.971142 62.507042
v 13.814028 35.974907 62.506287
v 13.808066 35.978748 62.505966
v 13.802125 35.982830 62.506004
v 13.796915 35.986614 62.506329
v 13.791698 35.990589 62.506920
v 13.457587 36.254349 62.553116
v 13.339105 36.349285 62.569450
v 13.572431 36.162987 62.537262
v 13.683760 36.075096 62.521870
v 13.204235 36.321117 62.352345
v 13.247160 36.330082 62.426018
v 13.292130 36.339474 62.498405
v 13.282902 36.217865 62.271919
v 13.359097 36.118431 62.193848
v 13.432903 36.022709 62.118053
v 13.504403 35.930592 62.044449
v 13.508155 35.925644 62.040318
v 13.511477 35.921013 62.036125
v 13.514471 35.916561 62.031773
v 13.517340 35.911945 62.026859
v 13.519726 35.907700 62.021912
v 13.521184 35.904800 62.018253
v 13.522389 35.902115 62.014610
v 13.523348 35.899639 62.010990
v 13.524069 35.897369 62.007408
v 13.524558 35.895306 62.003868
v 13.524825 35.893448 62.000381
v 13.524879 35.891792 61.996948
v 13.524367 35.889042 61.990227
v 13.523082 35.887054 61.983784
v 13.521069 35.885788 61.977623
v 13.518400 35.885231 61.971832
v 13.515367 35.885311 61.966763
v 13.512111 35.885883 61.962345
v 13.508745 35.886818 61.958519
v 13.505355 35.888020 61.955215
v 13.502005 35.889400 61.952366
v 13.498741 35.890900 61.949913
v 13.495596 35.892464 61.947807
v 13.492591 35.894054 61.946003
v 13.486802 35.897339 61.943008
v 13.481728 35.900429 61.940842
v 13.475780 35.904266 61.938770
v 13.470053 35.908157 61.937202
v 13.464254 35.912270 61.936001
v 13.459099 35.916065 61.935242
v 13.453870 35.920036 61.934742
v 13.116913 36.183201 61.911564
v 12.997424 36.277927 61.903366
v 13.232734 36.092045 61.919518
v 13.345011 36.004353 61.927242
v 12.919643 36.261684 61.658817
v 12.943286 36.266624 61.741081
v 12.969220 36.272038 61.822620
v 13.016171 36.162163 61.594818
v 13.109702 36.066349 61.532700
v 13.200339 35.974140 61.472385
v 13.288184 35.885433 61.413815
v 13.292860 35.880684 61.410473
v 13.297132 35.876251 61.406986
v 13.301124 35.872009 61.403271
v 13.305130 35.867630 61.398979
v 13.308676 35.863621 61.394550
v 13.310999 35.860909 61.391216
v 13.313072 35.858402 61.387844
v 13.314898 35.856106 61.384445
v 13.316483 35.854019 61.381035
v 13.317833 35.852135 61.377621
v 13.318953 35.850456 61.374214
v 13.319850 35.848972 61.370815
v 13.321009 35.846573 61.364044
v 13.321342 35.844921 61.357388
v 13.320897 35.843987 61.350864
v 13.319723 35.843739 61.344578
v 13.318014 35.844097 61.338932
v 13.315928 35.844913 61.333893
v 13.313589 35.846062 61.329418
v 13.311098 35.847450 61.325451
v 13.308534 35.848999 61.321945
v 13.305956 35.850639 61.318851
v 13.303408 35.852325 61.316128
v 13.300922 35.854023 61.313728
v 13.296017 35.857494 61.309586
v 13.291603 35.860725 61.306408
v 13.286314 35.864700 61.303150
v 13.281116 35.868702 61.300434
v 13.275759 35.872906 61.298069
v 13.270921 35.876766 61.296268
v 13.265945 35.880791 61.294716
v 12.943120 36.146908 61.203617
v 12.828628 36.242680 61.171406
v 13.054090 36.054737 61.234882
v 13.161659 35.966061 61.265240
v 12.812823 36.239376 60.914780
v 12.815698 36.239979 61.000465
v 12.820967 36.241077 61.086029
v 12.922650 36.142632 60.871231
v 13.029091 36.049515 60.828957
v 13.132263 35.959923 60.787914
v 13.232279 35.873760 60.748058
v 13.237657 35.869156 60.745720
v 13.242676 35.864876 60.743160
v 13.247478 35.860806 60.740318
v 13.252439 35.856625 60.736912
v 13.256980 35.852825 60.733280
v 13.260062 35.850269 60.730480
v 13.262909 35.847927 60.727589
v 13.265522 35.845795 60.724628
v 13.267902 35.843872 60.721603
v 13.270055 35.842155 60.718529
v 13.271981 35.840645 60.715416
v 13.273687 35.839333 60.712269
v 13.276475 35.837273 60.705868
v 13.278430 35.835960 60.699421
v 13.279592 35.835358 60.692947
v 13.279984 35.835442 60.686558
v 13.279699 35.836094 60.680691
v 13.278896 35.837177 60.675346
v 13.277712 35.838570 60.670498
v 13.276253 35.840176 60.666119
v 13.274609 35.841911 60.662178
v 13.272851 35.843723 60.658638
v 13.271032 35.845566 60.655464
v 13.269196 35.847401 60.652622
v 13.265424 35.851105 60.647594
v 13.261896 35.854519 60.643604
v 13.257535 35.858688 60.639362
v 13.253130 35.862854 60.635670
v 13.248483 35.867210 60.632290
v 13.244204 35.871185 60.629566
v 13.239731 35.875317 60.627056
v 12.947128 36.147743 60.473759
v 12.843322 36.245747 60.419556
v 13.047726 36.053406 60.526371
v 13.145225 35.962631 60.577450
v 12.890487 36.255596 60.166977
v 12.872412 36.251823 60.250698
v 12.856686 36.248539 60.334915
v 13.008217 36.160503 60.146614
v 13.122330 36.068985 60.126846
v 13.232950 35.980949 60.107655
v 13.340199 35.896297 60.089020
v 13.346014 35.891785 60.087830
v 13.351532 35.887611 60.086353
v 13.356908 35.883656 60.084560
v 13.362574 35.879627 60.082256
v 13.367887 35.875988 60.079655
v 13.371573 35.873558 60.077560
v 13.375053 35.871346 60.075336
v 13.378322 35.869350 60.072994
v 13.381379 35.867569 60.070545
v 13.384226 35.866001 60.068005
v 13.386862 35.864635 60.065380
v 13.389291 35.863476 60.062683
v 13.393565 35.861725 60.057056
v 13.397039 35.860729 60.051220
v 13.399746 35.860451 60.045204
v 13.401682 35.860855 60.039116
v 13.402829 35.861809 60.033398
v 13.403345 35.863171 60.028076
v 13.403367 35.864811 60.023163
v 13.403008 35.866646 60.018650
v 13.402362 35.868591 60.014523
v 13.401506 35.870594 60.010757
v 13.400504 35.872604 60.007336
v 13.399404 35.874592 60.004227
v 13.396946 35.878574 59.998627
v 13.394474 35.882206 59.994080
v 13.391251 35.886616 59.989120
v 13.387851 35.890991 59.984684
v 13.384139 35.895538 59.980499
v 13.380628 35.899677 59.977020
v 13.376874 35.903957 59.973709
v 13.128686 36.185661 59.767849
v 13.040584 36.286942 59.695061
v 13.214041 36.088139 59.838501
v 13.296740 35.994274 59.907097
v 13.147754 36.309322 59.462399
v 13.109865 36.301411 59.538898
v 13.074132 36.293949 59.616474
v 13.267495 36.214649 59.466499
v 13.383560 36.123543 59.470482
v 13.496076 36.035900 59.474346
v 13.605165 35.951633 59.478100
v 13.611122 35.947151 59.478134
v 13.616860 35.943020 59.477837
v 13.622535 35.939129 59.477207
v 13.628617 35.935184 59.476151
v 13.634426 35.931652 59.474735
v 13.638527 35.929306 59.473484
v 13.642457 35.927189 59.472061
v 13.646211 35.925297 59.470490
v 13.649782 35.923622 59.468773
v 13.653172 35.922165 59.466927
v 13.656376 35.920921 59.464954
v 13.659396 35.919884 59.462875
v 13.664922 35.918396 59.458378
v 13.669719 35.917675 59.453518
v 13.673811 35.917686 59.448334
v 13.677168 35.918388 59.442928
v 13.679667 35.919624 59.437721
v 13.681454 35.921249 59.432762
v 13.682660 35.923138 59.428093
v 13.683399 35.925201 59.423725
v 13.683766 35.927361 59.419670
v 13.683840 35.929554 59.415916
v 13.683688 35.931744 59.412460
v 13.683365 35.933895 59.409283
v 13.682320 35.938171 59.403461
v 13.681006 35.942047 59.398640
v 13.679060 35.946720 59.393276
v 13.676815 35.951336 59.388374
v 13.674205 35.956116 59.383648
v 13.671620 35.960449 59.379631
v 13.668758 35.964912 59.375732
v 13.476385 36.258274 59.130241
v 13.408017 36.363678 59.043442
v 13.542583 36.156754 59.214493
v 13.606685 36.059002 59.296295
v 13.568460 36.397182 58.845318
v 13.513138 36.385632 58.909786
v 13.459642 36.374458 58.975845
v 13.684193 36.301670 58.873627
v 13.796367 36.209751 58.901104
v 13.905106 36.121323 58.927784
v 14.010527 36.036289 58.953690
v 14.016325 36.031773 58.954945
v 14.021989 36.027630 58.955845
v 14.027670 36.023739 58.956421
v 14.033852 36.019814 58.956673
v 14.039852 36.016319 58.956539
v 14.044149 36.014019 58.956203
v 14.048320 36.011951 58.955681
v 14.052356 36.010117 58.954971
v 14.056248 36.008511 58.954094
v 14.059994 36.007126 58.953056
v 14.063589 36.005962 58.951866
v 14.067032 36.005013 58.950531
v 14.073495 36.003719 58.947445
v 14.079335 36.003220 58.943871
v 14.084565 36.003468 58.939846
v 14.089133 36.004421 58.935463
v 14.092817 36.005905 58.931087
v 14.095747 36.007771 58.926804
v 14.098042 36.009888 58.922668
v 14.099810 36.012165 58.918728
v 14.101139 36.014523 58.914997
v 14.102111 36.016907 58.911491
v 14.102791 36.019268 58.908215
v 14.103238 36.021580 58.905170
v 14.103614 36.026154 58.899494
v 14.103490 36.030277 58.894703
v 14.102878 36.035229 58.889271
v 14.101865 36.040104 58.884209
v 14.100453 36.045135 58.879242
v 14.098897 36.049679 58.874943
v 14.097043 36.054356 58.870693
v 13.968379 36.361019 58.600998
v 13.922536 36.471127 58.505642
v 14.012712 36.254932 58.693558
v 14.055585 36.152748 58.783424
v 14.126168 36.513657 58.354504
v 14.056890 36.499187 58.402893
v 13.988995 36.485008 58.453289
v 14.232127 36.416103 58.405239
v 14.334813 36.322201 58.454491
v 14.434339 36.231846 58.502308
v 14.530815 36.144943 58.548740
v 14.536161 36.140335 58.551140
v 14.541462 36.136116 58.553177
v 14.546857 36.132164 58.554920
v 14.552814 36.128193 58.556473
v 14.558688 36.124672 58.557625
v 14.562953 36.122364 58.558231
v 14.567140 36.120300 58.558632
v 14.571237 36.118477 58.558834
v 14.575236 36.116894 58.558849
v 14.579130 36.115543 58.558685
v 14.582914 36.114418 58.558350
v 14.586584 36.113518 58.557846
v 14.593613 36.112343 58.556366
v 14.600150 36.111988 58.554298
v 14.606201 36.112408 58.551685
v 14.611692 36.113552 58.548603
v 14.616321 36.115234 58.545338
v 14.620194 36.117294 58.541996
v 14.623414 36.119606 58.538658
v 14.626073 36.122070 58.535385
v 14.628256 36.124607 58.532215
v 14.630036 36.127159 58.529175
v 14.631478 36.129681 58.526291
v 14.632639 36.132137 58.523567
v 14.634356 36.136993 58.518394
v 14.635377 36.141357 58.513931
v 14.636075 36.146584 58.508774
v 14.636293 36.151714 58.503872
v 14.636103 36.156998 58.498970
v 14.635611 36.161766 58.494659
v 14.634817 36.166664 58.490334
v 14.573752 36.487446 58.213379
v 14.551810 36.602547 58.115456
v 14.594886 36.376514 58.308430
v 14.615233 36.269627 58.400715
v 14.785839 36.651421 58.020798
v 14.706958 36.634945 58.050068
v 14.628926 36.618649 58.081631
v 14.876869 36.550751 58.090778
v 14.965065 36.453823 58.158703
v 15.050523 36.360531 58.224651
v 15.133337 36.270775 58.288696
v 15.137968 36.266014 58.292084
v 15.142640 36.261665 58.295135
v 15.147472 36.257595 58.297935
v 15.152898 36.253513 58.300686
v 15.158337 36.249905 58.303055
v 15.162340 36.247540 58.304562
v 15.166316 36.245430 58.305862
v 15.170252 36.243576 58.306965
v 15.174136 36.241966 58.307877
v 15.177962 36.240601 58.308594
v 15.181722 36.239475 58.309132
v 15.185409 36.238575 58.309494
v 15.192594 36.237431 58.309711
v 15.199440 36.237141 58.309280
v 15.205942 36.237656 58.308247
v 15.212011 36.238922 58.306656
v 15.217284 36.240738 58.304703
v 15.221842 36.242943 58.302513
v 15.225762 36.245399 58.300182
v 15.229123 36.248009 58.297783
v 15.231996 36.250690 58.295376
v 15.234447 36.253384 58.292995
v 15.236532 36.256039 58.290680
v 15.238305 36.258625 58.288448
v 15.241199 36.263725 58.284103
v 15.243249 36.268303 58.280251
v 15.245148 36.273781 58.275688
v 15.246520 36.279152 58.271259
v 15.247496 36.284679 58.266735
v 15.248037 36.289665 58.262680
v 15.248291 36.294781 58.258545
v 15.254469 36.629604 57.991734
v 15.256302 36.749672 57.897400
v 15.252523 36.513855 58.083305
v 15.250465 36.402287 58.172207
v 15.506021 36.801823 57.865170
v 15.422492 36.784378 57.873482
v 15.339230 36.766991 57.884228
v 15.577909 36.697155 57.949993
v 15.647523 36.596344 58.032330
v 15.714940 36.499287 58.112267
v 15.780234 36.405872 58.189896
v 15.783932 36.400917 58.194061
v 15.787747 36.396389 58.197933
v 15.791778 36.392155 58.201614
v 15.796396 36.387901 58.205395
v 15.801117 36.384140 58.208828
v 15.804648 36.381680 58.211140
v 15.808201 36.379482 58.213261
v 15.811761 36.377548 58.215195
v 15.815318 36.375870 58.216938
v 15.818862 36.374447 58.218498
v 15.822385 36.373268 58.219875
v 15.825879 36.372330 58.221077
v 15.832801 36.371132 58.222977
v 15.839547 36.370819 58.224216
v 15.846103 36.371346 58.224819
v 15.852369 36.372654 58.224819
v 15.857947 36.374535 58.224308
v 15.862886 36.376816 58.223408
v 15.867241 36.379364 58.222229
v 15.871068 36.382072 58.220856
v 15.874424 36.384853 58.219360
v 15.877363 36.387650 58.217789
v 15.879932 36.390408 58.216187
v 15.882179 36.393093 58.214588
v 15.886013 36.398388 58.211346
v 15.888909 36.403141 58.208344
v 15.891827 36.408833 58.204670
v 15.894203 36.414413 58.200981
v 15.896215 36.420158 58.197121
v 15.897696 36.425339 58.193581
v 15.898918 36.430656 58.189896
v 15.967755 36.778568 57.949993
v 15.991744 36.903259 57.865170
v 15.944305 36.658325 58.032330
v 15.921368 36.542397 58.112267
v 16.241463 36.955410 57.897400
v 16.158535 36.938091 57.884228
v 16.075274 36.920704 57.873482
v 16.291195 36.846115 57.991734
v 16.339304 36.740814 58.083305
v 16.385843 36.639397 58.172207
v 16.430861 36.541748 58.258545
v 16.433462 36.536564 58.263229
v 16.436251 36.531818 58.267677
v 16.439289 36.527378 58.272007
v 16.442875 36.522911 58.276577
v 16.446642 36.518951 58.280861
v 16.449520 36.516354 58.283836
v 16.452463 36.514027 58.286644
v 16.455458 36.511974 58.289284
v 16.458494 36.510193 58.291752
v 16.461561 36.508667 58.294056
v 16.464649 36.507401 58.296188
v 16.467751 36.506378 58.298153
v 16.474010 36.505043 58.301620
v 16.480253 36.504623 58.304443
v 16.486462 36.505077 58.306652
v 16.492531 36.506344 58.308247
v 16.498055 36.508213 58.309200
v 16.503048 36.510506 58.309650
v 16.507544 36.513084 58.309696
v 16.511572 36.515835 58.309437
v 16.515175 36.518669 58.308945
v 16.518389 36.521519 58.308281
v 16.521254 36.524338 58.307495
v 16.523806 36.527088 58.306629
v 16.528280 36.532516 58.304691
v 16.531790 36.537399 58.302731
v 16.535479 36.543251 58.300171
v 16.538645 36.549000 58.297462
v 16.541502 36.554920 58.294502
v 16.543768 36.560265 58.291698
v 16.545816 36.565754 58.288696
v 16.668795 36.924973 58.090778
v 16.711926 37.053661 58.020798
v 16.626762 36.800850 58.158703
v 16.585785 36.681152 58.224651
v 16.945955 37.102535 58.115456
v 16.868839 37.086430 58.081631
v 16.790808 37.070137 58.050068
v 16.971912 36.988274 58.213379
v 16.996943 36.878155 58.308430
v 17.021074 36.772060 58.400715
v 17.044334 36.669865 58.490334
v 17.045752 36.664433 58.495239
v 17.047401 36.659451 58.499985
v 17.049322 36.654778 58.504696
v 17.051716 36.650063 58.509766
v 17.054352 36.645866 58.514629
v 17.056435 36.643101 58.518082
v 17.058620 36.640617 58.521400
v 17.060894 36.638416 58.524582
v 17.063250 36.636490 58.527622
v 17.065674 36.634830 58.530518
v 17.068157 36.633434 58.533272
v 17.070694 36.632294 58.535881
v 17.075930 36.630745 58.540691
v 17.081301 36.630146 58.544926
v 17.086781 36.630447 58.548599
v 17.092270 36.631596 58.551685
v 17.097383 36.633377 58.554050
v 17.102104 36.635612 58.555817
v 17.106436 36.638157 58.557087
v 17.110390 36.640892 58.557957
v 17.113987 36.643723 58.558498
v 17.117249 36.646584 58.558784
v 17.120199 36.649422 58.558865
v 17.122868 36.652195 58.558788
v 17.127645 36.657688 58.558273
v 17.131495 36.662643 58.557480
v 17.135660 36.668594 58.556194
v 17.139355 36.674450 58.554634
v 17.142809 36.680496 58.552765
v 17.145655 36.685963 58.550873
v 17.148338 36.691586 58.548740
v 17.313538 37.059620 58.405239
v 17.371597 37.191425 58.354504
v 17.257015 36.932468 58.454491
v 17.201969 36.809837 58.502308
v 17.575230 37.233952 58.505642
v 17.508770 37.220074 58.453289
v 17.440874 37.205894 58.402893
v 17.577286 37.114700 58.600998
v 17.579117 36.999737 58.693558
v 17.580723 36.888935 58.783424
v 17.582109 36.782173 58.870693
v 17.582321 36.776489 58.875515
v 17.582800 36.771263 58.880260
v 17.583546 36.766342 58.885052
v 17.584661 36.761360 58.890308
v 17.586060 36.756908 58.895447
v 17.587257 36.753956 58.899155
v 17.588585 36.751293 58.902775
v 17.590031 36.748920 58.906300
v 17.591587 36.746826 58.909718
v 17.593243 36.745007 58.913033
v 17.594990 36.743458 58.916233
v 17.596823 36.742172 58.919319
v 17.600739 36.740349 58.925175
v 17.604921 36.739498 58.930553
v 17.609341 36.739578 58.935459
v 17.613907 36.740532 58.939842
v 17.618279 36.742161 58.943470
v 17.622414 36.744274 58.946442
v 17.626289 36.746723 58.948860
v 17.629896 36.749386 58.950802
v 17.633234 36.752163 58.952347
v 17.636309 36.754986 58.953564
v 17.639135 36.757797 58.954502
v 17.641724 36.760551 58.955219
v 17.646448 36.766033 58.956165
v 17.650345 36.771000 58.956585
v 17.654659 36.776981 58.956654
v 17.658587 36.782887 58.956341
v 17.662354 36.788998 58.955677
v 17.665541 36.794533 58.954815
v 17.668625 36.800240 58.953690
v 17.861471 37.174049 58.873627
v 17.929306 37.307899 58.845318
v 17.795462 37.044918 58.901104
v 17.731203 36.920361 58.927784
v 18.089748 37.341404 59.043442
v 18.038122 37.330624 58.975845
v 17.984627 37.319450 58.909786
v 18.069279 37.217449 59.130241
v 18.049244 37.097919 59.214493
v 18.029623 36.982681 59.296295
v 18.010393 36.871616 59.375732
v 18.009462 36.865692 59.380165
v 18.008802 36.860229 59.384609
v 18.008390 36.855068 59.389183
v 18.008226 36.849819 59.394291
v 18.008358 36.845100 59.399384
v 18.008636 36.841957 59.403118
v 18.009058 36.839108 59.406811
v 18.009619 36.836544 59.410454
v 18.010307 36.834270 59.414040
v 18.011120 36.832275 59.417561
v 18.012045 36.830555 59.421005
v 18.013079 36.829102 59.424374
v 18.015463 36.826958 59.430908
v 18.018215 36.825809 59.437092
v 18.021305 36.825615 59.442924
v 18.024664 36.826313 59.448330
v 18.028009 36.827728 59.452991
v 18.031284 36.829662 59.456985
v 18.034439 36.831959 59.460392
v 18.037447 36.834496 59.463287
v 18.040291 36.837173 59.465740
v 18.042961 36.839909 59.467808
v 18.045454 36.842651 59.469551
v 18.047773 36.845352 59.471016
v 18.052092 36.850750 59.473358
v 18.055737 36.855659 59.474964
v 18.059866 36.861603 59.476391
v 18.063713 36.867493 59.477341
v 18.067492 36.873604 59.477924
v 18.070757 36.879158 59.478149
v 18.073988 36.884895 59.478100
v 18.278170 37.261074 59.466499
v 18.350012 37.395756 59.462399
v 18.208269 37.131130 59.470482
v 18.140232 37.005783 59.474346
v 18.457182 37.418140 59.695061
v 18.423634 37.411133 59.616474
v 18.387899 37.403671 59.538898
v 18.416979 37.290062 59.767849
v 18.377789 37.166531 59.838501
v 18.339569 37.047413 59.907097
v 18.302279 36.932571 59.973709
v 18.300333 36.926437 59.977474
v 18.298645 36.920761 59.981342
v 18.297165 36.915375 59.985409
v 18.295795 36.909874 59.990051
v 18.294712 36.904900 59.994774
v 18.294092 36.901569 59.998299
v 18.293621 36.898533 60.001835
v 18.293293 36.895786 60.005371
v 18.293104 36.893330 60.008896
v 18.293047 36.891151 60.012398
v 18.293116 36.889256 60.015877
v 18.293308 36.887623 60.019318
v 18.294043 36.885136 60.026115
v 18.295214 36.883659 60.032719
v 18.296793 36.883144 60.039112
v 18.298729 36.883549 60.045200
v 18.300833 36.884705 60.050598
v 18.303022 36.886414 60.055363
v 18.305239 36.888512 60.059547
v 18.307436 36.890881 60.063213
v 18.309580 36.893410 60.066414
v 18.311647 36.896023 60.069210
v 18.313625 36.898655 60.071644
v 18.315500 36.901264 60.073765
v 18.319084 36.906506 60.077358
v 18.322199 36.911308 60.080051
v 18.325821 36.917145 60.082741
v 18.329283 36.922955 60.084896
v 18.332766 36.929005 60.086693
v 18.335846 36.934521 60.087986
v 18.338953 36.940231 60.089020
v 18.537447 37.315220 60.146614
v 18.607279 37.449486 60.166977
v 18.469500 37.185684 60.126846
v 18.403358 37.060734 60.107655
v 18.654444 37.459335 60.419556
v 18.641079 37.456543 60.334915
v 18.625353 37.453259 60.250698
v 18.598536 37.327976 60.473759
v 18.544102 37.201263 60.526371
v 18.491083 37.079052 60.577450
v 18.439423 36.961212 60.627056
v 18.436657 36.954910 60.629917
v 18.434114 36.949051 60.632965
v 18.431721 36.943478 60.636269
v 18.429298 36.937756 60.640152
v 18.427130 36.932556 60.644211
v 18.425692 36.929054 60.647305
v 18.424393 36.925842 60.650459
v 18.423231 36.922924 60.653664
v 18.422205 36.920292 60.656906
v 18.421310 36.917938 60.660175
v 18.420544 36.915867 60.663464
v 18.419901 36.914062 60.666759
v 18.418976 36.911228 60.673401
v 18.418512 36.909409 60.680004
v 18.418491 36.908562 60.686554
v 18.418884 36.908642 60.692944
v 18.419601 36.909508 60.698742
v 18.420555 36.910957 60.703979
v 18.421673 36.912830 60.708679
v 18.422897 36.914993 60.712883
v 18.424181 36.917343 60.716637
v 18.425491 36.919796 60.719978
v 18.426800 36.922291 60.722950
v 18.428085 36.924774 60.725594
v 18.430655 36.929806 60.730213
v 18.432987 36.934444 60.733826
v 18.435810 36.940113 60.737606
v 18.438606 36.945786 60.740837
v 18.441509 36.951714 60.743732
v 18.444147 36.957138 60.746014
v 18.398556 36.863625 60.710400
v 18.402489 36.864449 60.854893
v 18.386768 36.861164 60.566353
v 18.367161 36.857071 60.423195
v 18.339798 36.851353 60.281376
v 18.304762 36.844036 60.141327
v 18.262159 36.835140 60.003483
v 18.212126 36.824692 59.868271
v 18.154814 36.812721 59.736111
v 18.090399 36.799271 59.607407
v 18.019083 36.784378 59.482555
v 17.941086 36.768089 59.361950
v 17.856647 36.750454 59.245960
v 17.766031 36.731529 59.134941
v 17.669514 36.711372 59.029240
v 17.567394 36.690048 58.929180
v 17.459991 36.667618 58.835072
v 17.347633 36.644154 58.747208
v 17.230671 36.619724 58.665859
v 17.109463 36.594414 58.591278
v 16.984385 36.568291 58.523693
v 16.855822 36.541443 58.463310
v 16.724174 36.513950 58.410324
v 16.589848 36.485897 58.364891
v 16.453257 36.457371 58.327156
v 16.314823 36.428463 58.297234
v 16.174978 36.399258 58.275215
v 16.034149 36.369846 58.261173
v 15.892775 36.340321 58.255146
v 15.751290 36.310772 58.257156
v 15.610135 36.281296 58.267193
v 15.469743 36.251976 58.285229
v 15.330550 36.222908 58.311211
v 15.192985 36.194180 58.345051
v 15.057473 36.165878 58.386654
v 14.924435 36.138096 58.435883
v 14.794280 36.110912 58.492588
v 14.667411 36.084419 58.556595
v 14.544220 36.058689 58.627708
v 14.425088 36.033810 58.705704
v 14.310383 36.009857 58.790344
v 14.200460 35.986900 58.881363
v 14.095658 35.965012 58.978485
v 13.996303 35.944263 59.081406
v 13.902699 35.924717 59.189808
v 13.815137 35.906429 59.303356
v 13.733889 35.889462 59.421700
v 13.659203 35.873863 59.544476
v 13.591311 35.859688 59.671299
v 13.530425 35.846970 59.801785
v 13.476731 35.835758 59.935520
v 13.430395 35.826080 60.072102
v 13.391562 35.817970 60.211102
v 13.360350 35.811451 60.352093
v 13.336855 35.806545 60.494637
v 13.321152 35.803265 60.638290
v 13.313289 35.801624 60.782619
v 13.313289 35.801624 60.927170
v 13.321152 35.803265 61.071495
v 13.336855 35.806545 61.215153
v 13.360350 35.811451 61.357697
v 13.391562 35.817970 61.498688
v 13.430395 35.826080 61.637688
v 13.476731 35.835758 61.774265
v 13.530425 35.846970 61.908005
v 13.591311 35.859688 62.038490
v 13.659203 35.873863 62.165314
v 13.733889 35.889462 62.288086
v 13.815137 35.906429 62.406433
v 13.902699 35.924717 62.519981
v 13.996303 35.944263 62.628384
v 14.095658 35.965012 62.731304
v 14.200460 35.986900 62.828423
v 14.310383 36.009857 62.919445
v 14.425088 36.033810 63.004086
v 14.544220 36.058689 63.082081
v 14.667411 36.084419 63.153191
v 14.794280 36.110912 63.217201
v 14.924435 36.138096 63.273907
v 15.057473 36.165878 63.323135
v 15.192985 36.194180 63.364735
v 15.330550 36.222908 63.398579
v 15.469743 36.251976 63.424557
v 15.610135 36.281296 63.442596
v 15.751290 36.310772 63.452633
v 15.892775 36.340321 63.454643
v 16.034149 36.369846 63.448616
v 16.174978 36.399258 63.434574
v 16.314823 36.428463 63.412556
v 16.453257 36.457371 63.382633
v 16.589848 36.485897 63.344898
v 16.724174 36.513950 63.299465
v 16.855822 36.541443 63.246479
v 16.984385 36.568291 63.186096
v 17.109463 36.594414 63.118511
v 17.230671 36.619724 63.043926
v 17.347633 36.644154 62.962578
v 17.459991 36.667618 62.874714
v 17.567394 36.690048 62.780609
v 17.669514 36.711372 62.680550
v 17.766031 36.731529 62.574848
v 17.856647 36.750454 62.463829
v 17.941086 36.768089 62.347836
v 18.019083 36.784378 62.227230
v 18.090399 36.799271 62.102383
v 18.154814 36.812721 61.973679
v 18.212126 36.824692 61.841518
v 18.262159 36.835140 61.706306
v 18.304762 36.844036 61.568462
v 18.339798 36.851353 61.428413
v 18.367161 36.857071 61.286591
v 18.386768 36.861164 61.143436
v 18.398556 36.863625 60.999390
v 18.544008 37.165138 60.854893
v 18.477669 37.151283 60.242588
v 18.281864 37.110390 59.659920
v 17.966070 37.044441 59.135098
v 17.545574 36.956623 58.693527
v 17.302252 36.905811 58.510826
v 16.764191 36.793442 58.232662
v 16.179607 36.671356 58.081432
v 15.576800 36.545467 58.064457
v 14.702146 36.362808 58.290730
v 14.179901 36.253742 58.598751
v 13.736233 36.161087 59.015987
v 13.392618 36.089325 59.522240
v 13.263741 36.062412 59.801228
v 13.099653 36.028145 60.394028
v 13.066434 36.021206 61.009140
v 13.165689 36.041935 61.616783
v 13.550755 36.122353 62.450356
v 13.946800 36.205059 62.914921
v 14.432706 36.306538 63.279766
v 14.984950 36.421867 63.527229
v 15.277686 36.483002 63.602959
v 15.878662 36.608509 63.653831
v 16.475983 36.733253 63.569214
v 17.040733 36.851192 63.353207
v 17.545574 36.956623 63.016262
v 17.767746 37.003021 62.807323
v 18.138138 37.080376 62.321178
v 18.395500 37.134121 61.764053
v 18.527372 37.161663 61.162918
vn -0.978503 -0.204350 0.027802
vn -0.978503 -0.204350 0.027789
vn -0.975479 -0.203718 0.083299
vn -0.975478 -0.203718 0.083317
vn -0.969437 -0.202456 0.138577
vn -0.969440 -0.202457 0.138555
vn -0.960406 -0.200570 0.193368
vn -0.960403 -0.200569 0.193385
vn -0.948398 -0.198062 0.247614
vn -0.948397 -0.198062 0.247619
vn -0.933461 -0.194943 0.301078
vn -0.915641 -0.191221 0.353605
vn -0.933468 -0.194945 0.301054
vn -0.915639 -0.191221 0.353610
vn -0.894988 -0.186908 0.405044
vn -0.894980 -0.186907 0.405063
vn -0.871568 -0.182017 0.455234
vn -0.845465 -0.176566 0.503997
vn -0.871579 -0.182020 0.455213
vn -0.845453 -0.176564 0.504018
vn -0.816735 -0.170566 0.551228
vn -0.816737 -0.170566 0.551224
vn -0.785486 -0.164040 0.596743
vn -0.751798 -0.157005 0.640429
vn -0.785484 -0.164040 0.596746
vn -0.751800 -0.157005 0.640427
vn -0.715805 -0.149488 0.682112
vn -0.715811 -0.149489 0.682105
vn -0.677600 -0.141509 0.721688
vn -0.677603 -0.141510 0.721685
vn -0.637269 -0.133086 0.759063
vn -0.595001 -0.124259 0.794061
vn -0.637271 -0.133087 0.759061
vn -0.594999 -0.124259 0.794063
vn -0.550884 -0.115046 0.826614
vn -0.550894 -0.115048 0.826607
vn -0.505083 -0.105481 0.856601
vn -0.505071 -0.105478 0.856608
vn -0.457712 -0.095588 0.883947
vn -0.457701 -0.095586 0.883953
vn -0.408860 -0.085386 0.908594
vn -0.408866 -0.085387 0.908591
vn -0.358840 -0.074940 0.930386
vn -0.358840 -0.074940 0.930386
vn -0.307665 -0.064252 0.949323
vn -0.307660 -0.064251 0.949325
vn -0.255537 -0.053366 0.965325
vn -0.255540 -0.053367 0.965324
vn -0.202660 -0.042323 0.978334
vn -0.202661 -0.042323 0.978334
vn -0.149063 -0.031130 0.988338
vn -0.149063 -0.031130 0.988338
vn -0.095106 -0.019862 0.995269
vn -0.095106 -0.019862 0.995269
vn -0.040837 -0.008528 0.999129
vn -0.040837 -0.008528 0.999129
vn 0.013612 0.002843 0.999903
vn 0.013612 0.002843 0.999903
vn 0.067971 0.014195 0.997586
vn 0.122151 0.025510 0.992184
vn 0.067971 0.014195 0.997586
vn 0.122150 0.025510 0.992184
vn 0.175930 0.036741 0.983717
vn 0.229209 0.047868 0.972199
vn 0.175930 0.036741 0.983717
vn 0.281691 0.058828 0.957700
vn 0.229209 0.047868 0.972199
vn 0.281694 0.058829 0.957699
vn 0.333372 0.069621 0.940221
vn 0.384002 0.080195 0.919843
vn 0.333363 0.069619 0.940225
vn 0.384010 0.080196 0.919840
vn 0.433484 0.090528 0.896603
vn 0.433476 0.090527 0.896607
vn 0.481572 0.100571 0.870617
vn 0.528148 0.110298 0.841959
vn 0.481576 0.100572 0.870615
vn 0.573183 0.119703 0.810637
vn 0.528151 0.110298 0.841957
vn 0.573183 0.119703 0.810637
vn 0.616389 0.128726 0.776849
vn 0.657695 0.137352 0.740657
vn 0.616389 0.128726 0.776849
vn 0.696956 0.145552 0.702187
vn 0.657689 0.137351 0.740662
vn 0.696961 0.145553 0.702182
vn 0.734104 0.153310 0.661504
vn 0.734102 0.153309 0.661506
vn 0.768923 0.160581 0.618846
vn 0.768931 0.160583 0.618836
vn 0.801421 0.167368 0.574205
vn 0.801416 0.167367 0.574213
vn 0.831429 0.173635 0.527804
vn 0.831429 0.173635 0.527804
vn 0.858840 0.179359 0.479817
vn 0.858842 0.179360 0.479812
vn 0.883619 0.184534 0.430307
vn 0.883624 0.184535 0.430297
vn 0.905664 0.189138 0.379473
vn 0.905665 0.189138 0.379469
vn 0.924911 0.193157 0.327459
vn 0.924906 0.193156 0.327474
vn 0.941297 0.196580 0.274438
vn 0.941293 0.196579 0.274453
vn 0.954769 0.199393 0.220588
vn 0.954769 0.199393 0.220588
vn 0.965295 0.201591 0.166030
vn 0.965295 0.201591 0.166030
vn 0.972834 0.203166 0.110985
vn 0.972834 0.203166 0.110985
vn 0.977369 0.204113 0.055573
vn 0.977369 0.204113 0.055569
vn 0.978882 0.204428 -0.000000
vn 0.978882 0.204428 -0.000000
vn 0.977369 0.204113 -0.055573
vn 0.977369 0.204113 -0.055569
vn 0.972834 0.203166 -0.110985
vn 0.972834 0.203166 -0.110985
vn 0.965295 0.201591 -0.166030
vn 0.965295 0.201591 -0.166030
vn 0.954769 0.199393 -0.220588
vn 0.954769 0.199393 -0.220588
vn 0.941290 0.196578 -0.274465
vn 0.941294 0.196579 -0.274450
vn 0.924911 0.193157 -0.327459
vn 0.924906 0.193156 -0.327474
vn 0.905672 0.189139 -0.379453
vn 0.883619 0.184534 -0.430307
vn 0.905670 0.189139 -0.379457
vn 0.883624 0.184535 -0.430297
vn 0.858842 0.179360 -0.479812
vn 0.831416 0.173632 -0.527825
vn 0.858840 0.179359 -0.479817
vn 0.831416 0.173632 -0.527825
vn 0.801421 0.167368 -0.574206
vn 0.801416 0.167367 -0.574213
vn 0.768940 0.160585 -0.618824
vn 0.768948 0.160586 -0.618814
vn 0.734085 0.153305 -0.661526
vn 0.734083 0.153305 -0.661529
vn 0.696983 0.145557 -0.702159
vn 0.696978 0.145556 -0.702165
vn 0.657689 0.137351 -0.740662
vn 0.657695 0.137352 -0.740657
vn 0.616389 0.128726 -0.776849
vn 0.616389 0.128726 -0.776849
vn 0.573153 0.119697 -0.810659
vn 0.573153 0.119697 -0.810659
vn 0.528183 0.110305 -0.841936
vn 0.528180 0.110304 -0.841938
vn 0.481576 0.100572 -0.870615
vn 0.481572 0.100571 -0.870617
vn 0.433448 0.090521 -0.896621
vn 0.433440 0.090519 -0.896625
vn 0.384010 0.080196 -0.919840
vn 0.384002 0.080195 -0.919843
vn 0.333403 0.069627 -0.940210
vn 0.333411 0.069629 -0.940207
vn 0.281691 0.058828 -0.957700
vn 0.281694 0.058829 -0.957699
vn 0.229167 0.047859 -0.972210
vn 0.229167 0.047859 -0.972210
vn 0.175930 0.036741 -0.983717
vn 0.175930 0.036741 -0.983717
vn 0.122151 0.025510 -0.992184
vn 0.122150 0.025510 -0.992184
vn 0.067971 0.014195 -0.997586
vn 0.067971 0.014195 -0.997586
vn 0.013612 0.002843 -0.999903
vn 0.013612 0.002843 -0.999903
vn -0.040792 -0.008519 -0.999131
vn -0.040792 -0.008519 -0.999131
vn -0.095106 -0.019862 -0.995269
vn -0.095106 -0.019862 -0.995269
vn -0.149106 -0.031139 -0.988331
vn -0.149106 -0.031139 -0.988331
vn -0.202618 -0.042314 -0.978343
vn -0.202617 -0.042314 -0.978343
vn -0.255537 -0.053366 -0.965325
vn -0.255540 -0.053367 -0.965324
vn -0.307665 -0.064252 -0.949323
vn -0.358840 -0.074940 -0.930386
vn -0.307660 -0.064251 -0.949325
vn -0.358840 -0.074940 -0.930386
vn -0.408897 -0.085394 -0.908577
vn -0.457677 -0.095581 -0.883966
vn -0.408902 -0.085395 -0.908574
vn -0.457666 -0.095578 -0.883972
vn -0.505083 -0.105481 -0.856601
vn -0.505071 -0.105479 -0.856608
vn -0.550884 -0.115046 -0.826614
vn -0.550894 -0.115048 -0.826607
vn -0.594999 -0.124259 -0.794063
vn -0.595001 -0.124259 -0.794061
vn -0.637295 -0.133092 -0.759040
vn -0.637297 -0.133092 -0.759038
vn -0.677579 -0.141505 -0.721708
vn -0.677577 -0.141504 -0.721710
vn -0.715805 -0.149488 -0.682112
vn -0.751798 -0.157005 -0.640429
vn -0.715811 -0.149489 -0.682105
vn -0.751800 -0.157005 -0.640427
vn -0.785502 -0.164043 -0.596721
vn -0.816735 -0.170566 -0.551228
vn -0.785500 -0.164043 -0.596724
vn -0.816737 -0.170566 -0.551224
vn -0.845454 -0.176563 -0.504017
vn -0.871568 -0.182017 -0.455234
vn -0.845442 -0.176561 -0.504037
vn -0.871579 -0.182020 -0.455213
vn -0.894996 -0.186910 -0.405027
vn -0.915641 -0.191221 -0.353605
vn -0.894988 -0.186908 -0.405046
vn -0.915639 -0.191221 -0.353610
vn -0.933461 -0.194943 -0.301079
vn -0.948395 -0.198062 -0.247625
vn -0.933468 -0.194944 -0.301054
vn -0.948394 -0.198062 -0.247630
vn -0.960406 -0.200570 -0.193368
vn -0.960403 -0.200570 -0.193385
vn -0.969437 -0.202456 -0.138577
vn -0.969440 -0.202457 -0.138555
vn -0.975480 -0.203718 -0.083296
vn -0.978503 -0.204349 -0.027802
vn -0.975478 -0.203718 -0.083313
vn -0.978503 -0.204350 -0.027789
vn -0.831977 0.553459 -0.038694
vn -0.836562 0.547520 0.019626
vn -0.836565 0.547516 0.019658
vn -0.836562 0.547520 -0.019626
vn -0.836565 0.547515 -0.019657
vn -0.834367 0.548050 0.058931
vn -0.830213 0.548762 0.098009
vn -0.838970 0.542765 0.039190
vn -0.823648 0.550366 0.136750
vn -0.815389 0.551781 0.175153
vn -0.830526 0.544535 0.117083
vn -0.836091 0.547204 0.038988
vn -0.834488 0.547867 0.058924
vn -0.830083 0.548962 0.097993
vn -0.836092 0.547202 0.038985
vn -0.831977 0.553459 0.038695
vn -0.804554 0.554420 0.212867
vn -0.792284 0.556517 0.250152
vn -0.813743 0.548044 0.193572
vn -0.827698 0.548954 0.116470
vn -0.823888 0.549996 0.136794
vn -0.815140 0.552173 0.175080
vn -0.827697 0.548955 0.116471
vn -0.823649 0.555193 0.115597
vn -0.777293 0.560186 0.286368
vn -0.761152 0.562936 0.322104
vn -0.788835 0.553250 0.267682
vn -0.811001 0.552447 0.192559
vn -0.807090 0.558645 0.191106
vn -0.804888 0.553882 0.213002
vn -0.791912 0.557117 0.249990
vn -0.811008 0.552440 0.192549
vn -0.742250 0.567568 0.356274
vn -0.722400 0.570937 0.390089
vn -0.756078 0.560107 0.338564
vn -0.786224 0.557622 0.266291
vn -0.782502 0.563769 0.264301
vn -0.777716 0.559475 0.286609
vn -0.760700 0.563728 0.321786
vn -0.786230 0.557616 0.266284
vn -0.699817 0.576493 0.421797
vn -0.676502 0.580429 0.453262
vn -0.715895 0.568511 0.405325
vn -0.750176 0.570508 0.334300
vn -0.753649 0.564420 0.336814
vn -0.742717 0.566719 0.356653
vn -0.721870 0.571947 0.389591
vn -0.713691 0.572758 0.403227
vn -0.753658 0.564412 0.336806
vn -0.650553 0.586840 0.482079
vn -0.624030 0.591291 0.510844
vn -0.668770 0.578369 0.467156
vn -0.700316 0.575496 0.422329
vn -0.675936 0.581635 0.452560
vn -0.710531 0.578771 0.400213
vn -0.713695 0.572764 0.403212
vn -0.615267 0.589554 0.523328
vn -0.594997 0.598501 0.536447
vn -0.565610 0.603395 0.562138
vn -0.651039 0.585720 0.482784
vn -0.623429 0.592710 0.509933
vn -0.666816 0.582554 0.464745
vn -0.664010 0.588464 0.461304
vn -0.666814 0.582555 0.464746
vn -0.556044 0.601944 0.573131
vn -0.533926 0.611310 0.584143
vn -0.501972 0.616585 0.606504
vn -0.595490 0.597256 0.537286
vn -0.565050 0.605011 0.560963
vn -0.611194 0.599469 0.516796
vn -0.613593 0.593669 0.520635
vn -0.554683 0.605971 0.570198
vn -0.613594 0.593668 0.520635
vn -0.468088 0.625100 0.624615
vn -0.433862 0.630691 0.643423
vn -0.491809 0.615378 0.615982
vn -0.554686 0.605973 0.570194
vn -0.534358 0.609965 0.585154
vn -0.501453 0.618410 0.605073
vn -0.552731 0.611656 0.566009
vn -0.398208 0.639752 0.657379
vn -0.362229 0.645557 0.672344
vn -0.423381 0.629694 0.651332
vn -0.490794 0.619316 0.612837
vn -0.468398 0.623676 0.625804
vn -0.433507 0.632711 0.641677
vn -0.489318 0.624864 0.608369
vn -0.490780 0.619325 0.612839
vn -0.325213 0.655041 0.682024
vn -0.287845 0.660981 0.693000
vn -0.351532 0.644724 0.678790
vn -0.398438 0.638232 0.658716
vn -0.361990 0.647767 0.670344
vn -0.421730 0.638943 0.643348
vn -0.422706 0.633540 0.648033
vn -0.422702 0.633543 0.648033
vn -0.249993 0.670797 0.698238
vn -0.211656 0.676783 0.705100
vn -0.277179 0.660281 0.697998
vn -0.351211 0.648471 0.675379
vn -0.325304 0.653458 0.683498
vn -0.351224 0.648462 0.675380
vn -0.287853 0.663376 0.690705
vn -0.350759 0.653731 0.670525
vn -0.173533 0.686807 0.705821
vn -0.134621 0.692757 0.708495
vn -0.201216 0.676183 0.708723
vn -0.249911 0.669155 0.699840
vn -0.211920 0.679360 0.702538
vn -0.277321 0.669036 0.689553
vn -0.277242 0.663913 0.694519
vn -0.277243 0.663912 0.694520
vn -0.096674 0.702896 0.704692
vn -0.057692 0.708707 0.703140
vn -0.124551 0.692226 0.710852
vn -0.201644 0.679700 0.705229
vn -0.202258 0.684661 0.700236
vn -0.173251 0.685117 0.707530
vn -0.135216 0.695506 0.705682
vn -0.201653 0.679693 0.705233
vn -0.048102 0.708218 0.704353
vn -0.020421 0.718843 0.694873
vn 0.018259 0.724431 0.689105
vn -0.125354 0.695628 0.707381
vn -0.126499 0.700436 0.702416
vn -0.096184 0.701165 0.706481
vn -0.058673 0.711618 0.700112
vn -0.049274 0.711514 0.700943
vn -0.125359 0.695624 0.707384
vn 0.054261 0.734479 0.676459
vn 0.092146 0.739747 0.666546
vn 0.027115 0.723970 0.689298
vn -0.050967 0.716158 0.696075
vn -0.049311 0.711521 0.700932
vn -0.019705 0.717091 0.696701
vn 0.016795 0.727505 0.685896
vn 0.126538 0.749602 0.649681
vn 0.163171 0.754455 0.635746
vn 0.100301 0.739290 0.665875
vn 0.025597 0.727153 0.685998
vn 0.023463 0.731650 0.681277
vn 0.055186 0.732708 0.678302
vn 0.090239 0.742998 0.663182
vn 0.025616 0.727169 0.685981
vn 0.170498 0.753994 0.634369
vn 0.195431 0.764018 0.614886
vn 0.230408 0.768371 0.597091
vn 0.098451 0.742369 0.662719
vn 0.098449 0.742367 0.662721
vn 0.095816 0.746712 0.658210
vn 0.127676 0.747816 0.651514
vn 0.160761 0.757869 0.632290
vn 0.260083 0.777546 0.572521
vn 0.293095 0.781328 0.551019
vn 0.236852 0.767900 0.595173
vn 0.168338 0.756971 0.631393
vn 0.168329 0.756962 0.631406
vn 0.196799 0.762210 0.616690
vn 0.227443 0.771925 0.593635
vn 0.165266 0.761146 0.627171
vn 0.319750 0.790032 0.523077
vn 0.350365 0.793157 0.498143
vn 0.298594 0.780848 0.548742
vn 0.234418 0.770768 0.592423
vn 0.261715 0.775737 0.574228
vn 0.289514 0.785030 0.547639
vn 0.230966 0.774803 0.588503
vn 0.234421 0.770772 0.592417
vn 0.295917 0.783612 0.546246
vn 0.373710 0.801316 0.467156
vn 0.401537 0.803707 0.439116
vn 0.354974 0.792669 0.495650
vn 0.295934 0.783608 0.546242
vn 0.321589 0.788224 0.524675
vn 0.346190 0.797026 0.494876
vn 0.292118 0.787509 0.542675
vn 0.421229 0.811256 0.405500
vn 0.446041 0.812855 0.374585
vn 0.405259 0.803222 0.436577
vn 0.347954 0.799100 0.490272
vn 0.352074 0.795333 0.493447
vn 0.375743 0.799508 0.468620
vn 0.396777 0.807736 0.436039
vn 0.352079 0.795343 0.493426
vn 0.448887 0.812392 0.372181
vn 0.461766 0.819734 0.338833
vn 0.483239 0.820479 0.305441
vn 0.402193 0.805809 0.434641
vn 0.423464 0.809452 0.406776
vn 0.440640 0.817046 0.371849
vn 0.397834 0.809440 0.431898
vn 0.402191 0.805804 0.434651
vn 0.485304 0.820055 0.303297
vn 0.494815 0.826647 0.267979
vn 0.512694 0.826488 0.232514
vn 0.445690 0.814888 0.370563
vn 0.441127 0.818408 0.368260
vn 0.445690 0.814885 0.370570
vn 0.464143 0.817941 0.339918
vn 0.477239 0.824859 0.303068
vn 0.482010 0.822470 0.302008
vn 0.514087 0.826121 0.230736
vn 0.519977 0.831908 0.193785
vn 0.534069 0.830801 0.156650
vn 0.482001 0.822473 0.302015
vn 0.477300 0.825882 0.300172
vn 0.497334 0.824855 0.268836
vn 0.506142 0.831049 0.230604
vn 0.536906 0.835455 0.117244
vn 0.547068 0.833368 0.078829
vn 0.534859 0.830529 0.155395
vn 0.510722 0.828471 0.229779
vn 0.510720 0.828475 0.229770
vn 0.522587 0.830120 0.194434
vn 0.526986 0.835565 0.155294
vn 0.505940 0.831779 0.228404
vn 0.545430 0.837238 0.039229
vn 0.547400 0.833214 0.078157
vn 0.526686 0.836024 0.153838
vn 0.539601 0.833665 0.117613
vn 0.539516 0.838344 0.078115
vn 0.531487 0.832812 0.154745
vn 0.531492 0.832806 0.154761
vn 0.551540 0.834149 -0.000000
vn 0.551540 0.834149 -0.000000
vn 0.545430 0.837238 -0.039229
vn 0.544055 0.835430 0.077852
vn 0.539285 0.838558 0.077406
vn 0.544052 0.835433 0.077845
vn 0.548161 0.835446 0.039375
vn 0.547400 0.833213 -0.078159
vn 0.547068 0.833368 -0.078829
vn 0.536908 0.835454 -0.117244
vn 0.548256 0.836310 -0.000000
vn 0.548256 0.836310 -0.000000
vn 0.543575 0.839361 0.000000
vn 0.548160 0.835446 -0.039375
vn 0.543575 0.839360 0.000000
vn 0.534069 0.830801 -0.156650
vn 0.519974 0.831908 -0.193793
vn 0.534861 0.830528 -0.155392
vn 0.544052 0.835432 -0.077850
vn 0.539284 0.838559 -0.077404
vn 0.539516 0.838344 -0.078115
vn 0.539602 0.833665 -0.117617
vn 0.544055 0.835431 -0.077847
vn 0.514085 0.826122 -0.230735
vn 0.512692 0.826489 -0.232513
vn 0.494818 0.826649 -0.267967
vn 0.526687 0.836023 -0.153839
vn 0.531484 0.832811 -0.154756
vn 0.526988 0.835564 -0.155294
vn 0.522590 0.830119 -0.194428
vn 0.531493 0.832808 -0.154746
vn 0.483242 0.820477 -0.305442
vn 0.461770 0.819732 -0.338834
vn 0.485303 0.820054 -0.303303
vn 0.510727 0.828470 -0.229772
vn 0.505938 0.831779 -0.228408
vn 0.510717 0.828474 -0.229782
vn 0.506141 0.831048 -0.230611
vn 0.497334 0.824855 -0.268836
vn 0.448894 0.812391 -0.372176
vn 0.446027 0.812857 -0.374597
vn 0.421226 0.811258 -0.405498
vn 0.482004 0.822472 -0.302013
vn 0.477303 0.825882 -0.300168
vn 0.482006 0.822471 -0.302011
vn 0.477242 0.824861 -0.303059
vn 0.464143 0.817941 -0.339918
vn 0.401551 0.803708 -0.439102
vn 0.373694 0.801314 -0.467171
vn 0.405255 0.803225 -0.436575
vn 0.445690 0.814889 -0.370563
vn 0.445691 0.814888 -0.370562
vn 0.441127 0.818408 -0.368260
vn 0.440640 0.817046 -0.371849
vn 0.423464 0.809452 -0.406776
vn 0.354965 0.792670 -0.495655
vn 0.350387 0.793154 -0.498132
vn 0.319754 0.790028 -0.523081
vn 0.402187 0.805808 -0.434648
vn 0.397834 0.809440 -0.431898
vn 0.402197 0.805806 -0.434644
vn 0.396774 0.807731 -0.436053
vn 0.375755 0.799508 -0.468610
vn 0.298605 0.780847 -0.548737
vn 0.293095 0.781328 -0.551019
vn 0.260061 0.777543 -0.572535
vn 0.352078 0.795338 -0.493436
vn 0.347954 0.799100 -0.490272
vn 0.352066 0.795340 -0.493441
vn 0.346184 0.797019 -0.494891
vn 0.321593 0.788220 -0.524678
vn 0.236849 0.767905 -0.595168
vn 0.230432 0.768374 -0.597079
vn 0.195431 0.764018 -0.614886
vn 0.295926 0.783614 -0.546240
vn 0.292122 0.787505 -0.542679
vn 0.295930 0.783613 -0.546239
vn 0.289526 0.785034 -0.547627
vn 0.261702 0.775732 -0.574240
vn 0.163140 0.754457 -0.635752
vn 0.126534 0.749607 -0.649676
vn 0.170498 0.753994 -0.634369
vn 0.230960 0.774798 -0.588512
vn 0.234414 0.770767 -0.592425
vn 0.227453 0.771934 -0.593619
vn 0.196796 0.762214 -0.616685
vn 0.234420 0.770766 -0.592424
vn 0.100297 0.739296 -0.665869
vn 0.092175 0.739751 -0.666538
vn 0.054261 0.734479 -0.676459
vn 0.098451 0.742369 -0.662719
vn 0.168338 0.756965 -0.631400
vn 0.168343 0.756964 -0.631400
vn 0.165273 0.761152 -0.627163
vn 0.160748 0.757859 -0.632305
vn 0.127697 0.747816 -0.651509
vn 0.027115 0.723970 -0.689298
vn 0.018225 0.724433 -0.689104
vn -0.020423 0.718849 -0.694867
vn 0.095816 0.746712 -0.658210
vn 0.098449 0.742367 -0.662721
vn 0.090223 0.742988 -0.663196
vn 0.055208 0.732708 -0.678300
vn -0.048118 0.708219 -0.704351
vn -0.057692 0.708707 -0.703140
vn -0.096674 0.702896 -0.704692
vn 0.025594 0.727159 -0.685992
vn 0.025610 0.727156 -0.685995
vn 0.023451 0.731649 -0.681278
vn 0.016792 0.727511 -0.685890
vn -0.019708 0.717097 -0.696695
vn -0.134621 0.692757 -0.708495
vn -0.173501 0.686812 -0.705823
vn -0.124551 0.692226 -0.710852
vn -0.058673 0.711618 -0.700112
vn -0.096184 0.701165 -0.706481
vn -0.050956 0.716164 -0.696069
vn -0.049290 0.711517 -0.700938
vn -0.049296 0.711518 -0.700936
vn -0.201201 0.676182 -0.708728
vn -0.211656 0.676783 -0.705100
vn -0.250023 0.670791 -0.698231
vn -0.135236 0.695495 -0.705690
vn -0.126499 0.700436 -0.702416
vn -0.173228 0.685117 -0.707536
vn -0.125361 0.695633 -0.707375
vn -0.125355 0.695632 -0.707377
vn -0.277179 0.660287 -0.697992
vn -0.287815 0.660986 -0.693008
vn -0.325213 0.655041 -0.682024
vn -0.211920 0.679360 -0.702538
vn -0.249933 0.669149 -0.699838
vn -0.201645 0.679702 -0.705227
vn -0.201640 0.679701 -0.705229
vn -0.202258 0.684661 -0.700236
vn -0.351545 0.644719 -0.678788
vn -0.362230 0.645551 -0.672349
vn -0.398209 0.639746 -0.657384
vn -0.287832 0.663381 -0.690708
vn -0.325304 0.653458 -0.683498
vn -0.277321 0.669030 -0.689559
vn -0.277243 0.663912 -0.694519
vn -0.277242 0.663912 -0.694520
vn -0.423370 0.629693 -0.651340
vn -0.433887 0.630693 -0.643404
vn -0.468062 0.625110 -0.624624
vn -0.362010 0.647762 -0.670338
vn -0.398419 0.638237 -0.658723
vn -0.351236 0.648466 -0.675370
vn -0.350770 0.653731 -0.670519
vn -0.351223 0.648462 -0.675380
vn -0.491809 0.615378 -0.615982
vn -0.501972 0.616585 -0.606504
vn -0.533926 0.611310 -0.584143
vn -0.421729 0.638949 -0.643342
vn -0.422695 0.633538 -0.648042
vn -0.433505 0.632717 -0.641672
vn -0.468397 0.623682 -0.625799
vn -0.422702 0.633541 -0.648035
vn -0.595015 0.598497 -0.536431
vn -0.556044 0.601944 -0.573131
vn -0.565610 0.603396 -0.562138
vn -0.501453 0.618410 -0.605073
vn -0.534373 0.609960 -0.585144
vn -0.489307 0.624870 -0.608372
vn -0.490784 0.619319 -0.612842
vn -0.490782 0.619318 -0.612845
vn -0.624014 0.591294 -0.510861
vn -0.650553 0.586840 -0.482079
vn -0.615265 0.589559 -0.523325
vn -0.565036 0.605014 -0.560974
vn -0.595490 0.597256 -0.537286
vn -0.552732 0.611651 -0.566013
vn -0.554683 0.605971 -0.570198
vn -0.554686 0.605973 -0.570194
vn -0.676502 0.580429 -0.453262
vn -0.699828 0.576491 -0.421781
vn -0.668770 0.578369 -0.467156
vn -0.623429 0.592710 -0.509933
vn -0.651039 0.585720 -0.482784
vn -0.611194 0.599469 -0.516796
vn -0.613594 0.593669 -0.520634
vn -0.613593 0.593669 -0.520636
vn -0.666816 0.582554 -0.464745
vn -0.722400 0.570937 -0.390089
vn -0.742242 0.567570 -0.356289
vn -0.715899 0.568512 -0.405318
vn -0.675936 0.581635 -0.452560
vn -0.700316 0.575496 -0.422329
vn -0.664010 0.588464 -0.461304
vn -0.666814 0.582555 -0.464746
vn -0.713692 0.572765 -0.403217
vn -0.761152 0.562936 -0.322104
vn -0.777299 0.560185 -0.286356
vn -0.756076 0.560106 -0.338571
vn -0.721870 0.571947 -0.389591
vn -0.742723 0.566717 -0.356643
vn -0.710531 0.578771 -0.400213
vn -0.713697 0.572761 -0.403214
vn -0.792282 0.556519 -0.250151
vn -0.804552 0.554422 -0.212867
vn -0.788833 0.553253 -0.267681
vn -0.760696 0.563729 -0.321795
vn -0.777716 0.559475 -0.286609
vn -0.750178 0.570505 -0.334302
vn -0.753651 0.564420 -0.336809
vn -0.753650 0.564417 -0.336815
vn -0.815387 0.551781 -0.175161
vn -0.823648 0.550366 -0.136750
vn -0.813742 0.548046 -0.193572
vn -0.791917 0.557114 -0.249984
vn -0.804887 0.553881 -0.213009
vn -0.786227 0.557621 -0.266282
vn -0.786226 0.557617 -0.266292
vn -0.782502 0.563769 -0.264301
vn -0.838970 0.542765 -0.039190
vn -0.830213 0.548762 -0.098009
vn -0.834367 0.548050 -0.058928
vn -0.830526 0.544535 -0.117083
vn -0.815138 0.552174 -0.175079
vn -0.823888 0.549997 -0.136793
vn -0.807091 0.558645 -0.191102
vn -0.811007 0.552438 -0.192561
vn -0.811006 0.552446 -0.192544
vn -0.827699 0.548953 -0.116470
vn -0.836091 0.547204 -0.038987
vn -0.830084 0.548961 -0.097990
vn -0.834488 0.547867 -0.058926
vn -0.836092 0.547202 -0.038984
vn -0.823648 0.555194 -0.115599
vn -0.827697 0.548955 -0.116473
vn 0.204426 -0.978882 -0.000003
vn 0.204425 -0.978882 -0.000004
vn 0.204426 -0.978882 -0.000002
vn 0.204429 -0.978881 0.000000
vn 0.204432 -0.978881 0.000004
vn 0.204432 -0.978881 0.000004
vn 0.204434 -0.978880 0.000004
vn 0.204435 -0.978880 0.000005
vn 0.204427 -0.978882 -0.000002
vn 0.204426 -0.978882 -0.000003
vn 0.204434 -0.978880 0.000005
vn 0.204425 -0.978882 -0.000003
vn 0.204423 -0.978883 -0.000008
vn 0.204431 -0.978881 0.000002
vn 0.204420 -0.978883 -0.000007
vn 0.204431 -0.978881 0.000002
vn 0.204432 -0.978881 0.000004
vn 0.204426 -0.978882 -0.000004
vn 0.204433 -0.978881 0.000003
vn 0.204424 -0.978882 -0.000003
vn 0.204434 -0.978880 0.000010
vn 0.204427 -0.978882 -0.000001
vn 0.204429 -0.978881 -0.000000
vn 0.204437 -0.978880 0.000004
vn 0.204426 -0.978882 -0.000002
vn 0.204426 -0.978882 -0.000003
vn 0.204433 -0.978881 0.000002
vn 0.204425 -0.978882 -0.000002
vn 0.204431 -0.978881 0.000001
vn 0.204421 -0.978883 -0.000015
vn 0.204431 -0.978881 0.000005
vn 0.204414 -0.978885 -0.000004
vn 0.204430 -0.978881 0.000002
vn 0.204430 -0.978881 0.000001
vn 0.204426 -0.978882 0.000000
vn 0.204428 -0.978881 0.000001
vn 0.204428 -0.978882 -0.000003
vn 0.204429 -0.978882 -0.000002
vn 0.204433 -0.978881 0.000002
vn 0.204425 -0.978882 -0.000001
vn 0.204431 -0.978881 0.000007
vn 0.204428 -0.978882 -0.000003
vn 0.204438 -0.978879 0.000002
vn 0.204426 -0.978882 -0.000001
vn 0.204428 -0.978882 -0.000000
vn 0.204428 -0.978882 -0.000001
vn 0.204421 -0.978883 -0.000002
vn 0.204432 -0.978881 0.000000
vn 0.204428 -0.978882 0.000000
vn 0.204428 -0.978882 0.000002
vn 0.204438 -0.978880 0.000001
vn 0.204427 -0.978882 -0.000001
vn 0.204429 -0.978881 0.000006
vn 0.204429 -0.978881 0.000006
vn 0.204423 -0.978883 -0.000001
vn 0.204434 -0.978880 0.000000
vn 0.204420 -0.978883 0.000000
vn 0.204429 -0.978882 0.000000
vn 0.204429 -0.978881 0.000000
vn 0.204420 -0.978883 0.000000
vn 0.204430 -0.978881 -0.000000
vn 0.204429 -0.978881 -0.000006
vn 0.204429 -0.978881 -0.000006
vn 0.204430 -0.978881 -0.000000
vn 0.204428 -0.978882 -0.000002
vn 0.204428 -0.978881 -0.000000
vn 0.204431 -0.978881 -0.000000
vn 0.204431 -0.978881 -0.000000
vn 0.204428 -0.978882 0.000000
vn 0.204428 -0.978882 0.000001
vn 0.204439 -0.978879 -0.000002
vn 0.204428 -0.978882 -0.000001
vn 0.204428 -0.978882 0.000003
vn 0.204430 -0.978881 -0.000008
vn 0.204433 -0.978881 -0.000001
vn 0.204420 -0.978883 0.000001
vn 0.204429 -0.978881 0.000002
vn 0.204428 -0.978881 0.000003
vn 0.204426 -0.978882 0.000001
vn 0.204424 -0.978882 0.000002
vn 0.204430 -0.978881 -0.000001
vn 0.204430 -0.978881 -0.000002
vn 0.204429 -0.978881 -0.000000
vn 0.204429 -0.978881 -0.000000
vn 0.204430 -0.978881 -0.000005
vn 0.204423 -0.978883 0.000016
vn 0.204426 -0.978882 0.000001
vn 0.204428 -0.978882 0.000000
vn 0.204426 -0.978882 0.000002
vn 0.204426 -0.978882 0.000003
vn 0.204433 -0.978881 -0.000002
vn 0.204431 -0.978881 -0.000001
vn 0.204428 -0.978882 0.000001
vn 0.204433 -0.978881 -0.000010
vn 0.204435 -0.978880 -0.000004
vn 0.204427 -0.978882 0.000000
vn 0.204431 -0.978881 -0.000005
vn 0.204426 -0.978882 0.000005
vn 0.204423 -0.978883 0.000003
vn 0.204430 -0.978881 -0.000001
vn 0.204431 -0.978881 -0.000001
vn 0.204424 -0.978882 0.000008
vn 0.204430 -0.978881 -0.000002
vn 0.204422 -0.978883 0.000006
vn 0.204427 -0.978882 0.000002
vn 0.204426 -0.978882 0.000003
vn 0.204437 -0.978880 -0.000006
vn 0.204428 -0.978882 0.000001
vn 0.204432 -0.978881 -0.000004
vn 0.204432 -0.978881 -0.000004
vn 0.204434 -0.978880 -0.000006
vn 0.204427 -0.978882 0.000002
vn 0.204426 -0.978882 0.000003
vn 0.204425 -0.978882 0.000004
vn 0.204416 -0.978884 0.000014
vn 0.204439 -0.978879 -0.000012
vn 0.204423 -0.978883 0.000005
vn 0.204429 -0.978881 -0.000000
vn 0.204426 -0.978882 0.000002
vn 0.204433 -0.978881 -0.000006
vn 0.204435 -0.978880 -0.000005
vn 0.204434 -0.978880 -0.000004
vn 0.204419 -0.978884 0.000014
vn 0.204429 -0.978881 -0.000001
vn 0.204425 -0.978882 0.000004
vn 0.204420 -0.978883 0.000007
vn 0.204435 -0.978880 -0.000004
vn 0.204425 -0.978882 0.000003
vn 0.204428 -0.978882 0.000000
vn 0.204431 -0.978881 -0.000002
vn 0.204430 -0.978881 -0.000003
vn 0.204430 -0.978881 -0.000003
vn 0.204424 -0.978882 0.000003
vn 0.204429 -0.978881 0.000000
vn 0.204434 -0.978880 -0.000002
vn 0.204429 -0.978881 0.000000
vn 0.204427 -0.978882 0.000005
vn 0.204429 -0.978881 -0.000002
vn 0.204437 -0.978880 -0.000004
vn 0.204431 -0.978881 -0.000003
vn 0.204425 -0.978882 0.000001
vn 0.204433 -0.978881 -0.000001
vn 0.204432 -0.978881 -0.000009
vn 0.204429 -0.978882 0.000002
vn 0.204414 -0.978884 0.000004
vn 0.204431 -0.978881 -0.000001
vn 0.204428 -0.978882 0.000002
vn 0.204427 -0.978882 0.000006
vn 0.204428 -0.978882 0.000002
vn 0.204426 -0.978882 -0.000000
vn 0.204428 -0.978881 -0.000001
vn 0.204428 -0.978882 0.000004
vn 0.204433 -0.978881 -0.000001
vn 0.204424 -0.978882 0.000000
vn 0.204430 -0.978881 -0.000015
vn 0.204428 -0.978881 0.000001
vn 0.204439 -0.978879 -0.000001
vn 0.204425 -0.978882 0.000000
vn 0.204427 -0.978882 0.000014
vn 0.204428 -0.978882 -0.000002
vn 0.204432 -0.978881 0.000000
vn 0.204421 -0.978883 0.000001
vn 0.204430 -0.978881 -0.000011
vn 0.204430 -0.978881 -0.000009
vn 0.204427 -0.978882 0.000000
vn 0.204438 -0.978880 0.000000
vn 0.204428 -0.978882 0.000012
vn 0.204428 -0.978882 0.000012
vn 0.204434 -0.978880 0.000000
vn 0.204423 -0.978883 -0.000000
vn 0.204428 -0.978881 -0.000012
vn 0.204428 -0.978882 -0.000012
vn 0.204430 -0.978881 0.000011
vn 0.204420 -0.978883 -0.000000
vn 0.204420 -0.978883 -0.000000
vn 0.204430 -0.978881 0.000009
vn 0.204430 -0.978881 0.000000
vn 0.204430 -0.978881 0.000000
vn 0.204429 -0.978882 0.000002
vn 0.204425 -0.978882 -0.000014
vn 0.204430 -0.978881 0.000015
vn 0.204431 -0.978881 0.000000
vn 0.204439 -0.978879 0.000002
vn 0.204431 -0.978881 0.000000
vn 0.204427 -0.978882 -0.000006
vn 0.204428 -0.978881 -0.000001
vn 0.204428 -0.978882 0.000001
vn 0.204428 -0.978882 -0.000004
vn 0.204433 -0.978881 0.000002
vn 0.204421 -0.978883 -0.000003
vn 0.204428 -0.978882 -0.000002
vn 0.204432 -0.978881 0.000009
vn 0.204428 -0.978882 -0.000002
vn 0.204426 -0.978882 -0.000001
vn 0.204424 -0.978882 -0.000002
vn 0.204429 -0.978881 -0.000002
vn 0.204429 -0.978881 0.000000
vn 0.204426 -0.978882 -0.000001
vn 0.204429 -0.978881 0.000000
vn 0.204427 -0.978882 -0.000005
vn 0.204431 -0.978881 0.000003
vn 0.204428 -0.978882 -0.000000
vn 0.204428 -0.978882 -0.000000
vn 0.204430 -0.978881 0.000002
vn 0.204433 -0.978881 0.000002
vn 0.204431 -0.978881 0.000001
vn 0.204430 -0.978881 0.000003
vn 0.204429 -0.978881 0.000001
vn 0.204430 -0.978881 0.000003
vn 0.204435 -0.978880 0.000004
vn 0.204428 -0.978882 -0.000001
vn 0.204428 -0.978881 -0.000001
vn 0.204423 -0.978883 -0.000004
vn 0.204430 -0.978881 0.000001
vn 0.204425 -0.978882 -0.000005
vn 0.204418 -0.978884 -0.000013
vn 0.204438 -0.978880 0.000013
vn 0.204437 -0.978880 0.000006
vn 0.204422 -0.978883 -0.000006
vn 0.204431 -0.978881 0.000001
vn 0.204433 -0.978881 0.000006
vn 0.204428 -0.978882 -0.000001
vn 0.204415 -0.978884 -0.000013
vn 0.204434 -0.978880 0.000006
vn 0.204423 -0.978883 -0.000006
vn 0.204427 -0.978882 -0.000002
vn -0.204425 0.978882 0.000006
vn -0.204418 0.978884 -0.000009
vn -0.204417 0.978884 -0.000003
vn -0.204435 0.978880 0.000007
vn -0.204421 0.978883 -0.000006
vn -0.204429 0.978881 0.000008
vn -0.204419 0.978884 0.000001
vn -0.204443 0.978878 0.000015
vn -0.204437 0.978880 0.000015
vn -0.204420 0.978883 -0.000012
vn -0.204431 0.978881 0.000004
vn -0.204411 0.978885 -0.000009
vn -0.204431 0.978881 -0.000004
vn -0.204431 0.978881 -0.000004
vn -0.204433 0.978881 0.000004
vn -0.204429 0.978881 0.000002
vn -0.204427 0.978882 -0.000007
vn -0.204440 0.978879 0.000009
vn -0.204424 0.978882 0.000000
vn -0.204437 0.978880 0.000011
vn -0.204418 0.978884 -0.000003
vn -0.204417 0.978884 -0.000001
vn -0.204423 0.978883 0.000002
vn -0.204429 0.978881 0.000005
vn -0.204425 0.978882 0.000001
vn -0.204426 0.978882 -0.000000
vn -0.204435 0.978880 0.000001
vn -0.204419 0.978884 -0.000016
vn -0.204434 0.978880 0.000003
vn -0.204428 0.978882 -0.000002
vn -0.204429 0.978881 -0.000001
vn -0.204433 0.978881 -0.000004
vn -0.204437 0.978880 0.000000
vn -0.204431 0.978881 -0.000015
vn -0.204427 0.978882 -0.000002
vn -0.204430 0.978881 0.000012
vn -0.204442 0.978879 0.000003
vn -0.204449 0.978877 0.000008
vn -0.204422 0.978883 -0.000008
vn -0.204426 0.978882 -0.000004
vn -0.204431 0.978881 0.000004
vn -0.204424 0.978882 -0.000001
vn -0.204431 0.978881 0.000017
vn -0.204428 0.978882 -0.000002
vn -0.204426 0.978882 0.000009
vn -0.204430 0.978881 0.000001
vn -0.204416 0.978884 -0.000007
vn -0.204431 0.978881 -0.000018
vn -0.204418 0.978884 -0.000007
vn -0.204447 0.978877 0.000008
vn -0.204423 0.978883 -0.000015
vn -0.204424 0.978882 -0.000002
vn -0.204434 0.978880 0.000009
vn -0.204424 0.978882 0.000006
vn -0.204403 0.978887 -0.000003
vn -0.204424 0.978882 -0.000001
vn -0.204427 0.978882 -0.000003
vn -0.204435 0.978880 -0.000000
vn -0.204424 0.978882 0.000002
vn -0.204424 0.978882 0.000001
vn -0.204421 0.978883 0.000000
vn -0.204443 0.978879 0.000007
vn -0.204432 0.978881 0.000015
vn -0.204433 0.978881 0.000003
vn -0.204425 0.978882 -0.000010
vn -0.204442 0.978879 0.000007
vn -0.204423 0.978883 0.000002
vn -0.204425 0.978882 0.000017
vn -0.204418 0.978884 0.000003
vn -0.204425 0.978882 0.000004
vn -0.204428 0.978882 -0.000018
vn -0.204422 0.978883 0.000008
vn -0.204430 0.978881 -0.000008
vn -0.204439 0.978879 0.000001
vn -0.204443 0.978879 0.000002
vn -0.204426 0.978882 0.000004
vn -0.204439 0.978879 0.000003
vn -0.204420 0.978883 0.000002
vn -0.204431 0.978881 0.000015
vn -0.204430 0.978881 -0.000012
vn -0.204421 0.978883 -0.000004
vn -0.204437 0.978880 -0.000004
vn -0.204435 0.978880 -0.000001
vn -0.204435 0.978880 0.000005
vn -0.204443 0.978878 -0.000004
vn -0.204419 0.978883 -0.000003
vn -0.204428 0.978882 -0.000004
vn -0.204426 0.978882 0.000020
vn -0.204417 0.978884 0.000008
vn -0.204420 0.978883 0.000007
vn -0.204427 0.978882 -0.000006
vn -0.204426 0.978882 -0.000000
vn -0.204431 0.978881 0.000001
vn -0.204436 0.978880 0.000000
vn -0.204429 0.978881 0.000003
vn -0.204432 0.978881 -0.000015
vn -0.204427 0.978882 0.000006
vn -0.204427 0.978882 0.000006
vn -0.204432 0.978881 -0.000005
vn -0.204431 0.978881 -0.000001
vn -0.204437 0.978880 -0.000000
vn -0.204428 0.978882 0.000002
vn -0.204425 0.978882 -0.000009
vn -0.204418 0.978884 0.000015
vn -0.204423 0.978883 0.000006
vn -0.204420 0.978883 0.000007
vn -0.204426 0.978882 0.000004
vn -0.204435 0.978880 -0.000022
vn -0.204442 0.978879 -0.000012
vn -0.204431 0.978881 -0.000008
vn -0.204431 0.978881 -0.000012
vn -0.204423 0.978883 0.000008
vn -0.204428 0.978882 -0.000004
vn -0.204421 0.978883 -0.000001
vn -0.204429 0.978881 -0.000001
vn -0.204415 0.978884 0.000005
vn -0.204437 0.978880 -0.000018
vn -0.204424 0.978882 0.000016
vn -0.204418 0.978884 0.000001
vn -0.204432 0.978881 -0.000004
vn -0.204429 0.978881 0.000010
vn -0.204431 0.978881 0.000001
vn -0.204444 0.978878 -0.000005
vn -0.204414 0.978885 0.000004
vn -0.204432 0.978881 0.000001
vn -0.204430 0.978881 0.000008
vn -0.204431 0.978881 0.000004
vn -0.204432 0.978881 0.000004
vn -0.204428 0.978882 0.000003
vn -0.204426 0.978882 0.000014
vn -0.204438 0.978879 -0.000015
vn -0.204424 0.978882 -0.000000
vn -0.204443 0.978878 -0.000004
vn -0.204429 0.978881 -0.000007
vn -0.204417 0.978884 0.000001
vn -0.204424 0.978882 0.000000
vn -0.204425 0.978882 0.000001
vn -0.204424 0.978882 0.000012
vn -0.204426 0.978882 0.000000
vn -0.204434 0.978880 -0.000003
vn -0.204417 0.978884 0.000001
vn -0.204435 0.978880 -0.000012
vn -0.204435 0.978880 -0.000007
vn -0.204429 0.978881 0.000001
vn -0.204431 0.978881 0.000005
vn -0.204430 0.978881 -0.000010
vn -0.204428 0.978882 0.000002
vn -0.204427 0.978882 0.000002
vn -0.204442 0.978879 -0.000003
vn -0.204426 0.978882 0.000005
vn -0.204425 0.978882 -0.000001
vn -0.204449 0.978877 -0.000008
vn -0.204425 0.978882 -0.000001
vn -0.204425 0.978882 -0.000001
vn -0.204432 0.978881 -0.000001
vn -0.204423 0.978883 -0.000002
vn -0.204427 0.978882 -0.000007
vn -0.204431 0.978881 0.000018
vn -0.204415 0.978884 0.000002
vn -0.204431 0.978881 0.000006
vn -0.204432 0.978881 0.000018
vn -0.204426 0.978882 0.000000
vn -0.204426 0.978882 -0.000004
vn -0.204416 0.978884 -0.000005
vn -0.204448 0.978877 0.000003
vn -0.204427 0.978882 -0.000002
vn -0.204425 0.978882 0.000003
vn -0.204403 0.978887 -0.000004
vn -0.204427 0.978882 0.000000
vn -0.204427 0.978882 0.000000
vn -0.204427 0.978882 -0.000000
vn -0.204435 0.978880 0.000003
vn -0.204426 0.978882 0.000004
vn -0.204426 0.978882 -0.000000
vn -0.204427 0.978882 0.000002
vn -0.204421 0.978883 -0.000009
vn -0.204442 0.978879 -0.000007
vn -0.204442 0.978879 0.000001
vn -0.204431 0.978881 -0.000018
vn -0.204432 0.978881 -0.000018
vn -0.204423 0.978883 -0.000002
vn -0.204427 0.978882 0.000007
vn -0.204419 0.978884 -0.000006
vn -0.204439 0.978879 -0.000001
vn -0.204424 0.978882 -0.000002
vn -0.204425 0.978882 0.000001
vn -0.204425 0.978882 0.000001
vn -0.204443 0.978879 -0.000002
vn -0.204439 0.978879 -0.000003
vn -0.204424 0.978882 -0.000005
vn -0.204427 0.978882 0.000000
vn -0.204420 0.978883 -0.000002
vn -0.204426 0.978882 -0.000003
vn -0.204435 0.978880 0.000008
vn -0.204423 0.978883 -0.000001
vn -0.204435 0.978880 0.000009
vn -0.204437 0.978880 0.000012
vn -0.204424 0.978882 -0.000012
vn -0.204433 0.978881 0.000007
vn -0.204440 0.978879 0.000012
vn -0.204423 0.978883 -0.000005
vn -0.204417 0.978884 -0.000008
vn -0.204425 0.978882 -0.000001
vn -0.204434 0.978880 0.000017
vn -0.204420 0.978883 -0.000007
vn -0.204433 0.978881 0.000005
vn -0.204435 0.978880 0.000001
vn -0.204432 0.978881 -0.000003
vn -0.204423 0.978883 -0.000012
vn -0.204431 0.978881 -0.000005
vn -0.204427 0.978882 -0.000006
vn -0.204427 0.978882 -0.000006
vn -0.204428 0.978882 -0.000006
vn -0.204433 0.978881 -0.000002
vn -0.204435 0.978880 0.000003
vn -0.204430 0.978881 -0.000004
vn -0.204434 0.978880 -0.000003
vn -0.204426 0.978882 -0.000008
vn -0.204422 0.978883 -0.000005
vn -0.204421 0.978883 -0.000008
vn -0.204426 0.978882 0.000006
vn -0.204413 0.978885 -0.000007
vn -0.204445 0.978878 0.000010
vn -0.204434 0.978880 0.000005
vn -0.204439 0.978879 0.000016
vn -0.204423 0.978883 -0.000000
vn 0.978503 0.204349 -0.027796
vn 0.978503 0.204349 -0.027802
vn 0.975478 0.203718 -0.083320
vn 0.975479 0.203718 -0.083309
vn 0.969440 0.202457 -0.138552
vn 0.969440 0.202457 -0.138554
vn 0.960401 0.200569 -0.193394
vn 0.948399 0.198063 -0.247609
vn 0.960402 0.200569 -0.193392
vn 0.948399 0.198063 -0.247609
vn 0.933461 0.194943 -0.301078
vn 0.933461 0.194943 -0.301078
vn 0.915642 0.191222 -0.353601
vn 0.915641 0.191222 -0.353603
vn 0.894990 0.186909 -0.405041
vn 0.871568 0.182017 -0.455235
vn 0.894991 0.186909 -0.405039
vn 0.871568 0.182017 -0.455235
vn 0.845465 0.176566 -0.503997
vn 0.845465 0.176566 -0.503997
vn 0.816735 0.170566 -0.551228
vn 0.816730 0.170565 -0.551235
vn 0.785481 0.164039 -0.596750
vn 0.785485 0.164040 -0.596745
vn 0.751805 0.157006 -0.640420
vn 0.715813 0.149490 -0.682103
vn 0.751804 0.157006 -0.640422
vn 0.715814 0.149490 -0.682102
vn 0.677589 0.141507 -0.721699
vn 0.677590 0.141507 -0.721698
vn 0.637284 0.133090 -0.759049
vn 0.594999 0.124259 -0.794063
vn 0.637283 0.133090 -0.759050
vn 0.595000 0.124259 -0.794062
vn 0.550888 0.115047 -0.826612
vn 0.550889 0.115047 -0.826611
vn 0.505061 0.105476 -0.856615
vn 0.505065 0.105477 -0.856612
vn 0.457686 0.095582 -0.883961
vn 0.457690 0.095584 -0.883959
vn 0.408901 0.085394 -0.908575
vn 0.408901 0.085394 -0.908575
vn 0.358840 0.074940 -0.930386
vn 0.358840 0.074940 -0.930386
vn 0.307661 0.064252 -0.949324
vn 0.307661 0.064252 -0.949324
vn 0.255543 0.053367 -0.965324
vn 0.255539 0.053367 -0.965325
vn 0.202636 0.042318 -0.978339
vn 0.202639 0.042319 -0.978339
vn 0.149084 0.031135 -0.988334
vn 0.149084 0.031135 -0.988334
vn 0.095107 0.019862 -0.995269
vn 0.040814 0.008523 -0.999130
vn 0.095106 0.019862 -0.995269
vn 0.040814 0.008524 -0.999130
vn -0.013612 -0.002843 -0.999903
vn -0.067993 -0.014200 -0.997585
vn -0.013612 -0.002843 -0.999903
vn -0.067994 -0.014200 -0.997585
vn -0.122129 -0.025505 -0.992186
vn -0.122128 -0.025505 -0.992187
vn -0.175949 -0.036745 -0.983713
vn -0.229169 -0.047859 -0.972209
vn -0.175950 -0.036745 -0.983713
vn -0.229170 -0.047860 -0.972209
vn -0.281714 -0.058833 -0.957693
vn -0.281714 -0.058833 -0.957693
vn -0.333365 -0.069620 -0.940224
vn -0.333363 -0.069619 -0.940225
vn -0.384025 -0.080199 -0.919833
vn -0.384026 -0.080200 -0.919833
vn -0.433442 -0.090520 -0.896624
vn -0.433443 -0.090520 -0.896623
vn -0.481572 -0.100571 -0.870617
vn -0.481573 -0.100571 -0.870616
vn -0.528187 -0.110306 -0.841933
vn -0.528186 -0.110306 -0.841933
vn -0.573165 -0.119699 -0.810650
vn -0.573166 -0.119699 -0.810649
vn -0.616381 -0.128724 -0.776856
vn -0.616378 -0.128724 -0.776858
vn -0.657684 -0.137350 -0.740666
vn -0.657686 -0.137350 -0.740664
vn -0.696972 -0.145555 -0.702170
vn -0.696970 -0.145554 -0.702173
vn -0.734092 -0.153307 -0.661518
vn -0.734090 -0.153307 -0.661521
vn -0.768948 -0.160586 -0.618814
vn -0.768945 -0.160586 -0.618818
vn -0.801418 -0.167367 -0.574211
vn -0.801419 -0.167367 -0.574209
vn -0.831420 -0.173633 -0.527819
vn -0.831416 -0.173632 -0.527825
vn -0.858846 -0.179361 -0.479805
vn -0.858847 -0.179361 -0.479803
vn -0.883622 -0.184535 -0.430302
vn -0.883624 -0.184535 -0.430297
vn -0.905664 -0.189138 -0.379473
vn -0.905662 -0.189137 -0.379478
vn -0.924909 -0.193157 -0.327464
vn -0.924909 -0.193157 -0.327464
vn -0.941294 -0.196579 -0.274448
vn -0.941294 -0.196579 -0.274448
vn -0.954769 -0.199393 -0.220585
vn -0.954770 -0.199393 -0.220582
vn -0.965294 -0.201591 -0.166039
vn -0.965293 -0.201591 -0.166045
vn -0.972835 -0.203166 -0.110977
vn -0.972836 -0.203166 -0.110971
vn -0.977369 -0.204113 -0.055575
vn -0.977368 -0.204113 -0.055580
vn -0.978881 -0.204429 0.000000
vn -0.978881 -0.204429 0.000000
vn -0.977368 -0.204112 0.055580
vn -0.977369 -0.204113 0.055575
vn -0.972835 -0.203166 0.110974
vn -0.972835 -0.203166 0.110979
vn -0.965294 -0.201591 0.166041
vn -0.965294 -0.201591 0.166035
vn -0.954770 -0.199393 0.220582
vn -0.941294 -0.196579 0.274448
vn -0.954769 -0.199393 0.220585
vn -0.941294 -0.196579 0.274448
vn -0.924909 -0.193157 0.327464
vn -0.924909 -0.193157 0.327464
vn -0.905662 -0.189137 0.379478
vn -0.905664 -0.189138 0.379473
vn -0.883624 -0.184535 0.430297
vn -0.883622 -0.184534 0.430302
vn -0.858847 -0.179361 0.479803
vn -0.858846 -0.179361 0.479805
vn -0.831416 -0.173632 0.527825
vn -0.831420 -0.173633 0.527819
vn -0.801418 -0.167367 0.574211
vn -0.801419 -0.167367 0.574209
vn -0.768945 -0.160586 0.618818
vn -0.768948 -0.160586 0.618814
vn -0.734092 -0.153307 0.661517
vn -0.734090 -0.153306 0.661521
vn -0.696959 -0.145552 0.702185
vn -0.696961 -0.145553 0.702182
vn -0.657699 -0.137353 0.740653
vn -0.657696 -0.137353 0.740655
vn -0.616378 -0.128724 0.776858
vn -0.616381 -0.128724 0.776856
vn -0.573166 -0.119700 0.810649
vn -0.573165 -0.119699 0.810650
vn -0.528186 -0.110306 0.841934
vn -0.528187 -0.110306 0.841933
vn -0.481556 -0.100568 0.870626
vn -0.481555 -0.100567 0.870627
vn -0.433461 -0.090524 0.896614
vn -0.433460 -0.090523 0.896615
vn -0.384007 -0.080196 0.919841
vn -0.384006 -0.080195 0.919841
vn -0.333383 -0.069623 0.940217
vn -0.333385 -0.069624 0.940217
vn -0.281714 -0.058833 0.957693
vn -0.281714 -0.058833 0.957693
vn -0.229170 -0.047860 0.972209
vn -0.229169 -0.047859 0.972209
vn -0.175928 -0.036741 0.983717
vn -0.175928 -0.036741 0.983717
vn -0.122150 -0.025510 0.992184
vn -0.122151 -0.025510 0.992184
vn -0.067994 -0.014200 0.997585
vn -0.067993 -0.014200 0.997585
vn -0.013590 -0.002838 0.999904
vn -0.013590 -0.002838 0.999904
vn 0.040792 0.008519 0.999131
vn 0.040791 0.008519 0.999131
vn 0.095106 0.019862 0.995269
vn 0.095107 0.019862 0.995269
vn 0.149106 0.031139 0.988331
vn 0.149106 0.031139 0.988331
vn 0.202639 0.042319 0.978339
vn 0.202636 0.042318 0.978339
vn 0.255543 0.053367 0.965324
vn 0.255540 0.053367 0.965325
vn 0.307661 0.064252 0.949324
vn 0.307661 0.064252 0.949324
vn 0.358821 0.074936 0.930394
vn 0.358821 0.074936 0.930394
vn 0.408901 0.085394 0.908575
vn 0.408901 0.085394 0.908575
vn 0.457690 0.095584 0.883959
vn 0.457686 0.095582 0.883961
vn 0.505061 0.105476 0.856615
vn 0.505065 0.105477 0.856612
vn 0.550888 0.115047 0.826612
vn 0.550889 0.115047 0.826611
vn 0.595013 0.124262 0.794052
vn 0.595014 0.124262 0.794051
vn 0.637270 0.133087 0.759062
vn 0.637271 0.133087 0.759061
vn 0.677601 0.141510 0.721686
vn 0.677600 0.141509 0.721688
vn 0.715804 0.149488 0.682113
vn 0.715803 0.149487 0.682114
vn 0.751805 0.157006 0.640420
vn 0.751804 0.157006 0.640422
vn 0.785481 0.164039 0.596750
vn 0.785485 0.164040 0.596745
vn 0.816741 0.170567 0.551217
vn 0.816736 0.170566 0.551225
vn 0.845459 0.176565 0.504007
vn 0.845459 0.176565 0.504007
vn 0.871568 0.182017 0.455235
vn 0.871568 0.182017 0.455235
vn 0.894990 0.186909 0.405040
vn 0.894991 0.186909 0.405039
vn 0.915642 0.191222 0.353601
vn 0.915641 0.191222 0.353603
vn 0.933461 0.194943 0.301078
vn 0.933461 0.194943 0.301078
vn 0.948399 0.198063 0.247609
vn 0.948399 0.198063 0.247609
vn 0.960401 0.200569 0.193394
vn 0.960402 0.200569 0.193392
vn 0.969440 0.202457 0.138552
vn 0.969440 0.202457 0.138554
vn 0.975478 0.203717 0.083320
vn 0.975479 0.203718 0.083309
vn 0.978503 0.204350 0.027795
vn 0.978503 0.204349 0.027802
vn 0.658107 0.752867 -0.009262
vn 0.658734 0.752366 -0.003862
vn 0.645175 0.753457 -0.126697
vn 0.656858 0.753917 -0.012115
vn 0.654934 0.755585 -0.012350
vn 0.652995 0.757290 -0.010455
vn 0.650045 0.759190 -0.032730
vn 0.650930 0.758485 -0.031472
vn 0.651539 0.757999 -0.030566
vn 0.652274 0.757412 -0.029433
vn 0.653448 0.756472 -0.027486
vn 0.653912 0.756101 -0.026666
vn 0.654429 0.755687 -0.025690
vn 0.655056 0.755185 -0.024426
vn 0.655577 0.754769 -0.023309
vn 0.658648 0.752274 -0.016331
vn 0.649100 0.759942 -0.034020
vn 0.647530 0.761186 -0.036061
vn 0.646112 0.762305 -0.037820
vn 0.636833 0.751710 -0.171391
vn 0.658929 0.751870 -0.022461
vn 0.658587 0.752177 -0.022204
vn 0.656428 0.752444 -0.054135
vn 0.656682 0.752334 -0.052559
vn 0.657055 0.752194 -0.049835
vn 0.657217 0.752146 -0.048398
vn 0.657384 0.752115 -0.046568
vn 0.653473 0.754134 -0.065226
vn 0.653095 0.754621 -0.063357
vn 0.653042 0.754688 -0.063105
vn 0.652728 0.755072 -0.061743
vn 0.652525 0.755315 -0.060912
vn 0.651989 0.755942 -0.058837
vn 0.654128 0.753464 -0.066399
vn 0.590187 0.741962 -0.318074
vn 0.571224 0.738008 -0.359231
vn 0.617534 0.747871 -0.243601
vn 0.618999 0.747394 -0.241334
vn 0.619739 0.747165 -0.240142
vn 0.620704 0.746883 -0.238521
vn 0.621434 0.746682 -0.237248
vn 0.622188 0.746486 -0.235882
vn 0.622425 0.746429 -0.235439
vn 0.622913 0.746317 -0.234502
vn 0.623192 0.746257 -0.233949
vn 0.620071 0.746988 -0.239835
vn 0.617473 0.743972 -0.255405
vn 0.617588 0.744031 -0.254956
vn 0.617752 0.744127 -0.254279
vn 0.618127 0.744371 -0.252647
vn 0.618578 0.744746 -0.250430
vn 0.618890 0.745075 -0.248672
vn 0.619234 0.745537 -0.246421
vn 0.490287 0.721118 -0.489498
vn 0.609846 0.740310 -0.282895
vn 0.607643 0.746975 -0.269811
vn 0.607614 0.747137 -0.269428
vn 0.607433 0.747949 -0.267577
vn 0.607268 0.748597 -0.266136
vn 0.607095 0.749216 -0.264784
vn 0.606965 0.749639 -0.263885
vn 0.461913 0.715180 -0.524552
vn 0.538902 0.734625 -0.412204
vn 0.540594 0.734086 -0.410946
vn 0.541763 0.733723 -0.410053
vn 0.542441 0.733518 -0.409523
vn 0.543570 0.733196 -0.408602
vn 0.545482 0.732673 -0.406989
vn 0.545947 0.732553 -0.406581
vn 0.535696 0.727181 -0.429228
vn 0.536782 0.727228 -0.427790
vn 0.537819 0.727307 -0.426350
vn 0.538709 0.727405 -0.425059
vn 0.539642 0.727537 -0.423647
vn 0.540584 0.727698 -0.422167
vn 0.541298 0.727839 -0.421007
vn 0.552159 0.730141 -0.402509
vn 0.527593 0.727033 -0.439397
vn 0.526623 0.726956 -0.440686
vn 0.526819 0.727151 -0.440129
vn 0.527059 0.727406 -0.439420
vn 0.527416 0.727814 -0.438315
vn 0.527884 0.728391 -0.436790
vn 0.527895 0.728405 -0.436752
vn 0.528427 0.729166 -0.434835
vn 0.528852 0.729823 -0.433212
vn 0.529297 0.730627 -0.431311
vn 0.351839 0.692200 -0.630134
vn 0.324270 0.701773 -0.634321
vn 0.324244 0.701787 -0.634319
vn 0.315825 0.684666 -0.656877
vn 0.412766 0.704909 -0.576826
vn 0.415081 0.704625 -0.575510
vn 0.416007 0.704526 -0.574962
vn 0.416949 0.704439 -0.574386
vn 0.418901 0.704286 -0.573152
vn 0.418396 0.704319 -0.573480
vn 0.420131 0.704227 -0.572323
vn 0.405939 0.699726 -0.587875
vn 0.405666 0.699647 -0.588157
vn 0.406857 0.700015 -0.586896
vn 0.407464 0.700213 -0.586238
vn 0.408597 0.700630 -0.584950
vn 0.410093 0.701246 -0.583162
vn 0.411421 0.701851 -0.581496
vn 0.412591 0.702439 -0.579956
vn 0.416238 0.704419 -0.574926
vn 0.183485 0.657053 -0.731173
vn 0.386777 0.694304 -0.606915
vn 0.392517 0.704076 -0.591784
vn 0.392565 0.704154 -0.591659
vn 0.263207 0.677270 -0.687043
vn 0.264416 0.676992 -0.686852
vn 0.265548 0.676744 -0.686660
vn 0.267550 0.676322 -0.686299
vn 0.142119 0.648415 -0.747904
vn 0.251056 0.668043 -0.700493
vn 0.253453 0.668229 -0.699451
vn 0.255046 0.668389 -0.698719
vn 0.256652 0.668585 -0.697942
vn 0.257898 0.668764 -0.697311
vn 0.259269 0.668987 -0.696589
vn 0.259783 0.669079 -0.696309
vn 0.280566 0.672963 -0.684400
vn 0.240431 0.667444 -0.704778
vn 0.240717 0.667610 -0.704523
vn 0.241018 0.667791 -0.704248
vn 0.242271 0.668579 -0.703070
vn 0.243120 0.669133 -0.702249
vn 0.244105 0.669800 -0.701271
vn 0.245944 0.671142 -0.699343
vn 0.241271 0.667469 -0.704466
vn 0.239251 0.666786 -0.705801
vn -0.004139 0.617847 -0.786288
vn -0.048301 0.608646 -0.791971
vn 0.074889 0.634657 -0.769157
vn 0.076398 0.634513 -0.769127
vn 0.078034 0.634382 -0.769071
vn 0.079966 0.634257 -0.768976
vn 0.081112 0.634198 -0.768904
vn 0.082010 0.634163 -0.768838
vn 0.082182 0.634158 -0.768824
vn 0.084548 0.634117 -0.768601
vn 0.085164 0.634118 -0.768532
vn 0.063246 0.628065 -0.775587
vn 0.063729 0.628191 -0.775445
vn 0.065947 0.628793 -0.774771
vn 0.066949 0.629091 -0.774443
vn 0.069251 0.629841 -0.773631
vn 0.071443 0.630616 -0.772800
vn 0.072517 0.631025 -0.772366
vn 0.080059 0.634063 -0.769126
vn -0.199310 0.577102 -0.791978
vn 0.039162 0.621932 -0.782092
vn 0.046930 0.629535 -0.775553
vn 0.048321 0.630620 -0.774586
vn 0.048890 0.631079 -0.774176
vn 0.049963 0.631969 -0.773381
vn 0.050680 0.632584 -0.772831
vn 0.052088 0.633829 -0.771717
vn -0.104044 0.599094 -0.793890
vn -0.103077 0.598884 -0.794175
vn -0.107779 0.600012 -0.792697
vn -0.105510 0.599443 -0.793433
vn -0.223100 0.587456 -0.777896
vn -0.243486 0.567861 -0.786288
vn -0.223077 0.587490 -0.777876
vn -0.090272 0.595299 -0.798417
vn -0.125599 0.589637 -0.797843
vn -0.123168 0.589801 -0.798100
vn -0.121015 0.589994 -0.798287
vn -0.119715 0.590138 -0.798377
vn -0.117723 0.590396 -0.798482
vn -0.117179 0.590476 -0.798503
vn -0.114472 0.590915 -0.798571
vn -0.114633 0.590887 -0.798568
vn -0.134359 0.589216 -0.796726
vn -0.137774 0.587839 -0.797160
vn -0.136484 0.588432 -0.796944
vn -0.136291 0.588523 -0.796910
vn -0.135048 0.589134 -0.796670
vn -0.134634 0.589342 -0.796586
vn -0.133057 0.590166 -0.796241
vn -0.131839 0.590819 -0.795959
vn -0.129272 0.592279 -0.795295
vn -0.389732 0.537336 -0.747916
vn -0.409434 0.548586 -0.728984
vn -0.409418 0.548568 -0.729006
vn -0.431128 0.528686 -0.731178
vn -0.312622 0.554388 -0.771312
vn -0.310655 0.554086 -0.772323
vn -0.309310 0.553907 -0.772991
vn -0.307234 0.553670 -0.773988
vn -0.306764 0.553625 -0.774206
vn -0.305640 0.553532 -0.774717
vn -0.304944 0.553486 -0.775024
vn -0.325495 0.546841 -0.771374
vn -0.324215 0.547144 -0.771698
vn -0.323019 0.547442 -0.771989
vn -0.321503 0.547857 -0.772327
vn -0.319329 0.548507 -0.772767
vn -0.317241 0.549184 -0.773146
vn -0.315803 0.549685 -0.773379
vn -0.306129 0.553234 -0.774737
vn -0.334396 0.552004 -0.763852
vn -0.333943 0.552336 -0.763810
vn -0.348018 0.541601 -0.765213
vn -0.563456 0.501045 -0.656864
vn -0.482517 0.521806 -0.703489
vn -0.481625 0.521411 -0.704392
vn -0.480502 0.520938 -0.705508
vn -0.599453 0.493538 -0.630140
vn -0.469337 0.515620 -0.716840
vn -0.501234 0.511432 -0.697999
vn -0.499508 0.511454 -0.699219
vn -0.497832 0.511523 -0.700363
vn -0.496517 0.511612 -0.701231
vn -0.494966 0.511753 -0.702224
vn -0.493692 0.511895 -0.703016
vn -0.493227 0.511957 -0.703297
vn -0.492216 0.512106 -0.703897
vn -0.507205 0.511513 -0.693612
vn -0.511997 0.509341 -0.691687
vn -0.511575 0.509526 -0.691863
vn -0.511397 0.509607 -0.691935
vn -0.510208 0.510162 -0.692403
vn -0.509019 0.510734 -0.692856
vn -0.508149 0.511164 -0.693178
vn -0.507542 0.511474 -0.693394
vn -0.505717 0.512429 -0.694022
vn -0.503952 0.513401 -0.694587
vn -0.709543 0.470541 -0.524538
vn -0.525868 0.512785 -0.678612
vn -0.524462 0.514008 -0.678775
vn -0.546059 0.494286 -0.676388
vn -0.737949 0.464597 -0.489471
vn -0.651564 0.483431 -0.584601
vn -0.650326 0.482993 -0.586339
vn -0.649339 0.482678 -0.587691
vn -0.648946 0.482565 -0.588217
vn -0.648087 0.482342 -0.589347
vn -0.617225 0.478166 -0.624813
vn -0.647153 0.482122 -0.590552
vn -0.646830 0.482053 -0.590961
vn -0.645777 0.481868 -0.592263
vn -0.645077 0.481766 -0.593109
vn -0.647629 0.481878 -0.590229
vn -0.663843 0.476164 -0.576698
vn -0.662260 0.476534 -0.578211
vn -0.660960 0.476879 -0.579412
vn -0.659537 0.477301 -0.580684
vn -0.658173 0.477749 -0.581863
vn -0.656549 0.478330 -0.583219
vn -0.655173 0.478856 -0.584333
vn -0.671597 0.479438 -0.564887
vn -0.670180 0.480467 -0.565695
vn -0.670036 0.480574 -0.565775
vn -0.668663 0.481612 -0.566515
vn -0.667694 0.482360 -0.567022
vn -0.666677 0.483157 -0.567539
vn -0.679739 0.472544 -0.560943
vn -0.818838 0.447712 -0.359247
vn -0.821344 0.462540 -0.333842
vn -0.769524 0.462355 -0.440524
vn -0.769189 0.461868 -0.441618
vn -0.837799 0.443751 -0.318084
vn -0.821344 0.462543 -0.333838
vn -0.763744 0.453570 -0.459315
vn -0.783690 0.452851 -0.425153
vn -0.782603 0.452631 -0.427384
vn -0.781564 0.452483 -0.429438
vn -0.780959 0.452429 -0.430593
vn -0.780001 0.452389 -0.432369
vn -0.779449 0.452389 -0.433364
vn -0.778703 0.452414 -0.434676
vn -0.778259 0.452443 -0.435441
vn -0.785882 0.453428 -0.420467
vn -0.788952 0.451623 -0.416642
vn -0.788917 0.451643 -0.416688
vn -0.787973 0.452187 -0.417883
vn -0.787927 0.452214 -0.417939
vn -0.786681 0.452976 -0.419459
vn -0.785917 0.453455 -0.420372
vn -0.784400 0.454457 -0.422121
vn -0.884453 0.434021 -0.171371
vn -0.892792 0.432279 -0.126721
vn -0.861647 0.440042 -0.252837
vn -0.861408 0.439418 -0.254734
vn -0.861150 0.438841 -0.256591
vn -0.860996 0.438536 -0.257628
vn -0.860856 0.438289 -0.258514
vn -0.860720 0.438074 -0.259330
vn -0.860433 0.437659 -0.260979
vn -0.865715 0.434439 -0.248596
vn -0.865153 0.434729 -0.250043
vn -0.860672 0.437163 -0.261023
vn -0.868739 0.433374 -0.239748
vn -0.868338 0.433453 -0.241054
vn -0.867642 0.433644 -0.243208
vn -0.867073 0.433840 -0.244881
vn -0.866432 0.434103 -0.246679
vn -0.874697 0.432294 -0.219150
vn -0.869199 0.438742 -0.228033
vn -0.868578 0.439416 -0.229097
vn -0.868086 0.439959 -0.229919
vn -0.867362 0.440766 -0.231105
vn -0.902277 0.430295 0.027260
vn -0.897400 0.435601 -0.070178
vn -0.897720 0.434675 -0.071812
vn -0.898039 0.433716 -0.073595
vn -0.899487 0.430866 0.072645
vn -0.900995 0.424642 -0.088804
vn -0.902426 0.427932 -0.050007
vn -0.902504 0.427482 -0.052401
vn -0.902531 0.427244 -0.053852
vn -0.902543 0.426987 -0.055673
vn -0.902538 0.426854 -0.056759
vn -0.902518 0.426719 -0.058063
vn -0.902492 0.426623 -0.059163
vn -0.902462 0.426552 -0.060135
vn -0.902148 0.429151 -0.044266
vn -0.903443 0.427172 -0.036260
vn -0.903258 0.427447 -0.037588
vn -0.903217 0.427510 -0.037869
vn -0.902981 0.427871 -0.039393
vn -0.902915 0.427973 -0.039801
vn -0.902647 0.428389 -0.041359
vn -0.902412 0.428756 -0.042663
vn -0.901989 0.429427 -0.044810
vn -0.901457 0.430277 -0.047296
vn -0.871188 0.436783 0.224169
vn -0.900235 0.434921 -0.020518
vn -0.899694 0.435966 -0.022009
vn -0.907581 0.419877 0.000000
vn -0.856827 0.455132 0.242286
vn -0.857433 0.439649 0.267426
vn -0.856828 0.455129 0.242288
vn -0.904432 0.417157 0.089348
vn -0.889369 0.434828 0.141233
vn -0.890148 0.433859 0.139296
vn -0.890760 0.433106 0.137716
vn -0.891143 0.432642 0.136692
vn -0.891357 0.432386 0.136105
vn -0.891900 0.431746 0.134573
vn -0.892205 0.431390 0.133689
vn -0.892662 0.430872 0.132300
vn -0.892991 0.430508 0.131265
vn -0.893307 0.430166 0.130227
vn -0.893002 0.430145 0.132376
vn -0.889880 0.428955 0.155280
vn -0.890225 0.428881 0.153494
vn -0.890574 0.428854 0.151535
vn -0.890872 0.428877 0.149707
vn -0.891156 0.428951 0.147790
vn -0.891408 0.429067 0.145922
vn -0.885355 0.430271 0.176104
vn -0.884887 0.434733 0.167281
vn -0.884883 0.435073 0.166412
vn -0.884869 0.435518 0.165323
vn -0.884841 0.436042 0.164085
vn -0.884801 0.436596 0.162822
vn -0.884746 0.437207 0.161476
vn -0.793149 0.453073 0.406989
vn -0.774905 0.472247 0.420125
vn -0.769286 0.458064 0.445395
vn -0.774913 0.472237 0.420122
vn -0.829500 0.443519 0.339443
vn -0.830579 0.442862 0.337656
vn -0.831522 0.442320 0.336043
vn -0.832281 0.441908 0.334701
vn -0.832827 0.441629 0.333710
vn -0.833624 0.441246 0.332225
vn -0.833943 0.441100 0.331617
vn -0.834548 0.440840 0.330439
vn -0.834649 0.440799 0.330238
vn -0.847391 0.435543 0.303694
vn -0.827428 0.444845 0.342749
vn -0.824827 0.443639 0.350493
vn -0.825384 0.443816 0.348955
vn -0.825457 0.443843 0.348747
vn -0.825951 0.444049 0.347312
vn -0.826448 0.444283 0.345828
vn -0.827114 0.444673 0.343726
vn -0.827821 0.445175 0.341366
vn -0.673028 0.478178 0.564251
vn -0.640570 0.484949 0.595394
vn -0.729634 0.467911 0.498693
vn -0.730979 0.466937 0.497634
vn -0.731468 0.466592 0.497239
vn -0.732852 0.465636 0.496095
vn -0.733396 0.465269 0.495636
vn -0.734192 0.464742 0.494951
vn -0.721664 0.464128 0.513601
vn -0.723015 0.463800 0.511994
vn -0.724105 0.463576 0.510656
vn -0.725279 0.463379 0.509166
vn -0.726500 0.463221 0.507567
vn -0.727591 0.463119 0.506095
vn -0.728515 0.463063 0.504815
vn -0.736482 0.462769 0.493396
vn -0.709038 0.467506 0.527924
vn -0.710517 0.469516 0.524138
vn -0.711011 0.469731 0.523275
vn -0.711643 0.470038 0.522138
vn -0.712205 0.470332 0.521106
vn -0.712761 0.470644 0.520063
vn -0.713411 0.471037 0.518815
vn -0.713852 0.471321 0.517950
vn -0.714238 0.471587 0.517175
vn -0.715216 0.472304 0.515165
vn -0.518435 0.510442 0.686057
vn -0.598754 0.498028 0.627265
vn -0.600600 0.496524 0.626693
vn -0.601953 0.495447 0.626246
vn -0.479404 0.518599 0.707974
vn -0.581816 0.495697 0.644806
vn -0.583901 0.494707 0.643681
vn -0.585283 0.494084 0.642904
vn -0.586993 0.493351 0.641907
vn -0.588136 0.492884 0.641219
vn -0.588798 0.492627 0.640808
vn -0.589975 0.492189 0.640062
vn -0.590183 0.492115 0.639927
vn -0.591379 0.491706 0.639137
vn -0.616026 0.483239 0.622086
vn -0.573192 0.496007 0.652249
vn -0.573811 0.496010 0.651702
vn -0.574441 0.496024 0.651136
vn -0.575929 0.496083 0.649775
vn -0.576588 0.496121 0.649161
vn -0.578106 0.496265 0.647699
vn -0.579985 0.496514 0.645826
vn -0.580129 0.496538 0.645678
vn -0.571488 0.496053 0.653707
vn -0.572900 0.496010 0.652503
vn -0.338986 0.547930 0.764763
vn -0.545590 0.496928 0.674829
vn -0.559686 0.506390 0.655988
vn -0.317756 0.567699 0.759440
vn -0.317768 0.567711 0.759426
vn -0.295887 0.556924 0.776071
vn -0.420310 0.532792 0.734488
vn -0.420778 0.532490 0.734439
vn -0.422881 0.531167 0.734189
vn -0.423243 0.530945 0.734141
vn -0.425311 0.529707 0.733840
vn -0.425882 0.529373 0.733750
vn -0.405784 0.530151 0.744499
vn -0.407248 0.529778 0.743965
vn -0.408845 0.529411 0.743350
vn -0.410941 0.528983 0.742499
vn -0.412179 0.528762 0.741970
vn -0.414301 0.528431 0.741023
vn -0.415266 0.528301 0.740576
vn -0.429587 0.526556 0.733617
vn -0.395038 0.536576 0.745675
vn -0.396282 0.536849 0.744818
vn -0.396672 0.536941 0.744544
vn -0.398093 0.537304 0.743523
vn -0.399113 0.537582 0.742775
vn -0.389221 0.534678 0.750084
vn -0.146071 0.588206 0.795410
vn -0.101571 0.597503 0.795407
vn -0.221055 0.571487 0.790277
vn -0.223801 0.570202 0.790432
vn -0.225090 0.569629 0.790480
vn -0.227044 0.568802 0.790516
vn -0.227933 0.568444 0.790518
vn -0.229520 0.567833 0.790497
vn -0.230783 0.567366 0.790465
vn -0.231179 0.567226 0.790450
vn -0.232031 0.566934 0.790410
vn -0.220883 0.571571 0.790264
vn -0.209648 0.571658 0.793256
vn -0.209874 0.571640 0.793209
vn -0.211325 0.571547 0.792890
vn -0.211920 0.571517 0.792754
vn -0.213300 0.571462 0.792423
vn -0.214673 0.571425 0.792079
vn -0.216361 0.571422 0.791622
vn -0.218934 0.571481 0.790872
vn 0.048262 0.628799 0.776069
vn 0.091399 0.637796 0.764763
vn -0.037654 0.613292 0.788958
vn -0.038553 0.612652 0.789412
vn -0.040158 0.611544 0.790191
vn -0.040720 0.611166 0.790455
vn -0.041790 0.610471 0.790936
vn -0.043131 0.609621 0.791519
vn -0.043929 0.609139 0.791846
vn -0.021351 0.610445 0.791771
vn -0.023437 0.609922 0.792115
vn -0.024612 0.609656 0.792284
vn -0.027230 0.609127 0.792605
vn -0.028532 0.608890 0.792741
vn -0.029825 0.608681 0.792855
vn -0.047389 0.606026 0.794032
vn -0.006078 0.616177 0.787584
vn -0.006980 0.616246 0.787523
vn -0.008004 0.616340 0.787439
vn -0.009614 0.616509 0.787290
vn -0.010551 0.616617 0.787192
vn -0.011130 0.616693 0.787125
vn -0.012077 0.616827 0.787006
vn -0.013842 0.617097 0.786765
vn -0.016054 0.617463 0.786436
vn -0.016976 0.617625 0.786289
vn -0.004311 0.615037 0.788486
vn 0.231778 0.667107 0.707988
vn 0.137038 0.651495 0.746173
vn 0.135843 0.650228 0.747496
vn 0.134735 0.649111 0.748667
vn 0.270771 0.675275 0.686067
vn 0.124215 0.637110 0.760698
vn 0.161203 0.651029 0.741738
vn 0.160173 0.650498 0.742426
vn 0.158443 0.649658 0.743532
vn 0.156818 0.648911 0.744529
vn 0.156320 0.648695 0.744821
vn 0.155369 0.648297 0.745367
vn 0.154756 0.648054 0.745705
vn 0.154056 0.647785 0.746084
vn 0.152740 0.647299 0.746776
vn 0.162207 0.651577 0.741037
vn 0.175474 0.651866 0.737753
vn 0.174685 0.651793 0.738004
vn 0.172651 0.651628 0.738629
vn 0.173168 0.651664 0.738477
vn 0.171301 0.651557 0.739006
vn 0.170685 0.651529 0.739173
vn 0.167939 0.651467 0.739856
vn 0.165721 0.651467 0.740356
vn 0.164043 0.651502 0.740699
vn 0.392945 0.700774 0.595408
vn 0.183061 0.660981 0.727732
vn 0.205020 0.654632 0.727615
vn 0.398518 0.717289 0.571559
vn 0.425409 0.707558 0.564259
vn 0.398506 0.717296 0.571559
vn 0.322443 0.688481 0.649635
vn 0.321445 0.687461 0.651206
vn 0.320948 0.686976 0.651963
vn 0.320382 0.686448 0.652797
vn 0.339520 0.685917 0.643618
vn 0.338037 0.685488 0.644854
vn 0.336289 0.685036 0.646247
vn 0.335433 0.684842 0.646898
vn 0.333318 0.684417 0.648439
vn 0.332349 0.684244 0.649118
vn 0.331650 0.684133 0.649593
vn 0.316319 0.681867 0.659545
vn 0.346170 0.690883 0.634703
vn 0.345947 0.690912 0.634792
vn 0.344788 0.691083 0.635236
vn 0.343362 0.691309 0.635763
vn 0.342772 0.691408 0.635974
vn 0.339968 0.691907 0.636935
vn 0.351228 0.689622 0.633293
vn 0.521663 0.727653 0.445408
vn 0.545524 0.732641 0.406991
vn 0.475569 0.717236 0.509321
vn 0.474623 0.716452 0.511302
vn 0.473931 0.715926 0.512679
vn 0.473126 0.715363 0.514205
vn 0.472792 0.715145 0.514816
vn 0.471726 0.714500 0.516686
vn 0.471622 0.714442 0.516862
vn 0.471391 0.714318 0.517244
vn 0.470426 0.713824 0.518800
vn 0.475214 0.716913 0.510106
vn 0.486234 0.716649 0.499990
vn 0.484436 0.716543 0.501885
vn 0.484981 0.716568 0.501323
vn 0.483441 0.716523 0.502872
vn 0.482744 0.716511 0.503558
vn 0.481078 0.716532 0.505120
vn 0.479667 0.716587 0.506382
vn 0.477374 0.716731 0.508340
vn 0.609803 0.746073 0.267422
vn 0.506397 0.717839 0.477775
vn 0.488879 0.724052 0.486566
vn 0.487787 0.724402 0.487140
vn 0.486272 0.724901 0.487912
vn 0.623583 0.748934 0.224149
vn 0.572899 0.740962 0.350375
vn 0.572859 0.740542 0.351327
vn 0.572816 0.740213 0.352089
vn 0.572689 0.739469 0.353855
vn 0.572596 0.739009 0.354965
vn 0.572420 0.738356 0.356604
vn 0.572244 0.737818 0.357996
vn 0.582960 0.736536 0.343034
vn 0.582229 0.736391 0.344584
vn 0.581809 0.736323 0.345436
vn 0.572505 0.734988 0.363362
vn 0.585711 0.737490 0.336231
vn 0.584952 0.737151 0.338289
vn 0.584399 0.736947 0.339686
vn 0.583357 0.736633 0.342150
vn 0.590206 0.739841 0.322944
vn 0.589737 0.740360 0.322610
vn 0.589372 0.740445 0.323081
vn 0.588450 0.740672 0.324239
vn 0.587677 0.740871 0.325185
vn 0.587558 0.740903 0.325328
vn 0.586182 0.741290 0.326925
vn 0.585717 0.741426 0.327451
vn 0.584572 0.741770 0.328715
vn 0.583564 0.742083 0.329797
vn 0.651859 0.754855 0.072616
vn 0.655493 0.754709 0.027264
vn 0.654388 0.755641 0.027971
vn 0.635149 0.770831 0.049052
vn 0.638040 0.768550 0.047293
vn 0.648092 0.759940 0.049673
vn 0.641185 0.752299 0.151424
vn 0.641360 0.751653 0.153867
vn 0.641452 0.751200 0.155686
vn 0.641493 0.750900 0.156958
vn 0.641517 0.750530 0.158619
vn 0.641517 0.750294 0.159734
vn 0.641513 0.750250 0.159958
vn 0.641478 0.750001 0.161257
vn 0.641424 0.749744 0.162665
vn 0.646482 0.750079 0.139437
vn 0.646177 0.750118 0.140636
vn 0.646291 0.750099 0.140211
vn 0.645689 0.750212 0.142366
vn 0.645385 0.750277 0.143400
vn 0.641426 0.751560 0.154048
vn 0.644857 0.750413 0.145049
vn 0.644041 0.750656 0.147399
vn 0.643296 0.750901 0.149389
vn 0.641361 0.756634 0.127124
vn 0.653112 0.749101 0.110873
vn 0.658587 0.752177 0.022203
vn 0.655253 0.751689 -0.074884
vn 0.651494 0.750535 -0.110693
vn 0.652200 0.754031 -0.077925
vn 0.651644 0.754506 -0.077974
vn 0.650486 0.755482 -0.078206
vn 0.649010 0.756705 -0.078640
vn 0.647348 0.758061 -0.079269
vn 0.644279 0.760528 -0.080633
vn 0.642207 0.762172 -0.081630
vn 0.654136 0.752343 -0.078014
vn 0.640392 0.746515 -0.180592
vn 0.637153 0.759170 -0.133030
vn 0.639966 0.756758 -0.133272
vn 0.642459 0.751639 -0.149282
vn 0.631356 0.752214 -0.188584
vn 0.639623 0.757102 -0.132959
vn 0.634063 0.749705 -0.189491
vn 0.649280 0.749701 -0.127998
vn 0.643820 0.749432 -0.154424
vn 0.634849 0.746878 -0.197839
vn 0.636082 0.743467 -0.206534
vn 0.628215 0.751613 -0.201054
vn 0.655376 0.743604 -0.132424
vn 0.656794 0.742318 -0.132612
vn 0.615143 0.763543 -0.196471
vn 0.618409 0.760524 -0.197923
vn 0.620978 0.758158 -0.198956
vn 0.623400 0.755939 -0.199822
vn 0.624569 0.754877 -0.200184
vn 0.626006 0.753585 -0.200567
vn 0.634933 0.747252 -0.196149
vn 0.587979 0.746185 -0.312232
vn 0.590694 0.743741 -0.312938
vn 0.584934 0.736242 -0.340293
vn 0.564837 0.741160 -0.362822
vn 0.567322 0.738659 -0.364046
vn 0.571622 0.736237 -0.362220
vn 0.592243 0.740950 -0.316609
vn 0.598348 0.739370 -0.308726
vn 0.558851 0.740112 -0.374060
vn 0.591331 0.738771 -0.323334
vn 0.609236 0.732598 -0.303534
vn 0.573782 0.733745 -0.363860
vn 0.569260 0.733314 -0.371743
vn 0.552910 0.745943 -0.371295
vn 0.555076 0.743789 -0.372381
vn 0.556774 0.742123 -0.373171
vn 0.590226 0.749564 -0.299645
vn 0.588004 0.751555 -0.299024
vn 0.586176 0.753162 -0.298571
vn 0.572572 0.725477 -0.381896
vn 0.592619 0.747370 -0.300400
vn 0.462669 0.719676 -0.517690
vn 0.498981 0.724780 -0.475092
vn 0.501599 0.722255 -0.476178
vn 0.477661 0.716775 -0.508009
vn 0.460625 0.722136 -0.516085
vn 0.462833 0.719571 -0.517690
vn 0.499688 0.717291 -0.485598
vn 0.465263 0.711293 -0.526870
vn 0.504508 0.728355 -0.463649
vn 0.503271 0.729586 -0.463058
vn 0.501003 0.731760 -0.462086
vn 0.499223 0.733407 -0.461401
vn 0.496447 0.735887 -0.460446
vn 0.503692 0.720751 -0.476248
vn 0.478361 0.713418 -0.512060
vn 0.516801 0.717753 -0.466634
vn 0.506384 0.726409 -0.464657
vn 0.507563 0.720636 -0.472296
vn 0.447981 0.709249 -0.544315
vn 0.473547 0.704160 -0.529067
vn 0.428898 0.703813 -0.566298
vn 0.430719 0.705440 -0.562882
vn 0.471042 0.707051 -0.527446
vn 0.424731 0.718115 -0.551284
vn 0.426126 0.713971 -0.555573
vn 0.426947 0.711789 -0.557740
vn 0.427867 0.709685 -0.559713
vn 0.428531 0.708384 -0.560851
vn 0.428856 0.707844 -0.561284
vn 0.429356 0.707127 -0.561805
vn 0.374468 0.695963 -0.612706
vn 0.377753 0.693307 -0.613700
vn 0.353257 0.686870 -0.635153
vn 0.387845 0.696987 -0.603146
vn 0.383286 0.699696 -0.602924
vn 0.382420 0.700677 -0.602335
vn 0.381348 0.701796 -0.601711
vn 0.379536 0.703564 -0.600792
vn 0.377938 0.705024 -0.600086
vn 0.374729 0.707801 -0.598828
vn 0.372719 0.709480 -0.598097
vn 0.384731 0.697899 -0.604085
vn 0.381985 0.694534 -0.609680
vn 0.338672 0.687576 -0.642293
vn 0.295602 0.680474 -0.670503
vn 0.296907 0.677585 -0.672848
vn 0.340492 0.679456 -0.649927
vn 0.340330 0.685273 -0.643876
vn 0.292214 0.675759 -0.676728
vn 0.279009 0.689607 -0.668279
vn 0.280160 0.686781 -0.670703
vn 0.281349 0.684126 -0.672914
vn 0.282259 0.682281 -0.674405
vn 0.282919 0.681070 -0.675352
vn 0.283442 0.680191 -0.676019
vn 0.316247 0.681970 -0.659473
vn 0.285176 0.672800 -0.682653
vn 0.340332 0.685281 -0.643866
vn 0.284771 0.678145 -0.677513
vn 0.345838 0.677573 -0.649070
vn 0.234263 0.663239 -0.710798
vn 0.204621 0.655382 -0.727052
vn 0.235381 0.664707 -0.709056
vn 0.233129 0.664934 -0.709587
vn 0.232635 0.665439 -0.709276
vn 0.231609 0.666263 -0.708838
vn 0.230592 0.666952 -0.708521
vn 0.228502 0.668196 -0.708026
vn 0.222316 0.671554 -0.706817
vn 0.178540 0.662262 -0.727689
vn 0.180175 0.659568 -0.729731
vn 0.164558 0.649618 -0.742238
vn 0.129113 0.648565 -0.750129
vn 0.130199 0.645725 -0.752388
vn 0.179953 0.658297 -0.730932
vn 0.138096 0.642938 -0.753366
vn 0.119456 0.634289 -0.763812
vn 0.189744 0.653878 -0.732421
vn 0.189768 0.656925 -0.729683
vn 0.162915 0.650168 -0.742119
vn 0.123711 0.638234 -0.759838
vn 0.117161 0.646183 -0.754136
vn 0.195542 0.646291 -0.737612
vn 0.112963 0.657087 -0.745303
vn 0.113804 0.654483 -0.747463
vn 0.114792 0.651700 -0.749740
vn 0.115504 0.649878 -0.751211
vn 0.116069 0.648550 -0.752271
vn 0.125961 0.640878 -0.757238
vn -0.047581 0.609435 -0.791407
vn 0.002096 0.615466 -0.788161
vn 0.004515 0.623140 -0.782097
vn 0.005731 0.620358 -0.784298
vn -0.024966 0.609352 -0.792506
vn -0.050347 0.613867 -0.787802
vn -0.049702 0.610990 -0.790077
vn -0.004418 0.615427 -0.788182
vn -0.046328 0.602238 -0.796971
vn 0.015995 0.628085 -0.777981
vn 0.015110 0.630244 -0.776250
vn 0.014382 0.631865 -0.774945
vn 0.012823 0.635077 -0.772342
vn -0.054117 0.603009 -0.795897
vn 0.013445 0.617326 -0.786592
vn 0.016812 0.625873 -0.779744
vn 0.024467 0.612471 -0.790114
vn -0.098548 0.600010 -0.793900
vn -0.100619 0.597744 -0.795348
vn -0.103353 0.594374 -0.797520
vn -0.103403 0.594295 -0.797572
vn -0.103513 0.594003 -0.797775
vn -0.056109 0.593959 -0.802536
vn -0.103375 0.591961 -0.799310
vn -0.060234 0.608992 -0.790886
vn -0.100194 0.598308 -0.794977
vn -0.177720 0.582233 -0.793360
vn -0.176741 0.579314 -0.795712
vn -0.232920 0.578418 -0.781780
vn -0.232754 0.575455 -0.784013
vn -0.219799 0.557993 -0.800208
vn -0.170309 0.579129 -0.797248
vn -0.164991 0.584878 -0.794164
vn -0.177601 0.579439 -0.795430
vn -0.220192 0.565433 -0.794859
vn -0.160025 0.577735 -0.800384
vn -0.165329 0.586751 -0.792710
vn -0.165823 0.588831 -0.791063
vn -0.166152 0.589969 -0.790146
vn -0.166920 0.592233 -0.788288
vn -0.167838 0.594596 -0.786312
vn -0.169071 0.597445 -0.783884
vn -0.290503 0.552626 -0.781161
vn -0.286632 0.557019 -0.779469
vn -0.230345 0.566092 -0.791506
vn -0.229491 0.557911 -0.797540
vn -0.263669 0.561542 -0.784315
vn -0.283360 0.572392 -0.769464
vn -0.284754 0.568195 -0.772056
vn -0.285562 0.565436 -0.773780
vn -0.286318 0.562286 -0.775794
vn -0.286498 0.561293 -0.776446
vn -0.286641 0.560047 -0.777293
vn -0.286688 0.559049 -0.777994
vn -0.242929 0.550482 -0.798721
vn -0.345576 0.545849 -0.763299
vn -0.345741 0.547214 -0.762246
vn -0.345883 0.547881 -0.761703
vn -0.346309 0.549301 -0.760486
vn -0.347137 0.551473 -0.758533
vn -0.348239 0.553919 -0.756243
vn -0.349160 0.555789 -0.754444
vn -0.351494 0.560206 -0.750080
vn -0.389431 0.529551 -0.753605
vn -0.345544 0.544033 -0.764609
vn -0.343314 0.545551 -0.764532
vn -0.411709 0.514061 -0.752487
vn -0.397655 0.543460 -0.739271
vn -0.397713 0.540420 -0.741465
vn -0.448595 0.526278 -0.722353
vn -0.449292 0.523037 -0.724271
vn -0.397582 0.522993 -0.753928
vn -0.455189 0.519603 -0.723060
vn -0.392276 0.532119 -0.750313
vn -0.464212 0.514579 -0.720913
vn -0.429565 0.527034 -0.733287
vn -0.460078 0.523914 -0.716828
vn -0.456655 0.538929 -0.707829
vn -0.457832 0.534963 -0.710074
vn -0.458631 0.531940 -0.711827
vn -0.459193 0.529506 -0.713278
vn -0.459539 0.527731 -0.714370
vn -0.459831 0.525911 -0.715523
vn -0.397741 0.519532 -0.756234
vn -0.562850 0.500531 -0.657776
vn -0.559843 0.506874 -0.655481
vn -0.560332 0.503747 -0.657470
vn -0.603024 0.490149 -0.629378
vn -0.582696 0.492480 -0.646474
vn -0.604239 0.496617 -0.623111
vn -0.605183 0.493376 -0.624767
vn -0.619202 0.480128 -0.621342
vn -0.610856 0.505310 -0.609522
vn -0.612031 0.501684 -0.611335
vn -0.612619 0.499732 -0.612344
vn -0.613337 0.497170 -0.613710
vn -0.580320 0.495650 -0.646188
vn -0.548802 0.512505 -0.660421
vn -0.548470 0.514429 -0.659198
vn -0.548049 0.517184 -0.657391
vn -0.556402 0.498188 -0.665001
vn -0.611450 0.486786 -0.623834
vn -0.551292 0.490726 -0.674733
vn -0.549423 0.509280 -0.662396
vn -0.613956 0.494767 -0.615031
vn -0.706411 0.465802 -0.532928
vn -0.698771 0.475057 -0.534827
vn -0.699605 0.471808 -0.536611
vn -0.724874 0.464835 -0.508415
vn -0.732481 0.472585 -0.490036
vn -0.733723 0.469301 -0.491332
vn -0.733707 0.468881 -0.491756
vn -0.689338 0.479686 -0.542876
vn -0.688797 0.481579 -0.541887
vn -0.688225 0.483729 -0.540696
vn -0.687697 0.485868 -0.539449
vn -0.740754 0.459474 -0.490068
vn -0.686796 0.489796 -0.537040
vn -0.696454 0.469160 -0.542992
vn -0.690189 0.476924 -0.544226
vn -0.708570 0.468967 -0.527256
vn -0.739078 0.455081 -0.496654
vn -0.691775 0.464734 -0.552693
vn -0.767413 0.459438 -0.447206
vn -0.769351 0.454368 -0.449053
vn -0.742943 0.451439 -0.494204
vn -0.759276 0.470923 -0.449146
vn -0.763396 0.464978 -0.448355
vn -0.765642 0.461581 -0.448035
vn -0.766943 0.459485 -0.447965
vn -0.767725 0.458121 -0.448021
vn -0.768063 0.457469 -0.448109
vn -0.740854 0.457646 -0.491625
vn -0.768630 0.456229 -0.448400
vn -0.806657 0.449663 -0.383547
vn -0.807593 0.446244 -0.385563
vn -0.799386 0.453325 -0.394307
vn -0.798914 0.454617 -0.393776
vn -0.798448 0.455980 -0.393144
vn -0.797711 0.458278 -0.391967
vn -0.796964 0.460759 -0.390576
vn -0.796099 0.463789 -0.388749
vn -0.795276 0.466759 -0.386875
vn -0.807980 0.448264 -0.382397
vn -0.831401 0.435167 -0.345546
vn -0.800784 0.445059 -0.400832
vn -0.804747 0.446689 -0.390962
vn -0.800348 0.450866 -0.395174
vn -0.830659 0.439921 -0.341284
vn -0.831830 0.437895 -0.341039
vn -0.847958 0.441221 -0.293755
vn -0.849777 0.437657 -0.293829
vn -0.830295 0.440805 -0.341030
vn -0.845860 0.453865 -0.280227
vn -0.847842 0.450140 -0.280245
vn -0.849269 0.447367 -0.280366
vn -0.850281 0.445331 -0.280540
vn -0.851120 0.443579 -0.280772
vn -0.851564 0.442618 -0.280943
vn -0.856764 0.433300 -0.279654
vn -0.852148 0.436784 -0.288207
vn -0.830294 0.440806 -0.341030
vn -0.845277 0.440504 -0.302429
vn -0.852652 0.440162 -0.281499
vn -0.833566 0.432786 -0.343314
vn -0.871834 0.435895 -0.223385
vn -0.873586 0.432369 -0.223395
vn -0.888857 0.422516 -0.177237
vn -0.872728 0.434328 -0.222946
vn -0.872276 0.435469 -0.222490
vn -0.872120 0.435900 -0.222256
vn -0.871508 0.437738 -0.221039
vn -0.870878 0.439777 -0.219471
vn -0.870022 0.442694 -0.216989
vn -0.869140 0.445753 -0.214243
vn -0.883828 0.437059 -0.166814
vn -0.881819 0.441200 -0.166546
vn -0.883368 0.437848 -0.167181
vn -0.890407 0.429912 -0.149502
vn -0.893639 0.434552 -0.112137
vn -0.895275 0.431165 -0.112157
vn -0.896568 0.426326 -0.120051
vn -0.889679 0.421358 -0.175868
vn -0.901664 0.421345 -0.097316
vn -0.895255 0.434326 -0.099396
vn -0.886165 0.429134 -0.174801
vn -0.897966 0.427066 -0.106166
vn -0.888921 0.447171 -0.099286
vn -0.890633 0.443787 -0.099127
vn -0.892016 0.441010 -0.099079
vn -0.893059 0.438889 -0.099110
vn -0.894012 0.436923 -0.099198
vn -0.892785 0.430610 -0.132324
vn -0.886233 0.429009 -0.174762
vn -0.900449 0.434554 0.018814
vn -0.902077 0.431173 0.018637
vn -0.903528 0.425585 0.050156
vn -0.899570 0.430641 0.072956
vn -0.896481 0.436772 0.074510
vn -0.898075 0.433417 0.074908
vn -0.903987 0.426938 0.023050
vn -0.908159 0.418611 0.003480
vn -0.899178 0.437541 0.006029
vn -0.897949 0.440057 0.006111
vn -0.896646 0.442703 0.006272
vn -0.895166 0.445685 0.006532
vn -0.900553 0.434705 0.006023
vn -0.895075 0.437311 0.087173
vn -0.900917 0.426209 0.081821
vn -0.902407 0.428603 0.044287
vn -0.904868 0.425516 0.012266
vn -0.903901 0.418078 0.090407
vn -0.891272 0.445170 0.086358
vn -0.892509 0.442621 0.086684
vn -0.893688 0.440186 0.086940
vn -0.877756 0.433344 0.204347
vn -0.856704 0.447772 0.256044
vn -0.858166 0.444465 0.256907
vn -0.872967 0.418945 0.249825
vn -0.876085 0.436786 0.204190
vn -0.884539 0.426193 0.189603
vn -0.880308 0.430844 0.198575
vn -0.860811 0.434255 0.265381
vn -0.877958 0.438880 0.191244
vn -0.877175 0.440521 0.191064
vn -0.873664 0.434588 0.218734
vn -0.876204 0.442510 0.190924
vn -0.874967 0.444987 0.190838
vn -0.873306 0.448237 0.190840
vn -0.871455 0.451780 0.190947
vn -0.879224 0.436155 0.191660
vn -0.841891 0.440610 0.311580
vn -0.836747 0.456009 0.303166
vn -0.838006 0.451721 0.306096
vn -0.838924 0.448701 0.308017
vn -0.839620 0.446538 0.309261
vn -0.840164 0.444954 0.310067
vn -0.840617 0.443722 0.310602
vn -0.841083 0.442537 0.311032
vn -0.869215 0.418874 0.262697
vn -0.866150 0.426122 0.261159
vn -0.864706 0.427893 0.263041
vn -0.840150 0.443510 0.312166
vn -0.814901 0.448576 0.367035
vn -0.814408 0.449665 0.366798
vn -0.813812 0.450895 0.366612
vn -0.812786 0.452891 0.366425
vn -0.811597 0.455089 0.366339
vn -0.809853 0.458175 0.366353
vn -0.807958 0.461429 0.366452
vn -0.804878 0.466574 0.366715
vn -0.819372 0.442127 0.364902
vn -0.815864 0.446263 0.367717
vn -0.807980 0.448264 0.382397
vn -0.784140 0.463123 0.413089
vn -0.785507 0.459830 0.414169
vn -0.757018 0.461448 0.462589
vn -0.757959 0.458153 0.464322
vn -0.787999 0.437986 0.432696
vn -0.792333 0.441253 0.421312
vn -0.795738 0.431942 0.424532
vn -0.750627 0.454021 0.480025
vn -0.749530 0.463036 0.473079
vn -0.792984 0.448388 0.412462
vn -0.789342 0.444271 0.423749
vn -0.762214 0.457796 0.457659
vn -0.745292 0.477281 0.465556
vn -0.746168 0.473883 0.467621
vn -0.746944 0.471052 0.469238
vn -0.747664 0.468592 0.470554
vn -0.748232 0.466776 0.471454
vn -0.748648 0.465527 0.472028
vn -0.755002 0.457018 0.470220
vn -0.672753 0.478445 0.564352
vn -0.637999 0.482138 0.600417
vn -0.672246 0.483802 0.560376
vn -0.673342 0.480544 0.561862
vn -0.658294 0.476934 0.582394
vn -0.632743 0.490251 0.599409
vn -0.633415 0.487079 0.601282
vn -0.620976 0.502095 0.601905
vn -0.621514 0.499390 0.603598
vn -0.622067 0.496851 0.605122
vn -0.622480 0.495099 0.606133
vn -0.629958 0.482939 0.608212
vn -0.680052 0.485007 0.549816
vn -0.679000 0.488142 0.548340
vn -0.678123 0.490616 0.547216
vn -0.625164 0.477067 0.617719
vn -0.679964 0.472327 0.560853
vn -0.688672 0.460791 0.559824
vn -0.681220 0.467465 0.563397
vn -0.647682 0.481641 0.590364
vn -0.680929 0.482223 0.551177
vn -0.623160 0.492424 0.607611
vn -0.482147 0.520481 0.704722
vn -0.529353 0.510827 0.677378
vn -0.530146 0.507621 0.679165
vn -0.499524 0.511226 0.699374
vn -0.481123 0.524689 0.702298
vn -0.481406 0.521605 0.704398
vn -0.525122 0.504158 0.685618
vn -0.539996 0.508734 0.670517
vn -0.476813 0.514644 0.712594
vn -0.544628 0.496773 0.675719
vn -0.536166 0.502608 0.678167
vn -0.507321 0.510850 0.694015
vn -0.539452 0.511547 0.668813
vn -0.539107 0.513074 0.667921
vn -0.538410 0.515816 0.666370
vn -0.537707 0.518312 0.664999
vn -0.536606 0.521878 0.663097
vn -0.432181 0.524312 0.733701
vn -0.436181 0.533414 0.724718
vn -0.433838 0.530131 0.728523
vn -0.432986 0.528713 0.730059
vn -0.432363 0.527374 0.731395
vn -0.477085 0.506491 0.718231
vn -0.432244 0.526982 0.731748
vn -0.432116 0.526081 0.732471
vn -0.475906 0.516345 0.711970
vn -0.430810 0.526596 0.732871
vn -0.469694 0.512504 0.718837
vn -0.317342 0.543695 0.776975
vn -0.362991 0.542708 0.757433
vn -0.363766 0.539401 0.759421
vn -0.379130 0.533270 0.756230
vn -0.375119 0.542272 0.751816
vn -0.374968 0.543701 0.750859
vn -0.374760 0.545037 0.749993
vn -0.374209 0.547774 0.748273
vn -0.373696 0.549867 0.746992
vn -0.372857 0.552841 0.745214
vn -0.371583 0.556992 0.742755
vn -0.375226 0.540093 0.753329
vn -0.347999 0.544001 0.763518
vn -0.369576 0.537546 0.757930
vn -0.314955 0.549395 0.773931
vn -0.268999 0.561772 0.782337
vn -0.267662 0.558775 0.784938
vn -0.259100 0.575408 0.775740
vn -0.257847 0.572282 0.778465
vn -0.257040 0.569937 0.780450
vn -0.256753 0.568923 0.781284
vn -0.256374 0.567192 0.782666
vn -0.256285 0.566634 0.783099
vn -0.314723 0.540205 0.780467
vn -0.251545 0.560336 0.789144
vn -0.314933 0.548426 0.774627
vn -0.261807 0.560076 0.785985
vn -0.314929 0.548424 0.774630
vn -0.256065 0.564293 0.784860
vn -0.305940 0.547257 0.779045
vn -0.263669 0.561542 0.784315
vn -0.261072 0.579841 0.771768
vn -0.198947 0.572571 0.795351
vn -0.195510 0.574451 0.794847
vn -0.195662 0.575985 0.793699
vn -0.195590 0.577394 0.792692
vn -0.195466 0.578127 0.792188
vn -0.195005 0.579856 0.791037
vn -0.194369 0.581666 0.789864
vn -0.193285 0.584276 0.788202
vn -0.191545 0.588118 0.785766
vn -0.177600 0.579430 0.795436
vn -0.141876 0.596098 0.790277
vn -0.141470 0.593197 0.792530
vn -0.123375 0.590831 0.797306
vn -0.086173 0.602777 0.793243
vn -0.085127 0.599945 0.795500
vn -0.141325 0.593053 0.792663
vn -0.092523 0.593793 0.799281
vn -0.073619 0.605481 0.792448
vn -0.143819 0.580543 0.801428
vn -0.142945 0.575889 0.804934
vn -0.067542 0.595201 0.800733
vn -0.146240 0.583610 0.798757
vn -0.077436 0.615965 0.783958
vn -0.076130 0.613001 0.786406
vn -0.075363 0.611078 0.787975
vn -0.074681 0.609155 0.789527
vn -0.074233 0.607734 0.790664
vn -0.078130 0.598306 0.797449
vn -0.133294 0.583833 0.800857
vn -0.090799 0.597481 0.796726
vn 0.093215 0.637137 0.765093
vn 0.046004 0.626082 0.778399
vn 0.040400 0.631441 0.774371
vn 0.041272 0.628597 0.776635
vn 0.071643 0.629079 0.774033
vn 0.093168 0.643046 0.760139
vn 0.094576 0.640331 0.762254
vn 0.027112 0.631798 0.774659
vn 0.026497 0.633665 0.773154
vn 0.025939 0.635541 0.771632
vn 0.103143 0.635942 0.764813
vn 0.114493 0.629326 0.768661
vn 0.037040 0.622194 0.781986
vn 0.028113 0.629052 0.776855
vn 0.105016 0.645752 0.756291
vn 0.101871 0.652057 0.751295
vn 0.102877 0.650166 0.752795
vn 0.103975 0.647975 0.754531
vn 0.039736 0.620466 0.783226
vn 0.080484 0.633062 0.769905
vn 0.031768 0.613453 0.789092
vn 0.261309 0.678574 0.686480
vn 0.227466 0.660167 0.715848
vn 0.214558 0.664970 0.715387
vn 0.215803 0.662152 0.717623
vn 0.251855 0.670550 0.697805
vn 0.259507 0.680509 0.685247
vn 0.261339 0.677880 0.687154
vn 0.241830 0.666550 0.705145
vn 0.204020 0.655183 0.727400
vn 0.272042 0.670888 0.689856
vn 0.211412 0.658811 0.721992
vn 0.201710 0.665136 0.718962
vn 0.201248 0.666046 0.718249
vn 0.200441 0.667787 0.716857
vn 0.199324 0.670421 0.714707
vn 0.198424 0.672756 0.712760
vn 0.197197 0.676232 0.709805
vn 0.203109 0.662627 0.720883
vn 0.281430 0.671632 0.685352
vn 0.273090 0.662436 0.697568
vn 0.300020 0.692491 0.656083
vn 0.303934 0.689563 0.657364
vn 0.307154 0.687007 0.658542
vn 0.308483 0.685863 0.659113
vn 0.309958 0.684471 0.659868
vn 0.310946 0.683425 0.660487
vn 0.311187 0.683138 0.660670
vn 0.273472 0.661824 0.697998
vn 0.315051 0.681635 0.660392
vn 0.312559 0.681240 0.661981
vn 0.371419 0.694998 0.615651
vn 0.371901 0.691497 0.619291
vn 0.359436 0.694605 0.623161
vn 0.359152 0.695039 0.622841
vn 0.358326 0.696456 0.621732
vn 0.357388 0.698253 0.620255
vn 0.356869 0.699368 0.619297
vn 0.385247 0.696268 0.605637
vn 0.355416 0.702827 0.616209
vn 0.354586 0.704935 0.614276
vn 0.360993 0.692487 0.624617
vn 0.367230 0.691470 0.622102
vn 0.360323 0.689039 0.628803
vn 0.418659 0.692744 0.587222
vn 0.440910 0.711209 0.547522
vn 0.443558 0.708645 0.548707
vn 0.402865 0.704115 0.584741
vn 0.419168 0.700849 0.577156
vn 0.447990 0.709252 0.544303
vn 0.448731 0.708422 0.544774
vn 0.449621 0.713020 0.538000
vn 0.438234 0.724062 0.532621
vn 0.441773 0.720939 0.533933
vn 0.444076 0.718811 0.534890
vn 0.445674 0.717266 0.535635
vn 0.446947 0.715970 0.536307
vn 0.448051 0.714791 0.536958
vn 0.406856 0.699174 0.587898
vn 0.412936 0.691541 0.592668
vn 0.457185 0.707505 0.538905
vn 0.406865 0.699170 0.587897
vn 0.491409 0.718625 0.492032
vn 0.491495 0.718459 0.492188
vn 0.490928 0.720225 0.490169
vn 0.490844 0.720668 0.489602
vn 0.490551 0.723594 0.485563
vn 0.492918 0.716797 0.493187
vn 0.490554 0.723530 0.485655
vn 0.521642 0.728751 0.443635
vn 0.551674 0.729917 0.403581
vn 0.517118 0.732577 0.442628
vn 0.519478 0.730046 0.444045
vn 0.537062 0.726925 0.427954
vn 0.548213 0.736489 0.396291
vn 0.550880 0.734002 0.397206
vn 0.521738 0.723257 0.452426
vn 0.530114 0.724421 0.440675
vn 0.546235 0.745355 0.382195
vn 0.551681 0.730628 0.402282
vn 0.548959 0.742917 0.383038
vn 0.550620 0.741389 0.383614
vn 0.551987 0.740101 0.384137
vn 0.526941 0.715275 0.459037
vn 0.515082 0.727803 0.452763
vn 0.567530 0.726212 0.387977
vn 0.557667 0.731005 0.393242
vn 0.554272 0.737888 0.385102
vn 0.603095 0.747745 0.277765
vn 0.605709 0.745236 0.278817
vn 0.620312 0.744530 0.246757
vn 0.617748 0.753779 0.224063
vn 0.620527 0.751349 0.224545
vn 0.621564 0.750066 0.225963
vn 0.611575 0.742106 0.274326
vn 0.608838 0.741256 0.282587
vn 0.598480 0.746924 0.289701
vn 0.622179 0.745063 0.240362
vn 0.607158 0.741354 0.285925
vn 0.629023 0.745638 0.219894
vn 0.609336 0.735650 0.295851
vn 0.596573 0.748684 0.289090
vn 0.594542 0.750584 0.288346
vn 0.592471 0.752544 0.287501
vn 0.590258 0.754658 0.286508
vn 0.637785 0.738359 0.219219
vn 0.634849 0.746876 0.197845
vn 0.641084 0.748773 0.168374
vn 0.641247 0.748008 0.171131
vn 0.629729 0.756317 0.177274
vn 0.634494 0.753144 0.173756
vn 0.636959 0.751439 0.172113
vn 0.638500 0.750326 0.171253
vn 0.638950 0.749984 0.171075
vn 0.639452 0.749579 0.170977
vn 0.625646 0.749463 0.216501
vn 0.649452 0.759305 0.040843
vn 0.658100 0.751642 0.044022
vn 0.649176 0.754500 0.096436
vn 0.651985 0.751960 0.097330
vn 0.664597 0.745517 0.050149
vn 0.658097 0.751645 0.044013
vn 0.656007 0.751818 0.066525
vn 0.645509 0.755916 0.109129
vn 0.644161 0.757102 0.108874
vn 0.642652 0.758436 0.108502
vn 0.640529 0.760320 0.107865
vn 0.638331 0.762277 0.107090
vn 0.636148 0.764221 0.106222
vn 0.632716 0.767265 0.104760
vn 0.651203 0.750419 0.113160
vn 0.647558 0.754124 0.109387
vn 0.652203 0.750922 0.103667
vn 0.671828 0.740004 0.032264
vn 0.658107 0.751637 0.044017
vn -0.204446 0.978878 -0.000006
vn -0.204427 0.978882 0.000003
vn -0.204426 0.978882 0.000014
vn -0.204440 0.978879 -0.000016
vn -0.204436 0.978880 0.000001
vn -0.204422 0.978883 0.000008
vn -0.204429 0.978881 -0.000006
vn -0.204419 0.978883 0.000011
vn -0.204429 0.978882 0.000003
vn -0.204439 0.978879 -0.000003
vn -0.204419 0.978884 0.000012
vn -0.204431 0.978881 -0.000008
vn -0.204429 0.978881 0.000002
vn -0.204423 0.978883 0.000006
vn -0.204421 0.978883 0.000003
vn -0.204426 0.978882 -0.000004
vn -0.204432 0.978881 -0.000007
vn -0.204430 0.978881 -0.000005
vn -0.204435 0.978880 0.000001
vn -0.204445 0.978878 -0.000012
vn -0.204417 0.978884 0.000016
vn -0.204428 0.978882 0.000002
vn -0.204423 0.978883 0.000011
vn -0.204426 0.978882 0.000001
vn -0.204418 0.978884 0.000010
vn -0.204429 0.978881 -0.000019
vn -0.204436 0.978880 -0.000001
vn -0.204442 0.978879 -0.000006
vn -0.204417 0.978884 0.000009
vn -0.204429 0.978881 -0.000002
vn -0.204430 0.978881 -0.000004
vn -0.204431 0.978881 -0.000004
vn -0.204421 0.978883 0.000005
vn -0.204428 0.978881 -0.000009
vn -0.204435 0.978880 -0.000005
vn -0.204429 0.978881 0.000000
vn -0.204413 0.978885 0.000004
vn -0.204428 0.978882 -0.000009
vn -0.204425 0.978882 0.000001
vn -0.204426 0.978882 0.000000
vn -0.204428 0.978882 0.000006
vn -0.204428 0.978882 -0.000008
vn -0.204423 0.978883 0.000007
vn -0.204436 0.978880 -0.000001
vn -0.204422 0.978883 0.000001
vn -0.204426 0.978882 0.000004
vn -0.204427 0.978882 0.000002
vn -0.204433 0.978881 0.000004
vn -0.204428 0.978882 -0.000008
vn -0.204426 0.978882 -0.000005
vn -0.204426 0.978882 -0.000003
vn -0.204436 0.978880 0.000004
vn -0.204438 0.978880 0.000003
vn -0.204423 0.978883 0.000003
vn -0.204432 0.978881 0.000014
vn -0.204411 0.978885 -0.000001
vn -0.204432 0.978881 0.000000
vn -0.204432 0.978881 0.000000
vn -0.204437 0.978880 -0.000001
vn -0.204440 0.978879 -0.000002
vn -0.204432 0.978881 -0.000014
vn -0.204426 0.978882 0.000005
vn -0.204436 0.978880 -0.000002
vn -0.204410 0.978885 0.000005
vn -0.204426 0.978882 0.000008
vn -0.204427 0.978882 0.000003
vn -0.204427 0.978882 0.000007
vn -0.204430 0.978881 0.000007
vn -0.204428 0.978882 0.000009
vn -0.204426 0.978882 -0.000002
vn -0.204426 0.978882 -0.000005
vn -0.204411 0.978885 0.000003
vn -0.204438 0.978880 -0.000002
vn -0.204427 0.978882 0.000008
vn -0.204435 0.978880 -0.000002
vn -0.204425 0.978882 -0.000001
vn -0.204425 0.978882 -0.000001
vn -0.204425 0.978882 0.000000
vn -0.204432 0.978881 0.000001
vn -0.204423 0.978883 0.000002
vn -0.204429 0.978881 0.000002
vn -0.204428 0.978881 0.000009
vn -0.204429 0.978882 0.000002
vn -0.204424 0.978882 0.000002
vn -0.204424 0.978882 0.000007
vn -0.204424 0.978882 -0.000012
vn -0.204421 0.978883 -0.000001
vn -0.204429 0.978881 -0.000001
vn -0.204428 0.978882 -0.000002
vn -0.204429 0.978881 0.000019
vn -0.204440 0.978879 0.000005
vn -0.204427 0.978882 0.000003
vn -0.204420 0.978883 -0.000017
vn -0.204421 0.978883 -0.000010
vn -0.204437 0.978880 0.000009
vn -0.204418 0.978884 -0.000015
vn -0.204431 0.978881 0.000008
vn -0.204430 0.978881 0.000005
vn -0.204449 0.978877 0.000005
vn -0.204419 0.978883 -0.000002
vn -0.204427 0.978882 -0.000001
vn -0.204425 0.978882 -0.000008
vn -0.204423 0.978883 0.000001
vn -0.204441 0.978879 0.000006
vn -0.204435 0.978880 0.000006
vn -0.204432 0.978881 -0.000005
vn -0.204421 0.978883 -0.000010
vn -0.204429 0.978881 0.000005
vn -0.204436 0.978880 -0.000001
vn -0.204422 0.978883 -0.000008
vn -0.204415 0.978884 -0.000008
vn -0.204438 0.978879 0.000002
vn -0.204427 0.978882 -0.000003
vn -0.204446 0.978878 0.000006
vn -0.204436 0.978880 -0.000001
vn -0.204435 0.978880 -0.000001
vn -0.204417 0.978884 -0.000004
vn -0.204447 0.978878 0.000008
vn -0.204429 0.978881 0.000006
vn -0.204432 0.978881 -0.000002
vn -0.204430 0.978881 -0.000007
vn -0.204419 0.978883 -0.000011
vn -0.204419 0.978884 -0.000012
vn -0.204428 0.978882 0.000012
vn -0.204420 0.978883 -0.000017
vn -0.204431 0.978881 0.000008
vn -0.204423 0.978883 0.000003
vn -0.204424 0.978883 0.000005
vn -0.204428 0.978882 0.000001
vn -0.204420 0.978883 -0.000000
vn -0.204423 0.978883 -0.000004
vn -0.204425 0.978882 0.000006
vn -0.204448 0.978877 0.000006
vn -0.204432 0.978881 0.000004
vn -0.204426 0.978882 -0.000009
vn -0.204427 0.978882 0.000003
vn -0.204415 0.978884 -0.000006
vn -0.204427 0.978882 -0.000005
vn -0.204436 0.978880 0.000005
vn -0.204432 0.978881 -0.000005
vn -0.204436 0.978880 0.000013
vn -0.204435 0.978880 0.000003
vn -0.204421 0.978883 -0.000005
vn -0.204443 0.978878 0.000003
vn -0.204425 0.978882 -0.000012
vn -0.204431 0.978881 0.000004
vn -0.204435 0.978880 0.000005
vn -0.204428 0.978882 -0.000002
vn -0.204429 0.978881 -0.000006
vn -0.204429 0.978882 -0.000000
vn -0.204426 0.978882 0.000022
vn -0.204429 0.978881 -0.000004
vn -0.204413 0.978885 -0.000004
vn -0.204428 0.978882 -0.000006
vn -0.204425 0.978882 0.000001
vn -0.204424 0.978882 -0.000008
vn -0.204423 0.978883 0.000011
vn -0.204422 0.978883 -0.000001
vn -0.204437 0.978880 -0.000004
vn -0.204423 0.978883 -0.000009
vn -0.204422 0.978883 -0.000001
vn -0.204436 0.978880 -0.000004
vn -0.204433 0.978881 -0.000004
vn -0.204425 0.978882 0.000007
vn -0.204430 0.978881 -0.000011
vn -0.204432 0.978881 0.000018
vn -0.204411 0.978885 -0.000004
vn -0.204438 0.978880 -0.000003
vn -0.204430 0.978881 0.000013
vn -0.204423 0.978883 0.000001
vn -0.204432 0.978881 -0.000018
vn -0.204430 0.978881 -0.000013
vn -0.204436 0.978880 0.000002
vn -0.204437 0.978880 0.000002
vn -0.204440 0.978879 0.000001
vn -0.204423 0.978883 0.000010
vn -0.204431 0.978881 -0.000006
vn -0.204410 0.978885 -0.000005
vn -0.204424 0.978882 0.000008
vn -0.204423 0.978883 0.000009
vn -0.204430 0.978881 -0.000008
vn -0.204411 0.978885 -0.000003
vn -0.204427 0.978882 -0.000006
vn -0.204421 0.978883 -0.000001
vn -0.204426 0.978882 -0.000022
vn -0.204427 0.978882 -0.000010
vn -0.204438 0.978880 0.000002
vn -0.204435 0.978880 0.000002
vn -0.204429 0.978881 0.000004
vn -0.204429 0.978881 0.000006
vn -0.204425 0.978882 0.000001
vn -0.204428 0.978882 0.000003
vn -0.204428 0.978882 0.000002
vn -0.204424 0.978882 0.000002
vn -0.204431 0.978881 -0.000005
vn -0.204436 0.978880 -0.000005
vn -0.204428 0.978882 0.000013
vn -0.204425 0.978882 -0.000000
vn -0.204428 0.978882 -0.000004
vn -0.204426 0.978882 0.000009
vn -0.204436 0.978880 -0.000013
vn -0.204440 0.978879 -0.000005
vn -0.204422 0.978883 0.000004
vn -0.204427 0.978882 -0.000002
vn -0.204427 0.978882 -0.000003
vn -0.204427 0.978882 -0.000003
vn -0.204420 0.978883 0.000002
vn -0.204428 0.978882 -0.000004
vn -0.204418 0.978884 0.000015
vn -0.204437 0.978880 -0.000009
vn -0.204422 0.978883 -0.000003
vn -0.204424 0.978882 -0.000005
vn -0.204443 0.978879 -0.000015
vn -0.204425 0.978882 0.000011
vn -0.204437 0.978880 -0.000005
vn -0.204412 0.978885 0.000011
vn -0.204437 0.978880 -0.000011
vn -0.204428 0.978882 0.000005
vn -0.204433 0.978880 0.000003
vn -0.204429 0.978881 0.000006
vn -0.204429 0.978881 -0.000005
vn -0.204421 0.978883 0.000010
vn -0.204436 0.978880 0.000001
vn -0.204422 0.978883 0.000016
vn -0.204432 0.978881 -0.000008
vn -0.204435 0.978880 0.000001
vn 0.435279 0.090903 -0.895695
vn 0.435176 0.090882 -0.895747
vn 0.435290 0.090905 -0.895689
vn 0.435325 0.090913 -0.895671
vn 0.435167 0.090880 -0.895751
vn 0.435230 0.090893 -0.895719
vn 0.435337 0.090915 -0.895665
vn 0.435241 0.090895 -0.895714
vn 0.435229 0.090893 -0.895720
vn 0.435249 0.090897 -0.895710
vn 0.435243 0.090896 -0.895713
vn 0.435204 0.090888 -0.895733
vn 0.435239 0.090895 -0.895715
vn 0.435293 0.090906 -0.895688
vn 0.435211 0.090889 -0.895729
vn 0.435282 0.090904 -0.895693
vn 0.974795 0.203575 0.091278
vn 0.974796 0.203575 0.091269
vn 0.976949 0.204025 0.062801
vn 0.976950 0.204025 0.062792
vn 0.978307 0.204309 0.034246
vn 0.978307 0.204308 0.034255
vn 0.321929 0.067231 0.944374
vn 0.321928 0.067231 0.944374
vn 0.321913 0.067228 0.944379
vn 0.321909 0.067227 0.944381
vn 0.321935 0.067233 0.944371
vn 0.321937 0.067233 0.944371
vn 0.321896 0.067224 0.944386
vn 0.321896 0.067225 0.944385
vn 0.354686 0.074072 0.932047
vn 0.416270 0.086933 0.905076
vn 0.354769 0.074090 0.932014
vn 0.475906 0.099388 0.873862
vn 0.416226 0.086924 0.905097
vn 0.536636 0.112070 0.836339
vn 0.476081 0.099424 0.873763
vn 0.595499 0.124364 0.793672
vn 0.536301 0.112001 0.836563
vn 0.644086 0.134510 0.753034
vn 0.595527 0.124370 0.793650
vn 0.681753 0.142377 0.717595
vn 0.644237 0.134542 0.752899
vn 0.718246 0.149997 0.679429
vn 0.681978 0.142423 0.717372
vn 0.718190 0.149986 0.679491
vn 0.751666 0.156977 0.640591
vn 0.751535 0.156950 0.640751
vn 0.782510 0.163418 0.600810
vn 0.782410 0.163398 0.600946
vn 0.810766 0.169320 0.560348
vn 0.811063 0.169381 0.559899
vn 0.837100 0.174819 0.518364
vn 0.837103 0.174819 0.518359
vn 0.872076 0.182123 0.454219
vn 0.871995 0.182107 0.454380
vn 0.910681 0.190186 0.366728
vn 0.910708 0.190191 0.366657
vn 0.940457 0.196404 0.277429
vn 0.940464 0.196405 0.277404
vn 0.961521 0.200803 0.187500
vn 0.961521 0.200803 0.187500
vn 0.973919 0.203392 0.100567
vn 0.973920 0.203392 0.100550
vn 0.978674 0.204385 0.020614
vn 0.978671 0.204385 0.020718
vn 0.977505 0.204141 -0.053017
vn 0.977508 0.204142 -0.052954
vn 0.971748 0.202939 -0.120508
vn 0.971754 0.202940 -0.120453
vn 0.962689 0.201047 -0.181138
vn 0.962680 0.201045 -0.181185
vn 0.951109 0.198629 -0.236514
vn 0.951084 0.198623 -0.236618
vn 0.937785 0.195846 -0.286713
vn 0.923392 0.192840 -0.331902
vn 0.937743 0.195837 -0.286856
vn 0.900580 0.188076 -0.391897
vn 0.923370 0.192835 -0.331968
vn 0.868802 0.181440 -0.460720
vn 0.900640 0.188089 -0.391752
vn 0.833379 0.174042 -0.524584
vn 0.868780 0.181435 -0.460763
vn 0.792206 0.165443 -0.587400
vn 0.833366 0.174039 -0.524605
vn 0.749348 0.156493 -0.643419
vn 0.792234 0.165449 -0.587360
vn 0.705707 0.147379 -0.693006
vn 0.749400 0.156504 -0.643355
vn 0.662358 0.138326 -0.736307
vn 0.705719 0.147382 -0.692993
vn 0.662268 0.138307 -0.736391
vn 0.639624 0.133578 -0.756993
vn 0.639626 0.133579 -0.756991
vn 0.639599 0.133573 -0.757015
vn 0.639600 0.133573 -0.757014
vn 0.639628 0.133579 -0.756989
vn 0.639630 0.133580 -0.756987
vn 0.639622 0.133578 -0.756995
vn 0.639619 0.133577 -0.756997
vn 0.921945 0.192538 0.336074
vn 0.921945 0.192538 0.336074
vn 0.930971 0.194423 0.309019
vn 0.930971 0.194423 0.309019
vn 0.939241 0.196150 0.281695
vn 0.939238 0.196149 0.281704
vn 0.081930 0.017110 0.996491
vn 0.081930 0.017110 0.996491
vn 0.081892 0.017102 0.996494
vn 0.081922 0.017108 0.996492
vn 0.081893 0.017102 0.996494
vn 0.081920 0.017108 0.996492
vn 0.081899 0.017104 0.996494
vn 0.081899 0.017104 0.996494
vn 0.116231 0.024274 0.992925
vn 0.183486 0.038319 0.982275
vn 0.116279 0.024284 0.992920
vn 0.248103 0.051814 0.967347
vn 0.183465 0.038315 0.982279
vn 0.316256 0.066046 0.946372
vn 0.248111 0.051815 0.967345
vn 0.383460 0.080081 0.920079
vn 0.316245 0.066044 0.946376
vn 0.439940 0.091877 0.893315
vn 0.383480 0.080086 0.920070
vn 0.486791 0.101661 0.867582
vn 0.440144 0.091919 0.893210
vn 0.529786 0.110640 0.840884
vn 0.486470 0.101594 0.867771
vn 0.529868 0.110657 0.840830
vn 0.571876 0.119430 0.811600
vn 0.572093 0.119475 0.811441
vn 0.611817 0.127771 0.780612
vn 0.611569 0.127719 0.780814
vn 0.649251 0.135589 0.748391
vn 0.649200 0.135578 0.748437
vn 0.684456 0.142941 0.714904
vn 0.684460 0.142942 0.714900
vn 0.733911 0.153269 0.661727
vn 0.734001 0.153288 0.661623
vn 0.793008 0.165611 0.586268
vn 0.792861 0.165581 0.586476
vn 0.843347 0.176124 0.507688
vn 0.843430 0.176141 0.507544
vn 0.885661 0.184960 0.425905
vn 0.885707 0.184970 0.425805
vn 0.918891 0.191900 0.344694
vn 0.918753 0.191872 0.345076
vn 0.942882 0.196911 0.268700
vn 0.942980 0.196931 0.268340
vn 0.959736 0.200430 0.196809
vn 0.959724 0.200428 0.196869
vn 0.970488 0.202676 0.130673
vn 0.970533 0.202685 0.130321
vn 0.976564 0.203944 0.068765
vn 0.976537 0.203939 0.069165
vn 0.978805 0.204413 0.012501
vn 0.978803 0.204412 0.012678
vn 0.978118 0.204269 -0.039494
vn 0.975200 0.203659 -0.086648
vn 0.978100 0.204265 -0.039962
vn 0.967693 0.202092 -0.150761
vn 0.975194 0.203658 -0.086721
vn 0.953718 0.199173 -0.225280
vn 0.967698 0.202093 -0.150725
vn 0.934856 0.195234 -0.296527
vn 0.953707 0.199171 -0.225333
vn 0.910399 0.190127 -0.367458
vn 0.934887 0.195241 -0.296424
vn 0.882400 0.184279 -0.432910
vn 0.910420 0.190131 -0.367405
vn 0.852073 0.177946 -0.492246
vn 0.882441 0.184288 -0.432823
vn 0.820794 0.171414 -0.544899
vn 0.852084 0.177948 -0.492227
vn 0.820712 0.171396 -0.545028
vn 0.803806 0.167866 -0.570716
vn 0.803805 0.167866 -0.570718
vn 0.803819 0.167869 -0.570697
vn 0.803821 0.167869 -0.570695
vn 0.803808 0.167867 -0.570713
vn 0.803801 0.167865 -0.570724
vn 0.803800 0.167865 -0.570725
vn 0.803807 0.167866 -0.570715
vn 0.811172 0.169404 0.559734
vn 0.811172 0.169404 0.559734
vn 0.826491 0.172603 0.535837
vn 0.826495 0.172604 0.535830
vn 0.841157 0.175666 0.511465
vn 0.841157 0.175666 0.511465
vn -0.163252 -0.034093 0.985995
vn -0.163253 -0.034094 0.985995
vn -0.163234 -0.034090 0.985998
vn -0.163235 -0.034090 0.985998
vn -0.163236 -0.034090 0.985998
vn -0.163256 -0.034094 0.985994
vn -0.163234 -0.034090 0.985998
vn -0.163260 -0.034095 0.985994
vn -0.129148 -0.026971 0.991259
vn -0.061698 -0.012885 0.998012
vn -0.129111 -0.026963 0.991264
vn 0.004666 0.000974 0.999989
vn -0.061701 -0.012886 0.998012
vn 0.075341 0.015734 0.997034
vn 0.004667 0.000975 0.999989
vn 0.148270 0.030965 0.988462
vn 0.075334 0.015733 0.997034
vn 0.209158 0.043680 0.976906
vn 0.148279 0.030966 0.988461
vn 0.259480 0.054190 0.964227
vn 0.209077 0.043664 0.976924
vn 0.308435 0.064413 0.949062
vn 0.259542 0.054202 0.964209
vn 0.308402 0.064406 0.949073
vn 0.356569 0.074466 0.931297
vn 0.356724 0.074498 0.931235
vn 0.401967 0.083946 0.911798
vn 0.401777 0.083907 0.911885
vn 0.447133 0.093379 0.889580
vn 0.447092 0.093370 0.889601
vn 0.489022 0.102127 0.866272
vn 0.489026 0.102128 0.866270
vn 0.550007 0.114863 0.827223
vn 0.550040 0.114870 0.827201
vn 0.624905 0.130505 0.769716
vn 0.624945 0.130513 0.769682
vn 0.693481 0.144826 0.705769
vn 0.693494 0.144828 0.705756
vn 0.754064 0.157478 0.637643
vn 0.754005 0.157466 0.637715
vn 0.806015 0.168327 0.567455
vn 0.806084 0.168342 0.567353
vn 0.847991 0.177093 0.499550
vn 0.847885 0.177071 0.499737
vn 0.881558 0.184104 0.434696
vn 0.881595 0.184111 0.434619
vn 0.908285 0.189685 0.372878
vn 0.908348 0.189698 0.372719
vn 0.929179 0.194048 0.314599
vn 0.929116 0.194036 0.314791
vn 0.944896 0.197331 0.261211
vn 0.944975 0.197347 0.260916
vn 0.956983 0.199855 0.210335
vn 0.965736 0.201683 0.163334
vn 0.956969 0.199852 0.210401
vn 0.973991 0.203407 0.099833
vn 0.965747 0.201685 0.163263
vn 0.978600 0.204370 0.023997
vn 0.973975 0.203404 0.100002
vn 0.977668 0.204175 -0.049782
vn 0.978605 0.204370 0.023782
vn 0.971257 0.202836 -0.124572
vn 0.977673 0.204176 -0.049669
vn 0.960075 0.200501 -0.195077
vn 0.971264 0.202838 -0.124511
vn 0.945190 0.197393 -0.260099
vn 0.960095 0.200505 -0.194973
vn 0.927542 0.193706 -0.319599
vn 0.945091 0.197371 -0.260477
vn 0.927743 0.193749 -0.318991
vn 0.917492 0.191608 -0.348560
vn 0.917494 0.191608 -0.348555
vn 0.917485 0.191606 -0.348580
vn 0.917486 0.191607 -0.348577
vn 0.917493 0.191608 -0.348558
vn 0.917491 0.191608 -0.348565
vn 0.917489 0.191608 -0.348569
vn 0.917484 0.191606 -0.348582
vn 0.649415 0.135623 0.748242
vn 0.670089 0.139941 0.728970
vn 0.649415 0.135623 0.748242
vn 0.670089 0.139941 0.728970
vn 0.690209 0.144143 0.709108
vn 0.690209 0.144143 0.709108
vn -0.398136 -0.083146 0.913551
vn -0.398138 -0.083147 0.913550
vn -0.398153 -0.083150 0.913543
vn -0.398154 -0.083150 0.913542
vn -0.398157 -0.083151 0.913541
vn -0.398127 -0.083145 0.913554
vn -0.398152 -0.083149 0.913543
vn -0.398128 -0.083145 0.913554
vn -0.366897 -0.076623 0.927100
vn -0.302173 -0.063106 0.951162
vn -0.366854 -0.076613 0.927119
vn -0.238759 -0.049862 0.969798
vn -0.302318 -0.063136 0.951114
vn -0.169832 -0.035468 0.984835
vn -0.238714 -0.049853 0.969809
vn -0.096970 -0.020251 0.995081
vn -0.169826 -0.035466 0.984836
vn -0.035837 -0.007484 0.999330
vn -0.096990 -0.020255 0.995079
vn 0.017170 0.003586 0.999846
vn -0.035830 -0.007483 0.999330
vn 0.067630 0.014124 0.997611
vn 0.017165 0.003585 0.999846
vn 0.067643 0.014126 0.997610
vn 0.118511 0.024750 0.992644
vn 0.118504 0.024748 0.992645
vn 0.167726 0.035028 0.985211
vn 0.167728 0.035028 0.985211
vn 0.216105 0.045131 0.975327
vn 0.216083 0.045127 0.975332
vn 0.263358 0.054999 0.963129
vn 0.263418 0.055012 0.963112
vn 0.331060 0.069138 0.941073
vn 0.331046 0.069135 0.941078
vn 0.417991 0.087293 0.904248
vn 0.418022 0.087299 0.904233
vn 0.499775 0.104372 0.859844
vn 0.499665 0.104350 0.859911
vn 0.575248 0.120134 0.809109
vn 0.575327 0.120151 0.809051
vn 0.642613 0.134203 0.754346
vn 0.642685 0.134218 0.754282
vn 0.699483 0.146079 0.699560
vn 0.699432 0.146069 0.699613
vn 0.748073 0.156227 0.644965
vn 0.748042 0.156220 0.645002
vn 0.789129 0.164801 0.591706
vn 0.789103 0.164795 0.591743
vn 0.823252 0.171927 0.541015
vn 0.823475 0.171973 0.540661
vn 0.851861 0.177901 0.492629
vn 0.851787 0.177886 0.492762
vn 0.875740 0.182888 0.446801
vn 0.895529 0.187021 0.403795
vn 0.875713 0.182883 0.446856
vn 0.919090 0.191942 0.344140
vn 0.895343 0.186983 0.404226
vn 0.942002 0.196727 0.271901
vn 0.919035 0.191931 0.344292
vn 0.959023 0.200281 0.200403
vn 0.942115 0.196750 0.271494
vn 0.971085 0.202800 0.125964
vn 0.959029 0.200282 0.200375
vn 0.977407 0.204121 0.054871
vn 0.971077 0.202799 0.126024
vn 0.978810 0.204413 -0.012083
vn 0.977421 0.204123 0.054605
vn 0.976245 0.203878 -0.073342
vn 0.978815 0.204415 -0.011628
vn 0.976232 0.203875 -0.073525
vn 0.973519 0.203309 -0.104529
vn 0.973519 0.203309 -0.104532
vn 0.973518 0.203308 -0.104543
vn 0.973519 0.203309 -0.104532
vn 0.973520 0.203309 -0.104514
vn 0.973518 0.203308 -0.104538
vn 0.973518 0.203308 -0.104543
vn 0.973519 0.203309 -0.104528
vn 0.446869 0.093324 0.889719
vn 0.471568 0.098482 0.876313
vn 0.446869 0.093324 0.889719
vn 0.471568 0.098482 0.876313
vn 0.495900 0.103563 0.862182
vn 0.495904 0.103564 0.862179
vn -0.608024 -0.126979 0.783698
vn -0.608027 -0.126980 0.783696
vn -0.608020 -0.126978 0.783702
vn -0.608012 -0.126977 0.783708
vn -0.608033 -0.126981 0.783691
vn -0.608035 -0.126982 0.783689
vn -0.608028 -0.126980 0.783695
vn -0.608040 -0.126983 0.783686
vn -0.581214 -0.121380 0.804647
vn -0.524684 -0.109575 0.844215
vn -0.580902 -0.121315 0.804882
vn -0.466742 -0.097474 0.879005
vn -0.524879 -0.109615 0.844089
vn -0.404347 -0.084443 0.910699
vn -0.466755 -0.097477 0.878999
vn -0.336368 -0.070247 0.939107
vn -0.404334 -0.084441 0.910705
vn -0.277751 -0.058005 0.958900
vn -0.336387 -0.070251 0.939100
vn -0.227165 -0.047441 0.972700
vn -0.277701 -0.057995 0.958915
vn -0.176302 -0.036819 0.983647
vn -0.227267 -0.047462 0.972675
vn -0.176282 -0.036815 0.983651
vn -0.126850 -0.026491 0.991568
vn -0.126882 -0.026498 0.991564
vn -0.078051 -0.016300 0.996816
vn -0.078011 -0.016292 0.996819
vn -0.027817 -0.005809 0.999596
vn -0.027823 -0.005811 0.999596
vn 0.019516 0.004076 0.999801
vn 0.019510 0.004074 0.999801
vn 0.092202 0.019255 0.995554
vn 0.092219 0.019259 0.995552
vn 0.184594 0.038550 0.982058
vn 0.184588 0.038549 0.982060
vn 0.274697 0.057367 0.959818
vn 0.274673 0.057362 0.959825
vn 0.360535 0.075294 0.929702
vn 0.360478 0.075282 0.929725
vn 0.438498 0.091576 0.894054
vn 0.438505 0.091577 0.894051
vn 0.507619 0.106011 0.855035
vn 0.507724 0.106033 0.854970
vn 0.567613 0.118540 0.814717
vn 0.567657 0.118549 0.814685
vn 0.619819 0.129442 0.773996
vn 0.619825 0.129443 0.773991
vn 0.665639 0.139011 0.733213
vn 0.665535 0.138990 0.733311
vn 0.705519 0.147340 0.693205
vn 0.705333 0.147301 0.693403
vn 0.739365 0.154408 0.655361
vn 0.769116 0.160622 0.618596
vn 0.739440 0.154424 0.655273
vn 0.806242 0.168375 0.567118
vn 0.769151 0.160629 0.618551
vn 0.846479 0.176778 0.502218
vn 0.806372 0.168402 0.566926
vn 0.880134 0.183806 0.437698
vn 0.846339 0.176749 0.502465
vn 0.909773 0.189996 0.369072
vn 0.880222 0.183825 0.437513
vn 0.933371 0.194924 0.301370
vn 0.909753 0.189992 0.369125
vn 0.950955 0.198596 0.237159
vn 0.933446 0.194939 0.301127
vn 0.963496 0.201215 0.176600
vn 0.950893 0.198583 0.237419
vn 0.963528 0.201222 0.176421
vn 0.968382 0.202236 0.146071
vn 0.968381 0.202236 0.146077
vn 0.968380 0.202236 0.146085
vn 0.968381 0.202236 0.146077
vn 0.968380 0.202235 0.146086
vn 0.968378 0.202235 0.146102
vn 0.968380 0.202235 0.146083
vn 0.968380 0.202235 0.146085
vn 0.216245 0.045160 0.975294
vn 0.216250 0.045161 0.975293
vn 0.243425 0.050837 0.968587
vn 0.243428 0.050837 0.968586
vn 0.270432 0.056477 0.961081
vn 0.270429 0.056476 0.961082
vn -0.779710 -0.162833 0.604597
vn -0.779700 -0.162832 0.604611
vn -0.779717 -0.162836 0.604588
vn -0.779714 -0.162835 0.604592
vn -0.779714 -0.162835 0.604591
vn -0.779716 -0.162835 0.604588
vn -0.779686 -0.162829 0.604629
vn -0.779697 -0.162831 0.604614
vn -0.758636 -0.158432 0.631958
vn -0.713897 -0.149089 0.684195
vn -0.758664 -0.158438 0.631922
vn -0.665889 -0.139064 0.732976
vn -0.713666 -0.149041 0.684447
vn -0.613268 -0.128074 0.779422
vn -0.666078 -0.139103 0.732796
vn -0.554946 -0.115894 0.823774
vn -0.613166 -0.128053 0.779506
vn -0.501732 -0.104781 0.858654
vn -0.554890 -0.115883 0.823813
vn -0.457376 -0.095518 0.884129
vn -0.501759 -0.104787 0.858637
vn -0.410805 -0.085792 0.907678
vn -0.457374 -0.095518 0.884130
vn -0.410858 -0.085803 0.907653
vn -0.363979 -0.076013 0.928300
vn -0.363975 -0.076012 0.928302
vn -0.317591 -0.066325 0.945905
vn -0.317581 -0.066323 0.945909
vn -0.270595 -0.056511 0.961033
vn -0.270638 -0.056520 0.961021
vn -0.224353 -0.046854 0.973381
vn -0.224354 -0.046854 0.973381
vn -0.153188 -0.031992 0.987679
vn -0.153175 -0.031989 0.987681
vn -0.060031 -0.012537 0.998118
vn -0.060029 -0.012536 0.998118
vn 0.031909 0.006664 0.999469
vn 0.031914 0.006665 0.999468
vn 0.123096 0.025707 0.992062
vn 0.123078 0.025703 0.992064
vn 0.206847 0.043198 0.977419
vn 0.206850 0.043198 0.977418
vn 0.283295 0.059163 0.957206
vn 0.283361 0.059177 0.957186
vn 0.351794 0.073468 0.933190
vn 0.351649 0.073438 0.933247
vn 0.411926 0.086026 0.907148
vn 0.411995 0.086041 0.907115
vn 0.466799 0.097486 0.878974
vn 0.466727 0.097471 0.879014
vn 0.513674 0.107275 0.851253
vn 0.513794 0.107300 0.851177
vn 0.557162 0.116357 0.822212
vn 0.594398 0.124134 0.794532
vn 0.557130 0.116350 0.822234
vn 0.642680 0.134217 0.754287
vn 0.594317 0.124117 0.794596
vn 0.697751 0.145717 0.701363
vn 0.642804 0.134242 0.754176
vn 0.745934 0.155780 0.647545
vn 0.697605 0.145687 0.701515
vn 0.791292 0.165253 0.588684
vn 0.745948 0.155783 0.647528
vn 0.830863 0.173517 0.528732
vn 0.791349 0.165264 0.588604
vn 0.863236 0.180277 0.471512
vn 0.830816 0.173507 0.528810
vn 0.890205 0.185909 0.415901
vn 0.863314 0.180293 0.471364
vn 0.890180 0.185904 0.415956
vn 0.902392 0.188454 0.387523
vn 0.902393 0.188455 0.387521
vn 0.902401 0.188456 0.387499
vn 0.902401 0.188456 0.387501
vn 0.902394 0.188455 0.387517
vn 0.902392 0.188455 0.387521
vn 0.902393 0.188455 0.387521
vn 0.902395 0.188455 0.387514
vn -0.027962 -0.005840 0.999592
vn -0.000000 0.000000 1.000000
vn -0.027962 -0.005840 0.999592
vn 0.027962 0.005840 0.999592
vn 0.000000 -0.000000 1.000000
vn 0.027962 0.005840 0.999592
vn -0.902393 -0.188455 0.387521
vn -0.902395 -0.188455 0.387516
vn -0.902398 -0.188456 0.387509
vn -0.902399 -0.188456 0.387506
vn -0.902396 -0.188455 0.387513
vn -0.902394 -0.188455 0.387518
vn -0.902392 -0.188454 0.387523
vn -0.902393 -0.188455 0.387520
vn -0.888484 -0.185550 0.419724
vn -0.857994 -0.179182 0.481393
vn -0.888494 -0.185552 0.419700
vn -0.823734 -0.172028 0.540248
vn -0.857960 -0.179175 0.481457
vn -0.783680 -0.163663 0.599216
vn -0.823661 -0.172013 0.540364
vn -0.737931 -0.154109 0.657045
vn -0.783733 -0.163674 0.599144
vn -0.694969 -0.145137 0.704240
vn -0.737872 -0.154097 0.657114
vn -0.658148 -0.137447 0.740237
vn -0.695121 -0.145168 0.704083
vn -0.618913 -0.129253 0.774752
vn -0.658125 -0.137442 0.740257
vn -0.618981 -0.129267 0.774695
vn -0.578464 -0.120806 0.806713
vn -0.578236 -0.120758 0.806883
vn -0.537825 -0.112319 0.835541
vn -0.538046 -0.112365 0.835393
vn -0.496310 -0.103649 0.861936
vn -0.496265 -0.103639 0.861963
vn -0.454261 -0.094867 0.885803
vn -0.454155 -0.094845 0.885860
vn -0.389127 -0.081265 0.917593
vn -0.389193 -0.081279 0.917563
vn -0.300789 -0.062816 0.951620
vn -0.300739 -0.062806 0.951636
vn -0.211961 -0.044266 0.976275
vn -0.211996 -0.044273 0.976267
vn -0.122522 -0.025587 0.992136
vn -0.122504 -0.025584 0.992138
vn -0.037547 -0.007841 0.999264
vn -0.037548 -0.007841 0.999264
vn 0.041663 0.008701 0.999094
vn 0.041673 0.008703 0.999093
vn 0.112966 0.023592 0.993319
vn 0.112937 0.023586 0.993322
vn 0.178663 0.037312 0.983203
vn 0.178654 0.037310 0.983204
vn 0.237469 0.049593 0.970128
vn 0.237533 0.049606 0.970112
vn 0.290820 0.060735 0.954848
vn 0.290783 0.060727 0.954860
vn 0.338893 0.070774 0.938159
vn 0.381841 0.079743 0.920782
vn 0.338943 0.070784 0.938140
vn 0.439804 0.091848 0.893385
vn 0.381763 0.079727 0.920815
vn 0.504617 0.105384 0.856887
vn 0.439853 0.091858 0.893360
vn 0.504557 0.105371 0.856924
vn 0.564913 0.117976 0.816673
vn 0.622994 0.130105 0.771331
vn 0.564940 0.117981 0.816654
vn 0.676062 0.141188 0.723191
vn 0.622964 0.130099 0.771356
vn 0.721319 0.150639 0.676023
vn 0.676009 0.141177 0.723243
vn 0.761123 0.158952 0.628828
vn 0.721306 0.150637 0.676037
vn 0.761212 0.158971 0.628717
vn 0.779704 0.162833 0.604605
vn 0.779705 0.162833 0.604603
vn 0.779718 0.162835 0.604587
vn 0.779717 0.162835 0.604588
vn 0.779712 0.162834 0.604594
vn 0.779714 0.162835 0.604591
vn 0.779697 0.162831 0.604615
vn 0.779695 0.162831 0.604617
vn -0.270429 -0.056476 0.961082
vn -0.270432 -0.056477 0.961081
vn -0.243426 -0.050837 0.968586
vn -0.243428 -0.050837 0.968586
vn -0.216247 -0.045161 0.975294
vn -0.216247 -0.045161 0.975294
vn -0.968381 -0.202236 0.146078
vn -0.968381 -0.202236 0.146081
vn -0.968381 -0.202236 0.146077
vn -0.968380 -0.202235 0.146083
vn -0.968379 -0.202235 0.146092
vn -0.968380 -0.202236 0.146088
vn -0.968380 -0.202235 0.146085
vn -0.968381 -0.202236 0.146081
vn -0.962763 -0.201062 0.180725
vn -0.948247 -0.198031 0.248216
vn -0.962740 -0.201058 0.180850
vn -0.929253 -0.194064 0.314370
vn -0.948258 -0.198033 0.248171
vn -0.905023 -0.189004 0.381065
vn -0.929318 -0.194078 0.314168
vn -0.874616 -0.182654 0.449093
vn -0.904888 -0.188976 0.381399
vn -0.844725 -0.176411 0.505290
vn -0.874698 -0.182671 0.448926
vn -0.817550 -0.170736 0.549965
vn -0.844663 -0.176399 0.505398
vn -0.787974 -0.164560 0.593310
vn -0.817548 -0.170736 0.549968
vn -0.788140 -0.164594 0.593080
vn -0.756985 -0.158088 0.634020
vn -0.756876 -0.158065 0.634157
vn -0.724057 -0.151211 0.672961
vn -0.724040 -0.151208 0.672980
vn -0.690691 -0.144243 0.708619
vn -0.690771 -0.144260 0.708537
vn -0.655088 -0.136808 0.743063
vn -0.654960 -0.136781 0.743181
vn -0.600416 -0.125390 0.789796
vn -0.600449 -0.125397 0.789770
vn -0.523356 -0.109297 0.845076
vn -0.523330 -0.109292 0.845092
vn -0.442813 -0.092477 0.891832
vn -0.442880 -0.092490 0.891798
vn -0.360486 -0.075283 0.929721
vn -0.360486 -0.075283 0.929721
vn -0.278838 -0.058232 0.958571
vn -0.278800 -0.058224 0.958583
vn -0.203464 -0.042491 0.978160
vn -0.203449 -0.042488 0.978163
vn -0.131898 -0.027545 0.990880
vn -0.131910 -0.027548 0.990879
vn -0.067004 -0.013993 0.997655
vn -0.067003 -0.013993 0.997655
vn -0.005418 -0.001132 0.999985
vn -0.005418 -0.001132 0.999985
vn 0.049286 0.010293 0.998732
vn 0.049279 0.010291 0.998732
vn 0.100057 0.020896 0.994762
vn 0.145635 0.030414 0.988871
vn 0.100072 0.020899 0.994761
vn 0.207798 0.043396 0.977209
vn 0.145652 0.030418 0.988868
vn 0.280414 0.058561 0.958091
vn 0.207791 0.043395 0.977210
vn 0.348251 0.072728 0.934576
vn 0.280428 0.058564 0.958087
vn 0.416145 0.086907 0.905136
vn 0.348260 0.072730 0.934572
vn 0.478326 0.099893 0.872482
vn 0.416122 0.086902 0.905147
vn 0.534415 0.111607 0.837821
vn 0.478359 0.099900 0.872463
vn 0.584006 0.121963 0.802535
vn 0.534388 0.111601 0.837839
vn 0.584008 0.121963 0.802533
vn 0.608023 0.126979 0.783699
vn 0.608024 0.126979 0.783698
vn 0.608016 0.126978 0.783704
vn 0.608019 0.126978 0.783702
vn 0.608035 0.126981 0.783690
vn 0.608033 0.126981 0.783691
vn 0.608035 0.126981 0.783689
vn 0.608033 0.126981 0.783691
vn -0.495909 -0.103565 0.862177
vn -0.495905 -0.103564 0.862179
vn -0.471568 -0.098482 0.876313
vn -0.471568 -0.098482 0.876313
vn -0.446869 -0.093323 0.889719
vn -0.446869 -0.093323 0.889719
vn -0.973519 -0.203309 -0.104532
vn -0.973518 -0.203309 -0.104538
vn -0.973519 -0.203309 -0.104532
vn -0.973519 -0.203309 -0.104526
vn -0.973520 -0.203309 -0.104519
vn -0.973519 -0.203309 -0.104532
vn -0.973519 -0.203308 -0.104528
vn -0.973519 -0.203308 -0.104532
vn -0.976506 -0.203932 -0.069630
vn -0.978881 -0.204428 -0.000253
vn -0.976514 -0.203934 -0.069501
vn -0.976623 -0.203957 0.067897
vn -0.978881 -0.204428 -0.000333
vn -0.969297 -0.202427 0.139591
vn -0.976601 -0.203952 0.068222
vn -0.956479 -0.199750 0.212717
vn -0.969309 -0.202429 0.139509
vn -0.941276 -0.196575 0.274515
vn -0.956491 -0.199752 0.212661
vn -0.925554 -0.193292 0.325558
vn -0.941302 -0.196580 0.274419
vn -0.907814 -0.189587 0.374073
vn -0.925616 -0.193304 0.325373
vn -0.907702 -0.189564 0.374356
vn -0.887626 -0.185371 0.421612
vn -0.887606 -0.185367 0.421656
vn -0.865336 -0.180716 0.467478
vn -0.865339 -0.180717 0.467471
vn -0.841008 -0.175635 0.511720
vn -0.841079 -0.175650 0.511599
vn -0.815835 -0.170378 0.552617
vn -0.815716 -0.170353 0.552800
vn -0.773604 -0.161559 0.612728
vn -0.773637 -0.161566 0.612684
vn -0.712533 -0.148805 0.685678
vn -0.712504 -0.148799 0.685709
vn -0.646131 -0.134937 0.751203
vn -0.646214 -0.134954 0.751129
vn -0.575316 -0.120148 0.809059
vn -0.575316 -0.120148 0.809059
vn -0.504024 -0.105260 0.857252
vn -0.503963 -0.105247 0.857289
vn -0.434763 -0.090795 0.895956
vn -0.434790 -0.090801 0.895942
vn -0.369142 -0.077091 0.926170
vn -0.369120 -0.077087 0.926179
vn -0.307675 -0.064255 0.949319
vn -0.307669 -0.064253 0.949321
vn -0.249227 -0.052048 0.967045
vn -0.249230 -0.052049 0.967045
vn -0.195173 -0.040760 0.979921
vn -0.195194 -0.040764 0.979917
vn -0.145288 -0.030342 0.988924
vn -0.099810 -0.020844 0.994788
vn -0.145272 -0.030338 0.988927
vn -0.035911 -0.007500 0.999327
vn -0.099817 -0.020846 0.994787
vn 0.037752 0.007884 0.999256
vn -0.035915 -0.007500 0.999327
vn 0.110358 0.023047 0.993625
vn 0.037747 0.007883 0.999256
vn 0.182279 0.038067 0.982510
vn 0.110365 0.023048 0.993624
vn 0.251152 0.052450 0.966526
vn 0.182268 0.038065 0.982512
vn 0.313281 0.065425 0.947404
vn 0.251126 0.052445 0.966533
vn 0.370424 0.077359 0.925636
vn 0.313274 0.065424 0.947407
vn 0.370413 0.077357 0.925640
vn 0.398141 0.083147 0.913548
vn 0.398142 0.083148 0.913548
vn 0.398151 0.083149 0.913544
vn 0.398150 0.083149 0.913544
vn 0.398152 0.083150 0.913543
vn 0.398155 0.083150 0.913542
vn 0.398128 0.083145 0.913554
vn 0.398130 0.083145 0.913553
vn -0.690210 -0.144143 0.709108
vn -0.690210 -0.144143 0.709108
vn -0.670089 -0.139941 0.728970
vn -0.670089 -0.139941 0.728970
vn -0.649410 -0.135622 0.748247
vn -0.649410 -0.135622 0.748247
vn -0.917492 -0.191608 -0.348562
vn -0.917492 -0.191608 -0.348560
vn -0.917485 -0.191607 -0.348579
vn -0.917488 -0.191607 -0.348573
vn -0.917491 -0.191608 -0.348563
vn -0.917490 -0.191608 -0.348567
vn -0.917487 -0.191607 -0.348574
vn -0.917486 -0.191607 -0.348577
vn -0.928838 -0.193977 -0.315648
vn -0.948082 -0.197996 -0.248873
vn -0.928820 -0.193974 -0.315702
vn -0.962478 -0.201003 -0.182299
vn -0.948147 -0.198010 -0.248613
vn -0.972837 -0.203166 -0.110959
vn -0.962473 -0.201002 -0.182329
vn -0.972825 -0.203164 -0.111070
vn -0.978211 -0.204289 -0.037010
vn -0.978215 -0.204289 -0.036888
vn -0.978524 -0.204353 0.027036
vn -0.978537 -0.204357 0.026517
vn -0.975763 -0.203777 0.079763
vn -0.975743 -0.203773 0.080018
vn -0.970342 -0.202645 0.131802
vn -0.970324 -0.202641 0.131941
vn -0.962313 -0.200968 0.183208
vn -0.962361 -0.200978 0.182946
vn -0.951936 -0.198801 0.233013
vn -0.951935 -0.198801 0.233021
vn -0.939359 -0.196175 0.281282
vn -0.939316 -0.196166 0.281432
vn -0.924505 -0.193072 0.328655
vn -0.924585 -0.193089 0.328420
vn -0.898532 -0.187649 0.396772
vn -0.898556 -0.187654 0.396716
vn -0.857150 -0.179006 0.482961
vn -0.857058 -0.178987 0.483131
vn -0.808661 -0.168880 0.563513
vn -0.808649 -0.168877 0.563532
vn -0.754301 -0.157527 0.637350
vn -0.754371 -0.157542 0.637264
vn -0.696470 -0.145450 0.702691
vn -0.696478 -0.145452 0.702682
vn -0.639472 -0.133547 0.757126
vn -0.639506 -0.133554 0.757097
vn -0.582946 -0.121742 0.803338
vn -0.582917 -0.121736 0.803361
vn -0.528724 -0.110418 0.841581
vn -0.528622 -0.110397 0.841648
vn -0.477430 -0.099706 0.872994
vn -0.477529 -0.099727 0.872938
vn -0.426986 -0.089171 0.899851
vn -0.427014 -0.089177 0.899837
vn -0.381984 -0.079773 0.920720
vn -0.338136 -0.070616 0.938444
vn -0.381959 -0.079768 0.920730
vn -0.278377 -0.058136 0.958711
vn -0.338159 -0.070621 0.938435
vn -0.206444 -0.043113 0.977508
vn -0.278367 -0.058134 0.958714
vn -0.206461 -0.043117 0.977504
vn -0.135736 -0.028347 0.990340
vn -0.135717 -0.028343 0.990342
vn -0.061985 -0.012945 0.997993
vn -0.061992 -0.012946 0.997993
vn 0.007496 0.001565 0.999971
vn 0.007496 0.001565 0.999971
vn 0.073160 0.015279 0.997203
vn 0.133507 0.027881 0.990656
vn 0.073145 0.015276 0.997204
vn 0.133531 0.027887 0.990652
vn 0.163252 0.034093 0.985995
vn 0.163252 0.034093 0.985995
vn 0.163235 0.034090 0.985998
vn 0.163236 0.034090 0.985998
vn 0.163237 0.034090 0.985998
vn 0.163235 0.034090 0.985998
vn 0.163257 0.034094 0.985994
vn 0.163258 0.034095 0.985994
vn -0.841157 -0.175666 0.511465
vn -0.826491 -0.172603 0.535837
vn -0.841157 -0.175666 0.511465
vn -0.826491 -0.172603 0.535837
vn -0.811167 -0.169403 0.559741
vn -0.811167 -0.169403 0.559741
vn -0.803805 -0.167866 -0.570718
vn -0.803806 -0.167866 -0.570716
vn -0.803816 -0.167868 -0.570702
vn -0.803815 -0.167868 -0.570703
vn -0.803806 -0.167866 -0.570717
vn -0.803798 -0.167864 -0.570728
vn -0.803808 -0.167866 -0.570714
vn -0.803801 -0.167865 -0.570724
vn -0.822940 -0.171862 -0.541511
vn -0.857799 -0.179142 -0.481756
vn -0.822926 -0.171859 -0.541532
vn -0.887823 -0.185412 -0.421179
vn -0.857685 -0.179118 -0.481968
vn -0.915203 -0.191130 -0.354787
vn -0.887885 -0.185425 -0.421044
vn -0.938458 -0.195986 -0.284404
vn -0.915166 -0.191122 -0.354885
vn -0.954355 -0.199307 -0.222450
vn -0.938531 -0.196002 -0.284153
vn -0.964521 -0.201429 -0.170662
vn -0.954297 -0.199294 -0.222707
vn -0.971983 -0.202988 -0.118516
vn -0.964522 -0.201430 -0.170658
vn -0.971991 -0.202990 -0.118445
vn -0.976660 -0.203965 -0.067337
vn -0.976663 -0.203965 -0.067284
vn -0.978755 -0.204402 -0.016103
vn -0.978754 -0.204402 -0.016112
vn -0.978318 -0.204311 0.033936
vn -0.978323 -0.204312 0.033772
vn -0.975499 -0.203722 0.083065
vn -0.975477 -0.203718 0.083326
vn -0.966873 -0.201921 0.156155
vn -0.966901 -0.201926 0.155974
vn -0.947758 -0.197929 0.250157
vn -0.947750 -0.197927 0.250190
vn -0.920457 -0.192227 0.340304
vn -0.920421 -0.192220 0.340406
vn -0.885661 -0.184960 0.425905
vn -0.885716 -0.184972 0.425786
vn -0.845838 -0.176644 0.503343
vn -0.845778 -0.176631 0.503449
vn -0.803814 -0.167868 0.570704
vn -0.803846 -0.167874 0.570658
vn -0.760244 -0.158769 0.629937
vn -0.760290 -0.158778 0.629880
vn -0.716722 -0.149679 0.681106
vn -0.716712 -0.149677 0.681118
vn -0.674482 -0.140858 0.724730
vn -0.674506 -0.140863 0.724706
vn -0.633668 -0.132334 0.762202
vn -0.633583 -0.132317 0.762276
vn -0.593881 -0.124025 0.794936
vn -0.555734 -0.116059 0.823219
vn -0.593849 -0.124019 0.794961
vn -0.503317 -0.105112 0.857685
vn -0.555655 -0.116042 0.823275
vn -0.437593 -0.091387 0.894517
vn -0.503370 -0.105123 0.857652
vn -0.372297 -0.077750 0.924851
vn -0.437615 -0.091391 0.894506
vn -0.303283 -0.063337 0.950793
vn -0.372248 -0.077740 0.924872
vn -0.236086 -0.049304 0.970481
vn -0.303319 -0.063345 0.950781
vn -0.171311 -0.035776 0.984567
vn -0.236097 -0.049306 0.970478
vn -0.112825 -0.023562 0.993335
vn -0.171276 -0.035769 0.984574
vn -0.112846 -0.023567 0.993333
vn -0.081931 -0.017110 0.996491
vn -0.081931 -0.017110 0.996491
vn -0.081891 -0.017102 0.996494
vn -0.081892 -0.017102 0.996495
vn -0.081922 -0.017108 0.996492
vn -0.081900 -0.017104 0.996494
vn -0.081921 -0.017108 0.996492
vn -0.081900 -0.017104 0.996494
vn -0.939238 -0.196149 0.281705
vn -0.930971 -0.194423 0.309019
vn -0.939235 -0.196149 0.281714
vn -0.930974 -0.194423 0.309011
vn -0.921945 -0.192538 0.336074
vn -0.921945 -0.192538 0.336074
vn -0.639622 -0.133578 -0.756994
vn -0.639624 -0.133578 -0.756993
vn -0.639600 -0.133573 -0.757014
vn -0.639603 -0.133574 -0.757012
vn -0.639630 -0.133580 -0.756987
vn -0.639628 -0.133579 -0.756989
vn -0.639619 -0.133577 -0.756997
vn -0.639618 -0.133577 -0.756998
vn -0.665336 -0.138948 -0.733499
vn -0.713475 -0.149001 -0.684655
vn -0.665307 -0.138942 -0.733527
vn -0.757549 -0.158206 -0.633317
vn -0.713611 -0.149030 -0.684507
vn -0.799960 -0.167063 -0.576328
vn -0.757534 -0.158203 -0.633335
vn -0.839889 -0.175402 -0.513635
vn -0.799908 -0.167052 -0.576404
vn -0.869979 -0.181685 -0.458397
vn -0.839799 -0.175382 -0.513789
vn -0.892696 -0.186430 -0.410290
vn -0.870136 -0.181718 -0.458085
vn -0.912642 -0.190595 -0.361604
vn -0.892697 -0.186430 -0.410287
vn -0.912680 -0.190603 -0.361505
vn -0.929610 -0.194139 -0.313265
vn -0.929613 -0.194140 -0.313255
vn -0.944067 -0.197158 -0.264321
vn -0.944010 -0.197146 -0.264534
vn -0.955818 -0.199612 -0.215793
vn -0.955830 -0.199615 -0.215736
vn -0.965163 -0.201564 -0.166831
vn -0.965089 -0.201548 -0.167278
vn -0.974488 -0.203511 -0.094644
vn -0.974517 -0.203517 -0.094328
vn -0.978880 -0.204428 0.001642
vn -0.978881 -0.204428 0.001420
vn -0.974390 -0.203490 0.095681
vn -0.974382 -0.203489 0.095772
vn -0.961525 -0.200804 0.187477
vn -0.961547 -0.200808 0.187359
vn -0.941810 -0.196686 0.272596
vn -0.941814 -0.196687 0.272580
vn -0.917392 -0.191587 0.348837
vn -0.917312 -0.191570 0.349056
vn -0.889609 -0.185785 0.417228
vn -0.889703 -0.185804 0.417019
vn -0.860215 -0.179646 0.477240
vn -0.860206 -0.179644 0.477256
vn -0.829814 -0.173297 0.530450
vn -0.829752 -0.173285 0.530550
vn -0.799202 -0.166904 0.577425
vn -0.799120 -0.166888 0.577542
vn -0.768385 -0.160469 0.619543
vn -0.738777 -0.154285 0.656052
vn -0.768566 -0.160506 0.619309
vn -0.696389 -0.145433 0.702774
vn -0.738837 -0.154298 0.655982
vn -0.641762 -0.134025 0.755102
vn -0.696371 -0.145429 0.702793
vn -0.585505 -0.122276 0.801394
vn -0.641711 -0.134014 0.755147
vn -0.525396 -0.109723 0.843753
vn -0.585519 -0.122279 0.801384
vn -0.464672 -0.097042 0.880149
vn -0.525369 -0.109717 0.843771
vn -0.406301 -0.084851 0.909791
vn -0.464705 -0.097048 0.880131
vn -0.350580 -0.073215 0.933667
vn -0.406212 -0.084833 0.909832
vn -0.350570 -0.073213 0.933671
vn -0.321929 -0.067231 0.944374
vn -0.321927 -0.067231 0.944375
vn -0.321912 -0.067228 0.944380
vn -0.321914 -0.067228 0.944379
vn -0.321939 -0.067233 0.944370
vn -0.321935 -0.067233 0.944371
vn -0.321894 -0.067224 0.944386
vn -0.321898 -0.067225 0.944385
vn -0.978307 -0.204308 0.034246
vn -0.976950 -0.204025 0.062790
vn -0.978307 -0.204309 0.034255
vn -0.976950 -0.204025 0.062781
vn -0.974795 -0.203575 0.091280
vn -0.974794 -0.203575 0.091289
vn -0.435236 -0.090894 -0.895716
vn -0.435237 -0.090894 -0.895716
vn -0.435263 -0.090900 -0.895703
vn -0.435266 -0.090900 -0.895701
vn -0.435249 -0.090897 -0.895710
vn -0.435245 -0.090896 -0.895712
vn -0.435251 -0.090897 -0.895709
vn -0.435243 -0.090896 -0.895713
vn -0.465735 -0.097264 -0.879563
vn -0.524063 -0.109445 -0.844618
vn -0.465645 -0.097245 -0.879613
vn -0.579477 -0.121017 -0.805954
vn -0.524028 -0.109437 -0.844641
vn -0.634620 -0.132533 -0.761375
vn -0.579538 -0.121030 -0.805908
vn -0.688639 -0.143815 -0.710699
vn -0.634666 -0.132543 -0.761336
vn -0.730871 -0.152634 -0.665230
vn -0.688522 -0.143790 -0.710817
vn -0.765081 -0.159779 -0.623796
vn -0.731062 -0.152674 -0.665010
vn -0.795591 -0.166150 -0.582605
vn -0.765083 -0.159779 -0.623794
vn -0.795525 -0.166137 -0.582699
vn -0.824356 -0.172158 -0.539257
vn -0.824265 -0.172138 -0.539403
vn -0.850012 -0.177515 -0.495952
vn -0.850119 -0.177538 -0.495759
vn -0.873223 -0.182363 -0.451914
vn -0.873158 -0.182349 -0.452044
vn -0.894185 -0.186741 -0.406892
vn -0.894183 -0.186740 -0.406898
vn -0.920869 -0.192313 -0.339139
vn -0.920933 -0.192327 -0.338959
vn -0.948474 -0.198079 -0.247310
vn -0.948455 -0.198074 -0.247387
vn -0.967093 -0.201967 -0.154725
vn -0.967089 -0.201966 -0.154752
vn -0.976952 -0.204026 -0.062755
vn -0.976943 -0.204024 -0.062900
vn -0.978579 -0.204365 0.024839
vn -0.978580 -0.204365 0.024822
vn -0.973465 -0.203297 0.105052
vn -0.973472 -0.203299 0.104984
vn -0.963327 -0.201180 0.177563
vn -0.963283 -0.201171 0.177807
vn -0.949390 -0.198270 0.243615
vn -0.949385 -0.198269 0.243636
vn -0.932749 -0.194794 0.303372
vn -0.932816 -0.194808 0.303156
vn -0.914624 -0.191009 0.356340
vn -0.914567 -0.190997 0.356494
vn -0.895244 -0.186962 0.404453
vn -0.875302 -0.182797 0.447695
vn -0.895219 -0.186957 0.404511
vn -0.845388 -0.176550 0.504133
vn -0.875235 -0.182783 0.447833
vn -0.805512 -0.168222 0.568201
vn -0.845429 -0.176558 0.504061
vn -0.762345 -0.159207 0.627282
vn -0.805625 -0.168246 0.568033
vn -0.714267 -0.149167 0.683792
vn -0.762291 -0.159196 0.627351
vn -0.664243 -0.138720 0.734533
vn -0.714238 -0.149161 0.683824
vn -0.614627 -0.128358 0.778304
vn -0.664282 -0.138728 0.734496
vn -0.566866 -0.118383 0.815260
vn -0.614702 -0.128373 0.778243
vn -0.566669 -0.118343 0.815403
vn -0.541716 -0.113131 0.832913
vn -0.541718 -0.113132 0.832913
vn -0.541706 -0.113129 0.832920
vn -0.541704 -0.113129 0.832922
vn -0.541689 -0.113126 0.832932
vn -0.541718 -0.113132 0.832912
vn -0.541692 -0.113126 0.832930
vn -0.541721 -0.113132 0.832910
vn -0.955907 -0.199630 -0.215381
vn -0.955909 -0.199631 -0.215372
vn -0.961542 -0.200808 -0.187383
vn -0.961542 -0.200808 -0.187383
vn -0.966392 -0.201820 -0.159232
vn -0.966391 -0.201820 -0.159241
vn -0.203512 -0.042501 -0.978150
vn -0.203514 -0.042502 -0.978149
vn -0.203533 -0.042506 -0.978145
vn -0.203531 -0.042505 -0.978145
vn -0.203527 -0.042504 -0.978146
vn -0.203526 -0.042504 -0.978146
vn -0.203500 -0.042499 -0.978152
vn -0.203503 -0.042499 -0.978151
vn -0.237017 -0.049498 -0.970244
vn -0.302206 -0.063112 -0.951151
vn -0.237010 -0.049497 -0.970246
vn -0.365559 -0.076343 -0.927652
vn -0.302173 -0.063106 -0.951162
vn -0.429219 -0.089638 -0.898742
vn -0.365560 -0.076343 -0.927652
vn -0.493492 -0.103060 -0.863623
vn -0.429233 -0.089641 -0.898735
vn -0.546487 -0.114128 -0.829655
vn -0.493544 -0.103071 -0.863592
vn -0.588742 -0.122952 -0.798915
vn -0.546346 -0.114098 -0.829752
vn -0.629211 -0.131404 -0.766046
vn -0.588763 -0.122957 -0.798899
vn -0.629143 -0.131389 -0.766105
vn -0.667261 -0.139350 -0.731672
vn -0.667267 -0.139351 -0.731667
vn -0.702396 -0.146687 -0.696508
vn -0.702521 -0.146714 -0.696376
vn -0.736035 -0.153713 -0.659260
vn -0.735956 -0.153696 -0.659353
vn -0.766723 -0.160122 -0.621689
vn -0.766849 -0.160148 -0.621527
vn -0.809462 -0.169047 -0.562312
vn -0.809440 -0.169043 -0.562345
vn -0.858502 -0.179289 -0.480448
vn -0.858516 -0.179292 -0.480421
vn -0.898961 -0.187738 -0.395757
vn -0.898951 -0.187736 -0.395780
vn -0.930992 -0.194427 -0.308952
vn -0.930992 -0.194427 -0.308952
vn -0.953872 -0.199206 -0.224602
vn -0.953868 -0.199205 -0.224618
vn -0.968442 -0.202249 -0.145652
vn -0.968453 -0.202251 -0.145577
vn -0.976311 -0.203892 -0.072428
vn -0.976293 -0.203888 -0.072680
vn -0.978869 -0.204426 -0.005131
vn -0.978869 -0.204426 -0.005110
vn -0.977308 -0.204100 0.056671
vn -0.977311 -0.204100 0.056622
vn -0.972619 -0.203120 0.112940
vn -0.972604 -0.203117 0.113073
vn -0.965568 -0.201648 0.164364
vn -0.956849 -0.199827 0.210971
vn -0.965550 -0.201645 0.164474
vn -0.941591 -0.196641 0.273384
vn -0.956923 -0.199843 0.210620
vn -0.918391 -0.191796 0.346080
vn -0.941547 -0.196632 0.273542
vn -0.891160 -0.186109 0.413760
vn -0.918460 -0.191810 0.345891
vn -0.858241 -0.179234 0.480934
vn -0.891118 -0.186100 0.413854
vn -0.822199 -0.171707 0.542684
vn -0.858216 -0.179229 0.480981
vn -0.785061 -0.163951 0.597327
vn -0.822304 -0.171729 0.542517
vn -0.747524 -0.156112 0.645629
vn -0.784965 -0.163931 0.597458
vn -0.747509 -0.156109 0.645647
vn -0.727459 -0.151922 0.669121
vn -0.727448 -0.151919 0.669133
vn -0.727460 -0.151922 0.669120
vn -0.727451 -0.151920 0.669130
vn -0.727452 -0.151920 0.669129
vn -0.727446 -0.151919 0.669136
vn -0.727450 -0.151920 0.669132
vn -0.727444 -0.151919 0.669138
vn -0.873447 -0.182410 -0.451462
vn -0.873447 -0.182410 -0.451462
vn -0.885720 -0.184973 -0.425775
vn -0.885720 -0.184973 -0.425775
vn -0.897267 -0.187384 -0.399749
vn -0.897267 -0.187384 -0.399749
vn 0.040984 0.008559 -0.999123
vn 0.040984 0.008559 -0.999123
vn 0.041005 0.008563 -0.999122
vn 0.041005 0.008563 -0.999122
vn 0.040981 0.008558 -0.999123
vn 0.040991 0.008561 -0.999123
vn 0.040980 0.008558 -0.999123
vn 0.040992 0.008561 -0.999123
vn 0.006838 0.001428 -0.999976
vn -0.060911 -0.012721 -0.998062
vn 0.006838 0.001428 -0.999976
vn -0.128346 -0.026804 -0.991367
vn -0.060896 -0.012717 -0.998063
vn -0.196830 -0.041106 -0.979576
vn -0.128343 -0.026803 -0.991368
vn -0.268386 -0.056049 -0.961680
vn -0.196843 -0.041108 -0.979573
vn -0.326654 -0.068218 -0.942679
vn -0.268410 -0.056054 -0.961672
vn -0.376552 -0.078639 -0.923052
vn -0.326571 -0.068201 -0.942709
vn -0.422197 -0.088171 -0.902206
vn -0.376554 -0.078639 -0.923051
vn -0.422322 -0.088197 -0.902145
vn -0.467981 -0.097733 -0.878318
vn -0.467897 -0.097715 -0.878365
vn -0.510605 -0.106634 -0.853178
vn -0.510716 -0.106657 -0.853108
vn -0.552758 -0.115437 -0.825308
vn -0.552683 -0.115422 -0.825360
vn -0.591092 -0.123443 -0.797102
vn -0.591216 -0.123469 -0.797006
vn -0.647109 -0.135142 -0.750324
vn -0.647141 -0.135148 -0.750295
vn -0.714709 -0.149259 -0.683310
vn -0.714601 -0.149236 -0.683428
vn -0.774417 -0.161728 -0.611656
vn -0.774471 -0.161740 -0.611584
vn -0.826556 -0.172617 -0.535731
vn -0.826492 -0.172603 -0.535835
vn -0.869104 -0.181503 -0.460125
vn -0.869161 -0.181515 -0.460013
vn -0.902587 -0.188495 -0.387047
vn -0.902563 -0.188490 -0.387106
vn -0.928018 -0.193806 -0.318153
vn -0.927990 -0.193800 -0.318239
vn -0.946867 -0.197743 -0.253654
vn -0.946872 -0.197744 -0.253634
vn -0.960334 -0.200555 -0.193741
vn -0.960367 -0.200562 -0.193571
vn -0.969612 -0.202493 -0.137295
vn -0.969569 -0.202484 -0.137606
vn -0.975234 -0.203667 -0.086246
vn -0.978145 -0.204275 -0.038791
vn -0.975262 -0.203673 -0.085911
vn -0.978561 -0.204362 0.025581
vn -0.978140 -0.204274 -0.038913
vn -0.973801 -0.203368 0.101748
vn -0.978560 -0.204361 0.025618
vn -0.963877 -0.201295 0.174418
vn -0.973807 -0.203369 0.101694
vn -0.948344 -0.198051 0.247828
vn -0.963882 -0.201296 0.174389
vn -0.928502 -0.193908 0.316676
vn -0.948286 -0.198039 0.248059
vn -0.905944 -0.189196 0.378775
vn -0.928525 -0.193912 0.316605
vn -0.880910 -0.183968 0.436066
vn -0.905935 -0.189195 0.378796
vn -0.881050 -0.183997 0.435771
vn -0.867493 -0.181166 0.463286
vn -0.867491 -0.181166 0.463291
vn -0.867484 -0.181164 0.463305
vn -0.867482 -0.181164 0.463308
vn -0.867493 -0.181166 0.463288
vn -0.867495 -0.181167 0.463283
vn -0.867491 -0.181166 0.463291
vn -0.867486 -0.181165 0.463301
vn -0.736090 -0.153724 -0.659197
vn -0.736085 -0.153723 -0.659202
vn -0.754240 -0.157515 -0.637425
vn -0.754236 -0.157514 -0.637431
vn -0.771771 -0.161176 -0.615136
vn -0.771775 -0.161177 -0.615130
vn 0.282928 0.059086 -0.957320
vn 0.282928 0.059086 -0.957319
vn 0.282913 0.059083 -0.957324
vn 0.282915 0.059084 -0.957323
vn 0.282937 0.059088 -0.957317
vn 0.282936 0.059088 -0.957317
vn 0.282904 0.059081 -0.957327
vn 0.282903 0.059081 -0.957327
vn 0.249931 0.052195 -0.966856
vn 0.184253 0.038479 -0.982125
vn 0.249962 0.052202 -0.966847
vn 0.117462 0.024531 -0.992774
vn 0.184239 0.038476 -0.982128
vn 0.046901 0.009795 -0.998851
vn 0.117458 0.024530 -0.992775
vn -0.025323 -0.005288 -0.999665
vn 0.046905 0.009796 -0.998851
vn -0.087597 -0.018294 -0.995988
vn -0.025321 -0.005288 -0.999665
vn -0.138384 -0.028900 -0.989957
vn -0.087610 -0.018296 -0.995987
vn -0.190531 -0.039790 -0.980874
vn -0.138350 -0.028893 -0.989962
vn -0.190600 -0.039805 -0.980860
vn -0.239215 -0.049957 -0.969681
vn -0.239157 -0.049945 -0.969696
vn -0.286969 -0.059930 -0.956063
vn -0.286979 -0.059932 -0.956060
vn -0.333755 -0.069701 -0.940080
vn -0.333703 -0.069690 -0.940099
vn -0.379362 -0.079226 -0.921850
vn -0.379375 -0.079228 -0.921844
vn -0.444088 -0.092743 -0.891170
vn -0.444060 -0.092737 -0.891185
vn -0.525675 -0.109781 -0.843572
vn -0.525753 -0.109798 -0.843521
vn -0.601277 -0.125570 -0.789112
vn -0.601197 -0.125553 -0.789176
vn -0.670161 -0.139956 -0.728901
vn -0.670232 -0.139971 -0.728832
vn -0.729941 -0.152440 -0.666294
vn -0.729933 -0.152438 -0.666304
vn -0.779928 -0.162879 -0.604303
vn -0.779964 -0.162887 -0.604255
vn -0.821463 -0.171554 -0.543845
vn -0.821421 -0.171545 -0.543912
vn -0.855126 -0.178584 -0.486691
vn -0.855149 -0.178589 -0.486648
vn -0.883175 -0.184441 -0.431259
vn -0.883156 -0.184437 -0.431299
vn -0.905592 -0.189123 -0.379653
vn -0.905567 -0.189118 -0.379713
vn -0.923799 -0.192925 -0.330719
vn -0.937838 -0.195857 -0.286530
vn -0.923820 -0.192930 -0.330658
vn -0.954073 -0.199248 -0.223706
vn -0.937885 -0.195867 -0.286372
vn -0.967964 -0.202148 -0.148936
vn -0.954047 -0.199242 -0.223823
vn -0.976066 -0.203841 -0.075791
vn -0.967984 -0.202153 -0.148801
vn -0.978881 -0.204428 -0.001030
vn -0.976051 -0.203837 -0.075991
vn -0.976418 -0.203914 0.070900
vn -0.978881 -0.204429 -0.000784
vn -0.969647 -0.202500 0.137035
vn -0.976437 -0.203918 0.070634
vn -0.959488 -0.200378 0.198068
vn -0.969639 -0.202498 0.137094
vn -0.959489 -0.200379 0.198063
vn -0.953018 -0.199027 0.228354
vn -0.953018 -0.199027 0.228352
vn -0.953018 -0.199027 0.228354
vn -0.953019 -0.199028 0.228347
vn -0.953019 -0.199027 0.228348
vn -0.953018 -0.199027 0.228350
vn -0.953019 -0.199027 0.228347
vn -0.953018 -0.199027 0.228352
vn -0.552495 -0.115382 -0.825492
vn -0.552495 -0.115382 -0.825492
vn -0.575391 -0.120164 -0.809003
vn -0.575391 -0.120164 -0.809003
vn -0.597753 -0.124834 -0.791901
vn -0.597749 -0.124833 -0.791905
vn 0.507068 0.105896 -0.855376
vn 0.507069 0.105896 -0.855376
vn 0.507101 0.105902 -0.855356
vn 0.507100 0.105902 -0.855356
vn 0.507102 0.105902 -0.855355
vn 0.507065 0.105895 -0.855378
vn 0.507096 0.105901 -0.855359
vn 0.507068 0.105895 -0.855376
vn 0.477722 0.099767 -0.872828
vn 0.417013 0.087089 -0.904719
vn 0.477763 0.099775 -0.872805
vn 0.355461 0.074234 -0.931738
vn 0.416983 0.087082 -0.904733
vn 0.289232 0.060403 -0.955352
vn 0.355462 0.074234 -0.931738
vn 0.218544 0.045641 -0.974759
vn 0.289250 0.060407 -0.955346
vn 0.158230 0.033045 -0.986849
vn 0.218493 0.045630 -0.974771
vn 0.106024 0.022142 -0.994117
vn 0.158291 0.033057 -0.986839
vn 0.054321 0.011344 -0.998459
vn 0.106024 0.022142 -0.994117
vn 0.054302 0.011340 -0.998460
vn 0.004159 0.000868 -0.999991
vn 0.004160 0.000869 -0.999991
vn -0.045366 -0.009474 -0.998926
vn -0.045354 -0.009472 -0.998926
vn -0.094145 -0.019661 -0.995364
vn -0.094155 -0.019663 -0.995363
vn -0.143071 -0.029879 -0.989261
vn -0.143069 -0.029878 -0.989262
vn -0.212974 -0.044477 -0.976045
vn -0.213016 -0.044486 -0.976035
vn -0.304067 -0.063501 -0.950532
vn -0.304002 -0.063487 -0.950553
vn -0.390360 -0.081522 -0.917046
vn -0.390393 -0.081529 -0.917031
vn -0.471412 -0.098449 -0.876401
vn -0.471422 -0.098451 -0.876395
vn -0.544811 -0.113778 -0.830804
vn -0.544731 -0.113761 -0.830859
vn -0.608298 -0.127036 -0.783477
vn -0.608347 -0.127047 -0.783436
vn -0.663146 -0.138491 -0.735566
vn -0.663177 -0.138497 -0.735537
vn -0.710002 -0.148276 -0.688412
vn -0.710013 -0.148278 -0.688401
vn -0.750392 -0.156711 -0.642148
vn -0.750386 -0.156710 -0.642155
vn -0.785037 -0.163946 -0.597360
vn -0.785100 -0.163960 -0.597273
vn -0.813909 -0.169976 -0.555571
vn -0.838826 -0.175179 -0.515445
vn -0.813717 -0.169936 -0.555865
vn -0.869565 -0.181599 -0.459216
vn -0.838921 -0.175199 -0.515284
vn -0.901320 -0.188231 -0.390119
vn -0.869569 -0.181600 -0.459207
vn -0.926878 -0.193568 -0.321603
vn -0.901300 -0.188226 -0.390165
vn -0.947939 -0.197967 -0.249443
vn -0.926920 -0.193577 -0.321476
vn -0.963019 -0.201116 -0.179295
vn -0.947909 -0.197960 -0.249558
vn -0.972539 -0.203104 -0.113648
vn -0.963038 -0.201120 -0.179191
vn -0.977565 -0.204154 -0.051852
vn -0.972542 -0.203105 -0.113624
vn -0.977555 -0.204152 -0.052036
vn -0.978667 -0.204384 -0.020942
vn -0.978667 -0.204384 -0.020936
vn -0.978667 -0.204384 -0.020936
vn -0.978667 -0.204384 -0.020942
vn -0.978667 -0.204384 -0.020942
vn -0.978667 -0.204384 -0.020937
vn -0.978667 -0.204384 -0.020955
vn -0.978667 -0.204384 -0.020950
vn -0.334194 -0.069793 -0.939917
vn -0.334197 -0.069793 -0.939916
vn -0.360364 -0.075258 -0.929771
vn -0.360364 -0.075258 -0.929771
vn -0.386199 -0.080654 -0.918882
vn -0.386203 -0.080654 -0.918881
vn 0.699395 0.146061 -0.699652
vn 0.699396 0.146061 -0.699651
vn 0.699374 0.146056 -0.699673
vn 0.699369 0.146056 -0.699679
vn 0.699385 0.146059 -0.699663
vn 0.699389 0.146060 -0.699658
vn 0.699387 0.146059 -0.699660
vn 0.699391 0.146060 -0.699656
vn 0.674774 0.140919 -0.724446
vn 0.624421 0.130403 -0.770125
vn 0.674667 0.140897 -0.724550
vn 0.571069 0.119262 -0.812193
vn 0.624555 0.130432 -0.770012
vn 0.512442 0.107018 -0.852027
vn 0.570979 0.119243 -0.812258
vn 0.449233 0.093817 -0.888475
vn 0.512393 0.107008 -0.852058
vn 0.393183 0.082112 -0.915787
vn 0.449342 0.093840 -0.888417
vn 0.344420 0.071928 -0.936056
vn 0.393160 0.082107 -0.915797
vn 0.296113 0.061840 -0.953149
vn 0.344353 0.071914 -0.936082
vn 0.296205 0.061859 -0.953119
vn 0.248536 0.051904 -0.967231
vn 0.248424 0.051881 -0.967261
vn 0.198334 0.041420 -0.979259
vn 0.198384 0.041430 -0.979248
vn 0.150793 0.031492 -0.988064
vn 0.150802 0.031493 -0.988062
vn 0.103000 0.021510 -0.994449
vn 0.102976 0.021505 -0.994451
vn 0.031288 0.006534 -0.999489
vn 0.031291 0.006535 -0.999489
vn -0.063390 -0.013238 -0.997901
vn -0.063392 -0.013239 -0.997901
vn -0.154445 -0.032254 -0.987475
vn -0.154441 -0.032253 -0.987476
vn -0.243275 -0.050805 -0.968626
vn -0.243274 -0.050805 -0.968626
vn -0.325851 -0.068050 -0.942969
vn -0.325797 -0.068039 -0.942988
vn -0.398546 -0.083232 -0.913364
vn -0.398637 -0.083251 -0.913322
vn -0.463143 -0.096722 -0.880990
vn -0.463104 -0.096714 -0.881011
vn -0.520358 -0.108671 -0.847005
vn -0.520292 -0.108657 -0.847048
vn -0.570069 -0.119053 -0.812925
vn -0.570046 -0.119048 -0.812942
vn -0.614737 -0.128381 -0.778214
vn -0.614920 -0.128419 -0.778063
vn -0.653208 -0.136415 -0.744789
vn -0.687141 -0.143502 -0.712211
vn -0.653133 -0.136399 -0.744858
vn -0.730477 -0.152552 -0.665681
vn -0.687106 -0.143494 -0.712247
vn -0.778004 -0.162477 -0.606887
vn -0.730482 -0.152553 -0.665675
vn -0.819671 -0.171179 -0.546660
vn -0.778069 -0.162491 -0.606799
vn -0.857263 -0.179030 -0.482751
vn -0.819581 -0.171160 -0.546800
vn -0.889018 -0.185662 -0.418541
vn -0.857288 -0.179035 -0.482704
vn -0.914398 -0.190962 -0.356944
vn -0.889000 -0.185658 -0.418581
vn -0.934204 -0.195098 -0.298663
vn -0.914395 -0.190961 -0.356954
vn -0.934162 -0.195089 -0.298799
vn -0.942819 -0.196897 -0.268930
vn -0.942823 -0.196898 -0.268916
vn -0.942821 -0.196898 -0.268924
vn -0.942824 -0.196898 -0.268913
vn -0.942820 -0.196898 -0.268926
vn -0.942819 -0.196897 -0.268931
vn -0.942823 -0.196898 -0.268916
vn -0.942826 -0.196899 -0.268905
vn -0.094904 -0.019820 -0.995289
vn -0.094905 -0.019820 -0.995289
vn -0.122692 -0.025623 -0.992114
vn -0.122693 -0.025623 -0.992114
vn -0.150394 -0.031408 -0.988127
vn -0.150394 -0.031408 -0.988127
vn 0.847741 0.177042 -0.499991
vn 0.847742 0.177042 -0.499990
vn 0.847742 0.177041 -0.499990
vn 0.847738 0.177041 -0.499997
vn 0.847734 0.177040 -0.500003
vn 0.847738 0.177041 -0.499997
vn 0.847736 0.177040 -0.500001
vn 0.847736 0.177040 -0.500000
vn 0.829841 0.173303 -0.530405
vn 0.792292 0.165462 -0.587278
vn 0.829912 0.173318 -0.530290
vn 0.750808 0.156798 -0.641640
vn 0.792240 0.165450 -0.587352
vn 0.704061 0.147035 -0.694751
vn 0.750793 0.156795 -0.641658
vn 0.651303 0.136018 -0.746527
vn 0.704108 0.147045 -0.694702
vn 0.603288 0.125990 -0.787509
vn 0.651187 0.135993 -0.746633
vn 0.561567 0.117277 -0.819078
vn 0.603475 0.126029 -0.787359
vn 0.519406 0.108472 -0.847615
vn 0.561568 0.117277 -0.819077
vn 0.519344 0.108459 -0.847655
vn 0.475273 0.099255 -0.874222
vn 0.475187 0.099237 -0.874271
vn 0.431375 0.090088 -0.897664
vn 0.431372 0.090087 -0.897665
vn 0.386183 0.080650 -0.918890
vn 0.386220 0.080658 -0.918874
vn 0.341439 0.071306 -0.937195
vn 0.341523 0.071323 -0.937163
vn 0.273414 0.057099 -0.960200
vn 0.273365 0.057089 -0.960215
vn 0.182321 0.038076 -0.982501
vn 0.182307 0.038073 -0.982504
vn 0.090041 0.018804 -0.995761
vn 0.090049 0.018806 -0.995760
vn 0.000000 0.000000 -1.000000
vn 0.000000 0.000000 -1.000000
vn -0.085286 -0.017811 -0.996197
vn -0.085285 -0.017811 -0.996197
vn -0.163893 -0.034227 -0.985884
vn -0.163882 -0.034225 -0.985886
vn -0.234211 -0.048912 -0.970955
vn -0.234225 -0.048915 -0.970951
vn -0.297809 -0.062194 -0.952597
vn -0.297767 -0.062185 -0.952611
vn -0.354121 -0.073954 -0.932271
vn -0.354104 -0.073951 -0.932278
vn -0.405927 -0.084773 -0.909965
vn -0.406068 -0.084803 -0.909900
vn -0.451880 -0.094370 -0.887073
vn -0.492109 -0.102771 -0.864446
vn -0.451710 -0.094334 -0.887164
vn -0.545197 -0.113858 -0.830540
vn -0.492182 -0.102787 -0.864403
vn -0.606158 -0.126590 -0.785205
vn -0.545287 -0.113877 -0.830478
vn -0.660408 -0.137919 -0.738133
vn -0.606056 -0.126568 -0.785288
vn -0.713261 -0.148957 -0.684887
vn -0.660380 -0.137913 -0.738159
vn -0.758997 -0.158508 -0.631506
vn -0.713291 -0.148963 -0.684854
vn -0.798657 -0.166790 -0.578211
vn -0.758958 -0.158500 -0.631553
vn -0.832131 -0.173781 -0.526647
vn -0.798768 -0.166814 -0.578051
vn -0.832066 -0.173768 -0.526755
vn -0.847738 -0.177041 -0.499997
vn -0.847737 -0.177040 -0.499999
vn -0.847741 -0.177042 -0.499991
vn -0.847739 -0.177041 -0.499996
vn -0.847732 -0.177040 -0.500007
vn -0.847734 -0.177040 -0.500004
vn -0.847741 -0.177041 -0.499992
vn -0.847742 -0.177041 -0.499990
vn 0.150394 0.031408 -0.988127
vn 0.150394 0.031408 -0.988127
vn 0.122693 0.025623 -0.992114
vn 0.122695 0.025623 -0.992114
vn 0.094905 0.019820 -0.995289
vn 0.094904 0.019820 -0.995289
vn 0.942821 0.196897 -0.268925
vn 0.942819 0.196897 -0.268931
vn 0.942824 0.196898 -0.268913
vn 0.942824 0.196898 -0.268914
vn 0.942816 0.196897 -0.268940
vn 0.942823 0.196898 -0.268918
vn 0.942827 0.196899 -0.268903
vn 0.942823 0.196898 -0.268917
vn 0.933009 0.194849 -0.302535
vn 0.910247 0.190095 -0.367850
vn 0.932948 0.194835 -0.302734
vn 0.883416 0.184491 -0.430743
vn 0.910286 0.190103 -0.367750
vn 0.851070 0.177736 -0.494054
vn 0.883405 0.184489 -0.430767
vn 0.812542 0.169690 -0.557656
vn 0.851023 0.177726 -0.494138
vn 0.776197 0.162100 -0.609296
vn 0.812598 0.169702 -0.557571
vn 0.743398 0.155250 -0.650582
vn 0.776384 0.162139 -0.609048
vn 0.709156 0.148099 -0.689321
vn 0.743298 0.155229 -0.650702
vn 0.709212 0.148111 -0.689261
vn 0.672817 0.140510 -0.726343
vn 0.672928 0.140534 -0.726235
vn 0.636744 0.132977 -0.759522
vn 0.636761 0.132981 -0.759508
vn 0.597954 0.124876 -0.791743
vn 0.597982 0.124882 -0.791721
vn 0.558633 0.116664 -0.821169
vn 0.558525 0.116642 -0.821246
vn 0.498830 0.104175 -0.860416
vn 0.498858 0.104181 -0.860399
vn 0.415301 0.086731 -0.905540
vn 0.415173 0.086704 -0.905601
vn 0.329909 0.068898 -0.941495
vn 0.329982 0.068913 -0.941469
vn 0.243822 0.050919 -0.968482
vn 0.243822 0.050919 -0.968482
vn 0.159111 0.033229 -0.986701
vn 0.159134 0.033233 -0.986698
vn 0.081969 0.017118 -0.996488
vn 0.081935 0.017111 -0.996491
vn 0.009093 0.001899 -0.999957
vn 0.009097 0.001900 -0.999957
vn -0.056265 -0.011750 -0.998347
vn -0.056245 -0.011746 -0.998348
vn -0.116475 -0.024324 -0.992896
vn -0.116495 -0.024329 -0.992893
vn -0.171564 -0.035829 -0.984521
vn -0.171510 -0.035818 -0.984531
vn -0.221632 -0.046285 -0.974031
vn -0.266511 -0.055658 -0.962224
vn -0.221647 -0.046288 -0.974028
vn -0.325832 -0.068046 -0.942976
vn -0.266567 -0.055670 -0.962207
vn -0.395920 -0.082684 -0.914555
vn -0.325844 -0.068049 -0.942971
vn -0.460067 -0.096080 -0.882670
vn -0.395900 -0.082679 -0.914564
vn -0.523922 -0.109415 -0.844710
vn -0.460044 -0.096075 -0.882683
vn -0.581633 -0.121467 -0.804331
vn -0.523867 -0.109404 -0.844745
vn -0.632630 -0.132118 -0.763101
vn -0.581771 -0.121497 -0.804227
vn -0.677889 -0.141570 -0.721404
vn -0.632642 -0.132120 -0.763091
vn -0.677922 -0.141577 -0.721372
vn -0.699396 -0.146061 -0.699651
vn -0.699373 -0.146056 -0.699675
vn -0.699395 -0.146061 -0.699652
vn -0.699374 -0.146056 -0.699673
vn -0.699383 -0.146058 -0.699664
vn -0.699397 -0.146061 -0.699650
vn -0.699380 -0.146058 -0.699667
vn -0.699393 -0.146061 -0.699654
vn 0.386199 0.080653 -0.918882
vn 0.386199 0.080653 -0.918883
vn 0.360364 0.075258 -0.929771
vn 0.360367 0.075259 -0.929770
vn 0.334193 0.069793 -0.939917
vn 0.334191 0.069792 -0.939918
vn 0.978667 0.204384 -0.020937
vn 0.978667 0.204384 -0.020934
vn 0.978667 0.204383 -0.020933
vn 0.978667 0.204384 -0.020944
vn 0.978667 0.204383 -0.020947
vn 0.978667 0.204383 -0.020942
vn 0.978667 0.204383 -0.020941
vn 0.978667 0.204383 -0.020944
vn 0.977328 0.204104 -0.056325
vn 0.971237 0.202833 -0.124727
vn 0.977355 0.204110 -0.055817
vn 0.960548 0.200600 -0.192632
vn 0.971204 0.202825 -0.124999
vn 0.944548 0.197259 -0.262522
vn 0.960572 0.200605 -0.192506
vn 0.922726 0.192701 -0.333830
vn 0.944520 0.197253 -0.262627
vn 0.900309 0.188019 -0.392546
vn 0.922708 0.192697 -0.333881
vn 0.878420 0.183448 -0.441276
vn 0.900375 0.188033 -0.392389
vn 0.854770 0.178509 -0.487342
vn 0.878438 0.183452 -0.441239
vn 0.854694 0.178493 -0.487482
vn 0.828639 0.173052 -0.532363
vn 0.828758 0.173077 -0.532169
vn 0.801011 0.167283 -0.574802
vn 0.800906 0.167260 -0.574955
vn 0.772228 0.161271 -0.614536
vn 0.772024 0.161228 -0.614804
vn 0.741320 0.154816 -0.653052
vn 0.741469 0.154848 -0.652875
vn 0.692306 0.144580 -0.706971
vn 0.692272 0.144573 -0.707007
vn 0.622746 0.130054 -0.771539
vn 0.622898 0.130086 -0.771411
vn 0.548808 0.114613 -0.828054
vn 0.548666 0.114583 -0.828153
vn 0.471930 0.098557 -0.876110
vn 0.471930 0.098557 -0.876110
vn 0.394569 0.082401 -0.915164
vn 0.394563 0.082400 -0.915167
vn 0.321575 0.067157 -0.944499
vn 0.321607 0.067164 -0.944488
vn 0.252387 0.052708 -0.966190
vn 0.252402 0.052711 -0.966186
vn 0.188603 0.039388 -0.981263
vn 0.188569 0.039380 -0.981270
vn 0.128217 0.026777 -0.991385
vn 0.128244 0.026782 -0.991381
vn 0.073926 0.015439 -0.997144
vn 0.073939 0.015441 -0.997143
vn 0.022602 0.004720 -0.999733
vn -0.023486 -0.004905 -0.999712
vn 0.022591 0.004718 -0.999734
vn -0.086575 -0.018080 -0.996081
vn -0.023484 -0.004904 -0.999712
vn -0.160272 -0.033471 -0.986505
vn -0.086590 -0.018083 -0.996080
vn -0.230982 -0.048238 -0.971761
vn -0.160263 -0.033469 -0.986507
vn -0.301825 -0.063033 -0.951277
vn -0.230975 -0.048237 -0.971763
vn -0.367319 -0.076711 -0.926926
vn -0.301842 -0.063036 -0.951272
vn -0.426995 -0.089173 -0.899846
vn -0.367356 -0.076718 -0.926911
vn -0.481308 -0.100516 -0.870770
vn -0.427005 -0.089175 -0.899841
vn -0.481411 -0.100538 -0.870710
vn -0.507069 -0.105896 -0.855376
vn -0.507068 -0.105895 -0.855376
vn -0.507096 -0.105901 -0.855359
vn -0.507101 -0.105902 -0.855356
vn -0.507100 -0.105902 -0.855356
vn -0.507098 -0.105902 -0.855358
vn -0.507072 -0.105897 -0.855374
vn -0.507060 -0.105894 -0.855381
vn 0.597748 0.124833 -0.791905
vn 0.597748 0.124833 -0.791905
vn 0.575391 0.120164 -0.809003
vn 0.575391 0.120164 -0.809003
vn 0.552500 0.115383 -0.825488
vn 0.552500 0.115383 -0.825488
vn 0.953018 0.199027 0.228352
vn 0.953018 0.199027 0.228354
vn 0.953019 0.199027 0.228348
vn 0.953020 0.199028 0.228345
vn 0.953016 0.199027 0.228360
vn 0.953017 0.199027 0.228357
vn 0.953021 0.199028 0.228341
vn 0.953019 0.199027 0.228347
vn 0.960240 0.200535 0.194228
vn 0.971157 0.202815 0.125383
vn 0.960245 0.200537 0.194200
vn 0.977262 0.204090 0.057501
vn 0.971143 0.202812 0.125496
vn 0.978785 0.204408 -0.014033
vn 0.977264 0.204091 0.057471
vn 0.975008 0.203619 -0.088876
vn 0.978784 0.204408 -0.014145
vn 0.967558 0.202064 -0.151662
vn 0.975016 0.203621 -0.088784
vn 0.958255 0.200121 -0.204203
vn 0.967585 0.202070 -0.151481
vn 0.946479 0.197661 -0.255163
vn 0.958165 0.200102 -0.204643
vn 0.946558 0.197678 -0.254855
vn 0.932180 0.194675 -0.305193
vn 0.932195 0.194679 -0.305144
vn 0.916053 0.191308 -0.352489
vn 0.916050 0.191307 -0.352497
vn 0.897489 0.187431 -0.399229
vn 0.897334 0.187398 -0.399591
vn 0.876852 0.183121 -0.444519
vn 0.877060 0.183164 -0.444090
vn 0.842731 0.175995 -0.508754
vn 0.842700 0.175989 -0.508807
vn 0.791042 0.165200 -0.589034
vn 0.790950 0.165181 -0.589164
vn 0.732978 0.153074 -0.662806
vn 0.733161 0.153113 -0.662595
vn 0.670304 0.139986 -0.728764
vn 0.670161 0.139956 -0.728901
vn 0.605168 0.126383 -0.786002
vn 0.605160 0.126381 -0.786009
vn 0.541105 0.113004 -0.833328
vn 0.541153 0.113014 -0.833296
vn 0.480336 0.100313 -0.871329
vn 0.480363 0.100318 -0.871314
vn 0.421071 0.087936 -0.902755
vn 0.421158 0.087954 -0.902712
vn 0.365774 0.076388 -0.927563
vn 0.365694 0.076371 -0.927597
vn 0.314498 0.065679 -0.946983
vn 0.314464 0.065672 -0.946995
vn 0.264650 0.055269 -0.962759
vn 0.220857 0.046124 -0.974215
vn 0.264747 0.055290 -0.962731
vn 0.159044 0.033214 -0.986713
vn 0.220715 0.046094 -0.974249
vn 0.084727 0.017694 -0.996247
vn 0.159049 0.033216 -0.986712
vn 0.012341 0.002577 -0.999920
vn 0.084736 0.017696 -0.996246
vn -0.060500 -0.012635 -0.998088
vn 0.012340 0.002577 -0.999921
vn -0.130439 -0.027241 -0.991082
vn -0.060504 -0.012636 -0.998088
vn -0.130453 -0.027244 -0.991080
vn -0.194543 -0.040628 -0.980052
vn -0.254151 -0.053077 -0.965707
vn -0.194513 -0.040622 -0.980058
vn -0.254106 -0.053067 -0.965720
vn -0.282924 -0.059085 -0.957321
vn -0.282925 -0.059086 -0.957320
vn -0.282915 -0.059084 -0.957323
vn -0.282916 -0.059084 -0.957323
vn -0.282939 -0.059089 -0.957316
vn -0.282934 -0.059088 -0.957317
vn -0.282900 -0.059080 -0.957328
vn -0.282906 -0.059082 -0.957326
vn 0.771770 0.161175 -0.615137
vn 0.771766 0.161175 -0.615143
vn 0.754240 0.157515 -0.637425
vn 0.754236 0.157514 -0.637431
vn 0.736090 0.153724 -0.659196
vn 0.736095 0.153725 -0.659191
vn 0.867490 0.181166 0.463292
vn 0.867489 0.181165 0.463294
vn 0.867483 0.181164 0.463307
vn 0.867484 0.181164 0.463305
vn 0.867492 0.181166 0.463289
vn 0.867497 0.181167 0.463280
vn 0.867489 0.181165 0.463295
vn 0.867483 0.181164 0.463307
vn 0.882909 0.184386 0.431825
vn 0.909918 0.190026 0.368698
vn 0.882920 0.184388 0.431802
vn 0.932619 0.194767 0.303788
vn 0.910011 0.190045 0.368461
vn 0.951524 0.198715 0.234763
vn 0.932471 0.194736 0.304261
vn 0.965958 0.201730 0.161958
vn 0.951549 0.198721 0.234657
vn 0.974113 0.203433 0.098589
vn 0.965967 0.201731 0.161901
vn 0.977847 0.204213 0.045966
vn 0.974095 0.203429 0.098773
vn 0.978859 0.204424 -0.006827
vn 0.977858 0.204215 0.045717
vn 0.978858 0.204423 -0.006926
vn 0.977219 0.204081 -0.058251
vn 0.977205 0.204078 -0.058498
vn 0.973006 0.203201 -0.109400
vn 0.973061 0.203213 -0.108887
vn 0.966470 0.201837 -0.158738
vn 0.966404 0.201822 -0.159159
vn 0.957556 0.199975 -0.207596
vn 0.957555 0.199974 -0.207603
vn 0.940125 0.196334 -0.278598
vn 0.940179 0.196346 -0.278410
vn 0.909577 0.189955 -0.369576
vn 0.909510 0.189941 -0.369748
vn 0.871404 0.181983 -0.455563
vn 0.871487 0.182001 -0.455396
vn 0.826481 0.172601 -0.535852
vn 0.826556 0.172617 -0.535731
vn 0.777628 0.162399 -0.607389
vn 0.777469 0.162366 -0.607601
vn 0.727004 0.151827 -0.669637
vn 0.727055 0.151837 -0.669579
vn 0.677000 0.141384 -0.722275
vn 0.676953 0.141374 -0.722321
vn 0.627887 0.131127 -0.767179
vn 0.627997 0.131150 -0.767085
vn 0.580403 0.121211 -0.805258
vn 0.580468 0.121225 -0.805209
vn 0.534404 0.111604 -0.837829
vn 0.534391 0.111602 -0.837837
vn 0.491705 0.102687 -0.864686
vn 0.450920 0.094170 -0.887583
vn 0.491735 0.102693 -0.864668
vn 0.393783 0.082237 -0.915518
vn 0.450989 0.094184 -0.887546
vn 0.324440 0.067756 -0.943477
vn 0.393796 0.082240 -0.915511
vn 0.256376 0.053541 -0.965093
vn 0.324256 0.067717 -0.943542
vn 0.183759 0.038376 -0.982222
vn 0.256404 0.053547 -0.965085
vn 0.114671 0.023948 -0.993115
vn 0.183770 0.038378 -0.982220
vn 0.050791 0.010607 -0.998653
vn 0.114666 0.023947 -0.993115
vn -0.011196 -0.002338 -0.999935
vn 0.050770 0.010603 -0.998654
vn -0.011203 -0.002340 -0.999934
vn -0.040985 -0.008559 -0.999123
vn -0.040985 -0.008559 -0.999123
vn -0.041005 -0.008563 -0.999122
vn -0.041004 -0.008563 -0.999122
vn -0.040980 -0.008558 -0.999123
vn -0.040981 -0.008558 -0.999123
vn -0.040992 -0.008561 -0.999123
vn -0.040991 -0.008561 -0.999123
vn 0.897267 0.187384 -0.399749
vn 0.897270 0.187385 -0.399742
vn 0.885713 0.184971 -0.425792
vn 0.885716 0.184972 -0.425784
vn 0.873451 0.182410 -0.451453
vn 0.873447 0.182410 -0.451460
vn 0.727460 0.151922 0.669120
vn 0.727463 0.151922 0.669117
vn 0.727447 0.151920 0.669135
vn 0.727440 0.151918 0.669143
vn 0.727454 0.151921 0.669127
vn 0.727456 0.151921 0.669124
vn 0.727440 0.151918 0.669143
vn 0.727441 0.151918 0.669141
vn 0.749957 0.156620 0.642678
vn 0.791698 0.165337 0.588114
vn 0.750077 0.156645 0.642531
vn 0.829316 0.173194 0.531261
vn 0.791568 0.165310 0.588296
vn 0.864562 0.180554 0.468970
vn 0.829402 0.173211 0.531122
vn 0.896023 0.187125 0.402651
vn 0.864403 0.180522 0.469275
vn 0.919455 0.192018 0.343120
vn 0.896229 0.187167 0.402171
vn 0.936051 0.195483 0.292564
vn 0.919553 0.192038 0.342846
vn 0.949746 0.198344 0.242163
vn 0.935981 0.195469 0.292799
vn 0.949719 0.198338 0.242271
vn 0.960799 0.200652 0.191320
vn 0.960749 0.200642 0.191581
vn 0.969003 0.202366 0.141706
vn 0.969005 0.202366 0.141697
vn 0.974757 0.203567 0.091697
vn 0.974776 0.203571 0.091491
vn 0.978011 0.204247 0.042160
vn 0.978008 0.204246 0.042241
vn 0.978413 0.204331 -0.030932
vn 0.978411 0.204330 -0.031003
vn 0.970971 0.202776 -0.126871
vn 0.970976 0.202777 -0.126836
vn 0.954938 0.199428 -0.219822
vn 0.954932 0.199427 -0.219848
vn 0.930992 0.194427 -0.308952
vn 0.930992 0.194427 -0.308952
vn 0.900799 0.188122 -0.391372
vn 0.900905 0.188144 -0.391117
vn 0.867345 0.181136 -0.463575
vn 0.867306 0.181127 -0.463651
vn 0.831606 0.173672 -0.527513
vn 0.831494 0.173648 -0.527696
vn 0.794841 0.165993 -0.583673
vn 0.794947 0.166016 -0.583523
vn 0.757961 0.158292 -0.632803
vn 0.757937 0.158287 -0.632832
vn 0.722239 0.150832 -0.674997
vn 0.722185 0.150820 -0.675058
vn 0.686445 0.143356 -0.712911
vn 0.652983 0.136368 -0.744995
vn 0.686632 0.143396 -0.712723
vn 0.604264 0.126194 -0.786727
vn 0.652781 0.136326 -0.745179
vn 0.543827 0.113572 -0.831477
vn 0.604218 0.126184 -0.786764
vn 0.483158 0.100902 -0.869700
vn 0.543875 0.113582 -0.831444
vn 0.483145 0.100899 -0.869707
vn 0.417074 0.087101 -0.904689
vn 0.353070 0.073735 -0.932687
vn 0.417097 0.087106 -0.904678
vn 0.291670 0.060912 -0.954578
vn 0.353105 0.073742 -0.932673
vn 0.233493 0.048762 -0.971135
vn 0.291677 0.060913 -0.954576
vn 0.233411 0.048745 -0.971156
vn 0.203510 0.042501 -0.978150
vn 0.203511 0.042501 -0.978150
vn 0.203535 0.042506 -0.978145
vn 0.203532 0.042505 -0.978145
vn 0.203526 0.042504 -0.978146
vn 0.203527 0.042504 -0.978146
vn 0.203500 0.042499 -0.978152
vn 0.203504 0.042500 -0.978151
vn 0.966390 0.201820 -0.159243
vn 0.961543 0.200807 -0.187383
vn 0.966389 0.201819 -0.159252
vn 0.961543 0.200807 -0.187383
vn 0.955909 0.199631 -0.215370
vn 0.955911 0.199631 -0.215362
vn 0.541710 0.113130 0.832918
vn 0.541712 0.113131 0.832916
vn 0.541705 0.113129 0.832921
vn 0.541706 0.113129 0.832920
vn 0.541692 0.113126 0.832930
vn 0.541697 0.113127 0.832926
vn 0.541726 0.113133 0.832907
vn 0.541713 0.113131 0.832915
vn 0.569895 0.119016 0.813052
vn 0.623732 0.130260 0.770708
vn 0.569938 0.119025 0.813021
vn 0.673684 0.140691 0.725504
vn 0.623755 0.130264 0.770689
vn 0.723331 0.151059 0.673776
vn 0.673809 0.140717 0.725383
vn 0.770018 0.160810 0.617424
vn 0.723212 0.151035 0.673909
vn 0.807038 0.168541 0.565936
vn 0.770046 0.160816 0.617388
vn 0.835240 0.174431 0.521487
vn 0.806953 0.168523 0.566062
vn 0.860956 0.179801 0.475844
vn 0.835440 0.174472 0.521152
vn 0.860909 0.179791 0.475932
vn 0.883950 0.184603 0.429598
vn 0.883764 0.184565 0.429996
vn 0.904108 0.188813 0.383327
vn 0.904187 0.188829 0.383131
vn 0.921887 0.192526 0.336242
vn 0.921785 0.192505 0.336532
vn 0.936868 0.195655 0.289823
vn 0.937079 0.195698 0.289112
vn 0.955294 0.199502 0.218202
vn 0.955252 0.199494 0.218395
vn 0.971317 0.202849 0.124075
vn 0.971327 0.202851 0.123995
vn 0.978454 0.204339 0.029554
vn 0.978455 0.204339 0.029527
vn 0.976960 0.204027 -0.062634
vn 0.976960 0.204027 -0.062634
vn 0.967823 0.202119 -0.149889
vn 0.967820 0.202118 -0.149906
vn 0.952962 0.199015 -0.228599
vn 0.952984 0.199020 -0.228500
vn 0.933850 0.195024 -0.299817
vn 0.933867 0.195028 -0.299760
vn 0.911881 0.190436 -0.363603
vn 0.911899 0.190440 -0.363555
vn 0.888383 0.185529 -0.419946
vn 0.888365 0.185525 -0.419986
vn 0.863517 0.180336 -0.470975
vn 0.863589 0.180351 -0.470838
vn 0.838408 0.175092 -0.516154
vn 0.813954 0.169986 -0.555503
vn 0.838438 0.175099 -0.516103
vn 0.776697 0.162204 -0.608631
vn 0.813656 0.169923 -0.555959
vn 0.729558 0.152360 -0.666732
vn 0.776714 0.162208 -0.608608
vn 0.679323 0.141869 -0.719996
vn 0.729610 0.152371 -0.666673
vn 0.624811 0.130485 -0.769796
vn 0.679308 0.141866 -0.720010
vn 0.568960 0.118821 -0.813736
vn 0.624840 0.130491 -0.769771
vn 0.514625 0.107474 -0.850653
vn 0.568937 0.118816 -0.813753
vn 0.461853 0.096453 -0.881696
vn 0.514714 0.107492 -0.850597
vn 0.461880 0.096459 -0.881682
vn 0.978503 0.204350 -0.027799
vn 0.978503 0.204350 -0.027799
vn 0.975479 0.203715 -0.083316
vn 0.975479 0.203719 -0.083304
vn 0.969440 0.202458 -0.138554
vn 0.969439 0.202454 -0.138567
vn 0.960403 0.200572 -0.193384
vn 0.960402 0.200570 -0.193389
vn 0.948395 0.198059 -0.247626
vn 0.948399 0.198065 -0.247609
vn 0.933464 0.194945 -0.301067
vn 0.933461 0.194940 -0.301079
vn 0.915643 0.191223 -0.353599
vn 0.915643 0.191223 -0.353599
vn 0.894984 0.186905 -0.405057
vn 0.894988 0.186909 -0.405046
vn 0.871574 0.182019 -0.455223
vn 0.871570 0.182015 -0.455233
vn 0.845465 0.176567 -0.503996
vn 0.845465 0.176567 -0.503996
vn 0.816733 0.170567 -0.551229
vn 0.816733 0.170567 -0.551229
vn 0.785478 0.164039 -0.596754
vn 0.785478 0.164039 -0.596754
vn 0.751807 0.157004 -0.640418
vn 0.751813 0.157009 -0.640410
vn 0.715808 0.149489 -0.682109
vn 0.715802 0.149485 -0.682116
vn 0.677590 0.141508 -0.721697
vn 0.677590 0.141508 -0.721697
vn 0.637293 0.133092 -0.759042
vn 0.637293 0.133092 -0.759042
vn 0.595004 0.124261 -0.794059
vn 0.550887 0.115047 -0.826612
vn 0.595004 0.124261 -0.794059
vn 0.550887 0.115047 -0.826612
vn 0.505061 0.105477 -0.856614
vn 0.505061 0.105477 -0.856614
vn 0.457680 0.095582 -0.883964
vn 0.457680 0.095582 -0.883964
vn 0.408902 0.085395 -0.908574
vn 0.408902 0.085395 -0.908574
vn 0.358821 0.074936 -0.930393
vn 0.358821 0.074936 -0.930393
vn 0.307668 0.064253 -0.949322
vn 0.307668 0.064253 -0.949322
vn 0.255538 0.053367 -0.965325
vn 0.255538 0.053367 -0.965325
vn 0.202632 0.042318 -0.978340
vn 0.202632 0.042318 -0.978340
vn 0.149107 0.031139 -0.988331
vn 0.149108 0.031140 -0.988330
vn 0.095091 0.019859 -0.995270
vn 0.095090 0.019858 -0.995271
vn 0.040816 0.008524 -0.999130
vn 0.040816 0.008524 -0.999130
vn -0.013614 -0.002843 -0.999903
vn -0.013614 -0.002843 -0.999903
vn -0.067966 -0.014194 -0.997587
vn -0.067967 -0.014194 -0.997587
vn -0.122138 -0.025507 -0.992185
vn -0.122137 -0.025507 -0.992185
vn -0.175947 -0.036744 -0.983714
vn -0.175948 -0.036745 -0.983713
vn -0.229164 -0.047859 -0.972211
vn -0.229163 -0.047858 -0.972211
vn -0.281730 -0.058836 -0.957688
vn -0.281730 -0.058836 -0.957688
vn -0.333372 -0.069621 -0.940221
vn -0.333374 -0.069622 -0.940221
vn -0.384005 -0.080195 -0.919842
vn -0.384005 -0.080195 -0.919842
vn -0.433451 -0.090521 -0.896619
vn -0.481570 -0.100570 -0.870618
vn -0.433451 -0.090521 -0.896619
vn -0.481570 -0.100570 -0.870618
vn -0.528178 -0.110304 -0.841939
vn -0.528178 -0.110304 -0.841939
vn -0.573178 -0.119702 -0.810641
vn -0.573175 -0.119701 -0.810643
vn -0.616374 -0.128722 -0.776862
vn -0.616377 -0.128724 -0.776859
vn -0.657700 -0.137355 -0.740652
vn -0.657694 -0.137352 -0.740657
vn -0.696965 -0.145553 -0.702179
vn -0.696970 -0.145556 -0.702172
vn -0.734093 -0.153306 -0.661517
vn -0.734093 -0.153306 -0.661517
vn -0.768938 -0.160583 -0.618828
vn -0.768940 -0.160585 -0.618824
vn -0.801419 -0.167368 -0.574209
vn -0.801416 -0.167366 -0.574213
vn -0.831419 -0.173632 -0.527821
vn -0.831421 -0.173634 -0.527816
vn -0.858846 -0.179361 -0.479805
vn -0.858846 -0.179361 -0.479805
vn -0.883624 -0.184536 -0.430298
vn -0.883621 -0.184534 -0.430303
vn -0.905664 -0.189137 -0.379473
vn -0.905664 -0.189137 -0.379473
vn -0.924908 -0.193156 -0.327468
vn -0.924910 -0.193158 -0.327462
vn -0.941294 -0.196580 -0.274447
vn -0.941293 -0.196578 -0.274453
vn -0.954770 -0.199392 -0.220582
vn -0.954770 -0.199392 -0.220582
vn -0.965294 -0.201590 -0.166042
vn -0.965294 -0.201592 -0.166036
vn -0.972834 -0.203167 -0.110983
vn -0.972834 -0.203167 -0.110983
vn -0.977369 -0.204114 -0.055567
vn -0.977369 -0.204112 -0.055573
vn -0.978882 -0.204428 -0.000000
vn -0.978882 -0.204428 0.000000
vn -0.977368 -0.204114 0.055575
vn -0.977369 -0.204112 0.055568
vn -0.972834 -0.203167 0.110980
vn -0.972834 -0.203167 0.110980
vn -0.965295 -0.201590 0.166036
vn -0.965293 -0.201592 0.166042
vn -0.954770 -0.199392 0.220582
vn -0.954770 -0.199392 0.220582
vn -0.941293 -0.196580 0.274453
vn -0.941295 -0.196578 0.274447
vn -0.924908 -0.193156 0.327470
vn -0.924905 -0.193157 0.327476
vn -0.905668 -0.189138 0.379463
vn -0.905668 -0.189138 0.379463
vn -0.883621 -0.184535 0.430303
vn -0.883624 -0.184534 0.430298
vn -0.858846 -0.179361 0.479805
vn -0.858846 -0.179361 0.479805
vn -0.831414 -0.173631 0.527828
vn -0.831411 -0.173632 0.527833
vn -0.801428 -0.167369 0.574196
vn -0.801424 -0.167369 0.574201
vn -0.768937 -0.160585 0.618828
vn -0.768941 -0.160584 0.618824
vn -0.734093 -0.153306 0.661517
vn -0.734093 -0.153306 0.661517
vn -0.696970 -0.145554 0.702172
vn -0.696964 -0.145555 0.702178
vn -0.657680 -0.137351 0.740670
vn -0.657686 -0.137350 0.740665
vn -0.616392 -0.128726 0.776846
vn -0.616389 -0.128727 0.776849
vn -0.573175 -0.119702 0.810643
vn -0.573178 -0.119701 0.810641
vn -0.528178 -0.110304 0.841939
vn -0.528178 -0.110304 0.841939
vn -0.481551 -0.100566 0.870629
vn -0.481551 -0.100566 0.870629
vn -0.433472 -0.090525 0.896609
vn -0.433472 -0.090525 0.896609
vn -0.384005 -0.080195 0.919842
vn -0.384005 -0.080195 0.919842
vn -0.333374 -0.069621 0.940221
vn -0.333372 -0.069621 0.940221
vn -0.281706 -0.058832 0.957695
vn -0.281706 -0.058832 0.957695
vn -0.229187 -0.047863 0.972205
vn -0.229189 -0.047863 0.972205
vn -0.175922 -0.036739 0.983718
vn -0.175923 -0.036740 0.983718
vn -0.122162 -0.025512 0.992182
vn -0.122163 -0.025512 0.992182
vn -0.067967 -0.014194 0.997587
vn -0.067966 -0.014194 0.997587
vn -0.013614 -0.002843 0.999903
vn -0.013614 -0.002843 0.999903
vn 0.040816 0.008524 0.999130
vn 0.040816 0.008524 0.999130
vn 0.095090 0.019859 0.995271
vn 0.095091 0.019858 0.995270
vn 0.149108 0.031139 0.988330
vn 0.149106 0.031139 0.988331
vn 0.202632 0.042318 0.978340
vn 0.202632 0.042318 0.978340
vn 0.255538 0.053367 0.965325
vn 0.255538 0.053367 0.965325
vn 0.307668 0.064253 0.949322
vn 0.307668 0.064253 0.949322
vn 0.358821 0.074936 0.930393
vn 0.358821 0.074936 0.930393
vn 0.408902 0.085395 0.908574
vn 0.408902 0.085395 0.908574
vn 0.457680 0.095582 0.883964
vn 0.457680 0.095582 0.883964
vn 0.505080 0.105481 0.856602
vn 0.505080 0.105481 0.856602
vn 0.550887 0.115047 0.826612
vn 0.550887 0.115047 0.826612
vn 0.595004 0.124261 0.794059
vn 0.595004 0.124261 0.794059
vn 0.637278 0.133089 0.759055
vn 0.637278 0.133089 0.759055
vn 0.677590 0.141508 0.721697
vn 0.677590 0.141508 0.721697
vn 0.715801 0.149488 0.682116
vn 0.715808 0.149487 0.682109
vn 0.751807 0.157007 0.640418
vn 0.751814 0.157006 0.640410
vn 0.785487 0.164041 0.596741
vn 0.816733 0.170567 0.551229
vn 0.785487 0.164041 0.596741
vn 0.816733 0.170567 0.551229
vn 0.845459 0.176566 0.504008
vn 0.845459 0.176566 0.504008
vn 0.871575 0.182016 0.455223
vn 0.871569 0.182018 0.455233
vn 0.894983 0.186908 0.405057
vn 0.894988 0.186906 0.405046
vn 0.915643 0.191223 0.353599
vn 0.915643 0.191223 0.353599
vn 0.933465 0.194941 0.301067
vn 0.933460 0.194944 0.301079
vn 0.948394 0.198064 0.247626
vn 0.948400 0.198060 0.247609
vn 0.960404 0.200571 0.193379
vn 0.960403 0.200572 0.193384
vn 0.969440 0.202454 0.138558
vn 0.975479 0.203715 0.083316
vn 0.969438 0.202457 0.138571
vn 0.975479 0.203719 0.083304
vn 0.978503 0.204351 0.027798
vn 0.978503 0.204351 0.027798
vn 0.902419 -0.430291 -0.022109
vn 0.903543 -0.426765 -0.038485
vn 0.899566 -0.436048 -0.025360
vn 0.903605 -0.426516 -0.039788
vn 0.900548 -0.434088 -0.024111
vn 0.903653 -0.426253 -0.041466
vn 0.903659 -0.426166 -0.042239
vn 0.901046 -0.433092 -0.023410
vn 0.903623 -0.426064 -0.043997
vn 0.901714 -0.431755 -0.022357
vn 0.903564 -0.426074 -0.045083
vn 0.902043 -0.431095 -0.021782
vn 0.903427 -0.426208 -0.046539
vn 0.902530 -0.430122 -0.020847
vn 0.902682 -0.429819 -0.020531
vn 0.903217 -0.426488 -0.048021
vn 0.902798 -0.427129 -0.050160
vn 0.902213 -0.428089 -0.052460
vn 0.901399 -0.429472 -0.055077
vn 0.899999 -0.431886 -0.058955
vn 0.903371 -0.428439 -0.018975
vn 0.897165 -0.436743 -0.065955
vn 0.899601 -0.430858 -0.071275
vn 0.899318 -0.431580 -0.070466
vn 0.899077 -0.432183 -0.069845
vn 0.898638 -0.433260 -0.068820
vn 0.898294 -0.434086 -0.068092
vn 0.897945 -0.434914 -0.067414
vn 0.897132 -0.436810 -0.065968
vn 0.896551 -0.438143 -0.065015
vn 0.899912 -0.430035 -0.072308
vn 0.900033 -0.429703 -0.072777
vn 0.904733 -0.425813 -0.011896
vn 0.902570 -0.430532 -0.003000
vn 0.900264 -0.429040 -0.073816
vn 0.900340 -0.428815 -0.074208
vn 0.904064 -0.427351 -0.006279
vn 0.904789 -0.425842 -0.003901
vn 0.905801 -0.408527 -0.112382
vn 0.896070 -0.433352 -0.096251
vn 0.869397 -0.436500 -0.231552
vn 0.869669 -0.436142 -0.231205
vn 0.868554 -0.437644 -0.232556
vn 0.870333 -0.435320 -0.230254
vn 0.868334 -0.437951 -0.232798
vn 0.867352 -0.439365 -0.233793
vn 0.870849 -0.434715 -0.229443
vn 0.866481 -0.440654 -0.234596
vn 0.871247 -0.434280 -0.228758
vn 0.864884 -0.443075 -0.235922
vn 0.871558 -0.433961 -0.228176
vn 0.863392 -0.445388 -0.237032
vn 0.871933 -0.433602 -0.227426
vn 0.884195 -0.422550 -0.199124
vn 0.872132 -0.433422 -0.227005
vn 0.862400 -0.446955 -0.237692
vn 0.863405 -0.440883 -0.245266
vn 0.862943 -0.443985 -0.241262
vn 0.863632 -0.438532 -0.248655
vn 0.863660 -0.437188 -0.250916
vn 0.863566 -0.436232 -0.252895
vn 0.863340 -0.435472 -0.254968
vn 0.863413 -0.435634 -0.254443
vn 0.863059 -0.435106 -0.256536
vn 0.862975 -0.435021 -0.256966
vn 0.862799 -0.434907 -0.257748
vn 0.862620 -0.434837 -0.258464
vn 0.862438 -0.434801 -0.259129
vn 0.875970 -0.436406 -0.205490
vn 0.862125 -0.434788 -0.260194
vn 0.861879 -0.434815 -0.260960
vn 0.854311 -0.436345 -0.282409
vn 0.853216 -0.441269 -0.278037
vn 0.853031 -0.442353 -0.276879
vn 0.852914 -0.442951 -0.276282
vn 0.892796 -0.432272 -0.126712
vn 0.853460 -0.439546 -0.280010
vn 0.880797 -0.450123 -0.146919
vn 0.880795 -0.450127 -0.146921
vn 0.884455 -0.434014 -0.171381
vn 0.788708 -0.450318 -0.418514
vn 0.796773 -0.451855 -0.401223
vn 0.789316 -0.450375 -0.417305
vn 0.788455 -0.450311 -0.418997
vn 0.793151 -0.457267 -0.402266
vn 0.787324 -0.450371 -0.421054
vn 0.787298 -0.450375 -0.421100
vn 0.794395 -0.455486 -0.401833
vn 0.786527 -0.450566 -0.422332
vn 0.795068 -0.454560 -0.401550
vn 0.785648 -0.450886 -0.423626
vn 0.795737 -0.453677 -0.401224
vn 0.784712 -0.451339 -0.424877
vn 0.796860 -0.452250 -0.400604
vn 0.796874 -0.452234 -0.400596
vn 0.784109 -0.451707 -0.425598
vn 0.782252 -0.453066 -0.427566
vn 0.780892 -0.454212 -0.428834
vn 0.778095 -0.456813 -0.431151
vn 0.770753 -0.457978 -0.442940
vn 0.770908 -0.458669 -0.441954
vn 0.770952 -0.458932 -0.441604
vn 0.771110 -0.460289 -0.439913
vn 0.771158 -0.460943 -0.439144
vn 0.771196 -0.462075 -0.437885
vn 0.771195 -0.463298 -0.436592
vn 0.771121 -0.465718 -0.434141
vn 0.771287 -0.463516 -0.436200
vn 0.822748 -0.434589 -0.366358
vn 0.798698 -0.450072 -0.399396
vn 0.770596 -0.457437 -0.443771
vn 0.770371 -0.456865 -0.444750
vn 0.770130 -0.456397 -0.445647
vn 0.769935 -0.456096 -0.446292
vn 0.769578 -0.455645 -0.447366
vn 0.837799 -0.443751 -0.318084
vn 0.755933 -0.441747 -0.483141
vn 0.755774 -0.462452 -0.463621
vn 0.821335 -0.462553 -0.333846
vn 0.821347 -0.462537 -0.333840
vn 0.818843 -0.447727 -0.359216
vn 0.667892 -0.479419 -0.569278
vn 0.668938 -0.478343 -0.568955
vn 0.666934 -0.480453 -0.569530
vn 0.669842 -0.477494 -0.568605
vn 0.666739 -0.480673 -0.569572
vn 0.665196 -0.482513 -0.569820
vn 0.670383 -0.477023 -0.568362
vn 0.664070 -0.483926 -0.569936
vn 0.671135 -0.476426 -0.567976
vn 0.662654 -0.485793 -0.569996
vn 0.671940 -0.475836 -0.567518
vn 0.659837 -0.489679 -0.569938
vn 0.672401 -0.475524 -0.567234
vn 0.697624 -0.460000 -0.549291
vn 0.672666 -0.475356 -0.567060
vn 0.658370 -0.485017 -0.575593
vn 0.660537 -0.488670 -0.569993
vn 0.656816 -0.482824 -0.579202
vn 0.655243 -0.481083 -0.582423
vn 0.654047 -0.480117 -0.584560
vn 0.653075 -0.479592 -0.586076
vn 0.652310 -0.479358 -0.587118
vn 0.651824 -0.479257 -0.587740
vn 0.651334 -0.479200 -0.588329
vn 0.650170 -0.479157 -0.589650
vn 0.650456 -0.479147 -0.589343
vn 0.649245 -0.479263 -0.590583
vn 0.648578 -0.479362 -0.591234
vn 0.686551 -0.476165 -0.549468
vn 0.648061 -0.479463 -0.591720
vn 0.632940 -0.487871 -0.601140
vn 0.633202 -0.488537 -0.600322
vn 0.633639 -0.489869 -0.598773
vn 0.631872 -0.483295 -0.605941
vn 0.632616 -0.487168 -0.602050
vn 0.737924 -0.464622 -0.489485
vn 0.631791 -0.485636 -0.604150
vn 0.718258 -0.484076 -0.499776
vn 0.718256 -0.484079 -0.499777
vn 0.600973 -0.477426 -0.641011
vn 0.709538 -0.470533 -0.524553
vn 0.508739 -0.508605 -0.694626
vn 0.509792 -0.508470 -0.693953
vn 0.508167 -0.508699 -0.694976
vn 0.525887 -0.507810 -0.682329
vn 0.511652 -0.508340 -0.692678
vn 0.507376 -0.508865 -0.695432
vn 0.505626 -0.509327 -0.696368
vn 0.522449 -0.512868 -0.681186
vn 0.505538 -0.509356 -0.696411
vn 0.523287 -0.511724 -0.681402
vn 0.503992 -0.509981 -0.697074
vn 0.524396 -0.510304 -0.681614
vn 0.502754 -0.510589 -0.697523
vn 0.525180 -0.509362 -0.681716
vn 0.525285 -0.509242 -0.681725
vn 0.501063 -0.511580 -0.698012
vn 0.499769 -0.512471 -0.698287
vn 0.496707 -0.514884 -0.698696
vn 0.493245 -0.517901 -0.698919
vn 0.487049 -0.523677 -0.698960
vn 0.483021 -0.518146 -0.705844
vn 0.483802 -0.518912 -0.704746
vn 0.484173 -0.519325 -0.704186
vn 0.484539 -0.519782 -0.703597
vn 0.485503 -0.521130 -0.701933
vn 0.486106 -0.522070 -0.700817
vn 0.487109 -0.523801 -0.698826
vn 0.482769 -0.517928 -0.706176
vn 0.564878 -0.487485 -0.665786
vn 0.527425 -0.506919 -0.681804
vn 0.481821 -0.517210 -0.707349
vn 0.481291 -0.516877 -0.707953
vn 0.480808 -0.516626 -0.708464
vn 0.480211 -0.516367 -0.709057
vn 0.479323 -0.516047 -0.709891
vn 0.599448 -0.493541 -0.630143
vn 0.450874 -0.507308 -0.734406
vn 0.459772 -0.524049 -0.716926
vn 0.578034 -0.513329 -0.634327
vn 0.578015 -0.513353 -0.634325
vn 0.563461 -0.501045 -0.656860
vn 0.332778 -0.549956 -0.766034
vn 0.333837 -0.548789 -0.766410
vn 0.332013 -0.550853 -0.765721
vn 0.334437 -0.548202 -0.766568
vn 0.331224 -0.551844 -0.765349
vn 0.330456 -0.552882 -0.764931
vn 0.335725 -0.547057 -0.766823
vn 0.329363 -0.554475 -0.764249
vn 0.336345 -0.546562 -0.766905
vn 0.327502 -0.557405 -0.762917
vn 0.336976 -0.546103 -0.766955
vn 0.337759 -0.545581 -0.766981
vn 0.324266 -0.556001 -0.765320
vn 0.327214 -0.557894 -0.762683
vn 0.369000 -0.527008 -0.765573
vn 0.337830 -0.545538 -0.766981
vn 0.320064 -0.553548 -0.768858
vn 0.317741 -0.552381 -0.770660
vn 0.315129 -0.551342 -0.772474
vn 0.312895 -0.550716 -0.773827
vn 0.311601 -0.550511 -0.774495
vn 0.309685 -0.550432 -0.775319
vn 0.309656 -0.550432 -0.775331
vn 0.308811 -0.550488 -0.775628
vn 0.307693 -0.550614 -0.775982
vn 0.306813 -0.550752 -0.776233
vn 0.305195 -0.551070 -0.776645
vn 0.305498 -0.551000 -0.776576
vn 0.358621 -0.544871 -0.757962
vn 0.303890 -0.551422 -0.776907
vn 0.286530 -0.559177 -0.777960
vn 0.287248 -0.559752 -0.777281
vn 0.287877 -0.560309 -0.776647
vn 0.288969 -0.561382 -0.775466
vn 0.284930 -0.556932 -0.780155
vn 0.431128 -0.528686 -0.731178
vn 0.284789 -0.557920 -0.779500
vn 0.409417 -0.548567 -0.729007
vn 0.409413 -0.548573 -0.729006
vn 0.389750 -0.537337 -0.747907
vn 0.133453 -0.586933 -0.798561
vn 0.134826 -0.586644 -0.798543
vn 0.132375 -0.587198 -0.798546
vn 0.134977 -0.586620 -0.798535
vn 0.155921 -0.583947 -0.796677
vn 0.131796 -0.587365 -0.798519
vn 0.131127 -0.587594 -0.798460
vn 0.153063 -0.590093 -0.792693
vn 0.129780 -0.588143 -0.798276
vn 0.153373 -0.589507 -0.793069
vn 0.128516 -0.588759 -0.798027
vn 0.154406 -0.587750 -0.794172
vn 0.126963 -0.589665 -0.797606
vn 0.154771 -0.587188 -0.794516
vn 0.155243 -0.586519 -0.794918
vn 0.125978 -0.590351 -0.797255
vn 0.123661 -0.592259 -0.796202
vn 0.120835 -0.594963 -0.794618
vn 0.117948 -0.598072 -0.792716
vn 0.114518 -0.602092 -0.790172
vn 0.107574 -0.596990 -0.795004
vn 0.107804 -0.597118 -0.794877
vn 0.109394 -0.598094 -0.793925
vn 0.109960 -0.598473 -0.793561
vn 0.111503 -0.599595 -0.792498
vn 0.113181 -0.600905 -0.791267
vn 0.106230 -0.596315 -0.795691
vn 0.105711 -0.596083 -0.795934
vn 0.197624 -0.563219 -0.802327
vn 0.156739 -0.584547 -0.796076
vn 0.104612 -0.595647 -0.796405
vn 0.103810 -0.595381 -0.796709
vn 0.102782 -0.595103 -0.797050
vn 0.102661 -0.595076 -0.797086
vn 0.101256 -0.594824 -0.797453
vn 0.065847 -0.589462 -0.805108
vn 0.243486 -0.567861 -0.786288
vn 0.080942 -0.602964 -0.793652
vn 0.223078 -0.587476 -0.777887
vn 0.223076 -0.587480 -0.777885
vn 0.199335 -0.577103 -0.791970
vn -0.053404 -0.631103 -0.773859
vn -0.052781 -0.630061 -0.774750
vn -0.053864 -0.631955 -0.773131
vn -0.052216 -0.629274 -0.775428
vn -0.054380 -0.633033 -0.772212
vn -0.054729 -0.633867 -0.771504
vn -0.051580 -0.628505 -0.776093
vn -0.055548 -0.636143 -0.769569
vn -0.050732 -0.627620 -0.776865
vn -0.056257 -0.638473 -0.767585
vn -0.055966 -0.637321 -0.768563
vn -0.050326 -0.627247 -0.777193
vn -0.063045 -0.634610 -0.770257
vn -0.049923 -0.626916 -0.777486
vn -0.021569 -0.606872 -0.794507
vn -0.049245 -0.626407 -0.777939
vn -0.067672 -0.633001 -0.771187
vn -0.070304 -0.632226 -0.771588
vn -0.072677 -0.631698 -0.771800
vn -0.075331 -0.631335 -0.771843
vn -0.077190 -0.631255 -0.771725
vn -0.078316 -0.631316 -0.771561
vn -0.078604 -0.631345 -0.771508
vn -0.080959 -0.631693 -0.770980
vn -0.080815 -0.631665 -0.771017
vn -0.081756 -0.631884 -0.770739
vn -0.083547 -0.632366 -0.770151
vn -0.083790 -0.632440 -0.770064
vn -0.026978 -0.625609 -0.779670
vn -0.099914 -0.639548 -0.762230
vn -0.098422 -0.640319 -0.761777
vn -0.098139 -0.640479 -0.761679
vn -0.096677 -0.641368 -0.761118
vn -0.095059 -0.642441 -0.760416
vn -0.101076 -0.638089 -0.763299
vn 0.048301 -0.608646 -0.791970
vn 0.030699 -0.627655 -0.777886
vn -0.147567 -0.635804 -0.757613
vn -0.102104 -0.638508 -0.762812
vn 0.030669 -0.627636 -0.777903
vn 0.004135 -0.617834 -0.786297
vn -0.244431 -0.665948 -0.704816
vn -0.243191 -0.665582 -0.705591
vn -0.244659 -0.666027 -0.704663
vn -0.242394 -0.665402 -0.706035
vn -0.246060 -0.666594 -0.703638
vn -0.246462 -0.666789 -0.703313
vn -0.241144 -0.665178 -0.706674
vn -0.222544 -0.662437 -0.715298
vn -0.246954 -0.667078 -0.702866
vn -0.223291 -0.668368 -0.709524
vn -0.248018 -0.667845 -0.701762
vn -0.223095 -0.667321 -0.710571
vn -0.248895 -0.668633 -0.700701
vn -0.222838 -0.666295 -0.711613
vn -0.222555 -0.665373 -0.712564
vn -0.249901 -0.669772 -0.699254
vn -0.251224 -0.671672 -0.696953
vn -0.252776 -0.674489 -0.693664
vn -0.263162 -0.675107 -0.689185
vn -0.262052 -0.675653 -0.689074
vn -0.260477 -0.676480 -0.688859
vn -0.258271 -0.677706 -0.688484
vn -0.254364 -0.680099 -0.687579
vn -0.255082 -0.679625 -0.687781
vn -0.264362 -0.674558 -0.689263
vn -0.265916 -0.673905 -0.689305
vn -0.266194 -0.673798 -0.689302
vn -0.266530 -0.673682 -0.689286
vn -0.221996 -0.663838 -0.714169
vn -0.268338 -0.673122 -0.689131
vn -0.268993 -0.672950 -0.689043
vn -0.270190 -0.672693 -0.688827
vn -0.270691 -0.672604 -0.688716
vn -0.270641 -0.672611 -0.688729
vn -0.304587 -0.668502 -0.678478
vn -0.142097 -0.648404 -0.747917
vn -0.287441 -0.679680 -0.674843
vn -0.155644 -0.666581 -0.729002
vn -0.155650 -0.666601 -0.728983
vn -0.183521 -0.657041 -0.731176
vn -0.395477 -0.702552 -0.591624
vn -0.395459 -0.702229 -0.592019
vn -0.395483 -0.704274 -0.589569
vn -0.395296 -0.701236 -0.593303
vn -0.395456 -0.704806 -0.588951
vn -0.395294 -0.706352 -0.587204
vn -0.395141 -0.700641 -0.594109
vn -0.395127 -0.707419 -0.586032
vn -0.395083 -0.707631 -0.585805
vn -0.394879 -0.699949 -0.595098
vn -0.401860 -0.705192 -0.584134
vn -0.394508 -0.699202 -0.596221
vn -0.404606 -0.704258 -0.583365
vn -0.394542 -0.699258 -0.596134
vn -0.394156 -0.698723 -0.597015
vn -0.378436 -0.679593 -0.628442
vn -0.408227 -0.703143 -0.582186
vn -0.410944 -0.702436 -0.581127
vn -0.413106 -0.702022 -0.580094
vn -0.414561 -0.701870 -0.579240
vn -0.416394 -0.701867 -0.577927
vn -0.417452 -0.701987 -0.577016
vn -0.418033 -0.702089 -0.576472
vn -0.419014 -0.702319 -0.575478
vn -0.419483 -0.702457 -0.574968
vn -0.420400 -0.702782 -0.573900
vn -0.420332 -0.702754 -0.573984
vn -0.375189 -0.698532 -0.609332
vn -0.431520 -0.707822 -0.559266
vn -0.431068 -0.708619 -0.558605
vn -0.429894 -0.709175 -0.558803
vn -0.429269 -0.709490 -0.558885
vn -0.428137 -0.710095 -0.558985
vn -0.426491 -0.711029 -0.559055
vn -0.424814 -0.712036 -0.559051
vn -0.315823 -0.684665 -0.656879
vn -0.469765 -0.704043 -0.532582
vn -0.433546 -0.707516 -0.558085
vn -0.324250 -0.701801 -0.634301
vn -0.324248 -0.701772 -0.634333
vn -0.351814 -0.692201 -0.630147
vn -0.530845 -0.725845 -0.437440
vn -0.530652 -0.725740 -0.437848
vn -0.531164 -0.726060 -0.436694
vn -0.530126 -0.725543 -0.438810
vn -0.531801 -0.726611 -0.434999
vn -0.531790 -0.726599 -0.435033
vn -0.517039 -0.722745 -0.458597
vn -0.529513 -0.725374 -0.439828
vn -0.532144 -0.727178 -0.433630
vn -0.514174 -0.729350 -0.451302
vn -0.532444 -0.727951 -0.431962
vn -0.514556 -0.728376 -0.452438
vn -0.532574 -0.728608 -0.430691
vn -0.514866 -0.727468 -0.453544
vn -0.515014 -0.726971 -0.454175
vn -0.532618 -0.729701 -0.428782
vn -0.532445 -0.731646 -0.425670
vn -0.531910 -0.734448 -0.421494
vn -0.540473 -0.732381 -0.414134
vn -0.531029 -0.737778 -0.416763
vn -0.539538 -0.732861 -0.414505
vn -0.537824 -0.733778 -0.415109
vn -0.536125 -0.734722 -0.415637
vn -0.532664 -0.736767 -0.416465
vn -0.541848 -0.731710 -0.413522
vn -0.541933 -0.731671 -0.413479
vn -0.543275 -0.731092 -0.412743
vn -0.543920 -0.730833 -0.412352
vn -0.515426 -0.725319 -0.456342
vn -0.500480 -0.706911 -0.499797
vn -0.544621 -0.730573 -0.411888
vn -0.545138 -0.730403 -0.411504
vn -0.546192 -0.730103 -0.410639
vn -0.546801 -0.729952 -0.410095
vn -0.546897 -0.729932 -0.410003
vn -0.569789 -0.725441 -0.386104
vn -0.461927 -0.715186 -0.524530
vn -0.554550 -0.735267 -0.389688
vn -0.464491 -0.731059 -0.499801
vn -0.464485 -0.731080 -0.499775
vn -0.490318 -0.721113 -0.489473
vn -0.609179 -0.748260 -0.262694
vn -0.609780 -0.747351 -0.263885
vn -0.608662 -0.749007 -0.261762
vn -0.610132 -0.746765 -0.264727
vn -0.608030 -0.749881 -0.260726
vn -0.606984 -0.751269 -0.259164
vn -0.610664 -0.745790 -0.266247
vn -0.607100 -0.751166 -0.259189
vn -0.605931 -0.752610 -0.257732
vn -0.610867 -0.745362 -0.266977
vn -0.614386 -0.747572 -0.252320
vn -0.611004 -0.745025 -0.267604
vn -0.615836 -0.746876 -0.250843
vn -0.611197 -0.744447 -0.268769
vn -0.611243 -0.744275 -0.269140
vn -0.614047 -0.726915 -0.307474
vn -0.618010 -0.745899 -0.248393
vn -0.619485 -0.745308 -0.246486
vn -0.620615 -0.744945 -0.244734
vn -0.621546 -0.744757 -0.242936
vn -0.622320 -0.744740 -0.240999
vn -0.622499 -0.744785 -0.240398
vn -0.623075 -0.745037 -0.238113
vn -0.623026 -0.745004 -0.238343
vn -0.623422 -0.745387 -0.236101
vn -0.623578 -0.745597 -0.235021
vn -0.600305 -0.745745 -0.288959
vn -0.625446 -0.749066 -0.218441
vn -0.625844 -0.749068 -0.217295
vn -0.625134 -0.749508 -0.217820
vn -0.624566 -0.749869 -0.218205
vn -0.623002 -0.750890 -0.219163
vn -0.622225 -0.751411 -0.219587
vn -0.620919 -0.752306 -0.220217
vn -0.619831 -0.753062 -0.220695
vn -0.571209 -0.738019 -0.359232
vn -0.627793 -0.747891 -0.215720
vn -0.646602 -0.741902 -0.177446
vn -0.567576 -0.752603 -0.333835
vn -0.567572 -0.752610 -0.333826
vn -0.590154 -0.741978 -0.318097
vn -0.656016 -0.752223 -0.061675
vn -0.656051 -0.752167 -0.061976
vn -0.655900 -0.752384 -0.060939
vn -0.656127 -0.751986 -0.063360
vn -0.655654 -0.752695 -0.059739
vn -0.655285 -0.753127 -0.058320
vn -0.656137 -0.751884 -0.064461
vn -0.655164 -0.753261 -0.057947
vn -0.654413 -0.750918 -0.088685
vn -0.656104 -0.751827 -0.065453
vn -0.654614 -0.753844 -0.056566
vn -0.648714 -0.756484 -0.083079
vn -0.653747 -0.754729 -0.054768
vn -0.649142 -0.756066 -0.083538
vn -0.650051 -0.755168 -0.084592
vn -0.652364 -0.756095 -0.052359
vn -0.650764 -0.757634 -0.049968
vn -0.647183 -0.760989 -0.045275
vn -0.645990 -0.762085 -0.043855
vn -0.654299 -0.755363 -0.036321
vn -0.653373 -0.756111 -0.037418
vn -0.652602 -0.756734 -0.038254
vn -0.651173 -0.757892 -0.039680
vn -0.648512 -0.760047 -0.041957
vn -0.654892 -0.754885 -0.035549
vn -0.655323 -0.754541 -0.034932
vn -0.655623 -0.754302 -0.034456
vn -0.655977 -0.754022 -0.033834
vn -0.651307 -0.753906 -0.086168
vn -0.656571 -0.753557 -0.032673
vn -0.656899 -0.753302 -0.031930
vn -0.657030 -0.753203 -0.031588
vn -0.657462 -0.752878 -0.030293
vn -0.657562 -0.752805 -0.029955
vn -0.665018 -0.746827 -0.000000
vn -0.636822 -0.751726 -0.171362
vn -0.654583 -0.755944 -0.008392
vn -0.627031 -0.765013 -0.146926
vn -0.627028 -0.765016 -0.146922
vn -0.645169 -0.753458 -0.126722
vn -0.641791 -0.755770 0.130063
vn -0.643133 -0.754793 0.129104
vn -0.640562 -0.756671 0.130879
vn -0.644258 -0.753990 0.128184
vn -0.639657 -0.757340 0.131433
vn -0.639649 -0.757337 0.131494
vn -0.638488 -0.758212 0.132089
vn -0.644901 -0.753539 0.127597
vn -0.642213 -0.753739 0.139427
vn -0.645838 -0.752899 0.126635
vn -0.643283 -0.752123 0.143174
vn -0.646235 -0.752634 0.126184
vn -0.643668 -0.751484 0.144791
vn -0.646885 -0.752212 0.125367
vn -0.647244 -0.751984 0.124877
vn -0.644111 -0.750616 0.147300
vn -0.644367 -0.749879 0.149907
vn -0.644373 -0.749576 0.151390
vn -0.644159 -0.749305 0.153630
vn -0.643826 -0.749240 0.155329
vn -0.643258 -0.749316 0.157304
vn -0.643072 -0.749358 0.157868
vn -0.642345 -0.749563 0.159837
vn -0.642208 -0.749608 0.160177
vn -0.656567 -0.749013 0.088874
vn -0.648760 -0.751044 0.122649
vn -0.635486 -0.751914 0.175448
vn -0.635555 -0.751534 0.176827
vn -0.635171 -0.752023 0.176122
vn -0.634730 -0.752565 0.175396
vn -0.634038 -0.753382 0.174389
vn -0.632904 -0.754673 0.172921
vn -0.632463 -0.755162 0.172395
vn -0.631620 -0.756080 0.171462
vn -0.635922 -0.751043 0.177587
vn -0.654643 -0.755446 0.027274
vn -0.636950 -0.749600 0.179986
vn -0.634987 -0.740356 0.220598
vn -0.639103 -0.767544 0.049233
vn -0.639128 -0.767524 0.049213
vn -0.651864 -0.754847 0.072657
vn -0.588517 -0.738475 0.329092
vn -0.588918 -0.738384 0.328580
vn -0.588014 -0.738611 0.329687
vn -0.589495 -0.738298 0.327737
vn -0.587546 -0.738757 0.330194
vn -0.586438 -0.739151 0.331281
vn -0.590156 -0.738244 0.326668
vn -0.585607 -0.739482 0.332010
vn -0.590668 -0.738239 0.325751
vn -0.584210 -0.740098 0.333096
vn -0.601207 -0.739277 0.303347
vn -0.590967 -0.738257 0.325170
vn -0.583112 -0.740627 0.333845
vn -0.593203 -0.744459 0.306415
vn -0.594161 -0.743861 0.306012
vn -0.580298 -0.742081 0.335514
vn -0.576767 -0.744007 0.337334
vn -0.575322 -0.740206 0.347995
vn -0.575011 -0.740950 0.346922
vn -0.573801 -0.743347 0.343786
vn -0.572188 -0.746157 0.340369
vn -0.571763 -0.746839 0.339586
vn -0.575731 -0.739080 0.349706
vn -0.575947 -0.738368 0.350853
vn -0.576053 -0.737914 0.351634
vn -0.576083 -0.737720 0.351991
vn -0.576114 -0.737276 0.352869
vn -0.576097 -0.736664 0.354173
vn -0.628362 -0.731390 0.265008
vn -0.596205 -0.742613 0.305066
vn -0.576090 -0.736615 0.354286
vn -0.575966 -0.736204 0.355342
vn -0.575775 -0.735815 0.356453
vn -0.575745 -0.735771 0.356593
vn -0.575359 -0.735327 0.358128
vn -0.567404 -0.727842 0.385096
vn -0.623549 -0.748952 0.224182
vn -0.562809 -0.736570 0.375114
vn -0.603084 -0.759997 0.242269
vn -0.603055 -0.760015 0.242284
vn -0.609806 -0.746071 0.267423
vn -0.485171 -0.724035 0.490288
vn -0.487197 -0.722888 0.489971
vn -0.485081 -0.724088 0.490299
vn -0.488848 -0.722015 0.489614
vn -0.482654 -0.725558 0.490521
vn -0.481211 -0.726460 0.490604
vn -0.484854 -0.724094 0.490514
vn -0.490036 -0.721425 0.489296
vn -0.482310 -0.718761 0.500759
vn -0.490899 -0.721029 0.489015
vn -0.481592 -0.717530 0.503210
vn -0.491913 -0.720598 0.488630
vn -0.480910 -0.716613 0.505164
vn -0.492769 -0.720263 0.488261
vn -0.493277 -0.720079 0.488021
vn -0.479820 -0.715531 0.507728
vn -0.479343 -0.715206 0.508636
vn -0.477971 -0.714631 0.510730
vn -0.476793 -0.714369 0.512196
vn -0.475545 -0.714272 0.513490
vn -0.474216 -0.714306 0.514671
vn -0.473264 -0.714367 0.515462
vn -0.471283 -0.714557 0.517012
vn -0.470695 -0.714628 0.517448
vn -0.519837 -0.719790 0.460079
vn -0.495705 -0.719259 0.486768
vn -0.458973 -0.714433 0.528138
vn -0.458977 -0.714854 0.527565
vn -0.458933 -0.715566 0.526637
vn -0.458795 -0.716591 0.525362
vn -0.458679 -0.717159 0.524687
vn -0.458398 -0.718281 0.523395
vn -0.458050 -0.719467 0.522070
vn -0.459128 -0.716209 0.525591
vn -0.458913 -0.713710 0.529166
vn -0.545524 -0.732641 0.406991
vn -0.458667 -0.712166 0.531455
vn -0.438015 -0.700057 0.563971
vn -0.521128 -0.742912 0.420129
vn -0.521133 -0.742909 0.420128
vn -0.521649 -0.727664 0.445407
vn -0.345397 -0.688073 0.638166
vn -0.345773 -0.688020 0.638020
vn -0.344614 -0.688212 0.638439
vn -0.347412 -0.687895 0.637264
vn -0.343695 -0.688412 0.638720
vn -0.342247 -0.688788 0.639091
vn -0.347740 -0.687886 0.637095
vn -0.341687 -0.688960 0.639206
vn -0.348977 -0.687917 0.636385
vn -0.339480 -0.689743 0.639537
vn -0.349907 -0.687979 0.635807
vn -0.370744 -0.689925 0.621732
vn -0.337353 -0.690599 0.639738
vn -0.360403 -0.696134 0.620892
vn -0.361456 -0.695538 0.620948
vn -0.334647 -0.691815 0.639847
vn -0.330072 -0.694058 0.639794
vn -0.326654 -0.695850 0.639602
vn -0.325883 -0.688025 0.648399
vn -0.326331 -0.690343 0.645705
vn -0.326617 -0.693480 0.642189
vn -0.325680 -0.687405 0.649159
vn -0.324986 -0.685710 0.651296
vn -0.324884 -0.685507 0.651560
vn -0.324606 -0.685048 0.652182
vn -0.324426 -0.684799 0.652531
vn -0.323569 -0.683791 0.654013
vn -0.323608 -0.683831 0.653952
vn -0.363800 -0.694271 0.620997
vn -0.323088 -0.683379 0.654681
vn -0.322336 -0.682834 0.655620
vn -0.322367 -0.682853 0.655585
vn -0.321205 -0.682233 0.656800
vn -0.321582 -0.682411 0.656430
vn -0.301222 -0.673574 0.674955
vn -0.425398 -0.707571 0.564251
vn -0.301762 -0.681837 0.666361
vn -0.398508 -0.717301 0.571551
vn -0.398508 -0.717301 0.571551
vn -0.392944 -0.700771 0.595412
vn -0.179584 -0.660265 0.729246
vn -0.180995 -0.659393 0.729686
vn -0.178351 -0.661066 0.728822
vn -0.182454 -0.658577 0.730059
vn -0.176912 -0.662051 0.728280
vn -0.180060 -0.659776 0.729571
vn -0.171747 -0.653026 0.737604
vn -0.183699 -0.657941 0.730320
vn -0.171307 -0.652695 0.737999
vn -0.184774 -0.657449 0.730492
vn -0.169150 -0.651238 0.739782
vn -0.186210 -0.656859 0.730659
vn -0.168415 -0.650811 0.740325
vn -0.186364 -0.656803 0.730670
vn -0.187649 -0.656375 0.730725
vn -0.165977 -0.649661 0.741885
vn -0.164836 -0.649258 0.742491
vn -0.162828 -0.648796 0.743337
vn -0.161089 -0.648588 0.743898
vn -0.158851 -0.648525 0.744434
vn -0.156803 -0.648617 0.744788
vn -0.156255 -0.648657 0.744868
vn -0.151172 -0.649154 0.745484
vn -0.190138 -0.655626 0.730755
vn -0.225383 -0.657587 0.718876
vn -0.138804 -0.647465 0.749349
vn -0.139526 -0.648848 0.748017
vn -0.139789 -0.649451 0.747444
vn -0.140101 -0.650329 0.746621
vn -0.140519 -0.651719 0.745330
vn -0.140635 -0.652183 0.744902
vn -0.140976 -0.653867 0.743360
vn -0.140419 -0.650377 0.746520
vn -0.138620 -0.647160 0.749645
vn -0.138152 -0.646480 0.750318
vn -0.270803 -0.675274 0.686055
vn -0.104149 -0.631135 0.768649
vn -0.136825 -0.644766 0.752034
vn -0.242852 -0.684801 0.687074
vn -0.242864 -0.684794 0.687076
vn -0.231771 -0.667120 0.707979
vn 0.012901 -0.613543 0.789556
vn 0.012822 -0.613530 0.789568
vn 0.014219 -0.613829 0.789311
vn 0.011160 -0.613353 0.789730
vn 0.014825 -0.613988 0.789176
vn 0.016022 -0.614366 0.788859
vn 0.010076 -0.613294 0.789790
vn 0.017798 -0.615028 0.788305
vn 0.009147 -0.613292 0.789804
vn 0.018706 -0.615424 0.787974
vn 0.008421 -0.613320 0.789790
vn 0.021581 -0.616866 0.786772
vn 0.007923 -0.613356 0.789767
vn -0.018427 -0.615753 0.787724
vn -0.009158 -0.622333 0.782699
vn 0.024072 -0.618283 0.785587
vn 0.028690 -0.621197 0.783129
vn 0.029219 -0.621561 0.782821
vn 0.033203 -0.614217 0.788438
vn 0.031396 -0.617281 0.786116
vn 0.034855 -0.611862 0.790196
vn 0.035298 -0.611343 0.790578
vn 0.036432 -0.610139 0.791456
vn 0.037490 -0.609126 0.792187
vn 0.037858 -0.608808 0.792413
vn 0.038458 -0.608344 0.792741
vn 0.038743 -0.608145 0.792880
vn 0.040256 -0.607195 0.793533
vn -0.011373 -0.620871 0.783831
vn 0.040185 -0.607235 0.793505
vn 0.041037 -0.606814 0.793784
vn 0.041825 -0.606471 0.794005
vn 0.042185 -0.606331 0.794093
vn 0.063288 -0.607119 0.792087
vn 0.067830 -0.597004 0.799365
vn -0.091365 -0.637808 0.764757
vn 0.064259 -0.605189 0.793484
vn -0.063981 -0.647434 0.759431
vn -0.063988 -0.647430 0.759434
vn -0.048262 -0.628798 0.776069
vn 0.201102 -0.581178 0.788536
vn 0.200190 -0.580317 0.789403
vn 0.202424 -0.582514 0.787212
vn 0.199832 -0.579704 0.789943
vn 0.199123 -0.579430 0.790323
vn 0.210547 -0.573167 0.791928
vn 0.213189 -0.571627 0.792334
vn 0.197983 -0.578584 0.791229
vn 0.213798 -0.571298 0.792407
vn 0.196887 -0.577870 0.792024
vn 0.215784 -0.570333 0.792564
vn 0.196508 -0.577652 0.792277
vn 0.217629 -0.569563 0.792613
vn 0.195374 -0.577078 0.792975
vn 0.194751 -0.576796 0.793334
vn 0.218973 -0.569114 0.792566
vn 0.221231 -0.568577 0.792324
vn 0.222645 -0.568390 0.792062
vn 0.224931 -0.568321 0.791465
vn 0.228162 -0.568515 0.790401
vn 0.229073 -0.568637 0.790049
vn 0.232317 -0.569171 0.788716
vn 0.192521 -0.575891 0.794535
vn 0.154775 -0.577454 0.801618
vn 0.245130 -0.568072 0.785624
vn 0.244386 -0.569015 0.785174
vn 0.244080 -0.569443 0.784958
vn 0.242891 -0.571240 0.784021
vn 0.242512 -0.571857 0.783689
vn 0.241906 -0.572919 0.783100
vn 0.241152 -0.574341 0.782290
vn 0.242738 -0.571120 0.784156
vn 0.246268 -0.566767 0.786211
vn 0.246663 -0.566351 0.786387
vn 0.246991 -0.566032 0.786513
vn 0.101544 -0.597503 0.795411
vn 0.249330 -0.563927 0.787288
vn 0.284608 -0.550716 0.784672
vn 0.126884 -0.607562 0.784072
vn 0.126898 -0.607572 0.784062
vn 0.146049 -0.588229 0.795397
vn 0.398935 -0.533670 0.745686
vn 0.397775 -0.533271 0.746590
vn 0.399178 -0.533769 0.745485
vn 0.397249 -0.533144 0.746961
vn 0.400274 -0.534298 0.744518
vn 0.401011 -0.534718 0.743819
vn 0.395953 -0.532928 0.747803
vn 0.401440 -0.535006 0.743380
vn 0.395579 -0.532892 0.748026
vn 0.403305 -0.536479 0.741306
vn 0.394575 -0.532851 0.748586
vn 0.404716 -0.537779 0.739594
vn 0.394424 -0.532852 0.748664
vn 0.368852 -0.533595 0.761068
vn 0.375431 -0.541962 0.751883
vn 0.406776 -0.539970 0.736862
vn 0.415643 -0.533644 0.736522
vn 0.413529 -0.536084 0.735941
vn 0.410222 -0.540260 0.734736
vn 0.408707 -0.542307 0.734072
vn 0.418297 -0.530916 0.736991
vn 0.419027 -0.530263 0.737046
vn 0.420062 -0.529406 0.737074
vn 0.420671 -0.528941 0.737060
vn 0.421497 -0.528362 0.737004
vn 0.422959 -0.527423 0.736838
vn 0.422949 -0.527429 0.736840
vn 0.423713 -0.527022 0.736692
vn 0.374225 -0.540558 0.753494
vn 0.424391 -0.526693 0.736537
vn 0.424820 -0.526510 0.736421
vn 0.426133 -0.526014 0.736016
vn 0.427058 -0.525700 0.735704
vn 0.449828 -0.518472 0.727215
vn 0.443325 -0.527855 0.724453
vn 0.295884 -0.556922 0.776074
vn 0.445105 -0.525455 0.725106
vn 0.317744 -0.567699 0.759445
vn 0.317757 -0.567712 0.759430
vn 0.339009 -0.547921 0.764758
vn 0.562817 -0.506357 0.653330
vn 0.561761 -0.503383 0.656529
vn 0.562357 -0.505195 0.654624
vn 0.572464 -0.497208 0.651973
vn 0.561795 -0.504039 0.655997
vn 0.574611 -0.496011 0.650996
vn 0.575780 -0.495398 0.650429
vn 0.561325 -0.503219 0.657028
vn 0.577365 -0.494640 0.649601
vn 0.560703 -0.502312 0.658251
vn 0.578067 -0.494347 0.649199
vn 0.560205 -0.501692 0.659148
vn 0.579711 -0.493787 0.648159
vn 0.559858 -0.501322 0.659724
vn 0.559514 -0.500998 0.660262
vn 0.581280 -0.493405 0.647044
vn 0.582270 -0.493283 0.646246
vn 0.584206 -0.493314 0.644472
vn 0.585704 -0.493554 0.642927
vn 0.587447 -0.494070 0.640937
vn 0.589767 -0.495031 0.638059
vn 0.558020 -0.499756 0.662464
vn 0.527380 -0.498858 0.687758
vn 0.596322 -0.498057 0.629555
vn 0.600116 -0.493554 0.629496
vn 0.599726 -0.493982 0.629532
vn 0.598514 -0.495408 0.629565
vn 0.597942 -0.496114 0.629552
vn 0.596798 -0.497598 0.629467
vn 0.596293 -0.498281 0.629404
vn 0.595072 -0.500011 0.629189
vn 0.594552 -0.500777 0.629071
vn 0.601021 -0.492630 0.629357
vn 0.601700 -0.491978 0.629218
vn 0.602233 -0.491496 0.629084
vn 0.479404 -0.518599 0.707974
vn 0.604492 -0.489575 0.628415
vn 0.633032 -0.478677 0.608390
vn 0.496622 -0.530342 0.687098
vn 0.496633 -0.530358 0.687078
vn 0.518408 -0.510465 0.686060
vn 0.715888 -0.467790 0.518340
vn 0.715518 -0.467395 0.519206
vn 0.716172 -0.468149 0.517624
vn 0.714996 -0.466992 0.520287
vn 0.716454 -0.468581 0.516842
vn 0.716940 -0.469491 0.515339
vn 0.714502 -0.466701 0.521226
vn 0.717278 -0.470284 0.514146
vn 0.714186 -0.466568 0.521778
vn 0.717662 -0.471441 0.512547
vn 0.713575 -0.466383 0.522778
vn 0.718104 -0.473196 0.510307
vn 0.713285 -0.466322 0.523229
vn 0.713311 -0.466325 0.523190
vn 0.696250 -0.464601 0.547158
vn 0.718758 -0.476789 0.506023
vn 0.718834 -0.477388 0.505350
vn 0.725306 -0.469578 0.503415
vn 0.721475 -0.474116 0.504665
vn 0.727196 -0.467482 0.502640
vn 0.729133 -0.465519 0.501655
vn 0.730099 -0.464647 0.501058
vn 0.731118 -0.463786 0.500369
vn 0.731626 -0.463387 0.499995
vn 0.732261 -0.462927 0.499491
vn 0.732604 -0.462700 0.499199
vn 0.733010 -0.462455 0.498831
vn 0.733881 -0.461978 0.497991
vn 0.697974 -0.473161 0.537542
vn 0.734416 -0.461714 0.497447
vn 0.735019 -0.461457 0.496795
vn 0.734956 -0.461480 0.496866
vn 0.745137 -0.464526 0.478525
vn 0.744648 -0.465185 0.478646
vn 0.751034 -0.456143 0.477370
vn 0.640577 -0.484942 0.595393
vn 0.746912 -0.462218 0.477994
vn 0.652274 -0.497845 0.571567
vn 0.652279 -0.497858 0.571550
vn 0.673028 -0.478178 0.564250
vn 0.816824 -0.449285 0.361858
vn 0.824720 -0.443809 0.350530
vn 0.816306 -0.452836 0.358586
vn 0.824928 -0.443668 0.350218
vn 0.816478 -0.451295 0.360134
vn 0.826145 -0.442894 0.348323
vn 0.827129 -0.442322 0.346711
vn 0.816558 -0.450223 0.361293
vn 0.827375 -0.442197 0.346282
vn 0.816581 -0.449435 0.362221
vn 0.828297 -0.441830 0.344545
vn 0.816563 -0.448435 0.363499
vn 0.828963 -0.441662 0.343154
vn 0.816530 -0.447953 0.364167
vn 0.816462 -0.447375 0.365028
vn 0.829677 -0.441632 0.341462
vn 0.830183 -0.441762 0.340063
vn 0.830829 -0.442204 0.337903
vn 0.831496 -0.443033 0.335166
vn 0.832132 -0.444271 0.331935
vn 0.801011 -0.440892 0.404964
vn 0.816235 -0.446028 0.367177
vn 0.833845 -0.449123 0.320922
vn 0.837312 -0.444320 0.318573
vn 0.836714 -0.445114 0.319036
vn 0.836301 -0.445680 0.319329
vn 0.835110 -0.447356 0.320099
vn 0.834735 -0.447899 0.320319
vn 0.834033 -0.448938 0.320692
vn 0.832950 -0.450577 0.321208
vn 0.831641 -0.452593 0.321765
vn 0.838082 -0.443343 0.317908
vn 0.838545 -0.442783 0.317468
vn 0.839255 -0.441961 0.316735
vn 0.839529 -0.441658 0.316432
vn 0.769290 -0.458066 0.445387
vn 0.855821 -0.432835 0.283239
vn 0.841109 -0.439985 0.314561
vn 0.774908 -0.472243 0.420123
vn 0.774908 -0.472215 0.420156
vn 0.793149 -0.453073 0.406989
vn 0.886673 -0.432660 0.163142
vn 0.886814 -0.431901 0.164386
vn 0.886548 -0.433251 0.162255
vn 0.886858 -0.431554 0.165060
vn 0.886455 -0.433639 0.161724
vn 0.886202 -0.434598 0.160529
vn 0.886886 -0.431122 0.166035
vn 0.885785 -0.436053 0.158881
vn 0.886877 -0.430678 0.167229
vn 0.885367 -0.437405 0.157486
vn 0.886861 -0.430539 0.167674
vn 0.884556 -0.439869 0.155165
vn 0.886798 -0.430268 0.168698
vn 0.883490 -0.424144 0.198864
vn 0.886775 -0.430202 0.168987
vn 0.883249 -0.443613 0.151919
vn 0.883565 -0.442741 0.152621
vn 0.886742 -0.437686 0.148729
vn 0.888910 -0.434275 0.145754
vn 0.890077 -0.432491 0.143924
vn 0.891059 -0.431060 0.142133
vn 0.891637 -0.430274 0.140882
vn 0.891954 -0.429862 0.140133
vn 0.892152 -0.429618 0.139619
vn 0.892592 -0.429108 0.138366
vn 0.892759 -0.428929 0.137843
vn 0.893000 -0.428693 0.137016
vn 0.893169 -0.428544 0.136377
vn 0.880154 -0.435324 0.189265
vn 0.893362 -0.428394 0.135582
vn 0.893607 -0.428242 0.134446
vn 0.894061 -0.433070 0.114480
vn 0.893579 -0.433916 0.115040
vn 0.892859 -0.435192 0.115808
vn 0.897912 -0.426000 0.110805
vn 0.857431 -0.439654 0.267425
vn 0.895235 -0.431029 0.112999
vn 0.856824 -0.455140 0.242281
vn 0.856825 -0.455137 0.242284
vn 0.871199 -0.436774 0.224143
vn 0.904574 -0.425738 0.022193
vn 0.899481 -0.430883 0.072615
vn 0.890571 -0.452193 0.049046
vn 0.892299 -0.448961 0.047295
vn 0.898071 -0.437037 0.049678
vn 0.902121 -0.430575 0.027967
vn 0.902757 -0.429285 0.027264
vn 0.889975 -0.429069 -0.154413
vn 0.880964 -0.432978 -0.190870
vn 0.879298 -0.436010 -0.191653
vn 0.889894 -0.436837 -0.131386
vn 0.888472 -0.439985 -0.130499
vn 0.900845 -0.415539 -0.125721
vn 0.896880 -0.415600 -0.151271
vn 0.881025 -0.430382 -0.196381
vn 0.837614 -0.440276 -0.323358
vn 0.837913 -0.422692 -0.345303
vn 0.847932 -0.431521 -0.307899
vn 0.815349 -0.443322 -0.372387
vn 0.814906 -0.449572 -0.365805
vn 0.813292 -0.452714 -0.365522
vn 0.839888 -0.444549 -0.311390
vn 0.838836 -0.447588 -0.309869
vn 0.723856 -0.462492 -0.511989
vn 0.729768 -0.449799 -0.514897
vn 0.752823 -0.458349 -0.472412
vn 0.711034 -0.473986 -0.519392
vn 0.709651 -0.477144 -0.518391
vn 0.749720 -0.460586 -0.475163
vn 0.749405 -0.463341 -0.472977
vn 0.712205 -0.455032 -0.534518
vn 0.615290 -0.495146 -0.613391
vn 0.623190 -0.484410 -0.613988
vn 0.625329 -0.486076 -0.610486
vn 0.585730 -0.493738 -0.642762
vn 0.583575 -0.488262 -0.648876
vn 0.543621 -0.508778 -0.667548
vn 0.542702 -0.502066 -0.673353
vn 0.540469 -0.505005 -0.672951
vn 0.587859 -0.483778 -0.648368
vn 0.439032 -0.514517 -0.736562
vn 0.371059 -0.535412 -0.758715
vn 0.409518 -0.530447 -0.742241
vn 0.376252 -0.539582 -0.753184
vn 0.375224 -0.542539 -0.751570
vn 0.430858 -0.531541 -0.729264
vn 0.431153 -0.534341 -0.727040
vn 0.411739 -0.513493 -0.752858
vn 0.261253 -0.555760 -0.789226
vn 0.197085 -0.579782 -0.790576
vn 0.196817 -0.582659 -0.788525
vn 0.190175 -0.571659 -0.798147
vn 0.255146 -0.565478 -0.784305
vn 0.256225 -0.568016 -0.782117
vn 0.242233 -0.565556 -0.788334
vn 0.219183 -0.552659 -0.804069
vn 0.024623 -0.606676 -0.794568
vn -0.000133 -0.601107 -0.799169
vn 0.014920 -0.620525 -0.784045
vn 0.015317 -0.623284 -0.781846
vn 0.022814 -0.602298 -0.797945
vn 0.070876 -0.601164 -0.795977
vn 0.073194 -0.603253 -0.794184
vn 0.074375 -0.601208 -0.795624
vn -0.203690 -0.659107 -0.723939
vn -0.203632 -0.661739 -0.721551
vn -0.146557 -0.653656 -0.742465
vn -0.144765 -0.656150 -0.740615
vn -0.182834 -0.654656 -0.733483
vn -0.211192 -0.657111 -0.723604
vn -0.169547 -0.639842 -0.749570
vn -0.147864 -0.635680 -0.757659
vn -0.333629 -0.686251 -0.646337
vn -0.368963 -0.688176 -0.624724
vn -0.346917 -0.670290 -0.656018
vn -0.311944 -0.673601 -0.670039
vn -0.358744 -0.694283 -0.623919
vn -0.357542 -0.696828 -0.621767
vn -0.310650 -0.685224 -0.658760
vn -0.308355 -0.687560 -0.657403
vn -0.486093 -0.723613 -0.489998
vn -0.484208 -0.726079 -0.488213
vn -0.451562 -0.711863 -0.537905
vn -0.448800 -0.714012 -0.537369
vn -0.489663 -0.703233 -0.515455
vn -0.500190 -0.713292 -0.490943
vn -0.449240 -0.712629 -0.538836
vn -0.561439 -0.732108 -0.385751
vn -0.558214 -0.733714 -0.387377
vn -0.587118 -0.732153 -0.345319
vn -0.558143 -0.734043 -0.386856
vn -0.584973 -0.735790 -0.341203
vn -0.586387 -0.734854 -0.340793
vn -0.600694 -0.744318 -0.291819
vn -0.589859 -0.731038 -0.343002
vn -0.603783 -0.741125 -0.293562
vn -0.602621 -0.743260 -0.290538
vn -0.657776 -0.737799 -0.151606
vn -0.646102 -0.751686 -0.132363
vn -0.645783 -0.742426 -0.178236
vn -0.648437 -0.753182 -0.110664
vn -0.646058 -0.755422 -0.109303
vn -0.634296 -0.754360 -0.169143
vn -0.631532 -0.756649 -0.169258
vn -0.654860 -0.748472 -0.104634
vn -0.649766 -0.756245 0.076802
vn -0.647086 -0.758490 0.077282
vn -0.659658 -0.746804 0.084473
vn -0.654526 -0.755851 0.016898
vn -0.651943 -0.758099 0.016009
vn -0.672423 -0.738414 0.050910
vn -0.662690 -0.748823 0.010242
vn -0.655723 -0.753701 0.044291
vn -0.621245 -0.735716 0.269770
vn -0.628860 -0.736591 0.248936
vn -0.628485 -0.751171 0.201863
vn -0.608295 -0.750296 0.258907
vn -0.605579 -0.752568 0.258681
vn -0.631521 -0.748247 0.203244
vn -0.629529 -0.750454 0.201276
vn -0.559024 -0.718557 0.413724
vn -0.543987 -0.719751 0.431320
vn -0.510803 -0.722844 0.465378
vn -0.507845 -0.724809 0.465559
vn -0.537198 -0.735633 0.412629
vn -0.535067 -0.738053 0.411074
vn -0.508002 -0.724292 0.466192
vn -0.545003 -0.723628 0.423479
vn -0.423502 -0.686624 0.590926
vn -0.438395 -0.701576 0.561784
vn -0.385204 -0.690593 0.612127
vn -0.400963 -0.700355 0.590534
vn -0.384524 -0.699266 0.602635
vn -0.381983 -0.701525 0.601624
vn -0.426346 -0.709768 0.560765
vn -0.424761 -0.712287 0.558771
vn -0.292892 -0.673278 0.678904
vn -0.261648 -0.654567 0.709283
vn -0.230967 -0.669939 0.705575
vn -0.228905 -0.672367 0.703935
vn -0.284232 -0.677319 0.678566
vn -0.283510 -0.679892 0.676291
vn -0.260583 -0.670948 0.694209
vn -0.232468 -0.655234 0.718767
vn -0.118119 -0.639883 0.759340
vn -0.119242 -0.642524 0.756931
vn -0.114923 -0.644489 0.755928
vn -0.072739 -0.626430 0.776076
vn -0.021795 -0.619254 0.784888
vn -0.018002 -0.620689 0.783850
vn -0.068856 -0.629252 0.774145
vn -0.071796 -0.622040 0.779687
vn -0.017371 -0.619947 0.784451
vn -0.061196 -0.624362 0.778734
vn 0.094012 -0.584723 0.805767
vn 0.163486 -0.583222 0.795691
vn 0.165080 -0.585593 0.793618
vn 0.166622 -0.582251 0.795752
vn 0.105754 -0.600219 0.792813
vn 0.105826 -0.603047 0.790655
vn 0.111581 -0.588737 0.800586
vn 0.120383 -0.576429 0.808231
vn 0.344663 -0.548176 0.762043
vn 0.345326 -0.550856 0.759808
vn 0.287681 -0.559486 0.777313
vn 0.287048 -0.562421 0.775426
vn 0.351643 -0.534857 0.768293
vn 0.317031 -0.531537 0.785468
vn 0.327127 -0.547734 0.770048
vn 0.281785 -0.553333 0.783850
vn 0.522236 -0.494960 0.694467
vn 0.501244 -0.498948 0.706969
vn 0.512560 -0.515816 0.686452
vn 0.512522 -0.518692 0.684310
vn 0.456758 -0.518130 0.723128
vn 0.461638 -0.520337 0.718429
vn 0.460117 -0.523334 0.717227
vn 0.488406 -0.513878 0.705258
vn 0.618966 -0.485058 0.617738
vn 0.614777 -0.487707 0.619832
vn 0.619498 -0.490844 0.612613
vn 0.693950 -0.470609 0.544940
vn 0.690815 -0.471501 0.548144
vn 0.691216 -0.473969 0.545503
vn 0.654863 -0.469748 0.592024
vn 0.651500 -0.482209 0.585681
vn 0.660149 -0.470173 0.585781
vn 0.664566 -0.474684 0.577085
vn 0.798847 -0.454484 0.394066
vn 0.775686 -0.451844 0.440622
vn 0.767368 -0.460877 0.445801
vn 0.765859 -0.464019 0.445136
vn 0.802949 -0.447812 0.393367
vn 0.789476 -0.433866 0.434152
vn 0.768876 -0.446054 0.458111
vn 0.799589 -0.451586 0.395889
vn 0.879651 -0.422468 0.218485
vn 0.868388 -0.433719 0.240396
vn 0.853261 -0.435845 0.286331
vn 0.870118 -0.439601 0.222814
vn 0.868845 -0.442717 0.221607
vn 0.873973 -0.416559 0.250298
vn 0.852953 -0.440239 0.280465
vn 0.851296 -0.443322 0.280642
vn 0.902084 -0.426400 0.066535
vn 0.903919 -0.425432 0.044019
vn 0.899357 -0.435474 0.038974
vn 0.898449 -0.427960 0.098181
vn 0.896907 -0.430786 0.099906
vn 0.898265 -0.427027 0.103766
vn 0.907939 -0.416750 0.044334
vn 0.906252 -0.419760 0.050094
f 1//1 2//1 3//1
f 2//2 4//2 3//2
f 3//3 5//3 6//3
f 4//4 5//4 3//4
f 6//5 7//5 8//5
f 5//6 7//6 6//6
f 8//7 9//7 10//7
f 7//8 9//8 8//8
f 10//9 11//9 12//9
f 9//10 11//10 10//10
f 12//11 13//11 14//11
f 14//12 13//12 15//12
f 11//13 13//13 12//13
f 13//14 16//14 15//14
f 15//15 17//15 18//15
f 16//16 17//16 15//16
f 18//17 19//17 20//17
f 20//18 19//18 21//18
f 17//19 19//19 18//19
f 19//20 22//20 21//20
f 21//21 23//21 24//21
f 22//22 23//22 21//22
f 24//23 25//23 26//23
f 26//24 25//24 27//24
f 23//25 25//25 24//25
f 25//26 28//26 27//26
f 27//27 29//27 30//27
f 28//28 29//28 27//28
f 30//29 31//29 32//29
f 29//30 31//30 30//30
f 32//31 33//31 34//31
f 34//32 33//32 35//32
f 31//33 33//33 32//33
f 33//34 36//34 35//34
f 36//35 37//35 35//35
f 35//36 37//36 38//36
f 37//37 39//37 38//37
f 38//38 39//38 40//38
f 40//39 39//39 41//39
f 39//40 42//40 41//40
f 41//41 42//41 43//41
f 42//42 44//42 43//42
f 44//43 45//43 43//43
f 43//44 45//44 46//44
f 46//45 45//45 47//45
f 45//46 48//46 47//46
f 47//47 49//47 50//47
f 48//48 49//48 47//48
f 50//49 51//49 52//49
f 49//50 51//50 50//50
f 52//51 53//51 54//51
f 51//52 53//52 52//52
f 54//53 55//53 56//53
f 53//54 55//54 54//54
f 56//55 57//55 58//55
f 55//56 57//56 56//56
f 58//57 59//57 60//57
f 57//58 59//58 58//58
f 60//59 61//59 62//59
f 62//60 61//60 63//60
f 59//61 61//61 60//61
f 61//62 64//62 63//62
f 63//63 65//63 66//63
f 66//64 65//64 67//64
f 64//65 65//65 63//65
f 67//66 68//66 69//66
f 65//67 68//67 67//67
f 68//68 70//68 69//68
f 69//69 71//69 72//69
f 72//70 71//70 73//70
f 70//71 71//71 69//71
f 71//72 74//72 73//72
f 73//73 75//73 76//73
f 74//74 75//74 73//74
f 76//75 77//75 78//75
f 78//76 77//76 79//76
f 75//77 77//77 76//77
f 79//78 80//78 81//78
f 77//79 80//79 79//79
f 80//80 82//80 81//80
f 81//81 83//81 84//81
f 84//82 83//82 85//82
f 82//83 83//83 81//83
f 85//84 86//84 87//84
f 83//85 86//85 85//85
f 86//86 88//86 87//86
f 88//87 89//87 87//87
f 87//88 89//88 90//88
f 89//89 91//89 90//89
f 90//90 91//90 92//90
f 91//91 93//91 92//91
f 92//92 93//92 94//92
f 94//93 93//93 95//93
f 93//94 96//94 95//94
f 96//95 97//95 95//95
f 95//96 97//96 98//96
f 98//97 97//97 99//97
f 97//98 100//98 99//98
f 100//99 101//99 99//99
f 99//100 101//100 102//100
f 102//101 101//101 103//101
f 101//102 104//102 103//102
f 104//103 105//103 103//103
f 103//104 105//104 106//104
f 106//105 105//105 107//105
f 105//106 108//106 107//106
f 108//107 109//107 107//107
f 107//108 109//108 110//108
f 110//109 109//109 111//109
f 109//110 112//110 111//110
f 111//111 112//111 113//111
f 112//112 114//112 113//112
f 114//113 115//113 113//113
f 113//114 115//114 116//114
f 116//115 117//115 118//115
f 115//116 117//116 116//116
f 118//117 117//117 119//117
f 117//118 120//118 119//118
f 119//119 121//119 122//119
f 120//120 121//120 119//120
f 122//121 123//121 124//121
f 121//122 123//122 122//122
f 124//123 125//123 126//123
f 123//124 125//124 124//124
f 126//125 127//125 128//125
f 125//126 127//126 126//126
f 128//127 129//127 130//127
f 130//128 129//128 131//128
f 127//129 129//129 128//129
f 129//130 132//130 131//130
f 131//131 133//131 134//131
f 134//132 133//132 135//132
f 132//133 133//133 131//133
f 133//134 136//134 135//134
f 136//135 137//135 135//135
f 135//136 137//136 138//136
f 137//137 139//137 138//137
f 138//138 139//138 140//138
f 139//139 141//139 140//139
f 140//140 141//140 142//140
f 141//141 143//141 142//141
f 142//142 143//142 144//142
f 143//143 145//143 144//143
f 144//144 145//144 146//144
f 146//145 145//145 147//145
f 145//146 148//146 147//146
f 147//147 148//147 149//147
f 148//148 150//148 149//148
f 150//149 151//149 149//149
f 149//150 151//150 152//150
f 151//151 153//151 152//151
f 152//152 153//152 154//152
f 154//153 153//153 155//153
f 153//154 156//154 155//154
f 156//155 157//155 155//155
f 155//156 157//156 158//156
f 157//157 159//157 158//157
f 158//158 159//158 160//158
f 160//159 159//159 161//159
f 159//160 162//160 161//160
f 162//161 163//161 161//161
f 161//162 163//162 164//162
f 164//163 163//163 165//163
f 163//164 166//164 165//164
f 165//165 166//165 167//165
f 166//166 168//166 167//166
f 167//167 168//167 169//167
f 168//168 170//168 169//168
f 170//169 171//169 169//169
f 169//170 171//170 172//170
f 172//171 171//171 173//171
f 171//172 174//172 173//172
f 174//173 175//173 173//173
f 173//174 175//174 176//174
f 176//175 175//175 177//175
f 175//176 178//176 177//176
f 178//177 179//177 177//177
f 177//178 179//178 180//178
f 180//179 179//179 181//179
f 179//180 182//180 181//180
f 181//181 183//181 184//181
f 184//182 183//182 185//182
f 182//183 183//183 181//183
f 183//184 186//184 185//184
f 185//185 187//185 188//185
f 188//186 187//186 189//186
f 186//187 187//187 185//187
f 187//188 190//188 189//188
f 190//189 191//189 189//189
f 189//190 191//190 192//190
f 191//191 193//191 192//191
f 192//192 193//192 194//192
f 193//193 195//193 194//193
f 194//194 195//194 196//194
f 196//195 195//195 197//195
f 195//196 198//196 197//196
f 198//197 199//197 197//197
f 197//198 199//198 200//198
f 200//199 201//199 202//199
f 202//200 201//200 203//200
f 199//201 201//201 200//201
f 201//202 204//202 203//202
f 203//203 205//203 206//203
f 206//204 205//204 207//204
f 204//205 205//205 203//205
f 205//206 208//206 207//206
f 207//207 209//207 210//207
f 210//208 209//208 211//208
f 208//209 209//209 207//209
f 209//210 212//210 211//210
f 211//211 213//211 214//211
f 214//212 213//212 215//212
f 212//213 213//213 211//213
f 213//214 216//214 215//214
f 215//215 217//215 218//215
f 218//216 217//216 219//216
f 216//217 217//217 215//217
f 217//218 220//218 219//218
f 219//219 221//219 222//219
f 220//220 221//220 219//220
f 222//221 223//221 224//221
f 221//222 223//222 222//222
f 224//223 225//223 226//223
f 226//224 225//224 1//224
f 223//225 225//225 224//225
f 225//226 2//226 1//226
f 227//227 228//227 229//227
f 2//228 230//228 4//228
f 231//229 232//229 227//229
f 225//230 230//230 2//230
f 229//231 231//231 227//231
f 4//232 233//232 5//232
f 5//233 233//233 7//233
f 230//234 233//234 4//234
f 7//235 234//235 9//235
f 9//236 234//236 11//236
f 233//237 234//237 7//237
f 227//238 235//238 230//238
f 236//239 235//239 232//239
f 237//240 235//240 236//240
f 230//241 235//241 233//241
f 232//242 235//242 227//242
f 11//243 238//243 13//243
f 13//244 238//244 16//244
f 234//245 238//245 11//245
f 233//246 239//246 234//246
f 240//247 239//247 237//247
f 241//248 239//248 240//248
f 235//249 239//249 233//249
f 237//250 239//250 235//250
f 16//251 242//251 17//251
f 17//252 242//252 19//252
f 238//253 242//253 16//253
f 234//254 243//254 238//254
f 241//255 243//255 239//255
f 244//256 243//256 241//256
f 245//257 243//257 244//257
f 239//258 243//258 234//258
f 19//259 246//259 22//259
f 22//260 246//260 23//260
f 242//261 246//261 19//261
f 243//262 247//262 238//262
f 245//263 247//263 243//263
f 248//264 247//264 245//264
f 249//265 247//265 248//265
f 238//266 247//266 242//266
f 23//267 250//267 25//267
f 25//268 250//268 28//268
f 246//269 250//269 23//269
f 249//270 251//270 247//270
f 247//271 251//271 242//271
f 252//272 251//272 249//272
f 253//273 251//273 252//273
f 246//274 251//274 250//274
f 242//275 251//275 246//275
f 28//276 254//276 29//276
f 29//277 254//277 31//277
f 250//278 254//278 28//278
f 255//279 256//279 253//279
f 257//280 256//280 255//280
f 253//281 256//281 251//281
f 251//282 256//282 250//282
f 254//283 258//283 31//283
f 31//284 258//284 33//284
f 33//285 258//285 36//285
f 259//286 260//286 257//286
f 261//287 260//287 259//287
f 250//288 260//288 254//288
f 257//289 260//289 256//289
f 256//290 260//290 250//290
f 258//291 262//291 36//291
f 36//292 262//292 37//292
f 37//293 262//293 39//293
f 263//294 264//294 261//294
f 265//295 264//295 263//295
f 261//296 264//296 260//296
f 260//297 264//297 254//297
f 258//298 264//298 262//298
f 254//299 264//299 258//299
f 39//300 266//300 42//300
f 42//301 266//301 44//301
f 262//302 266//302 39//302
f 264//303 267//303 262//303
f 268//304 267//304 265//304
f 269//305 267//305 268//305
f 265//306 267//306 264//306
f 44//307 270//307 45//307
f 45//308 270//308 48//308
f 266//309 270//309 44//309
f 267//310 271//310 262//310
f 272//311 271//311 269//311
f 273//312 271//312 272//312
f 269//313 271//313 267//313
f 262//314 271//314 266//314
f 48//315 274//315 49//315
f 49//316 274//316 51//316
f 270//317 274//317 48//317
f 275//318 276//318 273//318
f 277//319 276//319 275//319
f 273//320 276//320 271//320
f 266//321 276//321 270//321
f 271//322 276//322 266//322
f 51//323 278//323 53//323
f 53//324 278//324 55//324
f 274//325 278//325 51//325
f 276//326 279//326 270//326
f 280//327 279//327 277//327
f 270//328 279//328 274//328
f 281//329 279//329 280//329
f 277//330 279//330 276//330
f 55//331 282//331 57//331
f 57//332 282//332 59//332
f 278//333 282//333 55//333
f 283//334 284//334 281//334
f 285//335 284//335 283//335
f 281//336 284//336 279//336
f 279//337 284//337 274//337
f 274//338 284//338 278//338
f 59//339 286//339 61//339
f 61//340 286//340 64//340
f 282//341 286//341 59//341
f 284//342 287//342 278//342
f 285//343 287//343 284//343
f 288//344 287//344 285//344
f 289//345 287//345 288//345
f 278//346 287//346 282//346
f 286//347 290//347 64//347
f 64//348 290//348 65//348
f 65//349 290//349 68//349
f 287//350 291//350 282//350
f 289//351 291//351 287//351
f 292//352 291//352 289//352
f 293//353 291//353 292//353
f 286//354 291//354 290//354
f 282//355 291//355 286//355
f 68//356 294//356 70//356
f 70//357 294//357 71//357
f 290//358 294//358 68//358
f 293//359 295//359 291//359
f 291//360 295//360 290//360
f 296//361 295//361 293//361
f 297//362 295//362 296//362
f 71//363 298//363 74//363
f 74//364 298//364 75//364
f 294//365 298//365 71//365
f 290//366 299//366 294//366
f 297//367 299//367 295//367
f 300//368 299//368 297//368
f 301//369 299//369 300//369
f 295//370 299//370 290//370
f 298//371 302//371 75//371
f 75//372 302//372 77//372
f 77//373 302//373 80//373
f 294//374 303//374 298//374
f 299//375 303//375 294//375
f 301//376 303//376 299//376
f 304//377 303//377 301//377
f 305//378 303//378 304//378
f 80//379 306//379 82//379
f 82//380 306//380 83//380
f 302//381 306//381 80//381
f 298//382 307//382 302//382
f 303//383 307//383 298//383
f 308//384 307//384 305//384
f 309//385 307//385 308//385
f 305//386 307//386 303//386
f 83//387 310//387 86//387
f 86//388 310//388 88//388
f 306//389 310//389 83//389
f 302//390 311//390 306//390
f 312//391 311//391 309//391
f 313//392 311//392 312//392
f 309//393 311//393 307//393
f 307//394 311//394 302//394
f 306//395 311//395 310//395
f 88//396 314//396 89//396
f 89//397 314//397 91//397
f 310//398 314//398 88//398
f 311//399 315//399 310//399
f 316//400 315//400 313//400
f 317//401 315//401 316//401
f 313//402 315//402 311//402
f 91//403 318//403 93//403
f 93//404 318//404 96//404
f 314//405 318//405 91//405
f 317//406 319//406 315//406
f 315//407 319//407 310//407
f 320//408 319//408 317//408
f 321//409 319//409 320//409
f 310//410 319//410 314//410
f 318//411 322//411 96//411
f 96//412 322//412 97//412
f 97//413 322//413 100//413
f 319//414 323//414 314//414
f 324//415 323//415 321//415
f 325//416 323//416 324//416
f 321//417 323//417 319//417
f 314//418 323//418 318//418
f 322//419 326//419 100//419
f 100//420 326//420 101//420
f 101//421 326//421 104//421
f 323//422 327//422 318//422
f 325//423 327//423 323//423
f 318//424 327//424 322//424
f 328//425 327//425 325//425
f 329//426 327//426 328//426
f 322//427 327//427 326//427
f 326//428 330//428 104//428
f 104//429 330//429 105//429
f 105//430 330//430 108//430
f 327//431 331//431 326//431
f 329//432 331//432 327//432
f 332//433 331//433 329//433
f 333//434 331//434 332//434
f 108//435 334//435 109//435
f 109//436 334//436 112//436
f 330//437 334//437 108//437
f 331//438 335//438 326//438
f 326//439 335//439 330//439
f 336//440 335//440 333//440
f 337//441 335//441 336//441
f 333//442 335//442 331//442
f 112//443 338//443 114//443
f 334//444 338//444 112//444
f 337//445 339//445 335//445
f 340//446 339//446 337//446
f 341//447 339//447 340//447
f 335//448 339//448 330//448
f 330//449 339//449 334//449
f 338//450 342//450 114//450
f 114//451 342//451 115//451
f 115//452 342//452 117//452
f 339//453 343//453 334//453
f 341//454 343//454 339//454
f 334//455 343//455 338//455
f 344//456 343//456 341//456
f 342//457 345//457 117//457
f 117//458 345//458 120//458
f 120//459 345//459 121//459
f 343//460 346//460 338//460
f 338//461 346//461 342//461
f 347//462 346//462 344//462
f 348//463 346//463 347//463
f 344//464 346//464 343//464
f 121//465 349//465 123//465
f 123//466 349//466 125//466
f 345//467 349//467 121//467
f 346//468 350//468 342//468
f 348//469 350//469 346//469
f 351//470 350//470 348//470
f 352//471 350//471 351//471
f 342//472 350//472 345//472
f 349//473 353//473 125//473
f 125//474 353//474 127//474
f 127//475 353//475 129//475
f 352//476 354//476 350//476
f 345//477 354//477 349//477
f 355//478 354//478 352//478
f 356//479 354//479 355//479
f 350//480 354//480 345//480
f 129//481 357//481 132//481
f 132//482 357//482 133//482
f 353//483 357//483 129//483
f 349//484 358//484 353//484
f 356//485 358//485 354//485
f 354//486 358//486 349//486
f 359//487 358//487 356//487
f 360//488 358//488 359//488
f 357//489 361//489 133//489
f 133//490 361//490 136//490
f 136//491 361//491 137//491
f 353//492 362//492 357//492
f 360//493 362//493 358//493
f 358//494 362//494 353//494
f 363//495 362//495 360//495
f 364//496 362//496 363//496
f 137//497 365//497 139//497
f 139//498 365//498 141//498
f 361//499 365//499 137//499
f 362//500 366//500 357//500
f 357//501 366//501 361//501
f 364//502 366//502 362//502
f 367//503 366//503 364//503
f 368//504 366//504 367//504
f 365//505 369//505 141//505
f 141//506 369//506 143//506
f 143//507 369//507 145//507
f 361//508 370//508 365//508
f 368//509 370//509 366//509
f 366//510 370//510 361//510
f 371//511 370//511 368//511
f 372//512 370//512 371//512
f 369//513 373//513 145//513
f 145//514 373//514 148//514
f 148//515 373//515 150//515
f 365//516 374//516 369//516
f 372//517 374//517 370//517
f 370//518 374//518 365//518
f 375//519 374//519 372//519
f 376//520 374//520 375//520
f 373//521 377//521 150//521
f 150//522 377//522 151//522
f 151//523 377//523 153//523
f 369//524 378//524 373//524
f 376//525 378//525 374//525
f 374//526 378//526 369//526
f 379//527 378//527 376//527
f 380//528 378//528 379//528
f 153//529 381//529 156//529
f 156//530 381//530 157//530
f 377//531 381//531 153//531
f 380//532 382//532 378//532
f 378//533 382//533 373//533
f 383//534 382//534 380//534
f 384//535 382//535 383//535
f 373//536 382//536 377//536
f 381//537 385//537 157//537
f 157//538 385//538 159//538
f 159//539 385//539 162//539
f 381//540 386//540 385//540
f 382//541 386//541 377//541
f 377//542 386//542 381//542
f 384//543 386//543 382//543
f 387//544 386//544 384//544
f 388//545 386//545 387//545
f 385//546 389//546 162//546
f 162//547 389//547 163//547
f 163//548 389//548 166//548
f 388//549 390//549 386//549
f 386//550 390//550 385//550
f 391//551 390//551 388//551
f 392//552 390//552 391//552
f 389//553 393//553 166//553
f 166//554 393//554 168//554
f 168//555 393//555 170//555
f 385//556 394//556 389//556
f 390//557 394//557 385//557
f 392//558 394//558 390//558
f 395//559 394//559 392//559
f 396//560 394//560 395//560
f 170//561 397//561 171//561
f 171//562 397//562 174//562
f 393//563 397//563 170//563
f 398//564 399//564 396//564
f 400//565 399//565 398//565
f 396//566 399//566 394//566
f 389//567 399//567 393//567
f 394//568 399//568 389//568
f 397//569 401//569 174//569
f 174//570 401//570 175//570
f 175//571 401//571 178//571
f 402//572 403//572 400//572
f 400//573 403//573 399//573
f 404//574 403//574 402//574
f 393//575 403//575 397//575
f 399//576 403//576 393//576
f 401//577 405//577 178//577
f 178//578 405//578 179//578
f 179//579 405//579 182//579
f 406//580 407//580 404//580
f 408//581 407//581 406//581
f 403//582 407//582 397//582
f 397//583 407//583 401//583
f 404//584 407//584 403//584
f 405//585 409//585 182//585
f 182//586 409//586 183//586
f 183//587 409//587 186//587
f 410//588 411//588 408//588
f 412//589 411//589 410//589
f 408//590 411//590 407//590
f 401//591 411//591 405//591
f 407//592 411//592 401//592
f 409//593 413//593 186//593
f 186//594 413//594 187//594
f 187//595 413//595 190//595
f 414//596 415//596 412//596
f 416//597 415//597 414//597
f 405//598 415//598 409//598
f 412//599 415//599 411//599
f 411//600 415//600 405//600
f 413//601 417//601 190//601
f 190//602 417//602 191//602
f 191//603 417//603 193//603
f 416//604 418//604 415//604
f 409//605 418//605 413//605
f 419//606 418//606 416//606
f 420//607 418//607 419//607
f 415//608 418//608 409//608
f 195//609 421//609 198//609
f 417//610 421//610 193//610
f 193//611 421//611 195//611
f 422//612 423//612 420//612
f 424//613 423//613 422//613
f 420//614 423//614 418//614
f 418//615 423//615 413//615
f 413//616 423//616 417//616
f 198//617 425//617 199//617
f 199//618 425//618 201//618
f 421//619 425//619 198//619
f 426//620 427//620 424//620
f 428//621 427//621 426//621
f 424//622 427//622 423//622
f 417//623 427//623 421//623
f 423//624 427//624 417//624
f 201//625 429//625 204//625
f 204//626 429//626 205//626
f 425//627 429//627 201//627
f 430//628 431//628 428//628
f 432//629 431//629 430//629
f 428//630 431//630 427//630
f 421//631 431//631 425//631
f 427//632 431//632 421//632
f 425//633 431//633 429//633
f 205//634 433//634 208//634
f 208//635 433//635 209//635
f 429//636 433//636 205//636
f 434//637 435//637 432//637
f 436//638 435//638 434//638
f 432//639 435//639 431//639
f 431//640 435//640 429//640
f 429//641 435//641 433//641
f 209//642 437//642 212//642
f 212//643 437//643 213//643
f 433//644 437//644 209//644
f 438//645 439//645 436//645
f 440//646 439//646 438//646
f 436//647 439//647 435//647
f 435//648 439//648 433//648
f 213//649 441//649 216//649
f 216//650 441//650 217//650
f 437//651 441//651 213//651
f 442//652 443//652 440//652
f 444//653 443//653 442//653
f 440//654 443//654 439//654
f 433//655 443//655 437//655
f 439//656 443//656 433//656
f 217//657 445//657 220//657
f 220//658 445//658 221//658
f 441//659 445//659 217//659
f 446//660 447//660 444//660
f 448//661 447//661 446//661
f 437//662 447//662 441//662
f 443//663 447//663 437//663
f 444//664 447//664 443//664
f 225//665 449//665 230//665
f 221//666 449//666 223//666
f 223//667 449//667 225//667
f 445//668 449//668 221//668
f 450//669 451//669 448//669
f 452//670 451//670 450//670
f 448//671 451//671 447//671
f 441//672 451//672 445//672
f 447//673 451//673 441//673
f 445//674 451//674 449//674
f 230//675 228//675 227//675
f 453//676 228//676 452//676
f 229//677 228//677 453//677
f 449//678 228//678 230//678
f 452//679 228//679 451//679
f 451//680 228//680 449//680
f 454//681 142//681 455//681
f 455//682 142//682 144//682
f 455//683 146//683 456//683
f 144//684 146//684 455//684
f 454//685 140//685 142//685
f 457//686 140//686 454//686
f 146//687 147//687 456//687
f 456//688 147//688 458//688
f 457//689 138//689 140//689
f 459//690 138//690 457//690
f 147//691 149//691 458//691
f 458//692 149//692 460//692
f 459//693 135//693 138//693
f 461//694 135//694 459//694
f 149//695 152//695 460//695
f 460//696 152//696 462//696
f 461//697 134//697 135//697
f 463//698 134//698 461//698
f 152//699 154//699 462//699
f 462//700 154//700 464//700
f 463//701 131//701 134//701
f 465//702 131//702 463//702
f 154//703 155//703 464//703
f 464//704 155//704 466//704
f 467//705 130//705 465//705
f 465//706 130//706 131//706
f 155//707 158//707 466//707
f 466//708 158//708 468//708
f 468//709 158//709 469//709
f 467//710 128//710 130//710
f 470//711 128//711 467//711
f 158//712 160//712 469//712
f 470//713 126//713 128//713
f 471//714 126//714 470//714
f 160//715 161//715 469//715
f 469//716 161//716 472//716
f 471//717 124//717 126//717
f 473//718 124//718 471//718
f 161//719 164//719 472//719
f 472//720 164//720 474//720
f 473//721 122//721 124//721
f 475//722 122//722 473//722
f 164//723 165//723 474//723
f 474//724 165//724 476//724
f 475//725 119//725 122//725
f 477//726 119//726 475//726
f 165//727 167//727 476//727
f 476//728 167//728 478//728
f 477//729 118//729 119//729
f 479//730 118//730 477//730
f 167//731 169//731 478//731
f 478//732 169//732 480//732
f 481//733 116//733 479//733
f 479//734 116//734 118//734
f 169//735 172//735 480//735
f 480//736 172//736 482//736
f 482//737 172//737 483//737
f 484//738 113//738 481//738
f 481//739 113//739 116//739
f 172//740 173//740 483//740
f 483//741 173//741 485//741
f 486//742 111//742 484//742
f 484//743 111//743 113//743
f 173//744 176//744 485//744
f 487//745 110//745 486//745
f 486//746 110//746 111//746
f 176//747 177//747 485//747
f 485//748 177//748 488//748
f 487//749 107//749 110//749
f 489//750 107//750 487//750
f 177//751 180//751 488//751
f 488//752 180//752 490//752
f 491//753 106//753 489//753
f 489//754 106//754 107//754
f 490//755 181//755 492//755
f 180//756 181//756 490//756
f 493//757 103//757 491//757
f 491//758 103//758 106//758
f 181//759 184//759 492//759
f 492//760 184//760 494//760
f 495//761 102//761 493//761
f 493//762 102//762 103//762
f 184//763 185//763 494//763
f 494//764 185//764 496//764
f 497//765 99//765 495//765
f 495//766 99//766 102//766
f 185//767 188//767 496//767
f 496//768 188//768 498//768
f 499//769 98//769 497//769
f 497//770 98//770 99//770
f 188//771 189//771 498//771
f 498//772 189//772 500//772
f 501//773 95//773 499//773
f 499//774 95//774 98//774
f 189//775 192//775 500//775
f 500//776 192//776 502//776
f 501//777 94//777 95//777
f 503//778 94//778 501//778
f 192//779 194//779 502//779
f 502//780 194//780 504//780
f 504//781 194//781 505//781
f 503//782 92//782 94//782
f 506//783 92//783 503//783
f 194//784 196//784 505//784
f 506//785 90//785 92//785
f 507//786 90//786 506//786
f 196//787 197//787 505//787
f 505//788 197//788 508//788
f 507//789 87//789 90//789
f 509//790 87//790 507//790
f 200//791 510//791 197//791
f 197//792 510//792 508//792
f 509//793 511//793 87//793
f 87//794 511//794 85//794
f 202//795 512//795 200//795
f 203//796 512//796 202//796
f 200//797 512//797 510//797
f 85//798 513//798 84//798
f 511//799 513//799 85//799
f 203//800 514//800 512//800
f 513//801 515//801 84//801
f 84//802 515//802 81//802
f 206//803 516//803 203//803
f 207//804 516//804 206//804
f 203//805 516//805 514//805
f 79//806 517//806 78//806
f 81//807 517//807 79//807
f 515//808 517//808 81//808
f 207//809 518//809 516//809
f 517//810 519//810 78//810
f 210//811 520//811 207//811
f 207//812 520//812 518//812
f 519//813 521//813 78//813
f 76//814 521//814 73//814
f 78//815 521//815 76//815
f 211//816 522//816 210//816
f 214//817 522//817 211//817
f 210//818 522//818 520//818
f 521//819 523//819 73//819
f 214//820 524//820 522//820
f 523//821 525//821 73//821
f 73//822 525//822 72//822
f 215//823 526//823 214//823
f 214//824 526//824 524//824
f 72//825 527//825 69//825
f 525//826 527//826 72//826
f 218//827 528//827 215//827
f 219//828 528//828 218//828
f 215//829 528//829 526//829
f 69//830 529//830 67//830
f 527//831 529//831 69//831
f 219//832 530//832 528//832
f 67//833 531//833 66//833
f 529//834 531//834 67//834
f 222//835 532//835 219//835
f 219//836 532//836 530//836
f 66//837 533//837 63//837
f 531//838 533//838 66//838
f 224//839 534//839 222//839
f 222//840 534//840 532//840
f 533//841 535//841 63//841
f 63//842 535//842 62//842
f 226//843 536//843 224//843
f 224//844 536//844 534//844
f 535//845 537//845 62//845
f 62//846 537//846 60//846
f 1//847 538//847 226//847
f 226//848 538//848 536//848
f 537//849 539//849 60//849
f 60//850 539//850 58//850
f 1//851 540//851 538//851
f 3//852 540//852 1//852
f 6//853 540//853 3//853
f 539//854 541//854 58//854
f 58//855 541//855 56//855
f 6//856 542//856 540//856
f 541//857 543//857 56//857
f 56//858 543//858 54//858
f 6//859 544//859 542//859
f 8//860 544//860 6//860
f 10//861 544//861 8//861
f 543//862 545//862 54//862
f 52//863 545//863 50//863
f 54//864 545//864 52//864
f 12//865 546//865 10//865
f 10//866 546//866 544//866
f 545//867 547//867 50//867
f 12//868 548//868 546//868
f 547//869 549//869 50//869
f 50//870 549//870 47//870
f 14//871 550//871 12//871
f 15//872 550//872 14//872
f 12//873 550//873 548//873
f 47//874 551//874 46//874
f 549//875 551//875 47//875
f 15//876 552//876 550//876
f 551//877 553//877 46//877
f 43//878 553//878 41//878
f 46//879 553//879 43//879
f 18//880 554//880 15//880
f 15//881 554//881 552//881
f 553//882 555//882 41//882
f 20//883 556//883 18//883
f 18//884 556//884 554//884
f 41//885 557//885 40//885
f 555//886 557//886 41//886
f 21//887 558//887 20//887
f 24//888 558//888 21//888
f 20//889 558//889 556//889
f 40//890 559//890 38//890
f 557//891 559//891 40//891
f 24//892 560//892 558//892
f 38//893 561//893 35//893
f 559//894 561//894 38//894
f 24//895 562//895 560//895
f 26//896 562//896 24//896
f 27//897 562//897 26//897
f 34//898 563//898 32//898
f 35//899 563//899 34//899
f 561//900 563//900 35//900
f 27//901 564//901 562//901
f 563//902 565//902 32//902
f 30//903 566//903 27//903
f 32//904 566//904 30//904
f 27//905 566//905 564//905
f 565//906 566//906 32//906
f 430//907 428//907 567//907
f 567//908 428//908 568//908
f 567//909 432//909 430//909
f 569//910 432//910 567//910
f 428//911 426//911 568//911
f 568//912 426//912 570//912
f 571//913 434//913 569//913
f 569//914 434//914 432//914
f 426//915 424//915 570//915
f 570//916 424//916 572//916
f 573//917 436//917 571//917
f 571//918 436//918 434//918
f 424//919 422//919 572//919
f 572//920 422//920 574//920
f 575//921 438//921 573//921
f 573//922 438//922 436//922
f 422//923 420//923 574//923
f 574//924 420//924 576//924
f 577//925 440//925 575//925
f 575//926 440//926 438//926
f 420//927 419//927 576//927
f 578//928 419//928 579//928
f 576//929 419//929 578//929
f 580//930 442//930 577//930
f 577//931 442//931 440//931
f 419//932 416//932 579//932
f 581//933 444//933 580//933
f 580//934 444//934 442//934
f 416//935 414//935 579//935
f 582//936 414//936 583//936
f 579//937 414//937 582//937
f 581//938 446//938 444//938
f 584//939 446//939 581//939
f 585//940 446//940 584//940
f 414//941 412//941 583//941
f 585//942 448//942 446//942
f 412//943 410//943 583//943
f 583//944 410//944 586//944
f 587//945 450//945 585//945
f 585//946 450//946 448//946
f 410//947 408//947 586//947
f 586//948 408//948 588//948
f 589//949 452//949 587//949
f 590//950 452//950 589//950
f 587//951 452//951 450//951
f 408//952 406//952 588//952
f 588//953 406//953 591//953
f 590//954 453//954 452//954
f 406//955 404//955 591//955
f 591//956 404//956 592//956
f 593//957 229//957 590//957
f 594//958 229//958 593//958
f 590//959 229//959 453//959
f 404//960 402//960 592//960
f 592//961 402//961 595//961
f 594//962 231//962 229//962
f 402//963 400//963 595//963
f 595//964 400//964 596//964
f 597//965 232//965 594//965
f 594//966 232//966 231//966
f 400//967 398//967 596//967
f 596//968 398//968 598//968
f 599//969 236//969 597//969
f 600//970 236//970 599//970
f 597//971 236//971 232//971
f 398//972 396//972 598//972
f 598//973 396//973 601//973
f 600//974 237//974 236//974
f 396//975 395//975 601//975
f 601//976 395//976 602//976
f 603//977 240//977 600//977
f 604//978 240//978 603//978
f 600//979 240//979 237//979
f 395//980 392//980 602//980
f 602//981 392//981 605//981
f 604//982 241//982 240//982
f 392//983 391//983 605//983
f 605//984 391//984 606//984
f 607//985 244//985 604//985
f 604//986 244//986 241//986
f 606//987 388//987 608//987
f 391//988 388//988 606//988
f 609//989 245//989 607//989
f 607//990 245//990 244//990
f 608//991 387//991 610//991
f 388//992 387//992 608//992
f 611//993 248//993 609//993
f 609//994 248//994 245//994
f 387//995 384//995 610//995
f 610//996 384//996 612//996
f 613//997 249//997 611//997
f 611//998 249//998 248//998
f 384//999 383//999 612//999
f 612//1000 383//1000 614//1000
f 615//1001 252//1001 613//1001
f 613//1002 252//1002 249//1002
f 383//1003 380//1003 614//1003
f 614//1004 380//1004 616//1004
f 617//1005 253//1005 615//1005
f 615//1006 253//1006 252//1006
f 380//1007 379//1007 616//1007
f 616//1008 379//1008 618//1008
f 619//1009 255//1009 617//1009
f 617//1010 255//1010 253//1010
f 379//1011 376//1011 618//1011
f 618//1012 376//1012 620//1012
f 621//1013 257//1013 619//1013
f 619//1014 257//1014 255//1014
f 376//1015 375//1015 620//1015
f 620//1016 375//1016 622//1016
f 623//1017 259//1017 621//1017
f 621//1018 259//1018 257//1018
f 375//1019 372//1019 622//1019
f 372//1020 624//1020 622//1020
f 259//1021 625//1021 261//1021
f 623//1022 625//1022 259//1022
f 372//1023 626//1023 624//1023
f 371//1024 626//1024 372//1024
f 261//1025 627//1025 263//1025
f 625//1026 627//1026 261//1026
f 371//1027 628//1027 626//1027
f 368//1028 628//1028 371//1028
f 263//1029 629//1029 265//1029
f 627//1030 629//1030 263//1030
f 368//1031 630//1031 628//1031
f 367//1032 630//1032 368//1032
f 265//1033 631//1033 268//1033
f 629//1034 631//1034 265//1034
f 364//1035 632//1035 367//1035
f 367//1036 632//1036 630//1036
f 364//1037 363//1037 632//1037
f 268//1038 633//1038 269//1038
f 631//1039 633//1039 268//1039
f 363//1040 634//1040 632//1040
f 269//1041 635//1041 272//1041
f 633//1042 635//1042 269//1042
f 363//1043 636//1043 634//1043
f 360//1044 636//1044 363//1044
f 272//1045 637//1045 273//1045
f 273//1046 637//1046 275//1046
f 635//1047 637//1047 272//1047
f 360//1048 638//1048 636//1048
f 359//1049 638//1049 360//1049
f 637//1050 639//1050 275//1050
f 359//1051 640//1051 638//1051
f 356//1052 640//1052 359//1052
f 639//1053 641//1053 275//1053
f 275//1054 641//1054 277//1054
f 277//1055 641//1055 280//1055
f 356//1056 642//1056 640//1056
f 355//1057 642//1057 356//1057
f 641//1058 643//1058 280//1058
f 355//1059 644//1059 642//1059
f 352//1060 644//1060 355//1060
f 280//1061 645//1061 281//1061
f 643//1062 645//1062 280//1062
f 352//1063 646//1063 644//1063
f 351//1064 646//1064 352//1064
f 645//1065 647//1065 281//1065
f 281//1066 647//1066 283//1066
f 351//1067 648//1067 646//1067
f 347//1068 648//1068 348//1068
f 348//1069 648//1069 351//1069
f 283//1070 649//1070 285//1070
f 647//1071 649//1071 283//1071
f 347//1072 650//1072 648//1072
f 285//1073 651//1073 288//1073
f 649//1074 651//1074 285//1074
f 347//1075 652//1075 650//1075
f 344//1076 652//1076 347//1076
f 288//1077 653//1077 289//1077
f 651//1078 653//1078 288//1078
f 340//1079 654//1079 341//1079
f 341//1080 654//1080 344//1080
f 344//1081 654//1081 652//1081
f 289//1082 655//1082 292//1082
f 292//1083 655//1083 293//1083
f 653//1084 655//1084 289//1084
f 337//1085 656//1085 340//1085
f 340//1086 656//1086 654//1086
f 655//1087 657//1087 293//1087
f 337//1088 658//1088 656//1088
f 293//1089 659//1089 296//1089
f 296//1090 659//1090 297//1090
f 657//1091 659//1091 293//1091
f 336//1092 660//1092 337//1092
f 337//1093 660//1093 658//1093
f 659//1094 661//1094 297//1094
f 297//1095 661//1095 300//1095
f 336//1096 662//1096 660//1096
f 333//1097 662//1097 336//1097
f 661//1098 663//1098 300//1098
f 333//1099 664//1099 662//1099
f 332//1100 664//1100 333//1100
f 663//1101 665//1101 300//1101
f 300//1102 665//1102 301//1102
f 332//1103 666//1103 664//1103
f 328//1104 666//1104 329//1104
f 329//1105 666//1105 332//1105
f 665//1106 667//1106 301//1106
f 301//1107 667//1107 304//1107
f 304//1108 667//1108 305//1108
f 328//1109 668//1109 666//1109
f 325//1110 668//1110 328//1110
f 667//1111 669//1111 305//1111
f 325//1112 670//1112 668//1112
f 669//1113 671//1113 305//1113
f 305//1114 671//1114 308//1114
f 325//1115 672//1115 670//1115
f 324//1116 672//1116 325//1116
f 671//1117 673//1117 308//1117
f 308//1118 673//1118 309//1118
f 321//1119 674//1119 324//1119
f 324//1120 674//1120 672//1120
f 309//1121 675//1121 312//1121
f 673//1122 675//1122 309//1122
f 320//1123 676//1123 321//1123
f 321//1124 676//1124 674//1124
f 312//1125 677//1125 313//1125
f 675//1126 677//1126 312//1126
f 316//1127 678//1127 317//1127
f 317//1128 678//1128 320//1128
f 320//1129 678//1129 676//1129
f 677//1130 679//1130 313//1130
f 313//1131 679//1131 316//1131
f 316//1132 679//1132 678//1132
f 680//1133 540//1133 681//1133
f 538//1134 540//1134 680//1134
f 681//1135 542//1135 682//1135
f 540//1136 542//1136 681//1136
f 682//1137 544//1137 683//1137
f 542//1138 544//1138 682//1138
f 683//1139 546//1139 684//1139
f 684//1140 546//1140 685//1140
f 544//1141 546//1141 683//1141
f 546//1142 548//1142 685//1142
f 685//1143 550//1143 686//1143
f 548//1144 550//1144 685//1144
f 686//1145 552//1145 687//1145
f 550//1146 552//1146 686//1146
f 687//1147 554//1147 688//1147
f 688//1148 554//1148 689//1148
f 552//1149 554//1149 687//1149
f 554//1150 556//1150 689//1150
f 689//1151 558//1151 690//1151
f 556//1152 558//1152 689//1152
f 690//1153 560//1153 691//1153
f 558//1154 560//1154 690//1154
f 691//1155 562//1155 692//1155
f 560//1156 562//1156 691//1156
f 692//1157 564//1157 693//1157
f 693//1158 564//1158 694//1158
f 562//1159 564//1159 692//1159
f 564//1160 566//1160 694//1160
f 694//1161 565//1161 695//1161
f 566//1162 565//1162 694//1162
f 695//1163 563//1163 696//1163
f 696//1164 563//1164 697//1164
f 565//1165 563//1165 695//1165
f 563//1166 561//1166 697//1166
f 561//1167 559//1167 697//1167
f 697//1168 559//1168 698//1168
f 559//1169 557//1169 698//1169
f 698//1170 557//1170 699//1170
f 699//1171 557//1171 700//1171
f 557//1172 555//1172 700//1172
f 555//1173 553//1173 700//1173
f 700//1174 553//1174 701//1174
f 553//1175 551//1175 701//1175
f 701//1176 551//1176 702//1176
f 702//1177 549//1177 703//1177
f 551//1178 549//1178 702//1178
f 703//1179 547//1179 704//1179
f 549//1180 547//1180 703//1180
f 704//1181 547//1181 705//1181
f 547//1182 545//1182 705//1182
f 705//1183 543//1183 706//1183
f 545//1184 543//1184 705//1184
f 706//1185 541//1185 707//1185
f 707//1186 541//1186 708//1186
f 543//1187 541//1187 706//1187
f 541//1188 539//1188 708//1188
f 708//1189 537//1189 709//1189
f 709//1190 537//1190 710//1190
f 539//1191 537//1191 708//1191
f 537//1192 535//1192 710//1192
f 710//1193 533//1193 711//1193
f 535//1194 533//1194 710//1194
f 711//1195 531//1195 712//1195
f 712//1196 531//1196 713//1196
f 533//1197 531//1197 711//1197
f 531//1198 529//1198 713//1198
f 713//1199 527//1199 714//1199
f 529//1200 527//1200 713//1200
f 714//1201 525//1201 715//1201
f 527//1202 525//1202 714//1202
f 715//1203 523//1203 716//1203
f 525//1204 523//1204 715//1204
f 716//1205 521//1205 717//1205
f 523//1206 521//1206 716//1206
f 717//1207 519//1207 718//1207
f 521//1208 519//1208 717//1208
f 718//1209 517//1209 719//1209
f 519//1210 517//1210 718//1210
f 719//1211 515//1211 720//1211
f 517//1212 515//1212 719//1212
f 720//1213 513//1213 721//1213
f 515//1214 513//1214 720//1214
f 721//1215 511//1215 722//1215
f 513//1216 511//1216 721//1216
f 722//1217 509//1217 723//1217
f 511//1218 509//1218 722//1218
f 509//1219 507//1219 723//1219
f 723//1220 507//1220 724//1220
f 724//1221 507//1221 725//1221
f 507//1222 506//1222 725//1222
f 506//1223 503//1223 725//1223
f 725//1224 503//1224 726//1224
f 503//1225 501//1225 726//1225
f 726//1226 501//1226 727//1226
f 501//1227 499//1227 727//1227
f 727//1228 499//1228 728//1228
f 499//1229 497//1229 728//1229
f 728//1230 497//1230 729//1230
f 497//1231 495//1231 729//1231
f 729//1232 495//1232 730//1232
f 495//1233 493//1233 730//1233
f 730//1234 493//1234 731//1234
f 493//1235 491//1235 731//1235
f 731//1236 491//1236 732//1236
f 491//1237 489//1237 732//1237
f 732//1238 489//1238 733//1238
f 489//1239 487//1239 733//1239
f 733//1240 487//1240 734//1240
f 487//1241 486//1241 734//1241
f 734//1242 486//1242 735//1242
f 486//1243 484//1243 735//1243
f 735//1244 484//1244 736//1244
f 484//1245 481//1245 736//1245
f 736//1246 481//1246 737//1246
f 737//1247 479//1247 738//1247
f 481//1248 479//1248 737//1248
f 738//1249 477//1249 739//1249
f 479//1250 477//1250 738//1250
f 739//1251 475//1251 740//1251
f 477//1252 475//1252 739//1252
f 740//1253 473//1253 741//1253
f 741//1254 473//1254 742//1254
f 475//1255 473//1255 740//1255
f 473//1256 471//1256 742//1256
f 742//1257 470//1257 743//1257
f 471//1258 470//1258 742//1258
f 743//1259 467//1259 744//1259
f 470//1260 467//1260 743//1260
f 744//1261 465//1261 745//1261
f 467//1262 465//1262 744//1262
f 745//1263 463//1263 746//1263
f 465//1264 463//1264 745//1264
f 746//1265 461//1265 747//1265
f 463//1266 461//1266 746//1266
f 461//1267 459//1267 747//1267
f 747//1268 459//1268 748//1268
f 459//1269 457//1269 748//1269
f 748//1270 457//1270 749//1270
f 457//1271 454//1271 749//1271
f 749//1272 454//1272 750//1272
f 454//1273 455//1273 750//1273
f 750//1274 455//1274 751//1274
f 455//1275 456//1275 751//1275
f 751//1276 456//1276 752//1276
f 456//1277 458//1277 752//1277
f 752//1278 458//1278 753//1278
f 458//1279 460//1279 753//1279
f 753//1280 460//1280 754//1280
f 460//1281 462//1281 754//1281
f 754//1282 462//1282 755//1282
f 462//1283 464//1283 755//1283
f 755//1284 464//1284 756//1284
f 464//1285 466//1285 756//1285
f 756//1286 466//1286 757//1286
f 466//1287 468//1287 757//1287
f 757//1288 468//1288 758//1288
f 468//1289 469//1289 758//1289
f 758//1290 469//1290 759//1290
f 469//1291 472//1291 759//1291
f 759//1292 472//1292 760//1292
f 472//1293 474//1293 760//1293
f 760//1294 474//1294 761//1294
f 474//1295 476//1295 761//1295
f 761//1296 476//1296 762//1296
f 476//1297 478//1297 762//1297
f 762//1298 478//1298 763//1298
f 478//1299 480//1299 763//1299
f 763//1300 480//1300 764//1300
f 480//1301 482//1301 764//1301
f 764//1302 482//1302 765//1302
f 482//1303 483//1303 765//1303
f 765//1304 483//1304 766//1304
f 483//1305 485//1305 766//1305
f 766//1306 485//1306 767//1306
f 485//1307 488//1307 767//1307
f 767//1308 488//1308 768//1308
f 488//1309 490//1309 768//1309
f 768//1310 490//1310 769//1310
f 769//1311 492//1311 770//1311
f 490//1312 492//1312 769//1312
f 770//1313 494//1313 771//1313
f 492//1314 494//1314 770//1314
f 771//1315 496//1315 772//1315
f 494//1316 496//1316 771//1316
f 772//1317 498//1317 773//1317
f 496//1318 498//1318 772//1318
f 498//1319 500//1319 773//1319
f 773//1320 500//1320 774//1320
f 500//1321 502//1321 774//1321
f 774//1322 502//1322 775//1322
f 502//1323 504//1323 775//1323
f 775//1324 504//1324 776//1324
f 776//1325 504//1325 777//1325
f 504//1326 505//1326 777//1326
f 505//1327 508//1327 777//1327
f 777//1328 508//1328 778//1328
f 508//1329 510//1329 778//1329
f 778//1330 510//1330 779//1330
f 510//1331 512//1331 779//1331
f 779//1332 512//1332 780//1332
f 780//1333 514//1333 781//1333
f 512//1334 514//1334 780//1334
f 781//1335 516//1335 782//1335
f 514//1336 516//1336 781//1336
f 782//1337 518//1337 783//1337
f 516//1338 518//1338 782//1338
f 783//1339 520//1339 784//1339
f 518//1340 520//1340 783//1340
f 784//1341 522//1341 785//1341
f 520//1342 522//1342 784//1342
f 785//1343 524//1343 786//1343
f 522//1344 524//1344 785//1344
f 786//1345 526//1345 787//1345
f 524//1346 526//1346 786//1346
f 787//1347 528//1347 788//1347
f 526//1348 528//1348 787//1348
f 788//1349 530//1349 789//1349
f 528//1350 530//1350 788//1350
f 789//1351 532//1351 790//1351
f 530//1352 532//1352 789//1352
f 790//1353 534//1353 791//1353
f 532//1354 534//1354 790//1354
f 791//1355 536//1355 792//1355
f 534//1356 536//1356 791//1356
f 792//1357 538//1357 680//1357
f 536//1358 538//1358 792//1358
f 793//1359 794//1359 795//1359
f 793//1360 796//1360 794//1360
f 797//1361 798//1361 799//1361
f 800//1362 793//1362 795//1362
f 801//1363 793//1363 800//1363
f 802//1364 793//1364 801//1364
f 803//1365 804//1365 805//1365
f 803//1366 806//1366 804//1366
f 803//1367 807//1367 806//1367
f 803//1368 808//1368 807//1368
f 803//1369 809//1369 808//1369
f 803//1370 810//1370 809//1370
f 803//1371 811//1371 810//1371
f 803//1372 812//1372 811//1372
f 803//1373 802//1373 812//1373
f 803//1374 793//1374 802//1374
f 813//1375 803//1375 805//1375
f 814//1376 803//1376 813//1376
f 815//1377 803//1377 814//1377
f 816//1378 817//1378 818//1378
f 597//1379 803//1379 815//1379
f 597//1380 594//1380 803//1380
f 597//1381 819//1381 820//1381
f 597//1382 821//1382 819//1382
f 597//1383 822//1383 821//1383
f 597//1384 823//1384 822//1384
f 597//1385 815//1385 823//1385
f 599//1386 824//1386 825//1386
f 599//1387 826//1387 824//1387
f 599//1388 827//1388 826//1388
f 599//1389 828//1389 827//1389
f 599//1390 829//1390 828//1390
f 599//1391 820//1391 829//1391
f 599//1392 597//1392 820//1392
f 830//1393 831//1393 832//1393
f 833//1394 834//1394 835//1394
f 604//1395 836//1395 837//1395
f 604//1396 838//1396 836//1396
f 604//1397 839//1397 838//1397
f 604//1398 840//1398 839//1398
f 604//1399 841//1399 840//1399
f 604//1400 842//1400 841//1400
f 604//1401 843//1401 842//1401
f 604//1402 844//1402 843//1402
f 604//1403 845//1403 844//1403
f 607//1404 604//1404 837//1404
f 607//1405 846//1405 847//1405
f 607//1406 848//1406 846//1406
f 607//1407 849//1407 848//1407
f 607//1408 850//1408 849//1408
f 607//1409 851//1409 850//1409
f 607//1410 852//1410 851//1410
f 607//1411 837//1411 852//1411
f 853//1412 854//1412 855//1412
f 609//1413 607//1413 847//1413
f 609//1414 856//1414 857//1414
f 609//1415 858//1415 856//1415
f 609//1416 859//1416 858//1416
f 609//1417 860//1417 859//1417
f 609//1418 861//1418 860//1418
f 609//1419 847//1419 861//1419
f 862//1420 863//1420 864//1420
f 613//1421 865//1421 866//1421
f 613//1422 867//1422 865//1422
f 613//1423 868//1423 867//1423
f 613//1424 869//1424 868//1424
f 613//1425 870//1425 869//1425
f 613//1426 871//1426 870//1426
f 613//1427 872//1427 871//1427
f 615//1428 873//1428 874//1428
f 615//1429 875//1429 873//1429
f 615//1430 876//1430 875//1430
f 615//1431 877//1431 876//1431
f 615//1432 878//1432 877//1432
f 615//1433 879//1433 878//1433
f 615//1434 866//1434 879//1434
f 615//1435 613//1435 866//1435
f 617//1436 615//1436 874//1436
f 617//1437 880//1437 881//1437
f 617//1438 882//1438 880//1438
f 617//1439 883//1439 882//1439
f 617//1440 884//1440 883//1440
f 617//1441 885//1441 884//1441
f 617//1442 886//1442 885//1442
f 617//1443 887//1443 886//1443
f 617//1444 888//1444 887//1444
f 617//1445 874//1445 888//1445
f 889//1446 890//1446 891//1446
f 892//1447 889//1447 891//1447
f 893//1448 889//1448 892//1448
f 893//1449 892//1449 894//1449
f 623//1450 895//1450 896//1450
f 623//1451 897//1451 895//1451
f 623//1452 898//1452 897//1452
f 623//1453 899//1453 898//1453
f 623//1454 900//1454 899//1454
f 623//1455 901//1455 900//1455
f 623//1456 902//1456 901//1456
f 625//1457 903//1457 904//1457
f 625//1458 905//1458 903//1458
f 625//1459 906//1459 905//1459
f 625//1460 907//1460 906//1460
f 625//1461 908//1461 907//1461
f 625//1462 909//1462 908//1462
f 625//1463 910//1463 909//1463
f 625//1464 896//1464 910//1464
f 625//1465 623//1465 896//1465
f 911//1466 912//1466 913//1466
f 627//1467 625//1467 904//1467
f 627//1468 914//1468 915//1468
f 627//1469 904//1469 914//1469
f 631//1470 916//1470 917//1470
f 631//1471 918//1471 916//1471
f 631//1472 919//1472 918//1472
f 631//1473 920//1473 919//1473
f 921//1474 922//1474 923//1474
f 633//1475 924//1475 925//1475
f 633//1476 926//1476 924//1476
f 633//1477 927//1477 926//1477
f 633//1478 928//1478 927//1478
f 633//1479 929//1479 928//1479
f 633//1480 930//1480 929//1480
f 633//1481 917//1481 930//1481
f 633//1482 631//1482 917//1482
f 635//1483 931//1483 932//1483
f 635//1484 933//1484 931//1484
f 635//1485 934//1485 933//1485
f 635//1486 935//1486 934//1486
f 635//1487 936//1487 935//1487
f 635//1488 937//1488 936//1488
f 635//1489 925//1489 937//1489
f 635//1490 633//1490 925//1490
f 635//1491 932//1491 938//1491
f 939//1492 940//1492 941//1492
f 942//1493 943//1493 944//1493
f 641//1494 945//1494 946//1494
f 641//1495 947//1495 945//1495
f 641//1496 948//1496 947//1496
f 641//1497 949//1497 948//1497
f 641//1498 950//1498 949//1498
f 641//1499 951//1499 950//1499
f 641//1500 952//1500 951//1500
f 641//1501 953//1501 952//1501
f 641//1502 954//1502 953//1502
f 643//1503 955//1503 956//1503
f 643//1504 957//1504 955//1504
f 643//1505 958//1505 957//1505
f 643//1506 959//1506 958//1506
f 643//1507 960//1507 959//1507
f 643//1508 961//1508 960//1508
f 643//1509 946//1509 961//1509
f 643//1510 641//1510 946//1510
f 962//1511 963//1511 964//1511
f 645//1512 643//1512 956//1512
f 645//1513 965//1513 966//1513
f 645//1514 967//1514 965//1514
f 645//1515 968//1515 967//1515
f 645//1516 969//1516 968//1516
f 645//1517 970//1517 969//1517
f 645//1518 956//1518 970//1518
f 649//1519 971//1519 972//1519
f 649//1520 973//1520 971//1520
f 649//1521 974//1521 975//1521
f 649//1522 972//1522 974//1522
f 976//1523 964//1523 977//1523
f 976//1524 977//1524 978//1524
f 976//1525 962//1525 964//1525
f 651//1526 649//1526 975//1526
f 651//1527 979//1527 980//1527
f 651//1528 981//1528 979//1528
f 651//1529 982//1529 981//1529
f 651//1530 983//1530 982//1530
f 651//1531 984//1531 983//1531
f 651//1532 985//1532 984//1532
f 651//1533 986//1533 985//1533
f 651//1534 975//1534 986//1534
f 653//1535 651//1535 980//1535
f 653//1536 987//1536 988//1536
f 653//1537 989//1537 987//1537
f 653//1538 990//1538 989//1538
f 653//1539 991//1539 990//1539
f 653//1540 992//1540 991//1540
f 653//1541 993//1541 992//1541
f 653//1542 994//1542 993//1542
f 653//1543 980//1543 994//1543
f 995//1544 996//1544 997//1544
f 998//1545 995//1545 997//1545
f 999//1546 995//1546 998//1546
f 999//1547 998//1547 1000//1547
f 659//1548 1001//1548 1002//1548
f 659//1549 1003//1549 1001//1549
f 659//1550 1004//1550 1003//1550
f 659//1551 1005//1551 1004//1551
f 659//1552 1006//1552 1005//1552
f 659//1553 1007//1553 1006//1553
f 659//1554 1008//1554 1007//1554
f 661//1555 1009//1555 1010//1555
f 661//1556 1011//1556 1009//1556
f 661//1557 1012//1557 1011//1557
f 661//1558 1013//1558 1012//1558
f 661//1559 1014//1559 1013//1559
f 661//1560 1015//1560 1014//1560
f 661//1561 1002//1561 1015//1561
f 661//1562 659//1562 1002//1562
f 663//1563 1016//1563 1017//1563
f 663//1564 1010//1564 1016//1564
f 663//1565 661//1565 1010//1565
f 1018//1566 1019//1566 1020//1566
f 667//1567 1021//1567 1022//1567
f 667//1568 1023//1568 1021//1568
f 667//1569 1024//1569 1023//1569
f 1025//1570 1026//1570 1027//1570
f 669//1571 667//1571 1022//1571
f 669//1572 1028//1572 1029//1572
f 669//1573 1030//1573 1028//1573
f 669//1574 1031//1574 1030//1574
f 669//1575 1032//1575 1031//1575
f 669//1576 1033//1576 1032//1576
f 669//1577 1034//1577 1033//1577
f 669//1578 1035//1578 1034//1578
f 669//1579 1022//1579 1035//1579
f 671//1580 669//1580 1029//1580
f 671//1581 1036//1581 1037//1581
f 671//1582 1038//1582 1036//1582
f 671//1583 1039//1583 1038//1583
f 671//1584 1040//1584 1039//1584
f 671//1585 1041//1585 1040//1585
f 671//1586 1042//1586 1041//1586
f 671//1587 1043//1587 1042//1587
f 671//1588 1044//1588 1043//1588
f 671//1589 1029//1589 1044//1589
f 1045//1590 1046//1590 1047//1590
f 673//1591 1048//1591 1049//1591
f 673//1592 1037//1592 1048//1592
f 673//1593 671//1593 1037//1593
f 1050//1594 1051//1594 1052//1594
f 677//1595 1053//1595 1054//1595
f 677//1596 1055//1596 1053//1596
f 677//1597 1056//1597 1055//1597
f 677//1598 1057//1598 1056//1598
f 677//1599 1058//1599 1057//1599
f 677//1600 675//1600 1059//1600
f 677//1601 1060//1601 1058//1601
f 677//1602 1061//1602 1060//1602
f 677//1603 1062//1603 1061//1603
f 677//1604 1059//1604 1062//1604
f 679//1605 677//1605 1054//1605
f 679//1606 1063//1606 1064//1606
f 679//1607 1065//1607 1063//1607
f 679//1608 1066//1608 1065//1608
f 679//1609 1067//1609 1066//1609
f 679//1610 1068//1610 1067//1610
f 679//1611 1069//1611 1068//1611
f 679//1612 1054//1612 1069//1612
f 678//1613 1070//1613 1071//1613
f 678//1614 1072//1614 1070//1614
f 678//1615 1073//1615 1072//1615
f 678//1616 1074//1616 1073//1616
f 678//1617 1075//1617 1074//1617
f 678//1618 1064//1618 1075//1618
f 678//1619 679//1619 1064//1619
f 1076//1620 1077//1620 1078//1620
f 1079//1621 1076//1621 1078//1621
f 674//1622 1080//1622 1081//1622
f 674//1623 1082//1623 1080//1623
f 1083//1624 1079//1624 1084//1624
f 1083//1625 1076//1625 1079//1625
f 672//1626 674//1626 1081//1626
f 672//1627 1085//1627 1086//1627
f 672//1628 1087//1628 1085//1628
f 672//1629 1088//1629 1087//1629
f 672//1630 1089//1630 1088//1630
f 672//1631 1090//1631 1089//1631
f 672//1632 1091//1632 1090//1632
f 672//1633 1092//1633 1091//1633
f 672//1634 1081//1634 1092//1634
f 670//1635 672//1635 1086//1635
f 670//1636 1093//1636 1094//1636
f 670//1637 1095//1637 1093//1637
f 670//1638 1096//1638 1095//1638
f 670//1639 1097//1639 1096//1639
f 670//1640 1098//1640 1097//1640
f 670//1641 1099//1641 1098//1641
f 670//1642 1086//1642 1099//1642
f 1100//1643 1101//1643 1102//1643
f 1103//1644 1104//1644 1105//1644
f 664//1645 1106//1645 1107//1645
f 664//1646 1108//1646 1106//1646
f 664//1647 1109//1647 1108//1647
f 664//1648 1110//1648 1109//1648
f 664//1649 1111//1649 1110//1649
f 664//1650 1112//1650 1111//1650
f 664//1651 1113//1651 1112//1651
f 662//1652 1114//1652 1115//1652
f 662//1653 1107//1653 1114//1653
f 662//1654 664//1654 1107//1654
f 662//1655 1116//1655 1117//1655
f 662//1656 1118//1656 1116//1656
f 662//1657 1119//1657 1118//1657
f 662//1658 1120//1658 1119//1658
f 662//1659 1115//1659 1120//1659
f 660//1660 662//1660 1117//1660
f 660//1661 1121//1661 1122//1661
f 660//1662 1123//1662 1121//1662
f 660//1663 1124//1663 1123//1663
f 660//1664 1117//1664 1124//1664
f 1125//1665 1126//1665 1127//1665
f 656//1666 1128//1666 1129//1666
f 656//1667 1130//1667 1128//1667
f 656//1668 1131//1668 1130//1668
f 1132//1669 1133//1669 1134//1669
f 654//1670 656//1670 1129//1670
f 654//1671 1135//1671 1136//1671
f 654//1672 1137//1672 1135//1672
f 654//1673 1138//1673 1137//1673
f 654//1674 1139//1674 1138//1674
f 654//1675 1140//1675 1139//1675
f 654//1676 1141//1676 1140//1676
f 654//1677 1142//1677 1141//1677
f 654//1678 1129//1678 1142//1678
f 652//1679 654//1679 1136//1679
f 652//1680 1143//1680 1144//1680
f 652//1681 1145//1681 1143//1681
f 652//1682 1146//1682 1145//1682
f 652//1683 1147//1683 1146//1683
f 652//1684 1148//1684 1147//1684
f 652//1685 1149//1685 1148//1685
f 652//1686 1150//1686 1149//1686
f 652//1687 1151//1687 1150//1687
f 652//1688 1136//1688 1151//1688
f 1152//1689 1153//1689 1154//1689
f 650//1690 1155//1690 1156//1690
f 650//1691 1144//1691 1155//1691
f 650//1692 652//1692 1144//1692
f 1157//1693 1154//1693 1158//1693
f 1157//1694 1158//1694 1159//1694
f 1157//1695 1152//1695 1154//1695
f 646//1696 648//1696 1160//1696
f 646//1697 1161//1697 1162//1697
f 646//1698 1163//1698 1161//1698
f 646//1699 1164//1699 1163//1699
f 646//1700 1165//1700 1164//1700
f 646//1701 1166//1701 1165//1701
f 646//1702 1167//1702 1166//1702
f 646//1703 1168//1703 1167//1703
f 646//1704 1169//1704 1168//1704
f 646//1705 1170//1705 1169//1705
f 646//1706 1160//1706 1170//1706
f 644//1707 646//1707 1162//1707
f 644//1708 1171//1708 1172//1708
f 644//1709 1173//1709 1171//1709
f 644//1710 1174//1710 1173//1710
f 644//1711 1175//1711 1174//1711
f 644//1712 1176//1712 1175//1712
f 644//1713 1162//1713 1176//1713
f 642//1714 644//1714 1172//1714
f 642//1715 1177//1715 1178//1715
f 642//1716 1179//1716 1177//1716
f 642//1717 1180//1717 1179//1717
f 642//1718 1181//1718 1180//1718
f 642//1719 1182//1719 1181//1719
f 642//1720 1172//1720 1182//1720
f 1183//1721 1184//1721 1185//1721
f 1186//1722 1183//1722 1185//1722
f 1187//1723 1186//1723 1188//1723
f 1187//1724 1183//1724 1186//1724
f 636//1725 1189//1725 1190//1725
f 636//1726 1191//1726 1189//1726
f 636//1727 1192//1727 1191//1727
f 636//1728 1193//1728 1192//1728
f 636//1729 1194//1729 1193//1729
f 636//1730 1195//1730 1194//1730
f 636//1731 1196//1731 1195//1731
f 636//1732 1197//1732 1196//1732
f 636//1733 1198//1733 1197//1733
f 636//1734 638//1734 1198//1734
f 634//1735 636//1735 1190//1735
f 634//1736 1199//1736 1200//1736
f 634//1737 1201//1737 1199//1737
f 634//1738 1202//1738 1201//1738
f 634//1739 1203//1739 1202//1739
f 634//1740 1204//1740 1203//1740
f 634//1741 1205//1741 1204//1741
f 634//1742 1190//1742 1205//1742
f 1206//1743 1207//1743 1208//1743
f 1209//1744 1210//1744 1211//1744
f 628//1745 1212//1745 1213//1745
f 628//1746 1214//1746 1212//1746
f 628//1747 1215//1747 1214//1747
f 628//1748 1216//1748 1215//1748
f 628//1749 1217//1749 1216//1749
f 628//1750 1218//1750 1217//1750
f 626//1751 1219//1751 1220//1751
f 626//1752 1221//1752 1219//1752
f 626//1753 1222//1753 1221//1753
f 626//1754 1223//1754 1222//1754
f 626//1755 1224//1755 1223//1755
f 626//1756 1225//1756 1224//1756
f 626//1757 1213//1757 1225//1757
f 626//1758 628//1758 1213//1758
f 624//1759 626//1759 1220//1759
f 624//1760 1226//1760 1227//1760
f 624//1761 1228//1761 1226//1761
f 624//1762 1229//1762 1228//1762
f 624//1763 1230//1763 1229//1763
f 624//1764 1231//1764 1230//1764
f 624//1765 1232//1765 1231//1765
f 624//1766 1233//1766 1232//1766
f 624//1767 1234//1767 1233//1767
f 624//1768 1220//1768 1234//1768
f 1235//1769 1236//1769 1237//1769
f 620//1770 1238//1770 1239//1770
f 620//1771 1240//1771 1238//1771
f 620//1772 1241//1772 1240//1772
f 1242//1773 1243//1773 1244//1773
f 618//1774 1245//1774 1246//1774
f 618//1775 1247//1775 1245//1775
f 618//1776 1248//1776 1247//1776
f 618//1777 1249//1777 1248//1777
f 618//1778 1250//1778 1249//1778
f 618//1779 1251//1779 1250//1779
f 618//1780 1252//1780 1251//1780
f 618//1781 1253//1781 1252//1781
f 618//1782 1239//1782 1253//1782
f 618//1783 620//1783 1239//1783
f 616//1784 1254//1784 1255//1784
f 616//1785 1256//1785 1254//1785
f 616//1786 1257//1786 1256//1786
f 616//1787 1258//1787 1257//1787
f 616//1788 1259//1788 1258//1788
f 616//1789 1260//1789 1259//1789
f 616//1790 1246//1790 1260//1790
f 616//1791 618//1791 1246//1791
f 616//1792 1261//1792 1262//1792
f 616//1793 1255//1793 1261//1793
f 1263//1794 1264//1794 1265//1794
f 614//1795 616//1795 1262//1795
f 614//1796 1262//1796 1266//1796
f 1267//1797 1263//1797 1265//1797
f 1267//1798 1265//1798 1268//1798
f 1267//1799 1268//1799 1269//1799
f 610//1800 1270//1800 1271//1800
f 610//1801 1272//1801 1270//1801
f 610//1802 1273//1802 1272//1802
f 610//1803 1274//1803 1273//1803
f 610//1804 1275//1804 1274//1804
f 610//1805 1276//1805 1275//1805
f 608//1806 1277//1806 1278//1806
f 608//1807 1279//1807 1277//1807
f 608//1808 1280//1808 1279//1808
f 608//1809 1281//1809 1280//1809
f 608//1810 1282//1810 1281//1810
f 608//1811 1283//1811 1282//1811
f 608//1812 1271//1812 1283//1812
f 608//1813 610//1813 1271//1813
f 606//1814 1284//1814 1285//1814
f 606//1815 1286//1815 1284//1815
f 606//1816 1287//1816 1286//1816
f 606//1817 1288//1817 1287//1817
f 606//1818 1278//1818 1288//1818
f 606//1819 608//1819 1278//1819
f 1289//1820 1290//1820 1291//1820
f 1292//1821 1293//1821 1294//1821
f 601//1822 1295//1822 1296//1822
f 601//1823 1297//1823 1295//1823
f 601//1824 1298//1824 1297//1824
f 601//1825 1299//1825 1298//1825
f 601//1826 1300//1826 1299//1826
f 601//1827 1301//1827 1300//1827
f 601//1828 1302//1828 1301//1828
f 601//1829 1303//1829 1302//1829
f 601//1830 1304//1830 1303//1830
f 598//1831 601//1831 1296//1831
f 598//1832 1305//1832 1306//1832
f 598//1833 1307//1833 1305//1833
f 598//1834 1308//1834 1307//1834
f 598//1835 1309//1835 1308//1835
f 598//1836 1310//1836 1309//1836
f 598//1837 1311//1837 1310//1837
f 598//1838 1312//1838 1311//1838
f 598//1839 1296//1839 1312//1839
f 1313//1840 1314//1840 1315//1840
f 1316//1841 1317//1841 1318//1841
f 592//1842 1319//1842 1320//1842
f 592//1843 1321//1843 1319//1843
f 592//1844 1322//1844 1321//1844
f 592//1845 1323//1845 1322//1845
f 592//1846 1324//1846 1323//1846
f 592//1847 1325//1847 1324//1847
f 592//1848 1326//1848 1325//1848
f 591//1849 1327//1849 1328//1849
f 591//1850 1329//1850 1327//1850
f 591//1851 1330//1851 1329//1851
f 591//1852 1331//1852 1330//1852
f 591//1853 1332//1853 1331//1853
f 591//1854 1320//1854 1332//1854
f 591//1855 592//1855 1320//1855
f 588//1856 1333//1856 1334//1856
f 588//1857 1335//1857 1333//1857
f 588//1858 1336//1858 1335//1858
f 588//1859 1337//1859 1336//1859
f 588//1860 1338//1860 1337//1860
f 588//1861 1339//1861 1338//1861
f 588//1862 1340//1862 1339//1862
f 588//1863 1341//1863 1340//1863
f 588//1864 1342//1864 1341//1864
f 588//1865 1328//1865 1342//1865
f 588//1866 591//1866 1328//1866
f 1343//1867 1344//1867 1345//1867
f 583//1868 1346//1868 1347//1868
f 583//1869 1348//1869 1346//1869
f 583//1870 1349//1870 1348//1870
f 1350//1871 1351//1871 1352//1871
f 582//1872 583//1872 1347//1872
f 582//1873 1353//1873 1354//1873
f 582//1874 1355//1874 1353//1874
f 582//1875 1356//1875 1355//1875
f 582//1876 1357//1876 1356//1876
f 582//1877 1358//1877 1357//1877
f 582//1878 1359//1878 1358//1878
f 582//1879 1360//1879 1359//1879
f 582//1880 1361//1880 1360//1880
f 582//1881 1347//1881 1361//1881
f 579//1882 582//1882 1354//1882
f 579//1883 1362//1883 1363//1883
f 579//1884 1364//1884 1362//1884
f 579//1885 1365//1885 1364//1885
f 579//1886 1366//1886 1365//1886
f 579//1887 1367//1887 1366//1887
f 579//1888 1368//1888 1367//1888
f 579//1889 1369//1889 1368//1889
f 579//1890 1370//1890 1369//1890
f 579//1891 1354//1891 1370//1891
f 1371//1892 1372//1892 1373//1892
f 578//1893 1363//1893 1374//1893
f 578//1894 579//1894 1363//1894
f 1375//1895 1373//1895 1376//1895
f 1375//1896 1376//1896 1377//1896
f 1375//1897 1371//1897 1373//1897
f 574//1898 1378//1898 1379//1898
f 574//1899 1380//1899 1378//1899
f 574//1900 1381//1900 1380//1900
f 574//1901 1382//1901 1381//1901
f 572//1902 1383//1902 1384//1902
f 572//1903 1385//1903 1383//1903
f 572//1904 1386//1904 1385//1904
f 572//1905 1387//1905 1386//1905
f 572//1906 1388//1906 1387//1906
f 572//1907 1389//1907 1388//1907
f 572//1908 1379//1908 1389//1908
f 572//1909 574//1909 1379//1909
f 570//1910 1390//1910 1391//1910
f 570//1911 1392//1911 1390//1911
f 570//1912 1393//1912 1392//1912
f 570//1913 1394//1913 1393//1913
f 570//1914 1395//1914 1394//1914
f 570//1915 1384//1915 1395//1915
f 570//1916 572//1916 1384//1916
f 1396//1917 1397//1917 1398//1917
f 1399//1918 1400//1918 1401//1918
f 569//1919 1402//1919 1403//1919
f 569//1920 1404//1920 1402//1920
f 569//1921 1405//1921 1404//1921
f 569//1922 1406//1922 1405//1922
f 569//1923 1407//1923 1406//1923
f 569//1924 1408//1924 1407//1924
f 569//1925 1409//1925 1408//1925
f 569//1926 1410//1926 1409//1926
f 569//1927 1411//1927 1410//1927
f 571//1928 569//1928 1403//1928
f 571//1929 1412//1929 1413//1929
f 571//1930 1414//1930 1412//1930
f 571//1931 1415//1931 1414//1931
f 571//1932 1416//1932 1415//1932
f 571//1933 1417//1933 1416//1933
f 571//1934 1418//1934 1417//1934
f 571//1935 1419//1935 1418//1935
f 571//1936 1403//1936 1419//1936
f 1420//1937 1421//1937 1422//1937
f 573//1938 571//1938 1413//1938
f 573//1939 1423//1939 1424//1939
f 573//1940 1425//1940 1423//1940
f 573//1941 1413//1941 1425//1941
f 1426//1942 1427//1942 1428//1942
f 577//1943 1429//1943 1430//1943
f 577//1944 1431//1944 1429//1944
f 577//1945 1432//1945 1431//1945
f 577//1946 1433//1946 1432//1946
f 577//1947 1434//1947 1433//1947
f 577//1948 1435//1948 1434//1948
f 577//1949 1436//1949 1435//1949
f 580//1950 1437//1950 1438//1950
f 580//1951 1439//1951 1437//1951
f 580//1952 1430//1952 1439//1952
f 580//1953 577//1953 1430//1953
f 580//1954 1440//1954 1441//1954
f 580//1955 1442//1955 1440//1955
f 580//1956 1443//1956 1442//1956
f 580//1957 1438//1957 1443//1957
f 581//1958 580//1958 1441//1958
f 581//1959 1444//1959 1445//1959
f 581//1960 1446//1960 1444//1960
f 581//1961 1447//1961 1446//1961
f 581//1962 1448//1962 1447//1962
f 581//1963 1449//1963 1448//1963
f 581//1964 1450//1964 1449//1964
f 581//1965 1451//1965 1450//1965
f 581//1966 1452//1966 1451//1966
f 581//1967 1441//1967 1452//1967
f 1453//1968 1454//1968 1455//1968
f 1456//1969 1457//1969 1458//1969
f 1459//1970 1457//1970 1456//1970
f 1459//1971 1455//1971 1457//1971
f 1459//1972 1453//1972 1455//1972
f 1460//1973 1453//1973 1459//1973
f 587//1974 1461//1974 1462//1974
f 587//1975 1463//1975 1461//1975
f 587//1976 1464//1976 1463//1976
f 587//1977 1465//1977 1464//1977
f 587//1978 1466//1978 1465//1978
f 587//1979 1467//1979 1466//1979
f 587//1980 1468//1980 1467//1980
f 587//1981 1469//1981 1468//1981
f 587//1982 1470//1982 1469//1982
f 589//1983 1471//1983 1472//1983
f 589//1984 1473//1984 1471//1984
f 589//1985 1474//1985 1473//1985
f 589//1986 1475//1986 1474//1986
f 589//1987 1476//1987 1475//1987
f 589//1988 587//1988 1462//1988
f 589//1989 1477//1989 1476//1989
f 589//1990 1478//1990 1477//1990
f 589//1991 1462//1991 1478//1991
f 590//1992 1472//1992 1479//1992
f 590//1993 589//1993 1472//1993
f 594//1994 593//1994 803//1994
f 1480//1995 599//1995 825//1995
f 1480//1996 600//1996 599//1996
f 1480//1997 1481//1997 1482//1997
f 1480//1998 1483//1998 1481//1998
f 1480//1999 1484//1999 1483//1999
f 1480//2000 1485//2000 1484//2000
f 1480//2001 1486//2001 1485//2001
f 1480//2002 1487//2002 1486//2002
f 1480//2003 825//2003 1487//2003
f 1480//2004 1482//2004 1488//2004
f 1489//2005 817//2005 816//2005
f 1489//2006 1488//2006 1490//2006
f 1489//2007 1490//2007 797//2007
f 1489//2008 799//2008 817//2008
f 1489//2009 1491//2009 1492//2009
f 1489//2010 797//2010 799//2010
f 1489//2011 816//2011 1491//2011
f 1493//2012 1488//2012 1489//2012
f 1493//2013 603//2013 600//2013
f 1493//2014 604//2014 603//2014
f 1493//2015 845//2015 604//2015
f 1493//2016 1492//2016 1494//2016
f 1493//2017 1480//2017 1488//2017
f 1493//2018 600//2018 1480//2018
f 1493//2019 1495//2019 845//2019
f 1493//2020 1496//2020 1495//2020
f 1493//2021 1497//2021 1496//2021
f 1493//2022 1498//2022 1497//2022
f 1493//2023 1499//2023 1498//2023
f 1493//2024 1494//2024 1499//2024
f 1493//2025 1489//2025 1492//2025
f 1500//2026 1501//2026 1502//2026
f 1500//2027 1502//2027 830//2027
f 1500//2028 832//2028 834//2028
f 1500//2029 1503//2029 1504//2029
f 1500//2030 833//2030 1503//2030
f 1500//2031 834//2031 833//2031
f 1500//2032 830//2032 832//2032
f 1505//2033 1501//2033 1500//2033
f 1505//2034 1504//2034 1506//2034
f 1505//2035 611//2035 609//2035
f 1505//2036 609//2036 857//2036
f 1505//2037 613//2037 611//2037
f 1505//2038 1500//2038 1504//2038
f 1505//2039 1507//2039 872//2039
f 1505//2040 1508//2040 1507//2040
f 1505//2041 1506//2041 1508//2041
f 1505//2042 1509//2042 1510//2042
f 1505//2043 1511//2043 1509//2043
f 1505//2044 857//2044 1511//2044
f 1505//2045 872//2045 613//2045
f 1505//2046 1510//2046 1501//2046
f 1512//2047 863//2047 862//2047
f 1512//2048 1513//2048 1514//2048
f 1512//2049 1514//2049 853//2049
f 1512//2050 855//2050 863//2050
f 1512//2051 1515//2051 1516//2051
f 1512//2052 862//2052 1515//2052
f 1512//2053 853//2053 855//2053
f 1517//2054 1512//2054 1516//2054
f 1517//2055 1518//2055 1519//2055
f 1517//2056 1520//2056 1518//2056
f 1517//2057 1521//2057 1520//2057
f 1517//2058 1522//2058 1521//2058
f 1517//2059 881//2059 1522//2059
f 1517//2060 619//2060 617//2060
f 1517//2061 621//2061 619//2061
f 1517//2062 617//2062 881//2062
f 1517//2063 1519//2063 1513//2063
f 1517//2064 1513//2064 1512//2064
f 1523//2065 623//2065 621//2065
f 1523//2066 621//2066 1517//2066
f 1523//2067 902//2067 623//2067
f 1523//2068 1516//2068 1524//2068
f 1523//2069 1517//2069 1516//2069
f 1523//2070 1525//2070 902//2070
f 1523//2071 1526//2071 1525//2071
f 1523//2072 1527//2072 1526//2072
f 1523//2073 1528//2073 1527//2073
f 1523//2074 1529//2074 1528//2074
f 1523//2075 1530//2075 1529//2075
f 1523//2076 1524//2076 1530//2076
f 1531//2077 1532//2077 1533//2077
f 1531//2078 1533//2078 889//2078
f 1534//2079 629//2079 627//2079
f 1534//2080 627//2080 915//2080
f 1534//2081 1535//2081 1536//2081
f 1534//2082 1537//2082 1535//2082
f 1534//2083 1538//2083 1537//2083
f 1534//2084 1539//2084 1538//2084
f 1534//2085 1540//2085 1539//2085
f 1534//2086 1541//2086 1540//2086
f 1534//2087 915//2087 1541//2087
f 1534//2088 1536//2088 1532//2088
f 1534//2089 1532//2089 1531//2089
f 1542//2090 1531//2090 889//2090
f 1542//2091 1543//2091 1544//2091
f 1542//2092 893//2092 1543//2092
f 1542//2093 889//2093 893//2093
f 1545//2094 1534//2094 1531//2094
f 1545//2095 1542//2095 1544//2095
f 1545//2096 1546//2096 920//2096
f 1545//2097 1547//2097 1546//2097
f 1545//2098 1548//2098 1547//2098
f 1545//2099 1549//2099 1548//2099
f 1545//2100 1550//2100 1549//2100
f 1545//2101 1551//2101 1550//2101
f 1545//2102 631//2102 629//2102
f 1545//2103 920//2103 631//2103
f 1545//2104 1531//2104 1542//2104
f 1545//2105 1544//2105 1551//2105
f 1545//2106 629//2106 1534//2106
f 1552//2107 1553//2107 1554//2107
f 1552//2108 637//2108 635//2108
f 1552//2109 635//2109 938//2109
f 1552//2110 1555//2110 1553//2110
f 1552//2111 1556//2111 1555//2111
f 1552//2112 1557//2112 1556//2112
f 1552//2113 1558//2113 1557//2113
f 1552//2114 1559//2114 1558//2114
f 1552//2115 938//2115 1559//2115
f 1560//2116 1554//2116 1561//2116
f 1560//2117 1561//2117 911//2117
f 1560//2118 913//2118 922//2118
f 1560//2119 1562//2119 1563//2119
f 1560//2120 921//2120 1562//2120
f 1560//2121 911//2121 913//2121
f 1560//2122 922//2122 921//2122
f 1564//2123 954//2123 641//2123
f 1564//2124 1554//2124 1560//2124
f 1564//2125 1552//2125 1554//2125
f 1564//2126 639//2126 637//2126
f 1564//2127 641//2127 639//2127
f 1564//2128 1563//2128 1565//2128
f 1564//2129 637//2129 1552//2129
f 1564//2130 1566//2130 954//2130
f 1564//2131 1567//2131 1566//2131
f 1564//2132 1568//2132 1567//2132
f 1564//2133 1569//2133 1568//2133
f 1564//2134 1565//2134 1569//2134
f 1564//2135 1560//2135 1563//2135
f 1570//2136 943//2136 942//2136
f 1570//2137 939//2137 941//2137
f 1570//2138 1571//2138 1572//2138
f 1570//2139 1572//2139 939//2139
f 1570//2140 941//2140 943//2140
f 1570//2141 1573//2141 1574//2141
f 1570//2142 942//2142 1573//2142
f 1575//2143 647//2143 645//2143
f 1575//2144 649//2144 647//2144
f 1575//2145 1576//2145 1577//2145
f 1575//2146 1578//2146 1576//2146
f 1575//2147 1579//2147 1578//2147
f 1575//2148 966//2148 1579//2148
f 1575//2149 1570//2149 1574//2149
f 1575//2150 1571//2150 1570//2150
f 1575//2151 1577//2151 1571//2151
f 1575//2152 645//2152 966//2152
f 1580//2153 1581//2153 973//2153
f 1580//2154 1582//2154 1581//2154
f 1580//2155 1583//2155 1582//2155
f 1580//2156 1584//2156 1583//2156
f 1580//2157 1585//2157 1584//2157
f 1580//2158 649//2158 1575//2158
f 1580//2159 1574//2159 1585//2159
f 1580//2160 1575//2160 1574//2160
f 1580//2161 973//2161 649//2161
f 1586//2162 1587//2162 1588//2162
f 1586//2163 1588//2163 962//2163
f 1586//2164 1589//2164 1590//2164
f 1586//2165 976//2165 1589//2165
f 1586//2166 962//2166 976//2166
f 1591//2167 1587//2167 1586//2167
f 1591//2168 1592//2168 1587//2168
f 1591//2169 655//2169 653//2169
f 1591//2170 657//2170 655//2170
f 1591//2171 653//2171 988//2171
f 1591//2172 1593//2172 1592//2172
f 1591//2173 1594//2173 1593//2173
f 1591//2174 1595//2174 1594//2174
f 1591//2175 1596//2175 1595//2175
f 1591//2176 1597//2176 1596//2176
f 1591//2177 988//2177 1597//2177
f 1598//2178 1008//2178 659//2178
f 1598//2179 1590//2179 1599//2179
f 1598//2180 1591//2180 1586//2180
f 1598//2181 657//2181 1591//2181
f 1598//2182 659//2182 657//2182
f 1598//2183 1600//2183 1008//2183
f 1598//2184 1601//2184 1600//2184
f 1598//2185 1602//2185 1601//2185
f 1598//2186 1603//2186 1602//2186
f 1598//2187 1604//2187 1603//2187
f 1598//2188 1605//2188 1604//2188
f 1598//2189 1599//2189 1605//2189
f 1598//2190 1586//2190 1590//2190
f 1606//2191 1607//2191 1608//2191
f 1606//2192 1609//2192 1607//2192
f 1606//2193 1610//2193 1609//2193
f 1606//2194 1611//2194 1610//2194
f 1606//2195 1612//2195 1611//2195
f 1606//2196 1613//2196 1612//2196
f 1606//2197 1614//2197 1613//2197
f 1606//2198 1017//2198 1614//2198
f 1606//2199 665//2199 663//2199
f 1606//2200 1608//2200 1615//2200
f 1606//2201 663//2201 1017//2201
f 1616//2202 995//2202 999//2202
f 1616//2203 1615//2203 1617//2203
f 1616//2204 1617//2204 995//2204
f 1616//2205 1618//2205 1619//2205
f 1616//2206 999//2206 1618//2206
f 1620//2207 665//2207 1606//2207
f 1620//2208 1616//2208 1619//2208
f 1620//2209 1615//2209 1616//2209
f 1620//2210 1024//2210 667//2210
f 1620//2211 667//2211 665//2211
f 1620//2212 1619//2212 1621//2212
f 1620//2213 1622//2213 1024//2213
f 1620//2214 1623//2214 1622//2214
f 1620//2215 1624//2215 1623//2215
f 1620//2216 1625//2216 1624//2216
f 1620//2217 1626//2217 1625//2217
f 1620//2218 1621//2218 1626//2218
f 1620//2219 1606//2219 1615//2219
f 1627//2220 1018//2220 1020//2220
f 1627//2221 1628//2221 1629//2221
f 1627//2222 1629//2222 1018//2222
f 1627//2223 1026//2223 1025//2223
f 1627//2224 1020//2224 1026//2224
f 1627//2225 1630//2225 1631//2225
f 1627//2226 1025//2226 1630//2226
f 1632//2227 1059//2227 675//2227
f 1632//2228 1633//2228 1059//2228
f 1632//2229 1634//2229 1633//2229
f 1632//2230 1635//2230 1634//2230
f 1632//2231 1636//2231 1635//2231
f 1632//2232 675//2232 673//2232
f 1632//2233 1637//2233 1638//2233
f 1632//2234 1639//2234 1637//2234
f 1632//2235 1049//2235 1639//2235
f 1632//2236 1628//2236 1627//2236
f 1632//2237 1627//2237 1631//2237
f 1632//2238 673//2238 1049//2238
f 1632//2239 1638//2239 1628//2239
f 1632//2240 1631//2240 1636//2240
f 1640//2241 1045//2241 1047//2241
f 1640//2242 1641//2242 1642//2242
f 1640//2243 1642//2243 1045//2243
f 1640//2244 1047//2244 1051//2244
f 1640//2245 1643//2245 1644//2245
f 1640//2246 1050//2246 1643//2246
f 1640//2247 1051//2247 1050//2247
f 1645//2248 1646//2248 1647//2248
f 1645//2249 1648//2249 1646//2249
f 1645//2250 1649//2250 1648//2250
f 1645//2251 1650//2251 1649//2251
f 1645//2252 1640//2252 1644//2252
f 1645//2253 1071//2253 1650//2253
f 1645//2254 1641//2254 1640//2254
f 1645//2255 1647//2255 1641//2255
f 1645//2256 676//2256 678//2256
f 1645//2257 674//2257 676//2257
f 1645//2258 678//2258 1071//2258
f 1651//2259 1082//2259 674//2259
f 1651//2260 1644//2260 1652//2260
f 1651//2261 674//2261 1645//2261
f 1651//2262 1653//2262 1082//2262
f 1651//2263 1654//2263 1653//2263
f 1651//2264 1655//2264 1654//2264
f 1651//2265 1656//2265 1655//2265
f 1651//2266 1657//2266 1656//2266
f 1651//2267 1658//2267 1657//2267
f 1651//2268 1645//2268 1644//2268
f 1651//2269 1652//2269 1658//2269
f 1659//2270 1660//2270 1661//2270
f 1659//2271 1661//2271 1076//2271
f 1662//2272 1663//2272 1664//2272
f 1662//2273 1665//2273 1663//2273
f 1662//2274 1666//2274 1665//2274
f 1662//2275 1667//2275 1666//2275
f 1662//2276 1668//2276 1667//2276
f 1662//2277 1669//2277 1668//2277
f 1662//2278 1094//2278 1669//2278
f 1662//2279 668//2279 670//2279
f 1662//2280 666//2280 668//2280
f 1662//2281 670//2281 1094//2281
f 1662//2282 1660//2282 1659//2282
f 1662//2283 1664//2283 1660//2283
f 1670//2284 1659//2284 1076//2284
f 1670//2285 1076//2285 1083//2285
f 1670//2286 1671//2286 1672//2286
f 1670//2287 1083//2287 1671//2287
f 1673//2288 1662//2288 1659//2288
f 1673//2289 1674//2289 1113//2289
f 1673//2290 1675//2290 1674//2290
f 1673//2291 1676//2291 1675//2291
f 1673//2292 1677//2292 1676//2292
f 1673//2293 1678//2293 1677//2293
f 1673//2294 1679//2294 1678//2294
f 1673//2295 1113//2295 664//2295
f 1673//2296 1670//2296 1672//2296
f 1673//2297 1659//2297 1670//2297
f 1673//2298 664//2298 666//2298
f 1673//2299 1672//2299 1679//2299
f 1673//2300 666//2300 1662//2300
f 1680//2301 660//2301 1122//2301
f 1680//2302 1681//2302 1682//2302
f 1680//2303 658//2303 660//2303
f 1680//2304 1683//2304 1681//2304
f 1680//2305 1684//2305 1683//2305
f 1680//2306 1685//2306 1684//2306
f 1680//2307 1686//2307 1685//2307
f 1680//2308 1687//2308 1686//2308
f 1680//2309 1688//2309 1687//2309
f 1680//2310 1122//2310 1688//2310
f 1689//2311 1100//2311 1102//2311
f 1689//2312 1682//2312 1690//2312
f 1689//2313 1690//2313 1100//2313
f 1689//2314 1102//2314 1104//2314
f 1689//2315 1691//2315 1692//2315
f 1689//2316 1103//2316 1691//2316
f 1689//2317 1104//2317 1103//2317
f 1693//2318 658//2318 1680//2318
f 1693//2319 1131//2319 656//2319
f 1693//2320 1692//2320 1694//2320
f 1693//2321 1682//2321 1689//2321
f 1693//2322 1689//2322 1692//2322
f 1693//2323 1695//2323 1131//2323
f 1693//2324 1696//2324 1695//2324
f 1693//2325 1697//2325 1696//2325
f 1693//2326 1698//2326 1697//2326
f 1693//2327 1694//2327 1698//2327
f 1693//2328 656//2328 658//2328
f 1693//2329 1680//2329 1682//2329
f 1699//2330 1700//2330 1701//2330
f 1699//2331 1701//2331 1125//2331
f 1699//2332 1127//2332 1133//2332
f 1699//2333 1133//2333 1132//2333
f 1699//2334 1702//2334 1703//2334
f 1699//2335 1132//2335 1702//2335
f 1699//2336 1125//2336 1127//2336
f 1704//2337 650//2337 1156//2337
f 1704//2338 1705//2338 1706//2338
f 1704//2339 1707//2339 1705//2339
f 1704//2340 1708//2340 1707//2340
f 1704//2341 1156//2341 1708//2341
f 1704//2342 1706//2342 1700//2342
f 1704//2343 1703//2343 1709//2343
f 1704//2344 1699//2344 1703//2344
f 1704//2345 648//2345 650//2345
f 1704//2346 1700//2346 1699//2346
f 1704//2347 1160//2347 648//2347
f 1704//2348 1710//2348 1160//2348
f 1704//2349 1711//2349 1710//2349
f 1704//2350 1709//2350 1711//2350
f 1712//2351 1713//2351 1152//2351
f 1712//2352 1714//2352 1715//2352
f 1712//2353 1157//2353 1714//2353
f 1712//2354 1152//2354 1157//2354
f 1712//2355 1716//2355 1713//2355
f 1717//2356 642//2356 1178//2356
f 1717//2357 1716//2357 1712//2357
f 1717//2358 1712//2358 1715//2358
f 1717//2359 1718//2359 1719//2359
f 1717//2360 1720//2360 1718//2360
f 1717//2361 640//2361 642//2361
f 1717//2362 1721//2362 1720//2362
f 1717//2363 1722//2363 1721//2363
f 1717//2364 1723//2364 1722//2364
f 1717//2365 1178//2365 1723//2365
f 1717//2366 1719//2366 1716//2366
f 1724//2367 1715//2367 1725//2367
f 1724//2368 1726//2368 1198//2368
f 1724//2369 1727//2369 1726//2369
f 1724//2370 1728//2370 1727//2370
f 1724//2371 1729//2371 1728//2371
f 1724//2372 1730//2372 1729//2372
f 1724//2373 1731//2373 1730//2373
f 1724//2374 1725//2374 1731//2374
f 1724//2375 1717//2375 1715//2375
f 1724//2376 640//2376 1717//2376
f 1724//2377 638//2377 640//2377
f 1724//2378 1198//2378 638//2378
f 1732//2379 1733//2379 1734//2379
f 1732//2380 1735//2380 1733//2380
f 1732//2381 1736//2381 1735//2381
f 1732//2382 1737//2382 1736//2382
f 1732//2383 1738//2383 1737//2383
f 1732//2384 1739//2384 1738//2384
f 1732//2385 1740//2385 1739//2385
f 1732//2386 1200//2386 1740//2386
f 1732//2387 634//2387 1200//2387
f 1732//2388 1734//2388 1741//2388
f 1732//2389 632//2389 634//2389
f 1742//2390 1741//2390 1743//2390
f 1742//2391 1743//2391 1183//2391
f 1742//2392 1744//2392 1745//2392
f 1742//2393 1187//2393 1744//2393
f 1742//2394 1183//2394 1187//2394
f 1746//2395 632//2395 1732//2395
f 1746//2396 1732//2396 1741//2396
f 1746//2397 1218//2397 628//2397
f 1746//2398 1745//2398 1747//2398
f 1746//2399 1741//2399 1742//2399
f 1746//2400 630//2400 632//2400
f 1746//2401 628//2401 630//2401
f 1746//2402 1748//2402 1218//2402
f 1746//2403 1749//2403 1748//2403
f 1746//2404 1750//2404 1749//2404
f 1746//2405 1751//2405 1750//2405
f 1746//2406 1752//2406 1751//2406
f 1746//2407 1747//2407 1752//2407
f 1746//2408 1742//2408 1745//2408
f 1753//2409 1206//2409 1208//2409
f 1753//2410 1210//2410 1209//2410
f 1753//2411 1754//2411 1755//2411
f 1753//2412 1755//2412 1206//2412
f 1753//2413 1208//2413 1210//2413
f 1753//2414 1756//2414 1757//2414
f 1753//2415 1209//2415 1756//2415
f 1758//2416 1759//2416 1241//2416
f 1758//2417 1760//2417 1759//2417
f 1758//2418 1761//2418 1760//2418
f 1758//2419 1762//2419 1761//2419
f 1758//2420 1753//2420 1757//2420
f 1758//2421 1763//2421 1764//2421
f 1758//2422 1765//2422 1763//2422
f 1758//2423 1227//2423 1765//2423
f 1758//2424 1241//2424 620//2424
f 1758//2425 1754//2425 1753//2425
f 1758//2426 624//2426 1227//2426
f 1758//2427 622//2427 624//2427
f 1758//2428 620//2428 622//2428
f 1758//2429 1764//2429 1754//2429
f 1758//2430 1757//2430 1762//2430
f 1766//2431 1243//2431 1242//2431
f 1766//2432 1767//2432 1768//2432
f 1766//2433 1768//2433 1235//2433
f 1766//2434 1237//2434 1243//2434
f 1766//2435 1769//2435 1770//2435
f 1766//2436 1242//2436 1769//2436
f 1766//2437 1235//2437 1237//2437
f 1771//2438 1772//2438 1767//2438
f 1771//2439 1766//2439 1770//2439
f 1771//2440 614//2440 1266//2440
f 1771//2441 1767//2441 1766//2441
f 1771//2442 612//2442 614//2442
f 1771//2443 1773//2443 1772//2443
f 1771//2444 1774//2444 1773//2444
f 1771//2445 1775//2445 1774//2445
f 1771//2446 1776//2446 1775//2446
f 1771//2447 1266//2447 1776//2447
f 1777//2448 1770//2448 1778//2448
f 1777//2449 1779//2449 1276//2449
f 1777//2450 1780//2450 1779//2450
f 1777//2451 1781//2451 1780//2451
f 1777//2452 1782//2452 1781//2452
f 1777//2453 612//2453 1771//2453
f 1777//2454 1783//2454 1782//2454
f 1777//2455 1778//2455 1783//2455
f 1777//2456 1771//2456 1770//2456
f 1777//2457 1276//2457 610//2457
f 1777//2458 610//2458 612//2458
f 1784//2459 1263//2459 1267//2459
f 1784//2460 1785//2460 1786//2460
f 1784//2461 1786//2461 1263//2461
f 1787//2462 606//2462 1285//2462
f 1787//2463 1788//2463 1789//2463
f 1787//2464 1790//2464 1788//2464
f 1787//2465 1791//2465 1790//2465
f 1787//2466 1792//2466 1791//2466
f 1787//2467 1793//2467 1792//2467
f 1787//2468 1794//2468 1793//2468
f 1787//2469 1285//2469 1794//2469
f 1787//2470 1789//2470 1785//2470
f 1787//2471 605//2471 606//2471
f 1787//2472 1785//2472 1784//2472
f 1795//2473 1784//2473 1267//2473
f 1795//2474 1796//2474 1797//2474
f 1795//2475 1267//2475 1796//2475
f 1798//2476 1799//2476 1800//2476
f 1798//2477 1801//2477 1799//2477
f 1798//2478 1802//2478 1801//2478
f 1798//2479 1803//2479 1802//2479
f 1798//2480 1804//2480 1803//2480
f 1798//2481 1805//2481 1804//2481
f 1798//2482 605//2482 1787//2482
f 1798//2483 1304//2483 601//2483
f 1798//2484 1784//2484 1795//2484
f 1798//2485 1795//2485 1797//2485
f 1798//2486 1787//2486 1784//2486
f 1798//2487 1797//2487 1805//2487
f 1798//2488 602//2488 605//2488
f 1798//2489 601//2489 602//2489
f 1798//2490 1800//2490 1304//2490
f 1806//2491 598//2491 1306//2491
f 1806//2492 1807//2492 1808//2492
f 1806//2493 1809//2493 1807//2493
f 1806//2494 1810//2494 1809//2494
f 1806//2495 1811//2495 1810//2495
f 1806//2496 1812//2496 1811//2496
f 1806//2497 1813//2497 1812//2497
f 1806//2498 1814//2498 1813//2498
f 1806//2499 1306//2499 1814//2499
f 1806//2500 596//2500 598//2500
f 1815//2501 1808//2501 1816//2501
f 1815//2502 1816//2502 1289//2502
f 1815//2503 1291//2503 1293//2503
f 1815//2504 1817//2504 1818//2504
f 1815//2505 1292//2505 1817//2505
f 1815//2506 1289//2506 1291//2506
f 1815//2507 1293//2507 1292//2507
f 1819//2508 1818//2508 1820//2508
f 1819//2509 1806//2509 1808//2509
f 1819//2510 596//2510 1806//2510
f 1819//2511 1326//2511 592//2511
f 1819//2512 1808//2512 1815//2512
f 1819//2513 1821//2513 1326//2513
f 1819//2514 1822//2514 1821//2514
f 1819//2515 1823//2515 1822//2515
f 1819//2516 1824//2516 1823//2516
f 1819//2517 1820//2517 1824//2517
f 1819//2518 1815//2518 1818//2518
f 1819//2519 595//2519 596//2519
f 1819//2520 592//2520 595//2520
f 1825//2521 1317//2521 1316//2521
f 1825//2522 1313//2522 1315//2522
f 1825//2523 1826//2523 1827//2523
f 1825//2524 1827//2524 1313//2524
f 1825//2525 1315//2525 1317//2525
f 1825//2526 1828//2526 1829//2526
f 1825//2527 1316//2527 1828//2527
f 1830//2528 1831//2528 1832//2528
f 1830//2529 1833//2529 1831//2529
f 1830//2530 1334//2530 1833//2530
f 1830//2531 1825//2531 1829//2531
f 1830//2532 1349//2532 583//2532
f 1830//2533 1826//2533 1825//2533
f 1830//2534 1832//2534 1826//2534
f 1830//2535 1829//2535 1834//2535
f 1830//2536 1835//2536 1349//2536
f 1830//2537 1836//2537 1835//2537
f 1830//2538 1834//2538 1836//2538
f 1830//2539 586//2539 588//2539
f 1830//2540 583//2540 586//2540
f 1830//2541 588//2541 1334//2541
f 1837//2542 1351//2542 1350//2542
f 1837//2543 1343//2543 1345//2543
f 1837//2544 1838//2544 1839//2544
f 1837//2545 1839//2545 1343//2545
f 1837//2546 1345//2546 1351//2546
f 1837//2547 1840//2547 1841//2547
f 1837//2548 1350//2548 1840//2548
f 1842//2549 576//2549 578//2549
f 1842//2550 578//2550 1374//2550
f 1842//2551 1837//2551 1841//2551
f 1842//2552 1838//2552 1837//2552
f 1842//2553 1843//2553 1844//2553
f 1842//2554 1845//2554 1843//2554
f 1842//2555 1846//2555 1845//2555
f 1842//2556 1847//2556 1846//2556
f 1842//2557 1848//2557 1847//2557
f 1842//2558 1374//2558 1848//2558
f 1842//2559 1844//2559 1838//2559
f 1849//2560 574//2560 576//2560
f 1849//2561 576//2561 1842//2561
f 1849//2562 1850//2562 1382//2562
f 1849//2563 1851//2563 1850//2563
f 1849//2564 1852//2564 1851//2564
f 1849//2565 1853//2565 1852//2565
f 1849//2566 1854//2566 1853//2566
f 1849//2567 1855//2567 1854//2567
f 1849//2568 1856//2568 1855//2568
f 1849//2569 1842//2569 1841//2569
f 1849//2570 1382//2570 574//2570
f 1849//2571 1841//2571 1856//2571
f 1857//2572 1858//2572 1859//2572
f 1857//2573 1859//2573 1371//2573
f 1860//2574 1861//2574 1862//2574
f 1860//2575 1863//2575 1861//2575
f 1860//2576 1864//2576 1863//2576
f 1860//2577 1865//2577 1864//2577
f 1860//2578 1866//2578 1865//2578
f 1860//2579 568//2579 570//2579
f 1860//2580 1867//2580 1866//2580
f 1860//2581 1391//2581 1867//2581
f 1860//2582 1862//2582 1858//2582
f 1860//2583 1858//2583 1857//2583
f 1860//2584 570//2584 1391//2584
f 1868//2585 1371//2585 1375//2585
f 1868//2586 1869//2586 1870//2586
f 1868//2587 1375//2587 1869//2587
f 1868//2588 1857//2588 1371//2588
f 1871//2589 567//2589 568//2589
f 1871//2590 569//2590 567//2590
f 1871//2591 1868//2591 1870//2591
f 1871//2592 1870//2592 1872//2592
f 1871//2593 1873//2593 1411//2593
f 1871//2594 1874//2594 1873//2594
f 1871//2595 1875//2595 1874//2595
f 1871//2596 1876//2596 1875//2596
f 1871//2597 1877//2597 1876//2597
f 1871//2598 1872//2598 1877//2598
f 1871//2599 1860//2599 1857//2599
f 1871//2600 568//2600 1860//2600
f 1871//2601 1411//2601 569//2601
f 1871//2602 1857//2602 1868//2602
f 1878//2603 1879//2603 1880//2603
f 1878//2604 1881//2604 1879//2604
f 1878//2605 1882//2605 1881//2605
f 1878//2606 1883//2606 1882//2606
f 1878//2607 1424//2607 1883//2607
f 1878//2608 1880//2608 1884//2608
f 1878//2609 573//2609 1424//2609
f 1885//2610 1396//2610 1398//2610
f 1885//2611 1400//2611 1399//2611
f 1885//2612 1884//2612 1886//2612
f 1885//2613 1886//2613 1396//2613
f 1885//2614 1398//2614 1400//2614
f 1885//2615 1887//2615 1888//2615
f 1885//2616 1399//2616 1887//2616
f 1889//2617 1884//2617 1885//2617
f 1889//2618 575//2618 573//2618
f 1889//2619 1890//2619 1436//2619
f 1889//2620 577//2620 575//2620
f 1889//2621 1891//2621 1890//2621
f 1889//2622 1892//2622 1891//2622
f 1889//2623 1893//2623 1892//2623
f 1889//2624 573//2624 1878//2624
f 1889//2625 1878//2625 1884//2625
f 1889//2626 1436//2626 577//2626
f 1889//2627 1885//2627 1888//2627
f 1889//2628 1888//2628 1893//2628
f 1894//2629 1895//2629 1896//2629
f 1894//2630 1896//2630 1420//2630
f 1894//2631 1422//2631 1427//2631
f 1894//2632 1897//2632 1898//2632
f 1894//2633 1426//2633 1897//2633
f 1894//2634 1427//2634 1426//2634
f 1894//2635 1420//2635 1422//2635
f 1899//2636 584//2636 581//2636
f 1899//2637 1900//2637 1895//2637
f 1899//2638 585//2638 584//2638
f 1899//2639 1895//2639 1894//2639
f 1899//2640 1894//2640 1898//2640
f 1899//2641 581//2641 1445//2641
f 1899//2642 1901//2642 1900//2642
f 1899//2643 1902//2643 1901//2643
f 1899//2644 1903//2644 1902//2644
f 1899//2645 1445//2645 1903//2645
f 1904//2646 585//2646 1899//2646
f 1904//2647 587//2647 585//2647
f 1904//2648 1470//2648 587//2648
f 1904//2649 1898//2649 1905//2649
f 1904//2650 1906//2650 1470//2650
f 1904//2651 1907//2651 1906//2651
f 1904//2652 1908//2652 1907//2652
f 1904//2653 1909//2653 1908//2653
f 1904//2654 1910//2654 1909//2654
f 1904//2655 1905//2655 1910//2655
f 1904//2656 1899//2656 1898//2656
f 1911//2657 1460//2657 796//2657
f 1911//2658 796//2658 793//2658
f 1911//2659 1912//2659 1913//2659
f 1911//2660 1913//2660 1453//2660
f 1911//2661 1453//2661 1460//2661
f 1914//2662 793//2662 803//2662
f 1914//2663 593//2663 590//2663
f 1914//2664 1915//2664 1916//2664
f 1914//2665 1917//2665 1915//2665
f 1914//2666 1918//2666 1917//2666
f 1914//2667 1919//2667 1918//2667
f 1914//2668 1920//2668 1919//2668
f 1914//2669 1921//2669 1920//2669
f 1914//2670 1479//2670 1921//2670
f 1914//2671 590//2671 1479//2671
f 1914//2672 1916//2672 1912//2672
f 1914//2673 1912//2673 1911//2673
f 1914//2674 803//2674 593//2674
f 1914//2675 1911//2675 793//2675
f 1922//2676 751//2676 1923//2676
f 1922//2677 750//2677 751//2677
f 1924//2678 1923//2678 751//2678
f 1924//2679 751//2679 752//2679
f 1925//2680 749//2680 750//2680
f 1925//2681 750//2681 1922//2681
f 1926//2682 1924//2682 752//2682
f 1926//2683 752//2683 753//2683
f 1927//2684 748//2684 749//2684
f 1927//2685 749//2685 1925//2685
f 1928//2686 1926//2686 753//2686
f 1928//2687 753//2687 754//2687
f 1929//2688 748//2688 1927//2688
f 1929//2689 747//2689 748//2689
f 1930//2690 754//2690 755//2690
f 1930//2691 1928//2691 754//2691
f 1931//2692 747//2692 1929//2692
f 1931//2693 746//2693 747//2693
f 1932//2694 755//2694 756//2694
f 1932//2695 1930//2695 755//2695
f 1933//2696 746//2696 1931//2696
f 1933//2697 744//2697 745//2697
f 1933//2698 745//2698 746//2698
f 1934//2699 756//2699 757//2699
f 1934//2700 1932//2700 756//2700
f 1935//2701 744//2701 1933//2701
f 1936//2702 757//2702 758//2702
f 1936//2703 1934//2703 757//2703
f 1937//2704 744//2704 1935//2704
f 1937//2705 742//2705 743//2705
f 1937//2706 743//2706 744//2706
f 1938//2707 758//2707 759//2707
f 1938//2708 1936//2708 758//2708
f 1939//2709 742//2709 1937//2709
f 1940//2710 1938//2710 759//2710
f 1940//2711 759//2711 760//2711
f 1940//2712 760//2712 761//2712
f 1941//2713 740//2713 741//2713
f 1941//2714 741//2714 742//2714
f 1941//2715 742//2715 1939//2715
f 1942//2716 1940//2716 761//2716
f 1943//2717 740//2717 1941//2717
f 1944//2718 1942//2718 761//2718
f 1944//2719 761//2719 762//2719
f 1944//2720 762//2720 763//2720
f 1945//2721 740//2721 1943//2721
f 1945//2722 739//2722 740//2722
f 1946//2723 1944//2723 763//2723
f 1947//2724 739//2724 1945//2724
f 1947//2725 737//2725 738//2725
f 1947//2726 738//2726 739//2726
f 1948//2727 1946//2727 763//2727
f 1948//2728 763//2728 764//2728
f 1948//2729 764//2729 765//2729
f 1949//2730 737//2730 1947//2730
f 1950//2731 1948//2731 765//2731
f 1951//2732 737//2732 1949//2732
f 1951//2733 736//2733 737//2733
f 1952//2734 1950//2734 765//2734
f 1952//2735 765//2735 766//2735
f 1953//2736 736//2736 1951//2736
f 1953//2737 735//2737 736//2737
f 1954//2738 1952//2738 766//2738
f 1954//2739 766//2739 767//2739
f 1955//2740 735//2740 1953//2740
f 1955//2741 734//2741 735//2741
f 1956//2742 1954//2742 767//2742
f 1956//2743 767//2743 768//2743
f 1957//2744 732//2744 733//2744
f 1957//2745 733//2745 734//2745
f 1957//2746 734//2746 1955//2746
f 1958//2747 1956//2747 768//2747
f 1958//2748 768//2748 769//2748
f 1959//2749 732//2749 1957//2749
f 1960//2750 1958//2750 769//2750
f 1960//2751 769//2751 770//2751
f 1961//2752 731//2752 732//2752
f 1961//2753 732//2753 1959//2753
f 1962//2754 1960//2754 770//2754
f 1962//2755 770//2755 771//2755
f 1963//2756 730//2756 731//2756
f 1963//2757 731//2757 1961//2757
f 1964//2758 771//2758 772//2758
f 1964//2759 1962//2759 771//2759
f 1965//2760 729//2760 730//2760
f 1965//2761 730//2761 1963//2761
f 1966//2762 1964//2762 772//2762
f 1966//2763 772//2763 773//2763
f 1967//2764 728//2764 729//2764
f 1967//2765 729//2765 1965//2765
f 1968//2766 1966//2766 773//2766
f 1968//2767 773//2767 774//2767
f 1969//2768 728//2768 1967//2768
f 1969//2769 727//2769 728//2769
f 775//2770 1968//2770 774//2770
f 1970//2771 1968//2771 775//2771
f 1971//2772 727//2772 1969//2772
f 1971//2773 726//2773 727//2773
f 1972//2774 1970//2774 775//2774
f 1972//2775 775//2775 776//2775
f 1973//2776 726//2776 1971//2776
f 1973//2777 725//2777 726//2777
f 1974//2778 1972//2778 776//2778
f 1974//2779 776//2779 777//2779
f 1975//2780 725//2780 1973//2780
f 1975//2781 724//2781 725//2781
f 778//2782 1974//2782 777//2782
f 1976//2783 1974//2783 778//2783
f 723//2784 724//2784 1975//2784
f 1977//2785 723//2785 1975//2785
f 1978//2786 1976//2786 778//2786
f 779//2787 1978//2787 778//2787
f 722//2788 723//2788 1977//2788
f 722//2789 1977//2789 1979//2789
f 1980//2790 1978//2790 779//2790
f 780//2791 1980//2791 779//2791
f 721//2792 1979//2792 1981//2792
f 721//2793 722//2793 1979//2793
f 1982//2794 721//2794 1981//2794
f 781//2795 1983//2795 1980//2795
f 781//2796 1980//2796 780//2796
f 720//2797 721//2797 1982//2797
f 1984//2798 720//2798 1982//2798
f 782//2799 1985//2799 1983//2799
f 782//2800 1983//2800 781//2800
f 719//2801 720//2801 1984//2801
f 783//2802 1986//2802 1985//2802
f 783//2803 1985//2803 782//2803
f 718//2804 1984//2804 1987//2804
f 718//2805 719//2805 1984//2805
f 784//2806 1988//2806 1986//2806
f 784//2807 1986//2807 783//2807
f 717//2808 1987//2808 1989//2808
f 717//2809 718//2809 1987//2809
f 785//2810 1990//2810 1988//2810
f 785//2811 1988//2811 784//2811
f 716//2812 1989//2812 1991//2812
f 716//2813 717//2813 1989//2813
f 786//2814 1992//2814 1990//2814
f 786//2815 1993//2815 1992//2815
f 786//2816 1990//2816 785//2816
f 715//2817 716//2817 1991//2817
f 715//2818 1994//2818 1995//2818
f 715//2819 1991//2819 1994//2819
f 787//2820 1993//2820 786//2820
f 714//2821 715//2821 1995//2821
f 714//2822 1995//2822 1996//2822
f 788//2823 1993//2823 787//2823
f 788//2824 1997//2824 1993//2824
f 713//2825 714//2825 1996//2825
f 789//2826 1998//2826 1997//2826
f 789//2827 1997//2827 788//2827
f 712//2828 713//2828 1996//2828
f 712//2829 1996//2829 1999//2829
f 790//2830 2000//2830 1998//2830
f 790//2831 2001//2831 2000//2831
f 790//2832 1998//2832 789//2832
f 711//2833 1999//2833 2002//2833
f 711//2834 712//2834 1999//2834
f 791//2835 2001//2835 790//2835
f 710//2836 711//2836 2002//2836
f 710//2837 2003//2837 2004//2837
f 710//2838 2002//2838 2003//2838
f 792//2839 2001//2839 791//2839
f 792//2840 2005//2840 2001//2840
f 792//2841 2006//2841 2005//2841
f 709//2842 2004//2842 2007//2842
f 709//2843 710//2843 2004//2843
f 680//2844 2006//2844 792//2844
f 708//2845 709//2845 2007//2845
f 681//2846 2008//2846 2006//2846
f 681//2847 2006//2847 680//2847
f 707//2848 2009//2848 2010//2848
f 707//2849 2007//2849 2009//2849
f 707//2850 708//2850 2007//2850
f 682//2851 2011//2851 2008//2851
f 682//2852 2008//2852 681//2852
f 706//2853 707//2853 2010//2853
f 683//2854 2012//2854 2011//2854
f 683//2855 2011//2855 682//2855
f 705//2856 706//2856 2010//2856
f 705//2857 2013//2857 2014//2857
f 705//2858 2010//2858 2013//2858
f 684//2859 2015//2859 2012//2859
f 684//2860 2016//2860 2015//2860
f 684//2861 2012//2861 683//2861
f 704//2862 705//2862 2014//2862
f 704//2863 2014//2863 2017//2863
f 685//2864 2016//2864 684//2864
f 685//2865 2018//2865 2016//2865
f 703//2866 704//2866 2017//2866
f 686//2867 2019//2867 2018//2867
f 686//2868 2018//2868 685//2868
f 702//2869 703//2869 2017//2869
f 702//2870 2017//2870 2020//2870
f 687//2871 2021//2871 2019//2871
f 687//2872 2019//2872 686//2872
f 701//2873 2020//2873 2022//2873
f 701//2874 702//2874 2020//2874
f 688//2875 2023//2875 2021//2875
f 688//2876 2021//2876 687//2876
f 700//2877 2024//2877 2025//2877
f 700//2878 2022//2878 2024//2878
f 700//2879 701//2879 2022//2879
f 689//2880 2023//2880 688//2880
f 699//2881 700//2881 2025//2881
f 690//2882 2026//2882 2023//2882
f 690//2883 2023//2883 689//2883
f 698//2884 2025//2884 2027//2884
f 698//2885 699//2885 2025//2885
f 691//2886 2028//2886 2026//2886
f 691//2887 2026//2887 690//2887
f 697//2888 2027//2888 2029//2888
f 697//2889 698//2889 2027//2889
f 692//2890 2030//2890 2028//2890
f 692//2891 2028//2891 691//2891
f 696//2892 697//2892 2029//2892
f 696//2893 2029//2893 2031//2893
f 693//2894 2032//2894 2030//2894
f 693//2895 2030//2895 692//2895
f 695//2896 2031//2896 2033//2896
f 695//2897 696//2897 2031//2897
f 694//2898 2034//2898 2032//2898
f 694//2899 2033//2899 2034//2899
f 694//2900 695//2900 2033//2900
f 694//2901 2032//2901 693//2901
f 2035//2902 1458//2902 2036//2902
f 2037//2903 1456//2903 2035//2903
f 2035//2904 1456//2904 1458//2904
f 2038//2905 1459//2905 2037//2905
f 2037//2906 1459//2906 1456//2906
f 2039//2907 1460//2907 2038//2907
f 2038//2908 1460//2908 1459//2908
f 2040//2909 796//2909 2039//2909
f 2039//2910 796//2910 1460//2910
f 2041//2911 794//2911 2040//2911
f 2040//2912 794//2912 796//2912
f 2042//2913 795//2913 2041//2913
f 2041//2914 795//2914 794//2914
f 2043//2915 800//2915 2042//2915
f 2042//2916 800//2916 795//2916
f 2043//2917 801//2917 800//2917
f 2044//2918 2045//2918 1454//2918
f 1454//2919 2045//2919 1455//2919
f 1455//2920 2046//2920 1457//2920
f 2045//2921 2046//2921 1455//2921
f 1457//2922 2036//2922 1458//2922
f 2046//2923 2036//2923 1457//2923
f 1454//2924 2047//2924 2044//2924
f 1453//2925 2047//2925 1454//2925
f 1913//2926 2048//2926 2047//2926
f 1913//2927 2047//2927 1453//2927
f 1912//2928 2049//2928 2048//2928
f 1912//2929 2048//2929 1913//2929
f 1916//2930 2050//2930 2049//2930
f 1916//2931 2049//2931 1912//2931
f 2050//2932 1916//2932 2051//2932
f 2051//2933 1915//2933 2052//2933
f 1916//2934 1915//2934 2051//2934
f 2052//2935 1917//2935 2053//2935
f 1915//2936 1917//2936 2052//2936
f 2053//2937 1918//2937 2054//2937
f 1917//2938 1918//2938 2053//2938
f 2054//2939 1919//2939 2055//2939
f 1918//2940 1919//2940 2054//2940
f 2055//2941 1920//2941 2056//2941
f 1919//2942 1920//2942 2055//2942
f 2056//2943 1921//2943 2057//2943
f 1920//2944 1921//2944 2056//2944
f 2057//2945 1479//2945 2058//2945
f 1921//2946 1479//2946 2057//2946
f 1479//2947 1472//2947 2058//2947
f 2058//2948 1472//2948 2059//2948
f 1472//2949 1471//2949 2059//2949
f 2059//2950 1471//2950 2060//2950
f 1471//2951 1473//2951 2060//2951
f 2060//2952 1473//2952 2061//2952
f 1473//2953 1474//2953 2061//2953
f 2061//2954 1474//2954 2062//2954
f 1474//2955 1475//2955 2062//2955
f 2062//2956 1475//2956 2063//2956
f 1475//2957 1476//2957 2063//2957
f 2063//2958 1476//2958 2064//2958
f 1476//2959 1477//2959 2064//2959
f 2064//2960 1477//2960 2065//2960
f 1477//2961 1478//2961 2065//2961
f 2065//2962 1478//2962 2066//2962
f 1478//2963 1462//2963 2066//2963
f 2066//2964 1462//2964 2067//2964
f 1462//2965 1461//2965 2067//2965
f 2067//2966 1461//2966 2068//2966
f 1461//2967 1463//2967 2068//2967
f 2068//2968 1463//2968 2069//2968
f 1463//2969 1464//2969 2069//2969
f 2069//2970 1464//2970 2070//2970
f 1464//2971 1465//2971 2070//2971
f 2070//2972 1465//2972 2071//2972
f 1465//2973 1466//2973 2071//2973
f 2071//2974 1466//2974 2072//2974
f 1466//2975 1467//2975 2072//2975
f 2072//2976 1467//2976 2073//2976
f 2073//2977 1468//2977 2074//2977
f 1467//2978 1468//2978 2073//2978
f 2074//2979 1469//2979 2075//2979
f 1468//2980 1469//2980 2074//2980
f 2075//2981 1470//2981 2076//2981
f 1469//2982 1470//2982 2075//2982
f 2076//2983 1906//2983 2077//2983
f 1470//2984 1906//2984 2076//2984
f 2077//2985 1907//2985 2078//2985
f 1906//2986 1907//2986 2077//2986
f 2078//2987 1908//2987 2079//2987
f 1907//2988 1908//2988 2078//2988
f 2079//2989 1909//2989 2080//2989
f 1908//2990 1909//2990 2079//2990
f 2080//2991 1910//2991 2081//2991
f 1909//2992 1910//2992 2080//2992
f 1910//2993 1905//2993 2081//2993
f 2082//2994 1428//2994 2083//2994
f 2082//2995 1426//2995 1428//2995
f 2084//2996 1897//2996 2082//2996
f 2082//2997 1897//2997 1426//2997
f 2085//2998 1898//2998 2084//2998
f 2084//2999 1898//2999 1897//2999
f 2081//3000 1905//3000 2085//3000
f 2085//3001 1905//3001 1898//3001
f 2086//3002 2087//3002 1421//3002
f 1421//3003 2087//3003 1422//3003
f 1422//3004 2088//3004 1427//3004
f 2087//3005 2088//3005 1422//3005
f 1427//3006 2083//3006 1428//3006
f 2088//3007 2083//3007 1427//3007
f 1421//3008 2089//3008 2086//3008
f 1420//3009 2089//3009 1421//3009
f 1896//3010 2090//3010 2089//3010
f 1896//3011 2091//3011 2090//3011
f 1896//3012 2089//3012 1420//3012
f 1895//3013 2091//3013 1896//3013
f 1900//3014 2092//3014 2091//3014
f 1900//3015 2091//3015 1895//3015
f 2092//3016 1900//3016 2093//3016
f 2093//3017 1901//3017 2094//3017
f 1900//3018 1901//3018 2093//3018
f 2094//3019 1902//3019 2095//3019
f 1901//3020 1902//3020 2094//3020
f 2095//3021 1903//3021 2096//3021
f 1902//3022 1903//3022 2095//3022
f 2096//3023 1445//3023 2097//3023
f 1903//3024 1445//3024 2096//3024
f 2097//3025 1444//3025 2098//3025
f 1445//3026 1444//3026 2097//3026
f 2098//3027 1446//3027 2099//3027
f 1444//3028 1446//3028 2098//3028
f 2099//3029 1447//3029 2100//3029
f 1446//3030 1447//3030 2099//3030
f 1447//3031 1448//3031 2100//3031
f 2100//3032 1448//3032 2101//3032
f 1448//3033 1449//3033 2101//3033
f 2101//3034 1449//3034 2102//3034
f 1449//3035 1450//3035 2102//3035
f 2102//3036 1450//3036 2103//3036
f 1450//3037 1451//3037 2103//3037
f 2103//3038 1451//3038 2104//3038
f 1451//3039 1452//3039 2104//3039
f 2104//3040 1452//3040 2105//3040
f 1452//3041 1441//3041 2105//3041
f 2105//3042 1441//3042 2106//3042
f 1441//3043 1440//3043 2106//3043
f 2106//3044 1440//3044 2107//3044
f 1440//3045 1442//3045 2107//3045
f 2107//3046 1442//3046 2108//3046
f 1442//3047 1443//3047 2108//3047
f 2108//3048 1443//3048 2109//3048
f 1443//3049 1438//3049 2109//3049
f 2109//3050 1438//3050 2110//3050
f 1438//3051 1437//3051 2110//3051
f 2110//3052 1437//3052 2111//3052
f 1437//3053 1439//3053 2111//3053
f 2111//3054 1439//3054 2112//3054
f 1439//3055 1430//3055 2112//3055
f 2112//3056 1430//3056 2113//3056
f 1430//3057 1429//3057 2113//3057
f 2113//3058 1429//3058 2114//3058
f 1429//3059 1431//3059 2114//3059
f 2114//3060 1431//3060 2115//3060
f 2115//3061 1432//3061 2116//3061
f 1431//3062 1432//3062 2115//3062
f 2116//3063 1433//3063 2117//3063
f 1432//3064 1433//3064 2116//3064
f 2117//3065 1434//3065 2118//3065
f 1433//3066 1434//3066 2117//3066
f 2118//3067 1435//3067 2119//3067
f 1434//3068 1435//3068 2118//3068
f 2119//3069 1436//3069 2120//3069
f 1435//3070 1436//3070 2119//3070
f 2120//3071 1890//3071 2121//3071
f 1436//3072 1890//3072 2120//3072
f 2121//3073 1891//3073 2122//3073
f 1890//3074 1891//3074 2121//3074
f 2122//3075 1892//3075 2123//3075
f 1891//3076 1892//3076 2122//3076
f 1892//3077 1893//3077 2123//3077
f 2124//3078 1401//3078 2125//3078
f 2124//3079 1399//3079 1401//3079
f 2126//3080 1887//3080 2124//3080
f 2124//3081 1887//3081 1399//3081
f 2127//3082 1888//3082 2126//3082
f 2126//3083 1888//3083 1887//3083
f 2123//3084 1893//3084 2127//3084
f 2127//3085 1893//3085 1888//3085
f 2128//3086 2129//3086 1397//3086
f 1397//3087 2129//3087 1398//3087
f 1398//3088 2130//3088 1400//3088
f 2129//3089 2130//3089 1398//3089
f 1400//3090 2125//3090 1401//3090
f 2130//3091 2125//3091 1400//3091
f 1396//3092 2131//3092 2128//3092
f 1396//3093 2128//3093 1397//3093
f 1886//3094 2132//3094 2131//3094
f 1886//3095 2131//3095 1396//3095
f 1884//3096 2133//3096 2132//3096
f 1884//3097 2134//3097 2133//3097
f 1884//3098 2132//3098 1886//3098
f 1880//3099 2134//3099 1884//3099
f 2134//3100 1880//3100 2135//3100
f 2135//3101 1879//3101 2136//3101
f 1880//3102 1879//3102 2135//3102
f 2136//3103 1881//3103 2137//3103
f 1879//3104 1881//3104 2136//3104
f 2137//3105 1882//3105 2138//3105
f 1881//3106 1882//3106 2137//3106
f 2138//3107 1883//3107 2139//3107
f 1882//3108 1883//3108 2138//3108
f 2139//3109 1424//3109 2140//3109
f 1883//3110 1424//3110 2139//3110
f 2140//3111 1423//3111 2141//3111
f 1424//3112 1423//3112 2140//3112
f 2141//3113 1425//3113 2142//3113
f 1423//3114 1425//3114 2141//3114
f 1425//3115 1413//3115 2142//3115
f 2142//3116 1413//3116 2143//3116
f 1413//3117 1412//3117 2143//3117
f 2143//3118 1412//3118 2144//3118
f 1412//3119 1414//3119 2144//3119
f 2144//3120 1414//3120 2145//3120
f 1414//3121 1415//3121 2145//3121
f 2145//3122 1415//3122 2146//3122
f 1415//3123 1416//3123 2146//3123
f 2146//3124 1416//3124 2147//3124
f 1416//3125 1417//3125 2147//3125
f 2147//3126 1417//3126 2148//3126
f 1417//3127 1418//3127 2148//3127
f 2148//3128 1418//3128 2149//3128
f 1418//3129 1419//3129 2149//3129
f 2149//3130 1419//3130 2150//3130
f 1419//3131 1403//3131 2150//3131
f 2150//3132 1403//3132 2151//3132
f 1403//3133 1402//3133 2151//3133
f 2151//3134 1402//3134 2152//3134
f 1402//3135 1404//3135 2152//3135
f 2152//3136 1404//3136 2153//3136
f 1404//3137 1405//3137 2153//3137
f 2153//3138 1405//3138 2154//3138
f 1405//3139 1406//3139 2154//3139
f 2154//3140 1406//3140 2155//3140
f 1406//3141 1407//3141 2155//3141
f 2155//3142 1407//3142 2156//3142
f 1407//3143 1408//3143 2156//3143
f 2156//3144 1408//3144 2157//3144
f 2157//3145 1409//3145 2158//3145
f 1408//3146 1409//3146 2157//3146
f 2158//3147 1410//3147 2159//3147
f 1409//3148 1410//3148 2158//3148
f 2159//3149 1411//3149 2160//3149
f 1410//3150 1411//3150 2159//3150
f 2160//3151 1873//3151 2161//3151
f 1411//3152 1873//3152 2160//3152
f 2161//3153 1874//3153 2162//3153
f 1873//3154 1874//3154 2161//3154
f 2162//3155 1875//3155 2163//3155
f 1874//3156 1875//3156 2162//3156
f 2163//3157 1876//3157 2164//3157
f 1875//3158 1876//3158 2163//3158
f 2164//3159 1877//3159 2165//3159
f 1876//3160 1877//3160 2164//3160
f 1877//3161 1872//3161 2165//3161
f 2166//3162 1377//3162 2167//3162
f 2166//3163 1375//3163 1377//3163
f 2168//3164 1869//3164 2166//3164
f 2166//3165 1869//3165 1375//3165
f 2169//3166 1870//3166 2168//3166
f 2168//3167 1870//3167 1869//3167
f 2165//3168 1872//3168 2169//3168
f 2169//3169 1872//3169 1870//3169
f 1372//3170 2170//3170 1373//3170
f 1373//3171 2171//3171 1376//3171
f 2170//3172 2171//3172 1373//3172
f 2171//3173 2172//3173 1376//3173
f 1376//3174 2167//3174 1377//3174
f 2172//3175 2167//3175 1376//3175
f 1372//3176 2173//3176 2170//3176
f 1371//3177 2173//3177 1372//3177
f 1859//3178 2174//3178 2173//3178
f 1859//3179 2173//3179 1371//3179
f 1858//3180 2175//3180 2174//3180
f 1858//3181 2176//3181 2175//3181
f 1858//3182 2174//3182 1859//3182
f 1862//3183 2176//3183 1858//3183
f 2176//3184 1862//3184 2177//3184
f 2177//3185 1861//3185 2178//3185
f 1862//3186 1861//3186 2177//3186
f 2178//3187 1863//3187 2179//3187
f 1861//3188 1863//3188 2178//3188
f 2179//3189 1864//3189 2180//3189
f 1863//3190 1864//3190 2179//3190
f 2180//3191 1865//3191 2181//3191
f 1864//3192 1865//3192 2180//3192
f 2181//3193 1866//3193 2182//3193
f 1865//3194 1866//3194 2181//3194
f 2182//3195 1867//3195 2183//3195
f 1866//3196 1867//3196 2182//3196
f 2183//3197 1391//3197 2184//3197
f 1867//3198 1391//3198 2183//3198
f 1391//3199 1390//3199 2184//3199
f 2184//3200 1390//3200 2185//3200
f 1390//3201 1392//3201 2185//3201
f 2185//3202 1392//3202 2186//3202
f 1392//3203 1393//3203 2186//3203
f 2186//3204 1393//3204 2187//3204
f 1393//3205 1394//3205 2187//3205
f 2187//3206 1394//3206 2188//3206
f 1394//3207 1395//3207 2188//3207
f 2188//3208 1395//3208 2189//3208
f 1395//3209 1384//3209 2189//3209
f 2189//3210 1384//3210 2190//3210
f 1384//3211 1383//3211 2190//3211
f 2190//3212 1383//3212 2191//3212
f 1383//3213 1385//3213 2191//3213
f 2191//3214 1385//3214 2192//3214
f 1385//3215 1386//3215 2192//3215
f 2192//3216 1386//3216 2193//3216
f 1386//3217 1387//3217 2193//3217
f 2193//3218 1387//3218 2194//3218
f 1387//3219 1388//3219 2194//3219
f 2194//3220 1388//3220 2195//3220
f 1388//3221 1389//3221 2195//3221
f 2195//3222 1389//3222 2196//3222
f 1389//3223 1379//3223 2196//3223
f 2196//3224 1379//3224 2197//3224
f 1379//3225 1378//3225 2197//3225
f 2197//3226 1378//3226 2198//3226
f 1378//3227 1380//3227 2198//3227
f 2198//3228 1380//3228 2199//3228
f 2199//3229 1381//3229 2200//3229
f 1380//3230 1381//3230 2199//3230
f 2200//3231 1382//3231 2201//3231
f 1381//3232 1382//3232 2200//3232
f 2201//3233 1850//3233 2202//3233
f 1382//3234 1850//3234 2201//3234
f 2202//3235 1851//3235 2203//3235
f 1850//3236 1851//3236 2202//3236
f 2203//3237 1852//3237 2204//3237
f 1851//3238 1852//3238 2203//3238
f 2204//3239 1853//3239 2205//3239
f 1852//3240 1853//3240 2204//3240
f 2205//3241 1854//3241 2206//3241
f 1853//3242 1854//3242 2205//3242
f 2206//3243 1855//3243 2207//3243
f 1854//3244 1855//3244 2206//3244
f 1855//3245 1856//3245 2207//3245
f 2208//3246 1352//3246 2209//3246
f 2208//3247 1350//3247 1352//3247
f 2210//3248 1840//3248 2208//3248
f 2208//3249 1840//3249 1350//3249
f 2211//3250 1841//3250 2210//3250
f 2210//3251 1841//3251 1840//3251
f 2207//3252 1856//3252 2211//3252
f 2211//3253 1856//3253 1841//3253
f 1344//3254 2212//3254 1345//3254
f 1345//3255 2213//3255 1351//3255
f 2212//3256 2213//3256 1345//3256
f 2213//3257 2214//3257 1351//3257
f 1351//3258 2209//3258 1352//3258
f 2214//3259 2209//3259 1351//3259
f 1344//3260 2215//3260 2212//3260
f 1343//3261 2215//3261 1344//3261
f 1839//3262 2216//3262 2215//3262
f 1839//3263 2215//3263 1343//3263
f 1838//3264 2217//3264 2216//3264
f 1838//3265 2216//3265 1839//3265
f 1844//3266 2218//3266 2217//3266
f 1844//3267 2217//3267 1838//3267
f 2218//3268 1844//3268 2219//3268
f 2219//3269 1843//3269 2220//3269
f 1844//3270 1843//3270 2219//3270
f 2220//3271 1845//3271 2221//3271
f 1843//3272 1845//3272 2220//3272
f 2221//3273 1846//3273 2222//3273
f 1845//3274 1846//3274 2221//3274
f 2222//3275 1847//3275 2223//3275
f 1846//3276 1847//3276 2222//3276
f 2223//3277 1848//3277 2224//3277
f 1847//3278 1848//3278 2223//3278
f 2224//3279 1374//3279 2225//3279
f 1848//3280 1374//3280 2224//3280
f 2225//3281 1363//3281 2226//3281
f 1374//3282 1363//3282 2225//3282
f 1363//3283 1362//3283 2226//3283
f 2226//3284 1362//3284 2227//3284
f 1362//3285 1364//3285 2227//3285
f 2227//3286 1364//3286 2228//3286
f 1364//3287 1365//3287 2228//3287
f 2228//3288 1365//3288 2229//3288
f 1365//3289 1366//3289 2229//3289
f 2229//3290 1366//3290 2230//3290
f 1366//3291 1367//3291 2230//3291
f 2230//3292 1367//3292 2231//3292
f 1367//3293 1368//3293 2231//3293
f 2231//3294 1368//3294 2232//3294
f 1368//3295 1369//3295 2232//3295
f 2232//3296 1369//3296 2233//3296
f 1369//3297 1370//3297 2233//3297
f 2233//3298 1370//3298 2234//3298
f 1370//3299 1354//3299 2234//3299
f 2234//3300 1354//3300 2235//3300
f 1354//3301 1353//3301 2235//3301
f 2235//3302 1353//3302 2236//3302
f 1353//3303 1355//3303 2236//3303
f 2236//3304 1355//3304 2237//3304
f 1355//3305 1356//3305 2237//3305
f 2237//3306 1356//3306 2238//3306
f 1356//3307 1357//3307 2238//3307
f 2238//3308 1357//3308 2239//3308
f 1357//3309 1358//3309 2239//3309
f 2239//3310 1358//3310 2240//3310
f 1358//3311 1359//3311 2240//3311
f 2240//3312 1359//3312 2241//3312
f 2241//3313 1360//3313 2242//3313
f 1359//3314 1360//3314 2241//3314
f 2242//3315 1361//3315 2243//3315
f 1360//3316 1361//3316 2242//3316
f 2243//3317 1347//3317 2244//3317
f 1361//3318 1347//3318 2243//3318
f 2244//3319 1346//3319 2245//3319
f 1347//3320 1346//3320 2244//3320
f 2245//3321 1348//3321 2246//3321
f 1346//3322 1348//3322 2245//3322
f 2246//3323 1349//3323 2247//3323
f 1348//3324 1349//3324 2246//3324
f 2247//3325 1835//3325 2248//3325
f 1349//3326 1835//3326 2247//3326
f 2248//3327 1836//3327 2249//3327
f 1835//3328 1836//3328 2248//3328
f 1836//3329 1834//3329 2249//3329
f 2250//3330 1318//3330 2251//3330
f 2250//3331 1316//3331 1318//3331
f 2252//3332 1828//3332 2250//3332
f 2250//3333 1828//3333 1316//3333
f 2253//3334 1829//3334 2252//3334
f 2252//3335 1829//3335 1828//3335
f 2249//3336 1834//3336 2253//3336
f 2253//3337 1834//3337 1829//3337
f 2254//3338 2255//3338 1314//3338
f 1314//3339 2255//3339 1315//3339
f 1315//3340 2256//3340 1317//3340
f 2255//3341 2256//3341 1315//3341
f 1317//3342 2251//3342 1318//3342
f 2256//3343 2251//3343 1317//3343
f 1314//3344 2257//3344 2254//3344
f 1313//3345 2257//3345 1314//3345
f 1827//3346 2258//3346 2257//3346
f 1827//3347 2257//3347 1313//3347
f 1826//3348 2259//3348 2258//3348
f 1826//3349 2258//3349 1827//3349
f 1832//3350 2260//3350 2259//3350
f 1832//3351 2259//3351 1826//3351
f 2260//3352 1832//3352 2261//3352
f 2261//3353 1831//3353 2262//3353
f 1832//3354 1831//3354 2261//3354
f 2262//3355 1833//3355 2263//3355
f 1831//3356 1833//3356 2262//3356
f 2263//3357 1334//3357 2264//3357
f 1833//3358 1334//3358 2263//3358
f 2264//3359 1333//3359 2265//3359
f 1334//3360 1333//3360 2264//3360
f 2265//3361 1335//3361 2266//3361
f 1333//3362 1335//3362 2265//3362
f 2266//3363 1336//3363 2267//3363
f 1335//3364 1336//3364 2266//3364
f 2267//3365 1337//3365 2268//3365
f 1336//3366 1337//3366 2267//3366
f 1337//3367 1338//3367 2268//3367
f 2268//3368 1338//3368 2269//3368
f 1338//3369 1339//3369 2269//3369
f 2269//3370 1339//3370 2270//3370
f 1339//3371 1340//3371 2270//3371
f 2270//3372 1340//3372 2271//3372
f 1340//3373 1341//3373 2271//3373
f 2271//3374 1341//3374 2272//3374
f 1341//3375 1342//3375 2272//3375
f 2272//3376 1342//3376 2273//3376
f 1342//3377 1328//3377 2273//3377
f 2273//3378 1328//3378 2274//3378
f 1328//3379 1327//3379 2274//3379
f 2274//3380 1327//3380 2275//3380
f 1327//3381 1329//3381 2275//3381
f 2275//3382 1329//3382 2276//3382
f 1329//3383 1330//3383 2276//3383
f 2276//3384 1330//3384 2277//3384
f 1330//3385 1331//3385 2277//3385
f 2277//3386 1331//3386 2278//3386
f 1331//3387 1332//3387 2278//3387
f 2278//3388 1332//3388 2279//3388
f 1332//3389 1320//3389 2279//3389
f 2279//3390 1320//3390 2280//3390
f 1320//3391 1319//3391 2280//3391
f 2280//3392 1319//3392 2281//3392
f 1319//3393 1321//3393 2281//3393
f 2281//3394 1321//3394 2282//3394
f 1321//3395 1322//3395 2282//3395
f 2282//3396 1322//3396 2283//3396
f 2283//3397 1323//3397 2284//3397
f 1322//3398 1323//3398 2283//3398
f 2284//3399 1324//3399 2285//3399
f 1323//3400 1324//3400 2284//3400
f 2285//3401 1325//3401 2286//3401
f 1324//3402 1325//3402 2285//3402
f 2286//3403 1326//3403 2287//3403
f 1325//3404 1326//3404 2286//3404
f 2287//3405 1821//3405 2288//3405
f 1326//3406 1821//3406 2287//3406
f 2288//3407 1822//3407 2289//3407
f 1821//3408 1822//3408 2288//3408
f 2289//3409 1823//3409 2290//3409
f 1822//3410 1823//3410 2289//3410
f 2290//3411 1824//3411 2291//3411
f 1823//3412 1824//3412 2290//3412
f 1824//3413 1820//3413 2291//3413
f 2292//3414 1294//3414 2293//3414
f 2292//3415 1292//3415 1294//3415
f 2294//3416 1817//3416 2292//3416
f 2292//3417 1817//3417 1292//3417
f 2295//3418 1818//3418 2294//3418
f 2294//3419 1818//3419 1817//3419
f 2291//3420 1820//3420 2295//3420
f 2295//3421 1820//3421 1818//3421
f 1290//3422 2296//3422 1291//3422
f 1291//3423 2297//3423 1293//3423
f 2296//3424 2297//3424 1291//3424
f 1293//3425 2298//3425 1294//3425
f 2297//3426 2298//3426 1293//3426
f 2298//3427 2293//3427 1294//3427
f 1289//3428 2299//3428 2296//3428
f 1289//3429 2296//3429 1290//3429
f 1816//3430 2300//3430 2299//3430
f 1816//3431 2299//3431 1289//3431
f 1808//3432 2301//3432 2300//3432
f 1808//3433 2300//3433 1816//3433
f 1807//3434 2302//3434 2301//3434
f 1807//3435 2301//3435 1808//3435
f 2302//3436 1807//3436 2303//3436
f 2303//3437 1809//3437 2304//3437
f 1807//3438 1809//3438 2303//3438
f 2304//3439 1810//3439 2305//3439
f 1809//3440 1810//3440 2304//3440
f 2305//3441 1811//3441 2306//3441
f 1810//3442 1811//3442 2305//3442
f 2306//3443 1812//3443 2307//3443
f 1811//3444 1812//3444 2306//3444
f 2307//3445 1813//3445 2308//3445
f 1812//3446 1813//3446 2307//3446
f 2308//3447 1814//3447 2309//3447
f 1813//3448 1814//3448 2308//3448
f 2309//3449 1306//3449 2310//3449
f 1814//3450 1306//3450 2309//3450
f 1306//3451 1305//3451 2310//3451
f 2310//3452 1305//3452 2311//3452
f 1305//3453 1307//3453 2311//3453
f 2311//3454 1307//3454 2312//3454
f 1307//3455 1308//3455 2312//3455
f 2312//3456 1308//3456 2313//3456
f 1308//3457 1309//3457 2313//3457
f 2313//3458 1309//3458 2314//3458
f 1309//3459 1310//3459 2314//3459
f 2314//3460 1310//3460 2315//3460
f 1310//3461 1311//3461 2315//3461
f 2315//3462 1311//3462 2316//3462
f 1311//3463 1312//3463 2316//3463
f 2316//3464 1312//3464 2317//3464
f 1312//3465 1296//3465 2317//3465
f 2317//3466 1296//3466 2318//3466
f 1296//3467 1295//3467 2318//3467
f 2318//3468 1295//3468 2319//3468
f 1295//3469 1297//3469 2319//3469
f 2319//3470 1297//3470 2320//3470
f 1297//3471 1298//3471 2320//3471
f 2320//3472 1298//3472 2321//3472
f 1298//3473 1299//3473 2321//3473
f 2321//3474 1299//3474 2322//3474
f 1299//3475 1300//3475 2322//3475
f 2322//3476 1300//3476 2323//3476
f 1300//3477 1301//3477 2323//3477
f 2323//3478 1301//3478 2324//3478
f 1301//3479 1302//3479 2324//3479
f 2324//3480 1302//3480 2325//3480
f 2325//3481 1303//3481 2326//3481
f 1302//3482 1303//3482 2325//3482
f 2326//3483 1304//3483 2327//3483
f 1303//3484 1304//3484 2326//3484
f 2327//3485 1800//3485 2328//3485
f 1304//3486 1800//3486 2327//3486
f 1800//3487 1799//3487 2328//3487
f 2328//3488 1801//3488 2329//3488
f 2329//3489 1801//3489 2330//3489
f 1799//3490 1801//3490 2328//3490
f 2330//3491 1802//3491 2331//3491
f 1801//3492 1802//3492 2330//3492
f 2331//3493 1803//3493 2332//3493
f 1802//3494 1803//3494 2331//3494
f 2332//3495 1804//3495 2333//3495
f 1803//3496 1804//3496 2332//3496
f 1804//3497 1805//3497 2333//3497
f 2334//3498 1267//3498 2335//3498
f 2335//3499 1267//3499 1269//3499
f 2336//3500 1796//3500 2334//3500
f 2334//3501 1796//3501 1267//3501
f 2337//3502 1797//3502 2336//3502
f 2336//3503 1797//3503 1796//3503
f 2333//3504 1805//3504 2337//3504
f 2337//3505 1805//3505 1797//3505
f 2338//3506 2339//3506 1264//3506
f 1264//3507 2339//3507 1265//3507
f 1265//3508 2340//3508 1268//3508
f 2339//3509 2340//3509 1265//3509
f 1268//3510 2335//3510 1269//3510
f 2340//3511 2335//3511 1268//3511
f 1264//3512 2341//3512 2338//3512
f 1263//3513 2341//3513 1264//3513
f 1786//3514 2342//3514 2341//3514
f 1786//3515 2341//3515 1263//3515
f 1785//3516 2343//3516 2342//3516
f 1785//3517 2342//3517 1786//3517
f 1789//3518 2344//3518 2343//3518
f 1789//3519 2343//3519 1785//3519
f 2344//3520 1789//3520 2345//3520
f 2345//3521 1788//3521 2346//3521
f 1789//3522 1788//3522 2345//3522
f 2346//3523 1790//3523 2347//3523
f 1788//3524 1790//3524 2346//3524
f 2347//3525 1791//3525 2348//3525
f 1790//3526 1791//3526 2347//3526
f 2348//3527 1792//3527 2349//3527
f 1791//3528 1792//3528 2348//3528
f 2349//3529 1793//3529 2350//3529
f 1792//3530 1793//3530 2349//3530
f 2350//3531 1794//3531 2351//3531
f 1793//3532 1794//3532 2350//3532
f 2351//3533 1285//3533 2352//3533
f 1794//3534 1285//3534 2351//3534
f 1285//3535 1284//3535 2352//3535
f 2352//3536 1284//3536 2353//3536
f 1284//3537 1286//3537 2353//3537
f 2353//3538 1286//3538 2354//3538
f 1286//3539 1287//3539 2354//3539
f 2354//3540 1287//3540 2355//3540
f 1287//3541 1288//3541 2355//3541
f 2355//3542 1288//3542 2356//3542
f 1288//3543 1278//3543 2356//3543
f 2356//3544 1278//3544 2357//3544
f 1278//3545 1277//3545 2357//3545
f 2357//3546 1277//3546 2358//3546
f 1277//3547 1279//3547 2358//3547
f 2358//3548 1279//3548 2359//3548
f 1279//3549 1280//3549 2359//3549
f 2359//3550 1280//3550 2360//3550
f 1280//3551 1281//3551 2360//3551
f 2360//3552 1281//3552 2361//3552
f 1281//3553 1282//3553 2361//3553
f 2361//3554 1282//3554 2362//3554
f 1282//3555 1283//3555 2362//3555
f 2362//3556 1283//3556 2363//3556
f 1283//3557 1271//3557 2363//3557
f 2363//3558 1271//3558 2364//3558
f 1271//3559 1270//3559 2364//3559
f 2364//3560 1270//3560 2365//3560
f 1270//3561 1272//3561 2365//3561
f 2365//3562 1272//3562 2366//3562
f 1272//3563 1273//3563 2366//3563
f 2366//3564 1273//3564 2367//3564
f 2367//3565 1274//3565 2368//3565
f 1273//3566 1274//3566 2367//3566
f 2368//3567 1275//3567 2369//3567
f 1274//3568 1275//3568 2368//3568
f 2369//3569 1276//3569 2370//3569
f 1275//3570 1276//3570 2369//3570
f 2370//3571 1779//3571 2371//3571
f 1276//3572 1779//3572 2370//3572
f 2371//3573 1780//3573 2372//3573
f 1779//3574 1780//3574 2371//3574
f 2372//3575 1781//3575 2373//3575
f 1780//3576 1781//3576 2372//3576
f 2373//3577 1782//3577 2374//3577
f 1781//3578 1782//3578 2373//3578
f 2374//3579 1783//3579 2375//3579
f 1782//3580 1783//3580 2374//3580
f 1783//3581 1778//3581 2375//3581
f 2376//3582 1244//3582 2377//3582
f 2376//3583 1242//3583 1244//3583
f 2378//3584 1769//3584 2376//3584
f 2376//3585 1769//3585 1242//3585
f 2379//3586 1770//3586 2378//3586
f 2378//3587 1770//3587 1769//3587
f 2375//3588 1778//3588 2379//3588
f 2379//3589 1778//3589 1770//3589
f 2380//3590 2381//3590 1236//3590
f 1236//3591 2381//3591 1237//3591
f 1237//3592 2382//3592 1243//3592
f 2381//3593 2382//3593 1237//3593
f 1243//3594 2377//3594 1244//3594
f 2382//3595 2377//3595 1243//3595
f 1235//3596 2383//3596 2380//3596
f 1235//3597 2380//3597 1236//3597
f 1768//3598 2384//3598 2383//3598
f 1768//3599 2383//3599 1235//3599
f 1767//3600 2385//3600 2384//3600
f 1767//3601 2384//3601 1768//3601
f 1772//3602 2386//3602 2385//3602
f 1772//3603 2385//3603 1767//3603
f 2386//3604 1772//3604 2387//3604
f 2387//3605 1773//3605 2388//3605
f 1772//3606 1773//3606 2387//3606
f 2388//3607 1774//3607 2389//3607
f 1773//3608 1774//3608 2388//3608
f 2389//3609 1775//3609 2390//3609
f 1774//3610 1775//3610 2389//3610
f 2390//3611 1776//3611 2391//3611
f 1775//3612 1776//3612 2390//3612
f 2391//3613 1266//3613 2392//3613
f 1776//3614 1266//3614 2391//3614
f 2392//3615 1262//3615 2393//3615
f 1266//3616 1262//3616 2392//3616
f 2393//3617 1261//3617 2394//3617
f 1262//3618 1261//3618 2393//3618
f 1261//3619 1255//3619 2394//3619
f 2394//3620 1255//3620 2395//3620
f 1255//3621 1254//3621 2395//3621
f 2395//3622 1254//3622 2396//3622
f 1254//3623 1256//3623 2396//3623
f 2396//3624 1256//3624 2397//3624
f 1256//3625 1257//3625 2397//3625
f 2397//3626 1257//3626 2398//3626
f 1257//3627 1258//3627 2398//3627
f 2398//3628 1258//3628 2399//3628
f 1258//3629 1259//3629 2399//3629
f 2399//3630 1259//3630 2400//3630
f 1259//3631 1260//3631 2400//3631
f 2400//3632 1260//3632 2401//3632
f 1260//3633 1246//3633 2401//3633
f 2401//3634 1246//3634 2402//3634
f 1246//3635 1245//3635 2402//3635
f 2402//3636 1245//3636 2403//3636
f 1245//3637 1247//3637 2403//3637
f 2403//3638 1247//3638 2404//3638
f 1247//3639 1248//3639 2404//3639
f 2404//3640 1248//3640 2405//3640
f 1248//3641 1249//3641 2405//3641
f 2405//3642 1249//3642 2406//3642
f 1249//3643 1250//3643 2406//3643
f 2406//3644 1250//3644 2407//3644
f 1250//3645 1251//3645 2407//3645
f 2407//3646 1251//3646 2408//3646
f 1251//3647 1252//3647 2408//3647
f 2408//3648 1252//3648 2409//3648
f 2409//3649 1253//3649 2410//3649
f 1252//3650 1253//3650 2409//3650
f 2410//3651 1239//3651 2411//3651
f 1253//3652 1239//3652 2410//3652
f 2411//3653 1238//3653 2412//3653
f 1239//3654 1238//3654 2411//3654
f 2412//3655 1240//3655 2413//3655
f 1238//3656 1240//3656 2412//3656
f 2413//3657 1241//3657 2414//3657
f 1240//3658 1241//3658 2413//3658
f 2414//3659 1759//3659 2415//3659
f 1241//3660 1759//3660 2414//3660
f 2415//3661 1760//3661 2416//3661
f 1759//3662 1760//3662 2415//3662
f 2416//3663 1761//3663 2417//3663
f 1760//3664 1761//3664 2416//3664
f 1761//3665 1762//3665 2417//3665
f 2418//3666 1209//3666 2419//3666
f 2419//3667 1209//3667 1211//3667
f 2420//3668 1756//3668 2418//3668
f 2418//3669 1756//3669 1209//3669
f 2421//3670 1757//3670 2420//3670
f 2420//3671 1757//3671 1756//3671
f 2417//3672 1762//3672 2421//3672
f 2421//3673 1762//3673 1757//3673
f 2422//3674 2423//3674 1207//3674
f 1207//3675 2423//3675 1208//3675
f 1208//3676 2424//3676 1210//3676
f 2423//3677 2424//3677 1208//3677
f 1210//3678 2419//3678 1211//3678
f 2424//3679 2419//3679 1210//3679
f 1207//3680 2425//3680 2422//3680
f 1206//3681 2425//3681 1207//3681
f 1755//3682 2426//3682 2425//3682
f 1755//3683 2425//3683 1206//3683
f 1754//3684 2427//3684 2426//3684
f 1754//3685 2426//3685 1755//3685
f 1764//3686 2428//3686 2427//3686
f 1764//3687 2427//3687 1754//3687
f 2428//3688 1764//3688 2429//3688
f 2429//3689 1763//3689 2430//3689
f 1764//3690 1763//3690 2429//3690
f 2430//3691 1765//3691 2431//3691
f 1763//3692 1765//3692 2430//3692
f 2431//3693 1227//3693 2432//3693
f 1765//3694 1227//3694 2431//3694
f 1227//3695 1226//3695 2432//3695
f 2432//3696 1228//3696 2433//3696
f 1226//3697 1228//3697 2432//3697
f 2433//3698 1229//3698 2434//3698
f 1228//3699 1229//3699 2433//3699
f 2434//3700 1230//3700 2435//3700
f 1229//3701 1230//3701 2434//3701
f 1230//3702 1231//3702 2435//3702
f 2435//3703 1231//3703 2436//3703
f 1231//3704 1232//3704 2436//3704
f 2436//3705 1232//3705 2437//3705
f 1232//3706 1233//3706 2437//3706
f 2437//3707 1233//3707 2438//3707
f 1233//3708 1234//3708 2438//3708
f 2438//3709 1234//3709 2439//3709
f 1234//3710 1220//3710 2439//3710
f 2439//3711 1220//3711 2440//3711
f 1220//3712 1219//3712 2440//3712
f 2440//3713 1219//3713 2441//3713
f 1219//3714 1221//3714 2441//3714
f 2441//3715 1221//3715 2442//3715
f 1221//3716 1222//3716 2442//3716
f 2442//3717 1222//3717 2443//3717
f 1222//3718 1223//3718 2443//3718
f 2443//3719 1223//3719 2444//3719
f 2444//3720 1223//3720 2445//3720
f 1223//3721 1224//3721 2445//3721
f 2445//3722 1224//3722 2446//3722
f 1224//3723 1225//3723 2446//3723
f 2446//3724 1225//3724 2447//3724
f 1225//3725 1213//3725 2447//3725
f 2447//3726 1213//3726 2448//3726
f 1213//3727 1212//3727 2448//3727
f 2448//3728 1212//3728 2449//3728
f 1212//3729 1214//3729 2449//3729
f 2449//3730 1214//3730 2450//3730
f 1214//3731 1215//3731 2450//3731
f 2450//3732 1215//3732 2451//3732
f 2451//3733 1216//3733 2452//3733
f 1215//3734 1216//3734 2451//3734
f 2452//3735 1217//3735 2453//3735
f 1216//3736 1217//3736 2452//3736
f 2453//3737 1218//3737 2454//3737
f 1217//3738 1218//3738 2453//3738
f 1218//3739 1748//3739 2454//3739
f 2454//3740 1749//3740 2455//3740
f 1748//3741 1749//3741 2454//3741
f 2455//3742 1750//3742 2456//3742
f 1749//3743 1750//3743 2455//3743
f 2456//3744 1751//3744 2457//3744
f 1750//3745 1751//3745 2456//3745
f 2457//3746 1752//3746 2458//3746
f 2458//3747 1752//3747 2459//3747
f 1751//3748 1752//3748 2457//3748
f 1752//3749 1747//3749 2459//3749
f 2460//3750 1187//3750 2461//3750
f 2461//3751 1187//3751 1188//3751
f 2462//3752 1744//3752 2460//3752
f 2460//3753 1744//3753 1187//3753
f 2463//3754 1745//3754 2462//3754
f 2462//3755 1745//3755 1744//3755
f 2459//3756 1747//3756 2463//3756
f 2463//3757 1747//3757 1745//3757
f 1184//3758 2464//3758 1185//3758
f 1185//3759 2465//3759 1186//3759
f 2464//3760 2465//3760 1185//3760
f 2465//3761 2466//3761 1186//3761
f 1186//3762 2461//3762 1188//3762
f 2466//3763 2461//3763 1186//3763
f 1183//3764 2467//3764 2464//3764
f 1183//3765 2464//3765 1184//3765
f 1743//3766 2468//3766 2467//3766
f 1743//3767 2467//3767 1183//3767
f 1741//3768 2469//3768 2468//3768
f 1741//3769 2470//3769 2469//3769
f 1741//3770 2468//3770 1743//3770
f 1734//3771 2470//3771 1741//3771
f 2470//3772 1734//3772 2471//3772
f 2471//3773 1733//3773 2472//3773
f 1734//3774 1733//3774 2471//3774
f 2472//3775 1735//3775 2473//3775
f 1733//3776 1735//3776 2472//3776
f 2473//3777 1736//3777 2474//3777
f 1735//3778 1736//3778 2473//3778
f 2474//3779 1737//3779 2475//3779
f 1736//3780 1737//3780 2474//3780
f 2475//3781 1738//3781 2476//3781
f 1737//3782 1738//3782 2475//3782
f 2476//3783 1739//3783 2477//3783
f 1738//3784 1739//3784 2476//3784
f 2477//3785 1740//3785 2478//3785
f 1739//3786 1740//3786 2477//3786
f 1740//3787 1200//3787 2478//3787
f 2478//3788 1200//3788 2479//3788
f 1200//3789 1199//3789 2479//3789
f 2479//3790 1199//3790 2480//3790
f 1199//3791 1201//3791 2480//3791
f 2480//3792 1201//3792 2481//3792
f 1201//3793 1202//3793 2481//3793
f 2481//3794 1202//3794 2482//3794
f 1202//3795 1203//3795 2482//3795
f 2482//3796 1203//3796 2483//3796
f 1203//3797 1204//3797 2483//3797
f 2483//3798 1204//3798 2484//3798
f 1204//3799 1205//3799 2484//3799
f 2484//3800 1205//3800 2485//3800
f 1205//3801 1190//3801 2485//3801
f 2485//3802 1190//3802 2486//3802
f 1190//3803 1189//3803 2486//3803
f 2486//3804 1189//3804 2487//3804
f 1189//3805 1191//3805 2487//3805
f 2487//3806 1191//3806 2488//3806
f 1191//3807 1192//3807 2488//3807
f 2488//3808 1192//3808 2489//3808
f 1192//3809 1193//3809 2489//3809
f 2489//3810 1193//3810 2490//3810
f 1193//3811 1194//3811 2490//3811
f 2490//3812 1194//3812 2491//3812
f 1194//3813 1195//3813 2491//3813
f 2491//3814 1195//3814 2492//3814
f 1195//3815 1196//3815 2492//3815
f 2492//3816 1196//3816 2493//3816
f 2493//3817 1197//3817 2494//3817
f 1196//3818 1197//3818 2493//3818
f 2494//3819 1198//3819 2495//3819
f 1197//3820 1198//3820 2494//3820
f 2495//3821 1726//3821 2496//3821
f 1198//3822 1726//3822 2495//3822
f 2496//3823 1727//3823 2497//3823
f 1726//3824 1727//3824 2496//3824
f 2497//3825 1728//3825 2498//3825
f 1727//3826 1728//3826 2497//3826
f 2498//3827 1729//3827 2499//3827
f 1728//3828 1729//3828 2498//3828
f 2499//3829 1730//3829 2500//3829
f 1729//3830 1730//3830 2499//3830
f 2500//3831 1731//3831 2501//3831
f 1730//3832 1731//3832 2500//3832
f 1731//3833 1725//3833 2501//3833
f 2502//3834 1157//3834 2503//3834
f 2503//3835 1157//3835 1159//3835
f 2504//3836 1714//3836 2502//3836
f 2502//3837 1714//3837 1157//3837
f 2505//3838 1715//3838 2504//3838
f 2501//3839 1715//3839 2505//3839
f 2504//3840 1715//3840 1714//3840
f 2501//3841 1725//3841 1715//3841
f 1153//3842 2506//3842 1154//3842
f 1154//3843 2507//3843 1158//3843
f 2506//3844 2507//3844 1154//3844
f 2507//3845 2508//3845 1158//3845
f 1158//3846 2503//3846 1159//3846
f 2508//3847 2503//3847 1158//3847
f 1152//3848 2509//3848 2506//3848
f 1152//3849 2506//3849 1153//3849
f 1713//3850 2510//3850 2509//3850
f 1713//3851 2509//3851 1152//3851
f 1716//3852 2511//3852 2510//3852
f 1716//3853 2510//3853 1713//3853
f 1719//3854 2512//3854 2511//3854
f 1719//3855 2511//3855 1716//3855
f 2512//3856 1719//3856 2513//3856
f 2513//3857 1718//3857 2514//3857
f 1719//3858 1718//3858 2513//3858
f 2514//3859 1720//3859 2515//3859
f 1718//3860 1720//3860 2514//3860
f 2515//3861 1721//3861 2516//3861
f 1720//3862 1721//3862 2515//3862
f 2516//3863 1722//3863 2517//3863
f 1721//3864 1722//3864 2516//3864
f 2517//3865 1723//3865 2518//3865
f 1722//3866 1723//3866 2517//3866
f 2518//3867 1178//3867 2519//3867
f 1723//3868 1178//3868 2518//3868
f 2519//3869 1177//3869 2520//3869
f 1178//3870 1177//3870 2519//3870
f 1177//3871 1179//3871 2520//3871
f 2520//3872 1179//3872 2521//3872
f 1179//3873 1180//3873 2521//3873
f 2521//3874 1180//3874 2522//3874
f 1180//3875 1181//3875 2522//3875
f 2522//3876 1181//3876 2523//3876
f 1181//3877 1182//3877 2523//3877
f 2523//3878 1182//3878 2524//3878
f 1182//3879 1172//3879 2524//3879
f 2524//3880 1172//3880 2525//3880
f 1172//3881 1171//3881 2525//3881
f 2525//3882 1171//3882 2526//3882
f 1171//3883 1173//3883 2526//3883
f 2526//3884 1173//3884 2527//3884
f 1173//3885 1174//3885 2527//3885
f 2527//3886 1174//3886 2528//3886
f 1174//3887 1175//3887 2528//3887
f 2528//3888 1175//3888 2529//3888
f 1175//3889 1176//3889 2529//3889
f 2529//3890 1176//3890 2530//3890
f 1176//3891 1162//3891 2530//3891
f 2530//3892 1162//3892 2531//3892
f 1162//3893 1161//3893 2531//3893
f 2531//3894 1161//3894 2532//3894
f 1161//3895 1163//3895 2532//3895
f 2532//3896 1163//3896 2533//3896
f 1163//3897 1164//3897 2533//3897
f 2533//3898 1164//3898 2534//3898
f 1164//3899 1165//3899 2534//3899
f 2534//3900 1165//3900 2535//3900
f 2535//3901 1166//3901 2536//3901
f 1165//3902 1166//3902 2535//3902
f 2536//3903 1167//3903 2537//3903
f 1166//3904 1167//3904 2536//3904
f 2537//3905 1168//3905 2538//3905
f 1167//3906 1168//3906 2537//3906
f 2538//3907 1169//3907 2539//3907
f 1168//3908 1169//3908 2538//3908
f 2539//3909 1170//3909 2540//3909
f 1169//3910 1170//3910 2539//3910
f 2540//3911 1160//3911 2541//3911
f 1170//3912 1160//3912 2540//3912
f 2541//3913 1710//3913 2542//3913
f 1160//3914 1710//3914 2541//3914
f 2542//3915 1711//3915 2543//3915
f 1710//3916 1711//3916 2542//3916
f 1711//3917 1709//3917 2543//3917
f 2544//3918 1134//3918 2545//3918
f 2544//3919 1132//3919 1134//3919
f 2546//3920 1702//3920 2544//3920
f 2544//3921 1702//3921 1132//3921
f 2547//3922 1703//3922 2546//3922
f 2546//3923 1703//3923 1702//3923
f 2543//3924 1709//3924 2547//3924
f 2547//3925 1709//3925 1703//3925
f 1126//3926 2548//3926 1127//3926
f 1127//3927 2549//3927 1133//3927
f 2548//3928 2549//3928 1127//3928
f 2549//3929 2550//3929 1133//3929
f 1133//3930 2545//3930 1134//3930
f 2550//3931 2545//3931 1133//3931
f 1125//3932 2551//3932 2548//3932
f 1125//3933 2548//3933 1126//3933
f 1701//3934 2552//3934 2551//3934
f 1701//3935 2551//3935 1125//3935
f 1700//3936 2553//3936 2552//3936
f 1700//3937 2554//3937 2553//3937
f 1700//3938 2552//3938 1701//3938
f 1706//3939 2554//3939 1700//3939
f 2554//3940 1706//3940 2555//3940
f 2555//3941 1705//3941 2556//3941
f 1706//3942 1705//3942 2555//3942
f 2556//3943 1707//3943 2557//3943
f 1705//3944 1707//3944 2556//3944
f 2557//3945 1708//3945 2558//3945
f 1707//3946 1708//3946 2557//3946
f 2558//3947 1156//3947 2559//3947
f 1708//3948 1156//3948 2558//3948
f 2559//3949 1155//3949 2560//3949
f 1156//3950 1155//3950 2559//3950
f 2560//3951 1144//3951 2561//3951
f 1155//3952 1144//3952 2560//3952
f 2561//3953 1143//3953 2562//3953
f 1144//3954 1143//3954 2561//3954
f 1143//3955 1145//3955 2562//3955
f 2562//3956 1145//3956 2563//3956
f 1145//3957 1146//3957 2563//3957
f 2563//3958 1146//3958 2564//3958
f 1146//3959 1147//3959 2564//3959
f 2564//3960 1147//3960 2565//3960
f 1147//3961 1148//3961 2565//3961
f 2565//3962 1148//3962 2566//3962
f 1148//3963 1149//3963 2566//3963
f 2566//3964 1149//3964 2567//3964
f 1149//3965 1150//3965 2567//3965
f 2567//3966 1150//3966 2568//3966
f 1150//3967 1151//3967 2568//3967
f 2568//3968 1151//3968 2569//3968
f 1151//3969 1136//3969 2569//3969
f 2569//3970 1136//3970 2570//3970
f 1136//3971 1135//3971 2570//3971
f 2570//3972 1135//3972 2571//3972
f 1135//3973 1137//3973 2571//3973
f 2571//3974 1137//3974 2572//3974
f 1137//3975 1138//3975 2572//3975
f 2572//3976 1138//3976 2573//3976
f 1138//3977 1139//3977 2573//3977
f 2573//3978 1139//3978 2574//3978
f 1139//3979 1140//3979 2574//3979
f 2574//3980 1140//3980 2575//3980
f 1140//3981 1141//3981 2575//3981
f 2575//3982 1141//3982 2576//3982
f 1141//3983 1142//3983 2576//3983
f 2576//3984 1142//3984 2577//3984
f 2577//3985 1129//3985 2578//3985
f 1142//3986 1129//3986 2577//3986
f 2578//3987 1128//3987 2579//3987
f 1129//3988 1128//3988 2578//3988
f 2579//3989 1130//3989 2580//3989
f 1128//3990 1130//3990 2579//3990
f 2580//3991 1131//3991 2581//3991
f 1130//3992 1131//3992 2580//3992
f 2581//3993 1695//3993 2582//3993
f 1131//3994 1695//3994 2581//3994
f 2582//3995 1696//3995 2583//3995
f 1695//3996 1696//3996 2582//3996
f 2583//3997 1697//3997 2584//3997
f 1696//3998 1697//3998 2583//3998
f 2584//3999 1698//3999 2585//3999
f 1697//4000 1698//4000 2584//4000
f 1698//4001 1694//4001 2585//4001
f 2586//4002 1103//4002 2587//4002
f 2587//4003 1103//4003 1105//4003
f 2588//4004 1691//4004 2586//4004
f 2586//4005 1691//4005 1103//4005
f 2589//4006 1692//4006 2588//4006
f 2585//4007 1692//4007 2589//4007
f 2588//4008 1692//4008 1691//4008
f 2585//4009 1694//4009 1692//4009
f 1101//4010 2590//4010 1102//4010
f 2590//4011 2591//4011 1102//4011
f 1102//4012 2592//4012 1104//4012
f 2591//4013 2592//4013 1102//4013
f 1104//4014 2587//4014 1105//4014
f 2592//4015 2587//4015 1104//4015
f 1100//4016 2593//4016 2590//4016
f 1100//4017 2590//4017 1101//4017
f 1690//4018 2594//4018 2593//4018
f 1690//4019 2593//4019 1100//4019
f 1682//4020 2595//4020 2594//4020
f 1682//4021 2594//4021 1690//4021
f 1681//4022 2596//4022 2595//4022
f 1681//4023 2595//4023 1682//4023
f 2596//4024 1681//4024 2597//4024
f 2597//4025 1683//4025 2598//4025
f 1681//4026 1683//4026 2597//4026
f 2598//4027 1684//4027 2599//4027
f 1683//4028 1684//4028 2598//4028
f 2599//4029 1685//4029 2600//4029
f 1684//4030 1685//4030 2599//4030
f 2600//4031 1686//4031 2601//4031
f 1685//4032 1686//4032 2600//4032
f 2601//4033 1687//4033 2602//4033
f 1686//4034 1687//4034 2601//4034
f 2602//4035 1688//4035 2603//4035
f 1687//4036 1688//4036 2602//4036
f 2603//4037 1122//4037 2604//4037
f 1688//4038 1122//4038 2603//4038
f 1122//4039 1121//4039 2604//4039
f 2604//4040 1121//4040 2605//4040
f 1121//4041 1123//4041 2605//4041
f 2605//4042 1123//4042 2606//4042
f 1123//4043 1124//4043 2606//4043
f 2606//4044 1124//4044 2607//4044
f 1124//4045 1117//4045 2607//4045
f 2607//4046 1117//4046 2608//4046
f 1117//4047 1116//4047 2608//4047
f 2608//4048 1116//4048 2609//4048
f 1116//4049 1118//4049 2609//4049
f 2609//4050 1118//4050 2610//4050
f 1118//4051 1119//4051 2610//4051
f 2610//4052 1119//4052 2611//4052
f 1119//4053 1120//4053 2611//4053
f 2611//4054 1120//4054 2612//4054
f 1120//4055 1115//4055 2612//4055
f 2612//4056 1115//4056 2613//4056
f 1115//4057 1114//4057 2613//4057
f 2613//4058 1114//4058 2614//4058
f 1114//4059 1107//4059 2614//4059
f 2614//4060 1107//4060 2615//4060
f 1107//4061 1106//4061 2615//4061
f 2615//4062 1106//4062 2616//4062
f 1106//4063 1108//4063 2616//4063
f 2616//4064 1108//4064 2617//4064
f 1108//4065 1109//4065 2617//4065
f 2617//4066 1109//4066 2618//4066
f 1109//4067 1110//4067 2618//4067
f 2618//4068 1110//4068 2619//4068
f 2619//4069 1111//4069 2620//4069
f 1110//4070 1111//4070 2619//4070
f 2620//4071 1112//4071 2621//4071
f 1111//4072 1112//4072 2620//4072
f 2621//4073 1113//4073 2622//4073
f 1112//4074 1113//4074 2621//4074
f 2622//4075 1674//4075 2623//4075
f 1113//4076 1674//4076 2622//4076
f 2623//4077 1675//4077 2624//4077
f 1674//4078 1675//4078 2623//4078
f 2624//4079 1676//4079 2625//4079
f 1675//4080 1676//4080 2624//4080
f 2625//4081 1677//4081 2626//4081
f 1676//4082 1677//4082 2625//4082
f 2626//4083 1678//4083 2627//4083
f 1677//4084 1678//4084 2626//4084
f 1678//4085 1679//4085 2627//4085
f 2628//4086 1083//4086 2629//4086
f 2630//4087 1083//4087 2628//4087
f 2629//4088 1083//4088 1084//4088
f 2630//4089 1671//4089 1083//4089
f 2631//4090 1672//4090 2630//4090
f 2627//4091 1672//4091 2631//4091
f 2630//4092 1672//4092 1671//4092
f 2627//4093 1679//4093 1672//4093
f 2632//4094 2633//4094 1077//4094
f 1077//4095 2633//4095 1078//4095
f 1078//4096 2634//4096 1079//4096
f 2633//4097 2634//4097 1078//4097
f 1079//4098 2629//4098 1084//4098
f 2634//4099 2629//4099 1079//4099
f 1076//4100 2635//4100 2632//4100
f 1076//4101 2632//4101 1077//4101
f 1661//4102 2636//4102 2635//4102
f 1661//4103 2635//4103 1076//4103
f 1660//4104 2637//4104 2636//4104
f 1660//4105 2638//4105 2637//4105
f 1660//4106 2636//4106 1661//4106
f 1664//4107 2638//4107 1660//4107
f 2638//4108 1664//4108 2639//4108
f 2639//4109 1663//4109 2640//4109
f 1664//4110 1663//4110 2639//4110
f 2640//4111 1665//4111 2641//4111
f 1663//4112 1665//4112 2640//4112
f 2641//4113 1666//4113 2642//4113
f 1665//4114 1666//4114 2641//4114
f 2642//4115 1667//4115 2643//4115
f 1666//4116 1667//4116 2642//4116
f 2643//4117 1668//4117 2644//4117
f 1667//4118 1668//4118 2643//4118
f 2644//4119 1669//4119 2645//4119
f 1668//4120 1669//4120 2644//4120
f 2645//4121 1094//4121 2646//4121
f 1669//4122 1094//4122 2645//4122
f 1094//4123 1093//4123 2646//4123
f 2646//4124 1093//4124 2647//4124
f 1093//4125 1095//4125 2647//4125
f 2647//4126 1095//4126 2648//4126
f 1095//4127 1096//4127 2648//4127
f 2648//4128 1096//4128 2649//4128
f 1096//4129 1097//4129 2649//4129
f 2649//4130 1097//4130 2650//4130
f 1097//4131 1098//4131 2650//4131
f 2650//4132 1098//4132 2651//4132
f 1098//4133 1099//4133 2651//4133
f 2651//4134 1099//4134 2652//4134
f 1099//4135 1086//4135 2652//4135
f 2652//4136 1086//4136 2653//4136
f 1086//4137 1085//4137 2653//4137
f 2653//4138 1085//4138 2654//4138
f 1085//4139 1087//4139 2654//4139
f 2654//4140 1087//4140 2655//4140
f 1087//4141 1088//4141 2655//4141
f 2655//4142 1088//4142 2656//4142
f 1088//4143 1089//4143 2656//4143
f 2656//4144 1089//4144 2657//4144
f 1089//4145 1090//4145 2657//4145
f 2657//4146 1090//4146 2658//4146
f 1090//4147 1091//4147 2658//4147
f 2658//4148 1091//4148 2659//4148
f 1091//4149 1092//4149 2659//4149
f 2659//4150 1092//4150 2660//4150
f 1092//4151 1081//4151 2660//4151
f 2660//4152 1081//4152 2661//4152
f 2661//4153 1080//4153 2662//4153
f 1081//4154 1080//4154 2661//4154
f 2662//4155 1082//4155 2663//4155
f 1080//4156 1082//4156 2662//4156
f 2663//4157 1653//4157 2664//4157
f 1082//4158 1653//4158 2663//4158
f 2664//4159 1654//4159 2665//4159
f 1653//4160 1654//4160 2664//4160
f 2665//4161 1655//4161 2666//4161
f 1654//4162 1655//4162 2665//4162
f 2666//4163 1656//4163 2667//4163
f 1655//4164 1656//4164 2666//4164
f 2667//4165 1657//4165 2668//4165
f 1656//4166 1657//4166 2667//4166
f 2668//4167 1658//4167 2669//4167
f 1657//4168 1658//4168 2668//4168
f 1658//4169 1652//4169 2669//4169
f 2670//4170 1052//4170 2671//4170
f 2670//4171 1050//4171 1052//4171
f 2672//4172 1643//4172 2670//4172
f 2670//4173 1643//4173 1050//4173
f 2673//4174 1644//4174 2672//4174
f 2672//4175 1644//4175 1643//4175
f 2669//4176 1652//4176 2673//4176
f 2673//4177 1652//4177 1644//4177
f 2674//4178 2675//4178 1046//4178
f 1046//4179 2675//4179 1047//4179
f 1047//4180 2676//4180 1051//4180
f 2675//4181 2676//4181 1047//4181
f 1051//4182 2671//4182 1052//4182
f 2676//4183 2671//4183 1051//4183
f 1045//4184 2677//4184 2674//4184
f 1045//4185 2674//4185 1046//4185
f 1642//4186 2678//4186 2677//4186
f 1642//4187 2677//4187 1045//4187
f 1641//4188 2679//4188 2678//4188
f 1641//4189 2678//4189 1642//4189
f 1647//4190 2680//4190 2679//4190
f 1647//4191 2679//4191 1641//4191
f 2680//4192 1647//4192 2681//4192
f 2681//4193 1646//4193 2682//4193
f 1647//4194 1646//4194 2681//4194
f 2682//4195 1648//4195 2683//4195
f 1646//4196 1648//4196 2682//4196
f 2683//4197 1649//4197 2684//4197
f 1648//4198 1649//4198 2683//4198
f 2684//4199 1650//4199 2685//4199
f 1649//4200 1650//4200 2684//4200
f 2685//4201 1071//4201 2686//4201
f 1650//4202 1071//4202 2685//4202
f 2686//4203 1070//4203 2687//4203
f 1071//4204 1070//4204 2686//4204
f 2687//4205 1072//4205 2688//4205
f 1070//4206 1072//4206 2687//4206
f 1072//4207 1073//4207 2688//4207
f 2688//4208 1073//4208 2689//4208
f 1073//4209 1074//4209 2689//4209
f 2689//4210 1074//4210 2690//4210
f 1074//4211 1075//4211 2690//4211
f 2690//4212 1075//4212 2691//4212
f 1075//4213 1064//4213 2691//4213
f 2691//4214 1064//4214 2692//4214
f 1064//4215 1063//4215 2692//4215
f 2692//4216 1063//4216 2693//4216
f 1063//4217 1065//4217 2693//4217
f 2693//4218 1065//4218 2694//4218
f 1065//4219 1066//4219 2694//4219
f 2694//4220 1066//4220 2695//4220
f 1066//4221 1067//4221 2695//4221
f 2695//4222 1067//4222 2696//4222
f 1067//4223 1068//4223 2696//4223
f 2696//4224 1068//4224 2697//4224
f 1068//4225 1069//4225 2697//4225
f 2697//4226 1069//4226 2698//4226
f 1069//4227 1054//4227 2698//4227
f 2698//4228 1054//4228 2699//4228
f 1054//4229 1053//4229 2699//4229
f 2699//4230 1053//4230 2700//4230
f 1053//4231 1055//4231 2700//4231
f 2700//4232 1055//4232 2701//4232
f 1055//4233 1056//4233 2701//4233
f 2701//4234 1056//4234 2702//4234
f 1056//4235 1057//4235 2702//4235
f 2702//4236 1057//4236 2703//4236
f 2703//4237 1058//4237 2704//4237
f 1057//4238 1058//4238 2703//4238
f 2704//4239 1060//4239 2705//4239
f 1058//4240 1060//4240 2704//4240
f 2705//4241 1061//4241 2706//4241
f 1060//4242 1061//4242 2705//4242
f 2706//4243 1062//4243 2707//4243
f 1061//4244 1062//4244 2706//4244
f 2707//4245 1059//4245 2708//4245
f 1062//4246 1059//4246 2707//4246
f 2708//4247 1633//4247 2709//4247
f 1059//4248 1633//4248 2708//4248
f 2709//4249 1634//4249 2710//4249
f 1633//4250 1634//4250 2709//4250
f 2710//4251 1635//4251 2711//4251
f 1634//4252 1635//4252 2710//4252
f 1635//4253 1636//4253 2711//4253
f 2712//4254 1025//4254 2713//4254
f 2713//4255 1025//4255 1027//4255
f 2714//4256 1630//4256 2712//4256
f 2715//4257 1630//4257 2714//4257
f 2712//4258 1630//4258 1025//4258
f 2715//4259 1631//4259 1630//4259
f 2711//4260 1636//4260 2715//4260
f 2715//4261 1636//4261 1631//4261
f 1019//4262 2716//4262 1020//4262
f 2716//4263 2717//4263 1020//4263
f 1020//4264 2718//4264 1026//4264
f 2717//4265 2718//4265 1020//4265
f 1026//4266 2713//4266 1027//4266
f 2718//4267 2713//4267 1026//4267
f 1018//4268 2719//4268 2716//4268
f 1018//4269 2716//4269 1019//4269
f 1629//4270 2720//4270 2719//4270
f 1629//4271 2719//4271 1018//4271
f 1628//4272 2721//4272 2720//4272
f 1628//4273 2722//4273 2721//4273
f 1628//4274 2720//4274 1629//4274
f 1638//4275 2722//4275 1628//4275
f 2722//4276 1638//4276 2723//4276
f 2723//4277 1637//4277 2724//4277
f 1638//4278 1637//4278 2723//4278
f 2724//4279 1639//4279 2725//4279
f 1637//4280 1639//4280 2724//4280
f 2725//4281 1049//4281 2726//4281
f 1639//4282 1049//4282 2725//4282
f 2726//4283 1048//4283 2727//4283
f 1049//4284 1048//4284 2726//4284
f 2727//4285 1037//4285 2728//4285
f 1048//4286 1037//4286 2727//4286
f 2728//4287 1036//4287 2729//4287
f 1037//4288 1036//4288 2728//4288
f 2729//4289 1038//4289 2730//4289
f 1036//4290 1038//4290 2729//4290
f 1038//4291 1039//4291 2730//4291
f 2730//4292 1039//4292 2731//4292
f 1039//4293 1040//4293 2731//4293
f 2731//4294 1040//4294 2732//4294
f 1040//4295 1041//4295 2732//4295
f 2732//4296 1041//4296 2733//4296
f 1041//4297 1042//4297 2733//4297
f 2733//4298 1042//4298 2734//4298
f 1042//4299 1043//4299 2734//4299
f 2734//4300 1043//4300 2735//4300
f 1043//4301 1044//4301 2735//4301
f 2735//4302 1044//4302 2736//4302
f 1044//4303 1029//4303 2736//4303
f 2736//4304 1029//4304 2737//4304
f 1029//4305 1028//4305 2737//4305
f 2737//4306 1028//4306 2738//4306
f 1028//4307 1030//4307 2738//4307
f 2738//4308 1030//4308 2739//4308
f 1030//4309 1031//4309 2739//4309
f 2739//4310 1031//4310 2740//4310
f 1031//4311 1032//4311 2740//4311
f 2740//4312 1032//4312 2741//4312
f 1032//4313 1033//4313 2741//4313
f 2741//4314 1033//4314 2742//4314
f 1033//4315 1034//4315 2742//4315
f 2742//4316 1034//4316 2743//4316
f 1034//4317 1035//4317 2743//4317
f 2743//4318 1035//4318 2744//4318
f 1035//4319 1022//4319 2744//4319
f 2744//4320 1022//4320 2745//4320
f 2745//4321 1021//4321 2746//4321
f 1022//4322 1021//4322 2745//4322
f 2746//4323 1023//4323 2747//4323
f 1021//4324 1023//4324 2746//4324
f 2747//4325 1024//4325 2748//4325
f 1023//4326 1024//4326 2747//4326
f 2748//4327 1622//4327 2749//4327
f 1024//4328 1622//4328 2748//4328
f 2749//4329 1623//4329 2750//4329
f 1622//4330 1623//4330 2749//4330
f 2750//4331 1624//4331 2751//4331
f 1623//4332 1624//4332 2750//4332
f 2751//4333 1625//4333 2752//4333
f 1624//4334 1625//4334 2751//4334
f 2752//4335 1626//4335 2753//4335
f 1625//4336 1626//4336 2752//4336
f 1626//4337 1621//4337 2753//4337
f 2754//4338 999//4338 2755//4338
f 2755//4339 999//4339 1000//4339
f 2756//4340 1618//4340 2754//4340
f 2754//4341 1618//4341 999//4341
f 2757//4342 1619//4342 2756//4342
f 2756//4343 1619//4343 1618//4343
f 2753//4344 1621//4344 2757//4344
f 2757//4345 1621//4345 1619//4345
f 2758//4346 2759//4346 996//4346
f 996//4347 2759//4347 997//4347
f 997//4348 2760//4348 998//4348
f 2759//4349 2760//4349 997//4349
f 998//4350 2755//4350 1000//4350
f 2760//4351 2755//4351 998//4351
f 995//4352 2761//4352 2758//4352
f 995//4353 2758//4353 996//4353
f 1617//4354 2762//4354 2761//4354
f 1617//4355 2761//4355 995//4355
f 1615//4356 2763//4356 2762//4356
f 1615//4357 2764//4357 2763//4357
f 1615//4358 2762//4358 1617//4358
f 1608//4359 2764//4359 1615//4359
f 2764//4360 1608//4360 2765//4360
f 2765//4361 1607//4361 2766//4361
f 1608//4362 1607//4362 2765//4362
f 2766//4363 1609//4363 2767//4363
f 1607//4364 1609//4364 2766//4364
f 2767//4365 1610//4365 2768//4365
f 1609//4366 1610//4366 2767//4366
f 2768//4367 1611//4367 2769//4367
f 1610//4368 1611//4368 2768//4368
f 2769//4369 1612//4369 2770//4369
f 1611//4370 1612//4370 2769//4370
f 2770//4371 1613//4371 2771//4371
f 1612//4372 1613//4372 2770//4372
f 2771//4373 1614//4373 2772//4373
f 1613//4374 1614//4374 2771//4374
f 1614//4375 1017//4375 2772//4375
f 2772//4376 1017//4376 2773//4376
f 1017//4377 1016//4377 2773//4377
f 2773//4378 1016//4378 2774//4378
f 1016//4379 1010//4379 2774//4379
f 2774//4380 1010//4380 2775//4380
f 1010//4381 1009//4381 2775//4381
f 2775//4382 1009//4382 2776//4382
f 1009//4383 1011//4383 2776//4383
f 2776//4384 1011//4384 2777//4384
f 1011//4385 1012//4385 2777//4385
f 2777//4386 1012//4386 2778//4386
f 1012//4387 1013//4387 2778//4387
f 2778//4388 1013//4388 2779//4388
f 1013//4389 1014//4389 2779//4389
f 2779//4390 1014//4390 2780//4390
f 1014//4391 1015//4391 2780//4391
f 2780//4392 1015//4392 2781//4392
f 1015//4393 1002//4393 2781//4393
f 2781//4394 1002//4394 2782//4394
f 1002//4395 1001//4395 2782//4395
f 2782//4396 1001//4396 2783//4396
f 1001//4397 1003//4397 2783//4397
f 2783//4398 1003//4398 2784//4398
f 1003//4399 1004//4399 2784//4399
f 2784//4400 1004//4400 2785//4400
f 1004//4401 1005//4401 2785//4401
f 2785//4402 1005//4402 2786//4402
f 1005//4403 1006//4403 2786//4403
f 2786//4404 1006//4404 2787//4404
f 2787//4405 1007//4405 2788//4405
f 1006//4406 1007//4406 2787//4406
f 2788//4407 1008//4407 2789//4407
f 1007//4408 1008//4408 2788//4408
f 2789//4409 1600//4409 2790//4409
f 1008//4410 1600//4410 2789//4410
f 2790//4411 1601//4411 2791//4411
f 1600//4412 1601//4412 2790//4412
f 2791//4413 1602//4413 2792//4413
f 1601//4414 1602//4414 2791//4414
f 2792//4415 1603//4415 2793//4415
f 1602//4416 1603//4416 2792//4416
f 2793//4417 1604//4417 2794//4417
f 1603//4418 1604//4418 2793//4418
f 2794//4419 1605//4419 2795//4419
f 1604//4420 1605//4420 2794//4420
f 1605//4421 1599//4421 2795//4421
f 2796//4422 976//4422 2797//4422
f 2798//4423 976//4423 2796//4423
f 2797//4424 976//4424 978//4424
f 2798//4425 1589//4425 976//4425
f 2799//4426 1590//4426 2798//4426
f 2798//4427 1590//4427 1589//4427
f 2795//4428 1599//4428 2799//4428
f 2799//4429 1599//4429 1590//4429
f 2800//4430 2801//4430 963//4430
f 963//4431 2801//4431 964//4431
f 964//4432 2802//4432 977//4432
f 2801//4433 2802//4433 964//4433
f 977//4434 2797//4434 978//4434
f 2802//4435 2797//4435 977//4435
f 962//4436 2803//4436 2800//4436
f 962//4437 2800//4437 963//4437
f 1588//4438 2804//4438 2803//4438
f 1588//4439 2803//4439 962//4439
f 1587//4440 2805//4440 2804//4440
f 1587//4441 2806//4441 2805//4441
f 1587//4442 2804//4442 1588//4442
f 1592//4443 2806//4443 1587//4443
f 2806//4444 1592//4444 2807//4444
f 2807//4445 1593//4445 2808//4445
f 1592//4446 1593//4446 2807//4446
f 2808//4447 1594//4447 2809//4447
f 1593//4448 1594//4448 2808//4448
f 2809//4449 1595//4449 2810//4449
f 1594//4450 1595//4450 2809//4450
f 2810//4451 1596//4451 2811//4451
f 1595//4452 1596//4452 2810//4452
f 2811//4453 1597//4453 2812//4453
f 1596//4454 1597//4454 2811//4454
f 2812//4455 988//4455 2813//4455
f 1597//4456 988//4456 2812//4456
f 2813//4457 987//4457 2814//4457
f 988//4458 987//4458 2813//4458
f 987//4459 989//4459 2814//4459
f 2814//4460 989//4460 2815//4460
f 989//4461 990//4461 2815//4461
f 2815//4462 990//4462 2816//4462
f 990//4463 991//4463 2816//4463
f 2816//4464 991//4464 2817//4464
f 991//4465 992//4465 2817//4465
f 2817//4466 992//4466 2818//4466
f 992//4467 993//4467 2818//4467
f 2818//4468 993//4468 2819//4468
f 993//4469 994//4469 2819//4469
f 2819//4470 994//4470 2820//4470
f 994//4471 980//4471 2820//4471
f 2820//4472 980//4472 2821//4472
f 980//4473 979//4473 2821//4473
f 2821//4474 979//4474 2822//4474
f 979//4475 981//4475 2822//4475
f 2822//4476 981//4476 2823//4476
f 981//4477 982//4477 2823//4477
f 2823//4478 982//4478 2824//4478
f 982//4479 983//4479 2824//4479
f 2824//4480 983//4480 2825//4480
f 983//4481 984//4481 2825//4481
f 2825//4482 984//4482 2826//4482
f 984//4483 985//4483 2826//4483
f 2826//4484 985//4484 2827//4484
f 985//4485 986//4485 2827//4485
f 2827//4486 986//4486 2828//4486
f 986//4487 975//4487 2828//4487
f 2828//4488 975//4488 2829//4488
f 2829//4489 974//4489 2830//4489
f 975//4490 974//4490 2829//4490
f 2830//4491 972//4491 2831//4491
f 974//4492 972//4492 2830//4492
f 2831//4493 971//4493 2832//4493
f 972//4494 971//4494 2831//4494
f 2832//4495 973//4495 2833//4495
f 971//4496 973//4496 2832//4496
f 2833//4497 1581//4497 2834//4497
f 973//4498 1581//4498 2833//4498
f 2834//4499 1582//4499 2835//4499
f 1581//4500 1582//4500 2834//4500
f 2835//4501 1583//4501 2836//4501
f 1582//4502 1583//4502 2835//4502
f 2836//4503 1584//4503 2837//4503
f 1583//4504 1584//4504 2836//4504
f 1584//4505 1585//4505 2837//4505
f 2838//4506 942//4506 2839//4506
f 2839//4507 942//4507 944//4507
f 2840//4508 1573//4508 2838//4508
f 2838//4509 1573//4509 942//4509
f 2841//4510 1574//4510 2840//4510
f 2840//4511 1574//4511 1573//4511
f 2837//4512 1585//4512 2841//4512
f 2841//4513 1585//4513 1574//4513
f 940//4514 2842//4514 941//4514
f 2842//4515 2843//4515 941//4515
f 941//4516 2844//4516 943//4516
f 2843//4517 2844//4517 941//4517
f 943//4518 2839//4518 944//4518
f 2844//4519 2839//4519 943//4519
f 939//4520 2845//4520 2842//4520
f 939//4521 2842//4521 940//4521
f 1572//4522 2846//4522 2845//4522
f 1572//4523 2845//4523 939//4523
f 1571//4524 2847//4524 2846//4524
f 1571//4525 2846//4525 1572//4525
f 1577//4526 2848//4526 2847//4526
f 1577//4527 2847//4527 1571//4527
f 2848//4528 1577//4528 2849//4528
f 2849//4529 1576//4529 2850//4529
f 1577//4530 1576//4530 2849//4530
f 2850//4531 1578//4531 2851//4531
f 1576//4532 1578//4532 2850//4532
f 2851//4533 1579//4533 2852//4533
f 1578//4534 1579//4534 2851//4534
f 2852//4535 966//4535 2853//4535
f 1579//4536 966//4536 2852//4536
f 2853//4537 965//4537 2854//4537
f 966//4538 965//4538 2853//4538
f 2854//4539 967//4539 2855//4539
f 965//4540 967//4540 2854//4540
f 2855//4541 968//4541 2856//4541
f 967//4542 968//4542 2855//4542
f 968//4543 969//4543 2856//4543
f 2856//4544 969//4544 2857//4544
f 969//4545 970//4545 2857//4545
f 2857//4546 970//4546 2858//4546
f 970//4547 956//4547 2858//4547
f 2858//4548 956//4548 2859//4548
f 956//4549 955//4549 2859//4549
f 2859//4550 955//4550 2860//4550
f 955//4551 957//4551 2860//4551
f 2860//4552 957//4552 2861//4552
f 957//4553 958//4553 2861//4553
f 2861//4554 958//4554 2862//4554
f 958//4555 959//4555 2862//4555
f 2862//4556 959//4556 2863//4556
f 959//4557 960//4557 2863//4557
f 2863//4558 960//4558 2864//4558
f 960//4559 961//4559 2864//4559
f 2864//4560 961//4560 2865//4560
f 961//4561 946//4561 2865//4561
f 2865//4562 946//4562 2866//4562
f 946//4563 945//4563 2866//4563
f 2866//4564 945//4564 2867//4564
f 945//4565 947//4565 2867//4565
f 2867//4566 947//4566 2868//4566
f 947//4567 948//4567 2868//4567
f 2868//4568 948//4568 2869//4568
f 948//4569 949//4569 2869//4569
f 2869//4570 949//4570 2870//4570
f 949//4571 950//4571 2870//4571
f 2870//4572 950//4572 2871//4572
f 2871//4573 951//4573 2872//4573
f 950//4574 951//4574 2871//4574
f 2872//4575 952//4575 2873//4575
f 951//4576 952//4576 2872//4576
f 2873//4577 953//4577 2874//4577
f 952//4578 953//4578 2873//4578
f 2874//4579 954//4579 2875//4579
f 953//4580 954//4580 2874//4580
f 2875//4581 1566//4581 2876//4581
f 954//4582 1566//4582 2875//4582
f 2876//4583 1567//4583 2877//4583
f 1566//4584 1567//4584 2876//4584
f 2877//4585 1568//4585 2878//4585
f 1567//4586 1568//4586 2877//4586
f 2878//4587 1569//4587 2879//4587
f 1568//4588 1569//4588 2878//4588
f 1569//4589 1565//4589 2879//4589
f 2880//4590 921//4590 2881//4590
f 2882//4591 921//4591 2880//4591
f 2881//4592 921//4592 923//4592
f 2882//4593 1562//4593 921//4593
f 2883//4594 1563//4594 2882//4594
f 2879//4595 1563//4595 2883//4595
f 2882//4596 1563//4596 1562//4596
f 2879//4597 1565//4597 1563//4597
f 2884//4598 2885//4598 912//4598
f 912//4599 2885//4599 913//4599
f 913//4600 2886//4600 922//4600
f 2885//4601 2886//4601 913//4601
f 922//4602 2881//4602 923//4602
f 2886//4603 2881//4603 922//4603
f 911//4604 2887//4604 2884//4604
f 911//4605 2884//4605 912//4605
f 1561//4606 2888//4606 2887//4606
f 1561//4607 2887//4607 911//4607
f 1554//4608 2889//4608 2888//4608
f 1554//4609 2890//4609 2889//4609
f 1554//4610 2888//4610 1561//4610
f 1553//4611 2890//4611 1554//4611
f 2890//4612 1553//4612 2891//4612
f 2891//4613 1555//4613 2892//4613
f 1553//4614 1555//4614 2891//4614
f 2892//4615 1556//4615 2893//4615
f 1555//4616 1556//4616 2892//4616
f 2893//4617 1557//4617 2894//4617
f 1556//4618 1557//4618 2893//4618
f 2894//4619 1558//4619 2895//4619
f 1557//4620 1558//4620 2894//4620
f 2895//4621 1559//4621 2896//4621
f 1558//4622 1559//4622 2895//4622
f 2896//4623 938//4623 2897//4623
f 1559//4624 938//4624 2896//4624
f 2897//4625 932//4625 2898//4625
f 938//4626 932//4626 2897//4626
f 932//4627 931//4627 2898//4627
f 2898//4628 931//4628 2899//4628
f 931//4629 933//4629 2899//4629
f 2899//4630 933//4630 2900//4630
f 933//4631 934//4631 2900//4631
f 2900//4632 934//4632 2901//4632
f 934//4633 935//4633 2901//4633
f 2901//4634 935//4634 2902//4634
f 935//4635 936//4635 2902//4635
f 2902//4636 936//4636 2903//4636
f 936//4637 937//4637 2903//4637
f 2903//4638 937//4638 2904//4638
f 937//4639 925//4639 2904//4639
f 2904//4640 925//4640 2905//4640
f 925//4641 924//4641 2905//4641
f 2905//4642 924//4642 2906//4642
f 924//4643 926//4643 2906//4643
f 2906//4644 926//4644 2907//4644
f 926//4645 927//4645 2907//4645
f 2907//4646 927//4646 2908//4646
f 927//4647 928//4647 2908//4647
f 2908//4648 928//4648 2909//4648
f 928//4649 929//4649 2909//4649
f 2909//4650 929//4650 2910//4650
f 929//4651 930//4651 2910//4651
f 2910//4652 930//4652 2911//4652
f 930//4653 917//4653 2911//4653
f 2911//4654 917//4654 2912//4654
f 917//4655 916//4655 2912//4655
f 2912//4656 916//4656 2913//4656
f 2913//4657 918//4657 2914//4657
f 916//4658 918//4658 2913//4658
f 2914//4659 919//4659 2915//4659
f 918//4660 919//4660 2914//4660
f 2915//4661 920//4661 2916//4661
f 919//4662 920//4662 2915//4662
f 2916//4663 1546//4663 2917//4663
f 920//4664 1546//4664 2916//4664
f 2917//4665 1547//4665 2918//4665
f 1546//4666 1547//4666 2917//4666
f 2918//4667 1548//4667 2919//4667
f 1547//4668 1548//4668 2918//4668
f 2919//4669 1549//4669 2920//4669
f 1548//4670 1549//4670 2919//4670
f 2920//4671 1550//4671 2921//4671
f 1549//4672 1550//4672 2920//4672
f 1550//4673 1551//4673 2921//4673
f 2922//4674 893//4674 2923//4674
f 2923//4675 893//4675 894//4675
f 2924//4676 1543//4676 2922//4676
f 2922//4677 1543//4677 893//4677
f 2925//4678 1544//4678 2924//4678
f 2924//4679 1544//4679 1543//4679
f 2921//4680 1551//4680 2925//4680
f 2925//4681 1551//4681 1544//4681
f 2926//4682 2927//4682 890//4682
f 890//4683 2927//4683 891//4683
f 891//4684 2927//4684 892//4684
f 2927//4685 2928//4685 892//4685
f 892//4686 2923//4686 894//4686
f 2928//4687 2923//4687 892//4687
f 890//4688 2929//4688 2926//4688
f 889//4689 2929//4689 890//4689
f 1533//4690 2930//4690 2929//4690
f 1533//4691 2929//4691 889//4691
f 1532//4692 2931//4692 2930//4692
f 1532//4693 2930//4693 1533//4693
f 1536//4694 2932//4694 2931//4694
f 1536//4695 2931//4695 1532//4695
f 2932//4696 1536//4696 2933//4696
f 2933//4697 1535//4697 2934//4697
f 1536//4698 1535//4698 2933//4698
f 2934//4699 1537//4699 2935//4699
f 1535//4700 1537//4700 2934//4700
f 2935//4701 1538//4701 2936//4701
f 1537//4702 1538//4702 2935//4702
f 2936//4703 1539//4703 2937//4703
f 1538//4704 1539//4704 2936//4704
f 2937//4705 1540//4705 2938//4705
f 1539//4706 1540//4706 2937//4706
f 2938//4707 1541//4707 2939//4707
f 1540//4708 1541//4708 2938//4708
f 2939//4709 915//4709 2940//4709
f 1541//4710 915//4710 2939//4710
f 915//4711 914//4711 2940//4711
f 2940//4712 914//4712 2941//4712
f 914//4713 904//4713 2941//4713
f 2941//4714 904//4714 2942//4714
f 904//4715 903//4715 2942//4715
f 2942//4716 903//4716 2943//4716
f 903//4717 905//4717 2943//4717
f 2943//4718 905//4718 2944//4718
f 905//4719 906//4719 2944//4719
f 2944//4720 906//4720 2945//4720
f 906//4721 907//4721 2945//4721
f 2945//4722 907//4722 2946//4722
f 907//4723 908//4723 2946//4723
f 2946//4724 908//4724 2947//4724
f 908//4725 909//4725 2947//4725
f 2947//4726 909//4726 2948//4726
f 909//4727 910//4727 2948//4727
f 2948//4728 910//4728 2949//4728
f 910//4729 896//4729 2949//4729
f 2949//4730 896//4730 2950//4730
f 896//4731 895//4731 2950//4731
f 2950//4732 895//4732 2951//4732
f 895//4733 897//4733 2951//4733
f 2951//4734 897//4734 2952//4734
f 897//4735 898//4735 2952//4735
f 2952//4736 898//4736 2953//4736
f 898//4737 899//4737 2953//4737
f 2953//4738 899//4738 2954//4738
f 899//4739 900//4739 2954//4739
f 2954//4740 900//4740 2955//4740
f 2955//4741 901//4741 2956//4741
f 900//4742 901//4742 2955//4742
f 2956//4743 902//4743 2957//4743
f 901//4744 902//4744 2956//4744
f 2957//4745 1525//4745 2958//4745
f 902//4746 1525//4746 2957//4746
f 2958//4747 1526//4747 2959//4747
f 1525//4748 1526//4748 2958//4748
f 2959//4749 1527//4749 2960//4749
f 1526//4750 1527//4750 2959//4750
f 2960//4751 1528//4751 2961//4751
f 1527//4752 1528//4752 2960//4752
f 1528//4753 1529//4753 2961//4753
f 2961//4754 1530//4754 2962//4754
f 2962//4755 1530//4755 2963//4755
f 1529//4756 1530//4756 2961//4756
f 1530//4757 1524//4757 2963//4757
f 2964//4758 862//4758 2965//4758
f 2965//4759 862//4759 864//4759
f 2966//4760 1515//4760 2964//4760
f 2964//4761 1515//4761 862//4761
f 2967//4762 1516//4762 2966//4762
f 2966//4763 1516//4763 1515//4763
f 2963//4764 1524//4764 2967//4764
f 2967//4765 1524//4765 1516//4765
f 2968//4766 2969//4766 854//4766
f 854//4767 2969//4767 855//4767
f 855//4768 2970//4768 863//4768
f 2969//4769 2970//4769 855//4769
f 863//4770 2965//4770 864//4770
f 2970//4771 2965//4771 863//4771
f 854//4772 2971//4772 2968//4772
f 853//4773 2971//4773 854//4773
f 1514//4774 2972//4774 2971//4774
f 1514//4775 2971//4775 853//4775
f 1513//4776 2973//4776 2972//4776
f 1513//4777 2972//4777 1514//4777
f 1519//4778 2974//4778 2973//4778
f 1519//4779 2973//4779 1513//4779
f 2974//4780 1519//4780 2975//4780
f 2975//4781 1518//4781 2976//4781
f 1519//4782 1518//4782 2975//4782
f 2976//4783 1520//4783 2977//4783
f 1518//4784 1520//4784 2976//4784
f 2977//4785 1521//4785 2978//4785
f 1520//4786 1521//4786 2977//4786
f 2978//4787 1522//4787 2979//4787
f 1521//4788 1522//4788 2978//4788
f 2979//4789 881//4789 2980//4789
f 1522//4790 881//4790 2979//4790
f 2980//4791 880//4791 2981//4791
f 881//4792 880//4792 2980//4792
f 2981//4793 882//4793 2982//4793
f 880//4794 882//4794 2981//4794
f 882//4795 883//4795 2982//4795
f 2982//4796 883//4796 2983//4796
f 883//4797 884//4797 2983//4797
f 2983//4798 884//4798 2984//4798
f 884//4799 885//4799 2984//4799
f 2984//4800 885//4800 2985//4800
f 885//4801 886//4801 2985//4801
f 2985//4802 886//4802 2986//4802
f 886//4803 887//4803 2986//4803
f 2986//4804 887//4804 2987//4804
f 887//4805 888//4805 2987//4805
f 2987//4806 888//4806 2988//4806
f 888//4807 874//4807 2988//4807
f 2988//4808 874//4808 2989//4808
f 874//4809 873//4809 2989//4809
f 2989//4810 873//4810 2990//4810
f 873//4811 875//4811 2990//4811
f 2990//4812 875//4812 2991//4812
f 875//4813 876//4813 2991//4813
f 2991//4814 876//4814 2992//4814
f 876//4815 877//4815 2992//4815
f 2992//4816 877//4816 2993//4816
f 877//4817 878//4817 2993//4817
f 2993//4818 878//4818 2994//4818
f 878//4819 879//4819 2994//4819
f 2994//4820 879//4820 2995//4820
f 879//4821 866//4821 2995//4821
f 2995//4822 866//4822 2996//4822
f 866//4823 865//4823 2996//4823
f 2996//4824 865//4824 2997//4824
f 2997//4825 867//4825 2998//4825
f 865//4826 867//4826 2997//4826
f 2998//4827 868//4827 2999//4827
f 867//4828 868//4828 2998//4828
f 2999//4829 869//4829 3000//4829
f 868//4830 869//4830 2999//4830
f 3000//4831 870//4831 3001//4831
f 869//4832 870//4832 3000//4832
f 3001//4833 871//4833 3002//4833
f 870//4834 871//4834 3001//4834
f 3002//4835 872//4835 3003//4835
f 871//4836 872//4836 3002//4836
f 3003//4837 1507//4837 3004//4837
f 872//4838 1507//4838 3003//4838
f 3004//4839 1508//4839 3005//4839
f 1507//4840 1508//4840 3004//4840
f 1508//4841 1506//4841 3005//4841
f 3006//4842 835//4842 3007//4842
f 3006//4843 833//4843 835//4843
f 3008//4844 1503//4844 3006//4844
f 3006//4845 1503//4845 833//4845
f 3009//4846 1504//4846 3008//4846
f 3008//4847 1504//4847 1503//4847
f 3005//4848 1506//4848 3009//4848
f 3009//4849 1506//4849 1504//4849
f 3010//4850 3011//4850 831//4850
f 831//4851 3011//4851 832//4851
f 832//4852 3012//4852 834//4852
f 3011//4853 3012//4853 832//4853
f 834//4854 3007//4854 835//4854
f 3012//4855 3007//4855 834//4855
f 831//4856 3013//4856 3010//4856
f 830//4857 3013//4857 831//4857
f 1502//4858 3014//4858 3013//4858
f 1502//4859 3013//4859 830//4859
f 1501//4860 3015//4860 3014//4860
f 1501//4861 3014//4861 1502//4861
f 1510//4862 3016//4862 3015//4862
f 1510//4863 3015//4863 1501//4863
f 3016//4864 1510//4864 3017//4864
f 3017//4865 1509//4865 3018//4865
f 1510//4866 1509//4866 3017//4866
f 3018//4867 1511//4867 3019//4867
f 1509//4868 1511//4868 3018//4868
f 3019//4869 857//4869 3020//4869
f 1511//4870 857//4870 3019//4870
f 3020//4871 856//4871 3021//4871
f 857//4872 856//4872 3020//4872
f 3021//4873 858//4873 3022//4873
f 856//4874 858//4874 3021//4874
f 3022//4875 859//4875 3023//4875
f 858//4876 859//4876 3022//4876
f 3023//4877 860//4877 3024//4877
f 859//4878 860//4878 3023//4878
f 860//4879 861//4879 3024//4879
f 3024//4880 861//4880 3025//4880
f 861//4881 847//4881 3025//4881
f 3025//4882 847//4882 3026//4882
f 847//4883 846//4883 3026//4883
f 3026//4884 846//4884 3027//4884
f 846//4885 848//4885 3027//4885
f 3027//4886 848//4886 3028//4886
f 848//4887 849//4887 3028//4887
f 3028//4888 849//4888 3029//4888
f 849//4889 850//4889 3029//4889
f 3029//4890 850//4890 3030//4890
f 850//4891 851//4891 3030//4891
f 3030//4892 851//4892 3031//4892
f 851//4893 852//4893 3031//4893
f 3031//4894 852//4894 3032//4894
f 852//4895 837//4895 3032//4895
f 3032//4896 837//4896 3033//4896
f 837//4897 836//4897 3033//4897
f 3033//4898 836//4898 3034//4898
f 836//4899 838//4899 3034//4899
f 3034//4900 838//4900 3035//4900
f 838//4901 839//4901 3035//4901
f 3035//4902 839//4902 3036//4902
f 839//4903 840//4903 3036//4903
f 3036//4904 840//4904 3037//4904
f 840//4905 841//4905 3037//4905
f 3037//4906 841//4906 3038//4906
f 841//4907 842//4907 3038//4907
f 3038//4908 842//4908 3039//4908
f 3039//4909 843//4909 3040//4909
f 842//4910 843//4910 3039//4910
f 3040//4911 844//4911 3041//4911
f 843//4912 844//4912 3040//4912
f 3041//4913 845//4913 3042//4913
f 844//4914 845//4914 3041//4914
f 3042//4915 1495//4915 3043//4915
f 845//4916 1495//4916 3042//4916
f 1495//4917 1496//4917 3043//4917
f 3043//4918 1497//4918 3044//4918
f 3044//4919 1497//4919 3045//4919
f 1496//4920 1497//4920 3043//4920
f 3045//4921 1498//4921 3046//4921
f 1497//4922 1498//4922 3045//4922
f 3046//4923 1499//4923 3047//4923
f 1498//4924 1499//4924 3046//4924
f 1499//4925 1494//4925 3047//4925
f 3048//4926 818//4926 3049//4926
f 3048//4927 816//4927 818//4927
f 3050//4928 1491//4928 3048//4928
f 3048//4929 1491//4929 816//4929
f 3051//4930 1492//4930 3050//4930
f 3050//4931 1492//4931 1491//4931
f 3047//4932 1494//4932 3051//4932
f 3051//4933 1494//4933 1492//4933
f 798//4934 3052//4934 799//4934
f 799//4935 3053//4935 817//4935
f 3052//4936 3053//4936 799//4936
f 3053//4937 3054//4937 817//4937
f 817//4938 3049//4938 818//4938
f 3054//4939 3049//4939 817//4939
f 798//4940 3055//4940 3052//4940
f 797//4941 3055//4941 798//4941
f 1490//4942 3056//4942 3055//4942
f 1490//4943 3055//4943 797//4943
f 1488//4944 3057//4944 3056//4944
f 1488//4945 3056//4945 1490//4945
f 1482//4946 3058//4946 3057//4946
f 1482//4947 3057//4947 1488//4947
f 3058//4948 1482//4948 3059//4948
f 3059//4949 1481//4949 3060//4949
f 1482//4950 1481//4950 3059//4950
f 3060//4951 1483//4951 3061//4951
f 1481//4952 1483//4952 3060//4952
f 3061//4953 1484//4953 3062//4953
f 1483//4954 1484//4954 3061//4954
f 3062//4955 1485//4955 3063//4955
f 1484//4956 1485//4956 3062//4956
f 3063//4957 1486//4957 3064//4957
f 1485//4958 1486//4958 3063//4958
f 3064//4959 1487//4959 3065//4959
f 1486//4960 1487//4960 3064//4960
f 3065//4961 825//4961 3066//4961
f 1487//4962 825//4962 3065//4962
f 825//4963 824//4963 3066//4963
f 3066//4964 824//4964 3067//4964
f 824//4965 826//4965 3067//4965
f 3067//4966 826//4966 3068//4966
f 826//4967 827//4967 3068//4967
f 3068//4968 827//4968 3069//4968
f 827//4969 828//4969 3069//4969
f 3069//4970 828//4970 3070//4970
f 828//4971 829//4971 3070//4971
f 3070//4972 829//4972 3071//4972
f 829//4973 820//4973 3071//4973
f 3071//4974 820//4974 3072//4974
f 820//4975 819//4975 3072//4975
f 3072//4976 819//4976 3073//4976
f 819//4977 821//4977 3073//4977
f 3073//4978 821//4978 3074//4978
f 821//4979 822//4979 3074//4979
f 3074//4980 822//4980 3075//4980
f 822//4981 823//4981 3075//4981
f 3075//4982 823//4982 3076//4982
f 823//4983 815//4983 3076//4983
f 3076//4984 815//4984 3077//4984
f 815//4985 814//4985 3077//4985
f 3077//4986 814//4986 3078//4986
f 814//4987 813//4987 3078//4987
f 3078//4988 813//4988 3079//4988
f 813//4989 805//4989 3079//4989
f 3079//4990 805//4990 3080//4990
f 805//4991 804//4991 3080//4991
f 3080//4992 804//4992 3081//4992
f 3081//4993 806//4993 3082//4993
f 804//4994 806//4994 3081//4994
f 3082//4995 807//4995 3083//4995
f 806//4996 807//4996 3082//4996
f 3083//4997 808//4997 3084//4997
f 807//4998 808//4998 3083//4998
f 3084//4999 809//4999 3085//4999
f 808//5000 809//5000 3084//5000
f 3085//5001 810//5001 3086//5001
f 809//5002 810//5002 3085//5002
f 3086//5003 811//5003 3087//5003
f 810//5004 811//5004 3086//5004
f 3087//5005 812//5005 3088//5005
f 811//5006 812//5006 3087//5006
f 3088//5007 802//5007 2043//5007
f 812//5008 802//5008 3088//5008
f 802//5009 801//5009 2043//5009
f 3089//5010 2006//5010 2008//5010
f 3089//5011 3090//5011 2006//5011
f 3091//5012 2008//5012 2011//5012
f 3091//5013 3089//5013 2008//5013
f 3092//5014 2011//5014 2012//5014
f 3092//5015 3091//5015 2011//5015
f 3093//5016 2012//5016 2015//5016
f 3093//5017 3092//5017 2012//5017
f 3094//5018 2015//5018 2016//5018
f 3094//5019 3093//5019 2015//5019
f 3095//5020 2016//5020 2018//5020
f 3095//5021 3094//5021 2016//5021
f 3096//5022 2018//5022 2019//5022
f 3096//5023 3095//5023 2018//5023
f 3097//5024 2019//5024 2021//5024
f 3097//5025 3096//5025 2019//5025
f 3098//5026 2021//5026 2023//5026
f 3098//5027 3097//5027 2021//5027
f 3099//5028 2023//5028 2026//5028
f 3099//5029 3098//5029 2023//5029
f 3100//5030 2026//5030 2028//5030
f 3100//5031 3099//5031 2026//5031
f 3101//5032 2028//5032 2030//5032
f 3101//5033 3100//5033 2028//5033
f 3102//5034 2030//5034 2032//5034
f 3102//5035 3101//5035 2030//5035
f 3103//5036 2032//5036 2034//5036
f 3103//5037 3102//5037 2032//5037
f 3104//5038 2034//5038 2033//5038
f 3104//5039 3103//5039 2034//5039
f 3105//5040 2033//5040 2031//5040
f 3105//5041 3104//5041 2033//5041
f 3106//5042 2031//5042 2029//5042
f 3106//5043 2029//5043 2027//5043
f 3106//5044 3105//5044 2031//5044
f 3107//5045 3106//5045 2027//5045
f 3108//5046 3107//5046 2027//5046
f 3108//5047 2027//5047 2025//5047
f 3108//5048 2025//5048 2024//5048
f 3109//5049 3108//5049 2024//5049
f 3110//5050 3109//5050 2024//5050
f 3110//5051 2024//5051 2022//5051
f 3111//5052 3110//5052 2022//5052
f 3111//5053 2022//5053 2020//5053
f 3112//5054 2020//5054 2017//5054
f 3112//5055 3111//5055 2020//5055
f 3113//5056 2017//5056 2014//5056
f 3113//5057 3112//5057 2017//5057
f 3114//5058 2014//5058 2013//5058
f 3114//5059 3113//5059 2014//5059
f 3115//5060 2013//5060 2010//5060
f 3115//5061 3114//5061 2013//5061
f 3116//5062 2010//5062 2009//5062
f 3116//5063 3115//5063 2010//5063
f 3117//5064 2009//5064 2007//5064
f 3117//5065 3116//5065 2009//5065
f 3118//5066 2007//5066 2004//5066
f 3118//5067 3117//5067 2007//5067
f 3119//5068 2004//5068 2003//5068
f 3119//5069 3118//5069 2004//5069
f 3120//5070 2003//5070 2002//5070
f 3120//5071 3119//5071 2003//5071
f 3121//5072 2002//5072 1999//5072
f 3121//5073 3120//5073 2002//5073
f 3122//5074 1999//5074 1996//5074
f 3122//5075 3121//5075 1999//5075
f 3123//5076 1996//5076 1995//5076
f 3123//5077 3122//5077 1996//5077
f 3124//5078 1995//5078 1994//5078
f 3124//5079 3123//5079 1995//5079
f 3125//5080 1994//5080 1991//5080
f 3125//5081 3124//5081 1994//5081
f 3126//5082 1991//5082 1989//5082
f 3126//5083 1989//5083 1987//5083
f 3126//5084 3125//5084 1991//5084
f 3127//5085 3126//5085 1987//5085
f 3128//5086 1987//5086 1984//5086
f 3128//5087 3127//5087 1987//5087
f 3129//5088 1984//5088 1982//5088
f 3129//5089 3128//5089 1984//5089
f 3130//5090 1982//5090 1981//5090
f 3130//5091 3129//5091 1982//5091
f 3131//5092 1981//5092 1979//5092
f 3131//5093 3130//5093 1981//5093
f 3132//5094 1979//5094 1977//5094
f 3132//5095 3131//5095 1979//5095
f 3133//5096 3132//5096 1977//5096
f 3133//5097 1977//5097 1975//5097
f 3134//5098 3133//5098 1975//5098
f 3134//5099 1975//5099 1973//5099
f 3135//5100 3134//5100 1973//5100
f 3135//5101 1973//5101 1971//5101
f 3136//5102 3135//5102 1971//5102
f 3136//5103 1971//5103 1969//5103
f 3137//5104 3136//5104 1969//5104
f 3137//5105 1969//5105 1967//5105
f 3138//5106 3137//5106 1967//5106
f 3138//5107 1967//5107 1965//5107
f 3139//5108 3138//5108 1965//5108
f 3139//5109 1965//5109 1963//5109
f 3140//5110 3139//5110 1963//5110
f 3140//5111 1963//5111 1961//5111
f 3141//5112 3140//5112 1961//5112
f 3141//5113 1961//5113 1959//5113
f 3142//5114 3141//5114 1959//5114
f 3142//5115 1959//5115 1957//5115
f 3143//5116 3142//5116 1957//5116
f 3143//5117 1957//5117 1955//5117
f 3144//5118 3143//5118 1955//5118
f 3144//5119 1955//5119 1953//5119
f 3145//5120 3144//5120 1953//5120
f 3145//5121 1953//5121 1951//5121
f 3146//5122 3145//5122 1951//5122
f 3146//5123 1951//5123 1949//5123
f 3147//5124 1949//5124 1947//5124
f 3147//5125 3146//5125 1949//5125
f 3148//5126 1947//5126 1945//5126
f 3148//5127 3147//5127 1947//5127
f 3149//5128 1945//5128 1943//5128
f 3149//5129 3148//5129 1945//5129
f 3150//5130 1943//5130 1941//5130
f 3150//5131 3149//5131 1943//5131
f 3151//5132 1941//5132 1939//5132
f 3151//5133 3150//5133 1941//5133
f 3152//5134 1939//5134 1937//5134
f 3152//5135 3151//5135 1939//5135
f 3153//5136 1937//5136 1935//5136
f 3153//5137 3152//5137 1937//5137
f 3154//5138 1935//5138 1933//5138
f 3154//5139 3153//5139 1935//5139
f 3155//5140 1933//5140 1931//5140
f 3155//5141 3154//5141 1933//5141
f 3156//5142 1931//5142 1929//5142
f 3156//5143 3155//5143 1931//5143
f 3157//5144 3156//5144 1929//5144
f 3157//5145 1929//5145 1927//5145
f 3158//5146 3157//5146 1927//5146
f 3158//5147 1927//5147 1925//5147
f 3158//5148 1925//5148 1922//5148
f 3159//5149 3158//5149 1922//5149
f 3160//5150 3159//5150 1922//5150
f 3160//5151 1922//5151 1923//5151
f 3161//5152 3160//5152 1923//5152
f 3161//5153 1923//5153 1924//5153
f 3162//5154 3161//5154 1924//5154
f 3162//5155 1924//5155 1926//5155
f 3163//5156 3162//5156 1926//5156
f 3163//5157 1926//5157 1928//5157
f 3164//5158 3163//5158 1928//5158
f 3164//5159 1928//5159 1930//5159
f 3165//5160 3164//5160 1930//5160
f 3165//5161 1930//5161 1932//5161
f 3165//5162 1932//5162 1934//5162
f 3166//5163 3165//5163 1934//5163
f 3167//5164 3166//5164 1934//5164
f 3167//5165 1934//5165 1936//5165
f 3168//5166 3167//5166 1936//5166
f 3168//5167 1936//5167 1938//5167
f 3168//5168 1938//5168 1940//5168
f 3169//5169 3168//5169 1940//5169
f 3170//5170 3169//5170 1940//5170
f 3170//5171 1940//5171 1942//5171
f 3170//5172 1942//5172 1944//5172
f 3171//5173 3170//5173 1944//5173
f 3172//5174 3171//5174 1944//5174
f 3172//5175 1944//5175 1946//5175
f 3173//5176 3172//5176 1946//5176
f 3173//5177 1946//5177 1948//5177
f 3173//5178 1948//5178 1950//5178
f 3174//5179 3173//5179 1950//5179
f 3174//5180 1950//5180 1952//5180
f 3175//5181 3174//5181 1952//5181
f 3176//5182 3175//5182 1952//5182
f 3176//5183 1952//5183 1954//5183
f 3177//5184 3176//5184 1954//5184
f 3177//5185 1954//5185 1956//5185
f 3177//5186 1956//5186 1958//5186
f 3178//5187 3177//5187 1958//5187
f 3179//5188 1958//5188 1960//5188
f 3179//5189 3178//5189 1958//5189
f 3179//5190 1960//5190 1962//5190
f 3180//5191 3179//5191 1962//5191
f 3181//5192 3180//5192 1962//5192
f 3181//5193 1962//5193 1964//5193
f 3182//5194 1964//5194 1966//5194
f 3182//5195 3181//5195 1964//5195
f 3183//5196 3182//5196 1966//5196
f 3183//5197 1966//5197 1968//5197
f 3184//5198 3183//5198 1968//5198
f 3184//5199 1968//5199 1970//5199
f 3185//5200 3184//5200 1970//5200
f 3185//5201 1970//5201 1972//5201
f 3186//5202 3185//5202 1972//5202
f 3186//5203 1972//5203 1974//5203
f 3187//5204 3186//5204 1974//5204
f 3187//5205 1974//5205 1976//5205
f 3187//5206 1976//5206 1978//5206
f 3188//5207 3187//5207 1978//5207
f 3189//5208 3188//5208 1978//5208
f 3189//5209 1978//5209 1980//5209
f 3190//5210 1980//5210 1983//5210
f 3190//5211 3189//5211 1980//5211
f 3191//5212 1983//5212 1985//5212
f 3191//5213 1985//5213 1986//5213
f 3191//5214 3190//5214 1983//5214
f 3192//5215 3191//5215 1986//5215
f 3193//5216 1986//5216 1988//5216
f 3193//5217 3192//5217 1986//5217
f 3194//5218 1988//5218 1990//5218
f 3194//5219 3193//5219 1988//5219
f 3195//5220 1990//5220 1992//5220
f 3195//5221 3194//5221 1990//5221
f 3196//5222 1992//5222 1993//5222
f 3196//5223 3195//5223 1992//5223
f 3197//5224 1993//5224 1997//5224
f 3197//5225 3196//5225 1993//5225
f 3198//5226 1997//5226 1998//5226
f 3198//5227 3197//5227 1997//5227
f 3199//5228 1998//5228 2000//5228
f 3199//5229 3198//5229 1998//5229
f 3200//5230 2000//5230 2001//5230
f 3200//5231 2001//5231 2005//5231
f 3200//5232 3199//5232 2000//5232
f 3201//5233 3200//5233 2005//5233
f 3090//5234 2005//5234 2006//5234
f 3090//5235 3201//5235 2005//5235
f 3082//5236 3090//5236 3089//5236
f 3081//5237 3082//5237 3089//5237
f 3083//5238 3090//5238 3082//5238
f 3080//5239 3081//5239 3089//5239
f 3084//5240 3090//5240 3083//5240
f 3079//5241 3080//5241 3089//5241
f 3078//5242 3079//5242 3089//5242
f 3085//5243 3090//5243 3084//5243
f 3077//5244 3078//5244 3089//5244
f 3086//5245 3090//5245 3085//5245
f 3076//5246 3077//5246 3089//5246
f 3087//5247 3090//5247 3086//5247
f 3075//5248 3076//5248 3089//5248
f 3088//5249 3090//5249 3087//5249
f 2043//5250 3090//5250 3088//5250
f 3074//5251 3075//5251 3089//5251
f 3073//5252 3074//5252 3089//5252
f 3072//5253 3073//5253 3089//5253
f 3071//5254 3072//5254 3089//5254
f 3070//5255 3071//5255 3089//5255
f 2042//5256 3090//5256 2043//5256
f 3091//5257 3070//5257 3089//5257
f 3091//5258 3062//5258 3063//5258
f 3091//5259 3063//5259 3064//5259
f 3091//5260 3064//5260 3065//5260
f 3091//5261 3065//5261 3066//5261
f 3091//5262 3066//5262 3067//5262
f 3091//5263 3067//5263 3068//5263
f 3091//5264 3068//5264 3069//5264
f 3091//5265 3069//5265 3070//5265
f 3061//5266 3062//5266 3091//5266
f 3060//5267 3061//5267 3091//5267
f 3202//5268 3090//5268 2042//5268
f 2041//5269 3202//5269 2042//5269
f 3059//5270 3060//5270 3091//5270
f 3058//5271 3059//5271 3091//5271
f 2040//5272 3202//5272 2041//5272
f 2039//5273 3202//5273 2040//5273
f 3092//5274 3058//5274 3091//5274
f 3057//5275 3058//5275 3092//5275
f 3039//5276 3040//5276 3094//5276
f 3041//5277 3094//5277 3040//5277
f 3038//5278 3039//5278 3094//5278
f 3042//5279 3094//5279 3041//5279
f 3037//5280 3038//5280 3094//5280
f 3036//5281 3037//5281 3094//5281
f 3043//5282 3094//5282 3042//5282
f 3035//5283 3036//5283 3094//5283
f 3044//5284 3094//5284 3043//5284
f 3034//5285 3035//5285 3094//5285
f 3045//5286 3094//5286 3044//5286
f 3033//5287 3034//5287 3094//5287
f 3046//5288 3094//5288 3045//5288
f 3047//5289 3093//5289 3094//5289
f 3047//5290 3094//5290 3046//5290
f 3095//5291 3033//5291 3094//5291
f 3095//5292 3031//5292 3032//5292
f 3095//5293 3032//5293 3033//5293
f 3030//5294 3031//5294 3095//5294
f 3029//5295 3030//5295 3095//5295
f 3028//5296 3029//5296 3095//5296
f 3027//5297 3028//5297 3095//5297
f 3026//5298 3027//5298 3095//5298
f 3025//5299 3026//5299 3095//5299
f 3024//5300 3025//5300 3095//5300
f 3023//5301 3024//5301 3095//5301
f 3022//5302 3023//5302 3095//5302
f 3021//5303 3022//5303 3095//5303
f 3051//5304 3093//5304 3047//5304
f 3020//5305 3021//5305 3095//5305
f 3019//5306 3020//5306 3095//5306
f 3096//5307 3019//5307 3095//5307
f 3096//5308 3016//5308 3017//5308
f 3096//5309 3017//5309 3018//5309
f 3096//5310 3018//5310 3019//5310
f 3053//5311 3052//5311 3055//5311
f 3015//5312 3016//5312 3096//5312
f 3054//5313 3053//5313 3055//5313
f 3054//5314 3055//5314 3048//5314
f 3049//5315 3054//5315 3048//5315
f 2997//5316 2998//5316 3099//5316
f 2999//5317 3098//5317 3099//5317
f 2999//5318 3099//5318 2998//5318
f 2996//5319 2997//5319 3099//5319
f 3000//5320 3098//5320 2999//5320
f 2995//5321 2996//5321 3099//5321
f 2994//5322 2995//5322 3099//5322
f 3001//5323 3098//5323 3000//5323
f 2993//5324 2994//5324 3099//5324
f 3002//5325 3098//5325 3001//5325
f 2992//5326 2993//5326 3099//5326
f 3003//5327 3098//5327 3002//5327
f 2991//5328 2992//5328 3099//5328
f 3004//5329 3098//5329 3003//5329
f 3005//5330 3098//5330 3004//5330
f 2990//5331 2991//5331 3099//5331
f 2989//5332 2990//5332 3099//5332
f 2988//5333 2989//5333 3099//5333
f 2987//5334 2988//5334 3099//5334
f 3100//5335 2979//5335 2980//5335
f 3100//5336 2980//5336 2981//5336
f 3100//5337 2981//5337 2982//5337
f 3100//5338 2982//5338 2983//5338
f 3100//5339 2983//5339 2984//5339
f 3100//5340 2984//5340 2985//5340
f 3100//5341 2985//5341 2986//5341
f 3100//5342 2986//5342 2987//5342
f 3100//5343 2987//5343 3099//5343
f 3009//5344 3097//5344 3098//5344
f 3009//5345 3098//5345 3005//5345
f 2978//5346 2979//5346 3100//5346
f 2977//5347 2978//5347 3100//5347
f 2976//5348 2977//5348 3100//5348
f 2975//5349 2976//5349 3100//5349
f 2974//5350 2975//5350 3100//5350
f 3011//5351 3010//5351 3013//5351
f 3101//5352 2974//5352 3100//5352
f 2973//5353 2974//5353 3101//5353
f 3012//5354 3011//5354 3013//5354
f 3012//5355 3013//5355 3006//5355
f 3007//5356 3012//5356 3006//5356
f 2955//5357 2956//5357 3103//5357
f 2957//5358 3103//5358 2956//5358
f 2954//5359 2955//5359 3103//5359
f 2958//5360 3103//5360 2957//5360
f 2953//5361 2954//5361 3103//5361
f 2952//5362 2953//5362 3103//5362
f 2959//5363 3103//5363 2958//5363
f 2951//5364 2952//5364 3103//5364
f 2960//5365 3103//5365 2959//5365
f 2950//5366 2951//5366 3103//5366
f 2961//5367 3103//5367 2960//5367
f 2949//5368 2950//5368 3103//5368
f 2962//5369 3103//5369 2961//5369
f 2963//5370 3102//5370 3103//5370
f 2963//5371 3103//5371 2962//5371
f 3104//5372 2948//5372 2949//5372
f 3104//5373 2949//5373 3103//5373
f 2947//5374 2948//5374 3104//5374
f 2946//5375 2947//5375 3104//5375
f 2945//5376 2946//5376 3104//5376
f 2944//5377 2945//5377 3104//5377
f 2943//5378 2944//5378 3104//5378
f 2942//5379 2943//5379 3104//5379
f 2941//5380 2942//5380 3104//5380
f 2940//5381 2941//5381 3104//5381
f 2939//5382 2940//5382 3104//5382
f 2938//5383 2939//5383 3104//5383
f 2937//5384 2938//5384 3104//5384
f 2967//5385 3102//5385 2963//5385
f 2936//5386 2937//5386 3104//5386
f 3105//5387 2933//5387 2934//5387
f 3105//5388 2934//5388 2935//5388
f 3105//5389 2935//5389 2936//5389
f 3105//5390 2936//5390 3104//5390
f 3105//5391 2932//5391 2933//5391
f 2969//5392 2968//5392 2971//5392
f 2931//5393 2932//5393 3105//5393
f 2970//5394 2969//5394 2971//5394
f 2970//5395 2971//5395 2964//5395
f 3106//5396 2931//5396 3105//5396
f 2965//5397 2970//5397 2964//5397
f 2913//5398 2914//5398 3108//5398
f 2915//5399 3108//5399 2914//5399
f 2912//5400 2913//5400 3108//5400
f 2916//5401 3107//5401 3108//5401
f 2916//5402 3108//5402 2915//5402
f 2911//5403 2912//5403 3108//5403
f 2910//5404 2911//5404 3108//5404
f 2917//5405 3107//5405 2916//5405
f 2909//5406 2910//5406 3108//5406
f 2918//5407 3107//5407 2917//5407
f 2908//5408 2909//5408 3108//5408
f 2919//5409 3107//5409 2918//5409
f 2907//5410 2908//5410 3108//5410
f 2920//5411 3107//5411 2919//5411
f 2921//5412 3107//5412 2920//5412
f 2906//5413 2907//5413 3108//5413
f 2905//5414 2906//5414 3108//5414
f 2904//5415 2905//5415 3108//5415
f 2903//5416 2904//5416 3108//5416
f 3109//5417 2903//5417 3108//5417
f 3109//5418 2896//5418 2897//5418
f 3109//5419 2897//5419 2898//5419
f 3109//5420 2898//5420 2899//5420
f 3109//5421 2899//5421 2900//5421
f 3109//5422 2900//5422 2901//5422
f 3109//5423 2901//5423 2902//5423
f 3109//5424 2902//5424 2903//5424
f 2895//5425 2896//5425 3109//5425
f 2925//5426 3106//5426 3107//5426
f 2925//5427 3107//5427 2921//5427
f 2894//5428 2895//5428 3109//5428
f 2893//5429 2894//5429 3109//5429
f 2892//5430 2893//5430 3109//5430
f 2891//5431 2892//5431 3109//5431
f 2890//5432 2891//5432 3109//5432
f 2927//5433 2926//5433 2929//5433
f 3110//5434 2890//5434 3109//5434
f 2889//5435 2890//5435 3110//5435
f 2928//5436 2927//5436 2929//5436
f 2928//5437 2929//5437 2922//5437
f 2923//5438 2928//5438 2922//5438
f 2871//5439 2872//5439 3112//5439
f 2873//5440 3112//5440 2872//5440
f 2870//5441 2871//5441 3112//5441
f 2874//5442 3112//5442 2873//5442
f 2869//5443 2870//5443 3112//5443
f 2868//5444 2869//5444 3112//5444
f 2875//5445 3112//5445 2874//5445
f 2867//5446 2868//5446 3112//5446
f 2876//5447 3112//5447 2875//5447
f 2866//5448 2867//5448 3112//5448
f 2877//5449 3112//5449 2876//5449
f 2878//5450 3112//5450 2877//5450
f 3113//5451 2865//5451 2866//5451
f 3113//5452 2866//5452 3112//5452
f 2879//5453 3111//5453 3112//5453
f 2879//5454 3112//5454 2878//5454
f 2864//5455 2865//5455 3113//5455
f 2863//5456 2864//5456 3113//5456
f 2862//5457 2863//5457 3113//5457
f 2861//5458 2862//5458 3113//5458
f 2860//5459 2861//5459 3113//5459
f 2859//5460 2860//5460 3113//5460
f 2858//5461 2859//5461 3113//5461
f 2857//5462 2858//5462 3113//5462
f 2856//5463 2857//5463 3113//5463
f 2855//5464 2856//5464 3113//5464
f 2854//5465 2855//5465 3113//5465
f 2853//5466 2854//5466 3113//5466
f 2883//5467 3111//5467 2879//5467
f 2852//5468 2853//5468 3113//5468
f 3114//5469 2848//5469 2849//5469
f 3114//5470 2849//5470 2850//5470
f 3114//5471 2850//5471 2851//5471
f 3114//5472 2851//5472 2852//5472
f 3114//5473 2852//5473 3113//5473
f 2885//5474 2884//5474 2887//5474
f 2847//5475 2848//5475 3114//5475
f 2886//5476 2887//5476 2880//5476
f 2886//5477 2885//5477 2887//5477
f 2881//5478 2886//5478 2880//5478
f 2829//5479 2830//5479 3117//5479
f 2831//5480 3117//5480 2830//5480
f 2828//5481 2829//5481 3117//5481
f 2832//5482 3117//5482 2831//5482
f 2832//5483 3116//5483 3117//5483
f 2827//5484 2828//5484 3117//5484
f 2826//5485 2827//5485 3117//5485
f 2833//5486 3116//5486 2832//5486
f 2825//5487 2826//5487 3117//5487
f 2834//5488 3116//5488 2833//5488
f 2824//5489 2825//5489 3117//5489
f 2835//5490 3116//5490 2834//5490
f 2823//5491 2824//5491 3117//5491
f 2836//5492 3116//5492 2835//5492
f 2837//5493 3116//5493 2836//5493
f 2822//5494 2823//5494 3117//5494
f 2821//5495 2822//5495 3117//5495
f 2820//5496 2821//5496 3117//5496
f 2819//5497 2820//5497 3117//5497
f 3118//5498 2819//5498 3117//5498
f 3118//5499 2813//5499 2814//5499
f 3118//5500 2814//5500 2815//5500
f 3118//5501 2815//5501 2816//5501
f 3118//5502 2816//5502 2817//5502
f 3118//5503 2817//5503 2818//5503
f 3118//5504 2818//5504 2819//5504
f 2812//5505 2813//5505 3118//5505
f 2811//5506 2812//5506 3118//5506
f 2841//5507 3115//5507 3116//5507
f 2841//5508 3116//5508 2837//5508
f 2810//5509 2811//5509 3118//5509
f 2809//5510 2810//5510 3118//5510
f 2808//5511 2809//5511 3118//5511
f 2807//5512 2808//5512 3118//5512
f 2806//5513 2807//5513 3118//5513
f 3119//5514 2806//5514 3118//5514
f 2843//5515 2842//5515 2845//5515
f 2805//5516 2806//5516 3119//5516
f 2844//5517 2843//5517 2845//5517
f 2844//5518 2845//5518 2838//5518
f 2839//5519 2844//5519 2838//5519
f 2787//5520 2788//5520 3121//5520
f 2789//5521 3121//5521 2788//5521
f 2786//5522 2787//5522 3121//5522
f 2790//5523 3121//5523 2789//5523
f 2785//5524 2786//5524 3121//5524
f 2784//5525 2785//5525 3121//5525
f 2791//5526 3121//5526 2790//5526
f 2783//5527 2784//5527 3121//5527
f 2792//5528 3121//5528 2791//5528
f 2782//5529 2783//5529 3121//5529
f 2782//5530 3121//5530 3122//5530
f 2793//5531 3121//5531 2792//5531
f 2781//5532 2782//5532 3122//5532
f 2794//5533 3121//5533 2793//5533
f 2795//5534 3120//5534 3121//5534
f 2795//5535 3121//5535 2794//5535
f 2780//5536 2781//5536 3122//5536
f 2779//5537 2780//5537 3122//5537
f 2778//5538 2779//5538 3122//5538
f 2777//5539 2778//5539 3122//5539
f 2776//5540 2777//5540 3122//5540
f 2775//5541 2776//5541 3122//5541
f 2774//5542 2775//5542 3122//5542
f 2773//5543 2774//5543 3122//5543
f 2772//5544 2773//5544 3122//5544
f 2771//5545 2772//5545 3122//5545
f 2770//5546 2771//5546 3122//5546
f 2769//5547 2770//5547 3122//5547
f 2799//5548 3120//5548 2795//5548
f 3123//5549 2764//5549 2765//5549
f 3123//5550 2765//5550 2766//5550
f 3123//5551 2766//5551 2767//5551
f 3123//5552 2767//5552 2768//5552
f 3123//5553 2768//5553 2769//5553
f 3123//5554 2769//5554 3122//5554
f 2801//5555 2800//5555 2803//5555
f 2796//5556 2801//5556 2803//5556
f 2763//5557 3123//5557 3124//5557
f 2763//5558 2764//5558 3123//5558
f 2802//5559 2801//5559 2796//5559
f 2797//5560 2802//5560 2796//5560
f 2745//5561 2746//5561 3126//5561
f 2747//5562 3126//5562 2746//5562
f 2744//5563 2745//5563 3126//5563
f 2748//5564 3126//5564 2747//5564
f 2743//5565 2744//5565 3126//5565
f 2742//5566 2743//5566 3126//5566
f 2749//5567 3126//5567 2748//5567
f 2749//5568 3125//5568 3126//5568
f 2741//5569 2742//5569 3126//5569
f 2750//5570 3125//5570 2749//5570
f 2740//5571 2741//5571 3126//5571
f 2751//5572 3125//5572 2750//5572
f 2739//5573 2740//5573 3126//5573
f 2752//5574 3125//5574 2751//5574
f 2753//5575 3125//5575 2752//5575
f 2738//5576 2739//5576 3126//5576
f 2737//5577 2738//5577 3126//5577
f 2736//5578 2737//5578 3126//5578
f 3127//5579 2731//5579 2732//5579
f 3127//5580 2732//5580 2733//5580
f 3127//5581 2733//5581 2734//5581
f 3127//5582 2734//5582 2735//5582
f 3127//5583 2735//5583 2736//5583
f 3127//5584 2736//5584 3126//5584
f 3127//5585 2730//5585 2731//5585
f 2729//5586 2730//5586 3127//5586
f 2728//5587 2729//5587 3127//5587
f 2727//5588 2728//5588 3127//5588
f 2757//5589 3125//5589 2753//5589
f 2726//5590 2727//5590 3127//5590
f 2725//5591 2726//5591 3127//5591
f 2724//5592 2725//5592 3127//5592
f 2723//5593 2724//5593 3127//5593
f 2722//5594 2723//5594 3127//5594
f 3128//5595 2722//5595 3127//5595
f 2759//5596 2758//5596 2761//5596
f 2721//5597 2722//5597 3128//5597
f 2760//5598 2761//5598 2754//5598
f 2760//5599 2759//5599 2761//5599
f 2755//5600 2760//5600 2754//5600
f 2703//5601 2704//5601 3130//5601
f 2705//5602 3130//5602 2704//5602
f 2702//5603 2703//5603 3130//5603
f 2706//5604 3130//5604 2705//5604
f 2701//5605 2702//5605 3130//5605
f 2700//5606 2701//5606 3130//5606
f 2707//5607 3130//5607 2706//5607
f 2699//5608 2700//5608 3130//5608
f 2699//5609 3130//5609 3131//5609
f 2708//5610 3130//5610 2707//5610
f 2698//5611 2699//5611 3131//5611
f 2709//5612 3130//5612 2708//5612
f 2697//5613 2698//5613 3131//5613
f 2710//5614 3130//5614 2709//5614
f 2711//5615 3130//5615 2710//5615
f 2711//5616 3129//5616 3130//5616
f 2696//5617 2697//5617 3131//5617
f 2695//5618 2696//5618 3131//5618
f 2694//5619 2695//5619 3131//5619
f 2693//5620 2694//5620 3131//5620
f 2692//5621 2693//5621 3131//5621
f 2691//5622 2692//5622 3131//5622
f 2690//5623 2691//5623 3131//5623
f 2689//5624 2690//5624 3131//5624
f 2688//5625 2689//5625 3131//5625
f 2687//5626 2688//5626 3131//5626
f 2686//5627 2687//5627 3131//5627
f 2715//5628 3129//5628 2711//5628
f 3132//5629 2686//5629 3131//5629
f 3132//5630 2680//5630 2681//5630
f 3132//5631 2681//5631 2682//5631
f 3132//5632 2682//5632 2683//5632
f 3132//5633 2683//5633 2684//5633
f 3132//5634 2684//5634 2685//5634
f 3132//5635 2685//5635 2686//5635
f 2717//5636 2716//5636 2719//5636
f 2679//5637 3132//5637 3133//5637
f 2679//5638 2680//5638 3132//5638
f 2718//5639 2717//5639 2719//5639
f 2718//5640 2719//5640 2712//5640
f 2713//5641 2718//5641 2712//5641
f 2661//5642 2662//5642 3135//5642
f 2663//5643 3135//5643 2662//5643
f 2660//5644 2661//5644 3135//5644
f 2664//5645 3135//5645 2663//5645
f 2659//5646 2660//5646 3135//5646
f 2658//5647 2659//5647 3135//5647
f 2665//5648 3134//5648 3135//5648
f 2665//5649 3135//5649 2664//5649
f 2657//5650 2658//5650 3135//5650
f 2666//5651 3134//5651 2665//5651
f 2656//5652 2657//5652 3135//5652
f 2667//5653 3134//5653 2666//5653
f 2655//5654 2656//5654 3135//5654
f 2668//5655 3134//5655 2667//5655
f 2669//5656 3134//5656 2668//5656
f 2654//5657 2655//5657 3135//5657
f 2653//5658 2654//5658 3135//5658
f 2652//5659 2653//5659 3135//5659
f 3136//5660 2647//5660 2648//5660
f 3136//5661 2652//5661 3135//5661
f 3136//5662 2648//5662 2649//5662
f 3136//5663 2649//5663 2650//5663
f 3136//5664 2650//5664 2651//5664
f 3136//5665 2651//5665 2652//5665
f 2646//5666 2647//5666 3136//5666
f 2645//5667 2646//5667 3136//5667
f 2644//5668 2645//5668 3136//5668
f 2643//5669 2644//5669 3136//5669
f 2673//5670 3134//5670 2669//5670
f 2673//5671 3133//5671 3134//5671
f 2642//5672 2643//5672 3136//5672
f 2641//5673 2642//5673 3136//5673
f 2640//5674 2641//5674 3136//5674
f 2639//5675 2640//5675 3136//5675
f 2638//5676 2639//5676 3136//5676
f 3137//5677 2638//5677 3136//5677
f 2675//5678 2674//5678 2677//5678
f 2637//5679 2638//5679 3137//5679
f 2676//5680 2675//5680 2677//5680
f 2676//5681 2677//5681 2670//5681
f 2671//5682 2676//5682 2670//5682
f 2619//5683 2620//5683 3139//5683
f 2621//5684 3139//5684 2620//5684
f 2618//5685 2619//5685 3139//5685
f 2622//5686 3139//5686 2621//5686
f 2617//5687 2618//5687 3139//5687
f 2616//5688 2617//5688 3139//5688
f 2623//5689 3139//5689 2622//5689
f 2615//5690 3139//5690 3140//5690
f 2615//5691 2616//5691 3139//5691
f 2624//5692 3139//5692 2623//5692
f 2614//5693 2615//5693 3140//5693
f 2625//5694 3139//5694 2624//5694
f 2613//5695 2614//5695 3140//5695
f 2626//5696 3139//5696 2625//5696
f 2627//5697 3139//5697 2626//5697
f 2627//5698 3138//5698 3139//5698
f 2612//5699 2613//5699 3140//5699
f 2611//5700 2612//5700 3140//5700
f 2610//5701 2611//5701 3140//5701
f 2609//5702 2610//5702 3140//5702
f 2608//5703 2609//5703 3140//5703
f 2607//5704 2608//5704 3140//5704
f 2606//5705 2607//5705 3140//5705
f 2605//5706 2606//5706 3140//5706
f 2604//5707 2605//5707 3140//5707
f 2603//5708 2604//5708 3140//5708
f 2631//5709 3138//5709 2627//5709
f 3141//5710 2603//5710 3140//5710
f 3141//5711 2596//5711 2597//5711
f 3141//5712 2597//5712 2598//5712
f 3141//5713 2598//5713 2599//5713
f 3141//5714 2599//5714 2600//5714
f 3141//5715 2600//5715 2601//5715
f 3141//5716 2601//5716 2602//5716
f 3141//5717 2602//5717 2603//5717
f 2633//5718 2632//5718 2635//5718
f 2595//5719 2596//5719 3141//5719
f 2595//5720 3141//5720 3142//5720
f 2634//5721 2635//5721 2628//5721
f 2634//5722 2633//5722 2635//5722
f 2629//5723 2634//5723 2628//5723
f 2577//5724 2578//5724 3144//5724
f 2579//5725 3144//5725 2578//5725
f 2576//5726 2577//5726 3144//5726
f 2580//5727 3144//5727 2579//5727
f 2575//5728 2576//5728 3144//5728
f 2574//5729 2575//5729 3144//5729
f 2581//5730 3144//5730 2580//5730
f 2573//5731 2574//5731 3144//5731
f 2582//5732 3143//5732 3144//5732
f 2582//5733 3144//5733 2581//5733
f 2572//5734 2573//5734 3144//5734
f 2583//5735 3143//5735 2582//5735
f 2571//5736 2572//5736 3144//5736
f 2584//5737 3143//5737 2583//5737
f 2585//5738 3143//5738 2584//5738
f 2570//5739 2571//5739 3144//5739
f 2569//5740 2570//5740 3144//5740
f 2568//5741 2569//5741 3144//5741
f 3145//5742 2568//5742 3144//5742
f 3145//5743 2563//5743 2564//5743
f 3145//5744 2564//5744 2565//5744
f 3145//5745 2565//5745 2566//5745
f 3145//5746 2566//5746 2567//5746
f 3145//5747 2567//5747 2568//5747
f 2562//5748 2563//5748 3145//5748
f 2561//5749 2562//5749 3145//5749
f 2560//5750 2561//5750 3145//5750
f 2559//5751 2560//5751 3145//5751
f 2589//5752 3143//5752 2585//5752
f 2558//5753 2559//5753 3145//5753
f 2557//5754 2558//5754 3145//5754
f 2556//5755 2557//5755 3145//5755
f 2555//5756 2556//5756 3145//5756
f 2554//5757 2555//5757 3145//5757
f 3146//5758 2554//5758 3145//5758
f 2591//5759 2590//5759 2593//5759
f 2553//5760 2554//5760 3146//5760
f 2592//5761 2593//5761 2586//5761
f 2592//5762 2591//5762 2593//5762
f 2587//5763 2592//5763 2586//5763
f 2535//5764 2536//5764 3148//5764
f 2537//5765 3148//5765 2536//5765
f 2534//5766 2535//5766 3148//5766
f 2538//5767 3148//5767 2537//5767
f 2533//5768 2534//5768 3148//5768
f 2532//5769 3148//5769 3149//5769
f 2532//5770 2533//5770 3148//5770
f 2539//5771 3148//5771 2538//5771
f 2531//5772 2532//5772 3149//5772
f 2540//5773 3148//5773 2539//5773
f 2530//5774 2531//5774 3149//5774
f 2541//5775 3148//5775 2540//5775
f 2529//5776 2530//5776 3149//5776
f 2542//5777 3148//5777 2541//5777
f 2543//5778 3148//5778 2542//5778
f 2528//5779 2529//5779 3149//5779
f 2527//5780 2528//5780 3149//5780
f 2526//5781 2527//5781 3149//5781
f 2525//5782 2526//5782 3149//5782
f 2524//5783 2525//5783 3149//5783
f 2523//5784 2524//5784 3149//5784
f 2522//5785 2523//5785 3149//5785
f 2521//5786 2522//5786 3149//5786
f 2520//5787 2521//5787 3149//5787
f 2547//5788 3147//5788 3148//5788
f 2547//5789 3148//5789 2543//5789
f 3150//5790 2520//5790 3149//5790
f 3150//5791 2513//5791 2514//5791
f 3150//5792 2514//5792 2515//5792
f 3150//5793 2515//5793 2516//5793
f 3150//5794 2516//5794 2517//5794
f 3150//5795 2517//5795 2518//5795
f 3150//5796 2518//5796 2519//5796
f 3150//5797 2519//5797 2520//5797
f 2512//5798 2513//5798 3150//5798
f 2549//5799 2548//5799 2551//5799
f 2511//5800 2512//5800 3150//5800
f 2511//5801 3150//5801 3151//5801
f 2550//5802 2551//5802 2544//5802
f 2550//5803 2549//5803 2551//5803
f 2545//5804 2550//5804 2544//5804
f 2493//5805 2494//5805 3153//5805
f 2495//5806 3153//5806 2494//5806
f 2492//5807 2493//5807 3153//5807
f 2496//5808 3153//5808 2495//5808
f 2491//5809 2492//5809 3153//5809
f 2490//5810 2491//5810 3153//5810
f 2497//5811 3153//5811 2496//5811
f 2489//5812 2490//5812 3153//5812
f 2498//5813 3153//5813 2497//5813
f 2488//5814 2489//5814 3153//5814
f 2499//5815 3152//5815 3153//5815
f 2499//5816 3153//5816 2498//5816
f 2487//5817 2488//5817 3153//5817
f 2500//5818 3152//5818 2499//5818
f 2501//5819 3152//5819 2500//5819
f 2486//5820 2487//5820 3153//5820
f 2485//5821 2486//5821 3153//5821
f 3154//5822 2481//5822 2482//5822
f 3154//5823 2482//5823 2483//5823
f 3154//5824 2483//5824 2484//5824
f 3154//5825 2484//5825 2485//5825
f 3154//5826 2485//5826 3153//5826
f 2480//5827 2481//5827 3154//5827
f 2479//5828 2480//5828 3154//5828
f 2478//5829 2479//5829 3154//5829
f 2477//5830 2478//5830 3154//5830
f 2476//5831 2477//5831 3154//5831
f 2475//5832 2476//5832 3154//5832
f 2505//5833 3151//5833 3152//5833
f 2505//5834 3152//5834 2501//5834
f 2474//5835 2475//5835 3154//5835
f 2473//5836 2474//5836 3154//5836
f 2472//5837 2473//5837 3154//5837
f 2471//5838 2472//5838 3154//5838
f 2470//5839 2471//5839 3154//5839
f 3155//5840 2470//5840 3154//5840
f 2507//5841 2506//5841 2509//5841
f 2469//5842 2470//5842 3155//5842
f 2508//5843 2507//5843 2509//5843
f 2508//5844 2509//5844 2502//5844
f 2503//5845 2508//5845 2502//5845
f 2451//5846 2452//5846 3157//5846
f 2453//5847 3157//5847 2452//5847
f 2450//5848 2451//5848 3157//5848
f 2454//5849 3157//5849 2453//5849
f 2449//5850 2450//5850 3157//5850
f 2448//5851 2449//5851 3157//5851
f 2448//5852 3157//5852 3158//5852
f 2455//5853 3157//5853 2454//5853
f 2447//5854 2448//5854 3158//5854
f 2456//5855 3157//5855 2455//5855
f 2446//5856 2447//5856 3158//5856
f 2457//5857 3157//5857 2456//5857
f 2445//5858 2446//5858 3158//5858
f 2458//5859 3157//5859 2457//5859
f 2459//5860 3157//5860 2458//5860
f 2444//5861 2445//5861 3158//5861
f 2443//5862 2444//5862 3158//5862
f 2442//5863 2443//5863 3158//5863
f 2441//5864 2442//5864 3158//5864
f 2440//5865 2441//5865 3158//5865
f 2439//5866 2440//5866 3158//5866
f 2438//5867 2439//5867 3158//5867
f 2437//5868 2438//5868 3158//5868
f 2436//5869 2437//5869 3158//5869
f 2463//5870 3156//5870 3157//5870
f 2463//5871 3157//5871 2459//5871
f 3159//5872 2429//5872 2430//5872
f 3159//5873 2430//5873 2431//5873
f 3159//5874 2431//5874 2432//5874
f 3159//5875 2432//5875 2433//5875
f 3159//5876 2433//5876 2434//5876
f 3159//5877 2434//5877 2435//5877
f 3159//5878 2435//5878 2436//5878
f 3159//5879 2436//5879 3158//5879
f 2428//5880 2429//5880 3159//5880
f 2465//5881 2464//5881 2467//5881
f 2427//5882 2428//5882 3159//5882
f 2427//5883 3159//5883 3160//5883
f 2466//5884 2465//5884 2467//5884
f 2466//5885 2467//5885 2460//5885
f 2461//5886 2466//5886 2460//5886
f 2409//5887 2410//5887 3162//5887
f 2411//5888 3162//5888 2410//5888
f 2408//5889 2409//5889 3162//5889
f 2412//5890 3162//5890 2411//5890
f 2407//5891 2408//5891 3162//5891
f 2406//5892 2407//5892 3162//5892
f 2413//5893 3162//5893 2412//5893
f 2405//5894 2406//5894 3162//5894
f 2414//5895 3162//5895 2413//5895
f 2404//5896 2405//5896 3162//5896
f 2415//5897 3162//5897 2414//5897
f 2415//5898 3161//5898 3162//5898
f 2403//5899 2404//5899 3162//5899
f 2416//5900 3161//5900 2415//5900
f 2417//5901 3161//5901 2416//5901
f 2402//5902 2403//5902 3162//5902
f 2401//5903 2402//5903 3162//5903
f 3163//5904 2401//5904 3162//5904
f 3163//5905 2398//5905 2399//5905
f 3163//5906 2399//5906 2400//5906
f 3163//5907 2400//5907 2401//5907
f 2397//5908 2398//5908 3163//5908
f 2396//5909 2397//5909 3163//5909
f 2395//5910 2396//5910 3163//5910
f 2394//5911 2395//5911 3163//5911
f 2393//5912 2394//5912 3163//5912
f 2392//5913 2393//5913 3163//5913
f 2391//5914 2392//5914 3163//5914
f 2421//5915 3161//5915 2417//5915
f 2390//5916 2391//5916 3163//5916
f 2389//5917 2390//5917 3163//5917
f 2388//5918 2389//5918 3163//5918
f 2387//5919 2388//5919 3163//5919
f 2386//5920 2387//5920 3163//5920
f 3164//5921 2386//5921 3163//5921
f 2423//5922 2422//5922 2425//5922
f 2385//5923 2386//5923 3164//5923
f 2424//5924 2425//5924 2418//5924
f 2424//5925 2423//5925 2425//5925
f 2419//5926 2424//5926 2418//5926
f 2367//5927 2368//5927 3166//5927
f 2369//5928 3166//5928 2368//5928
f 2366//5929 2367//5929 3166//5929
f 2370//5930 3166//5930 2369//5930
f 2365//5931 2366//5931 3166//5931
f 2365//5932 3166//5932 3167//5932
f 2364//5933 2365//5933 3167//5933
f 2371//5934 3166//5934 2370//5934
f 2363//5935 2364//5935 3167//5935
f 2372//5936 3166//5936 2371//5936
f 2362//5937 2363//5937 3167//5937
f 2373//5938 3166//5938 2372//5938
f 2361//5939 2362//5939 3167//5939
f 2374//5940 3166//5940 2373//5940
f 2375//5941 3166//5941 2374//5941
f 2360//5942 2361//5942 3167//5942
f 2359//5943 2360//5943 3167//5943
f 2358//5944 2359//5944 3167//5944
f 2357//5945 2358//5945 3167//5945
f 2356//5946 2357//5946 3167//5946
f 2355//5947 2356//5947 3167//5947
f 2354//5948 2355//5948 3167//5948
f 2353//5949 2354//5949 3167//5949
f 2379//5950 3166//5950 2375//5950
f 2379//5951 3165//5951 3166//5951
f 3168//5952 2346//5952 2347//5952
f 3168//5953 2347//5953 2348//5953
f 3168//5954 2348//5954 2349//5954
f 3168//5955 2349//5955 2350//5955
f 3168//5956 2350//5956 2351//5956
f 3168//5957 2351//5957 2352//5957
f 3168//5958 2352//5958 2353//5958
f 3168//5959 2353//5959 3167//5959
f 2345//5960 2346//5960 3168//5960
f 2344//5961 2345//5961 3168//5961
f 2381//5962 2380//5962 2383//5962
f 2343//5963 3168//5963 3169//5963
f 2343//5964 2344//5964 3168//5964
f 2382//5965 2381//5965 2383//5965
f 2382//5966 2383//5966 2376//5966
f 2377//5967 2382//5967 2376//5967
f 2325//5968 2326//5968 3171//5968
f 2327//5969 3171//5969 2326//5969
f 2324//5970 2325//5970 3171//5970
f 2328//5971 3171//5971 2327//5971
f 2323//5972 2324//5972 3171//5972
f 2322//5973 2323//5973 3171//5973
f 2329//5974 3171//5974 2328//5974
f 2321//5975 2322//5975 3171//5975
f 2330//5976 3171//5976 2329//5976
f 2320//5977 2321//5977 3171//5977
f 2331//5978 3171//5978 2330//5978
f 2319//5979 2320//5979 3171//5979
f 2332//5980 3171//5980 2331//5980
f 2332//5981 3170//5981 3171//5981
f 2333//5982 3170//5982 2332//5982
f 2318//5983 2319//5983 3171//5983
f 2317//5984 2318//5984 3171//5984
f 3172//5985 2317//5985 3171//5985
f 3172//5986 2315//5986 2316//5986
f 3172//5987 2316//5987 2317//5987
f 2314//5988 2315//5988 3172//5988
f 2313//5989 2314//5989 3172//5989
f 2312//5990 2313//5990 3172//5990
f 2311//5991 2312//5991 3172//5991
f 2310//5992 2311//5992 3172//5992
f 2309//5993 2310//5993 3172//5993
f 2308//5994 2309//5994 3172//5994
f 2307//5995 2308//5995 3172//5995
f 2337//5996 3170//5996 2333//5996
f 2306//5997 2307//5997 3172//5997
f 2305//5998 2306//5998 3172//5998
f 2304//5999 2305//5999 3172//5999
f 2303//6000 2304//6000 3172//6000
f 3173//6001 2302//6001 2303//6001
f 3173//6002 2303//6002 3172//6002
f 2339//6003 2338//6003 2341//6003
f 2301//6004 2302//6004 3173//6004
f 2340//6005 2339//6005 2341//6005
f 2340//6006 2341//6006 2334//6006
f 2335//6007 2340//6007 2334//6007
f 2283//6008 2284//6008 3175//6008
f 2285//6009 3175//6009 2284//6009
f 2282//6010 2283//6010 3175//6010
f 2282//6011 3175//6011 3176//6011
f 2286//6012 3175//6012 2285//6012
f 2281//6013 2282//6013 3176//6013
f 2280//6014 2281//6014 3176//6014
f 2287//6015 3175//6015 2286//6015
f 2279//6016 2280//6016 3176//6016
f 2288//6017 3175//6017 2287//6017
f 2278//6018 2279//6018 3176//6018
f 2289//6019 3175//6019 2288//6019
f 2277//6020 2278//6020 3176//6020
f 2290//6021 3175//6021 2289//6021
f 2291//6022 3175//6022 2290//6022
f 2276//6023 2277//6023 3176//6023
f 2275//6024 2276//6024 3176//6024
f 2274//6025 2275//6025 3176//6025
f 2273//6026 2274//6026 3176//6026
f 2272//6027 2273//6027 3176//6027
f 2271//6028 2272//6028 3176//6028
f 2270//6029 2271//6029 3176//6029
f 2295//6030 3175//6030 2291//6030
f 2295//6031 3174//6031 3175//6031
f 3177//6032 2263//6032 2264//6032
f 3177//6033 2264//6033 2265//6033
f 3177//6034 2265//6034 2266//6034
f 3177//6035 2266//6035 2267//6035
f 3177//6036 2267//6036 2268//6036
f 3177//6037 2268//6037 2269//6037
f 3177//6038 2269//6038 2270//6038
f 3177//6039 2270//6039 3176//6039
f 2262//6040 2263//6040 3177//6040
f 2261//6041 2262//6041 3177//6041
f 2260//6042 2261//6042 3177//6042
f 2297//6043 2296//6043 2299//6043
f 2259//6044 2260//6044 3177//6044
f 2259//6045 3177//6045 3178//6045
f 2298//6046 2299//6046 2292//6046
f 2298//6047 2297//6047 2299//6047
f 2293//6048 2298//6048 2292//6048
f 2241//6049 2242//6049 3180//6049
f 2243//6050 3180//6050 2242//6050
f 2240//6051 2241//6051 3180//6051
f 2244//6052 3180//6052 2243//6052
f 2239//6053 2240//6053 3180//6053
f 2238//6054 2239//6054 3180//6054
f 2245//6055 3180//6055 2244//6055
f 2237//6056 2238//6056 3180//6056
f 2246//6057 3180//6057 2245//6057
f 2236//6058 2237//6058 3180//6058
f 2247//6059 3180//6059 2246//6059
f 2235//6060 2236//6060 3180//6060
f 2248//6061 3180//6061 2247//6061
f 2248//6062 3179//6062 3180//6062
f 2249//6063 3179//6063 2248//6063
f 2234//6064 2235//6064 3180//6064
f 3181//6065 2231//6065 2232//6065
f 3181//6066 2232//6066 2233//6066
f 3181//6067 2233//6067 2234//6067
f 3181//6068 2234//6068 3180//6068
f 2230//6069 2231//6069 3181//6069
f 2229//6070 2230//6070 3181//6070
f 2228//6071 2229//6071 3181//6071
f 2227//6072 2228//6072 3181//6072
f 2226//6073 2227//6073 3181//6073
f 2225//6074 2226//6074 3181//6074
f 2224//6075 2225//6075 3181//6075
f 2223//6076 2224//6076 3181//6076
f 2253//6077 3179//6077 2249//6077
f 2222//6078 2223//6078 3181//6078
f 2221//6079 2222//6079 3181//6079
f 2220//6080 2221//6080 3181//6080
f 2219//6081 2220//6081 3181//6081
f 3182//6082 2219//6082 3181//6082
f 3182//6083 2218//6083 2219//6083
f 2255//6084 2254//6084 2257//6084
f 2217//6085 2218//6085 3182//6085
f 2256//6086 2255//6086 2257//6086
f 2256//6087 2257//6087 2250//6087
f 2251//6088 2256//6088 2250//6088
f 2199//6089 2200//6089 3184//6089
f 2199//6090 3184//6090 3185//6090
f 2201//6091 3184//6091 2200//6091
f 2198//6092 2199//6092 3185//6092
f 2202//6093 3184//6093 2201//6093
f 2197//6094 2198//6094 3185//6094
f 2196//6095 2197//6095 3185//6095
f 2203//6096 3184//6096 2202//6096
f 2195//6097 2196//6097 3185//6097
f 2204//6098 3184//6098 2203//6098
f 2194//6099 2195//6099 3185//6099
f 2205//6100 3184//6100 2204//6100
f 2193//6101 2194//6101 3185//6101
f 2206//6102 3184//6102 2205//6102
f 2207//6103 3184//6103 2206//6103
f 2192//6104 2193//6104 3185//6104
f 2191//6105 2192//6105 3185//6105
f 2190//6106 2191//6106 3185//6106
f 2189//6107 2190//6107 3185//6107
f 2188//6108 2189//6108 3185//6108
f 2187//6109 2188//6109 3185//6109
f 2211//6110 3184//6110 2207//6110
f 2211//6111 3183//6111 3184//6111
f 3186//6112 2187//6112 3185//6112
f 3186//6113 2179//6113 2180//6113
f 3186//6114 2180//6114 2181//6114
f 3186//6115 2181//6115 2182//6115
f 3186//6116 2182//6116 2183//6116
f 3186//6117 2183//6117 2184//6117
f 3186//6118 2184//6118 2185//6118
f 3186//6119 2185//6119 2186//6119
f 3186//6120 2186//6120 2187//6120
f 2178//6121 2179//6121 3186//6121
f 2177//6122 2178//6122 3186//6122
f 2176//6123 2177//6123 3186//6123
f 2213//6124 2212//6124 2215//6124
f 2175//6125 2176//6125 3186//6125
f 2175//6126 3186//6126 3187//6126
f 2214//6127 2213//6127 2215//6127
f 2214//6128 2215//6128 2208//6128
f 2209//6129 2214//6129 2208//6129
f 2157//6130 2158//6130 3189//6130
f 2159//6131 3189//6131 2158//6131
f 2156//6132 2157//6132 3189//6132
f 2160//6133 3189//6133 2159//6133
f 2155//6134 2156//6134 3189//6134
f 2154//6135 2155//6135 3189//6135
f 2161//6136 3189//6136 2160//6136
f 2153//6137 2154//6137 3189//6137
f 2162//6138 3189//6138 2161//6138
f 2152//6139 2153//6139 3189//6139
f 2163//6140 3189//6140 2162//6140
f 2151//6141 2152//6141 3189//6141
f 2164//6142 3189//6142 2163//6142
f 2165//6143 3189//6143 2164//6143
f 2165//6144 3188//6144 3189//6144
f 2150//6145 2151//6145 3189//6145
f 3190//6146 2150//6146 3189//6146
f 3190//6147 2148//6147 2149//6147
f 3190//6148 2149//6148 2150//6148
f 2147//6149 2148//6149 3190//6149
f 2146//6150 2147//6150 3190//6150
f 2145//6151 2146//6151 3190//6151
f 2144//6152 2145//6152 3190//6152
f 2143//6153 2144//6153 3190//6153
f 2142//6154 2143//6154 3190//6154
f 2141//6155 2142//6155 3190//6155
f 2140//6156 2141//6156 3190//6156
f 2139//6157 2140//6157 3190//6157
f 2169//6158 3188//6158 2165//6158
f 2138//6159 2139//6159 3190//6159
f 2137//6160 2138//6160 3190//6160
f 2136//6161 2137//6161 3190//6161
f 3191//6162 2134//6162 2135//6162
f 3191//6163 2135//6163 2136//6163
f 3191//6164 2136//6164 3190//6164
f 2171//6165 2170//6165 2173//6165
f 2133//6166 2134//6166 3191//6166
f 2172//6167 2171//6167 2173//6167
f 2172//6168 2173//6168 2166//6168
f 2167//6169 2172//6169 2166//6169
f 2116//6170 3193//6170 3194//6170
f 2115//6171 2116//6171 3194//6171
f 2117//6172 3193//6172 2116//6172
f 2114//6173 2115//6173 3194//6173
f 2118//6174 3193//6174 2117//6174
f 2113//6175 2114//6175 3194//6175
f 2112//6176 2113//6176 3194//6176
f 2119//6177 3193//6177 2118//6177
f 2111//6178 2112//6178 3194//6178
f 2120//6179 3193//6179 2119//6179
f 2110//6180 2111//6180 3194//6180
f 2121//6181 3193//6181 2120//6181
f 2109//6182 2110//6182 3194//6182
f 2122//6183 3193//6183 2121//6183
f 2123//6184 3193//6184 2122//6184
f 2108//6185 2109//6185 3194//6185
f 2107//6186 2108//6186 3194//6186
f 2106//6187 2107//6187 3194//6187
f 2105//6188 2106//6188 3194//6188
f 2104//6189 2105//6189 3194//6189
f 2127//6190 3192//6190 3193//6190
f 2127//6191 3193//6191 2123//6191
f 3195//6192 2104//6192 3194//6192
f 3195//6193 2096//6193 2097//6193
f 3195//6194 2097//6194 2098//6194
f 3195//6195 2098//6195 2099//6195
f 3195//6196 2099//6196 2100//6196
f 3195//6197 2100//6197 2101//6197
f 3195//6198 2101//6198 2102//6198
f 3195//6199 2102//6199 2103//6199
f 3195//6200 2103//6200 2104//6200
f 2095//6201 2096//6201 3195//6201
f 2094//6202 2095//6202 3195//6202
f 2093//6203 2094//6203 3195//6203
f 2092//6204 2093//6204 3195//6204
f 2129//6205 2128//6205 2131//6205
f 2091//6206 3195//6206 3196//6206
f 2091//6207 2092//6207 3195//6207
f 2130//6208 2131//6208 2124//6208
f 2130//6209 2129//6209 2131//6209
f 2125//6210 2130//6210 2124//6210
f 2073//6211 2074//6211 3198//6211
f 2075//6212 3198//6212 2074//6212
f 2072//6213 2073//6213 3198//6213
f 2076//6214 3198//6214 2075//6214
f 2071//6215 2072//6215 3198//6215
f 2070//6216 2071//6216 3198//6216
f 2077//6217 3198//6217 2076//6217
f 2069//6218 2070//6218 3198//6218
f 2078//6219 3198//6219 2077//6219
f 2068//6220 2069//6220 3198//6220
f 2079//6221 3198//6221 2078//6221
f 2067//6222 2068//6222 3198//6222
f 2080//6223 3198//6223 2079//6223
f 2081//6224 3197//6224 3198//6224
f 2081//6225 3198//6225 2080//6225
f 2066//6226 2067//6226 3198//6226
f 3199//6227 2066//6227 3198//6227
f 3199//6228 2065//6228 2066//6228
f 2064//6229 2065//6229 3199//6229
f 2063//6230 2064//6230 3199//6230
f 2062//6231 2063//6231 3199//6231
f 2061//6232 2062//6232 3199//6232
f 2060//6233 2061//6233 3199//6233
f 2059//6234 2060//6234 3199//6234
f 2058//6235 2059//6235 3199//6235
f 2057//6236 2058//6236 3199//6236
f 2056//6237 2057//6237 3199//6237
f 2055//6238 2056//6238 3199//6238
f 2085//6239 3197//6239 2081//6239
f 2054//6240 2055//6240 3199//6240
f 2053//6241 2054//6241 3199//6241
f 3200//6242 2050//6242 2051//6242
f 3200//6243 2051//6243 2052//6243
f 3200//6244 2052//6244 2053//6244
f 3200//6245 2053//6245 3199//6245
f 2087//6246 2086//6246 2089//6246
f 2049//6247 2050//6247 3200//6247
f 2088//6248 2089//6248 2082//6248
f 2088//6249 2087//6249 2089//6249
f 2083//6250 2088//6250 2082//6250
f 3202//6251 3201//6251 3090//6251
f 2045//6252 2044//6252 2047//6252
f 2037//6253 2046//6253 2045//6253
f 2037//6254 2045//6254 2047//6254
f 2037//6255 2047//6255 2038//6255
f 2035//6256 2046//6256 2037//6256
f 2036//6257 2046//6257 2035//6257
f 3203//6258 3092//6258 3093//6258
f 3203//6259 3050//6259 3048//6259
f 3203//6260 3051//6260 3050//6260
f 3203//6261 3055//6261 3056//6261
f 3203//6262 3056//6262 3057//6262
f 3203//6263 3057//6263 3092//6263
f 3203//6264 3048//6264 3055//6264
f 3203//6265 3093//6265 3051//6265
f 3204//6266 3096//6266 3097//6266
f 3204//6267 3006//6267 3013//6267
f 3204//6268 3015//6268 3096//6268
f 3204//6269 3097//6269 3009//6269
f 3204//6270 3008//6270 3006//6270
f 3204//6271 3009//6271 3008//6271
f 3204//6272 3013//6272 3014//6272
f 3204//6273 3014//6273 3015//6273
f 3205//6274 3101//6274 3102//6274
f 3205//6275 2964//6275 2971//6275
f 3205//6276 2973//6276 3101//6276
f 3205//6277 2966//6277 2964//6277
f 3205//6278 2967//6278 2966//6278
f 3205//6279 2971//6279 2972//6279
f 3205//6280 2972//6280 2973//6280
f 3205//6281 3102//6281 2967//6281
f 3206//6282 2931//6282 3106//6282
f 3206//6283 2929//6283 2930//6283
f 3206//6284 2930//6284 2931//6284
f 3207//6285 2929//6285 3206//6285
f 3207//6286 2922//6286 2929//6286
f 3207//6287 3106//6287 2925//6287
f 3207//6288 2924//6288 2922//6288
f 3207//6289 2925//6289 2924//6289
f 3207//6290 3206//6290 3106//6290
f 3208//6291 2889//6291 3110//6291
f 3208//6292 3111//6292 2883//6292
f 3208//6293 3110//6293 3111//6293
f 3208//6294 2882//6294 2880//6294
f 3208//6295 2883//6295 2882//6295
f 3208//6296 2887//6296 2888//6296
f 3208//6297 2888//6297 2889//6297
f 3208//6298 2880//6298 2887//6298
f 3209//6299 2847//6299 3114//6299
f 3209//6300 2840//6300 2838//6300
f 3209//6301 2841//6301 2840//6301
f 3209//6302 3115//6302 2841//6302
f 3209//6303 2845//6303 2846//6303
f 3209//6304 2846//6304 2847//6304
f 3209//6305 3114//6305 3115//6305
f 3209//6306 2838//6306 2845//6306
f 3210//6307 3119//6307 3120//6307
f 3210//6308 3120//6308 2799//6308
f 3210//6309 2798//6309 2796//6309
f 3210//6310 2799//6310 2798//6310
f 3210//6311 2796//6311 2803//6311
f 3210//6312 2803//6312 2804//6312
f 3210//6313 2804//6313 2805//6313
f 3210//6314 2805//6314 3119//6314
f 3211//6315 2756//6315 2754//6315
f 3211//6316 2757//6316 2756//6316
f 3211//6317 2761//6317 2762//6317
f 3211//6318 2762//6318 2763//6318
f 3211//6319 3124//6319 3125//6319
f 3211//6320 3125//6320 2757//6320
f 3211//6321 2754//6321 2761//6321
f 3211//6322 2763//6322 3124//6322
f 3212//6323 3128//6323 3129//6323
f 3212//6324 3129//6324 2715//6324
f 3212//6325 2712//6325 2719//6325
f 3212//6326 2721//6326 3128//6326
f 3212//6327 2714//6327 2712//6327
f 3212//6328 2715//6328 2714//6328
f 3212//6329 2719//6329 2720//6329
f 3212//6330 2720//6330 2721//6330
f 3213//6331 2672//6331 2670//6331
f 3213//6332 2673//6332 2672//6332
f 3213//6333 2677//6333 2678//6333
f 3213//6334 2678//6334 2679//6334
f 3213//6335 2670//6335 2677//6335
f 3213//6336 3133//6336 2673//6336
f 3213//6337 2679//6337 3133//6337
f 3214//6338 2635//6338 2636//6338
f 3214//6339 2636//6339 2637//6339
f 3214//6340 3137//6340 3138//6340
f 3214//6341 2637//6341 3137//6341
f 3215//6342 2635//6342 3214//6342
f 3215//6343 2628//6343 2635//6343
f 3215//6344 3138//6344 2631//6344
f 3215//6345 3214//6345 3138//6345
f 3215//6346 2630//6346 2628//6346
f 3215//6347 2631//6347 2630//6347
f 3216//6348 2586//6348 2593//6348
f 3216//6349 3142//6349 3143//6349
f 3216//6350 2595//6350 3142//6350
f 3216//6351 2588//6351 2586//6351
f 3216//6352 2589//6352 2588//6352
f 3216//6353 2593//6353 2594//6353
f 3216//6354 2594//6354 2595//6354
f 3216//6355 3143//6355 2589//6355
f 3217//6356 2546//6356 2544//6356
f 3217//6357 2547//6357 2546//6357
f 3217//6358 3147//6358 2547//6358
f 3217//6359 2551//6359 2552//6359
f 3217//6360 2552//6360 2553//6360
f 3217//6361 2544//6361 2551//6361
f 3217//6362 2553//6362 3146//6362
f 3217//6363 3146//6363 3147//6363
f 3218//6364 3151//6364 2505//6364
f 3218//6365 2502//6365 2509//6365
f 3218//6366 2511//6366 3151//6366
f 3218//6367 2504//6367 2502//6367
f 3218//6368 2505//6368 2504//6368
f 3218//6369 2509//6369 2510//6369
f 3218//6370 2510//6370 2511//6370
f 3219//6371 2469//6371 3155//6371
f 3219//6372 2460//6372 2467//6372
f 3219//6373 2462//6373 2460//6373
f 3219//6374 2463//6374 2462//6374
f 3219//6375 2467//6375 2468//6375
f 3219//6376 2468//6376 2469//6376
f 3219//6377 3156//6377 2463//6377
f 3219//6378 3155//6378 3156//6378
f 3220//6379 2418//6379 2425//6379
f 3220//6380 2427//6380 3160//6380
f 3220//6381 3161//6381 2421//6381
f 3220//6382 3160//6382 3161//6382
f 3220//6383 2420//6383 2418//6383
f 3220//6384 2421//6384 2420//6384
f 3220//6385 2425//6385 2426//6385
f 3220//6386 2426//6386 2427//6386
f 3221//6387 2385//6387 3164//6387
f 3221//6388 2376//6388 2383//6388
f 3221//6389 2378//6389 2376//6389
f 3221//6390 2379//6390 2378//6390
f 3221//6391 2383//6391 2384//6391
f 3221//6392 2384//6392 2385//6392
f 3221//6393 3164//6393 3165//6393
f 3221//6394 3165//6394 2379//6394
f 3222//6395 2341//6395 2342//6395
f 3222//6396 2342//6396 2343//6396
f 3222//6397 2343//6397 3169//6397
f 3222//6398 2334//6398 2341//6398
f 3223//6399 2336//6399 2334//6399
f 3223//6400 2337//6400 2336//6400
f 3223//6401 2334//6401 3222//6401
f 3223//6402 3222//6402 3169//6402
f 3223//6403 3170//6403 2337//6403
f 3223//6404 3169//6404 3170//6404
f 3224//6405 2301//6405 3173//6405
f 3224//6406 2294//6406 2292//6406
f 3224//6407 2295//6407 2294//6407
f 3224//6408 3174//6408 2295//6408
f 3224//6409 2299//6409 2300//6409
f 3224//6410 2300//6410 2301//6410
f 3224//6411 3173//6411 3174//6411
f 3224//6412 2292//6412 2299//6412
f 3225//6413 2252//6413 2250//6413
f 3225//6414 2253//6414 2252//6414
f 3225//6415 2257//6415 2258//6415
f 3225//6416 2258//6416 2259//6416
f 3225//6417 3179//6417 2253//6417
f 3225//6418 2250//6418 2257//6418
f 3225//6419 3178//6419 3179//6419
f 3225//6420 2259//6420 3178//6420
f 3226//6421 3183//6421 2211//6421
f 3226//6422 2208//6422 2215//6422
f 3226//6423 2210//6423 2208//6423
f 3226//6424 2211//6424 2210//6424
f 3226//6425 2217//6425 3182//6425
f 3226//6426 2215//6426 2216//6426
f 3226//6427 2216//6427 2217//6427
f 3226//6428 3182//6428 3183//6428
f 3227//6429 2173//6429 2174//6429
f 3227//6430 2174//6430 2175//6430
f 3227//6431 2175//6431 3187//6431
f 3228//6432 3188//6432 2169//6432
f 3228//6433 2168//6433 2166//6433
f 3228//6434 2169//6434 2168//6434
f 3228//6435 3227//6435 3187//6435
f 3228//6436 2173//6436 3227//6436
f 3228//6437 2166//6437 2173//6437
f 3228//6438 3187//6438 3188//6438
f 3229//6439 2127//6439 2126//6439
f 3229//6440 3191//6440 3192//6440
f 3229//6441 2131//6441 2132//6441
f 3229//6442 2132//6442 2133//6442
f 3229//6443 3192//6443 2127//6443
f 3229//6444 2124//6444 2131//6444
f 3229//6445 2133//6445 3191//6445
f 3229//6446 2126//6446 2124//6446
f 3230//6447 3197//6447 2085//6447
f 3230//6448 3196//6448 3197//6448
f 3230//6449 2091//6449 3196//6449
f 3230//6450 2084//6450 2082//6450
f 3230//6451 2085//6451 2084//6451
f 3230//6452 2082//6452 2089//6452
f 3230//6453 2089//6453 2090//6453
f 3230//6454 2090//6454 2091//6454
f 3231//6455 3200//6455 3201//6455
f 3231//6456 3202//6456 2039//6456
f 3231//6457 2039//6457 2038//6457
f 3231//6458 2047//6458 2048//6458
f 3231//6459 2048//6459 2049//6459
f 3231//6460 2049//6460 3200//6460
f 3231//6461 3201//6461 3202//6461
f 3231//6462 2038//6462 2047//6462
