# Created by FreeCAD <https://www.freecad.org>
v -40.845043 -0.801966 72.508430
v -40.847183 -0.054280 72.489822
v -0.923022 -0.001227 70.028427
v -1.909128 -0.993858 70.122154
v -40.840614 -1.547790 72.564217
v -2.886886 -1.982144 70.280945
v -40.833904 -2.289898 72.657043
v -3.852021 -2.961763 70.504082
v -40.824932 -3.026445 72.786667
v -40.813725 -3.755599 72.952782
v -4.800314 -3.928432 70.790604
v -40.800301 -4.475549 73.154968
v -5.727618 -4.877925 71.139259
v -40.784702 -5.184503 73.392715
v -6.629879 -5.806089 71.548515
v -40.766964 -5.880700 73.665443
v -40.747128 -6.562408 73.972473
v -7.417238 -6.619845 71.967194
v -40.725246 -7.227933 74.313034
v -8.103477 -7.332259 72.383514
v -40.701374 -7.875621 74.686287
v -8.766466 -8.023636 72.836029
v -40.675571 -8.503860 75.091301
v -9.404304 -8.691992 73.323448
v -40.647896 -9.111089 75.527069
v -10.015160 -9.335410 73.844368
v -40.618427 -9.695798 75.992500
v -10.597281 -9.952044 74.397293
v -40.587227 -10.256534 76.486450
v -11.148997 -10.540124 74.980644
v -40.554382 -10.791903 77.007690
v -11.618237 -11.043587 75.530281
v -40.519966 -11.300573 77.554916
v -12.017495 -11.474792 76.043808
v -40.484074 -11.781280 78.126770
v -12.394130 -11.884394 76.574203
v -40.446785 -12.232829 78.721832
v -12.747431 -12.271623 77.120453
v -40.408199 -12.654096 79.338623
v -13.076735 -12.635750 77.681541
v -13.381422 -12.976089 78.256401
v -40.368412 -13.044036 79.975609
v -13.660916 -13.291999 78.843964
v -40.327518 -13.401677 80.631203
v -13.890487 -13.554940 79.382706
v -40.285622 -13.726132 81.303780
v -14.079000 -13.773925 79.874924
v -40.242825 -14.016595 81.991661
v -14.250121 -13.975896 80.373474
v -14.403641 -14.160604 80.877731
v -40.199238 -14.272342 82.693146
v -14.539369 -14.327819 81.387085
v -40.154964 -14.492736 83.406487
v -14.657138 -14.477338 81.900902
v -14.756801 -14.608973 82.418549
v -40.110123 -14.677232 84.129906
v -14.838238 -14.722563 82.939384
v -40.064812 -14.825370 84.861610
v -14.901344 -14.817966 83.462761
v -40.019157 -14.936780 85.599770
v -14.946046 -14.895067 83.988045
v -14.972285 -14.953771 84.514572
v -39.973263 -15.011189 86.342567
v -14.980031 -14.994001 85.041695
v -39.927246 -15.048408 87.088142
v -14.972298 -15.013428 85.482567
v -14.951628 -15.019881 85.923019
v -39.881226 -15.048347 87.834648
v -14.911139 -15.010990 86.436340
v -39.835308 -15.011005 88.580223
v -14.853077 -14.984409 86.947975
v -14.777513 -14.940171 87.457306
v -39.789612 -14.936475 89.323013
v -14.684535 -14.878327 87.963745
v -39.744251 -14.824944 90.061180
v -14.574253 -14.798951 88.466690
v -14.446796 -14.702136 88.965546
v -39.699337 -14.676685 90.792885
v -14.302317 -14.587996 89.459732
v -39.654984 -14.492071 91.516304
v -14.140983 -14.456665 89.948669
v -13.962985 -14.308299 90.431763
v -39.611298 -14.271560 92.229637
v -13.768533 -14.143072 90.908463
v -39.568390 -14.015698 92.931122
v -13.557856 -13.961178 91.378204
v -13.331203 -13.762834 91.840424
v -39.526367 -13.725123 93.619011
v -13.088840 -13.548270 92.294586
v -39.485332 -13.400558 94.291588
v -12.831055 -13.317742 92.740150
v -12.558148 -13.071521 93.176590
v -39.445389 -13.042809 94.947182
v -12.270443 -12.809895 93.603401
v -39.406635 -12.652765 95.584167
v -11.968279 -12.533175 94.020065
v -39.369171 -12.231397 96.200958
v -11.652012 -12.241685 94.426109
v -11.322013 -11.935770 94.821037
v -39.333084 -11.779750 96.796021
v -10.978673 -11.615789 95.204399
v -39.298466 -11.298950 97.367874
v -10.622396 -11.282123 95.575737
v -10.253601 -10.935159 95.934608
v -39.265404 -10.790190 97.915100
v -9.872724 -10.575310 96.280594
v -39.233982 -10.254736 98.436333
v -9.480212 -10.202999 96.613289
v -9.076530 -9.818666 96.932297
v -39.204273 -9.693919 98.930283
v -8.662150 -9.422761 97.237244
v -39.176357 -9.109133 99.395721
v -8.237564 -9.015754 97.527771
v -7.803271 -8.598122 97.803543
v -39.150295 -8.501833 99.831490
v -7.359783 -8.170358 98.064217
v -39.126163 -7.873528 100.236504
v -6.907621 -7.732965 98.309502
v -39.104012 -7.225779 100.609756
v -6.447320 -7.286461 98.539101
v -5.821863 -6.677858 98.820366
v -39.083900 -6.560198 100.950317
v -5.103711 -5.976523 99.102165
v -39.065876 -5.878439 101.257347
v -4.372029 -5.259345 99.346573
v -39.049988 -5.182198 101.530075
v -3.628757 -4.528223 99.552956
v -39.036274 -4.473205 101.767822
v -2.875864 -3.785096 99.720749
v -39.024765 -3.753222 101.970009
v -2.115348 -3.031935 99.849518
v -39.015491 -3.024040 102.136116
v -1.349223 -2.270736 99.938927
v -39.008480 -2.287472 102.265747
v -39.003742 -1.545349 102.358574
v -0.579522 -1.503518 99.988724
v -39.001293 -0.799516 102.414360
v 0.171966 -0.752092 99.999023
v -39.001141 -0.051826 102.432968
v 0.923022 0.001227 99.971573
v -39.003281 0.695860 102.414360
v -0.069754 0.991229 99.999847
v -39.007713 1.441684 102.358574
v -1.062225 1.976896 99.962524
v -39.014420 2.183792 102.265747
v -2.050052 2.953921 99.859787
v -39.023392 2.920339 102.136116
v -39.034599 3.649493 101.970009
v -3.028914 3.918029 99.692078
v -39.048023 4.369443 101.767822
v -3.994534 4.865006 99.460129
v -39.063622 5.078397 101.530075
v -4.942687 5.790711 99.164955
v -39.081364 5.774594 101.257347
v -39.101196 6.456302 100.950317
v -5.777664 6.602311 98.846298
v -39.123077 7.121828 100.609756
v -6.511729 7.312838 98.517540
v -39.146950 7.769515 100.236504
v -7.227112 8.002382 98.150002
v -39.172752 8.397754 99.831490
v -7.921759 8.668968 97.744736
v -39.200428 9.004983 99.395721
v -8.593678 9.310681 97.302902
v -39.229900 9.589692 98.930283
v -9.240941 9.925682 96.825768
v -39.261097 10.150428 98.436333
v -9.861691 10.512204 96.314705
v -39.293941 10.685797 97.915100
v -10.396222 11.014333 95.826950
v -39.328358 11.194468 97.367874
v -10.856678 11.444395 95.366425
v -39.364250 11.675174 96.796021
v -11.296695 11.852912 94.886383
v -39.401539 12.126722 96.200958
v -11.715445 12.239115 94.387726
v -39.440125 12.547990 95.584167
v -12.112140 12.602278 93.871399
v -12.486033 12.941715 93.338371
v -39.479912 12.937930 94.947182
v -12.836419 13.256788 92.789642
v -39.520805 13.295571 94.291588
v -13.131124 13.519033 92.283226
v -39.562702 13.620027 93.619011
v -13.379251 13.737437 91.817924
v -39.605499 13.910489 92.931122
v -13.610850 13.938873 91.344208
v -13.825638 14.123092 90.862648
v -39.649086 14.166235 92.229637
v -14.023347 14.289864 90.373856
v -39.693359 14.386630 91.516304
v -14.203735 14.438986 89.878418
v -14.366577 14.570271 89.376953
v -39.738205 14.571126 90.792885
v -14.511676 14.683561 88.870087
v -39.783512 14.719264 90.061180
v -14.638846 14.778712 88.358437
v -39.829166 14.830674 89.323013
v -14.747936 14.855609 87.842644
v -14.838810 14.914157 87.323334
v -39.875061 14.905083 88.580223
v -14.911353 14.954280 86.801155
v -39.921078 14.942302 87.834648
v -14.957886 14.973656 86.362679
v -14.991493 14.980092 85.923019
v -39.967102 14.942241 87.088142
v -15.014341 14.971224 85.408615
v -40.013016 14.904900 86.342567
v -15.019496 14.944714 84.893723
v -15.006952 14.900592 84.378960
v -40.058712 14.830369 85.599770
v -14.976724 14.838912 83.864922
v -40.104073 14.718838 84.861610
v -14.928847 14.759747 83.352226
v -14.863378 14.663187 82.841476
v -40.148987 14.570580 84.129906
v -14.780395 14.549350 82.333267
v -40.193340 14.385965 83.406487
v -14.679994 14.418366 81.828194
v -14.562294 14.270393 81.326866
v -40.237026 14.165454 82.693146
v -14.427434 14.105604 80.829865
v -40.279934 13.909593 81.991661
v -14.275573 13.924191 80.337776
v -14.106890 13.726373 79.851181
v -40.321957 13.619018 81.303780
v -13.921583 13.512378 79.370659
v -40.362991 13.294453 80.631203
v -13.719871 13.282460 78.896767
v -13.501991 13.036891 78.430061
v -40.402935 12.936704 79.975609
v -13.268201 12.775958 77.971107
v -40.441689 12.546659 79.338623
v -13.018776 12.499970 77.520432
v -40.479153 12.125291 78.721832
v -12.754009 12.209253 77.078568
v -12.474214 11.904149 76.646042
v -40.515240 11.673644 78.126770
v -12.179718 11.585016 76.223358
v -40.549858 11.192844 77.554916
v -11.870871 11.252233 75.811012
v -11.548034 10.906188 75.409500
v -40.582920 10.684084 77.007690
v -11.211589 10.547293 75.019287
v -40.614342 10.148630 76.486450
v -10.861932 10.175967 74.640839
v -10.499476 9.792652 74.274597
v -40.644051 9.587813 75.992500
v -10.124648 9.397797 73.920990
v -40.671967 9.003027 75.527069
v -9.737888 8.991867 73.580444
v -9.339654 8.575341 73.253349
v -40.698029 8.395726 75.091301
v -8.930413 8.148710 72.940102
v -40.722160 7.767422 74.686287
v -8.510650 7.712477 72.641068
v -40.744312 7.119673 74.313034
v -8.080857 7.267156 72.356590
v -7.493077 6.660165 72.000519
v -40.764423 6.454092 73.972473
v -6.813125 5.960688 71.632530
v -40.782448 5.772334 73.665443
v -6.115110 5.245409 71.299973
v -40.798336 5.076092 73.392715
v -5.400884 4.516223 71.003738
v -40.812054 4.367099 73.154968
v -4.672340 3.775066 70.744614
v -40.823559 3.647116 72.952782
v -3.931409 3.023900 70.523270
v -40.832832 2.917934 72.786667
v -3.180056 2.264718 70.340317
v -40.839844 2.181366 72.657043
v -40.844582 1.439243 72.564217
v -2.420273 1.499532 70.196220
v -40.847031 0.693410 72.508430
v -1.673754 0.750096 70.093559
v -15.024714 39.980068 85.923019
v -15.052113 39.980034 85.175606
v -15.042221 39.980045 84.427750
v -14.995064 39.980110 83.681313
v -14.910759 39.980221 82.938164
v -14.789515 39.980381 82.200134
v -14.631636 39.980591 81.469070
v -14.437511 39.980850 80.746780
v -14.207625 39.981155 80.035065
v -13.942548 39.981506 79.335693
v -13.642941 39.981907 78.650406
v -13.309546 39.982349 77.980904
v -12.943194 39.982838 77.328850
v -12.544796 39.983364 76.695869
v -12.115341 39.983936 76.083534
v -11.655899 39.984547 75.493370
v -11.167610 39.985195 74.926834
v -10.651688 39.985882 74.385345
v -10.109417 39.986603 73.870247
v -9.542144 39.987354 73.382820
v -8.951281 39.988140 72.924271
v -8.338295 39.988956 72.495750
v -7.704710 39.989796 72.098312
v -7.052104 39.990665 71.732948
v -6.382096 39.991554 71.400574
v -5.696354 39.992466 71.102005
v -4.996582 39.993397 70.837990
v -4.284519 39.994343 70.609184
v -3.561937 39.995300 70.416161
v -2.830632 39.996273 70.259392
v -2.092421 39.997253 70.139267
v -1.349140 39.998241 70.056091
v -0.602637 39.999233 70.010071
v -0.520458 0.402840 70.009010
v -0.117518 0.806614 70.000450
v 0.145231 40.000229 70.001312
v 0.672024 1.595851 70.015160
v 0.892607 40.001221 70.029846
v 1.459699 2.380654 70.071503
v 1.637631 40.002213 70.095596
v 2.243318 3.158841 70.169334
v 2.378452 40.003197 70.198402
v 3.020702 3.928250 70.308372
v 3.113227 40.004173 70.338005
v 3.789693 4.686743 70.488243
v 3.840131 40.005138 70.514069
v 4.548152 5.432211 70.708443
v 4.557355 40.006092 70.726135
v 5.293972 6.162585 70.968353
v 5.263116 40.007030 70.973694
v 5.944638 6.797491 71.232147
v 5.955660 40.007950 71.256126
v 6.424147 7.263950 71.449860
v 6.633266 40.008850 71.572723
v 6.895721 7.721437 71.684311
v 7.294249 40.009727 71.922707
v 7.358778 8.169387 71.935219
v 7.812745 8.607245 72.202255
v 7.936964 40.010582 72.305199
v 8.257062 9.034472 72.485100
v 8.559814 40.011410 72.719254
v 8.691178 9.450539 72.783409
v 9.114560 9.854932 73.096802
v 9.161251 40.012211 73.163841
v 9.526684 10.247153 73.424904
v 9.739780 40.012978 73.637856
v 9.927039 10.626716 73.767303
v 10.293962 40.013714 74.140121
v 10.315133 10.993153 74.123573
v 10.690485 11.346011 74.493279
v 10.822420 40.014416 74.669380
v 11.052633 11.684854 74.875969
v 11.323839 40.015083 75.224327
v 11.401127 12.009263 75.271156
v 11.735538 12.318839 75.678368
v 11.796973 40.015713 75.803574
v 12.055455 12.613198 76.097084
v 12.240646 40.016300 76.405685
v 12.360478 12.891976 76.526802
v 12.653755 40.016850 77.029167
v 12.650235 13.154831 76.966988
v 12.924367 13.401437 77.417099
v 13.035273 40.017357 77.672462
v 13.182533 13.631488 77.876572
v 13.384250 40.017822 78.333977
v 13.424417 13.844702 78.344849
v 13.649717 14.040814 78.821342
v 13.699820 40.018242 79.012062
v 13.858158 14.219584 79.305466
v 13.981197 40.018616 79.705032
v 14.049480 14.380789 79.796623
v 14.223450 14.524230 80.294212
v 14.227683 40.018940 80.411171
v 14.379849 14.649731 80.797615
v 14.438664 40.019222 81.128716
v 14.518486 14.757136 81.306206
v 14.613618 40.019455 81.855888
v 14.639190 14.846313 81.819359
v 14.741812 14.917151 82.336441
v 14.752107 40.019638 82.590874
v 14.826222 14.969563 82.856812
v 14.853787 40.019775 83.331856
v 14.892322 15.003486 83.379829
v 14.940024 15.018874 83.904854
v 14.918407 40.019859 84.076981
v 14.969273 15.015712 84.431229
v 14.945806 40.019897 84.824394
v 14.980031 14.994001 84.958305
v 14.935913 40.019882 85.572250
v 14.972285 14.953771 85.485428
v 14.946046 14.895067 86.011955
v 14.888757 40.019821 86.318687
v 14.901344 14.817966 86.537239
v 14.804451 40.019707 87.061836
v 14.838238 14.722563 87.060616
v 14.756801 14.608973 87.581451
v 14.683208 40.019547 87.799866
v 14.657138 14.477338 88.099098
v 14.525329 40.019337 88.530930
v 14.539369 14.327819 88.612915
v 14.403641 14.160604 89.122269
v 14.331203 40.019081 89.253220
v 14.250121 13.975896 89.626526
v 14.101317 40.018772 89.964935
v 14.079000 13.773925 90.125076
v 13.836241 40.018421 90.664307
v 13.890487 13.554940 90.617294
v 13.660916 13.291999 91.156036
v 13.536633 40.018024 91.349594
v 13.381422 12.976089 91.743599
v 13.203238 40.017582 92.019096
v 13.076735 12.635750 92.318459
v 12.836887 40.017094 92.671150
v 12.747431 12.271623 92.879547
v 12.438489 40.016563 93.304131
v 12.394130 11.884394 93.425797
v 12.009034 40.015995 93.916466
v 12.017495 11.474792 93.956192
v 11.549591 40.015385 94.506630
v 11.618237 11.043587 94.469719
v 11.148997 10.540124 95.019356
v 11.061302 40.014732 95.073166
v 10.597281 9.952044 95.602707
v 10.545381 40.014050 95.614655
v 10.003110 40.013329 96.129753
v 10.015160 9.335410 96.155632
v 9.435837 40.012573 96.617180
v 9.404304 8.691992 96.676552
v 8.844974 40.011787 97.075729
v 8.766466 8.023636 97.163971
v 8.231987 40.010975 97.504250
v 8.103477 7.332259 97.616486
v 7.598403 40.010132 97.901688
v 7.417238 6.619845 98.032806
v 6.945796 40.009266 98.267052
v 6.629879 5.806089 98.451485
v 6.275789 40.008373 98.599426
v 5.727618 4.877925 98.860741
v 5.590046 40.007465 98.897995
v 4.890274 40.006535 99.162010
v 4.800314 3.928432 99.209396
v 4.178212 40.005589 99.390816
v 3.852021 2.961763 99.495918
v 3.455630 40.004627 99.583839
v 2.886886 1.982144 99.719055
v 2.724324 40.003654 99.740608
v 1.986114 40.002674 99.860733
v 1.909128 0.993858 99.877846
v 1.242833 40.001686 99.943909
v 0.496330 40.000694 99.989929
v -0.251539 39.999702 99.998688
v -0.998914 39.998707 99.970154
v -1.743939 39.997719 99.904404
v -2.484760 39.996735 99.801598
v -3.219535 39.995758 99.661995
v -3.946438 39.994793 99.485931
v -4.663662 39.993839 99.273865
v -5.369424 39.992901 99.026306
v -6.061968 39.991982 98.743874
v -6.739573 39.991081 98.427277
v -7.400556 39.990200 98.077293
v -8.043271 39.989346 97.694801
v -8.666121 39.988518 97.280746
v -9.267558 39.987720 96.836159
v -9.846088 39.986950 96.362144
v -10.400270 39.986214 95.859879
v -10.928727 39.985512 95.330620
v -11.430146 39.984848 94.775673
v -11.903280 39.984219 94.196426
v -12.346953 39.983627 93.594315
v -12.760062 39.983078 92.970833
v -13.141580 39.982571 92.327538
v -13.490558 39.982109 91.666023
v -13.806127 39.981689 90.987938
v -14.087504 39.981316 90.294968
v -14.333991 39.980988 89.588829
v -14.544972 39.980709 88.871284
v -14.719925 39.980476 88.144112
v -14.858415 39.980289 87.409126
v -14.960094 39.980156 86.668144
v -14.918407 -40.019859 85.923019
v -14.945806 -40.019897 85.175606
v -14.853787 -40.019775 86.668144
v -14.752107 -40.019638 87.409126
v -14.935913 -40.019882 84.427750
v -14.888757 -40.019821 83.681313
v -14.804451 -40.019707 82.938164
v -14.683208 -40.019547 82.200134
v -14.525329 -40.019337 81.469070
v -14.331203 -40.019081 80.746780
v -14.101317 -40.018772 80.035065
v -13.836241 -40.018421 79.335693
v -13.536633 -40.018024 78.650406
v -13.203238 -40.017582 77.980904
v -12.836887 -40.017094 77.328850
v -12.438489 -40.016563 76.695869
v -12.009034 -40.015995 76.083534
v -11.549591 -40.015385 75.493370
v -11.061302 -40.014732 74.926834
v -10.545381 -40.014050 74.385345
v -10.003110 -40.013329 73.870247
v -9.435837 -40.012573 73.382820
v -8.844974 -40.011787 72.924271
v -8.231987 -40.010975 72.495750
v -7.598403 -40.010132 72.098312
v -6.945796 -40.009266 71.732948
v -6.275789 -40.008373 71.400574
v -5.590046 -40.007465 71.102005
v -4.890274 -40.006535 70.837990
v -4.178212 -40.005589 70.609184
v -3.455630 -40.004627 70.416161
v -2.724324 -40.003654 70.259392
v -1.986114 -40.002674 70.139267
v -1.242833 -40.001686 70.056091
v -0.496330 -40.000694 70.010071
v 0.069754 -0.991229 70.000153
v 0.251539 -39.999702 70.001312
v 1.062225 -1.976896 70.037476
v 0.998914 -39.998707 70.029846
v 1.743939 -39.997719 70.095596
v 2.050052 -2.953921 70.140213
v 2.484760 -39.996735 70.198402
v 3.028914 -3.918029 70.307922
v 3.219535 -39.995758 70.338005
v 3.994534 -4.865006 70.539871
v 3.946438 -39.994793 70.514069
v 4.663662 -39.993839 70.726135
v 4.942687 -5.790711 70.835045
v 5.369424 -39.992901 70.973694
v 5.777664 -6.602311 71.153702
v 6.061968 -39.991982 71.256126
v 6.511729 -7.312838 71.482460
v 6.739573 -39.991081 71.572723
v 7.227112 -8.002382 71.849998
v 7.400556 -39.990200 71.922707
v 7.921759 -8.668968 72.255264
v 8.043271 -39.989346 72.305199
v 8.593678 -9.310681 72.697098
v 8.666121 -39.988518 72.719254
v 9.240941 -9.925682 73.174232
v 9.267558 -39.987720 73.163841
v 9.846088 -39.986950 73.637856
v 9.861691 -10.512204 73.685295
v 10.400270 -39.986214 74.140121
v 10.396222 -11.014333 74.173050
v 10.856678 -11.444395 74.633575
v 10.928727 -39.985512 74.669380
v 11.296695 -11.852912 75.113617
v 11.430146 -39.984848 75.224327
v 11.715445 -12.239115 75.612274
v 11.903280 -39.984219 75.803574
v 12.112140 -12.602278 76.128601
v 12.346953 -39.983627 76.405685
v 12.486033 -12.941715 76.661629
v 12.760062 -39.983078 77.029167
v 12.836419 -13.256788 77.210358
v 13.141580 -39.982571 77.672462
v 13.131124 -13.519033 77.716774
v 13.379251 -13.737437 78.182076
v 13.490558 -39.982109 78.333977
v 13.610850 -13.938873 78.655792
v 13.806127 -39.981689 79.012062
v 13.825638 -14.123092 79.137352
v 14.087504 -39.981316 79.705032
v 14.023347 -14.289864 79.626144
v 14.203735 -14.438986 80.121582
v 14.333991 -39.980988 80.411171
v 14.366577 -14.570271 80.623047
v 14.544972 -39.980709 81.128716
v 14.511676 -14.683561 81.129913
v 14.638846 -14.778712 81.641563
v 14.719925 -39.980476 81.855888
v 14.747936 -14.855609 82.157356
v 14.858415 -39.980289 82.590874
v 14.838810 -14.914157 82.676666
v 14.911353 -14.954280 83.198845
v 14.960094 -39.980156 83.331856
v 14.965478 -14.975933 83.723244
v 15.024714 -39.980068 84.076981
v 15.001118 -14.979087 84.249222
v 15.052113 -39.980034 84.824394
v 15.018228 -14.963739 84.776131
v 15.016786 -14.929907 85.303314
v 15.042221 -39.980045 85.572250
v 14.996796 -14.877633 85.830124
v 14.995064 -39.980110 86.318687
v 14.958281 -14.806982 86.355904
v 14.901290 -14.718041 86.880013
v 14.910759 -39.980221 87.061836
v 14.825891 -14.610921 87.401802
v 14.789515 -39.980381 87.799866
v 14.732181 -14.485753 87.920624
v 14.631636 -39.980591 88.530930
v 14.620273 -14.342691 88.435837
v 14.490304 -14.181912 88.946800
v 14.437511 -39.980850 89.253220
v 14.342438 -14.003617 89.452896
v 14.207625 -39.981155 89.964935
v 14.176855 -13.808024 89.953484
v 13.993761 -13.595375 90.447960
v 13.942548 -39.981506 90.664307
v 13.793383 -13.365933 90.935707
v 13.642941 -39.981907 91.349594
v 13.575965 -13.119981 91.416115
v 13.341778 -12.857822 91.888603
v 13.309546 -39.982349 92.019096
v 13.091112 -12.579782 92.352585
v 12.943194 -39.982838 92.671150
v 12.824275 -12.286202 92.807480
v 12.544796 -39.983364 93.304131
v 12.541597 -11.977448 93.252731
v 12.243428 -11.653897 93.687790
v 12.115341 -39.983936 93.916466
v 11.930135 -11.315951 94.112122
v 11.655899 -39.984547 94.506630
v 11.602106 -10.964028 94.525192
v 11.259746 -10.598562 94.926498
v 11.167610 -39.985195 95.073166
v 10.903478 -10.220005 95.315536
v 10.651688 -39.985882 95.614655
v 10.533740 -9.828822 95.691841
v 10.109417 -39.986603 96.129753
v 10.150992 -9.425500 96.054939
v 9.755706 -9.010536 96.404381
v 9.542144 -39.987354 96.617180
v 9.348369 -8.584441 96.739731
v 8.951281 -39.988140 97.075729
v 8.929484 -8.147742 97.060585
v 8.499569 -7.700980 97.366539
v 8.338295 -39.988956 97.504250
v 8.059156 -7.244704 97.657219
v 7.704710 -39.989796 97.901688
v 7.608788 -6.779481 97.932266
v 7.052104 -39.990665 98.267052
v 6.993775 -6.146256 98.274086
v 6.382096 -39.991554 98.599426
v 6.283598 -5.417818 98.623764
v 5.696354 -39.992466 98.897995
v 5.555960 -4.674324 98.935577
v 4.996582 -39.993397 99.162010
v 4.812882 -3.917840 99.208672
v 4.284519 -39.994343 99.390816
v 4.056430 -3.150470 99.442276
v 3.561937 -39.995300 99.583839
v 3.288705 -2.374344 99.635750
v 2.830632 -39.996273 99.740608
v 2.511842 -1.591620 99.788551
v 2.092421 -39.997253 99.860733
v 1.727998 -0.804474 99.900261
v 1.349140 -39.998241 99.943909
v 1.325990 -0.401769 99.941322
v 0.602637 -39.999233 99.989929
v -0.145231 -40.000229 99.998688
v -0.892607 -40.001221 99.970154
v -1.637631 -40.002213 99.904404
v -2.378452 -40.003197 99.801598
v -3.113227 -40.004173 99.661995
v -3.840131 -40.005138 99.485931
v -4.557355 -40.006092 99.273865
v -5.263116 -40.007030 99.026306
v -5.955660 -40.007950 98.743874
v -6.633266 -40.008850 98.427277
v -7.294249 -40.009727 98.077293
v -7.936964 -40.010582 97.694801
v -8.559814 -40.011410 97.280746
v -9.161251 -40.012211 96.836159
v -9.739780 -40.012978 96.362144
v -10.293962 -40.013714 95.859879
v -10.822420 -40.014416 95.330620
v -11.323839 -40.015083 94.775673
v -11.796973 -40.015713 94.196426
v -12.240646 -40.016300 93.594315
v -12.653755 -40.016850 92.970833
v -13.035273 -40.017357 92.327538
v -13.384250 -40.017822 91.666023
v -13.699820 -40.018242 90.987938
v -13.981197 -40.018616 90.294968
v -14.227683 -40.018940 89.588829
v -14.438664 -40.019222 88.871284
v -14.613618 -40.019455 88.144112
v 39.001141 0.051826 67.567032
v 39.003281 -0.695860 67.585640
v 39.007713 -1.441684 67.641426
v 39.014420 -2.183792 67.734253
v 39.023392 -2.920339 67.863884
v 39.034599 -3.649493 68.029991
v 39.048023 -4.369443 68.232178
v 39.063622 -5.078397 68.469925
v 39.081364 -5.774594 68.742653
v 39.101196 -6.456302 69.049683
v 39.123077 -7.121828 69.390244
v 39.146950 -7.769515 69.763496
v 39.172752 -8.397754 70.168510
v 39.200428 -9.004983 70.604279
v 39.229900 -9.589692 71.069717
v 39.261097 -10.150428 71.563667
v 39.293941 -10.685797 72.084900
v 39.328358 -11.194468 72.632126
v 39.364250 -11.675174 73.203979
v 39.401539 -12.126722 73.799042
v 39.440125 -12.547990 74.415833
v 39.479912 -12.937930 75.052818
v 39.520805 -13.295571 75.708412
v 39.562702 -13.620027 76.380989
v 39.605499 -13.910489 77.068878
v 39.649086 -14.166235 77.770363
v 39.693359 -14.386630 78.483696
v 39.738205 -14.571126 79.207115
v 39.783512 -14.719264 79.938820
v 39.829166 -14.830674 80.676987
v 39.875061 -14.905083 81.419777
v 39.921078 -14.942302 82.165352
v 39.967102 -14.942241 82.911858
v 40.013016 -14.904900 83.657433
v 40.058712 -14.830369 84.400230
v 40.104073 -14.718838 85.138390
v 40.148987 -14.570580 85.870094
v 40.193340 -14.385965 86.593513
v 40.237026 -14.165454 87.306854
v 40.279934 -13.909593 88.008339
v 40.321957 -13.619018 88.696220
v 40.362991 -13.294453 89.368797
v 40.402935 -12.936704 90.024391
v 40.441689 -12.546659 90.661377
v 40.479153 -12.125291 91.278168
v 40.515240 -11.673644 91.873230
v 40.549858 -11.192844 92.445084
v 40.582920 -10.684084 92.992310
v 40.614342 -10.148630 93.513550
v 40.644051 -9.587813 94.007500
v 40.671967 -9.003027 94.472931
v 40.698029 -8.395726 94.908699
v 40.722160 -7.767422 95.313713
v 40.744312 -7.119673 95.686966
v 40.764423 -6.454092 96.027527
v 40.782448 -5.772334 96.334557
v 40.798336 -5.076092 96.607285
v 40.812054 -4.367099 96.845032
v 40.823559 -3.647116 97.047218
v 40.832832 -2.917934 97.213333
v 40.839844 -2.181366 97.342957
v 40.844582 -1.439243 97.435783
v 40.847031 -0.693410 97.491570
v 40.847183 0.054280 97.510178
v 40.845043 0.801966 97.491570
v 40.840614 1.547790 97.435783
v 40.833904 2.289898 97.342957
v 40.824932 3.026445 97.213333
v 40.813725 3.755599 97.047218
v 40.800301 4.475549 96.845032
v 40.784702 5.184503 96.607285
v 40.766964 5.880700 96.334557
v 40.747128 6.562408 96.027527
v 40.725246 7.227933 95.686966
v 40.701374 7.875621 95.313713
v 40.675571 8.503860 94.908699
v 40.647896 9.111089 94.472931
v 40.618427 9.695798 94.007500
v 40.587227 10.256534 93.513550
v 40.554382 10.791903 92.992310
v 40.519966 11.300573 92.445084
v 40.484074 11.781280 91.873230
v 40.446785 12.232829 91.278168
v 40.408199 12.654096 90.661377
v 40.368412 13.044036 90.024391
v 40.327518 13.401677 89.368797
v 40.285622 13.726132 88.696220
v 40.242825 14.016595 88.008339
v 40.199238 14.272342 87.306854
v 40.154964 14.492736 86.593513
v 40.110123 14.677232 85.870094
v 40.064812 14.825370 85.138390
v 40.019157 14.936780 84.400230
v 39.973263 15.011189 83.657433
v 39.927246 15.048408 82.911858
v 39.881226 15.048347 82.165352
v 39.835308 15.011005 81.419777
v 39.789612 14.936475 80.676987
v 39.744251 14.824944 79.938820
v 39.699337 14.676685 79.207115
v 39.654984 14.492071 78.483696
v 39.611298 14.271560 77.770363
v 39.568390 14.015698 77.068878
v 39.526367 13.725123 76.380989
v 39.485332 13.400558 75.708412
v 39.445389 13.042809 75.052818
v 39.406635 12.652765 74.415833
v 39.369171 12.231397 73.799042
v 39.333084 11.779750 73.203979
v 39.298466 11.298950 72.632126
v 39.265404 10.790190 72.084900
v 39.233982 10.254736 71.563667
v 39.204273 9.693919 71.069717
v 39.176357 9.109133 70.604279
v 39.150295 8.501833 70.168510
v 39.126163 7.873528 69.763496
v 39.104012 7.225779 69.390244
v 39.083900 6.560198 69.049683
v 39.065876 5.878439 68.742653
v 39.049988 5.182198 68.469925
v 39.036274 4.473205 68.232178
v 39.024765 3.753222 68.029991
v 39.015491 3.024040 67.863884
v 39.008480 2.287472 67.734253
v 39.003742 1.545349 67.641426
v 39.001293 0.799516 67.585640
vn -0.061483 -0.025009 -0.997795
vn -0.061302 -0.033294 -0.997564
vn -0.060886 -0.099340 -0.993189
vn -0.061368 -0.074811 -0.995308
vn -0.060307 -0.164828 -0.984477
vn -0.061003 -0.124430 -0.990351
vn -0.060380 -0.173722 -0.982942
vn -0.059427 -0.229645 -0.971459
vn -0.059685 -0.222603 -0.973080
vn -0.058984 -0.270923 -0.960792
vn -0.058206 -0.293529 -0.954176
vn -0.058031 -0.318559 -0.946125
vn -0.056843 -0.356020 -0.932748
vn -0.056818 -0.365416 -0.929109
vn -0.055519 -0.411364 -0.909779
vn -0.055381 -0.413908 -0.908632
vn -0.054223 -0.456281 -0.888182
vn -0.053763 -0.464706 -0.883831
vn -0.052726 -0.500072 -0.864377
vn -0.052066 -0.511464 -0.857726
vn -0.051092 -0.542616 -0.838426
vn -0.050224 -0.556757 -0.829156
vn -0.049326 -0.583811 -0.810390
vn -0.048244 -0.600441 -0.798213
vn -0.047432 -0.623548 -0.780345
vn -0.046131 -0.642397 -0.764982
vn -0.045413 -0.661746 -0.748351
vn -0.043893 -0.682511 -0.729556
vn -0.043275 -0.698297 -0.714499
vn -0.041685 -0.718781 -0.693985
vn -0.039597 -0.749846 -0.660426
vn -0.041038 -0.733107 -0.678874
vn -0.037529 -0.777839 -0.627342
vn -0.038696 -0.766096 -0.641560
vn -0.035415 -0.804350 -0.593099
vn -0.036236 -0.797181 -0.602652
vn -0.033259 -0.829350 -0.557739
vn -0.031036 -0.852788 -0.521334
vn -0.033662 -0.826285 -0.562245
vn -0.028624 -0.874662 -0.483887
vn -0.031006 -0.853333 -0.520444
vn -0.026315 -0.893899 -0.447495
vn -0.028380 -0.878260 -0.477340
vn -0.024237 -0.909911 -0.414096
vn -0.025674 -0.901004 -0.433051
vn -0.022332 -0.923910 -0.381957
vn -0.020280 -0.936786 -0.349315
vn -0.022819 -0.921506 -0.387692
vn -0.018146 -0.948512 -0.316222
vn -0.019953 -0.939720 -0.341363
vn -0.017040 -0.955597 -0.294184
vn -0.016118 -0.959051 -0.282775
vn -0.014117 -0.968406 -0.248978
vn -0.011873 -0.976577 -0.214840
vn -0.014015 -0.969097 -0.246283
vn -0.009742 -0.983534 -0.180458
vn -0.011074 -0.980188 -0.197759
vn -0.007730 -0.989275 -0.145863
vn -0.005487 -0.993797 -0.111074
vn -0.007978 -0.988842 -0.148752
vn -0.004980 -0.995038 -0.099369
vn -0.003278 -0.997091 -0.076148
vn -0.001902 -0.998760 -0.049741
vn -0.001430 -0.999031 -0.043996
vn 0.000458 -0.999892 -0.014672
vn 0.001143 -0.999999 0.000011
vn 0.002455 -0.999850 0.017125
vn 0.004281 -0.998752 0.049758
vn 0.004420 -0.998669 0.051382
vn 0.006650 -0.996312 0.085548
vn 0.007267 -0.995022 0.099392
vn 0.008776 -0.992781 0.119622
vn 0.010345 -0.988818 0.148767
vn 0.010750 -0.988077 0.153584
vn 0.012882 -0.982212 0.187331
vn 0.013324 -0.980156 0.197782
vn 0.014999 -0.975192 0.220852
vn 0.016313 -0.969056 0.246300
vn 0.016957 -0.967016 0.254149
vn 0.018971 -0.957702 0.287136
vn 0.019254 -0.955548 0.294208
vn 0.021056 -0.947271 0.319741
vn 0.022125 -0.939664 0.341382
vn 0.022978 -0.935710 0.352022
vn 0.024855 -0.923040 0.383900
vn 0.024998 -0.921444 0.387705
vn 0.026885 -0.909312 0.415246
vn 0.027722 -0.900933 0.433071
vn 0.028749 -0.894490 0.446162
vn 0.030471 -0.878587 0.476609
vn 0.030497 -0.878182 0.477354
vn 0.032425 -0.861715 0.506356
vn 0.033049 -0.853248 0.520457
vn 0.034208 -0.843791 0.535581
vn 0.035652 -0.826193 0.562259
vn 0.035824 -0.824840 0.564230
vn 0.037617 -0.804978 0.592111
vn 0.038053 -0.797082 0.602670
vn 0.039299 -0.784157 0.619316
vn 0.040811 -0.762360 0.645865
vn 0.040443 -0.765991 0.641577
vn 0.042406 -0.739710 0.671588
vn 0.043968 -0.716206 0.696502
vn 0.042682 -0.732996 0.678893
vn 0.045359 -0.691800 0.720663
vn 0.046742 -0.666596 0.743952
vn 0.044838 -0.698175 0.714521
vn 0.048167 -0.640666 0.766308
vn 0.046890 -0.661624 0.748369
vn 0.049418 -0.613913 0.787825
vn 0.050579 -0.586420 0.808427
vn 0.048792 -0.623426 0.780358
vn 0.050635 -0.583679 0.810404
vn 0.051851 -0.558328 0.827998
vn 0.052266 -0.542478 0.838442
vn 0.052948 -0.529524 0.846641
vn 0.053880 -0.499930 0.864388
vn 0.053876 -0.500001 0.864347
vn 0.055160 -0.465031 0.883574
vn 0.055262 -0.456136 0.888193
vn 0.056466 -0.421484 0.905076
vn 0.056546 -0.411215 0.909783
vn 0.057652 -0.374234 0.925541
vn 0.057689 -0.365264 0.929115
vn 0.058685 -0.326006 0.943544
vn 0.058689 -0.318404 0.946137
vn 0.059562 -0.276893 0.959053
vn 0.059544 -0.270766 0.960802
vn 0.060281 -0.227056 0.972014
vn 0.060252 -0.222434 0.973084
vn 0.060839 -0.176623 0.982397
vn 0.060809 -0.173570 0.982942
vn 0.061246 -0.124268 0.990357
vn 0.061207 -0.125674 0.990182
vn 0.061458 -0.075105 0.995280
vn 0.061468 -0.074648 0.995314
vn 0.061549 -0.025005 0.997791
vn 0.061552 -0.024845 0.997795
vn 0.061611 0.033294 0.997545
vn 0.061483 0.025009 0.997795
vn 0.061312 0.099341 0.993163
vn 0.061159 0.074811 0.995320
vn 0.060643 0.164832 0.984456
vn 0.060781 0.124429 0.990365
vn 0.060359 0.173731 0.982942
vn 0.059746 0.229645 0.971439
vn 0.059707 0.222593 0.973081
vn 0.058665 0.293526 0.954149
vn 0.058766 0.270923 0.960806
vn 0.057220 0.356020 0.932725
vn 0.057784 0.318559 0.946140
vn 0.056774 0.365417 0.929111
vn 0.055556 0.413907 0.908622
vn 0.055567 0.411364 0.909776
vn 0.053980 0.464708 0.883817
vn 0.054080 0.456281 0.888191
vn 0.052334 0.511467 0.857708
vn 0.052527 0.500072 0.864390
vn 0.050533 0.556754 0.829139
vn 0.050848 0.542616 0.838441
vn 0.048581 0.600441 0.798192
vn 0.049047 0.583811 0.810407
vn 0.047131 0.623554 0.780358
vn 0.046485 0.642400 0.764959
vn 0.045104 0.661746 0.748370
vn 0.044249 0.682509 0.729537
vn 0.042971 0.698292 0.714522
vn 0.041974 0.718783 0.693966
vn 0.040722 0.733106 0.678894
vn 0.039842 0.749848 0.660410
vn 0.038376 0.766096 0.641580
vn 0.037756 0.777836 0.627332
vn 0.035577 0.804354 0.593084
vn 0.035956 0.797181 0.602669
vn 0.033308 0.829348 0.557738
vn 0.030980 0.852790 0.521334
vn 0.033469 0.826284 0.562258
vn 0.028716 0.874662 0.483883
vn 0.030899 0.853333 0.520450
vn 0.026486 0.893898 0.447487
vn 0.028145 0.878260 0.477355
vn 0.024403 0.909912 0.414082
vn 0.025329 0.901003 0.433072
vn 0.022309 0.923909 0.381962
vn 0.020302 0.936788 0.349309
vn 0.022537 0.921507 0.387706
vn 0.018324 0.948511 0.316213
vn 0.019641 0.939720 0.341381
vn 0.016200 0.959052 0.282768
vn 0.014010 0.968406 0.248984
vn 0.016696 0.955595 0.294209
vn 0.013778 0.969096 0.246298
vn 0.012022 0.976577 0.214833
vn 0.010706 0.980188 0.197782
vn 0.009894 0.983535 0.180448
vn 0.007736 0.988842 0.148766
vn 0.007626 0.989274 0.145872
vn 0.005568 0.993797 0.111068
vn 0.003461 0.997092 0.076133
vn 0.004629 0.995038 0.099391
vn 0.001340 0.999030 0.044004
vn -0.000391 0.999892 0.014668
vn 0.001578 0.998760 0.049761
vn -0.002315 0.999851 -0.017134
vn -0.001515 0.999999 0.000012
vn -0.004569 0.998669 -0.051373
vn -0.006547 0.996312 -0.085556
vn -0.004508 0.998752 -0.049744
vn -0.008613 0.992781 -0.119631
vn -0.007632 0.995021 -0.099369
vn -0.010625 0.988818 -0.148751
vn -0.010813 0.988077 -0.153579
vn -0.012828 0.982212 -0.187336
vn -0.014826 0.975193 -0.220861
vn -0.013667 0.980155 -0.197760
vn -0.016631 0.969056 -0.246280
vn -0.016950 0.967016 -0.254151
vn -0.018979 0.957703 -0.287133
vn -0.019561 0.955548 -0.294186
vn -0.020887 0.947271 -0.319751
vn -0.022465 0.939664 -0.341361
vn -0.022914 0.935709 -0.352029
vn -0.024934 0.923041 -0.383893
vn -0.025256 0.921443 -0.387693
vn -0.026734 0.909310 -0.415260
vn -0.028070 0.900933 -0.433050
vn -0.028643 0.894490 -0.446170
vn -0.030630 0.878590 -0.476593
vn -0.030695 0.878181 -0.477342
vn -0.032302 0.861711 -0.506370
vn -0.033391 0.853247 -0.520437
vn -0.034074 0.843794 -0.535585
vn -0.035871 0.826193 -0.562244
vn -0.035939 0.824839 -0.564224
vn -0.037532 0.804980 -0.592113
vn -0.038376 0.797082 -0.602651
vn -0.039150 0.784156 -0.619327
vn -0.040700 0.765991 -0.641561
vn -0.040852 0.762361 -0.645861
vn -0.042370 0.739711 -0.671590
vn -0.043817 0.716210 -0.696508
vn -0.042975 0.732995 -0.678875
vn -0.045340 0.691797 -0.720667
vn -0.046761 0.666597 -0.743950
vn -0.045119 0.698180 -0.714499
vn -0.048025 0.640671 -0.766312
vn -0.047144 0.661623 -0.748353
vn -0.049355 0.613910 -0.787832
vn -0.050661 0.586415 -0.808425
vn -0.049085 0.623420 -0.780345
vn -0.051728 0.558330 -0.828004
vn -0.050841 0.583678 -0.810392
vn -0.052854 0.529515 -0.846652
vn -0.052557 0.542479 -0.838424
vn -0.054029 0.500004 -0.864336
vn -0.055023 0.465040 -0.883578
vn -0.054030 0.499930 -0.864379
vn -0.055467 0.456135 -0.888180
vn -0.056254 0.421477 -0.905093
vn -0.057465 0.374241 -0.925549
vn -0.056726 0.411215 -0.909772
vn -0.058525 0.326000 -0.943557
vn -0.057844 0.365264 -0.929105
vn -0.058818 0.318404 -0.946129
vn -0.059429 0.276891 -0.959062
vn -0.060176 0.227066 -0.972018
vn -0.059645 0.270765 -0.960796
vn -0.060324 0.222444 -0.973078
vn -0.060764 0.176609 -0.982404
vn -0.060852 0.173560 -0.982941
vn -0.061199 0.124268 -0.990360
vn -0.061220 0.125679 -0.990180
vn -0.061456 0.074648 -0.995314
vn -0.061464 0.075113 -0.995279
vn -0.061546 0.024845 -0.997795
vn -0.061549 0.024998 -0.997791
vn -0.999013 -0.001328 0.044396
vn -0.999328 -0.001168 0.036633
vn -0.999912 -0.001154 -0.013225
vn -0.999948 -0.001416 0.010083
vn -0.999705 -0.001359 -0.024244
vn -0.998010 -0.001188 -0.063051
vn -0.998284 -0.001290 -0.058550
vn -0.993626 -0.001138 -0.112720
vn -0.995687 -0.001404 -0.092762
vn -0.991916 -0.001372 -0.126888
vn -0.986772 -0.001203 -0.162107
vn -0.986973 -0.001233 -0.160882
vn -0.980876 -0.001371 -0.194628
vn -0.977465 -0.001116 -0.211093
vn -0.973618 -0.001364 -0.228180
vn -0.965729 -0.001169 -0.259552
vn -0.965202 -0.001216 -0.261502
vn -0.955669 -0.001318 -0.294439
vn -0.951590 -0.001089 -0.307367
vn -0.945005 -0.001335 -0.327053
vn -0.935086 -0.001105 -0.354419
vn -0.933207 -0.001214 -0.359337
vn -0.920332 -0.001246 -0.391136
vn -0.916258 -0.001056 -0.400588
vn -0.906380 -0.001287 -0.422462
vn -0.895151 -0.001037 -0.445762
vn -0.891325 -0.001191 -0.453362
vn -0.875239 -0.001156 -0.483690
vn -0.871819 -0.001017 -0.489827
vn -0.858147 -0.001219 -0.513403
vn -0.846319 -0.000965 -0.532675
vn -0.840004 -0.001149 -0.542578
vn -0.820862 -0.001050 -0.571125
vn -0.818716 -0.000971 -0.574198
vn -0.800822 -0.001133 -0.598902
vn -0.789076 -0.000887 -0.614295
vn -0.779783 -0.001087 -0.626050
vn -0.757478 -0.000927 -0.652860
vn -0.757775 -0.000917 -0.652516
vn -0.734998 -0.001032 -0.678069
vn -0.723991 -0.000806 -0.689809
vn -0.688708 -0.000813 -0.725039
vn -0.711298 -0.001008 -0.702890
vn -0.686697 -0.000864 -0.726943
vn -0.651709 -0.000720 -0.758468
vn -0.661384 -0.000915 -0.750047
vn -0.613097 -0.000696 -0.790007
vn -0.635278 -0.000912 -0.772283
vn -0.608337 -0.000793 -0.793678
vn -0.572950 -0.000630 -0.819590
vn -0.580755 -0.000785 -0.814078
vn -0.531390 -0.000578 -0.847127
vn -0.552520 -0.000802 -0.833499
vn -0.488505 -0.000542 -0.872561
vn -0.518726 -0.000785 -0.854940
vn -0.444399 -0.000477 -0.895829
vn -0.476563 -0.000752 -0.879140
vn -0.399198 -0.000413 -0.916865
vn -0.430694 -0.000696 -0.902498
vn -0.352998 -0.000348 -0.935624
vn -0.383671 -0.000638 -0.923469
vn -0.335629 -0.000576 -0.941994
vn -0.305922 -0.000284 -0.952057
vn -0.286715 -0.000512 -0.958016
vn -0.258081 -0.000220 -0.966123
vn -0.237011 -0.000446 -0.971507
vn -0.209606 -0.000156 -0.977786
vn -0.186700 -0.000378 -0.982417
vn -0.160612 -0.000092 -0.987018
vn -0.136536 -0.000303 -0.990635
vn -0.111209 -0.000029 -0.993797
vn -0.086666 -0.000234 -0.996237
vn -0.061531 0.000035 -0.998105
vn -0.048104 -0.000073 -0.998842
vn -0.021222 -0.000017 -0.999775
vn -0.011711 0.000101 -0.999931
vn 0.018731 -0.000104 -0.999825
vn 0.038151 0.000163 -0.999272
vn 0.071377 -0.000029 -0.997449
vn 0.087910 0.000222 -0.996128
vn 0.123836 0.000050 -0.992303
vn 0.137456 0.000277 -0.990508
vn 0.175934 0.000131 -0.984402
vn 0.186654 0.000328 -0.982426
vn 0.227555 0.000216 -0.973765
vn 0.235403 0.000374 -0.971898
vn 0.278536 0.000305 -0.960426
vn 0.283542 0.000415 -0.958960
vn 0.328734 0.000396 -0.944423
vn 0.330995 0.000451 -0.943632
vn 0.375309 0.000488 -0.926900
vn 0.377623 0.000543 -0.925959
vn 0.412996 0.000521 -0.910733
vn 0.423303 0.000696 -0.905988
vn 0.444778 0.000520 -0.895641
vn 0.467940 0.000749 -0.883760
vn 0.475946 0.000619 -0.879474
vn 0.506523 0.000688 -0.862226
vn 0.511407 0.000794 -0.859338
vn 0.536566 0.000644 -0.843858
vn 0.553607 0.000884 -0.832777
vn 0.565884 0.000702 -0.824485
vn 0.594431 0.000867 -0.804146
vn 0.594418 0.000867 -0.804156
vn 0.633775 0.000997 -0.773517
vn 0.622392 0.000776 -0.782705
vn 0.671547 0.001015 -0.740962
vn 0.649524 0.000790 -0.760340
vn 0.675789 0.000913 -0.737094
vn 0.707641 0.001084 -0.706571
vn 0.701289 0.000918 -0.712876
vn 0.725941 0.000884 -0.687756
vn 0.741984 0.001141 -0.670417
vn 0.749635 0.000962 -0.661851
vn 0.772404 0.001070 -0.635130
vn 0.774477 0.001142 -0.632601
vn 0.794278 0.000985 -0.607554
vn 0.805047 0.001240 -0.593210
vn 0.815140 0.001015 -0.579263
vn 0.833617 0.001216 -0.552342
vn 0.834957 0.001164 -0.550314
vn 0.853805 0.001093 -0.520592
vn 0.860111 0.001310 -0.510105
vn 0.871578 0.001072 -0.490255
vn 0.884469 0.001327 -0.466596
vn 0.888254 0.001172 -0.459351
vn 0.903843 0.001209 -0.427862
vn 0.906627 0.001349 -0.421930
vn 0.918332 0.001135 -0.395810
vn 0.926531 0.001408 -0.376215
vn 0.931670 0.001183 -0.363305
vn 0.943848 0.001334 -0.330377
vn 0.944133 0.001355 -0.329561
vn 0.959387 0.001457 -0.282091
vn 0.954886 0.001204 -0.296969
vn 0.972255 0.001429 -0.233919
vn 0.964732 0.001199 -0.263229
vn 0.973381 0.001321 -0.229188
vn 0.982706 0.001474 -0.185166
vn 0.980835 0.001279 -0.194835
vn 0.990715 0.001488 -0.135950
vn 0.987077 0.001219 -0.160239
vn 0.992097 0.001288 -0.125465
vn 0.996260 0.001456 -0.086400
vn 0.995893 0.001360 -0.090525
vn 0.999328 0.001514 -0.036633
vn 0.998459 0.001245 -0.055472
vn 0.999911 0.001438 0.013227
vn 0.999792 0.001258 -0.020355
vn 0.999890 0.001400 0.014800
vn 0.998009 0.001506 0.063050
vn 0.998753 0.001276 0.049915
vn 0.993626 0.001474 0.112721
vn 0.996382 0.001235 0.084973
vn 0.992780 0.001320 0.119946
vn 0.986772 0.001464 0.162106
vn 0.987951 0.001312 0.154761
vn 0.977465 0.001475 0.211093
vn 0.981908 0.001216 0.189356
vn 0.974644 0.001247 0.223756
vn 0.966171 0.001351 0.257900
vn 0.965728 0.001391 0.259553
vn 0.956524 0.001203 0.291651
vn 0.951590 0.001443 0.307367
vn 0.935086 0.001367 0.354418
vn 0.945688 0.001179 0.325074
vn 0.933664 0.001278 0.358149
vn 0.919749 0.001188 0.392506
vn 0.916257 0.001360 0.400589
vn 0.895151 0.001357 0.445762
vn 0.902811 0.001084 0.430036
vn 0.871819 0.001327 0.489826
vn 0.883309 0.001044 0.468789
vn 0.846319 0.001272 0.532675
vn 0.862145 0.001026 0.506661
vn 0.818715 0.001192 0.574198
vn 0.839346 0.001027 0.543597
vn 0.789075 0.001089 0.614296
vn 0.814961 0.001048 0.579515
vn 0.789022 0.001087 0.614364
vn 0.757478 0.001062 0.652860
vn 0.760099 0.000973 0.649807
vn 0.723991 0.000976 0.689808
vn 0.688707 0.000901 0.725039
vn 0.726076 0.000905 0.687613
vn 0.651709 0.000896 0.758468
vn 0.688198 0.000882 0.725522
vn 0.613097 0.000880 0.790007
vn 0.648389 0.000790 0.761309
vn 0.572949 0.000855 0.819590
vn 0.606718 0.000704 0.794917
vn 0.531390 0.000820 0.847127
vn 0.563299 0.000623 0.826253
vn 0.488505 0.000776 0.872561
vn 0.518268 0.000546 0.855218
vn 0.444398 0.000726 0.895829
vn 0.469154 0.000429 0.883116
vn 0.399197 0.000591 0.916865
vn 0.352998 0.000390 0.935624
vn 0.412797 0.000334 0.910823
vn 0.305922 0.000488 0.952057
vn 0.351618 0.000353 0.936144
vn 0.258080 0.000469 0.966123
vn 0.289072 0.000171 0.957307
vn 0.209606 0.000342 0.977786
vn 0.160612 0.000127 0.987018
vn 0.225162 0.000097 0.974321
vn 0.111209 0.000216 0.993797
vn 0.160187 0.000117 0.987087
vn 0.061531 0.000198 0.998105
vn 0.094690 -0.000069 0.995507
vn 0.028313 -0.000157 0.999599
vn 0.011710 0.000084 0.999931
vn -0.037724 -0.000146 0.999288
vn -0.038151 -0.000137 0.999272
vn -0.087911 -0.000054 0.996128
vn -0.103779 -0.000340 0.994600
vn -0.137456 -0.000057 0.990508
vn -0.169290 -0.000438 0.985566
vn -0.186654 -0.000167 0.982426
vn -0.233958 -0.000425 0.972247
vn -0.235403 -0.000392 0.971898
vn -0.283542 -0.000316 0.958960
vn -0.297787 -0.000610 0.954632
vn -0.330996 -0.000304 0.943632
vn -0.357120 -0.000669 0.934058
vn -0.377623 -0.000375 0.925959
vn -0.409293 -0.000686 0.912403
vn -0.423303 -0.000449 0.905988
vn -0.457541 -0.000734 0.889188
vn -0.467941 -0.000528 0.883760
vn -0.504475 -0.000773 0.863426
vn -0.511407 -0.000614 0.859338
vn -0.549962 -0.000802 0.835189
vn -0.553608 -0.000706 0.832777
vn -0.593869 -0.000821 0.804562
vn -0.594431 -0.000804 0.804146
vn -0.633774 -0.000829 0.773517
vn -0.671547 -0.000837 0.740961
vn -0.636111 -0.000905 0.771597
vn -0.674524 -0.000933 0.738252
vn -0.707641 -0.000900 0.706571
vn -0.707581 -0.000902 0.706632
vn -0.741984 -0.000881 0.670417
vn -0.737600 -0.001015 0.675237
vn -0.774477 -0.000882 0.632601
vn -0.766219 -0.001106 0.642579
vn -0.805048 -0.000901 0.593210
vn -0.793378 -0.001174 0.608728
vn -0.833617 -0.000940 0.552342
vn -0.819037 -0.001218 0.573740
vn -0.860112 -0.001001 0.510105
vn -0.843151 -0.001236 0.537676
vn -0.864567 -0.001183 0.502516
vn -0.884469 -0.001051 0.466597
vn -0.882601 -0.001136 0.470121
vn -0.906628 -0.001026 0.421929
vn -0.898593 -0.001271 0.438781
vn -0.926532 -0.001124 0.376215
vn -0.913457 -0.001282 0.406934
vn -0.927174 -0.001165 0.374630
vn -0.939778 -0.001297 0.341782
vn -0.944133 -0.001078 0.329562
vn -0.959387 -0.001122 0.282091
vn -0.951212 -0.001353 0.308535
vn -0.961459 -0.001279 0.274947
vn -0.970528 -0.001289 0.240985
vn -0.972256 -0.001139 0.233918
vn -0.978398 -0.001390 0.206723
vn -0.982706 -0.001126 0.185167
vn -0.985057 -0.001360 0.172221
vn -0.990500 -0.001245 0.137508
vn -0.990715 -0.001207 0.135949
vn -0.994421 -0.001376 0.105471
vn -0.996260 -0.001143 0.086400
vn -0.997092 -0.001325 0.076198
vn -0.998901 -0.001327 0.046858
vn -0.999846 -0.001274 0.017482
vn -0.999328 -0.001508 0.036633
vn -0.990714 -0.001491 0.135950
vn -0.993614 -0.001233 0.112822
vn -0.996259 -0.001484 0.086400
vn -0.996901 -0.001325 0.078655
vn -0.998753 -0.001276 -0.049915
vn -0.999890 -0.001400 -0.014800
vn -0.999912 -0.001438 -0.013227
vn -0.996382 -0.001235 -0.084973
vn -0.998009 -0.001506 -0.063050
vn -0.987951 -0.001312 -0.154761
vn -0.992780 -0.001320 -0.119946
vn -0.993626 -0.001474 -0.112721
vn -0.986772 -0.001464 -0.162106
vn -0.981908 -0.001216 -0.189356
vn -0.977465 -0.001475 -0.211093
vn -0.966171 -0.001351 -0.257900
vn -0.974644 -0.001247 -0.223756
vn -0.965728 -0.001391 -0.259553
vn -0.956524 -0.001203 -0.291651
vn -0.951590 -0.001443 -0.307367
vn -0.945688 -0.001179 -0.325074
vn -0.935086 -0.001367 -0.354418
vn -0.919749 -0.001188 -0.392506
vn -0.933664 -0.001278 -0.358149
vn -0.916257 -0.001360 -0.400589
vn -0.902811 -0.001084 -0.430036
vn -0.895151 -0.001357 -0.445762
vn -0.883309 -0.001044 -0.468789
vn -0.871819 -0.001327 -0.489826
vn -0.862145 -0.001026 -0.506661
vn -0.846319 -0.001272 -0.532675
vn -0.839346 -0.001027 -0.543597
vn -0.814961 -0.001048 -0.579515
vn -0.818715 -0.001192 -0.574198
vn -0.789075 -0.001089 -0.614296
vn -0.760099 -0.000973 -0.649807
vn -0.789022 -0.001087 -0.614364
vn -0.726076 -0.000905 -0.687613
vn -0.757478 -0.001062 -0.652860
vn -0.723991 -0.000976 -0.689808
vn -0.688198 -0.000882 -0.725522
vn -0.688707 -0.000901 -0.725039
vn -0.648389 -0.000790 -0.761309
vn -0.651709 -0.000896 -0.758468
vn -0.606718 -0.000704 -0.794917
vn -0.613097 -0.000880 -0.790007
vn -0.563299 -0.000623 -0.826253
vn -0.572949 -0.000855 -0.819590
vn -0.518268 -0.000546 -0.855218
vn -0.531389 -0.000820 -0.847127
vn -0.469154 -0.000429 -0.883116
vn -0.488505 -0.000776 -0.872561
vn -0.412797 -0.000334 -0.910823
vn -0.444398 -0.000726 -0.895829
vn -0.399197 -0.000591 -0.916865
vn -0.351618 -0.000353 -0.936144
vn -0.352998 -0.000390 -0.935624
vn -0.289072 -0.000171 -0.957307
vn -0.305922 -0.000488 -0.952057
vn -0.225162 -0.000097 -0.974321
vn -0.258080 -0.000469 -0.966123
vn -0.209606 -0.000342 -0.977786
vn -0.160187 -0.000117 -0.987087
vn -0.160612 -0.000127 -0.987018
vn -0.111209 -0.000216 -0.993797
vn -0.094690 0.000069 -0.995507
vn -0.061531 -0.000198 -0.998105
vn -0.028313 0.000157 -0.999599
vn -0.011710 -0.000084 -0.999931
vn 0.037724 0.000146 -0.999288
vn 0.038151 0.000137 -0.999272
vn 0.087911 0.000054 -0.996128
vn 0.103779 0.000340 -0.994600
vn 0.137456 0.000057 -0.990508
vn 0.169290 0.000438 -0.985566
vn 0.186654 0.000167 -0.982426
vn 0.233958 0.000425 -0.972247
vn 0.235403 0.000392 -0.971898
vn 0.283542 0.000316 -0.958960
vn 0.297787 0.000610 -0.954632
vn 0.330995 0.000304 -0.943632
vn 0.357120 0.000669 -0.934058
vn 0.377623 0.000375 -0.925959
vn 0.409293 0.000686 -0.912403
vn 0.423303 0.000449 -0.905988
vn 0.457541 0.000734 -0.889188
vn 0.467941 0.000528 -0.883760
vn 0.504475 0.000773 -0.863426
vn 0.511407 0.000614 -0.859338
vn 0.549962 0.000802 -0.835189
vn 0.553608 0.000706 -0.832777
vn 0.593868 0.000821 -0.804562
vn 0.594431 0.000804 -0.804146
vn 0.633774 0.000829 -0.773517
vn 0.636111 0.000905 -0.771597
vn 0.671547 0.000837 -0.740961
vn 0.674524 0.000933 -0.738252
vn 0.707581 0.000902 -0.706632
vn 0.707641 0.000900 -0.706571
vn 0.737600 0.001015 -0.675237
vn 0.766219 0.001106 -0.642579
vn 0.741984 0.000881 -0.670417
vn 0.774477 0.000882 -0.632601
vn 0.793378 0.001174 -0.608728
vn 0.819037 0.001218 -0.573740
vn 0.805048 0.000901 -0.593210
vn 0.843151 0.001236 -0.537676
vn 0.833617 0.000940 -0.552342
vn 0.864567 0.001183 -0.502516
vn 0.882601 0.001136 -0.470121
vn 0.860112 0.001001 -0.510105
vn 0.884469 0.001051 -0.466597
vn 0.898593 0.001271 -0.438781
vn 0.906628 0.001026 -0.421929
vn 0.913457 0.001282 -0.406934
vn 0.926532 0.001124 -0.376215
vn 0.927174 0.001165 -0.374630
vn 0.939778 0.001297 -0.341782
vn 0.951212 0.001353 -0.308535
vn 0.944133 0.001078 -0.329562
vn 0.959387 0.001122 -0.282091
vn 0.961459 0.001279 -0.274947
vn 0.970528 0.001289 -0.240985
vn 0.972256 0.001139 -0.233918
vn 0.978398 0.001390 -0.206723
vn 0.982706 0.001126 -0.185167
vn 0.985057 0.001360 -0.172221
vn 0.990500 0.001245 -0.137508
vn 0.990715 0.001207 -0.135949
vn 0.994721 0.001392 -0.102611
vn 0.996260 0.001138 -0.086400
vn 0.997712 0.001407 -0.067596
vn 0.999328 0.001196 -0.036633
vn 0.999471 0.001291 -0.032493
vn 0.999996 0.001360 0.002648
vn 0.999912 0.001157 0.013225
vn 0.999285 0.001420 0.037777
vn 0.998010 0.001158 0.063051
vn 0.997340 0.001350 0.072877
vn 0.994163 0.001293 0.107884
vn 0.989760 0.001398 0.142733
vn 0.993626 0.001184 0.112720
vn 0.984133 0.001373 0.177425
vn 0.986773 0.001129 0.162107
vn 0.977283 0.001219 0.211934
vn 0.969240 0.001342 0.246113
vn 0.977465 0.001198 0.211093
vn 0.959998 0.001361 0.280003
vn 0.965729 0.001107 0.259552
vn 0.949554 0.001254 0.313601
vn 0.937952 0.001254 0.346764
vn 0.951590 0.001120 0.307367
vn 0.925201 0.001316 0.379476
vn 0.935086 0.001091 0.354419
vn 0.911283 0.001252 0.411778
vn 0.896232 0.001136 0.443584
vn 0.916258 0.001050 0.400588
vn 0.880123 0.001238 0.474744
vn 0.895151 0.001081 0.445762
vn 0.862896 0.001217 0.505381
vn 0.871819 0.000988 0.489827
vn 0.844569 0.001079 0.535445
vn 0.825259 0.001131 0.564754
vn 0.846319 0.001012 0.532675
vn 0.818716 0.000933 0.574198
vn 0.804924 0.001150 0.593377
vn 0.783546 0.001055 0.621333
vn 0.761216 0.000996 0.648498
vn 0.789076 0.000905 0.614295
vn 0.737995 0.001054 0.674805
vn 0.757478 0.000883 0.652860
vn 0.713822 0.000999 0.700326
vn 0.723991 0.000808 0.689809
vn 0.688703 0.000838 0.725043
vn 0.662872 0.000931 0.748732
vn 0.688707 0.000838 0.725039
vn 0.636159 0.000914 0.771557
vn 0.651709 0.000717 0.758468
vn 0.608606 0.000794 0.793472
vn 0.580362 0.000785 0.814358
vn 0.613097 0.000700 0.790007
vn 0.551432 0.000804 0.834219
vn 0.572950 0.000634 0.819590
vn 0.521747 0.000721 0.853100
vn 0.531390 0.000573 0.847127
vn 0.486318 0.000657 0.873782
vn 0.488505 0.000608 0.872561
vn 0.442256 0.000629 0.896888
vn 0.444399 0.000580 0.895829
vn 0.394395 0.000590 0.918941
vn 0.399198 0.000492 0.916865
vn 0.345448 0.000545 0.938438
vn 0.352998 0.000408 0.935624
vn 0.295525 0.000495 0.955335
vn 0.305922 0.000326 0.952057
vn 0.244787 0.000440 0.969577
vn 0.258081 0.000248 0.966123
vn 0.193361 0.000380 0.981128
vn 0.209606 0.000173 0.977786
vn 0.141401 0.000316 0.989952
vn 0.160612 0.000101 0.987018
vn 0.111209 0.000032 0.993797
vn 0.101735 0.000124 0.994811
vn 0.074967 0.000109 0.997186
vn 0.061531 -0.000035 0.998105
vn 0.036357 0.000167 0.999339
vn -0.013807 0.000103 0.999905
vn 0.011711 -0.000103 0.999931
vn -0.064605 0.000044 0.997911
vn -0.038151 -0.000172 0.999272
vn -0.115894 -0.000023 0.993262
vn -0.087910 -0.000239 0.996128
vn -0.137456 -0.000306 0.990508
vn -0.166854 -0.000091 0.985982
vn -0.186654 -0.000370 0.982426
vn -0.217379 -0.000159 0.976087
vn -0.235403 -0.000434 0.971898
vn -0.267337 -0.000228 0.963603
vn -0.283542 -0.000494 0.958960
vn -0.316566 -0.000296 0.948571
vn -0.330995 -0.000553 0.943632
vn -0.364970 -0.000366 0.931019
vn -0.377623 -0.000609 0.925959
vn -0.409770 -0.000449 0.912189
vn -0.423303 -0.000691 0.905988
vn -0.445948 -0.000525 0.895059
vn -0.467940 -0.000753 0.883760
vn -0.506235 -0.000688 0.862395
vn -0.476368 -0.000619 0.879246
vn -0.511407 -0.000798 0.859338
vn -0.535609 -0.000644 0.844466
vn -0.553607 -0.000881 0.832777
vn -0.592196 -0.000835 0.805794
vn -0.564245 -0.000714 0.825607
vn -0.594431 -0.000893 0.804146
vn -0.619570 -0.000761 0.784941
vn -0.633775 -0.000998 0.773517
vn -0.671880 -0.000982 0.740660
vn -0.646144 -0.000804 0.763215
vn -0.671547 -0.000972 0.740962
vn -0.696975 -0.000875 0.717095
vn -0.707641 -0.001101 0.706571
vn -0.721190 -0.000889 0.692737
vn -0.766991 -0.000987 0.641657
vn -0.744493 -0.001030 0.667630
vn -0.741984 -0.001103 0.670417
vn -0.774477 -0.001189 0.632601
vn -0.788586 -0.000969 0.614924
vn -0.828890 -0.001095 0.559410
vn -0.809192 -0.001082 0.587543
vn -0.805047 -0.001211 0.593210
vn -0.847618 -0.001044 0.530606
vn -0.833617 -0.001260 0.552342
vn -0.882002 -0.001198 0.471245
vn -0.865318 -0.001127 0.501222
vn -0.860111 -0.001304 0.510105
vn -0.897674 -0.001113 0.440658
vn -0.884469 -0.001312 0.466596
vn -0.925771 -0.001297 0.378084
vn -0.912265 -0.001165 0.409598
vn -0.906627 -0.001380 0.421930
vn -0.938215 -0.001177 0.346050
vn -0.926531 -0.001345 0.376215
vn -0.944133 -0.001437 0.329561
vn -0.949541 -0.001195 0.313640
vn -0.959387 -0.001384 0.282091
vn -0.968818 -0.001234 0.247771
vn -0.959736 -0.001354 0.280900
vn -0.972255 -0.001474 0.233919
vn -0.976752 -0.001217 0.214367
vn -0.982706 -0.001444 0.185166
vn -0.989156 -0.001284 0.146863
vn -0.983532 -0.001344 0.180731
vn -0.998102 -0.001298 0.061561
vn -0.998109 -0.001425 0.061449
vn -0.998103 -0.001303 0.061556
vn -0.998104 -0.001331 0.061531
vn -0.998105 -0.001334 0.061522
vn -0.998104 -0.001318 0.061539
vn -0.998104 -0.001325 0.061536
vn -0.998102 -0.001306 0.061574
vn -0.998105 -0.001335 0.061517
vn -0.998102 -0.001306 0.061570
vn -0.998104 -0.001324 0.061538
vn -0.998105 -0.001331 0.061526
vn -0.998104 -0.001332 0.061528
vn -0.998105 -0.001387 0.061512
vn -0.998104 -0.001329 0.061532
vn -0.998098 -0.001289 0.061640
vn -0.998103 -0.001294 0.061548
vn -0.998104 -0.001335 0.061533
vn -0.998110 -0.001345 0.061441
vn -0.998101 -0.001317 0.061577
vn -0.998105 -0.001391 0.061521
vn -0.998104 -0.001285 0.061540
vn -0.998104 -0.001332 0.061536
vn -0.998099 -0.001323 0.061615
vn -0.998108 -0.001331 0.061471
vn -0.998103 -0.001325 0.061543
vn -0.998101 -0.001329 0.061585
vn -0.998103 -0.001328 0.061556
vn -0.998104 -0.001315 0.061533
vn -0.998104 -0.001351 0.061540
vn -0.998104 -0.001299 0.061530
vn -0.998104 -0.001337 0.061537
vn -0.998104 -0.001326 0.061534
vn -0.998104 -0.001326 0.061535
vn -0.998104 -0.001326 0.061535
vn -0.998106 -0.001317 0.061505
vn -0.998101 -0.001338 0.061585
vn -0.998104 -0.001326 0.061536
vn -0.998104 -0.001333 0.061537
vn -0.998104 -0.001321 0.061533
vn -0.998104 -0.001330 0.061535
vn -0.998104 -0.001326 0.061535
vn -0.998104 -0.001336 0.061536
vn -0.998103 -0.001335 0.061555
vn -0.998104 -0.001327 0.061535
vn -0.998101 -0.001344 0.061578
vn -0.998104 -0.001325 0.061530
vn -0.998104 -0.001324 0.061535
vn -0.998104 -0.001327 0.061536
vn -0.998110 -0.001270 0.061440
vn -0.998104 -0.001329 0.061540
vn -0.998100 -0.001367 0.061598
vn -0.998107 -0.001268 0.061491
vn -0.998103 -0.001338 0.061542
vn -0.998105 -0.001320 0.061523
vn -0.998104 -0.001315 0.061528
vn -0.998104 -0.001327 0.061535
vn -0.998108 -0.001273 0.061477
vn -0.998101 -0.001380 0.061586
vn -0.998104 -0.001332 0.061539
vn -0.998104 -0.001320 0.061531
vn -0.998103 -0.001344 0.061552
vn -0.998110 -0.001249 0.061434
vn -0.998104 -0.001324 0.061533
vn -0.998107 -0.001268 0.061492
vn -0.998105 -0.001307 0.061520
vn -0.998103 -0.001338 0.061545
vn -0.998102 -0.001347 0.061574
vn -0.998104 -0.001326 0.061534
vn -0.998104 -0.001323 0.061534
vn -0.998105 -0.001306 0.061525
vn -0.998103 -0.001330 0.061547
vn -0.998109 -0.001298 0.061460
vn -0.998104 -0.001324 0.061533
vn -0.998104 -0.001326 0.061535
vn -0.998104 -0.001326 0.061535
vn -0.998104 -0.001345 0.061542
vn -0.998104 -0.001323 0.061534
vn -0.998104 -0.001327 0.061536
vn -0.998104 -0.001327 0.061535
vn -0.998104 -0.001328 0.061536
vn -0.998103 -0.001369 0.061544
vn -0.998100 -0.001340 0.061601
vn -0.998104 -0.001326 0.061542
vn -0.998105 -0.001324 0.061522
vn -0.998103 -0.001328 0.061551
vn -0.998104 -0.001221 0.061531
vn -0.998104 -0.001294 0.061533
vn -0.998104 -0.001330 0.061535
vn -0.998104 -0.001325 0.061530
vn -0.998106 -0.001323 0.061508
vn -0.998104 -0.001343 0.061536
vn -0.998104 -0.001330 0.061535
vn -0.998105 -0.001325 0.061523
vn -0.998103 -0.001324 0.061560
vn -0.998104 -0.001327 0.061542
vn -0.998105 -0.001479 0.061508
vn -0.998104 -0.001301 0.061539
vn -0.998103 -0.001259 0.061547
vn -0.998097 -0.001295 0.061656
vn -0.998104 -0.001327 0.061532
vn -0.998104 -0.001350 0.061530
vn -0.998104 -0.001327 0.061528
vn -0.998104 -0.001319 0.061536
vn -0.998100 -0.001300 0.061598
vn -0.998104 -0.001325 0.061539
vn -0.998104 -0.001318 0.061539
vn -0.998103 -0.001294 0.061552
vn -0.998104 -0.001326 0.061536
vn -0.998104 -0.001329 0.061530
vn -0.998104 -0.001326 0.061535
vn -0.998104 -0.001327 0.061535
vn -0.998103 -0.001293 0.061552
vn -0.998097 -0.001253 0.061643
vn -0.998106 -0.001378 0.061499
vn -0.998104 -0.001326 0.061535
vn -0.998102 -0.001285 0.061566
vn -0.998104 -0.001326 0.061535
vn -0.998097 -0.001231 0.061647
vn -0.998105 -0.001332 0.061527
vn -0.998104 -0.001327 0.061533
vn -0.998105 -0.001341 0.061515
vn -0.998104 -0.001331 0.061536
vn -0.998104 -0.001326 0.061535
vn -0.061483 -0.025009 -0.997795
vn -0.061159 -0.074811 -0.995320
vn -0.061611 -0.033294 -0.997545
vn -0.060781 -0.124429 -0.990365
vn -0.061312 -0.099342 -0.993163
vn -0.060359 -0.173731 -0.982942
vn -0.059707 -0.222593 -0.973081
vn -0.060643 -0.164832 -0.984456
vn -0.058766 -0.270923 -0.960806
vn -0.059746 -0.229645 -0.971439
vn -0.058665 -0.293526 -0.954149
vn -0.057784 -0.318559 -0.946140
vn -0.057220 -0.356020 -0.932725
vn -0.056774 -0.365417 -0.929111
vn -0.055567 -0.411364 -0.909776
vn -0.055556 -0.413907 -0.908622
vn -0.054080 -0.456281 -0.888191
vn -0.053980 -0.464708 -0.883817
vn -0.052527 -0.500072 -0.864390
vn -0.052334 -0.511467 -0.857708
vn -0.050848 -0.542616 -0.838441
vn -0.050533 -0.556754 -0.829139
vn -0.049047 -0.583811 -0.810407
vn -0.048581 -0.600441 -0.798192
vn -0.047131 -0.623554 -0.780358
vn -0.046485 -0.642400 -0.764959
vn -0.045104 -0.661746 -0.748370
vn -0.044249 -0.682509 -0.729537
vn -0.042971 -0.698292 -0.714522
vn -0.041974 -0.718783 -0.693966
vn -0.040722 -0.733106 -0.678894
vn -0.039842 -0.749848 -0.660410
vn -0.038376 -0.766096 -0.641580
vn -0.037756 -0.777836 -0.627333
vn -0.035956 -0.797181 -0.602669
vn -0.035577 -0.804354 -0.593084
vn -0.033469 -0.826284 -0.562258
vn -0.033308 -0.829348 -0.557738
vn -0.030980 -0.852790 -0.521334
vn -0.030899 -0.853333 -0.520450
vn -0.028716 -0.874662 -0.483883
vn -0.028145 -0.878260 -0.477355
vn -0.026486 -0.893898 -0.447487
vn -0.025329 -0.901003 -0.433072
vn -0.024403 -0.909912 -0.414082
vn -0.022537 -0.921507 -0.387706
vn -0.022309 -0.923909 -0.381962
vn -0.019641 -0.939720 -0.341381
vn -0.020302 -0.936788 -0.349309
vn -0.016696 -0.955595 -0.294209
vn -0.018324 -0.948511 -0.316213
vn -0.016200 -0.959052 -0.282767
vn -0.013778 -0.969096 -0.246298
vn -0.014010 -0.968406 -0.248984
vn -0.010706 -0.980188 -0.197782
vn -0.012022 -0.976577 -0.214833
vn -0.007736 -0.988842 -0.148766
vn -0.009894 -0.983535 -0.180448
vn -0.007626 -0.989274 -0.145872
vn -0.005568 -0.993797 -0.111068
vn -0.004629 -0.995038 -0.099391
vn -0.003461 -0.997092 -0.076133
vn -0.001578 -0.998760 -0.049761
vn -0.001221 -0.999153 -0.041130
vn 0.001475 -0.999999 -0.000009
vn 0.000969 -0.999981 -0.006062
vn 0.003030 -0.999574 0.029017
vn 0.004577 -0.998752 0.049739
vn 0.005216 -0.997933 0.064058
vn 0.007546 -0.995022 0.099374
vn 0.007516 -0.995057 0.099022
vn 0.010668 -0.988818 0.148749
vn 0.009506 -0.990955 0.133855
vn 0.013635 -0.980155 0.197762
vn 0.011615 -0.985629 0.168523
vn 0.013838 -0.979081 0.203000
vn 0.016635 -0.969056 0.246280
vn 0.015895 -0.971329 0.237208
vn 0.019577 -0.955548 0.294185
vn 0.017903 -0.962380 0.271117
vn 0.020018 -0.952232 0.304720
vn 0.022418 -0.939664 0.341364
vn 0.022127 -0.940907 0.337942
vn 0.025304 -0.921442 0.387690
vn 0.024012 -0.928439 0.370708
vn 0.028004 -0.900933 0.433054
vn 0.025995 -0.914813 0.403040
vn 0.028070 -0.900033 0.434917
vn 0.030763 -0.878181 0.477338
vn 0.029872 -0.884180 0.466190
vn 0.033365 -0.853247 0.520438
vn 0.031703 -0.867232 0.496894
vn 0.033617 -0.849181 0.527031
vn 0.035899 -0.826193 0.562243
vn 0.035416 -0.830093 0.556500
vn 0.038376 -0.797082 0.602651
vn 0.037077 -0.810015 0.585235
vn 0.038812 -0.788897 0.613298
vn 0.040665 -0.765991 0.641564
vn 0.040582 -0.766772 0.640635
vn 0.042988 -0.732995 0.678874
vn 0.042056 -0.743793 0.667085
vn 0.045093 -0.698180 0.714500
vn 0.043595 -0.719853 0.692756
vn 0.045194 -0.694961 0.717626
vn 0.047158 -0.661623 0.748352
vn 0.046582 -0.669299 0.741531
vn 0.049077 -0.623420 0.780346
vn 0.047912 -0.642810 0.764526
vn 0.049293 -0.615462 0.786624
vn 0.050606 -0.587347 0.807751
vn 0.050846 -0.583678 0.810392
vn 0.051713 -0.558614 0.827814
vn 0.052557 -0.542479 0.838424
vn 0.052863 -0.529111 0.846904
vn 0.054037 -0.499930 0.864379
vn 0.054049 -0.498885 0.864981
vn 0.054952 -0.468202 0.881911
vn 0.055501 -0.456135 0.888178
vn 0.055957 -0.431644 0.900307
vn 0.056773 -0.411215 0.909769
vn 0.057120 -0.386247 0.920625
vn 0.057898 -0.365264 0.929102
vn 0.058236 -0.337092 0.939669
vn 0.058876 -0.318404 0.946125
vn 0.059705 -0.270765 0.960792
vn 0.059194 -0.287011 0.956097
vn 0.060383 -0.222444 0.973074
vn 0.059989 -0.236114 0.969872
vn 0.060908 -0.173560 0.982938
vn 0.060620 -0.184568 0.980948
vn 0.061279 -0.124268 0.990355
vn 0.061085 -0.132501 0.989299
vn 0.061497 -0.074648 0.995312
vn 0.061383 -0.080068 0.994898
vn 0.061666 -0.024845 0.997788
vn 0.061521 -0.040273 0.997293
vn 0.061483 0.025009 0.997795
vn 0.061547 -0.013372 0.998015
vn 0.061368 0.074811 0.995308
vn 0.061302 0.033294 0.997564
vn 0.061003 0.124430 0.990351
vn 0.060886 0.099340 0.993189
vn 0.060380 0.173722 0.982942
vn 0.059685 0.222603 0.973080
vn 0.060307 0.164828 0.984477
vn 0.058984 0.270924 0.960792
vn 0.059427 0.229645 0.971459
vn 0.058031 0.318559 0.946125
vn 0.058206 0.293529 0.954176
vn 0.056818 0.365416 0.929109
vn 0.055519 0.411364 0.909779
vn 0.056843 0.356020 0.932748
vn 0.054223 0.456281 0.888182
vn 0.055381 0.413908 0.908632
vn 0.052726 0.500072 0.864377
vn 0.053763 0.464706 0.883831
vn 0.051092 0.542616 0.838425
vn 0.052066 0.511464 0.857726
vn 0.049326 0.583811 0.810390
vn 0.050224 0.556757 0.829156
vn 0.047432 0.623548 0.780345
vn 0.048244 0.600441 0.798213
vn 0.046131 0.642397 0.764982
vn 0.045413 0.661746 0.748351
vn 0.043893 0.682511 0.729556
vn 0.043275 0.698297 0.714498
vn 0.041685 0.718781 0.693985
vn 0.041038 0.733107 0.678874
vn 0.039597 0.749846 0.660426
vn 0.038696 0.766096 0.641560
vn 0.037529 0.777839 0.627342
vn 0.036236 0.797181 0.602652
vn 0.035415 0.804350 0.593099
vn 0.033662 0.826285 0.562245
vn 0.033259 0.829350 0.557739
vn 0.031036 0.852788 0.521334
vn 0.031006 0.853333 0.520444
vn 0.028624 0.874662 0.483887
vn 0.028380 0.878260 0.477340
vn 0.026315 0.893899 0.447495
vn 0.025674 0.901004 0.433051
vn 0.024237 0.909911 0.414096
vn 0.022819 0.921506 0.387692
vn 0.022332 0.923910 0.381957
vn 0.020280 0.936786 0.349315
vn 0.019953 0.939720 0.341363
vn 0.018146 0.948512 0.316222
vn 0.017040 0.955597 0.294184
vn 0.016118 0.959051 0.282775
vn 0.014117 0.968406 0.248978
vn 0.014015 0.969097 0.246283
vn 0.011074 0.980188 0.197759
vn 0.011873 0.976577 0.214840
vn 0.009742 0.983534 0.180458
vn 0.007978 0.988842 0.148752
vn 0.007730 0.989275 0.145863
vn 0.004980 0.995038 0.099369
vn 0.005487 0.993797 0.111074
vn 0.001902 0.998760 0.049741
vn 0.003278 0.997091 0.076148
vn 0.001195 0.999153 0.041131
vn -0.001182 0.999999 -0.000009
vn -0.000941 0.999981 0.006060
vn -0.004211 0.998752 -0.049762
vn -0.003204 0.999574 -0.029006
vn -0.005334 0.997932 -0.064050
vn -0.007352 0.995022 -0.099387
vn -0.007339 0.995057 -0.099032
vn -0.010302 0.988818 -0.148770
vn -0.009632 0.990955 -0.133847
vn -0.013355 0.980156 -0.197780
vn -0.011784 0.985629 -0.168512
vn -0.013795 0.979081 -0.203005
vn -0.015935 0.971329 -0.237206
vn -0.016309 0.969056 -0.246300
vn -0.018084 0.962380 -0.271105
vn -0.019238 0.955548 -0.294209
vn -0.020085 0.952232 -0.304713
vn -0.022044 0.940905 -0.337951
vn -0.022171 0.939664 -0.341379
vn -0.024165 0.928440 -0.370696
vn -0.024949 0.921444 -0.387708
vn -0.026132 0.914813 -0.403031
vn -0.027788 0.900933 -0.433067
vn -0.027949 0.900031 -0.434928
vn -0.029960 0.884184 -0.466178
vn -0.030430 0.878182 -0.477358
vn -0.031870 0.867232 -0.496884
vn -0.033075 0.853248 -0.520455
vn -0.033625 0.849179 -0.527034
vn -0.035409 0.830091 -0.556503
vn -0.035624 0.826193 -0.562260
vn -0.037237 0.810017 -0.585223
vn -0.038053 0.797082 -0.602670
vn -0.038906 0.788895 -0.613295
vn -0.040449 0.766774 -0.640641
vn -0.040479 0.765991 -0.641575
vn -0.042175 0.743792 -0.667080
vn -0.042669 0.732996 -0.678894
vn -0.043737 0.719850 -0.692750
vn -0.044864 0.698175 -0.714520
vn -0.045138 0.694970 -0.717621
vn -0.046629 0.669300 -0.741528
vn -0.046876 0.661624 -0.748369
vn -0.048065 0.642803 -0.764522
vn -0.048799 0.623426 -0.780358
vn -0.049336 0.615464 -0.786620
vn -0.050554 0.587348 -0.807754
vn -0.050630 0.583679 -0.810405
vn -0.051844 0.558607 -0.827810
vn -0.052266 0.542478 -0.838442
vn -0.052968 0.529121 -0.846892
vn -0.053873 0.499930 -0.864389
vn -0.053932 0.498881 -0.864991
vn -0.055035 0.468192 -0.881911
vn -0.055228 0.456136 -0.888195
vn -0.056499 0.411215 -0.909786
vn -0.056200 0.431651 -0.900288
vn -0.057635 0.365264 -0.929118
vn -0.057422 0.386244 -0.920608
vn -0.058523 0.337100 -0.939648
vn -0.058632 0.318404 -0.946140
vn -0.059458 0.287008 -0.956081
vn -0.059485 0.270766 -0.960806
vn -0.060226 0.236111 -0.969858
vn -0.060193 0.222434 -0.973088
vn -0.060824 0.184569 -0.980936
vn -0.060753 0.173570 -0.982946
vn -0.061250 0.132498 -0.989289
vn -0.061166 0.124268 -0.990362
vn -0.061504 0.080070 -0.994890
vn -0.061427 0.074648 -0.995316
vn -0.061432 0.024845 -0.997802
vn -0.061556 0.040285 -0.997290
vn -0.061547 0.013360 -0.998015
vn -0.001269 0.999999 0.000058
vn -0.001387 0.999999 -0.000061
vn -0.001340 0.999999 -0.000010
vn -0.001330 0.999999 0.000000
vn -0.001350 0.999999 -0.000011
vn -0.001296 0.999999 0.000055
vn -0.001333 0.999999 -0.000003
vn -0.001334 0.999999 -0.000004
vn -0.001359 0.999999 -0.000015
vn -0.001341 0.999999 -0.000006
vn -0.001312 0.999999 0.000008
vn -0.001331 0.999999 -0.000002
vn -0.001322 0.999999 0.000005
vn -0.001264 0.999999 0.000137
vn -0.001327 0.999999 0.000001
vn -0.001480 0.999999 -0.000044
vn -0.001339 0.999999 -0.000023
vn -0.001328 0.999999 0.000002
vn -0.001241 0.999999 0.000013
vn -0.001316 0.999999 0.000003
vn -0.001329 0.999999 0.000004
vn -0.001327 0.999999 0.000016
vn -0.001332 0.999999 -0.000024
vn -0.001432 0.999999 0.000001
vn -0.001296 0.999999 -0.000000
vn -0.001337 0.999999 -0.000001
vn -0.001440 0.999999 0.000012
vn -0.001310 0.999999 -0.000002
vn -0.001322 0.999999 -0.000047
vn -0.001325 0.999999 -0.000023
vn -0.001326 0.999999 -0.000022
vn -0.001334 0.999999 0.000043
vn -0.001327 0.999999 0.000000
vn -0.001328 0.999999 0.000000
vn -0.001329 0.999999 0.000000
vn -0.001195 0.999999 -0.000042
vn -0.001313 0.999999 -0.000004
vn -0.001328 0.999999 0.000000
vn -0.001319 0.999999 -0.000037
vn -0.001328 0.999999 -0.000001
vn -0.001329 0.999999 -0.000000
vn -0.001329 0.999999 0.000003
vn -0.001329 0.999999 0.000001
vn -0.001337 0.999999 0.000004
vn -0.001329 0.999999 -0.000002
vn -0.001354 0.999999 0.000011
vn -0.001326 0.999999 -0.000002
vn -0.001312 0.999999 -0.000037
vn -0.001294 0.999999 -0.000073
vn -0.001274 0.999999 -0.000037
vn -0.001323 0.999999 -0.000004
vn -0.001351 0.999999 0.000017
vn -0.001334 0.999999 0.000007
vn -0.001331 0.999999 0.000003
vn -0.001335 0.999999 0.000004
vn -0.001339 0.999999 0.000019
vn -0.001326 0.999999 -0.000002
vn -0.001331 0.999999 0.000003
vn -0.001364 0.999999 0.000039
vn -0.001326 0.999999 -0.000004
vn -0.001331 0.999999 0.000003
vn -0.001393 0.999999 0.000082
vn -0.001262 0.999999 -0.000056
vn -0.001332 0.999999 0.000004
vn -0.001334 0.999999 0.000007
vn -0.001332 0.999999 0.000004
vn -0.001324 0.999999 -0.000006
vn -0.001329 0.999999 -0.000001
vn -0.001328 0.999999 -0.000001
vn -0.001320 0.999999 -0.000019
vn -0.001336 0.999999 0.000019
vn -0.001292 0.999999 -0.000016
vn -0.001337 0.999999 0.000004
vn -0.001331 0.999999 0.000002
vn -0.001329 0.999999 0.000000
vn -0.001329 0.999999 -0.000000
vn -0.001319 0.999999 -0.000037
vn -0.001331 0.999999 0.000007
vn -0.001328 0.999999 -0.000001
vn -0.001328 0.999999 -0.000002
vn -0.001329 0.999999 0.000001
vn -0.001327 0.999999 -0.000011
vn -0.001274 0.999999 -0.000013
vn -0.001448 0.999999 0.000018
vn -0.001309 0.999999 -0.000004
vn -0.001308 0.999999 -0.000004
vn -0.001332 0.999999 -0.000054
vn -0.001329 0.999999 0.000039
vn -0.001329 0.999999 -0.000023
vn -0.001350 0.999999 0.000004
vn -0.001334 0.999999 0.000001
vn -0.001330 0.999999 -0.000002
vn -0.001329 0.999999 0.000004
vn -0.001317 0.999999 -0.000002
vn -0.001233 0.999999 0.000009
vn -0.001332 0.999999 0.000000
vn -0.001351 0.999999 -0.000096
vn -0.001328 0.999999 -0.000001
vn -0.001325 0.999999 0.000012
vn -0.001353 0.999999 -0.000005
vn -0.001327 0.999999 -0.000000
vn -0.001324 0.999999 0.000016
vn -0.001335 0.999999 0.000000
vn -0.001327 0.999999 0.000007
vn -0.001303 0.999999 0.000008
vn -0.001383 0.999999 -0.000020
vn -0.001400 0.999999 -0.000121
vn -0.001316 0.999999 0.000022
vn -0.001329 0.999999 -0.000000
vn -0.001319 0.999999 0.000004
vn -0.001329 0.999999 -0.000001
vn -0.001328 0.999999 0.000001
vn -0.001313 0.999999 0.000027
vn -0.001226 0.999999 0.000060
vn -0.001379 0.999999 -0.000063
vn -0.001329 0.999999 -0.000001
vn -0.001314 0.999999 0.000016
vn -0.001329 0.999999 -0.000000
vn -0.001293 0.999999 0.000028
vn -0.001345 0.999999 -0.000011
vn -0.001329 0.999999 0.000000
vn -0.001326 0.999999 0.000002
vn -0.001329 0.999999 0.000002
vn -0.001329 0.999999 -0.000000
vn 0.001343 -0.999999 0.000013
vn 0.001317 -0.999999 -0.000014
vn 0.001303 -0.999999 -0.000025
vn 0.001336 -0.999999 0.000008
vn 0.001258 -0.999999 -0.000034
vn 0.001400 -0.999999 0.000121
vn 0.001328 -0.999999 -0.000000
vn 0.001366 -0.999999 0.000016
vn 0.001344 -0.999999 0.000007
vn 0.001295 -0.999999 -0.000017
vn 0.001342 -0.999999 0.000007
vn 0.001327 -0.999999 -0.000001
vn 0.001335 -0.999999 0.000004
vn 0.001351 -0.999999 0.000048
vn 0.001328 -0.999999 -0.000001
vn 0.001284 -0.999999 -0.000014
vn 0.001339 -0.999999 0.000023
vn 0.001328 -0.999999 -0.000002
vn 0.001342 -0.999999 0.000003
vn 0.001349 -0.999999 0.000004
vn 0.001351 -0.999999 0.000096
vn 0.001330 -0.999999 0.000010
vn 0.001332 -0.999999 0.000024
vn 0.001228 -0.999999 0.000001
vn 0.001365 -0.999999 -0.000001
vn 0.001314 -0.999999 -0.000001
vn 0.001236 -0.999999 0.000011
vn 0.001378 -0.999999 -0.000005
vn 0.001336 -0.999999 -0.000054
vn 0.001331 -0.999999 -0.000011
vn 0.001331 -0.999999 -0.000019
vn 0.001326 -0.999999 0.000025
vn 0.001316 -0.999999 0.000003
vn 0.001330 -0.999999 0.000000
vn 0.001329 -0.999999 -0.000000
vn 0.001390 -0.999999 -0.000021
vn 0.001313 -0.999999 0.000004
vn 0.001331 -0.999999 0.000000
vn 0.001319 -0.999999 0.000037
vn 0.001330 -0.999999 -0.000004
vn 0.001329 -0.999999 0.000000
vn 0.001329 -0.999999 0.000003
vn 0.001329 -0.999999 0.000003
vn 0.001337 -0.999999 -0.000004
vn 0.001329 -0.999999 0.000002
vn 0.001292 -0.999999 0.000016
vn 0.001341 -0.999999 -0.000007
vn 0.001325 -0.999999 0.000006
vn 0.001338 -0.999999 -0.000020
vn 0.001359 -0.999999 -0.000020
vn 0.001338 -0.999999 -0.000005
vn 0.001325 -0.999999 0.000004
vn 0.001334 -0.999999 -0.000007
vn 0.001324 -0.999999 0.000009
vn 0.001313 -0.999999 0.000010
vn 0.001319 -0.999999 0.000017
vn 0.001328 -0.999999 0.000000
vn 0.001331 -0.999999 -0.000003
vn 0.001296 -0.999999 0.000036
vn 0.001333 -0.999999 -0.000007
vn 0.001329 -0.999999 -0.000001
vn 0.001267 -0.999999 0.000079
vn 0.001341 -0.999999 -0.000009
vn 0.001325 -0.999999 0.000005
vn 0.001334 -0.999999 -0.000007
vn 0.001332 -0.999999 -0.000004
vn 0.001334 -0.999999 -0.000008
vn 0.001329 -0.999999 0.000001
vn 0.001327 -0.999999 0.000002
vn 0.001320 -0.999999 0.000019
vn 0.001336 -0.999999 -0.000019
vn 0.001354 -0.999999 -0.000011
vn 0.001337 -0.999999 -0.000004
vn 0.001327 -0.999999 0.000002
vn 0.001329 -0.999999 -0.000000
vn 0.001329 -0.999999 0.000000
vn 0.001319 -0.999999 0.000037
vn 0.001320 -0.999999 0.000025
vn 0.001330 -0.999999 -0.000001
vn 0.001330 -0.999999 -0.000001
vn 0.001329 -0.999999 -0.000001
vn 0.001327 -0.999999 0.000011
vn 0.001374 -0.999999 -0.000010
vn 0.001246 -0.999999 0.000014
vn 0.001335 -0.999999 -0.000000
vn 0.001358 -0.999999 -0.000005
vn 0.001326 -0.999999 -0.000049
vn 0.001330 -0.999999 0.000064
vn 0.001329 -0.999999 -0.000029
vn 0.001316 -0.999999 0.000003
vn 0.001300 -0.999999 0.000005
vn 0.001328 -0.999999 -0.000008
vn 0.001328 -0.999999 0.000002
vn 0.001343 -0.999999 -0.000003
vn 0.001437 -0.999999 0.000009
vn 0.001329 -0.999999 -0.000000
vn 0.001329 -0.999999 -0.000004
vn 0.001325 -0.999999 -0.000016
vn 0.001335 -0.999999 0.000021
vn 0.001353 -0.999999 0.000005
vn 0.001326 -0.999999 -0.000000
vn 0.001328 -0.999999 -0.000006
vn 0.001318 -0.999999 0.000000
vn 0.001338 -0.999999 0.000033
vn 0.001208 -0.999999 -0.000044
vn 0.001287 -0.999999 -0.000016
vn 0.001296 -0.999999 -0.000055
vn 0.001351 -0.999999 0.000037
vn 0.001329 -0.999999 0.000000
vn 0.001319 -0.999999 -0.000004
vn 0.001329 -0.999999 -0.000000
vn 0.001328 -0.999999 -0.000001
vn 0.001348 -0.999999 0.000032
vn 0.001315 -0.999999 -0.000010
vn 0.001316 -0.999999 -0.000018
vn 0.001328 -0.999999 -0.000003
vn 0.001338 -0.999999 0.000009
vn 0.001329 -0.999999 0.000000
vn 0.001373 -0.999999 0.000035
vn 0.001302 -0.999999 -0.000018
vn 0.001331 -0.999999 0.000000
vn 0.001360 -0.999999 0.000021
vn 0.001328 -0.999999 0.000004
vn 0.001329 -0.999999 -0.000000
vn 0.998102 0.001292 -0.061566
vn 0.998109 0.001425 -0.061449
vn 0.998103 0.001301 -0.061557
vn 0.998104 0.001330 -0.061532
vn 0.998105 0.001334 -0.061522
vn 0.998104 0.001318 -0.061539
vn 0.998104 0.001327 -0.061534
vn 0.998105 0.001338 -0.061514
vn 0.998106 0.001344 -0.061502
vn 0.998102 0.001312 -0.061561
vn 0.998106 0.001344 -0.061507
vn 0.998103 0.001317 -0.061551
vn 0.998105 0.001333 -0.061527
vn 0.998106 0.001399 -0.061507
vn 0.998104 0.001324 -0.061538
vn 0.998104 0.001322 -0.061544
vn 0.998103 0.001306 -0.061544
vn 0.998105 0.001383 -0.061516
vn 0.998111 0.001350 -0.061416
vn 0.998101 0.001317 -0.061577
vn 0.998105 0.001479 -0.061508
vn 0.998104 0.001316 -0.061537
vn 0.998104 0.001319 -0.061537
vn 0.998105 0.001326 -0.061513
vn 0.998102 0.001323 -0.061572
vn 0.998104 0.001325 -0.061543
vn 0.998101 0.001329 -0.061585
vn 0.998103 0.001328 -0.061556
vn 0.998104 0.001303 -0.061531
vn 0.998104 0.001347 -0.061538
vn 0.998104 0.001339 -0.061537
vn 0.998104 0.001345 -0.061538
vn 0.998105 0.001325 -0.061522
vn 0.998104 0.001327 -0.061534
vn 0.998104 0.001326 -0.061535
vn 0.998111 0.001298 -0.061418
vn 0.998104 0.001329 -0.061539
vn 0.998104 0.001327 -0.061533
vn 0.998104 0.001345 -0.061542
vn 0.998104 0.001325 -0.061535
vn 0.998104 0.001325 -0.061535
vn 0.998104 0.001330 -0.061535
vn 0.998104 0.001307 -0.061531
vn 0.998109 0.001298 -0.061460
vn 0.998104 0.001329 -0.061535
vn 0.998103 0.001330 -0.061547
vn 0.998105 0.001317 -0.061515
vn 0.998104 0.001324 -0.061535
vn 0.998104 0.001327 -0.061536
vn 0.998110 0.001270 -0.061440
vn 0.998104 0.001325 -0.061534
vn 0.998100 0.001367 -0.061598
vn 0.998107 0.001268 -0.061492
vn 0.998104 0.001338 -0.061542
vn 0.998105 0.001319 -0.061523
vn 0.998104 0.001315 -0.061528
vn 0.998104 0.001324 -0.061532
vn 0.998108 0.001265 -0.061468
vn 0.998101 0.001371 -0.061577
vn 0.998104 0.001331 -0.061538
vn 0.998104 0.001321 -0.061531
vn 0.998103 0.001344 -0.061552
vn 0.998111 0.001241 -0.061424
vn 0.998104 0.001325 -0.061534
vn 0.998107 0.001268 -0.061491
vn 0.998105 0.001307 -0.061520
vn 0.998103 0.001338 -0.061545
vn 0.998102 0.001347 -0.061574
vn 0.998104 0.001326 -0.061534
vn 0.998104 0.001323 -0.061534
vn 0.998104 0.001314 -0.061529
vn 0.998101 0.001344 -0.061578
vn 0.998103 0.001335 -0.061555
vn 0.998104 0.001327 -0.061535
vn 0.998104 0.001326 -0.061535
vn 0.998104 0.001326 -0.061535
vn 0.998104 0.001333 -0.061537
vn 0.998104 0.001323 -0.061534
vn 0.998104 0.001326 -0.061535
vn 0.998104 0.001327 -0.061535
vn 0.998104 0.001325 -0.061534
vn 0.998103 0.001369 -0.061544
vn 0.998098 0.001345 -0.061626
vn 0.998104 0.001326 -0.061542
vn 0.998105 0.001324 -0.061522
vn 0.998103 0.001328 -0.061551
vn 0.998104 0.001425 -0.061536
vn 0.998104 0.001302 -0.061533
vn 0.998104 0.001322 -0.061534
vn 0.998104 0.001325 -0.061530
vn 0.998104 0.001326 -0.061537
vn 0.998104 0.001343 -0.061536
vn 0.998104 0.001330 -0.061535
vn 0.998103 0.001328 -0.061552
vn 0.998097 0.001308 -0.061648
vn 0.998104 0.001326 -0.061531
vn 0.998105 0.001391 -0.061521
vn 0.998104 0.001293 -0.061540
vn 0.998105 0.001364 -0.061526
vn 0.998097 0.001298 -0.061644
vn 0.998104 0.001326 -0.061535
vn 0.998104 0.001355 -0.061529
vn 0.998104 0.001326 -0.061530
vn 0.998104 0.001318 -0.061537
vn 0.998112 0.001379 -0.061411
vn 0.998104 0.001325 -0.061539
vn 0.998104 0.001318 -0.061539
vn 0.998103 0.001301 -0.061548
vn 0.998104 0.001326 -0.061536
vn 0.998104 0.001329 -0.061530
vn 0.998104 0.001326 -0.061535
vn 0.998104 0.001326 -0.061535
vn 0.998103 0.001295 -0.061551
vn 0.998097 0.001253 -0.061643
vn 0.998106 0.001378 -0.061499
vn 0.998104 0.001326 -0.061535
vn 0.998102 0.001285 -0.061566
vn 0.998104 0.001326 -0.061535
vn 0.998106 0.001354 -0.061500
vn 0.998105 0.001334 -0.061524
vn 0.998104 0.001326 -0.061534
vn 0.998105 0.001337 -0.061520
vn 0.998104 0.001331 -0.061536
vn 0.998104 0.001326 -0.061535
f 1//1 2//1 3//1
f 1//2 3//2 4//2
f 5//3 4//3 6//3
f 5//4 1//4 4//4
f 7//5 6//5 8//5
f 7//6 5//6 6//6
f 9//7 7//7 8//7
f 10//8 8//8 11//8
f 10//9 9//9 8//9
f 12//10 10//10 11//10
f 12//11 11//11 13//11
f 14//12 12//12 13//12
f 14//13 13//13 15//13
f 16//14 14//14 15//14
f 17//15 16//15 15//15
f 17//16 15//16 18//16
f 19//17 17//17 18//17
f 19//18 18//18 20//18
f 21//19 19//19 20//19
f 21//20 20//20 22//20
f 23//21 21//21 22//21
f 23//22 22//22 24//22
f 25//23 23//23 24//23
f 25//24 24//24 26//24
f 27//25 25//25 26//25
f 27//26 26//26 28//26
f 29//27 27//27 28//27
f 29//28 28//28 30//28
f 31//29 29//29 30//29
f 31//30 30//30 32//30
f 33//31 32//31 34//31
f 33//32 31//32 32//32
f 35//33 34//33 36//33
f 35//34 33//34 34//34
f 37//35 36//35 38//35
f 37//36 35//36 36//36
f 39//37 38//37 40//37
f 39//38 40//38 41//38
f 39//39 37//39 38//39
f 42//40 41//40 43//40
f 42//41 39//41 41//41
f 44//42 43//42 45//42
f 44//43 42//43 43//43
f 46//44 45//44 47//44
f 46//45 44//45 45//45
f 48//46 47//46 49//46
f 48//47 49//47 50//47
f 48//48 46//48 47//48
f 51//49 50//49 52//49
f 51//50 48//50 50//50
f 53//51 51//51 52//51
f 53//52 52//52 54//52
f 53//53 54//53 55//53
f 56//54 55//54 57//54
f 56//55 53//55 55//55
f 58//56 57//56 59//56
f 58//57 56//57 57//57
f 60//58 59//58 61//58
f 60//59 61//59 62//59
f 60//60 58//60 59//60
f 63//61 60//61 62//61
f 63//62 62//62 64//62
f 65//63 63//63 64//63
f 65//64 64//64 66//64
f 65//65 66//65 67//65
f 68//66 65//66 67//66
f 68//67 67//67 69//67
f 70//68 68//68 69//68
f 70//69 69//69 71//69
f 70//70 71//70 72//70
f 73//71 70//71 72//71
f 73//72 72//72 74//72
f 75//73 73//73 74//73
f 75//74 74//74 76//74
f 75//75 76//75 77//75
f 78//76 75//76 77//76
f 78//77 77//77 79//77
f 80//78 78//78 79//78
f 80//79 79//79 81//79
f 80//80 81//80 82//80
f 83//81 80//81 82//81
f 83//82 82//82 84//82
f 85//83 83//83 84//83
f 85//84 84//84 86//84
f 85//85 86//85 87//85
f 88//86 85//86 87//86
f 88//87 87//87 89//87
f 90//88 88//88 89//88
f 90//89 89//89 91//89
f 90//90 91//90 92//90
f 93//91 90//91 92//91
f 93//92 92//92 94//92
f 95//93 93//93 94//93
f 95//94 94//94 96//94
f 97//95 95//95 96//95
f 97//96 96//96 98//96
f 97//97 98//97 99//97
f 100//98 97//98 99//98
f 100//99 99//99 101//99
f 102//100 101//100 103//100
f 102//101 100//101 101//101
f 102//102 103//102 104//102
f 105//103 104//103 106//103
f 105//104 102//104 104//104
f 107//105 106//105 108//105
f 107//106 108//106 109//106
f 107//107 105//107 106//107
f 110//108 109//108 111//108
f 110//109 107//109 109//109
f 112//110 111//110 113//110
f 112//111 113//111 114//111
f 112//112 110//112 111//112
f 115//113 112//113 114//113
f 115//114 114//114 116//114
f 117//115 115//115 116//115
f 117//116 116//116 118//116
f 119//117 117//117 118//117
f 119//118 118//118 120//118
f 119//119 120//119 121//119
f 122//120 119//120 121//120
f 122//121 121//121 123//121
f 124//122 122//122 123//122
f 124//123 123//123 125//123
f 126//124 124//124 125//124
f 126//125 125//125 127//125
f 128//126 126//126 127//126
f 128//127 127//127 129//127
f 130//128 128//128 129//128
f 130//129 129//129 131//129
f 132//130 130//130 131//130
f 132//131 131//131 133//131
f 134//132 132//132 133//132
f 135//133 134//133 133//133
f 135//134 133//134 136//134
f 137//135 136//135 138//135
f 137//136 135//136 136//136
f 139//137 138//137 140//137
f 139//138 137//138 138//138
f 141//139 140//139 142//139
f 141//140 139//140 140//140
f 143//141 142//141 144//141
f 143//142 141//142 142//142
f 145//143 144//143 146//143
f 145//144 143//144 144//144
f 147//145 145//145 146//145
f 148//146 146//146 149//146
f 148//147 147//147 146//147
f 150//148 149//148 151//148
f 150//149 148//149 149//149
f 152//150 151//150 153//150
f 152//151 150//151 151//151
f 154//152 152//152 153//152
f 155//153 153//153 156//153
f 155//154 154//154 153//154
f 157//155 156//155 158//155
f 157//156 155//156 156//156
f 159//157 158//157 160//157
f 159//158 157//158 158//158
f 161//159 160//159 162//159
f 161//160 159//160 160//160
f 163//161 162//161 164//161
f 163//162 161//162 162//162
f 165//163 163//163 164//163
f 165//164 164//164 166//164
f 167//165 165//165 166//165
f 167//166 166//166 168//166
f 169//167 167//167 168//167
f 169//168 168//168 170//168
f 171//169 169//169 170//169
f 171//170 170//170 172//170
f 173//171 171//171 172//171
f 173//172 172//172 174//172
f 175//173 174//173 176//173
f 175//174 173//174 174//174
f 177//175 176//175 178//175
f 177//176 178//176 179//176
f 177//177 175//177 176//177
f 180//178 179//178 181//178
f 180//179 177//179 179//179
f 182//180 181//180 183//180
f 182//181 180//181 181//181
f 184//182 183//182 185//182
f 184//183 182//183 183//183
f 186//184 185//184 187//184
f 186//185 187//185 188//185
f 186//186 184//186 185//186
f 189//187 188//187 190//187
f 189//188 186//188 188//188
f 191//189 190//189 192//189
f 191//190 192//190 193//190
f 191//191 189//191 190//191
f 194//192 191//192 193//192
f 194//193 193//193 195//193
f 196//194 194//194 195//194
f 196//195 195//195 197//195
f 198//196 196//196 197//196
f 198//197 197//197 199//197
f 198//198 199//198 200//198
f 201//199 200//199 202//199
f 201//200 198//200 200//200
f 203//201 202//201 204//201
f 203//202 204//202 205//202
f 203//203 201//203 202//203
f 206//204 205//204 207//204
f 206//205 203//205 205//205
f 208//206 207//206 209//206
f 208//207 209//207 210//207
f 208//208 206//208 207//208
f 211//209 210//209 212//209
f 211//210 208//210 210//210
f 213//211 211//211 212//211
f 213//212 212//212 214//212
f 213//213 214//213 215//213
f 216//214 215//214 217//214
f 216//215 213//215 215//215
f 218//216 216//216 217//216
f 218//217 217//217 219//217
f 218//218 219//218 220//218
f 221//219 218//219 220//219
f 221//220 220//220 222//220
f 223//221 221//221 222//221
f 223//222 222//222 224//222
f 223//223 224//223 225//223
f 226//224 223//224 225//224
f 226//225 225//225 227//225
f 228//226 226//226 227//226
f 228//227 227//227 229//227
f 228//228 229//228 230//228
f 231//229 228//229 230//229
f 231//230 230//230 232//230
f 233//231 231//231 232//231
f 233//232 232//232 234//232
f 235//233 233//233 234//233
f 235//234 234//234 236//234
f 235//235 236//235 237//235
f 238//236 235//236 237//236
f 238//237 237//237 239//237
f 240//238 238//238 239//238
f 240//239 239//239 241//239
f 240//240 241//240 242//240
f 243//241 242//241 244//241
f 243//242 240//242 242//242
f 245//243 244//243 246//243
f 245//244 246//244 247//244
f 245//245 243//245 244//245
f 248//246 247//246 249//246
f 248//247 245//247 247//247
f 250//248 249//248 251//248
f 250//249 251//249 252//249
f 250//250 248//250 249//250
f 253//251 252//251 254//251
f 253//252 250//252 252//252
f 255//253 254//253 256//253
f 255//254 253//254 254//254
f 257//255 256//255 258//255
f 257//256 258//256 259//256
f 257//257 255//257 256//257
f 260//258 257//258 259//258
f 260//259 259//259 261//259
f 262//260 261//260 263//260
f 262//261 260//261 261//261
f 264//262 263//262 265//262
f 264//263 262//263 263//263
f 266//264 264//264 265//264
f 266//265 265//265 267//265
f 268//266 267//266 269//266
f 268//267 266//267 267//267
f 270//268 268//268 269//268
f 270//269 269//269 271//269
f 272//270 270//270 271//270
f 273//271 272//271 271//271
f 273//272 271//272 274//272
f 275//273 273//273 274//273
f 275//274 274//274 276//274
f 2//275 275//275 276//275
f 2//276 276//276 3//276
f 207//277 205//277 277//277
f 207//278 277//278 278//278
f 209//279 278//279 279//279
f 209//280 207//280 278//280
f 210//281 209//281 279//281
f 212//282 279//282 280//282
f 212//283 210//283 279//283
f 214//284 280//284 281//284
f 214//285 212//285 280//285
f 215//286 214//286 281//286
f 217//287 281//287 282//287
f 217//288 215//288 281//288
f 219//289 217//289 282//289
f 219//290 282//290 283//290
f 220//291 219//291 283//291
f 220//292 283//292 284//292
f 222//293 220//293 284//293
f 224//294 222//294 284//294
f 224//295 284//295 285//295
f 225//296 224//296 285//296
f 225//297 285//297 286//297
f 227//298 225//298 286//298
f 229//299 227//299 286//299
f 229//300 286//300 287//300
f 230//301 229//301 287//301
f 230//302 287//302 288//302
f 232//303 230//303 288//303
f 234//304 232//304 288//304
f 234//305 288//305 289//305
f 236//306 234//306 289//306
f 236//307 289//307 290//307
f 237//308 236//308 290//308
f 239//309 237//309 290//309
f 239//310 290//310 291//310
f 241//311 239//311 291//311
f 241//312 291//312 292//312
f 242//313 241//313 292//313
f 242//314 292//314 293//314
f 244//315 242//315 293//315
f 246//316 244//316 293//316
f 246//317 293//317 294//317
f 247//318 294//318 295//318
f 247//319 246//319 294//319
f 249//320 247//320 295//320
f 251//321 295//321 296//321
f 251//322 249//322 295//322
f 252//323 296//323 297//323
f 252//324 251//324 296//324
f 254//325 252//325 297//325
f 256//326 297//326 298//326
f 256//327 254//327 297//327
f 258//328 298//328 299//328
f 258//329 256//329 298//329
f 259//330 299//330 300//330
f 259//331 258//331 299//331
f 261//332 300//332 301//332
f 261//333 259//333 300//333
f 263//334 301//334 302//334
f 263//335 261//335 301//335
f 265//336 302//336 303//336
f 265//337 263//337 302//337
f 267//338 265//338 303//338
f 267//339 303//339 304//339
f 269//340 267//340 304//340
f 269//341 304//341 305//341
f 271//342 269//342 305//342
f 271//343 305//343 306//343
f 274//344 271//344 306//344
f 274//345 306//345 307//345
f 276//346 274//346 307//346
f 276//347 307//347 308//347
f 3//348 276//348 308//348
f 3//349 308//349 309//349
f 310//350 3//350 309//350
f 311//351 310//351 309//351
f 311//352 309//352 312//352
f 313//353 311//353 312//353
f 313//354 312//354 314//354
f 315//355 313//355 314//355
f 315//356 314//356 316//356
f 317//357 315//357 316//357
f 317//358 316//358 318//358
f 319//359 317//359 318//359
f 319//360 318//360 320//360
f 321//361 319//361 320//361
f 321//362 320//362 322//362
f 323//363 321//363 322//363
f 323//364 322//364 324//364
f 325//365 323//365 324//365
f 325//366 324//366 326//366
f 327//367 325//367 326//367
f 327//368 326//368 328//368
f 329//369 327//369 328//369
f 329//370 328//370 330//370
f 331//371 329//371 330//371
f 331//372 330//372 332//372
f 333//373 331//373 332//373
f 334//374 333//374 332//374
f 334//375 332//375 335//375
f 336//376 334//376 335//376
f 336//377 335//377 337//377
f 338//378 336//378 337//378
f 339//379 337//379 340//379
f 339//380 338//380 337//380
f 341//381 340//381 342//381
f 341//382 339//382 340//382
f 343//383 342//383 344//383
f 343//384 341//384 342//384
f 345//385 343//385 344//385
f 346//386 344//386 347//386
f 346//387 345//387 344//387
f 348//388 346//388 347//388
f 348//389 347//389 349//389
f 350//390 348//390 349//390
f 351//391 350//391 349//391
f 351//392 349//392 352//392
f 353//393 351//393 352//393
f 353//394 352//394 354//394
f 355//395 353//395 354//395
f 355//396 354//396 356//396
f 357//397 355//397 356//397
f 358//398 357//398 356//398
f 358//399 356//399 359//399
f 360//400 358//400 359//400
f 360//401 359//401 361//401
f 362//402 360//402 361//402
f 363//403 362//403 361//403
f 363//404 361//404 364//404
f 365//405 363//405 364//405
f 365//406 364//406 366//406
f 367//407 365//407 366//407
f 368//408 367//408 366//408
f 368//409 366//409 369//409
f 370//410 369//410 371//410
f 370//411 368//411 369//411
f 372//412 371//412 373//412
f 372//413 370//413 371//413
f 374//414 372//414 373//414
f 375//415 373//415 376//415
f 375//416 374//416 373//416
f 377//417 376//417 378//417
f 377//418 375//418 376//418
f 379//419 377//419 378//419
f 380//420 378//420 381//420
f 380//421 379//421 378//421
f 382//422 381//422 383//422
f 382//423 380//423 381//423
f 384//424 383//424 385//424
f 384//425 382//425 383//425
f 386//426 384//426 385//426
f 387//427 385//427 388//427
f 387//428 386//428 385//428
f 389//429 388//429 390//429
f 389//430 387//430 388//430
f 391//431 389//431 390//431
f 392//432 390//432 393//432
f 392//433 391//433 390//433
f 394//434 393//434 395//434
f 394//435 392//435 393//435
f 396//436 394//436 395//436
f 397//437 396//437 395//437
f 397//438 395//438 398//438
f 399//439 397//439 398//439
f 399//440 398//440 400//440
f 401//441 400//441 402//441
f 401//442 399//442 400//442
f 403//443 401//443 402//443
f 404//444 403//444 402//444
f 404//445 402//445 405//445
f 406//446 405//446 407//446
f 406//447 404//447 405//447
f 408//448 407//448 409//448
f 408//449 406//449 407//449
f 410//450 409//450 411//450
f 410//451 408//451 409//451
f 412//452 411//452 413//452
f 412//453 410//453 411//453
f 414//454 413//454 415//454
f 414//455 412//455 413//455
f 416//456 414//456 415//456
f 417//457 415//457 418//457
f 417//458 416//458 415//458
f 419//459 418//459 420//459
f 419//460 420//460 421//460
f 419//461 417//461 418//461
f 422//462 421//462 423//462
f 422//463 419//463 421//463
f 424//464 423//464 425//464
f 424//465 422//465 423//465
f 426//466 425//466 427//466
f 426//467 424//467 425//467
f 428//468 427//468 429//468
f 428//469 426//469 427//469
f 430//470 429//470 431//470
f 430//471 428//471 429//471
f 432//472 431//472 433//472
f 432//473 430//473 431//473
f 434//474 433//474 435//474
f 434//475 435//475 436//475
f 434//476 432//476 433//476
f 437//477 436//477 438//477
f 437//478 434//478 436//478
f 439//479 438//479 440//479
f 439//480 437//480 438//480
f 441//481 440//481 442//481
f 441//482 442//482 443//482
f 441//483 439//483 440//483
f 444//484 443//484 445//484
f 444//485 441//485 443//485
f 140//486 445//486 446//486
f 140//487 444//487 445//487
f 142//488 140//488 446//488
f 142//489 446//489 447//489
f 144//490 142//490 447//490
f 144//491 447//491 448//491
f 144//492 448//492 449//492
f 146//493 144//493 449//493
f 146//494 449//494 450//494
f 149//495 146//495 450//495
f 149//496 450//496 451//496
f 151//497 149//497 451//497
f 151//498 451//498 452//498
f 151//499 452//499 453//499
f 153//500 151//500 453//500
f 153//501 453//501 454//501
f 156//502 153//502 454//502
f 156//503 454//503 455//503
f 158//504 156//504 455//504
f 158//505 455//505 456//505
f 160//506 158//506 456//506
f 160//507 456//507 457//507
f 162//508 160//508 457//508
f 162//509 457//509 458//509
f 164//510 162//510 458//510
f 164//511 458//511 459//511
f 166//512 164//512 459//512
f 166//513 459//513 460//513
f 166//514 460//514 461//514
f 168//515 461//515 462//515
f 168//516 166//516 461//516
f 170//517 168//517 462//517
f 172//518 462//518 463//518
f 172//519 170//519 462//519
f 174//520 463//520 464//520
f 174//521 172//521 463//521
f 176//522 464//522 465//522
f 176//523 174//523 464//523
f 178//524 465//524 466//524
f 178//525 176//525 465//525
f 179//526 466//526 467//526
f 179//527 178//527 466//527
f 181//528 467//528 468//528
f 181//529 179//529 467//529
f 183//530 181//530 468//530
f 185//531 468//531 469//531
f 185//532 183//532 468//532
f 187//533 469//533 470//533
f 187//534 185//534 469//534
f 188//535 470//535 471//535
f 188//536 187//536 470//536
f 190//537 188//537 471//537
f 192//538 190//538 471//538
f 192//539 471//539 472//539
f 193//540 472//540 473//540
f 193//541 192//541 472//541
f 195//542 193//542 473//542
f 197//543 195//543 473//543
f 197//544 473//544 474//544
f 199//545 197//545 474//545
f 199//546 474//546 475//546
f 200//547 199//547 475//547
f 202//548 200//548 475//548
f 202//549 475//549 476//549
f 204//550 202//550 476//550
f 204//551 476//551 277//551
f 205//552 204//552 277//552
f 477//553 67//553 66//553
f 478//554 66//554 64//554
f 478//555 477//555 66//555
f 479//556 480//556 71//556
f 479//557 71//557 69//557
f 477//558 479//558 69//558
f 477//559 69//559 67//559
f 481//560 62//560 61//560
f 481//561 64//561 62//561
f 481//562 478//562 64//562
f 482//563 61//563 59//563
f 482//564 481//564 61//564
f 483//565 57//565 55//565
f 483//566 59//566 57//566
f 483//567 482//567 59//567
f 484//568 483//568 55//568
f 484//569 55//569 54//569
f 485//570 484//570 54//570
f 485//571 52//571 50//571
f 485//572 54//572 52//572
f 486//573 485//573 50//573
f 486//574 50//574 49//574
f 487//575 486//575 49//575
f 487//576 49//576 47//576
f 488//577 487//577 47//577
f 488//578 45//578 43//578
f 488//579 47//579 45//579
f 489//580 488//580 43//580
f 489//581 43//581 41//581
f 490//582 489//582 41//582
f 490//583 41//583 40//583
f 491//584 490//584 40//584
f 491//585 40//585 38//585
f 492//586 491//586 38//586
f 492//587 38//587 36//587
f 493//588 36//588 34//588
f 493//589 492//589 36//589
f 494//590 493//590 34//590
f 494//591 32//591 30//591
f 494//592 34//592 32//592
f 495//593 30//593 28//593
f 495//594 494//594 30//594
f 496//595 495//595 28//595
f 497//596 28//596 26//596
f 497//597 496//597 28//597
f 498//598 26//598 24//598
f 498//599 497//599 26//599
f 499//600 24//600 22//600
f 499//601 498//601 24//601
f 500//602 22//602 20//602
f 500//603 499//603 22//603
f 501//604 20//604 18//604
f 501//605 500//605 20//605
f 502//606 18//606 15//606
f 502//607 501//607 18//607
f 503//608 15//608 13//608
f 503//609 502//609 15//609
f 504//610 503//610 13//610
f 505//611 13//611 11//611
f 505//612 504//612 13//612
f 506//613 11//613 8//613
f 506//614 505//614 11//614
f 507//615 8//615 6//615
f 507//616 506//616 8//616
f 508//617 507//617 6//617
f 509//618 6//618 4//618
f 509//619 508//619 6//619
f 510//620 509//620 4//620
f 510//621 4//621 3//621
f 511//622 510//622 3//622
f 511//623 3//623 512//623
f 513//624 511//624 512//624
f 513//625 512//625 514//625
f 515//626 513//626 514//626
f 516//627 515//627 514//627
f 516//628 514//628 517//628
f 518//629 516//629 517//629
f 518//630 517//630 519//630
f 520//631 518//631 519//631
f 520//632 519//632 521//632
f 522//633 520//633 521//633
f 523//634 522//634 521//634
f 523//635 521//635 524//635
f 525//636 523//636 524//636
f 525//637 524//637 526//637
f 527//638 525//638 526//638
f 527//639 526//639 528//639
f 529//640 527//640 528//640
f 529//641 528//641 530//641
f 531//642 529//642 530//642
f 531//643 530//643 532//643
f 533//644 531//644 532//644
f 533//645 532//645 534//645
f 535//646 533//646 534//646
f 535//647 534//647 536//647
f 537//648 535//648 536//648
f 538//649 537//649 536//649
f 538//650 536//650 539//650
f 540//651 538//651 539//651
f 540//652 539//652 541//652
f 540//653 541//653 542//653
f 543//654 540//654 542//654
f 543//655 542//655 544//655
f 545//656 544//656 546//656
f 545//657 543//657 544//657
f 547//658 545//658 546//658
f 547//659 546//659 548//659
f 549//660 548//660 550//660
f 549//661 547//661 548//661
f 551//662 550//662 552//662
f 551//663 549//663 550//663
f 553//664 552//664 554//664
f 553//665 554//665 555//665
f 553//666 551//666 552//666
f 556//667 553//667 555//667
f 556//668 555//668 557//668
f 558//669 556//669 557//669
f 558//670 557//670 559//670
f 560//671 558//671 559//671
f 560//672 559//672 561//672
f 560//673 561//673 562//673
f 563//674 562//674 564//674
f 563//675 560//675 562//675
f 565//676 563//676 564//676
f 565//677 564//677 566//677
f 565//678 566//678 567//678
f 568//679 565//679 567//679
f 568//680 567//680 569//680
f 570//681 568//681 569//681
f 570//682 569//682 571//682
f 570//683 571//683 572//683
f 573//684 570//684 572//684
f 573//685 572//685 574//685
f 575//686 573//686 574//686
f 575//687 574//687 576//687
f 577//688 575//688 576//688
f 577//689 576//689 578//689
f 577//690 578//690 579//690
f 580//691 577//691 579//691
f 580//692 579//692 581//692
f 582//693 580//693 581//693
f 582//694 581//694 583//694
f 582//695 583//695 584//695
f 585//696 584//696 586//696
f 585//697 582//697 584//697
f 587//698 586//698 588//698
f 587//699 585//699 586//699
f 589//700 588//700 590//700
f 589//701 590//701 591//701
f 589//702 587//702 588//702
f 592//703 591//703 593//703
f 592//704 589//704 591//704
f 594//705 593//705 595//705
f 594//706 595//706 596//706
f 594//707 592//707 593//707
f 597//708 596//708 598//708
f 597//709 594//709 596//709
f 599//710 598//710 600//710
f 599//711 600//711 601//711
f 599//712 597//712 598//712
f 602//713 601//713 603//713
f 602//714 599//714 601//714
f 604//715 603//715 605//715
f 604//716 602//716 603//716
f 606//717 605//717 607//717
f 606//718 607//718 608//718
f 606//719 604//719 605//719
f 609//720 606//720 608//720
f 609//721 608//721 610//721
f 611//722 610//722 612//722
f 611//723 612//723 613//723
f 611//724 609//724 610//724
f 614//725 613//725 615//725
f 614//726 611//726 613//726
f 616//727 615//727 617//727
f 616//728 614//728 615//728
f 618//729 617//729 619//729
f 618//730 619//730 620//730
f 618//731 616//731 617//731
f 621//732 620//732 622//732
f 621//733 618//733 620//733
f 623//734 622//734 624//734
f 623//735 624//735 625//735
f 623//736 621//736 622//736
f 626//737 625//737 627//737
f 626//738 623//738 625//738
f 628//739 627//739 629//739
f 628//740 626//740 627//740
f 630//741 629//741 631//741
f 630//742 628//742 629//742
f 632//743 631//743 633//743
f 632//744 630//744 631//744
f 634//745 633//745 635//745
f 634//746 632//746 633//746
f 636//747 635//747 637//747
f 636//748 634//748 635//748
f 638//749 637//749 639//749
f 638//750 636//750 637//750
f 640//751 639//751 641//751
f 640//752 638//752 639//752
f 642//753 641//753 643//753
f 642//754 640//754 641//754
f 644//755 643//755 645//755
f 644//756 642//756 643//756
f 646//757 644//757 645//757
f 646//758 645//758 647//758
f 646//759 647//759 140//759
f 648//760 646//760 140//760
f 648//761 140//761 138//761
f 649//762 138//762 136//762
f 649//763 648//763 138//763
f 650//764 136//764 133//764
f 650//765 649//765 136//765
f 651//766 133//766 131//766
f 651//767 650//767 133//767
f 652//768 651//768 131//768
f 652//769 131//769 129//769
f 653//770 652//770 129//770
f 653//771 129//771 127//771
f 654//772 653//772 127//772
f 654//773 127//773 125//773
f 655//774 654//774 125//774
f 655//775 125//775 123//775
f 656//776 655//776 123//776
f 656//777 123//777 121//777
f 657//778 656//778 121//778
f 657//779 121//779 120//779
f 658//780 657//780 120//780
f 658//781 120//781 118//781
f 659//782 658//782 118//782
f 659//783 116//783 114//783
f 659//784 118//784 116//784
f 660//785 659//785 114//785
f 660//786 114//786 113//786
f 661//787 660//787 113//787
f 661//788 111//788 109//788
f 661//789 113//789 111//789
f 662//790 661//790 109//790
f 662//791 109//791 108//791
f 663//792 662//792 108//792
f 663//793 106//793 104//793
f 663//794 108//794 106//794
f 664//795 663//795 104//795
f 664//796 104//796 103//796
f 665//797 664//797 103//797
f 665//798 103//798 101//798
f 666//799 99//799 98//799
f 666//800 101//800 99//800
f 666//801 665//801 101//801
f 667//802 666//802 98//802
f 667//803 98//803 96//803
f 668//804 94//804 92//804
f 668//805 96//805 94//805
f 668//806 667//806 96//806
f 669//807 92//807 91//807
f 669//808 668//808 92//808
f 670//809 89//809 87//809
f 670//810 91//810 89//810
f 670//811 669//811 91//811
f 671//812 87//812 86//812
f 671//813 670//813 87//813
f 672//814 84//814 82//814
f 672//815 86//815 84//815
f 672//816 671//816 86//816
f 673//817 82//817 81//817
f 673//818 672//818 82//818
f 674//819 673//819 81//819
f 674//820 81//820 79//820
f 675//821 674//821 79//821
f 675//822 77//822 76//822
f 675//823 79//823 77//823
f 676//824 675//824 76//824
f 676//825 76//825 74//825
f 480//826 676//826 74//826
f 480//827 72//827 71//827
f 480//828 74//828 72//828
f 173//829 167//829 169//829
f 173//830 169//830 171//830
f 175//831 167//831 173//831
f 177//832 167//832 175//832
f 155//833 157//833 159//833
f 184//834 180//834 182//834
f 154//835 167//835 177//835
f 154//836 155//836 159//836
f 154//837 159//837 161//837
f 154//838 161//838 163//838
f 154//839 163//839 165//839
f 154//840 165//840 167//840
f 154//841 177//841 180//841
f 189//842 184//842 186//842
f 150//843 154//843 180//843
f 150//844 152//844 154//844
f 191//845 184//845 189//845
f 194//846 184//846 191//846
f 145//847 147//847 148//847
f 145//848 148//848 150//848
f 198//849 194//849 196//849
f 203//850 194//850 198//850
f 203//851 198//851 201//851
f 139//852 141//852 143//852
f 139//853 143//853 145//853
f 139//854 145//854 150//854
f 135//855 137//855 139//855
f 134//856 135//856 139//856
f 216//857 211//857 213//857
f 218//858 211//858 216//858
f 218//859 206//859 208//859
f 218//860 208//860 211//860
f 128//861 134//861 139//861
f 128//862 150//862 180//862
f 128//863 180//863 184//863
f 128//864 130//864 132//864
f 128//865 132//865 134//865
f 128//866 139//866 150//866
f 223//867 218//867 221//867
f 223//868 206//868 218//868
f 223//869 184//869 194//869
f 223//870 194//870 203//870
f 223//871 203//871 206//871
f 124//872 126//872 128//872
f 226//873 184//873 223//873
f 122//874 124//874 128//874
f 119//875 122//875 128//875
f 233//876 226//876 228//876
f 233//877 228//877 231//877
f 115//878 117//878 119//878
f 112//879 119//879 128//879
f 112//880 115//880 119//880
f 238//881 233//881 235//881
f 238//882 226//882 233//882
f 110//883 112//883 128//883
f 240//884 226//884 238//884
f 105//885 110//885 128//885
f 105//886 107//886 110//886
f 245//887 240//887 243//887
f 245//888 226//888 240//888
f 248//889 226//889 245//889
f 100//890 102//890 105//890
f 253//891 248//891 250//891
f 253//892 226//892 248//892
f 95//893 97//893 100//893
f 95//894 100//894 105//894
f 255//895 226//895 253//895
f 260//896 255//896 257//896
f 260//897 226//897 255//897
f 88//898 90//898 93//898
f 85//899 88//899 93//899
f 266//900 260//900 262//900
f 266//901 262//901 264//901
f 266//902 226//902 260//902
f 266//903 128//903 184//903
f 266//904 184//904 226//904
f 80//905 83//905 85//905
f 80//906 93//906 95//906
f 80//907 105//907 128//907
f 80//908 95//908 105//908
f 80//909 85//909 93//909
f 75//910 78//910 80//910
f 272//911 268//911 270//911
f 275//912 272//912 273//912
f 275//913 268//913 272//913
f 2//914 268//914 275//914
f 65//915 68//915 70//915
f 65//916 70//916 73//916
f 65//917 73//917 75//917
f 1//918 268//918 2//918
f 1//919 266//919 268//919
f 63//920 65//920 75//920
f 63//921 75//921 80//921
f 5//922 266//922 1//922
f 9//923 5//923 7//923
f 9//924 266//924 5//924
f 56//925 58//925 60//925
f 53//926 60//926 63//926
f 53//927 56//927 60//927
f 12//928 9//928 10//928
f 12//929 266//929 9//929
f 51//930 53//930 63//930
f 14//931 266//931 12//931
f 48//932 51//932 63//932
f 17//933 14//933 16//933
f 19//934 14//934 17//934
f 42//935 44//935 46//935
f 42//936 46//936 48//936
f 21//937 266//937 14//937
f 21//938 14//938 19//938
f 39//939 63//939 80//939
f 39//940 48//940 63//940
f 39//941 42//941 48//941
f 25//942 21//942 23//942
f 35//943 37//943 39//943
f 33//944 39//944 80//944
f 33//945 35//945 39//945
f 33//946 80//946 128//946
f 29//947 25//947 27//947
f 29//948 21//948 25//948
f 31//949 266//949 21//949
f 31//950 21//950 29//950
f 31//951 33//951 128//951
f 31//952 128//952 266//952
f 3//953 677//953 678//953
f 512//954 678//954 679//954
f 512//955 3//955 678//955
f 514//956 679//956 680//956
f 514//957 512//957 679//957
f 517//958 680//958 681//958
f 517//959 681//959 682//959
f 517//960 514//960 680//960
f 519//961 682//961 683//961
f 519//962 517//962 682//962
f 521//963 519//963 683//963
f 521//964 683//964 684//964
f 524//965 521//965 684//965
f 524//966 684//966 685//966
f 524//967 685//967 686//967
f 526//968 524//968 686//968
f 526//969 686//969 687//969
f 528//970 526//970 687//970
f 528//971 687//971 688//971
f 530//972 528//972 688//972
f 530//973 688//973 689//973
f 532//974 530//974 689//974
f 532//975 689//975 690//975
f 534//976 532//976 690//976
f 534//977 690//977 691//977
f 536//978 534//978 691//978
f 536//979 691//979 692//979
f 539//980 536//980 692//980
f 539//981 692//981 693//981
f 541//982 539//982 693//982
f 541//983 693//983 694//983
f 542//984 541//984 694//984
f 542//985 694//985 695//985
f 544//986 542//986 695//986
f 544//987 695//987 696//987
f 546//988 544//988 696//988
f 546//989 696//989 697//989
f 548//990 546//990 697//990
f 550//991 548//991 697//991
f 550//992 697//992 698//992
f 552//993 550//993 698//993
f 552//994 698//994 699//994
f 554//995 552//995 699//995
f 554//996 699//996 700//996
f 555//997 554//997 700//997
f 555//998 700//998 701//998
f 557//999 555//999 701//999
f 559//1000 701//1000 702//1000
f 559//1001 557//1001 701//1001
f 561//1002 702//1002 703//1002
f 561//1003 559//1003 702//1003
f 562//1004 561//1004 703//1004
f 564//1005 703//1005 704//1005
f 564//1006 562//1006 703//1006
f 566//1007 704//1007 705//1007
f 566//1008 564//1008 704//1008
f 567//1009 705//1009 706//1009
f 567//1010 566//1010 705//1010
f 569//1011 567//1011 706//1011
f 571//1012 569//1012 706//1012
f 571//1013 706//1013 707//1013
f 572//1014 571//1014 707//1014
f 572//1015 707//1015 708//1015
f 574//1016 572//1016 708//1016
f 576//1017 708//1017 709//1017
f 576//1018 574//1018 708//1018
f 578//1019 576//1019 709//1019
f 578//1020 709//1020 710//1020
f 579//1021 578//1021 710//1021
f 581//1022 710//1022 711//1022
f 581//1023 579//1023 710//1023
f 583//1024 711//1024 712//1024
f 583//1025 581//1025 711//1025
f 584//1026 712//1026 713//1026
f 584//1027 583//1027 712//1027
f 586//1028 584//1028 713//1028
f 588//1029 713//1029 714//1029
f 588//1030 586//1030 713//1030
f 590//1031 714//1031 715//1031
f 590//1032 588//1032 714//1032
f 591//1033 590//1033 715//1033
f 593//1034 715//1034 716//1034
f 593//1035 591//1035 715//1035
f 595//1036 716//1036 717//1036
f 595//1037 593//1037 716//1037
f 596//1038 717//1038 718//1038
f 596//1039 595//1039 717//1039
f 598//1040 596//1040 718//1040
f 600//1041 718//1041 719//1041
f 600//1042 598//1042 718//1042
f 601//1043 719//1043 720//1043
f 601//1044 600//1044 719//1044
f 603//1045 601//1045 720//1045
f 605//1046 720//1046 721//1046
f 605//1047 603//1047 720//1047
f 607//1048 721//1048 722//1048
f 607//1049 605//1049 721//1049
f 608//1050 607//1050 722//1050
f 610//1051 722//1051 723//1051
f 610//1052 608//1052 722//1052
f 612//1053 723//1053 724//1053
f 612//1054 610//1054 723//1054
f 613//1055 724//1055 725//1055
f 613//1056 612//1056 724//1056
f 615//1057 613//1057 725//1057
f 617//1058 725//1058 726//1058
f 617//1059 615//1059 725//1059
f 619//1060 726//1060 727//1060
f 619//1061 617//1061 726//1061
f 620//1062 619//1062 727//1062
f 622//1063 620//1063 727//1063
f 622//1064 727//1064 728//1064
f 624//1065 622//1065 728//1065
f 624//1066 728//1066 729//1066
f 625//1067 624//1067 729//1067
f 625//1068 729//1068 730//1068
f 627//1069 625//1069 730//1069
f 629//1070 627//1070 730//1070
f 629//1071 730//1071 731//1071
f 631//1072 629//1072 731//1072
f 631//1073 731//1073 732//1073
f 633//1074 631//1074 732//1074
f 633//1075 732//1075 733//1075
f 635//1076 633//1076 733//1076
f 635//1077 733//1077 734//1077
f 637//1078 734//1078 735//1078
f 637//1079 635//1079 734//1079
f 639//1080 735//1080 736//1080
f 639//1081 637//1081 735//1081
f 641//1082 736//1082 737//1082
f 641//1083 639//1083 736//1083
f 643//1084 737//1084 738//1084
f 643//1085 641//1085 737//1085
f 645//1086 738//1086 739//1086
f 645//1087 643//1087 738//1087
f 647//1088 739//1088 740//1088
f 647//1089 645//1089 739//1089
f 140//1090 740//1090 741//1090
f 140//1091 647//1091 740//1091
f 444//1092 741//1092 742//1092
f 444//1093 140//1093 741//1093
f 441//1094 742//1094 743//1094
f 441//1095 444//1095 742//1095
f 439//1096 743//1096 744//1096
f 439//1097 744//1097 745//1097
f 439//1098 441//1098 743//1098
f 437//1099 745//1099 746//1099
f 437//1100 439//1100 745//1100
f 434//1101 746//1101 747//1101
f 434//1102 437//1102 746//1102
f 432//1103 747//1103 748//1103
f 432//1104 748//1104 749//1104
f 432//1105 434//1105 747//1105
f 430//1106 749//1106 750//1106
f 430//1107 432//1107 749//1107
f 428//1108 750//1108 751//1108
f 428//1109 430//1109 750//1109
f 426//1110 751//1110 752//1110
f 426//1111 428//1111 751//1111
f 424//1112 752//1112 753//1112
f 424//1113 426//1113 752//1113
f 422//1114 753//1114 754//1114
f 422//1115 424//1115 753//1115
f 419//1116 422//1116 754//1116
f 419//1117 754//1117 755//1117
f 417//1118 419//1118 755//1118
f 417//1119 755//1119 756//1119
f 416//1120 417//1120 756//1120
f 416//1121 756//1121 757//1121
f 414//1122 416//1122 757//1122
f 414//1123 757//1123 758//1123
f 412//1124 414//1124 758//1124
f 412//1125 758//1125 759//1125
f 410//1126 412//1126 759//1126
f 410//1127 759//1127 760//1127
f 408//1128 410//1128 760//1128
f 406//1129 408//1129 760//1129
f 406//1130 760//1130 761//1130
f 404//1131 406//1131 761//1131
f 404//1132 761//1132 762//1132
f 403//1133 404//1133 762//1133
f 403//1134 762//1134 763//1134
f 401//1135 403//1135 763//1135
f 401//1136 763//1136 764//1136
f 399//1137 401//1137 764//1137
f 397//1138 399//1138 764//1138
f 397//1139 764//1139 765//1139
f 396//1140 397//1140 765//1140
f 396//1141 765//1141 766//1141
f 394//1142 396//1142 766//1142
f 392//1143 394//1143 766//1143
f 392//1144 766//1144 767//1144
f 391//1145 767//1145 768//1145
f 391//1146 392//1146 767//1146
f 389//1147 391//1147 768//1147
f 389//1148 768//1148 769//1148
f 387//1149 389//1149 769//1149
f 386//1150 769//1150 770//1150
f 386//1151 387//1151 769//1151
f 384//1152 770//1152 771//1152
f 384//1153 386//1153 770//1153
f 382//1154 384//1154 771//1154
f 380//1155 771//1155 772//1155
f 380//1156 382//1156 771//1156
f 379//1157 772//1157 773//1157
f 379//1158 380//1158 772//1158
f 377//1159 379//1159 773//1159
f 375//1160 773//1160 774//1160
f 375//1161 377//1161 773//1161
f 374//1162 774//1162 775//1162
f 374//1163 375//1163 774//1163
f 372//1164 775//1164 776//1164
f 372//1165 374//1165 775//1165
f 370//1166 372//1166 776//1166
f 368//1167 370//1167 776//1167
f 368//1168 776//1168 777//1168
f 367//1169 368//1169 777//1169
f 367//1170 777//1170 778//1170
f 365//1171 367//1171 778//1171
f 363//1172 365//1172 778//1172
f 363//1173 778//1173 779//1173
f 362//1174 363//1174 779//1174
f 362//1175 779//1175 780//1175
f 360//1176 362//1176 780//1176
f 360//1177 780//1177 781//1177
f 358//1178 360//1178 781//1178
f 357//1179 358//1179 781//1179
f 357//1180 781//1180 782//1180
f 355//1181 357//1181 782//1181
f 355//1182 782//1182 783//1182
f 353//1183 355//1183 783//1183
f 351//1184 353//1184 783//1184
f 351//1185 783//1185 784//1185
f 350//1186 351//1186 784//1186
f 350//1187 784//1187 785//1187
f 348//1188 350//1188 785//1188
f 346//1189 348//1189 785//1189
f 346//1190 785//1190 786//1190
f 345//1191 346//1191 786//1191
f 345//1192 786//1192 787//1192
f 343//1193 345//1193 787//1193
f 343//1194 787//1194 788//1194
f 341//1195 343//1195 788//1195
f 339//1196 341//1196 788//1196
f 339//1197 788//1197 789//1197
f 338//1198 339//1198 789//1198
f 338//1199 789//1199 790//1199
f 336//1200 338//1200 790//1200
f 334//1201 336//1201 790//1201
f 334//1202 790//1202 791//1202
f 333//1203 334//1203 791//1203
f 333//1204 791//1204 792//1204
f 331//1205 333//1205 792//1205
f 331//1206 792//1206 793//1206
f 329//1207 331//1207 793//1207
f 327//1208 329//1208 793//1208
f 327//1209 793//1209 794//1209
f 325//1210 794//1210 795//1210
f 325//1211 327//1211 794//1211
f 323//1212 795//1212 796//1212
f 323//1213 325//1213 795//1213
f 321//1214 323//1214 796//1214
f 321//1215 796//1215 797//1215
f 319//1216 321//1216 797//1216
f 319//1217 797//1217 798//1217
f 317//1218 319//1218 798//1218
f 317//1219 798//1219 799//1219
f 315//1220 317//1220 799//1220
f 315//1221 799//1221 800//1221
f 313//1222 315//1222 800//1222
f 313//1223 800//1223 801//1223
f 311//1224 313//1224 801//1224
f 311//1225 801//1225 802//1225
f 310//1226 802//1226 677//1226
f 310//1227 311//1227 802//1227
f 3//1228 310//1228 677//1228
f 415//1229 421//1229 418//1229
f 418//1230 421//1230 420//1230
f 415//1231 423//1231 421//1231
f 415//1232 425//1232 423//1232
f 405//1233 402//1233 407//1233
f 427//1234 431//1234 429//1234
f 415//1235 400//1235 425//1235
f 402//1236 400//1236 407//1236
f 407//1237 400//1237 409//1237
f 409//1238 400//1238 411//1238
f 411//1239 400//1239 413//1239
f 413//1240 400//1240 415//1240
f 425//1241 400//1241 427//1241
f 431//1242 435//1242 433//1242
f 400//1243 395//1243 427//1243
f 398//1244 395//1244 400//1244
f 431//1245 436//1245 435//1245
f 431//1246 438//1246 436//1246
f 390//1247 388//1247 393//1247
f 393//1248 388//1248 395//1248
f 438//1249 442//1249 440//1249
f 438//1250 445//1250 442//1250
f 442//1251 445//1251 443//1251
f 383//1252 381//1252 385//1252
f 385//1253 381//1253 388//1253
f 388//1254 381//1254 395//1254
f 378//1255 376//1255 381//1255
f 376//1256 373//1256 381//1256
f 448//1257 450//1257 449//1257
f 448//1258 451//1258 450//1258
f 446//1259 451//1259 447//1259
f 447//1260 451//1260 448//1260
f 373//1261 366//1261 381//1261
f 395//1262 366//1262 427//1262
f 427//1263 366//1263 431//1263
f 369//1264 366//1264 371//1264
f 371//1265 366//1265 373//1265
f 381//1266 366//1266 395//1266
f 451//1267 453//1267 452//1267
f 446//1268 453//1268 451//1268
f 431//1269 453//1269 438//1269
f 438//1270 453//1270 445//1270
f 445//1271 453//1271 446//1271
f 364//1272 361//1272 366//1272
f 431//1273 454//1273 453//1273
f 361//1274 359//1274 366//1274
f 359//1275 356//1275 366//1275
f 454//1276 457//1276 455//1276
f 455//1277 457//1277 456//1277
f 354//1278 352//1278 356//1278
f 356//1279 349//1279 366//1279
f 352//1280 349//1280 356//1280
f 457//1281 459//1281 458//1281
f 454//1282 459//1282 457//1282
f 349//1283 347//1283 366//1283
f 454//1284 460//1284 459//1284
f 347//1285 342//1285 366//1285
f 344//1286 342//1286 347//1286
f 460//1287 462//1287 461//1287
f 454//1288 462//1288 460//1288
f 454//1289 463//1289 462//1289
f 340//1290 337//1290 342//1290
f 463//1291 465//1291 464//1291
f 454//1292 465//1292 463//1292
f 335//1293 332//1293 337//1293
f 337//1294 332//1294 342//1294
f 454//1295 466//1295 465//1295
f 466//1296 468//1296 467//1296
f 454//1297 468//1297 466//1297
f 328//1298 326//1298 330//1298
f 326//1299 324//1299 330//1299
f 468//1300 471//1300 469//1300
f 469//1301 471//1301 470//1301
f 454//1302 471//1302 468//1302
f 366//1303 471//1303 431//1303
f 431//1304 471//1304 454//1304
f 322//1305 320//1305 324//1305
f 330//1306 320//1306 332//1306
f 342//1307 320//1307 366//1307
f 332//1308 320//1308 342//1308
f 324//1309 320//1309 330//1309
f 318//1310 316//1310 320//1310
f 472//1311 474//1311 473//1311
f 474//1312 476//1312 475//1312
f 472//1313 476//1313 474//1313
f 472//1314 277//1314 476//1314
f 309//1315 308//1315 312//1315
f 312//1316 308//1316 314//1316
f 314//1317 308//1317 316//1317
f 472//1318 278//1318 277//1318
f 471//1319 278//1319 472//1319
f 308//1320 307//1320 316//1320
f 316//1321 307//1321 320//1321
f 471//1322 279//1322 278//1322
f 279//1323 281//1323 280//1323
f 471//1324 281//1324 279//1324
f 305//1325 304//1325 306//1325
f 306//1326 303//1326 307//1326
f 304//1327 303//1327 306//1327
f 281//1328 283//1328 282//1328
f 471//1329 283//1329 281//1329
f 303//1330 302//1330 307//1330
f 471//1331 284//1331 283//1331
f 302//1332 301//1332 307//1332
f 284//1333 286//1333 285//1333
f 284//1334 287//1334 286//1334
f 299//1335 298//1335 300//1335
f 300//1336 298//1336 301//1336
f 471//1337 288//1337 284//1337
f 284//1338 288//1338 287//1338
f 307//1339 297//1339 320//1339
f 301//1340 297//1340 307//1340
f 298//1341 297//1341 301//1341
f 288//1342 290//1342 289//1342
f 296//1343 295//1343 297//1343
f 297//1344 294//1344 320//1344
f 295//1345 294//1345 297//1345
f 320//1346 294//1346 366//1346
f 290//1347 292//1347 291//1347
f 288//1348 292//1348 290//1348
f 471//1349 293//1349 288//1349
f 288//1350 293//1350 292//1350
f 294//1351 293//1351 366//1351
f 366//1352 293//1352 471//1352
f 618//1353 611//1353 614//1353
f 618//1354 614//1354 616//1354
f 621//1355 611//1355 618//1355
f 623//1356 611//1356 621//1356
f 597//1357 599//1357 602//1357
f 630//1358 626//1358 628//1358
f 594//1359 611//1359 623//1359
f 594//1360 597//1360 602//1360
f 594//1361 602//1361 604//1361
f 594//1362 604//1362 606//1362
f 594//1363 606//1363 609//1363
f 594//1364 609//1364 611//1364
f 594//1365 623//1365 626//1365
f 634//1366 630//1366 632//1366
f 589//1367 594//1367 626//1367
f 589//1368 592//1368 594//1368
f 636//1369 630//1369 634//1369
f 638//1370 630//1370 636//1370
f 582//1371 585//1371 587//1371
f 582//1372 587//1372 589//1372
f 642//1373 638//1373 640//1373
f 646//1374 638//1374 642//1374
f 646//1375 642//1375 644//1375
f 575//1376 577//1376 580//1376
f 575//1377 580//1377 582//1377
f 575//1378 582//1378 589//1378
f 570//1379 573//1379 575//1379
f 568//1380 570//1380 575//1380
f 652//1381 650//1381 651//1381
f 653//1382 650//1382 652//1382
f 653//1383 648//1383 649//1383
f 653//1384 649//1384 650//1384
f 560//1385 568//1385 575//1385
f 560//1386 589//1386 626//1386
f 560//1387 626//1387 630//1387
f 560//1388 563//1388 565//1388
f 560//1389 565//1389 568//1389
f 560//1390 575//1390 589//1390
f 655//1391 653//1391 654//1391
f 655//1392 648//1392 653//1392
f 655//1393 630//1393 638//1393
f 655//1394 638//1394 646//1394
f 655//1395 646//1395 648//1395
f 556//1396 558//1396 560//1396
f 656//1397 630//1397 655//1397
f 553//1398 556//1398 560//1398
f 551//1399 553//1399 560//1399
f 659//1400 656//1400 657//1400
f 659//1401 657//1401 658//1401
f 547//1402 549//1402 551//1402
f 545//1403 551//1403 560//1403
f 545//1404 547//1404 551//1404
f 661//1405 659//1405 660//1405
f 661//1406 656//1406 659//1406
f 543//1407 545//1407 560//1407
f 662//1408 656//1408 661//1408
f 538//1409 543//1409 560//1409
f 538//1410 540//1410 543//1410
f 664//1411 662//1411 663//1411
f 664//1412 656//1412 662//1412
f 665//1413 656//1413 664//1413
f 535//1414 537//1414 538//1414
f 667//1415 665//1415 666//1415
f 667//1416 656//1416 665//1416
f 531//1417 533//1417 535//1417
f 531//1418 535//1418 538//1418
f 668//1419 656//1419 667//1419
f 670//1420 668//1420 669//1420
f 670//1421 656//1421 668//1421
f 525//1422 527//1422 529//1422
f 523//1423 525//1423 529//1423
f 673//1424 670//1424 671//1424
f 673//1425 671//1425 672//1425
f 673//1426 656//1426 670//1426
f 673//1427 560//1427 630//1427
f 673//1428 630//1428 656//1428
f 520//1429 522//1429 523//1429
f 520//1430 529//1430 531//1430
f 520//1431 538//1431 560//1431
f 520//1432 531//1432 538//1432
f 520//1433 523//1433 529//1433
f 516//1434 518//1434 520//1434
f 676//1435 674//1435 675//1435
f 479//1436 676//1436 480//1436
f 479//1437 674//1437 676//1437
f 477//1438 674//1438 479//1438
f 510//1439 511//1439 513//1439
f 510//1440 513//1440 515//1440
f 510//1441 515//1441 516//1441
f 478//1442 674//1442 477//1442
f 478//1443 673//1443 674//1443
f 509//1444 510//1444 516//1444
f 509//1445 516//1445 520//1445
f 481//1446 673//1446 478//1446
f 483//1447 481//1447 482//1447
f 483//1448 673//1448 481//1448
f 506//1449 507//1449 508//1449
f 505//1450 508//1450 509//1450
f 505//1451 506//1451 508//1451
f 485//1452 483//1452 484//1452
f 485//1453 673//1453 483//1453
f 504//1454 505//1454 509//1454
f 486//1455 673//1455 485//1455
f 503//1456 504//1456 509//1456
f 488//1457 486//1457 487//1457
f 489//1458 486//1458 488//1458
f 500//1459 501//1459 502//1459
f 500//1460 502//1460 503//1460
f 490//1461 673//1461 486//1461
f 490//1462 486//1462 489//1462
f 499//1463 509//1463 520//1463
f 499//1464 503//1464 509//1464
f 499//1465 500//1465 503//1465
f 492//1466 490//1466 491//1466
f 497//1467 498//1467 499//1467
f 496//1468 499//1468 520//1468
f 496//1469 497//1469 499//1469
f 496//1470 520//1470 560//1470
f 494//1471 492//1471 493//1471
f 494//1472 490//1472 492//1472
f 495//1473 673//1473 490//1473
f 495//1474 490//1474 494//1474
f 495//1475 496//1475 560//1475
f 495//1476 560//1476 673//1476
f 755//1477 758//1477 756//1477
f 756//1478 758//1478 757//1478
f 755//1479 759//1479 758//1479
f 755//1480 760//1480 759//1480
f 750//1481 749//1481 751//1481
f 761//1482 763//1482 762//1482
f 755//1483 748//1483 760//1483
f 749//1484 748//1484 751//1484
f 751//1485 748//1485 752//1485
f 752//1486 748//1486 753//1486
f 753//1487 748//1487 754//1487
f 754//1488 748//1488 755//1488
f 760//1489 748//1489 761//1489
f 763//1490 765//1490 764//1490
f 748//1491 746//1491 761//1491
f 747//1492 746//1492 748//1492
f 763//1493 766//1493 765//1493
f 763//1494 767//1494 766//1494
f 744//1495 743//1495 745//1495
f 745//1496 743//1496 746//1496
f 767//1497 769//1497 768//1497
f 767//1498 771//1498 769//1498
f 769//1499 771//1499 770//1499
f 741//1500 740//1500 742//1500
f 742//1501 740//1501 743//1501
f 743//1502 740//1502 746//1502
f 739//1503 738//1503 740//1503
f 738//1504 737//1504 740//1504
f 774//1505 776//1505 775//1505
f 774//1506 777//1506 776//1506
f 772//1507 777//1507 773//1507
f 773//1508 777//1508 774//1508
f 737//1509 734//1509 740//1509
f 746//1510 734//1510 761//1510
f 761//1511 734//1511 763//1511
f 735//1512 734//1512 736//1512
f 736//1513 734//1513 737//1513
f 740//1514 734//1514 746//1514
f 777//1515 779//1515 778//1515
f 772//1516 779//1516 777//1516
f 763//1517 779//1517 767//1517
f 767//1518 779//1518 771//1518
f 771//1519 779//1519 772//1519
f 733//1520 732//1520 734//1520
f 763//1521 780//1521 779//1521
f 732//1522 731//1522 734//1522
f 731//1523 730//1523 734//1523
f 780//1524 783//1524 781//1524
f 781//1525 783//1525 782//1525
f 729//1526 728//1526 730//1526
f 730//1527 727//1527 734//1527
f 728//1528 727//1528 730//1528
f 783//1529 785//1529 784//1529
f 780//1530 785//1530 783//1530
f 727//1531 726//1531 734//1531
f 780//1532 786//1532 785//1532
f 726//1533 724//1533 734//1533
f 725//1534 724//1534 726//1534
f 786//1535 788//1535 787//1535
f 780//1536 788//1536 786//1536
f 780//1537 789//1537 788//1537
f 723//1538 722//1538 724//1538
f 789//1539 791//1539 790//1539
f 780//1540 791//1540 789//1540
f 721//1541 720//1541 722//1541
f 722//1542 720//1542 724//1542
f 780//1543 792//1543 791//1543
f 792//1544 794//1544 793//1544
f 780//1545 794//1545 792//1545
f 718//1546 717//1546 719//1546
f 717//1547 716//1547 719//1547
f 794//1548 797//1548 795//1548
f 795//1549 797//1549 796//1549
f 780//1550 797//1550 794//1550
f 734//1551 797//1551 763//1551
f 763//1552 797//1552 780//1552
f 715//1553 714//1553 716//1553
f 719//1554 714//1554 720//1554
f 724//1555 714//1555 734//1555
f 720//1556 714//1556 724//1556
f 716//1557 714//1557 719//1557
f 713//1558 712//1558 714//1558
f 798//1559 800//1559 799//1559
f 800//1560 802//1560 801//1560
f 798//1561 802//1561 800//1561
f 798//1562 677//1562 802//1562
f 709//1563 708//1563 710//1563
f 710//1564 708//1564 711//1564
f 711//1565 708//1565 712//1565
f 798//1566 678//1566 677//1566
f 797//1567 678//1567 798//1567
f 708//1568 707//1568 712//1568
f 712//1569 707//1569 714//1569
f 797//1570 679//1570 678//1570
f 679//1571 681//1571 680//1571
f 797//1572 681//1572 679//1572
f 705//1573 704//1573 706//1573
f 706//1574 703//1574 707//1574
f 704//1575 703//1575 706//1575
f 681//1576 683//1576 682//1576
f 797//1577 683//1577 681//1577
f 703//1578 702//1578 707//1578
f 797//1579 684//1579 683//1579
f 702//1580 701//1580 707//1580
f 684//1581 686//1581 685//1581
f 684//1582 687//1582 686//1582
f 699//1583 698//1583 700//1583
f 700//1584 698//1584 701//1584
f 797//1585 688//1585 684//1585
f 684//1586 688//1586 687//1586
f 707//1587 697//1587 714//1587
f 701//1588 697//1588 707//1588
f 698//1589 697//1589 701//1589
f 688//1590 690//1590 689//1590
f 696//1591 695//1591 697//1591
f 697//1592 694//1592 714//1592
f 695//1593 694//1593 697//1593
f 714//1594 694//1594 734//1594
f 690//1595 692//1595 691//1595
f 688//1596 692//1596 690//1596
f 797//1597 693//1597 688//1597
f 688//1598 693//1598 692//1598
f 694//1599 693//1599 734//1599
f 734//1600 693//1600 797//1600
