# Created by FreeCAD <https://www.freecad.org>
v -31.302649 -12.042609 84.654030
v -31.304449 -12.035261 85.076065
v -31.784142 -17.019352 84.668282
v -31.299213 -12.016698 85.497261
v -31.766756 -17.016817 86.140648
v -31.280745 -11.973264 86.071304
v -31.249500 -11.909383 86.640404
v -31.677483 -17.021246 87.610405
v -31.205925 -11.825648 87.202644
v -27.932207 22.794586 84.554283
v -28.416525 17.808563 85.147072
v -28.413698 17.817842 84.568527
v -31.150631 -11.722853 87.756050
v -31.084318 -11.601894 88.299095
v -31.516535 -17.032627 89.074013
v -27.914822 22.797119 86.026649
v -28.410439 17.776133 85.723343
v -28.395615 17.720907 86.295586
v -31.007690 -11.463630 88.830948
v -28.372320 17.643427 86.862061
v -30.921492 -11.308949 89.350845
v -30.826506 -11.138783 89.858078
v -31.284302 -17.050932 90.527946
v -27.825548 22.792690 87.496407
v -28.340931 17.544409 87.421059
v -28.301914 17.424759 87.970871
v -30.723549 -10.954114 90.351936
v -30.613468 -10.755967 90.831772
v -30.497059 -10.545274 91.297264
v -30.981340 -17.076118 91.968697
v -27.664600 22.781311 88.960014
v -28.255827 17.285566 88.509850
v -28.203278 17.128002 89.036674
v -28.144829 16.953056 89.550957
v -30.374989 -10.322740 91.748596
v -30.247929 -10.089091 92.185799
v -30.116533 -9.845021 92.608932
v -30.608383 -17.108124 93.392792
v -27.432369 22.763006 90.413940
v -28.081068 16.761768 90.052200
v -28.012596 16.555208 90.539894
v -27.940023 16.334457 91.013618
v -29.981428 -9.591184 93.018082
v -29.843212 -9.328197 93.413330
v -29.702419 -9.056582 93.794891
v -29.559565 -8.776813 94.162979
v -30.166328 -17.146872 94.796806
v -27.129406 22.737820 91.854691
v -27.863920 16.100492 91.473206
v -27.784822 15.854176 91.918671
v -27.703243 15.596334 92.350060
v -29.415131 -8.489330 94.517792
v -29.269575 -8.194537 94.859535
v -29.123333 -7.892797 95.188416
v -28.976818 -7.584444 95.504631
v -29.656239 -17.192268 96.177361
v -26.756451 22.705814 93.278793
v -27.619684 15.327754 92.767448
v -27.534624 15.049182 93.170906
v -27.448515 14.761289 93.560585
v -27.361769 14.464648 93.936714
v -28.830420 -7.269782 95.808372
v -28.684504 -6.949069 96.099838
v -28.539427 -6.622541 96.379204
v -28.395536 -6.290457 96.646606
v -29.079344 -17.244205 97.531128
v -26.314394 22.667067 94.682808
v -27.274788 14.159813 94.299484
v -27.187958 13.847285 94.649109
v -27.101639 13.527530 94.985786
v -27.016186 13.200968 95.309715
v -28.253178 -5.953054 96.902176
v -28.112675 -5.610555 97.146027
v -27.974346 -5.263162 97.378273
v -27.838488 -4.911060 97.599007
v -27.705391 -4.554422 97.808327
v -25.804306 22.621670 96.063362
v -26.931925 12.867990 95.621086
v -26.849184 12.528952 95.920090
v -26.768255 12.184148 96.206932
v -26.689449 11.833900 96.481758
v -26.613054 11.478520 96.744690
v -27.575329 -4.193403 98.006317
v -28.437035 -17.302557 98.854836
v -27.448570 -3.828143 98.193062
v -27.325348 -3.458698 98.368645
v -27.205921 -3.085233 98.533089
v -27.090572 -2.707985 98.686386
v -26.979559 -2.327183 98.828529
v -26.873131 -1.943054 98.959511
v -26.771517 -1.555818 99.079315
v -25.227409 22.569731 97.417122
v -26.539356 11.118298 96.995850
v -26.468630 10.753501 97.235352
v -26.401138 10.384380 97.463295
v -26.337137 10.011168 97.679787
v -26.276873 9.634078 97.884903
v -26.220583 9.253308 98.078728
v -26.674934 -1.165694 99.187950
v -26.583580 -0.772894 99.285400
v -27.730860 -17.367184 100.145309
v -26.497637 -0.377630 99.371666
v -26.417269 0.019890 99.446747
v -26.342627 0.419461 99.510628
v -26.273840 0.820879 99.563309
v -26.211023 1.223943 99.604790
v -26.154274 1.628451 99.635048
v -26.103666 2.034204 99.654091
v -26.059265 2.441000 99.661888
v -26.962515 -17.437929 101.399429
v -24.585100 22.511379 98.740837
v -26.168501 8.869057 98.261322
v -26.120857 8.481572 98.432701
v -26.077873 8.091103 98.592896
v -26.039762 7.697887 98.741905
v -26.006718 7.302155 98.879753
v -25.978928 6.904130 99.006439
v -25.956564 6.504025 99.121979
v -25.939793 6.102046 99.226372
v -23.878925 22.446753 100.031311
v -25.928755 5.698414 99.319603
v -25.923590 5.293393 99.401657
v -25.924412 4.887247 99.472511
v -25.931320 4.480236 99.532158
v -25.944395 4.072615 99.580589
v -25.963694 3.664635 99.617783
v -25.989262 3.256542 99.643730
v -26.021118 2.848579 99.658440
v -23.110582 22.376009 101.285431
v -22.281923 22.299314 102.500183
v -26.133858 -17.514622 102.614182
v -21.394947 22.216858 103.672638
v -25.246881 -17.597078 103.786644
v -20.451788 22.128838 104.799973
v -24.303722 -17.685101 104.913971
v -19.454720 22.035463 105.879471
v -23.306652 -17.778473 105.993469
v -18.406141 21.936962 106.908531
v -22.258076 -17.876976 107.022530
v -17.308584 21.833570 107.884674
v -21.160519 -17.980368 107.998672
v -16.164686 21.725536 108.805542
v -20.016621 -18.088400 108.919548
v -14.977208 21.613123 109.668930
v -18.829142 -18.200815 109.782928
v -17.600943 -18.317339 110.586754
v -15.301197 0.981978 110.792122
v -15.323915 0.412963 110.812836
v -15.325169 -0.156569 110.846138
v -15.257035 1.549922 110.784119
v -15.223721 1.860701 110.785149
v -15.304923 -0.726060 110.891823
v -15.263139 -1.294941 110.949638
v -15.199766 -1.862631 111.019264
v -16.334980 -18.437695 111.329071
v -15.114752 -2.428539 111.100319
v -15.008037 -2.992052 111.192345
v -14.879561 -3.552542 111.294838
v -14.729265 -4.109362 111.407234
v -13.749008 21.496597 110.472755
v -14.693262 4.426197 110.942711
v -14.553670 4.868032 110.997086
v -14.819085 3.980861 110.896065
v -14.931108 3.532338 110.857338
v -15.029292 3.080930 110.826683
v -15.113603 2.626937 110.804207
v -15.183998 2.170655 110.790016
v -14.557091 -4.661839 111.528915
v -14.362987 -5.209280 111.659203
v -15.034306 -18.561588 112.008095
v -14.146787 -5.751251 111.797440
v -13.908215 -6.287445 111.942993
v -13.646979 -6.817400 112.095161
v -13.362751 -7.340598 112.253212
v -13.702052 -18.688723 112.622192
v -12.483047 21.376244 111.215065
v -13.193777 7.835211 111.573830
v -12.945253 8.236968 111.680557
v -13.428805 7.427217 111.472496
v -13.650314 7.013326 111.376915
v -13.858260 6.593908 111.287460
v -14.052603 6.169325 111.204453
v -14.233308 5.739925 111.128204
v -14.400341 5.306049 111.058998
v -13.055160 -7.856459 112.416367
v -12.723801 -8.364336 112.583809
v -12.368229 -8.863508 112.754677
v -12.117725 9.402808 112.029671
v -11.182371 21.252350 111.894089
v -11.814168 9.777433 112.154457
v -12.407339 9.021004 111.908844
v -12.683144 8.632306 111.792351
v -11.496520 10.144564 112.282799
v -11.987895 -9.353271 112.928085
v -12.341428 -18.818792 113.169884
v -11.582170 -9.832855 113.103111
v -11.150400 -10.301351 113.278763
v -10.818314 10.854903 112.548454
v -9.850118 21.125214 112.508194
v -10.457409 11.197299 112.684875
v -11.164625 10.503850 112.414276
v -10.691912 -10.757708 113.453979
v -10.955713 -18.951485 113.649841
v -10.081730 11.530573 112.823059
v -10.206015 -11.200727 113.627594
v -9.691979 -11.629078 113.798401
v -9.548244 -19.086477 114.060928
v -8.489494 20.995144 113.055878
v -9.285288 12.167673 113.102669
v -8.864050 12.470408 113.243042
v -9.691086 11.854216 112.962502
v -9.149176 -12.041186 113.965034
v -8.427076 12.761824 113.383057
v -8.577158 -12.435202 114.126015
v -7.975539 -12.809125 114.279770
v -8.122414 -19.223448 114.402138
v -7.103779 20.862453 113.535843
v -7.974127 13.041214 113.522095
v -7.504968 13.307813 113.659531
v -7.019360 13.560787 113.794678
v -7.408339 -13.126789 114.410637
v -6.877148 -13.395794 114.521187
v -6.681654 -19.362064 114.672646
v -6.517225 13.799166 113.926765
v -5.696311 20.727461 113.946922
v -5.998544 14.021905 114.055000
v -6.327091 -13.647099 114.623756
v -5.463333 14.227904 114.178551
v -5.758968 -13.879135 114.717293
v -5.173646 -14.090400 114.800804
v -5.229438 -19.501993 114.871811
v -4.270480 20.590490 114.288132
v -4.911650 14.416006 114.296532
v -4.343849 14.584918 114.407997
v -4.572055 -14.279453 114.873322
v -3.955723 -14.444789 114.933929
v -3.769264 -19.642899 114.999153
v -3.760683 14.733249 114.511917
v -2.829720 20.451874 114.558647
v -3.162984 14.859638 114.607285
v -3.327206 -14.584865 114.981720
v -2.551486 14.962783 114.693123
v -2.689116 -14.698459 115.016037
v -2.304649 -19.784439 115.054359
v -1.377504 20.311945 114.757812
v -1.927485 15.041337 114.768440
v -2.044125 -14.784676 115.036407
v -1.293415 15.093987 114.832184
v -1.395222 -14.842917 115.042580
v -0.839121 -19.926275 115.037300
v -0.745914 -14.872941 115.034584
v 0.082670 20.171040 114.885155
v -0.651778 15.119692 114.883484
v -0.005091 15.117698 114.921646
v -0.098804 -14.874933 115.012665
v 0.644121 15.087531 114.946159
v 0.543576 -14.849366 114.977280
v 0.623788 -20.068066 114.948013
v 1.547285 20.029499 114.940361
v 1.293254 15.029004 114.956703
v 1.178693 -14.796990 114.929054
v 1.938793 14.942365 114.953186
v 1.804031 -14.718838 114.868820
v 2.080554 -20.209467 114.786720
v 3.012813 19.887663 114.923302
v 2.577749 14.828217 114.935768
v 2.417132 -14.616218 114.797562
v 3.207435 14.687465 114.904831
v 3.016691 -14.490464 114.716263
v 3.601946 -14.342869 114.625877
v 3.527668 -20.350140 114.553802
v 4.475722 19.745872 114.834015
v 3.825219 14.521338 114.860992
v 4.428524 14.331392 114.805061
v 4.172044 -14.174783 114.527412
v 4.726206 -13.987588 114.421875
v 4.961644 -20.489744 114.249825
v 5.015814 14.119143 114.737923
v 5.932488 19.604471 114.672722
v 5.586133 13.886039 114.660484
v 5.264060 -13.782566 114.310226
v 6.138590 13.633593 114.573730
v 5.785524 -13.560865 114.193344
v 6.290561 -13.323578 114.072067
v 6.379027 -20.627947 113.875526
v 6.672358 13.363384 114.478676
v 7.379602 19.463799 114.439804
v 7.186677 13.077065 114.376373
v 6.779170 -13.071737 113.947220
v 7.681318 12.776061 114.267807
v 7.251410 -12.806311 113.819550
v 7.707504 -12.528121 113.689758
v 7.776403 -20.764410 113.431793
v 8.156589 12.461454 114.153831
v 8.813579 19.324192 114.135826
v 8.612663 12.134343 114.035294
v 8.147669 -12.237929 113.558502
v 8.572127 -11.936434 113.426407
v 8.981163 -11.624227 113.294029
v 9.375045 -11.301842 113.161919
v 9.150405 -20.898809 112.919708
v 9.468044 11.446690 113.787758
v 10.230961 19.185991 113.761520
v 9.867985 11.087874 113.660225
v 9.049740 11.795766 113.913010
v 10.249955 10.720003 113.531052
v 9.753950 -10.969825 113.030602
v 10.118056 -10.628682 112.900604
v 10.467531 -10.278872 112.772408
v 10.802542 -9.920818 112.646477
v 10.497723 -21.030819 112.340492
v 11.628337 19.049526 113.317795
v 10.961261 9.959773 113.270332
v 11.291223 9.568609 113.139954
v 10.614276 10.343762 113.400887
v 11.123243 -9.554902 112.523254
v 11.429782 -9.181470 112.403160
v 11.722297 -8.800834 112.286613
v 12.000910 -8.413277 112.173981
v 12.181905 8.356999 112.755173
v 13.002339 18.915129 112.805702
v 12.446658 7.941842 112.630669
v 11.901259 8.766775 112.881874
v 11.604458 9.170786 113.010292
v 12.265729 -8.019048 112.065659
v 11.815111 -21.160120 111.695549
v 12.516850 -7.618365 111.961983
v 12.754356 -7.211407 111.863304
v 12.978216 -6.798512 111.769989
v 13.188376 -6.380045 111.682396
v 13.384790 -5.956363 111.600853
v 13.567413 -5.527813 111.525681
v 13.147944 6.667296 112.274605
v 14.349657 18.783119 112.226494
v 13.351417 6.233655 112.163086
v 12.929457 7.096704 112.389969
v 12.695765 7.521642 112.508797
v 13.540041 5.795987 112.055779
v 13.713961 5.354470 111.953041
v 13.736204 -5.094734 111.457146
v 13.891125 -4.657456 111.395531
v 13.099396 -21.286404 110.986435
v 14.032136 -4.216302 111.341057
v 14.159203 -3.771587 111.293930
v 14.272286 -3.323621 111.254326
v 14.371346 -2.872706 111.222412
v 14.456344 -2.419141 111.198303
v 14.527235 -1.963219 111.182091
v 14.583974 -1.505233 111.173851
v 14.347483 -21.409363 110.214851
v 15.667046 18.653816 111.581551
v 14.451180 2.644064 111.452957
v 14.523390 2.185002 111.391937
v 14.364557 3.101504 111.520828
v 14.263491 3.557051 111.595284
v 14.147944 4.010420 111.676041
v 14.017874 4.461318 111.762810
v 13.873231 4.909440 111.855255
v 14.654767 -0.584678 111.181396
v 16.951330 18.527534 110.872437
v 14.626504 -1.045535 111.173615
v 14.668735 -0.123024 111.197144
v 14.668382 0.339082 111.220802
v 14.653687 0.801292 111.252251
v 14.624634 1.263255 111.291374
v 14.581205 1.724612 111.337997
v 18.199417 18.404575 110.100853
v 15.556367 -21.528704 109.382668
v 19.408300 18.285234 109.268661
v 16.723135 -21.644136 108.491875
v 20.575068 18.169800 108.377876
v 21.696907 18.058552 107.430626
v 17.844973 -21.755384 107.544624
v 22.771116 17.951757 106.429199
v 18.919182 -21.862181 106.543205
v 23.795109 17.849672 105.376015
v 19.943174 -21.964266 105.490021
v 20.914480 -22.061396 104.387611
v 24.766415 17.752542 104.273605
v 25.682697 17.660604 103.124626
v 21.830763 -22.153334 103.238632
v 26.541746 17.574078 101.931847
v 22.689814 -22.239861 102.045853
v 25.595400 -3.376317 100.308777
v 25.574358 -3.784278 100.278976
v 23.489563 -22.320768 100.812141
v 25.622999 -2.968339 100.327515
v 25.559834 -4.192012 100.238129
v 25.657175 -2.560554 100.335175
v 25.551769 -4.599303 100.186234
v 25.697927 -2.153226 100.331764
v 25.550095 -5.005931 100.123299
v 25.554718 -5.411671 100.049332
v 25.565533 -5.816292 99.964325
v 24.228083 -22.395859 99.540482
v 25.582418 -6.219559 99.868279
v 25.605236 -6.621231 99.761208
v 25.633829 -7.021060 99.643089
v 25.668028 -7.418789 99.513947
v 25.707653 -7.814159 99.373764
v 25.752499 -8.206901 99.222549
v 26.162067 0.660654 99.997765
v 27.341497 17.493170 100.698143
v 26.252636 1.054459 99.905853
v 26.077282 0.264331 100.078644
v 25.998446 -0.134270 100.148491
v 25.925703 -0.534914 100.207283
v 25.859182 -0.937366 100.255013
v 25.798990 -1.341391 100.291672
v 25.745216 -1.746756 100.317261
v 25.802359 -8.596736 99.060303
v 25.857002 -8.983383 98.887039
v 25.916201 -9.366628 98.702721
v 24.903595 -22.464954 98.233925
v 25.979746 -9.746370 98.507248
v 26.047401 -10.122424 98.300537
v 26.118927 -10.494581 98.082504
v 26.194077 -10.862620 97.853043
v 26.272596 -11.226302 97.612045
v 27.032074 3.723971 98.953934
v 28.080017 17.418077 99.426476
v 27.161505 4.090668 98.773705
v 26.906668 3.353222 99.123062
v 26.785551 2.978623 99.281113
v 26.668976 2.600367 99.428116
v 26.557177 2.218643 99.564079
v 26.450384 1.833633 99.689011
v 26.348803 1.445515 99.802940
v 26.354216 -11.585365 97.359390
v 25.514475 -22.527889 96.895622
v 26.438660 -11.939533 97.094955
v 26.525644 -12.288504 96.818611
v 26.614878 -12.631956 96.530205
v 26.706059 -12.969596 96.229561
v 26.059246 -22.584509 95.528801
v 27.859522 5.857322 97.704063
v 28.755529 17.348982 98.119919
v 28.007326 6.196123 97.455788
v 27.714060 5.513434 97.940742
v 27.571238 5.164653 98.165955
v 27.431355 4.811159 98.379791
v 27.294687 4.453114 98.582344
v 26.798887 -13.301096 95.916458
v 26.893040 -13.626085 95.590714
v 26.988182 -13.944157 95.252098
v 27.083961 -14.254870 94.900414
v 26.536598 -22.634678 94.136757
v 29.366409 17.286049 96.781624
v 28.157150 6.529626 97.195801
v 28.461529 7.179792 96.640175
v 28.615379 7.495949 96.344246
v 28.308666 6.857598 96.923973
v 27.180012 -14.557745 94.535439
v 28.769880 7.805836 96.035988
v 27.275948 -14.852254 94.156960
v 27.371365 -15.137836 93.764748
v 27.465839 -15.413875 93.358597
v 26.945383 -22.678274 92.722832
v 29.911180 17.229429 95.414803
v 29.079283 8.405619 95.381645
v 29.233372 8.694846 95.035156
v 28.924644 8.109166 95.715179
v 29.386475 8.976463 94.675507
v 27.558907 -15.679654 92.938377
v 27.650076 -15.934408 92.504021
v 27.738850 -16.177334 92.055435
v 27.284615 -22.715197 91.290443
v 30.388533 17.179260 94.022751
v 29.687817 9.515137 93.915878
v 29.835052 9.771243 93.515442
v 29.538120 9.250049 94.302483
v 27.824699 -16.407585 91.592567
v 29.979259 10.017797 93.101021
v 27.907084 -16.624264 91.115433
v 27.985392 -16.826315 90.624359
v 27.553473 -22.745352 89.843040
v 30.797316 17.135662 92.608833
v 30.119827 10.254153 92.672523
v 30.256117 10.479639 92.229858
v 28.059008 -17.012655 90.119789
v 30.387465 10.693542 91.772980
v 28.127327 -17.182224 89.602234
v 28.189764 -17.334009 89.072136
v 27.751314 -22.768671 88.384102
v 31.136549 17.098742 91.176445
v 30.513182 10.895117 91.301834
v 30.632517 11.083514 90.816582
v 28.245728 -17.466959 88.530167
v 30.744652 11.257789 90.317635
v 28.294586 -17.579901 87.977882
v 28.335791 -17.671827 87.416969
v 27.877661 -22.785095 86.917152
v 31.405407 17.068584 89.729042
v 30.848783 11.417013 89.805466
v 30.944118 11.560274 89.280563
v 28.368876 -17.741920 86.849129
v 31.029905 11.686713 88.743309
v 28.393484 -17.789543 86.276085
v 28.405968 -17.809891 85.854355
v 27.932207 -22.794586 85.445717
v 31.603249 17.045267 88.270103
v 31.105291 11.795300 88.194977
v 31.169477 11.885074 87.637230
v 28.413698 -17.817842 85.431473
v 31.221788 11.955243 87.071732
v 31.729595 17.028843 86.803154
v 31.261675 12.005177 86.500206
v 31.288721 12.034402 85.924370
v 31.784142 17.019352 85.331718
v 31.302649 12.042609 85.345970
v -39.621559 3.788891 69.483025
v -29.668833 2.826352 69.612602
v -39.550911 4.521556 69.498993
v -29.598185 3.559017 69.628571
v -39.480885 5.252604 69.551064
v -29.528162 4.290065 69.680634
v -39.411659 5.980273 69.639091
v -29.458935 5.017735 69.768669
v -39.343391 6.702811 69.762878
v -29.390669 5.740272 69.892456
v -39.276253 7.418476 69.922134
v -29.323528 6.455937 70.051704
v -39.210403 8.125545 70.116455
v -29.257677 7.163006 70.246025
v -39.145996 8.822314 70.345390
v -29.193272 7.859775 70.474960
v -39.083195 9.507105 70.608376
v -29.130468 8.544566 70.737946
v -39.022144 10.178267 70.904785
v -29.069420 9.215729 71.034355
v -38.962994 10.834185 71.233902
v -29.010269 9.871646 71.363472
v -38.905888 11.473278 71.594933
v -28.953163 10.510738 71.724503
v -38.850960 12.094006 71.987007
v -28.898235 11.131466 72.116585
v -38.798347 12.694873 72.409187
v -28.845621 11.732334 72.538765
v -38.748173 13.274433 72.860451
v -28.795446 12.311894 72.990021
v -38.700558 13.831289 73.339706
v -28.747831 12.868750 73.469284
v -38.655617 14.364100 73.845810
v -28.702892 13.401561 73.975380
v -38.613461 14.871581 74.377533
v -28.660734 13.909042 74.507103
v -38.574188 15.352510 74.933601
v -28.621464 14.389972 75.063171
v -38.537895 15.805731 75.512665
v -28.585171 14.843192 75.642242
v -38.504669 16.230148 76.113342
v -28.551945 15.267610 76.242912
v -38.474590 16.624743 76.734177
v -28.521866 15.662204 76.863747
v -38.447731 16.988560 77.373672
v -28.495007 16.026022 77.503250
v -38.424156 17.320726 78.030296
v -28.471430 16.358187 78.159874
v -38.403919 17.620441 78.702461
v -28.451195 16.657904 78.832039
v -38.387074 17.886982 79.388550
v -28.434351 16.924444 79.518127
v -38.373661 18.119707 80.086914
v -28.420935 17.157169 80.216484
v -38.363708 18.318056 80.795853
v -28.410982 17.355516 80.925430
v -38.357239 18.481550 81.513680
v -28.404516 17.519012 81.643257
v -38.354275 18.609797 82.238655
v -28.401550 17.647257 82.368233
v -38.354820 18.702484 82.969032
v -28.402096 17.739944 83.098610
v -38.358871 18.759392 83.703056
v -28.406149 17.796852 83.832634
v -38.366425 18.780382 84.438957
v -38.377659 18.764877 85.186630
v -38.392452 18.712292 85.932556
v -38.410778 18.622755 86.674873
v -38.432583 18.496492 87.411736
v -38.457813 18.333817 88.141312
v -38.486408 18.135132 88.861794
v -38.518295 17.900934 89.571388
v -38.553394 17.631802 90.268326
v -38.591625 17.328407 90.950874
v -38.632881 16.991503 91.617340
v -38.677071 16.621927 92.266068
v -38.724075 16.220600 92.895439
v -38.773785 15.788517 93.503899
v -38.826073 15.326753 94.089928
v -38.880810 14.836457 94.652061
v -38.937855 14.318848 95.188911
v -38.997074 13.775210 95.699150
v -39.058315 13.206899 96.181496
v -39.121429 12.615324 96.634750
v -39.186256 12.001959 97.057793
v -39.252636 11.368326 97.449570
v -39.320404 10.716002 97.809105
v -39.389389 10.046609 98.135506
v -39.459427 9.361810 98.427963
v -39.530334 8.663308 98.685753
v -39.601940 7.952840 98.908218
v -39.674068 7.232172 99.094826
v -39.746532 6.503097 99.245102
v -39.819160 5.767425 99.358665
v -39.891766 5.026987 99.435257
v -39.964169 4.283623 99.474663
v -40.036194 3.539181 99.476791
v -40.107655 2.795512 99.441643
v -40.178383 2.054466 99.369301
v -40.248196 1.317883 99.259949
v -40.316917 0.587597 99.113853
v -40.384384 -0.134578 98.931381
v -40.450428 -0.846847 98.712982
v -40.514877 -1.547439 98.459206
v -40.577579 -2.234611 98.170677
v -40.638374 -2.906655 97.848114
v -40.697109 -3.561900 97.492317
v -40.753643 -4.198719 97.104179
v -40.807835 -4.815526 96.684662
v -40.859547 -5.410789 96.234802
v -40.908653 -5.983028 95.755722
v -40.955029 -6.530821 95.248611
v -40.998558 -7.052804 94.714737
v -41.039139 -7.547681 94.155418
v -41.076660 -8.014221 93.572052
v -41.111038 -8.451264 92.966087
v -41.142185 -8.857724 92.339027
v -41.170021 -9.232591 91.692429
v -41.194477 -9.574931 91.027908
v -41.215496 -9.883896 90.347107
v -41.233021 -10.158714 89.651733
v -41.247009 -10.398705 88.943497
v -41.257427 -10.603271 88.224167
v -41.264252 -10.771902 87.495537
v -41.267460 -10.904181 86.759415
v -41.267048 -10.999779 86.017632
v -41.263016 -11.058457 85.272026
v -41.255375 -11.080070 84.524460
v -41.244343 -11.065092 83.788452
v -31.291618 -12.027632 83.918030
v -31.277136 -11.976721 83.183701
v -41.229858 -11.014182 83.054123
v -31.259233 -11.890001 82.452805
v -41.211956 -10.927463 82.323235
v -31.237955 -11.767682 81.727112
v -41.190681 -10.805143 81.597542
v -31.213354 -11.610055 81.008369
v -41.166080 -10.647516 80.878792
v -41.138214 -10.454965 80.168732
v -31.185488 -11.417503 80.298302
v -41.107147 -10.227950 79.469055
v -31.154425 -11.190489 79.598625
v -31.120237 -10.929559 78.911034
v -41.072964 -9.967020 78.781456
v -31.083010 -10.635342 78.237167
v -41.035736 -9.672803 78.107590
v -31.042833 -10.308547 77.578651
v -40.995556 -9.346008 77.449081
v -30.999802 -9.949963 76.937088
v -40.952526 -8.987424 76.807510
v -30.954020 -9.560450 76.314003
v -40.906742 -8.597911 76.184433
v -30.905598 -9.140949 75.710915
v -40.858322 -8.178410 75.581345
v -30.854652 -8.692471 75.129265
v -40.807377 -7.729931 74.999695
v -30.801306 -8.216095 74.570457
v -40.754032 -7.253556 74.440887
v -30.745687 -7.712968 74.035843
v -40.698414 -6.750429 73.906265
v -30.687933 -7.184305 73.526703
v -40.640656 -6.221766 73.397125
v -40.580902 -5.668839 72.914688
v -30.628178 -6.631377 73.044266
v -30.566566 -6.055517 72.589691
v -40.519291 -5.092978 72.460121
v -40.455975 -4.495573 72.034515
v -30.503250 -5.458112 72.164085
v -30.438379 -4.840602 71.768463
v -40.391106 -3.878063 71.638885
v -40.324837 -3.241935 71.274208
v -30.372112 -4.204474 71.403778
v -30.304605 -3.551260 71.070915
v -40.257328 -2.588721 70.941338
v -30.236023 -2.882535 70.770668
v -40.188747 -1.919996 70.641090
v -30.166531 -2.199908 70.503761
v -40.119255 -1.237369 70.374191
v -30.096294 -1.505026 70.270851
v -40.049019 -0.542487 70.141273
v -39.978210 0.162978 69.942909
v -30.025486 -0.799561 70.072479
v -29.954275 -0.085213 69.909134
v -39.906998 0.877325 69.779564
v -29.882832 0.636296 69.781212
v -39.835556 1.598835 69.651642
v -29.811329 1.363229 69.689011
v -39.764053 2.325768 69.559441
v -29.739939 2.093834 69.632767
v -39.692661 3.056373 69.503189
v -31.769434 -16.999380 83.686943
v -31.750122 -16.931501 82.707832
v -31.726254 -16.815874 81.733315
v -31.697884 -16.652781 80.765724
v -31.665081 -16.442614 79.807396
v -31.627926 -16.185877 78.860641
v -31.586508 -15.883190 77.927742
v -31.540926 -15.535284 77.010948
v -31.491289 -15.142996 76.112457
v -31.437719 -14.707270 75.234444
v -31.380344 -14.229155 74.379021
v -31.319302 -13.709805 73.548248
v -31.254738 -13.150470 72.744125
v -31.186811 -12.552499 71.968597
v -31.115683 -11.917331 71.223518
v -31.041527 -11.246497 70.510696
v -30.964518 -10.541612 69.831841
v -30.884844 -9.804375 69.188591
v -30.802698 -9.036562 68.582497
v -30.718275 -8.240022 68.015022
v -30.631783 -7.416675 67.487526
v -30.543425 -6.568504 67.001274
v -30.453415 -5.697553 66.557457
v -30.361973 -4.805919 66.157127
v -30.269316 -3.895751 65.801262
v -30.175669 -2.969240 65.490707
v -30.081257 -2.028620 65.226212
v -29.986307 -1.076157 65.008423
v -29.891050 -0.114144 64.837852
v -29.795713 0.855100 64.714928
v -29.700527 1.829240 64.639931
v -29.605721 2.805930 64.613037
v -27.922140 22.766598 83.573082
v -29.511520 3.782818 64.634331
v -27.916737 22.690722 82.594383
v -29.418158 4.757548 64.703751
v -27.916010 22.567137 81.620544
v -29.325853 5.727774 64.821129
v -27.919962 22.396143 80.653915
v -29.234833 6.691157 64.986183
v -27.928585 22.178150 79.696815
v -29.145313 7.645377 65.198509
v -27.941854 21.913687 78.751549
v -29.057512 8.588136 65.457611
v -27.959742 21.603386 77.820404
v -28.971638 9.517161 65.762856
v -27.982203 21.247997 76.905624
v -28.887901 10.430216 66.113503
v -28.009182 20.848379 76.009407
v -28.806501 11.325099 66.508713
v -28.040617 20.405489 75.133904
v -28.727634 12.199656 66.947540
v -28.651491 13.051780 67.428917
v -28.076429 19.920397 74.281242
v -28.578257 13.879416 67.951683
v -28.116535 19.394274 73.453461
v -28.160835 18.828382 72.652557
v -28.508104 14.680573 68.514587
v -28.441204 15.453320 69.116272
v -28.209227 18.224091 71.880470
v -28.377718 16.195795 69.755280
v -28.261589 17.582850 71.139046
v -28.317797 16.906208 70.430084
v 40.000240 -3.911421 70.519615
v 40.070889 -3.178755 70.535583
v 30.047516 -2.948882 70.390038
v 30.118164 -2.216216 70.406006
v 40.140911 -2.447708 70.587646
v 30.188187 -1.485169 70.458069
v 40.210140 -1.720038 70.675682
v 30.257414 -0.757499 70.546104
v 40.278404 -0.997501 70.799469
v 30.325680 -0.034962 70.669891
v 40.345543 -0.281836 70.958717
v 30.392820 0.680703 70.829147
v 40.411396 0.425233 71.153038
v 30.458672 1.387772 71.023468
v 40.475800 1.122002 71.381973
v 30.523075 2.084541 71.252396
v 40.538605 1.806793 71.644958
v 30.585878 2.769332 71.515388
v 40.599655 2.477956 71.941368
v 30.646929 3.440495 71.811798
v 40.658802 3.133873 72.270485
v 30.706079 4.096412 72.140915
v 40.715912 3.772966 72.631516
v 30.763186 4.735505 72.501945
v 40.770836 4.393693 73.023598
v 30.818113 5.356233 72.894020
v 40.823452 4.994561 73.445770
v 30.870728 5.957100 73.316200
v 40.873627 5.574121 73.897034
v 30.920902 6.536661 73.767464
v 40.921242 6.130977 74.376297
v 30.968517 7.093516 74.246719
v 40.966183 6.663788 74.882393
v 31.013456 7.626327 74.752823
v 41.008339 7.171270 75.414116
v 31.055613 8.133809 75.284546
v 41.047611 7.652199 75.970184
v 31.094885 8.614738 75.840614
v 41.083904 8.105419 76.549255
v 31.131178 9.067958 76.419678
v 41.117126 8.529837 77.149925
v 31.164404 9.492375 77.020355
v 41.147209 8.924431 77.770760
v 31.194483 9.886970 77.641190
v 41.174068 9.288248 78.410263
v 31.221342 10.250787 78.280685
v 41.197643 9.620415 79.066887
v 31.244919 10.582953 78.937309
v 41.217876 9.920130 79.739052
v 31.265152 10.882669 79.609474
v 41.234722 10.186671 80.425140
v 31.281998 11.149210 80.295563
v 41.248138 10.419395 81.123497
v 31.295414 11.381935 80.993927
v 41.258091 10.617743 81.832443
v 31.305367 11.580283 81.702866
v 41.264557 10.781239 82.550270
v 31.311832 11.743777 82.420692
v 41.267521 10.909484 83.275246
v 31.314796 11.872023 83.145668
v 41.266975 11.002172 84.005623
v 31.314253 11.964711 83.876045
v 41.262924 11.059080 84.739647
v 31.310200 12.021619 84.610069
v 41.255375 11.080070 85.475540
v 41.244141 11.064565 86.223221
v 41.229343 11.011979 86.969139
v 41.211021 10.922443 87.711456
v 41.189217 10.796181 88.448318
v 41.163986 10.633505 89.177902
v 41.135391 10.434821 89.898384
v 41.103504 10.200622 90.607971
v 41.068401 9.931491 91.304909
v 41.030174 9.628096 91.987457
v 40.988914 9.291191 92.653923
v 40.944729 8.921616 93.302650
v 40.897720 8.520288 93.932030
v 40.848011 8.088204 94.540482
v 40.795727 7.626441 95.126511
v 40.740990 7.136145 95.688644
v 40.683941 6.618536 96.225502
v 40.624722 6.074898 96.735733
v 40.563480 5.506587 97.218079
v 40.500370 4.915012 97.671333
v 40.435543 4.301647 98.094376
v 40.369164 3.668014 98.486153
v 40.301395 3.015690 98.845695
v 40.232407 2.346297 99.172096
v 40.162373 1.661498 99.464554
v 40.091465 0.962997 99.722336
v 40.019855 0.252528 99.944809
v 39.947731 -0.468139 100.131409
v 39.875263 -1.197215 100.281685
v 39.802639 -1.932887 100.395256
v 39.730034 -2.673325 100.471840
v 39.657627 -3.416689 100.511246
v 39.585606 -4.161131 100.513374
v 39.514141 -4.904799 100.478226
v 39.443417 -5.645846 100.405884
v 39.373604 -6.382429 100.296532
v 39.304878 -7.112715 100.150436
v 39.237411 -7.834890 99.967964
v 39.171371 -8.547159 99.749565
v 39.106922 -9.247750 99.495789
v 39.044220 -9.934922 99.207260
v 38.983425 -10.606966 98.884697
v 38.924686 -11.262212 98.528908
v 38.868153 -11.899031 98.140770
v 38.813961 -12.515838 97.721245
v 38.762249 -13.111101 97.271385
v 38.713146 -13.683340 96.792313
v 38.666771 -14.231133 96.285202
v 38.623238 -14.753116 95.751328
v 38.582661 -15.247993 95.192009
v 38.545135 -15.714533 94.608643
v 38.510757 -16.151575 94.002670
v 38.479614 -16.558037 93.375610
v 38.451778 -16.932903 92.729019
v 38.427319 -17.275244 92.064491
v 38.406303 -17.584208 91.383698
v 38.388779 -17.859026 90.688316
v 38.374790 -18.099016 89.980080
v 38.364368 -18.303581 89.260757
v 38.357548 -18.472214 88.532127
v 38.354336 -18.604492 87.796005
v 38.354748 -18.700090 87.054214
v 38.358780 -18.758770 86.308609
v 38.366425 -18.780382 85.561043
v 28.424730 -17.802866 84.695465
v 38.377453 -18.765404 84.825043
v 28.439213 -17.751955 83.961136
v 38.391937 -18.714495 84.090714
v 28.457115 -17.665236 83.230247
v 38.409840 -18.627775 83.359818
v 28.478394 -17.542915 82.504555
v 38.431118 -18.505455 82.634125
v 28.502995 -17.385288 81.785805
v 38.455719 -18.347828 81.915382
v 28.530861 -17.192738 81.075745
v 38.483585 -18.155275 81.205315
v 38.514648 -17.928263 80.505638
v 28.561924 -16.965723 80.376068
v 28.596111 -16.704794 79.688469
v 38.548836 -17.667332 79.818047
v 38.586063 -17.373116 79.144180
v 28.633337 -16.410576 79.014603
v 28.673515 -16.083780 78.356094
v 38.626240 -17.046320 78.485664
v 38.669273 -16.687735 77.844101
v 28.716547 -15.725196 77.714523
v 38.715054 -16.298222 77.221016
v 28.762329 -15.335683 77.091446
v 28.810751 -14.916183 76.488358
v 38.763477 -15.878721 76.617928
v 38.814423 -15.430243 76.036278
v 28.861696 -14.467704 75.906708
v 38.867767 -14.953867 75.477470
v 28.915043 -13.991328 75.347900
v 38.923386 -14.450741 74.942856
v 28.970659 -13.488202 74.813278
v 38.981140 -13.922077 74.433716
v 29.028416 -12.959538 74.304138
v 29.088171 -12.406611 73.821701
v 39.040897 -13.369150 73.951279
v 29.149782 -11.830750 73.367134
v 39.102505 -12.793290 73.496704
v 39.165821 -12.195885 73.071098
v 29.213099 -11.233346 72.941521
v 39.230694 -11.578375 72.675476
v 29.277969 -10.615836 72.545898
v 39.296963 -10.942246 72.310791
v 29.344236 -9.979708 72.181221
v 39.364468 -10.289033 71.977928
v 29.411743 -9.326494 71.848351
v 29.480326 -8.657768 71.548103
v 39.433052 -9.620308 71.677681
v 39.502544 -8.937681 71.410774
v 29.549818 -7.975142 71.281204
v 29.620052 -7.280260 71.048286
v 39.572777 -8.242799 71.177864
v 39.643585 -7.537334 70.979492
v 29.690863 -6.574795 70.849922
v 39.714798 -6.822986 70.816147
v 29.762074 -5.860447 70.686577
v 39.786243 -6.101477 70.688225
v 29.833517 -5.138938 70.558647
v 29.905020 -4.412005 70.466454
v 39.857746 -5.374544 70.596024
v 39.929134 -4.643939 70.539780
v 29.976410 -3.681400 70.410202
v 27.946915 -22.774614 84.464386
v 27.966227 -22.706734 83.485275
v 27.990095 -22.591108 82.510750
v 28.018465 -22.428015 81.543159
v 28.051268 -22.217848 80.584839
v 28.088423 -21.961111 79.638084
v 28.129841 -21.658424 78.705185
v 28.175423 -21.310518 77.788383
v 28.225060 -20.918230 76.889900
v 28.278629 -20.482504 76.011887
v 28.336004 -20.004389 75.156464
v 28.397047 -19.485039 74.325691
v 28.461611 -18.925703 73.521568
v 28.529537 -18.327732 72.746033
v 28.600664 -17.692564 72.000954
v 28.674822 -17.021730 71.288132
v 28.751831 -16.316845 70.609283
v 28.831503 -15.579608 69.966034
v 28.913651 -14.811795 69.359940
v 28.998072 -14.015256 68.792458
v 29.084566 -13.191909 68.264961
v 29.172924 -12.343738 67.778717
v 29.262934 -11.472786 67.334892
v 29.354376 -10.581153 66.934570
v 29.447033 -9.670984 66.578697
v 29.540680 -8.744474 66.268143
v 29.635092 -7.803854 66.003654
v 29.730040 -6.851391 65.785858
v 29.825298 -5.889378 65.615295
v 29.920635 -4.920134 65.492363
v 30.015821 -3.945994 65.417366
v 30.110628 -2.969303 65.390480
v 31.794209 16.991364 84.350517
v 30.204828 -1.992416 65.411774
v 31.799612 16.915487 83.371826
v 30.298191 -1.017686 65.481194
v 31.800339 16.791903 82.397987
v 30.390493 -0.047460 65.598564
v 31.796385 16.620909 81.431351
v 30.481516 0.915923 65.763618
v 31.787764 16.402916 80.474251
v 30.571035 1.870143 65.975952
v 31.774494 16.138453 79.528992
v 30.658836 2.812902 66.235054
v 31.756607 15.828152 78.597847
v 30.744711 3.741928 66.540291
v 31.734146 15.472764 77.683060
v 30.828447 4.654982 66.890945
v 31.707167 15.073145 76.786842
v 30.909847 5.549865 67.286156
v 31.675732 14.630256 75.911346
v 30.988714 6.424422 67.724976
v 31.064856 7.276546 68.206352
v 31.639919 14.145164 75.058678
v 31.138092 8.104182 68.729126
v 31.599813 13.619040 74.230896
v 31.555511 13.053149 73.430000
v 31.208244 8.905339 69.292030
v 31.275145 9.678085 69.893707
v 31.507122 12.448856 72.657906
v 31.338631 10.420561 70.532722
v 31.454760 11.807616 71.916489
v 31.398550 11.130975 71.207520
v -15.938905 1.770554 164.798599
v -15.992349 1.024549 164.800964
v -16.008543 0.276809 164.803818
v -15.987448 -0.470807 164.807144
v -15.929115 -1.216440 164.810928
v -15.833693 -1.958236 164.815155
v -15.701414 -2.694352 164.819839
v -15.532611 -3.422956 164.824936
v -15.327702 -4.142239 164.830460
v -15.087195 -4.850410 164.836395
v -14.811690 -5.545711 164.842712
v -14.501872 -6.226411 164.849411
v -14.158510 -6.890820 164.856461
v -13.782459 -7.537284 164.863846
v -13.374653 -8.164198 164.871552
v -12.936106 -8.770000 164.879562
v -12.467909 -9.353189 164.887848
v -11.971224 -9.912311 164.896408
v -11.447289 -10.445975 164.905197
v -10.897403 -10.952859 164.914215
v -10.322935 -11.431698 164.923416
v -9.725314 -11.881306 164.932800
v -9.106024 -12.300561 164.942337
v -8.466607 -12.688423 164.951996
v -7.808650 -13.043927 164.961746
v -7.133790 -13.366191 164.971588
v -6.443706 -13.654410 164.981476
v -5.740112 -13.907871 164.991394
v -5.024757 -14.125942 165.001312
v -4.299421 -14.308082 165.011215
v -3.565906 -14.453837 165.021072
v -2.826037 -14.562844 165.030853
v -2.081652 -14.634835 165.040543
v -1.334602 -14.669629 165.050110
v -0.586745 -14.667138 165.059540
v 0.160060 -14.627372 165.068817
v 0.903957 -14.550426 165.077881
v 1.643096 -14.436494 165.086746
v 2.375639 -14.285858 165.095383
v 3.099766 -14.098892 165.103760
v 3.813676 -13.876062 165.111862
v 4.515593 -13.617923 165.119675
v 5.203773 -13.325114 165.127167
v 5.876506 -12.998364 165.134323
v 6.532118 -12.638487 165.141129
v 7.168980 -12.246375 165.147568
v 7.785507 -11.823006 165.153610
v 8.380169 -11.369429 165.159271
v 8.951485 -10.886774 165.164505
v 9.498035 -10.376241 165.169327
v 10.018462 -9.839097 165.173706
v 10.511471 -9.276680 165.177628
v 10.975836 -8.690389 165.181091
v 11.410402 -8.081678 165.184097
v 11.814091 -7.452063 165.186615
v 12.185897 -6.803109 165.188660
v 12.524896 -6.136428 165.190216
v 12.830245 -5.453680 165.191284
v 13.101187 -4.756560 165.191864
v 13.337045 -4.046802 165.191940
v 13.537235 -3.326171 165.191513
v 13.701260 -2.596459 165.190613
v 13.828710 -1.859478 165.189209
v 13.919269 -1.117063 165.187317
v 13.972713 -0.371058 165.184952
v 13.988907 0.376682 165.182098
v 13.967812 1.124298 165.178772
v 13.909479 1.869931 165.174988
v 13.814056 2.611728 165.170761
v 13.681779 3.347843 165.166077
v 13.512975 4.076447 165.160980
v 13.308065 4.795730 165.155457
v 13.067559 5.503901 165.149521
v 12.792054 6.199202 165.143204
v 12.482236 6.879903 165.136520
v 12.138874 7.544311 165.129471
v 11.762823 8.190776 165.122070
v 11.355017 8.817689 165.114365
v 10.916470 9.423492 165.106354
v 10.448273 10.006680 165.098068
v 9.951588 10.565802 165.089508
v 9.427652 11.099467 165.080719
v 8.877767 11.606351 165.071701
v 8.303299 12.085190 165.062500
v 7.705678 12.534798 165.053116
v 7.086388 12.954052 165.043579
v 6.446971 13.341914 165.033936
v 5.789014 13.697419 165.024170
v 5.114154 14.019682 165.014343
v 4.424069 14.307902 165.004440
v 3.720476 14.561362 164.994522
v 3.005121 14.779434 164.984604
v 2.279785 14.961574 164.974701
v 1.546270 15.107328 164.964859
v 0.806401 15.216336 164.955063
v 0.062016 15.288326 164.945374
v -0.685034 15.323121 164.935806
v -1.432891 15.320630 164.926376
v -2.179697 15.280864 164.917114
v -2.923593 15.203918 164.908035
v -3.662732 15.089986 164.899170
v -4.395276 14.939349 164.890533
v -5.119402 14.752384 164.882156
v -5.833312 14.529554 164.874054
v -6.535229 14.271414 164.866241
v -7.223409 13.978605 164.858749
v -7.896142 13.651855 164.851593
v -8.551754 13.291979 164.844788
v -9.188616 12.899867 164.838348
v -9.805142 12.476497 164.832306
v -10.399805 12.022921 164.826645
v -10.971121 11.540265 164.821411
v -11.517672 11.029732 164.816589
v -12.038098 10.492589 164.812210
v -12.531107 9.930172 164.808289
v -12.995472 9.343880 164.804825
v -13.430038 8.735169 164.801819
v -13.833727 8.105555 164.799301
v -14.205533 7.456600 164.797256
v -14.544532 6.789920 164.795700
v -14.849881 6.107172 164.794632
v -15.120823 5.410052 164.794067
v -15.356681 4.700294 164.793976
v -15.556871 3.979663 164.794403
v -15.720896 3.249950 164.795303
v -15.848346 2.512970 164.796707
v -0.850674 20.306574 130.682816
v 0.368487 20.164616 130.752075
v 1.347521 20.094135 130.764725
v -0.612828 20.186968 130.739594
v -38.286121 22.746437 107.732635
v -37.071968 23.747980 108.700264
v -38.167183 23.848454 106.783417
v -1.594061 20.161140 130.727310
v -38.408661 21.599712 108.626831
v -3.042412 20.518082 130.494522
v -2.572846 20.087193 130.715256
v -3.546827 19.965305 130.703461
v -5.222595 20.728168 130.200302
v -4.513658 19.795769 130.691956
v -5.471007 19.578995 130.680756
v -7.386152 20.936344 129.800827
v -6.416571 19.315504 130.669891
v -7.348069 19.005932 130.659393
v -8.263259 18.651022 130.649292
v -9.528053 21.142128 129.297028
v -9.159935 18.251631 130.639603
v -20.483896 2.112245 130.562576
v -20.365416 3.086715 130.560089
v -22.587328 2.312842 129.547318
v -37.241589 22.253777 109.856255
v -38.534523 20.410986 109.463898
v -38.663403 19.183073 110.241852
v -35.886051 23.638577 110.561859
v -34.930622 22.496984 112.816132
v -34.612202 23.520493 112.363876
v -33.253376 23.394005 114.102119
v -36.377388 20.085228 112.807716
v -38.794998 17.918879 110.958847
v -32.483589 22.492403 115.641609
v -31.812731 23.259409 115.772552
v -30.293627 23.117016 117.371284
v -37.656212 17.580368 112.801811
v -38.929001 16.621395 111.613197
v -39.065086 15.293694 112.203346
v -33.935040 20.250095 115.632446
v -29.926603 22.231752 118.318878
v -28.699587 22.967157 118.894592
v -38.761131 14.994078 112.798424
v -39.202938 13.938912 112.727898
v -35.230103 17.913967 115.625641
v -31.365562 20.166862 118.309151
v -27.286659 21.709520 120.834831
v -27.034321 22.810181 120.338951
v -25.301704 22.646452 121.700981
v -11.325909 20.659067 129.101318
v -10.035938 17.808723 130.630356
v -10.889157 17.323360 130.621567
v -11.643316 21.345037 128.690079
v -36.362736 15.494906 115.621223
v -32.660263 18.008591 118.301620
v -28.695507 19.828178 120.824730
v -24.591331 20.923035 123.177124
v -23.505766 22.476353 122.977524
v -21.650681 22.300280 124.165619
v -20.473915 21.284039 125.346107
v -19.740765 22.118639 125.262489
v -16.469009 20.923843 127.319786
v -15.774323 21.740360 127.172592
v -17.780458 21.931854 126.265594
v -12.698218 19.876480 129.087189
v -11.717536 16.796719 130.613266
v -13.727021 21.544603 127.981377
v -37.327663 13.004195 115.619217
v -39.342228 12.560261 113.185616
v -39.482628 11.160998 113.575417
v -33.804680 15.766997 118.296333
v -29.972696 17.855083 120.816666
v -25.952211 19.229486 123.166862
v -21.868484 19.872496 125.334274
v -17.847841 19.788141 127.307022
v -14.013930 19.002062 129.074158
v -12.519081 16.230061 130.605453
v -38.120388 10.453446 115.619629
v -39.623802 9.744437 113.896370
v -34.793472 13.452534 118.293304
v -31.112272 15.799427 120.810677
v -27.194357 17.447018 123.158463
v -23.163486 18.369072 125.324066
v -19.145967 18.560986 127.295647
v -15.266914 18.039890 129.062271
v -13.291860 15.624755 130.598175
v -14.034011 14.982259 130.591431
v -38.737209 7.854550 115.622452
v -39.765419 8.313928 114.147728
v -39.907146 6.872857 114.328880
v -35.622025 11.075992 118.292549
v -32.108925 13.670797 120.806786
v -28.311983 15.583937 123.151970
v -24.352884 16.780779 125.315536
v -20.357334 17.248104 127.285713
v -16.451324 16.994453 129.051590
v -14.743746 14.304119 130.585236
v -39.175251 5.219627 115.627686
v -40.048645 5.424634 114.439415
v -40.189579 3.972686 114.479065
v -38.769569 3.840629 116.339592
v -36.286484 8.648453 118.294075
v -32.958004 11.479120 120.805023
v -29.299875 13.648930 123.147400
v -25.431133 15.115022 125.308731
v -21.476292 15.855614 127.277275
v -17.561638 15.870625 129.042160
v -15.419354 13.591971 130.579620
v -36.783745 6.181233 118.297874
v -37.264339 3.700130 118.131233
v -35.677189 3.551498 119.850037
v -33.655552 9.234612 120.805382
v -30.153425 11.651021 123.144783
v -26.393204 13.379565 125.303673
v -22.497627 14.390010 127.270370
v -18.592680 14.673643 129.034042
v -16.059214 12.847530 130.574585
v -16.661774 12.072589 130.570145
v -34.198322 6.947738 120.807877
v -30.868658 9.599524 123.144135
v -27.234613 11.582502 125.300392
v -23.416574 12.858124 127.265030
v -19.539644 13.409091 129.027252
v -17.225592 11.269014 130.566299
v -34.583771 4.629161 120.812477
v -34.011620 3.395059 121.492241
v -31.442238 7.504003 123.145454
v -27.951437 9.732211 125.298904
v -24.228849 11.267098 127.261269
v -20.398115 12.082864 129.021820
v -17.749302 10.438743 130.563080
v -18.231647 9.583775 130.560486
v -31.871487 5.374230 123.148735
v -32.271282 3.231157 123.054222
v -30.460012 3.060152 124.532555
v -28.540331 7.837319 125.299210
v -24.930668 9.624352 127.259125
v -21.164087 10.701145 129.017807
v -18.671465 8.706169 130.558517
v -28.998552 5.906660 125.301308
v -25.518755 7.937544 127.258591
v -21.833994 9.270376 129.015182
v -19.067696 7.808040 130.557190
v -29.323963 3.949236 125.305199
v -28.581785 2.882421 125.923996
v -25.990372 6.214540 127.259674
v -22.404705 7.797228 129.014008
v -19.419382 6.891551 130.556488
v -19.725679 5.958912 130.556442
v -26.343313 4.463371 127.262367
v -26.640728 2.698353 127.225471
v -24.641111 2.508354 128.434128
v -22.873566 6.288570 129.014252
v -19.985849 5.012368 130.557022
v -23.238390 4.751436 129.015915
v -20.199266 4.054199 130.558243
v -23.497471 3.192993 129.019012
v -20.915268 2.251824 164.733810
v -20.554420 1.133138 130.565689
v -20.986525 1.257150 164.736969
v -20.576822 0.151751 130.569412
v -21.008118 0.260164 164.740768
v -20.551046 -0.829550 130.573746
v -20.979992 -0.736657 164.745209
v -20.477156 -1.808402 130.578674
v -20.902214 -1.730835 164.750244
v -20.355326 -2.782446 130.584198
v -20.774984 -2.719897 164.755890
v -20.185852 -3.749336 130.590286
v -20.598612 -3.701384 164.762131
v -19.969143 -4.706743 130.596924
v -20.373541 -4.672857 164.768936
v -19.705719 -5.652360 130.604111
v -20.100328 -5.631900 164.776306
v -19.396217 -6.583909 130.611832
v -19.779654 -6.576129 164.784210
v -19.041380 -7.499146 130.620041
v -19.412315 -7.503196 164.792633
v -18.642063 -8.395865 130.628754
v -18.999224 -8.410797 164.801559
v -18.199232 -9.271908 130.637924
v -18.541407 -9.296675 164.810959
v -17.713949 -10.125163 130.647537
v -18.040007 -10.158628 164.820801
v -17.187387 -10.953574 130.657562
v -17.496264 -10.994512 164.831085
v -16.620811 -11.755147 130.667984
v -16.911535 -11.802250 164.841766
v -16.015589 -12.527949 130.678787
v -16.287271 -12.579833 164.852814
v -15.373176 -13.270120 130.689926
v -15.625026 -13.325328 164.864227
v -14.695122 -13.979871 130.701385
v -14.926445 -14.036883 164.875946
v -13.983060 -14.655492 130.713135
v -14.193264 -14.712727 164.887970
v -13.238704 -15.295357 130.725143
v -13.427307 -15.351180 164.900238
v -12.463849 -15.897921 130.737381
v -12.630479 -15.950657 164.912750
v -11.660361 -16.461737 130.749832
v -11.804760 -16.509663 164.925461
v -10.830175 -16.985443 130.762451
v -10.952203 -17.026814 164.938339
v -9.975293 -17.467779 130.775208
v -10.074927 -17.500820 164.951340
v -9.097773 -17.907581 130.788086
v -9.175115 -17.930504 164.964462
v -8.199729 -18.303795 130.801041
v -8.255002 -18.314796 164.977646
v -7.283324 -18.655458 130.814041
v -7.316876 -18.652742 164.990860
v -6.350767 -18.961731 130.827072
v -6.363070 -18.943506 165.004089
v -5.404303 -19.221870 130.840088
v -5.395955 -19.186357 165.017288
v -4.446214 -19.435253 130.853043
v -4.417936 -19.380699 165.030441
v -3.478807 -19.601362 130.865936
v -3.431443 -19.526043 165.043488
v -2.504413 -19.719801 130.878723
v -2.438930 -19.622028 165.056396
v -1.509814 -19.791012 130.891571
v -1.442864 -19.668421 165.069168
v -0.512900 -19.812555 130.904236
v -0.445721 -19.665100 165.081741
v 0.483852 -19.784376 130.916718
v 0.550020 -19.612078 165.094101
v 1.477962 -19.706541 130.928940
v 1.541882 -19.509483 165.106201
v 2.466960 -19.579252 130.940903
v 2.527401 -19.357574 165.118011
v 3.448387 -19.402817 130.952576
v 3.504125 -19.156727 165.129532
v 4.419802 -19.177679 130.963913
v 4.469627 -18.907440 165.140701
v 5.378790 -18.904398 130.974915
v 5.421507 -18.610332 165.151505
v 6.322969 -18.583651 130.985519
v 6.357397 -18.266146 165.161911
v 7.249989 -18.216240 130.995712
v 7.274970 -17.875734 165.171890
v 8.157546 -17.803070 131.005493
v 8.171947 -17.440067 165.181442
v 9.043385 -17.345177 131.014801
v 9.046096 -16.960230 165.190521
v 9.905301 -16.843695 131.023636
v 9.895246 -16.437416 165.199097
v 10.741154 -16.299871 131.031967
v 10.717282 -15.872922 165.207169
v 11.548864 -15.715059 131.039764
v 11.510163 -15.268153 165.214706
v 12.326425 -15.090711 131.047043
v 12.271918 -14.624614 165.221695
v 13.071900 -14.428379 131.053741
v 13.000653 -13.943902 165.228119
v 13.783441 -13.729712 131.059875
v 13.694555 -13.227712 165.233948
v 14.459274 -12.996444 131.065414
v 14.351899 -12.477823 165.239182
v 15.097721 -12.230400 131.070343
v 14.971053 -11.696100 165.243805
v 15.697196 -11.433484 131.074646
v 15.550476 -10.884486 165.247803
v 16.256205 -10.607677 131.078339
v 16.088726 -10.045000 165.251175
v 16.773363 -9.755033 131.081375
v 16.584467 -9.179727 165.253891
v 17.247379 -8.877669 131.083786
v 17.036467 -8.290820 165.255966
v 17.677080 -7.977770 131.085526
v 17.443600 -7.380488 165.257401
v 18.061394 -7.057572 131.086624
v 17.804855 -6.450995 165.258163
v 18.399364 -6.119362 131.087051
v 18.119331 -5.504652 165.258255
v 18.690155 -5.165473 131.086838
v 18.386253 -4.543810 165.257706
v 18.933039 -4.198277 131.085953
v 18.604952 -3.570860 165.256500
v 19.127417 -3.220177 131.084412
v 18.774885 -2.588220 165.254623
v 19.272800 -2.233607 131.082214
v 18.895632 -1.598332 165.252106
v 19.368832 -1.241018 131.079361
v 18.966888 -0.603659 165.248947
v 19.415272 -0.244878 131.075882
v 18.988482 0.393328 165.245148
v 19.412003 0.752336 131.071777
v 18.960356 1.390149 165.240723
v 19.359035 1.748144 131.067032
v 18.882578 2.384326 165.235672
v 19.256500 2.740072 131.061691
v 18.755348 3.373388 165.230026
v 19.104652 3.725653 131.055740
v 18.578978 4.354876 165.223785
v 18.903870 4.702437 131.049225
v 18.353905 5.326349 165.216980
v 18.654650 5.667995 131.042130
v 18.080692 6.285392 165.209610
v 18.357615 6.619927 131.034500
v 17.760017 7.229621 165.201706
v 18.013498 7.555866 131.026321
v 17.392679 8.156688 165.193283
v 17.623163 8.473485 131.017654
v 16.979588 9.064289 165.184357
v 17.187572 9.370503 131.008484
v 16.521770 9.950167 165.174973
v 16.707815 10.244690 130.998856
v 16.020370 10.812119 165.165115
v 16.185081 11.093873 130.988800
v 15.476628 11.648004 165.154831
v 15.620670 11.915939 130.978302
v 14.891899 12.455741 165.144150
v 15.015986 12.708846 130.967438
v 14.267635 13.233325 165.133102
v 14.372532 13.470622 130.956207
v 13.605390 13.978820 165.121689
v 13.691906 14.199373 130.944641
v 12.906809 14.690374 165.109970
v 12.975802 14.893289 130.932755
v 12.173628 15.366218 165.097946
v 12.226002 15.550641 130.920609
v 11.407672 16.004671 165.085678
v 11.444366 16.169798 130.908218
v 10.610843 16.604149 165.073166
v 10.632840 16.749222 130.895599
v 9.785124 17.163155 165.060455
v 9.793442 17.287466 130.882812
v 8.932567 17.680305 165.047592
v 8.928256 17.783197 130.869858
v 8.055291 18.154310 165.034576
v 8.039435 18.235182 130.856796
v 7.155478 18.583994 165.021454
v 7.129190 18.642298 130.843643
v 6.235366 18.968288 165.008270
v 6.199781 19.003531 130.830429
v 5.297240 19.306234 164.995056
v 5.253522 19.317982 130.817200
v 4.343434 19.596996 164.981827
v 4.292763 19.584873 130.803986
v 3.376319 19.839849 164.968628
v 3.319893 19.803537 130.790802
v 2.398300 20.034189 164.955490
v 2.337332 19.973433 130.777710
v 1.411807 20.179533 164.942444
v 0.419294 20.275520 164.929520
v -0.576773 20.321913 164.916748
v -1.573915 20.318592 164.904175
v -2.569656 20.265570 164.891830
v -3.561518 20.162975 164.879715
v -4.547037 20.011066 164.867905
v -5.523761 19.810219 164.856400
v -6.489263 19.560930 164.845215
v -7.441143 19.263824 164.834412
v -8.377032 18.919636 164.824005
v -9.294606 18.529226 164.814026
v -10.191584 18.093559 164.804474
v -11.065732 17.613722 164.795410
v -11.914882 17.090908 164.786819
v -12.736918 16.526413 164.778748
v -13.529799 15.921645 164.771210
v -14.291554 15.278105 164.764221
v -15.020289 14.597394 164.757797
v -15.714191 13.881204 164.751968
v -16.371536 13.131314 164.746735
v -16.990688 12.349591 164.742111
v -17.570112 11.537978 164.738113
v -18.108362 10.698491 164.734741
v -18.604103 9.833219 164.732025
v -19.056103 8.944312 164.729950
v -19.463236 8.033980 164.728531
v -19.824492 7.104487 164.727768
v -20.138968 6.158143 164.727661
v -20.405890 5.197302 164.728210
v -20.624588 4.224352 164.729431
v -20.794521 3.241711 164.731293
v -40.923904 -16.065956 108.814270
v -41.824020 -13.701736 108.727913
v -41.924068 -14.855741 107.840302
v -42.019119 -15.965485 106.897423
v -13.379988 -18.671810 129.411026
v -11.238087 -18.877592 129.914825
v -9.074529 -19.085770 130.314301
v -6.894346 -19.295856 130.608521
v -4.702608 -19.507364 130.796814
v -39.432472 2.560960 115.635300
v -40.329620 2.520447 114.447731
v -40.468433 1.071355 114.345497
v -39.507675 -0.109054 115.645256
v -40.605690 -0.371162 114.172592
v -40.741066 -1.803691 113.929436
v -40.901356 -7.127487 112.861763
v -41.132732 -6.007615 112.785011
v -41.257439 -7.366649 112.268227
v -39.400505 -2.777967 115.657509
v -40.874241 -3.222841 113.616600
v -37.268196 1.173900 118.312218
v -40.803303 -14.560413 109.961670
v -41.609879 -11.271960 110.329056
v -41.719208 -12.506201 109.558151
v -39.737988 -16.175362 110.675865
v -40.312721 -9.877562 112.880432
v -41.378719 -8.699142 111.685699
v -41.496292 -10.001939 111.038795
v -39.111465 -5.433336 115.672005
v -41.004898 -4.625255 113.234825
v -37.253128 -1.342867 118.322685
v -34.810112 2.289691 120.819176
v -39.537796 -12.581043 112.901253
v -38.641903 -8.062778 115.688675
v -37.066353 -3.852731 118.335297
v -34.876286 -0.059763 120.827934
v -38.580196 -15.225328 112.924141
v -38.464134 -16.293444 112.477882
v -37.105309 -16.419931 114.216125
v -37.994011 -10.654034 115.707436
v -36.708752 -6.343987 118.349983
v -34.781982 -2.408249 120.838722
v -32.289680 1.051760 123.161110
v -37.170799 -13.195024 115.728210
v -36.181984 -8.805021 118.366692
v -34.527645 -4.744815 120.851479
v -32.276672 -1.120784 123.170151
v -29.515047 1.974174 125.310852
v -36.176117 -15.673900 115.750893
v -35.664665 -16.554529 115.886551
v -34.145561 -16.696922 117.485283
v -35.488503 -11.224360 118.385323
v -34.114456 -7.058568 120.866142
v -32.115444 -3.287368 123.181038
v -29.570913 -0.009317 125.318245
v -34.631554 -13.590721 118.405807
v -33.544350 -9.338721 120.882652
v -31.806751 -5.437891 123.193718
v -29.491301 -1.991991 125.327354
v -26.687164 0.909295 127.272545
v -33.615120 -15.893073 118.428047
v -32.551521 -16.846781 119.008598
v -32.819973 -11.574641 120.900932
v -31.352030 -7.562325 123.208138
v -29.276581 -3.964602 125.338120
v -26.676470 -0.877042 127.279976
v -23.649607 1.620507 129.023514
v -31.944712 -13.755904 120.920891
v -30.753401 -9.650764 123.224220
v -28.927753 -5.917953 125.350502
v -26.543903 -2.658478 127.288933
v -23.694086 0.041309 129.029404
v -30.922644 -15.872341 120.942436
v -30.886255 -17.003757 120.452950
v -29.153639 -17.167484 121.814980
v -30.013653 -11.693475 123.241905
v -28.446445 -7.842937 125.364441
v -26.290085 -4.426707 127.299355
v -23.630701 -1.537238 129.036652
v -29.136240 -13.680929 123.261101
v -27.834906 -9.730579 125.379875
v -25.916199 -6.173486 127.311211
v -23.459745 -3.107773 129.045227
v -28.125250 -15.603862 123.281715
v -27.357698 -17.337584 123.091522
v -25.502615 -17.513659 124.279617
v -27.095978 -11.572079 125.396721
v -25.423986 -7.890669 127.324440
v -23.182022 -4.662974 129.055084
v -26.233112 -13.358848 125.414909
v -24.815744 -9.570251 127.338974
v -22.798820 -6.195590 129.066177
v -25.250328 -15.082558 125.434357
v -24.094305 -11.204402 127.354759
v -22.311928 -7.698475 129.078476
v -24.152212 -16.735170 125.454971
v -23.592699 -17.695299 125.376488
v -23.263037 -12.785500 127.371712
v -21.723616 -9.164622 129.091888
v -22.325811 -14.306175 127.389755
v -21.036625 -10.587196 129.106369
v -21.287003 -15.759338 127.408806
v -21.632393 -17.882084 126.379593
v -20.254164 -11.959563 129.121857
v -20.151451 -17.138210 127.428772
v -19.626257 -18.073576 127.286591
v -19.379875 -13.275325 129.138260
v -18.417839 -14.528348 129.155518
v -17.372536 -15.712789 129.173553
v -17.578955 -18.269333 128.095383
v -16.248846 -16.823124 129.192276
v -15.495250 -18.468899 128.804077
v -15.052002 -17.854177 129.211594
v -0.304872 -19.932674 130.854065
v 37.697727 -22.556053 108.876884
v 36.459435 -23.549784 109.821709
v 37.602680 -23.665796 107.934006
v 37.797779 -21.402048 109.764496
v 1.890898 -20.145487 130.722900
v 4.077792 -20.357744 130.485535
v 6.250722 -20.568954 130.142517
v 8.404637 -20.778625 129.694641
v 40.311371 16.264153 109.707710
v 41.335678 15.046125 108.769218
v 41.454613 16.148142 107.820007
v 41.213135 13.899400 109.663414
v 12.256572 19.035313 129.580643
v 10.102656 19.244982 130.028519
v 7.929726 19.456192 130.371536
v 5.742832 19.668451 130.608902
v 3.547061 19.881264 130.740067
v 37.143024 -21.114668 110.972420
v 37.902592 -20.206512 110.594734
v 38.011921 -18.972273 111.365639
v 35.226917 -23.425301 111.651825
v 34.748245 -21.419302 113.875130
v 32.505733 -23.152092 115.122383
v 33.907993 -23.292633 113.420082
v 36.164955 -18.917717 113.882797
v 38.125504 -17.702251 112.075378
v 32.214619 -21.476927 116.637947
v 29.464434 -22.848715 118.313416
v 31.023397 -23.004005 116.754753
v 37.403736 -16.323404 113.887840
v 38.364361 -15.066960 113.304817
v 38.489067 -13.707926 113.821602
v 38.243076 -16.399452 112.722282
v 33.642227 -19.149464 116.646461
v 29.568979 -21.278461 119.247665
v 27.832464 -22.686583 119.794724
v 34.904015 -16.728085 116.652504
v 30.989849 -19.133690 119.256844
v 26.839088 -20.817642 121.691811
v 24.364855 -22.343317 122.511734
v 26.131285 -22.517986 121.195251
v 22.581120 -21.753815 123.946945
v 20.652815 -21.977402 124.880508
v 22.537281 -22.162983 123.741104
v 10.470167 -20.156382 129.543198
v 10.534527 -20.986267 129.142960
v 12.635437 -21.191401 128.488739
v 35.993839 -14.224587 116.656036
v 38.616898 -12.325567 114.271408
v 32.257660 -16.895029 119.263702
v 28.235086 -18.862226 121.701447
v 24.053360 -20.091106 123.958740
v 19.843733 -20.569180 126.026031
v 18.715839 -21.787004 125.927299
v 15.737475 -20.306908 127.894768
v 14.702481 -21.393547 127.733513
v 16.730854 -21.592236 126.879036
v 11.861904 -19.337322 129.557419
v 36.906391 -11.651172 116.657043
v 38.747559 -10.923153 114.653183
v 38.880733 -9.504003 114.966026
v 33.366241 -14.573385 119.268219
v 29.491295 -16.814194 121.708939
v 25.406042 -18.329748 123.968620
v 21.240538 -19.098438 126.037659
v 17.126465 -19.121552 127.907463
v 13.193126 -18.423172 129.570480
v 37.637226 -9.020372 116.655525
v 39.016109 -8.071474 115.209183
v 34.310184 -12.180068 119.270355
v 30.601595 -14.683525 121.714256
v 26.632578 -16.478319 123.976540
v 22.531361 -17.533844 126.047562
v 18.429392 -17.842192 127.918686
v 14.457346 -17.418383 129.582336
v 38.182777 -6.345007 116.651482
v 39.153366 -6.628957 115.382080
v 39.292179 -5.179865 115.484322
v 35.084896 -9.726740 119.270111
v 31.560575 -12.480597 121.717361
v 27.726990 -14.545846 123.982468
v 23.709911 -15.883014 126.055695
v 19.639917 -16.475058 127.928383
v 15.648404 -16.327852 129.592926
v 38.540394 -3.638110 116.644936
v 39.432217 -3.727626 115.515656
v 39.573154 -2.275677 115.476006
v 35.686596 -7.225351 119.267494
v 32.363567 -10.216144 121.718246
v 28.683945 -12.541738 123.986359
v 24.770447 -14.153995 126.062019
v 20.752136 -15.026812 127.936508
v 16.760500 -15.156890 129.602173
v 38.708328 -0.912869 116.635925
v 39.714653 -0.827454 115.365471
v 39.856377 0.613616 115.184311
v 36.112362 -4.688089 119.262505
v 33.006657 -7.901196 121.716911
v 29.498783 -10.475760 123.988205
v 25.707800 -12.355208 126.066505
v 21.760633 -13.504508 127.943024
v 17.788216 -13.911204 129.610062
v 38.685768 1.817439 116.624489
v 39.997997 2.044125 114.932961
v 36.360115 -2.127315 119.255173
v 33.486710 -5.547032 121.713356
v 30.167538 -8.357978 123.987999
v 26.517406 -10.495420 126.069130
v 22.660494 -11.915565 127.947891
v 18.726543 -12.596862 129.616547
v 40.516098 13.749724 110.872589
v 39.078850 16.388638 111.537819
v 41.087276 12.710674 110.500481
v 40.958393 11.482760 111.278435
v 39.855083 9.013962 113.815292
v 40.692799 8.921084 112.649780
v 40.826797 10.218567 111.995430
v 40.556713 7.593382 113.239929
v 40.418861 6.238601 113.764481
v 38.472813 4.539514 116.610680
v 40.139172 3.460686 114.612000
v 40.279572 4.859949 114.222206
v 36.428642 0.444495 119.245529
v 33.801392 -3.165123 121.707596
v 30.686943 -6.198709 123.985733
v 27.195320 -8.583688 126.069878
v 23.447334 -10.267721 127.951088
v 19.570910 -11.220268 129.621582
v 39.136608 11.797564 113.794846
v 38.070511 7.240090 116.594574
v 36.317619 3.014812 119.233627
v 33.949165 -0.767072 121.699669
v 31.054474 -4.008473 123.981430
v 27.738239 -6.629328 126.068748
v 24.117321 -8.569007 127.952614
v 20.317204 -9.788127 129.625153
v 38.225723 14.524253 113.772209
v 37.759930 16.521305 113.306084
v 36.357670 16.661844 115.008377
v 37.480824 9.906014 116.576241
v 36.027580 5.571114 119.219528
v 33.929310 1.635437 121.689606
v 31.268339 -1.797941 123.975098
v 28.143518 -4.641862 126.065750
v 24.667192 -6.827698 127.952438
v 20.961788 -8.307418 129.627243
v 36.706612 12.524297 116.555771
v 35.559948 8.100945 119.203293
v 33.741928 4.030701 121.677452
v 31.327497 0.422117 123.966774
v 28.409182 -2.630971 126.060890
v 25.094265 -5.052277 127.950577
v 21.501524 -6.785354 129.627838
v 35.751656 15.082182 116.533272
v 34.875332 16.809933 116.640755
v 33.316368 16.965223 118.199409
v 34.916985 10.591983 119.184998
v 33.387924 6.407049 121.663277
v 31.231659 2.640887 123.956505
v 28.533937 -0.606452 126.054192
v 25.396461 -3.251394 127.947037
v 21.933781 -5.229350 129.626938
v 34.101837 13.032090 119.164742
v 32.869030 8.752905 121.647148
v 30.981289 4.847558 123.944328
v 28.517176 1.421830 126.045700
v 25.572309 -1.433823 127.941833
v 22.256451 -3.646987 129.624542
v 33.118469 15.409377 119.142616
v 31.684397 17.127356 119.680725
v 32.187771 11.056837 121.629135
v 30.577612 7.031380 123.930313
v 28.358980 3.443996 126.035439
v 25.620951 0.391582 127.934990
v 22.467964 -2.045975 129.620667
v 31.347467 13.307625 121.609337
v 30.022593 9.181714 123.914528
v 28.060118 5.450192 126.023476
v 25.542149 2.215927 127.926544
v 22.567291 -0.434113 129.615341
v 30.352209 15.494302 121.587837
v 29.983219 17.295952 121.081253
v 28.216789 17.470619 122.397728
v 29.318932 11.288081 123.897041
v 27.622049 7.430645 126.009850
v 25.336287 4.030324 127.916534
v 22.553946 1.180747 129.608582
v 28.470060 13.340223 123.877937
v 27.046907 9.375706 125.994644
v 25.004370 5.825933 127.905006
v 22.427994 2.790735 129.600418
v 27.480116 15.328139 123.857323
v 26.337492 11.275900 125.977928
v 24.548014 7.594007 127.892029
v 22.190050 4.388010 129.590881
v 26.353916 17.242146 123.835289
v 26.389215 17.650955 123.627098
v 24.504749 17.836536 124.766510
v 25.497261 13.121967 125.959785
v 23.969442 9.325932 127.877647
v 21.841272 5.964788 129.580048
v 24.530308 14.904915 125.940292
v 23.271471 11.013269 127.861946
v 21.383360 7.513389 129.567932
v 23.441343 16.616058 125.919556
v 22.567772 18.026934 125.813301
v 22.457506 12.647799 127.844994
v 20.818546 9.026267 129.554626
v 21.531507 14.221558 127.826874
v 20.149578 10.496052 129.540176
v 20.497993 15.726878 127.807678
v 20.582788 18.221703 126.765038
v 19.379719 11.915584 129.524658
v 19.361992 17.156427 127.787498
v 18.554415 18.420391 127.619514
v 18.512716 13.277946 129.508148
v 17.552799 14.576501 129.490723
v 16.504639 15.804923 129.472473
v 16.487371 18.622536 128.374741
v 15.373343 16.957226 129.453491
v 14.164424 18.027798 129.433853
v 14.386460 18.827669 129.028946
v -40.917244 -9.579073 69.702271
v -40.994251 -10.283957 70.381119
v -41.068409 -10.954792 71.093948
v -40.837570 -8.841835 69.059021
v -41.139538 -11.589960 71.839020
v -40.755424 -8.074023 68.452927
v -41.207462 -12.187931 72.614555
v -40.671001 -7.277483 67.885445
v -41.272026 -12.747267 73.418678
v -40.584507 -6.454136 67.357948
v -41.333069 -13.266615 74.249451
v -41.390446 -13.744730 75.104874
v -40.496147 -5.605965 66.871704
v -41.444016 -14.180456 75.982887
v -40.406139 -4.735013 66.427879
v -41.493649 -14.572745 76.881371
v -40.314697 -3.843380 66.027557
v -41.539234 -14.920651 77.798172
v -40.222042 -2.933212 65.671684
v -41.580650 -15.223338 78.731071
v -40.128395 -2.006701 65.361130
v -41.617805 -15.480074 79.677826
v -40.033981 -1.066081 65.096642
v -41.650608 -15.690242 80.636147
v -39.939034 -0.113618 64.878845
v -41.678978 -15.853335 81.603737
v -39.843777 0.848395 64.708282
v -41.702847 -15.968962 82.578262
v -39.748436 1.817639 64.585350
v -41.722160 -16.036840 83.557373
v -39.653252 2.791779 64.510353
v -41.736866 -16.056812 84.538704
v -39.558445 3.768469 64.483467
v -39.464245 4.745357 64.504761
v -39.370884 5.720087 64.574181
v -39.278580 6.690312 64.691559
v -39.187557 7.653696 64.856606
v -39.098038 8.607916 65.068939
v -39.010235 9.550674 65.328041
v -38.924362 10.479700 65.633278
v -38.840626 11.392755 65.983932
v -38.759224 12.287638 66.379143
v -38.680359 13.162195 66.817963
v -38.604218 14.014318 67.299339
v -38.530979 14.841955 67.822113
v -38.460827 15.643112 68.385017
v -38.393929 16.415857 68.986694
v -38.330441 17.158333 69.625710
v -38.270523 17.868748 70.300514
v -38.214314 18.545389 71.009476
v -38.161949 19.186628 71.750893
v -38.113560 19.790922 72.522987
v -38.069260 20.356813 73.323883
v -38.029156 20.882936 74.151665
v -37.993340 21.368029 75.004333
v -37.961906 21.810917 75.879829
v -37.934929 22.210537 76.776047
v -37.912468 22.565924 77.690834
v -37.894581 22.876225 78.621979
v -37.881310 23.140690 79.567238
v -37.872688 23.358681 80.524338
v -37.868736 23.529675 81.490974
v -37.869461 23.653259 82.464813
v -37.874866 23.729137 83.443504
v -37.884933 23.757124 84.424706
v 41.736866 16.056812 85.461296
v 37.884933 -23.757124 85.575294
v 37.899639 -23.737154 84.593956
v 37.918949 -23.669273 83.614845
v 37.942822 -23.553646 82.640327
v 37.971191 -23.390554 81.672737
v 38.003994 -23.180386 80.714409
v 38.041145 -22.923651 79.767654
v 38.082565 -22.620964 78.834755
v 38.128147 -22.273056 77.917961
v 38.177784 -21.880768 77.019470
v 38.231354 -21.445042 76.141457
v 38.288731 -20.966927 75.286034
v 38.349773 -20.447578 74.455261
v 38.414333 -19.888243 73.651138
v 38.482262 -19.290272 72.875603
v 38.553391 -18.655104 72.130531
v 38.627548 -17.984270 71.417709
v 38.704556 -17.279385 70.738853
v 38.784229 -16.542147 70.095604
v 38.866375 -15.774335 69.489510
v 38.950798 -14.977795 68.922035
v 39.037292 -14.154448 68.394539
v 39.125648 -13.306277 67.908287
v 39.215656 -12.435326 67.464470
v 39.307102 -11.543692 67.064140
v 39.399757 -10.633523 66.708275
v 39.493404 -9.707013 66.397713
v 39.587814 -8.766393 66.133224
v 39.682766 -7.813930 65.915436
v 39.778023 -6.851917 65.744865
v 39.873360 -5.882673 65.621941
v 39.968548 -4.908533 65.546936
v 40.063354 -3.931842 65.520050
v 41.746933 16.028826 84.480095
v 40.157551 -2.954955 65.541344
v 41.752338 15.952949 83.501396
v 40.250916 -1.980225 65.610764
v 41.753063 15.829363 82.527557
v 40.343220 -1.009999 65.728142
v 41.749111 15.658370 81.560928
v 40.434238 -0.046616 65.893196
v 40.523758 0.907604 66.105522
v 41.740490 15.440378 80.603828
v 40.611561 1.850363 66.364624
v 41.727219 15.175914 79.658562
v 41.709332 14.865613 78.727417
v 40.697433 2.779389 66.669868
v 40.781174 3.692443 67.020515
v 41.686871 14.510225 77.812637
v 41.659889 14.110605 76.916412
v 40.862572 4.587326 67.415726
v 40.941437 5.461883 67.854553
v 41.628456 13.667717 76.040916
v 41.017582 6.314006 68.335930
v 41.592644 13.182625 75.188255
v 41.552540 12.656502 74.360474
v 41.090816 7.141644 68.858696
v 41.160969 7.942801 69.421600
v 41.508236 12.090610 73.559570
v 41.227871 8.715547 70.023285
v 41.459846 11.486318 72.787483
v 41.291355 9.458021 70.662292
v 41.407486 10.845078 72.046059
v 41.351276 10.168436 71.337097
vn 0.995337 -0.096280 0.005923
vn 0.995431 -0.095136 -0.008181
vn 0.995451 -0.094572 -0.011591
vn 0.995052 -0.096226 -0.024733
vn 0.994378 -0.096423 -0.043769
vn 0.993657 -0.094699 -0.060640
vn 0.993483 -0.095101 -0.062834
vn 0.995348 -0.096289 0.003319
vn 0.992023 -0.096411 -0.081211
vn 0.990409 -0.095744 -0.099616
vn 0.989491 -0.094382 -0.109545
vn 0.995115 -0.098038 -0.011582
vn 0.995130 -0.097263 -0.015984
vn 0.994757 -0.096075 -0.035041
vn 0.988463 -0.095450 -0.117601
vn 0.993811 -0.096997 -0.054134
vn 0.986191 -0.095999 -0.134948
vn 0.983754 -0.094903 -0.152383
vn 0.982922 -0.094033 -0.158183
vn 0.992672 -0.096435 -0.072823
vn 0.993337 -0.098008 -0.060631
vn 0.991189 -0.096025 -0.091235
vn 0.981024 -0.095107 -0.168955
vn 0.978100 -0.095302 -0.185034
vn 0.975012 -0.094193 -0.201195
vn 0.973986 -0.093448 -0.206444
vn 0.989174 -0.097425 -0.109743
vn 0.987250 -0.095794 -0.127126
vn 0.989193 -0.097466 -0.109536
vn 0.984853 -0.095802 -0.144519
vn 0.971755 -0.094300 -0.216332
vn 0.968370 -0.094472 -0.230941
vn 0.964839 -0.093646 -0.245594
vn 0.962704 -0.092628 -0.254205
vn 0.982115 -0.096413 -0.161724
vn 0.979452 -0.095155 -0.177817
vn 0.982635 -0.097004 -0.158175
vn 0.976384 -0.095195 -0.193938
vn 0.961208 -0.093113 -0.259633
vn 0.957558 -0.093458 -0.272668
vn 0.953790 -0.093053 -0.285701
vn 0.949889 -0.091962 -0.298755
vn 0.949100 -0.091623 -0.301353
vn 0.973055 -0.095623 -0.209808
vn 0.969903 -0.094434 -0.224435
vn 0.966415 -0.094238 -0.239083
vn 0.973724 -0.096151 -0.206437
vn 0.946099 -0.092098 -0.310508
vn 0.942292 -0.092134 -0.321865
vn 0.938399 -0.091665 -0.333175
vn 0.934404 -0.090737 -0.344465
vn 0.933215 -0.090344 -0.347777
vn 0.962479 -0.094970 -0.254196
vn 0.962565 -0.095027 -0.253848
vn 0.959149 -0.093721 -0.266926
vn 0.955479 -0.093164 -0.279966
vn 0.951544 -0.093284 -0.293024
vn 0.930600 -0.090639 -0.354637
vn 0.926881 -0.090686 -0.364237
vn 0.923125 -0.090402 -0.373722
vn 0.919313 -0.089819 -0.383140
vn 0.915077 -0.088889 -0.393361
vn 0.948894 -0.093754 -0.301348
vn 0.947609 -0.093210 -0.305531
vn 0.943951 -0.092284 -0.316924
vn 0.940106 -0.091859 -0.328271
vn 0.936080 -0.091887 -0.339574
vn 0.915405 -0.088849 -0.392606
vn 0.911995 -0.089035 -0.400423
vn 0.908613 -0.089006 -0.408045
vn 0.905236 -0.088790 -0.415528
vn 0.901886 -0.088413 -0.422829
vn 0.933035 -0.092204 -0.347770
vn 0.932060 -0.091863 -0.350465
vn 0.928457 -0.091009 -0.360119
vn 0.924743 -0.090489 -0.369678
vn 0.920936 -0.090267 -0.379116
vn 0.917012 -0.090309 -0.388501
vn 0.894739 -0.087165 -0.438001
vn 0.898543 -0.087894 -0.429995
vn 0.895147 -0.087138 -0.437172
vn 0.892385 -0.087210 -0.442768
vn 0.889701 -0.087183 -0.448142
vn 0.887127 -0.087076 -0.453236
vn 0.884646 -0.086903 -0.458093
vn 0.882277 -0.086680 -0.462681
vn 0.879994 -0.086418 -0.467058
vn 0.913339 -0.090028 -0.397124
vn 0.910009 -0.089363 -0.404844
vn 0.906655 -0.088894 -0.412402
vn 0.903294 -0.088599 -0.419775
vn 0.899910 -0.088451 -0.427010
vn 0.896520 -0.088432 -0.434088
vn 0.914924 -0.090455 -0.393360
vn 0.877845 -0.086132 -0.471137
vn 0.875767 -0.085825 -0.475044
vn 0.872245 -0.085260 -0.481581
vn 0.873357 -0.085232 -0.479565
vn 0.871986 -0.085246 -0.482052
vn 0.870760 -0.085242 -0.484263
vn 0.869699 -0.085227 -0.486169
vn 0.868817 -0.085207 -0.487747
vn 0.868011 -0.085183 -0.489184
vn 0.867308 -0.085158 -0.490433
vn 0.866283 -0.085118 -0.492250
vn 0.847533 -0.084311 -0.524003
vn 0.894612 -0.088484 -0.437995
vn 0.893423 -0.088213 -0.440470
vn 0.890753 -0.087711 -0.445944
vn 0.888170 -0.087314 -0.451143
vn 0.885662 -0.087004 -0.456107
vn 0.883243 -0.086766 -0.460818
vn 0.880914 -0.086589 -0.465288
vn 0.878693 -0.086463 -0.469492
vn 0.876586 -0.086376 -0.473430
vn 0.872149 -0.086251 -0.481578
vn 0.873832 -0.086617 -0.478451
vn 0.872425 -0.086334 -0.481063
vn 0.871152 -0.086096 -0.483407
vn 0.870054 -0.085904 -0.485413
vn 0.869131 -0.085752 -0.487092
vn 0.868276 -0.085618 -0.488637
vn 0.867537 -0.085507 -0.489968
vn 0.866804 -0.085400 -0.491282
vn 0.851858 -0.083896 -0.517010
vn 0.847691 -0.082688 -0.524006
vn 0.852858 -0.084182 -0.515313
vn 0.820988 -0.081048 -0.565163
vn 0.820988 -0.081047 -0.565164
vn 0.792387 -0.078394 -0.604960
vn 0.792386 -0.078394 -0.604963
vn 0.761872 -0.075552 -0.643306
vn 0.761874 -0.075552 -0.643304
vn 0.729527 -0.072528 -0.680095
vn 0.729528 -0.072528 -0.680095
vn 0.695423 -0.069329 -0.715248
vn 0.695423 -0.069329 -0.715249
vn 0.659644 -0.065963 -0.748678
vn 0.659644 -0.065963 -0.748678
vn 0.622274 -0.062438 -0.780305
vn 0.622271 -0.062438 -0.780308
vn 0.583403 -0.058763 -0.810054
vn 0.583407 -0.058763 -0.810051
vn 0.509834 -0.051615 -0.858723
vn 0.543053 -0.055796 -0.837842
vn 0.508101 -0.051392 -0.859763
vn 0.531273 -0.053225 -0.845527
vn 0.536293 -0.054297 -0.842284
vn 0.533222 -0.054362 -0.844227
vn 0.505872 -0.051093 -0.861094
vn 0.503190 -0.050716 -0.862686
vn 0.499950 -0.050230 -0.864596
vn 0.501599 -0.050496 -0.863625
vn 0.494194 -0.050069 -0.867909
vn 0.488711 -0.049696 -0.871029
vn 0.482804 -0.049218 -0.874344
vn 0.476432 -0.048603 -0.877867
vn 0.543214 -0.054127 -0.837847
vn 0.499651 -0.051444 -0.864698
vn 0.502433 -0.051553 -0.863078
vn 0.504744 -0.051662 -0.861722
vn 0.506682 -0.051765 -0.860578
vn 0.508430 -0.051866 -0.859540
vn 0.509849 -0.051954 -0.858694
vn 0.511199 -0.052041 -0.857885
vn 0.469604 -0.047817 -0.881581
vn 0.462309 -0.046819 -0.885482
vn 0.458825 -0.046254 -0.887322
vn 0.453602 -0.046062 -0.890013
vn 0.443830 -0.045466 -0.894957
vn 0.433779 -0.044570 -0.899916
vn 0.423449 -0.043313 -0.904884
vn 0.414941 -0.041958 -0.908880
vn 0.501499 -0.051499 -0.863624
vn 0.458079 -0.047561 -0.887638
vn 0.464290 -0.047801 -0.884393
vn 0.470212 -0.048144 -0.881239
vn 0.475748 -0.048560 -0.878240
vn 0.481006 -0.049035 -0.875345
vn 0.485921 -0.049545 -0.872597
vn 0.490529 -0.050075 -0.869985
vn 0.494884 -0.050619 -0.867483
vn 0.412403 -0.041920 -0.910037
vn 0.399528 -0.041261 -0.915792
vn 0.386547 -0.040051 -0.921400
vn 0.425759 -0.043949 -0.903769
vn 0.434124 -0.044563 -0.899750
vn 0.442282 -0.045375 -0.895728
vn 0.450239 -0.046354 -0.891704
vn 0.458697 -0.047571 -0.887318
vn 0.417137 -0.043565 -0.907799
vn 0.370060 -0.037534 -0.928249
vn 0.373414 -0.038195 -0.926878
vn 0.358419 -0.037216 -0.932819
vn 0.342873 -0.035946 -0.938694
vn 0.386303 -0.040030 -0.921503
vn 0.396846 -0.041006 -0.916969
vn 0.407242 -0.042333 -0.912338
vn 0.414793 -0.043537 -0.908874
vn 0.327334 -0.033701 -0.944308
vn 0.324281 -0.033039 -0.945384
vn 0.375585 -0.039453 -0.925948
vn 0.309733 -0.032687 -0.950262
vn 0.291844 -0.030973 -0.955964
vn 0.277733 -0.028451 -0.960237
vn 0.369876 -0.039391 -0.928246
vn 0.338838 -0.035530 -0.940174
vn 0.351434 -0.036640 -0.935496
vn 0.363953 -0.038336 -0.930628
vn 0.273460 -0.028576 -0.961459
vn 0.326084 -0.035068 -0.944690
vn 0.253199 -0.027504 -0.967023
vn 0.233195 -0.024534 -0.972120
vn 0.230502 -0.023836 -0.972780
vn 0.324085 -0.035111 -0.945376
vn 0.297388 -0.031416 -0.954240
vn 0.311853 -0.033034 -0.949556
vn 0.282807 -0.030714 -0.958685
vn 0.212243 -0.023497 -0.976934
vn 0.193364 -0.021281 -0.980896
vn 0.182733 -0.018966 -0.982979
vn 0.250791 -0.026900 -0.967668
vn 0.267076 -0.028843 -0.963244
vn 0.277498 -0.030831 -0.960231
vn 0.174765 -0.019264 -0.984422
vn 0.234425 -0.026229 -0.971780
vn 0.155234 -0.018080 -0.987712
vn 0.135986 -0.014818 -0.990600
vn 0.134499 -0.014387 -0.990809
vn 0.216836 -0.023844 -0.975917
vn 0.230253 -0.026414 -0.972772
vn 0.198881 -0.021985 -0.979777
vn 0.115258 -0.014221 -0.993234
vn 0.094765 -0.011640 -0.995432
vn 0.085975 -0.009417 -0.996253
vn 0.161289 -0.018194 -0.986739
vn 0.180663 -0.021376 -0.983313
vn 0.182459 -0.021848 -0.982971
vn 0.073627 -0.009872 -0.997237
vn 0.141812 -0.017059 -0.989747
vn 0.052279 -0.008011 -0.998600
vn 0.037211 -0.004717 -0.999296
vn 0.121641 -0.014694 -0.992465
vn 0.134201 -0.017471 -0.990800
vn 0.030872 -0.005197 -0.999510
vn 0.101051 -0.012550 -0.994802
vn 0.009146 -0.004067 -0.999950
vn -0.011663 -0.000237 -0.999932
vn -0.012327 -0.000310 -0.999924
vn 0.085646 -0.012819 -0.996243
vn 0.080143 -0.011323 -0.996719
vn 0.058882 -0.008231 -0.998231
vn -0.033853 0.000087 -0.999427
vn 0.037365 -0.007865 -0.999271
vn -0.055128 0.003210 -0.998474
vn -0.060469 0.004668 -0.998159
vn 0.015873 -0.004074 -0.999866
vn 0.036901 -0.007916 -0.999287
vn -0.076075 0.004422 -0.997092
vn -0.005847 -0.002971 -0.999978
vn -0.096694 0.006599 -0.995292
vn -0.109144 0.009366 -0.993982
vn -0.027271 -0.000118 -0.999628
vn -0.011973 -0.003442 -0.999922
vn -0.116924 0.008961 -0.993100
vn -0.048687 0.001726 -0.998813
vn -0.136448 0.010131 -0.990596
vn -0.155902 0.013351 -0.987682
vn -0.157586 0.013795 -0.987409
vn -0.069834 0.003544 -0.997552
vn -0.060798 0.001270 -0.998149
vn -0.090402 0.006113 -0.995887
vn -0.174177 0.013967 -0.984615
vn -0.192228 0.015865 -0.981222
vn -0.205620 0.018445 -0.978458
vn -0.130514 0.010027 -0.991396
vn -0.111164 0.006765 -0.993779
vn -0.109444 0.006269 -0.993973
vn -0.209886 0.018267 -0.977555
vn -0.150122 0.011208 -0.988604
vn -0.226351 0.018976 -0.973861
vn -0.242745 0.020958 -0.969864
vn -0.253164 0.022957 -0.967151
vn -0.186811 0.015399 -0.982275
vn -0.168785 0.013288 -0.985563
vn -0.157864 0.010921 -0.987401
vn -0.258539 0.022854 -0.965730
vn -0.205106 0.015915 -0.978610
vn -0.273245 0.023594 -0.961655
vn -0.287836 0.025252 -0.957347
vn -0.300114 0.027354 -0.953511
vn -0.237886 0.020226 -0.971082
vn -0.221472 0.018644 -0.974988
vn -0.205869 0.015876 -0.978451
vn -0.302153 0.027317 -0.952868
vn -0.314996 0.027814 -0.948685
vn -0.327724 0.028964 -0.944329
vn -0.340339 0.030695 -0.939802
vn -0.346324 0.031769 -0.937577
vn -0.283532 0.024700 -0.958645
vn -0.268916 0.023245 -0.962883
vn -0.254370 0.020838 -0.966883
vn -0.253396 0.020604 -0.967143
vn -0.298296 0.025305 -0.954138
vn -0.352098 0.031850 -0.935421
vn -0.362903 0.032460 -0.931262
vn -0.373554 0.033472 -0.927004
vn -0.384057 0.034835 -0.922652
vn -0.391711 0.036068 -0.919381
vn -0.300309 0.025283 -0.953507
vn -0.336748 0.029627 -0.941129
vn -0.324013 0.028716 -0.945617
vn -0.311305 0.027195 -0.949921
vn -0.394060 0.036105 -0.918375
vn -0.402793 0.036520 -0.914562
vn -0.411238 0.037164 -0.910770
vn -0.419519 0.038010 -0.906950
vn -0.381107 0.034036 -0.923904
vn -0.370533 0.033235 -0.928225
vn -0.346508 0.029908 -0.937570
vn -0.359836 0.032043 -0.932465
vn -0.349075 0.030412 -0.936601
vn -0.427510 0.039012 -0.903168
vn -0.436150 0.040275 -0.898972
vn -0.435512 0.040262 -0.899282
vn -0.441792 0.040527 -0.896202
vn -0.447759 0.040892 -0.893219
vn -0.453395 0.041334 -0.890351
vn -0.458727 0.041832 -0.887592
vn -0.463688 0.042360 -0.884985
vn -0.417178 0.037772 -0.908040
vn -0.408876 0.036934 -0.911842
vn -0.400398 0.035850 -0.915640
vn -0.391678 0.034474 -0.919456
vn -0.391857 0.034508 -0.919379
vn -0.433279 0.038847 -0.900423
vn -0.425312 0.038400 -0.904232
vn -0.468429 0.042919 -0.882458
vn -0.479536 0.044392 -0.876399
vn -0.472741 0.043470 -0.880128
vn -0.477640 0.044327 -0.877437
vn -0.480420 0.044448 -0.875911
vn -0.482853 0.044571 -0.874566
vn -0.484796 0.044682 -0.873485
vn -0.486481 0.044786 -0.872543
vn -0.488033 0.044888 -0.871670
vn -0.489691 0.045001 -0.870734
vn -0.521883 0.047237 -0.851708
vn -0.436277 0.038959 -0.898969
vn -0.471609 0.042891 -0.880764
vn -0.467154 0.042572 -0.883151
vn -0.462360 0.042180 -0.885689
vn -0.457256 0.041703 -0.888357
vn -0.451888 0.041129 -0.891126
vn -0.446161 0.040426 -0.894039
vn -0.440155 0.039582 -0.897049
vn -0.489286 0.044714 -0.870976
vn -0.487587 0.044494 -0.871940
vn -0.486197 0.044310 -0.872725
vn -0.484319 0.044054 -0.873782
vn -0.482280 0.043766 -0.874923
vn -0.479780 0.043395 -0.876315
vn -0.476967 0.042955 -0.877871
vn -0.479632 0.043398 -0.876396
vn -0.521726 0.048863 -0.851713
vn -0.514838 0.047359 -0.855978
vn -0.513461 0.047063 -0.856821
vn -0.562763 0.052084 -0.824976
vn -0.562767 0.052085 -0.824973
vn -0.602372 0.055998 -0.796249
vn -0.602369 0.055998 -0.796251
vn -0.640528 0.059778 -0.765605
vn -0.640528 0.059778 -0.765604
vn -0.677140 0.063413 -0.733117
vn -0.677137 0.063413 -0.733119
vn -0.712119 0.066895 -0.698865
vn -0.712119 0.066895 -0.698865
vn -0.745384 0.070216 -0.662927
vn -0.745384 0.070216 -0.662927
vn -0.776854 0.073369 -0.625392
vn -0.776854 0.073369 -0.625392
vn -0.806452 0.076344 -0.586351
vn -0.806451 0.076344 -0.586352
vn -0.855361 0.081488 -0.511584
vn -0.854600 0.081369 -0.512873
vn -0.856151 0.081615 -0.510239
vn -0.838528 0.079583 -0.539016
vn -0.853485 0.081199 -0.514752
vn -0.834184 0.078330 -0.545894
vn -0.857104 0.081775 -0.508611
vn -0.839584 0.079499 -0.537382
vn -0.858183 0.081967 -0.506758
vn -0.859422 0.082199 -0.504616
vn -0.860846 0.082485 -0.502136
vn -0.859703 0.082239 -0.504131
vn -0.863447 0.082376 -0.497669
vn -0.865606 0.082480 -0.493886
vn -0.867921 0.082624 -0.489781
vn -0.870299 0.082813 -0.485512
vn -0.872791 0.083061 -0.480975
vn -0.875391 0.083380 -0.476171
vn -0.861610 0.081219 -0.501030
vn -0.860091 0.081221 -0.503634
vn -0.858773 0.081205 -0.505880
vn -0.857589 0.081177 -0.507889
vn -0.856574 0.081144 -0.509605
vn -0.855696 0.081109 -0.511083
vn -0.854966 0.081076 -0.512309
vn -0.854085 0.081032 -0.513783
vn -0.834025 0.079953 -0.545902
vn -0.878070 0.083780 -0.471141
vn -0.880831 0.084279 -0.465868
vn -0.883679 0.084894 -0.460331
vn -0.883264 0.084788 -0.461146
vn -0.887343 0.084820 -0.453242
vn -0.890906 0.084970 -0.446169
vn -0.894455 0.085260 -0.438954
vn -0.897996 0.085713 -0.431574
vn -0.901519 0.086352 -0.424037
vn -0.882107 0.083500 -0.463590
vn -0.879254 0.083468 -0.468983
vn -0.876502 0.083350 -0.474129
vn -0.873867 0.083162 -0.479000
vn -0.871318 0.082919 -0.483662
vn -0.868885 0.082636 -0.488067
vn -0.866578 0.082325 -0.492204
vn -0.864361 0.081992 -0.496142
vn -0.859800 0.081248 -0.504126
vn -0.905033 0.087208 -0.416304
vn -0.904698 0.087103 -0.417054
vn -0.909302 0.087028 -0.406934
vn -0.913390 0.087209 -0.397636
vn -0.917376 0.087674 -0.388245
vn -0.921263 0.088457 -0.378747
vn -0.923949 0.089265 -0.371954
vn -0.903114 0.085643 -0.420775
vn -0.899517 0.085639 -0.428409
vn -0.895947 0.085437 -0.435866
vn -0.892402 0.085065 -0.443150
vn -0.888868 0.084544 -0.450295
vn -0.885354 0.083895 -0.457285
vn -0.883391 0.083469 -0.461143
vn -0.925276 0.089115 -0.368677
vn -0.929663 0.088998 -0.357499
vn -0.933868 0.089312 -0.346286
vn -0.937887 0.090104 -0.335036
vn -0.940977 0.091169 -0.325960
vn -0.906997 0.086093 -0.412243
vn -0.904849 0.085537 -0.417051
vn -0.919093 0.087669 -0.384165
vn -0.915102 0.087444 -0.393627
vn -0.911076 0.086909 -0.402972
vn -0.941882 0.090993 -0.323386
vn -0.923035 0.087545 -0.374623
vn -0.946258 0.090703 -0.310434
vn -0.950367 0.091059 -0.297508
vn -0.954216 0.092130 -0.284576
vn -0.955734 0.092907 -0.279180
vn -0.924129 0.087404 -0.371949
vn -0.935650 0.089495 -0.341393
vn -0.931502 0.089146 -0.352643
vn -0.927271 0.088320 -0.363825
vn -0.939711 0.089315 -0.330099
vn -0.958246 0.092338 -0.270627
vn -0.962247 0.092240 -0.256071
vn -0.965909 0.093094 -0.241564
vn -0.968191 0.094382 -0.231729
vn -0.941184 0.089037 -0.325953
vn -0.952127 0.091120 -0.291808
vn -0.948080 0.090931 -0.304755
vn -0.943908 0.090027 -0.317700
vn -0.969478 0.093860 -0.226503
vn -0.956065 0.090526 -0.278827
vn -0.973134 0.093404 -0.210442
vn -0.976379 0.094195 -0.194453
vn -0.978316 0.095640 -0.183717
vn -0.955960 0.090564 -0.279174
vn -0.963910 0.092587 -0.249610
vn -0.960073 0.092075 -0.264162
vn -0.979443 0.094963 -0.177970
vn -0.967608 0.092060 -0.235075
vn -0.982492 0.094395 -0.160620
vn -0.985064 0.095408 -0.143343
vn -0.986082 0.096678 -0.135264
vn -0.968452 0.091679 -0.231722
vn -0.974620 0.093826 -0.203255
vn -0.971202 0.093158 -0.219292
vn -0.987494 0.095544 -0.125406
vn -0.977888 0.093142 -0.187241
vn -0.989684 0.095242 -0.107031
vn -0.991339 0.096851 -0.088696
vn -0.991491 0.097288 -0.086485
vn -0.978603 0.092670 -0.183708
vn -0.980901 0.094309 -0.170113
vn -0.983700 0.094819 -0.152785
vn -0.992961 0.095776 -0.069677
vn -0.986349 0.093630 -0.135461
vn -0.994077 0.096141 -0.050679
vn -0.994666 0.097335 -0.034139
vn -0.994492 0.097876 -0.037497
vn -0.988535 0.095436 -0.117007
vn -0.986380 0.093594 -0.135256
vn -0.990543 0.095364 -0.098643
vn -0.995159 0.096223 -0.020001
vn -0.993494 0.096212 -0.060930
vn -0.992251 0.095078 -0.079990
vn -0.991812 0.093979 -0.086476
vn -0.994580 0.095164 -0.041884
vn -0.994827 0.094412 -0.037487
vn -0.995104 0.096210 -0.022596
vn -0.014983 -0.020343 0.999681
vn -0.019674 -0.069158 0.997412
vn -0.014983 -0.020343 0.999681
vn -0.024315 -0.117781 0.992742
vn -0.019672 -0.069148 0.997412
vn -0.024317 -0.117791 0.992741
vn -0.028900 -0.166138 0.985679
vn -0.028900 -0.166138 0.985679
vn -0.033416 -0.214106 0.976239
vn -0.033415 -0.214096 0.976241
vn -0.037849 -0.261532 0.964453
vn -0.037849 -0.261532 0.964453
vn -0.042193 -0.308349 0.950337
vn -0.042193 -0.308349 0.950337
vn -0.046434 -0.354408 0.933937
vn -0.046434 -0.354408 0.933937
vn -0.050564 -0.399623 0.915284
vn -0.050564 -0.399623 0.915284
vn -0.054571 -0.443872 0.894427
vn -0.054571 -0.443872 0.894427
vn -0.058448 -0.487050 0.871416
vn -0.058448 -0.487050 0.871416
vn -0.062183 -0.529056 0.846306
vn -0.062185 -0.529063 0.846301
vn -0.065770 -0.569792 0.819153
vn -0.065770 -0.569792 0.819153
vn -0.069197 -0.609151 0.790030
vn -0.069196 -0.609144 0.790035
vn -0.072457 -0.647039 0.759006
vn -0.072458 -0.647046 0.759000
vn -0.075544 -0.683377 0.726147
vn -0.075543 -0.683371 0.726152
vn -0.078447 -0.718062 0.691544
vn -0.078447 -0.718061 0.691545
vn -0.081163 -0.751021 0.655271
vn -0.081163 -0.751021 0.655271
vn -0.083682 -0.782164 0.617428
vn -0.083683 -0.782168 0.617423
vn -0.086001 -0.811431 0.578086
vn -0.086000 -0.811428 0.578091
vn -0.088111 -0.838738 0.537360
vn -0.088111 -0.838738 0.537360
vn -0.090009 -0.864026 0.495336
vn -0.090010 -0.864028 0.495332
vn -0.091691 -0.887233 0.452117
vn -0.091692 -0.887234 0.452115
vn -0.093152 -0.908302 0.407812
vn -0.094389 -0.927183 0.362522
vn -0.093152 -0.908301 0.407814
vn -0.095398 -0.943831 0.316358
vn -0.094389 -0.927183 0.362521
vn -0.095397 -0.943830 0.316361
vn -0.096176 -0.958203 0.269439
vn -0.096177 -0.958204 0.269434
vn -0.096724 -0.970269 0.221863
vn -0.096724 -0.970268 0.221865
vn -0.097039 -0.979996 0.173756
vn -0.097039 -0.979997 0.173753
vn -0.097119 -0.987363 0.125228
vn -0.097119 -0.987363 0.125228
vn -0.096966 -0.992351 0.076400
vn -0.096966 -0.992351 0.076400
vn -0.096579 -0.994948 0.027388
vn -0.096579 -0.994948 0.027389
vn -0.096037 -0.995242 -0.016432
vn -0.095629 -0.995172 -0.022074
vn -0.094627 -0.992915 -0.071874
vn -0.095637 -0.993900 -0.054923
vn -0.093584 -0.988170 -0.121501
vn -0.094904 -0.991115 -0.093191
vn -0.093836 -0.986915 -0.131128
vn -0.092390 -0.980961 -0.170823
vn -0.092591 -0.981321 -0.168627
vn -0.090633 -0.971344 -0.219718
vn -0.091733 -0.974343 -0.205526
vn -0.088883 -0.959291 -0.268068
vn -0.090534 -0.966104 -0.241757
vn -0.088981 -0.956669 -0.277247
vn -0.086958 -0.944849 -0.315750
vn -0.087355 -0.946088 -0.311907
vn -0.084588 -0.928078 -0.362651
vn -0.086063 -0.934409 -0.345648
vn -0.082310 -0.908972 -0.408650
vn -0.084389 -0.921728 -0.378545
vn -0.082322 -0.908110 -0.410559
vn -0.079513 -0.887636 -0.453630
vn -0.080785 -0.893600 -0.441534
vn -0.076772 -0.864069 -0.497484
vn -0.078979 -0.878265 -0.471607
vn -0.076742 -0.862156 -0.500798
vn -0.073635 -0.838374 -0.540100
vn -0.074955 -0.845337 -0.528950
vn -0.070546 -0.810573 -0.581373
vn -0.072973 -0.827836 -0.556204
vn -0.070524 -0.809687 -0.582609
vn -0.067016 -0.780781 -0.621200
vn -0.068701 -0.790979 -0.607974
vn -0.066484 -0.771692 -0.632512
vn -0.063531 -0.749025 -0.659489
vn -0.064052 -0.751874 -0.656188
vn -0.059776 -0.715421 -0.696132
vn -0.062062 -0.731593 -0.678911
vn -0.059549 -0.710800 -0.700869
vn -0.057347 -0.689590 -0.721925
vn -0.055865 -0.680043 -0.731041
vn -0.055028 -0.667956 -0.742163
vn -0.052411 -0.645896 -0.761624
vn -0.051924 -0.642957 -0.764140
vn -0.050272 -0.623506 -0.780201
vn -0.047770 -0.604279 -0.795339
vn -0.047578 -0.600687 -0.798068
vn -0.043454 -0.564109 -0.824556
vn -0.045328 -0.577574 -0.815079
vn -0.042788 -0.554104 -0.831347
vn -0.039097 -0.522528 -0.851725
vn -0.040236 -0.530312 -0.846848
vn -0.037840 -0.506256 -0.861553
vn -0.034690 -0.479642 -0.876778
vn -0.035026 -0.481850 -0.875553
vn -0.030118 -0.435572 -0.899650
vn -0.032762 -0.457242 -0.888739
vn -0.029929 -0.432314 -0.901226
vn -0.025438 -0.390424 -0.920284
vn -0.027578 -0.407170 -0.912936
vn -0.024866 -0.381784 -0.923917
vn -0.020733 -0.344306 -0.938628
vn -0.022307 -0.356163 -0.934158
vn -0.019713 -0.330354 -0.943651
vn -0.016004 -0.297311 -0.954647
vn -0.016968 -0.304326 -0.952417
vn -0.014488 -0.278155 -0.960427
vn -0.011264 -0.249597 -0.968284
vn -0.011575 -0.251796 -0.967711
vn -0.006439 -0.201257 -0.979517
vn -0.009206 -0.225285 -0.974250
vn -0.006283 -0.198631 -0.980054
vn -0.001557 -0.152410 -0.988316
vn -0.003882 -0.171850 -0.985115
vn -0.001077 -0.144981 -0.989434
vn 0.003302 -0.103212 -0.994654
vn 0.001465 -0.118031 -0.993009
vn 0.004151 -0.090982 -0.995844
vn 0.008132 -0.053724 -0.998523
vn 0.006830 -0.063879 -0.997934
vn 0.009387 -0.036763 -0.999280
vn 0.012919 -0.004109 -0.999908
vn 0.012191 -0.009601 -0.999880
vn 0.014620 0.017567 -0.999739
vn 0.017651 0.045511 -0.998808
vn 0.017538 0.044691 -0.998847
vn 0.022429 0.095014 -0.995223
vn 0.019829 0.071813 -0.997221
vn 0.022651 0.098854 -0.994844
vn 0.025004 0.125867 -0.991732
vn 0.027153 0.144277 -0.989165
vn 0.027679 0.152765 -0.987875
vn 0.030137 0.179621 -0.983274
vn 0.031788 0.193189 -0.980647
vn 0.032656 0.206332 -0.977937
vn 0.035214 0.232920 -0.971858
vn 0.036320 0.241619 -0.969691
vn 0.037572 0.259423 -0.965033
vn 0.040231 0.285672 -0.957482
vn 0.040734 0.289455 -0.956324
vn 0.042417 0.311898 -0.949168
vn 0.045054 0.336564 -0.940582
vn 0.045112 0.337780 -0.940144
vn 0.047180 0.363627 -0.930349
vn 0.049356 0.382833 -0.922498
vn 0.049685 0.389136 -0.919840
vn 0.053505 0.428154 -0.902121
vn 0.051860 0.414509 -0.908567
vn 0.054159 0.439588 -0.896565
vn 0.057484 0.472414 -0.879500
vn 0.056447 0.464379 -0.883836
vn 0.058526 0.488977 -0.870331
vn 0.061270 0.515496 -0.854699
vn 0.060948 0.513183 -0.856112
vn 0.062792 0.537281 -0.841062
vn 0.064983 0.557293 -0.827769
vn 0.065119 0.560894 -0.825323
vn 0.068575 0.597705 -0.798778
vn 0.066957 0.584340 -0.808742
vn 0.069014 0.607366 -0.791419
vn 0.071926 0.636636 -0.767803
vn 0.071032 0.630048 -0.773301
vn 0.072795 0.652433 -0.754342
vn 0.074994 0.673993 -0.734921
vn 0.075035 0.674262 -0.734670
vn 0.078127 0.709648 -0.700211
vn 0.076475 0.695911 -0.714044
vn 0.078345 0.716994 -0.692662
vn 0.080927 0.743556 -0.663759
vn 0.080082 0.737650 -0.670417
vn 0.083458 0.775619 -0.625660
vn 0.081574 0.757883 -0.647271
vn 0.083463 0.777489 -0.623333
vn 0.085967 0.805736 -0.586003
vn 0.084735 0.796704 -0.598400
vn 0.086179 0.815288 -0.572606
vn 0.088009 0.833876 -0.544890
vn 0.087889 0.833200 -0.545942
vn 0.090129 0.859915 -0.502417
vn 0.088854 0.850609 -0.518236
vn 0.090127 0.867242 -0.489661
vn 0.091574 0.883088 -0.460184
vn 0.091722 0.883842 -0.458704
vn 0.092298 0.898262 -0.429658
vn 0.093404 0.905544 -0.413842
vn 0.093265 0.912534 -0.398225
vn 0.094525 0.925024 -0.367961
vn 0.094450 0.925851 -0.365896
vn 0.094961 0.938290 -0.332558
vn 0.095727 0.942177 -0.321153
vn 0.095488 0.949660 -0.298377
vn 0.096525 0.957001 -0.273554
vn 0.096165 0.959883 -0.263394
vn 0.096789 0.968924 -0.227638
vn 0.096958 0.969459 -0.225276
vn 0.096767 0.976788 -0.191108
vn 0.097476 0.979474 -0.176434
vn 0.096838 0.983322 -0.153951
vn 0.097533 0.987076 -0.127155
vn 0.096983 0.988470 -0.116279
vn 0.097141 0.992194 -0.078198
vn 0.097179 0.992240 -0.077563
vn 0.096642 0.994300 -0.045023
vn 0.097039 0.994893 -0.027772
vn 0.096466 0.995192 -0.016916
vn 0.095960 0.995149 0.021691
vn 0.095960 0.995149 0.021689
vn 0.095109 0.992952 0.070717
vn 0.095109 0.992952 0.070716
vn 0.094029 0.988363 0.119572
vn 0.094029 0.988363 0.119571
vn 0.092723 0.981393 0.168138
vn 0.092723 0.981393 0.168137
vn 0.091193 0.972059 0.216301
vn 0.089443 0.960382 0.263943
vn 0.091193 0.972058 0.216303
vn 0.087479 0.946393 0.310947
vn 0.089444 0.960383 0.263941
vn 0.087479 0.946393 0.310947
vn 0.085303 0.930123 0.357204
vn 0.085303 0.930122 0.357208
vn 0.082921 0.911612 0.402600
vn 0.082921 0.911612 0.402601
vn 0.080341 0.890905 0.447027
vn 0.080341 0.890907 0.447023
vn 0.077566 0.868055 0.490372
vn 0.077566 0.868052 0.490377
vn 0.074605 0.843107 0.532545
vn 0.074605 0.843110 0.532540
vn 0.071464 0.816133 0.573429
vn 0.071464 0.816132 0.573430
vn 0.068151 0.787192 0.612931
vn 0.068151 0.787193 0.612930
vn 0.064673 0.756355 0.650956
vn 0.064673 0.756355 0.650956
vn 0.061040 0.723692 0.687418
vn 0.061040 0.723697 0.687413
vn 0.057259 0.689291 0.722218
vn 0.057259 0.689291 0.722218
vn 0.053341 0.653228 0.755280
vn 0.053341 0.653228 0.755280
vn 0.049295 0.615593 0.786521
vn 0.049295 0.615586 0.786526
vn 0.045129 0.576466 0.815874
vn 0.045129 0.576466 0.815874
vn 0.040855 0.535959 0.843255
vn 0.040855 0.535967 0.843250
vn 0.036481 0.494153 0.868609
vn 0.036483 0.494161 0.868605
vn 0.032022 0.451165 0.891866
vn 0.032022 0.451173 0.891862
vn 0.027484 0.407092 0.912974
vn 0.027484 0.407092 0.912974
vn 0.022880 0.362037 0.931883
vn 0.022880 0.362028 0.931886
vn 0.018221 0.316094 0.948553
vn 0.018221 0.316103 0.948550
vn 0.013518 0.269403 0.962933
vn 0.013519 0.269412 0.962930
vn 0.008784 0.222069 0.974991
vn 0.008784 0.222069 0.974991
vn 0.004026 0.174187 0.984704
vn 0.004026 0.174187 0.984704
vn -0.000739 0.125899 0.992043
vn -0.000739 0.125899 0.992043
vn -0.005505 0.077289 0.996994
vn -0.005504 0.077299 0.996993
vn -0.010256 0.028511 0.999541
vn -0.010256 0.028511 0.999541
vn 0.995272 -0.096254 0.012957
vn 0.995272 -0.096254 0.012957
vn 0.995273 -0.096254 0.012958
vn 0.995272 -0.096254 0.012956
vn 0.995272 -0.096254 0.012956
vn 0.995273 -0.096254 0.012958
vn 0.995272 -0.096254 0.012957
vn 0.995272 -0.096254 0.012958
vn 0.995272 -0.096254 0.012959
vn 0.995273 -0.096254 0.012957
vn 0.995272 -0.096254 0.012957
vn 0.995273 -0.096254 0.012958
vn 0.995273 -0.096254 0.012957
vn 0.995273 -0.096254 0.012957
vn 0.995273 -0.096254 0.012956
vn 0.995272 -0.096254 0.012958
vn 0.995272 -0.096254 0.012958
vn 0.995272 -0.096254 0.012958
vn 0.995273 -0.096254 0.012957
vn 0.995273 -0.096253 0.012957
vn 0.995273 -0.096253 0.012956
vn 0.995272 -0.096254 0.012957
vn 0.995273 -0.096254 0.012957
vn 0.995272 -0.096254 0.012957
vn 0.995272 -0.096254 0.012958
vn 0.995272 -0.096254 0.012957
vn 0.995272 -0.096254 0.012957
vn 0.995272 -0.096254 0.012957
vn 0.995272 -0.096254 0.012958
vn 0.995272 -0.096255 0.012958
vn 0.995273 -0.096253 0.012956
vn 0.995272 -0.096254 0.012958
vn 0.995273 -0.096252 0.012956
vn 0.995272 -0.096255 0.012958
vn 0.995272 -0.096254 0.012958
vn 0.995273 -0.096254 0.012958
vn 0.995272 -0.096255 0.012958
vn 0.995273 -0.096253 0.012957
vn 0.995272 -0.096255 0.012958
vn 0.995273 -0.096254 0.012957
vn 0.995273 -0.096252 0.012956
vn 0.995272 -0.096254 0.012957
vn 0.995273 -0.096252 0.012956
vn 0.995273 -0.096254 0.012957
vn 0.995272 -0.096254 0.012958
vn 0.995272 -0.096255 0.012958
vn 0.995272 -0.096255 0.012958
vn 0.995273 -0.096253 0.012957
vn 0.995272 -0.096254 0.012957
vn 0.995272 -0.096255 0.012958
vn 0.995272 -0.096255 0.012958
vn 0.995273 -0.096253 0.012957
vn 0.995272 -0.096254 0.012957
vn 0.995272 -0.096254 0.012957
vn 0.995273 -0.096252 0.012957
vn 0.995272 -0.096254 0.012957
vn 0.995272 -0.096254 0.012957
vn 0.995273 -0.096253 0.012957
vn 0.995272 -0.096254 0.012957
vn 0.995273 -0.096254 0.012957
vn 0.995273 -0.096254 0.012957
vn 0.995272 -0.096254 0.012957
vn 0.995272 -0.096255 0.012957
vn 0.995273 -0.096254 0.012957
vn 0.995273 -0.096254 0.012956
vn 0.995273 -0.096254 0.012957
vn 0.995272 -0.096254 0.012958
vn 0.995273 -0.096253 0.012958
vn 0.995272 -0.096255 0.012957
vn 0.995273 -0.096254 0.012957
vn 0.995273 -0.096253 0.012958
vn 0.995272 -0.096254 0.012957
vn 0.995273 -0.096254 0.012958
vn 0.995272 -0.096254 0.012958
vn 0.995272 -0.096255 0.012957
vn 0.995273 -0.096253 0.012958
vn 0.995273 -0.096254 0.012958
vn 0.995272 -0.096255 0.012955
vn 0.995273 -0.096253 0.012958
vn 0.995272 -0.096254 0.012957
vn 0.995272 -0.096254 0.012956
vn 0.995273 -0.096254 0.012958
vn 0.995272 -0.096255 0.012957
vn 0.995273 -0.096253 0.012957
vn 0.995273 -0.096254 0.012957
vn 0.995272 -0.096254 0.012958
vn 0.995272 -0.096254 0.012958
vn 0.995273 -0.096253 0.012957
vn 0.995273 -0.096254 0.012957
vn 0.995272 -0.096255 0.012956
vn 0.995272 -0.096255 0.012957
vn 0.995272 -0.096255 0.012957
vn 0.995273 -0.096254 0.012957
vn 0.995272 -0.096253 0.012959
vn 0.995273 -0.096253 0.012958
vn 0.995272 -0.096254 0.012957
vn 0.995273 -0.096252 0.012958
vn 0.995273 -0.096254 0.012958
vn 0.995272 -0.096255 0.012956
vn 0.995272 -0.096254 0.012957
vn 0.995273 -0.096254 0.012957
vn 0.995272 -0.096254 0.012957
vn 0.995272 -0.096255 0.012957
vn 0.995272 -0.096255 0.012957
vn 0.995273 -0.096253 0.012958
vn 0.995273 -0.096254 0.012957
vn 0.995272 -0.096255 0.012957
vn 0.995273 -0.096254 0.012958
vn 0.995272 -0.096254 0.012958
vn 0.995273 -0.096254 0.012958
vn 0.995273 -0.096253 0.012958
vn 0.995272 -0.096254 0.012957
vn 0.995273 -0.096253 0.012958
vn 0.995272 -0.096254 0.012957
vn 0.995273 -0.096254 0.012957
vn 0.995273 -0.096254 0.012957
vn 0.995273 -0.096254 0.012957
vn 0.995273 -0.096254 0.012958
vn 0.995272 -0.096255 0.012956
vn 0.995272 -0.096254 0.012957
vn 0.995273 -0.096254 0.012958
vn 0.995272 -0.096254 0.012957
vn 0.995273 -0.096253 0.012958
vn 0.995273 -0.096252 0.012959
vn 0.995273 -0.096254 0.012957
vn 0.995272 -0.096256 0.012956
vn 0.995273 -0.096253 0.012958
vn 0.995272 -0.096255 0.012956
vn -0.014983 -0.020343 0.999681
vn -0.014983 -0.020343 0.999681
vn -0.019673 -0.069148 0.997412
vn -0.019673 -0.069148 0.997412
vn -0.024317 -0.117791 0.992741
vn -0.024317 -0.117791 0.992741
vn -0.028900 -0.166138 0.985679
vn -0.028900 -0.166138 0.985679
vn -0.033415 -0.214096 0.976241
vn -0.033416 -0.214106 0.976239
vn -0.037849 -0.261531 0.964453
vn -0.037849 -0.261531 0.964453
vn -0.042193 -0.308349 0.950337
vn -0.042193 -0.308340 0.950340
vn -0.046434 -0.354408 0.933937
vn -0.046435 -0.354417 0.933934
vn -0.050564 -0.399623 0.915284
vn -0.050564 -0.399623 0.915284
vn -0.054571 -0.443872 0.894427
vn -0.054571 -0.443871 0.894427
vn -0.058448 -0.487050 0.871416
vn -0.058448 -0.487050 0.871416
vn -0.062184 -0.529063 0.846301
vn -0.062184 -0.529056 0.846306
vn -0.065769 -0.569785 0.819158
vn -0.065769 -0.569792 0.819153
vn -0.069197 -0.609151 0.790030
vn -0.069197 -0.609151 0.790030
vn -0.072458 -0.647046 0.759001
vn -0.072458 -0.647040 0.759006
vn -0.075544 -0.683371 0.726152
vn -0.075544 -0.683377 0.726146
vn -0.078447 -0.718061 0.691545
vn -0.078447 -0.718061 0.691545
vn -0.081163 -0.751021 0.655271
vn -0.081163 -0.751021 0.655271
vn -0.083682 -0.782168 0.617422
vn -0.083682 -0.782165 0.617427
vn -0.086000 -0.811428 0.578090
vn -0.086000 -0.811431 0.578086
vn -0.088111 -0.838738 0.537360
vn -0.088111 -0.838737 0.537360
vn -0.090010 -0.864026 0.495336
vn -0.090010 -0.864029 0.495331
vn -0.091692 -0.887233 0.452117
vn -0.091692 -0.887233 0.452117
vn -0.093152 -0.908301 0.407813
vn -0.093152 -0.908302 0.407811
vn -0.094389 -0.927183 0.362522
vn -0.094389 -0.927183 0.362523
vn -0.095398 -0.943830 0.316360
vn -0.095398 -0.943831 0.316358
vn -0.096177 -0.958204 0.269435
vn -0.096177 -0.958203 0.269438
vn -0.096724 -0.970268 0.221863
vn -0.096724 -0.970269 0.221862
vn -0.097039 -0.979996 0.173754
vn -0.097039 -0.979996 0.173754
vn -0.097119 -0.987363 0.125229
vn -0.097119 -0.987363 0.125229
vn -0.096966 -0.992351 0.076400
vn -0.096966 -0.992351 0.076400
vn -0.096579 -0.994948 0.027389
vn -0.096579 -0.994948 0.027388
vn -0.096037 -0.995242 -0.016435
vn -0.096279 -0.995109 -0.022084
vn -0.095180 -0.993944 -0.054916
vn -0.095545 -0.992826 -0.071887
vn -0.094378 -0.991166 -0.093183
vn -0.094379 -0.988093 -0.121510
vn -0.093643 -0.986933 -0.131125
vn -0.092825 -0.981299 -0.168631
vn -0.092897 -0.980911 -0.170830
vn -0.091378 -0.974378 -0.205519
vn -0.091518 -0.971259 -0.219727
vn -0.090042 -0.966151 -0.241754
vn -0.087516 -0.946072 -0.311911
vn -0.089677 -0.959215 -0.268077
vn -0.088842 -0.956684 -0.277242
vn -0.085677 -0.934447 -0.345643
vn -0.087570 -0.944788 -0.315763
vn -0.084041 -0.921762 -0.378538
vn -0.085472 -0.927993 -0.362661
vn -0.082635 -0.908081 -0.410562
vn -0.080562 -0.893618 -0.441539
vn -0.082860 -0.908918 -0.408658
vn -0.078621 -0.878302 -0.471598
vn -0.080355 -0.887554 -0.453641
vn -0.076976 -0.862134 -0.500800
vn -0.074781 -0.845352 -0.528950
vn -0.077399 -0.864009 -0.497492
vn -0.072670 -0.827867 -0.556197
vn -0.074455 -0.838297 -0.540107
vn -0.070913 -0.809646 -0.582619
vn -0.068464 -0.791000 -0.607973
vn -0.071094 -0.810517 -0.581385
vn -0.066312 -0.771713 -0.632505
vn -0.064289 -0.751852 -0.656190
vn -0.067822 -0.780704 -0.621209
vn -0.061770 -0.731615 -0.678914
vn -0.064169 -0.748963 -0.659497
vn -0.060470 -0.715359 -0.696136
vn -0.059686 -0.710795 -0.700863
vn -0.057238 -0.689596 -0.721929
vn -0.056628 -0.679964 -0.731056
vn -0.054848 -0.667981 -0.742155
vn -0.052687 -0.645869 -0.761628
vn -0.052536 -0.642898 -0.764148
vn -0.050016 -0.623531 -0.780197
vn -0.047826 -0.600662 -0.798071
vn -0.048396 -0.604219 -0.795347
vn -0.045167 -0.577589 -0.815077
vn -0.044181 -0.564039 -0.824566
vn -0.042741 -0.554097 -0.831354
vn -0.040288 -0.530318 -0.846841
vn -0.037650 -0.506273 -0.861551
vn -0.035374 -0.481817 -0.875558
vn -0.039789 -0.522462 -0.851734
vn -0.032540 -0.457268 -0.888733
vn -0.035250 -0.479596 -0.876781
vn -0.030221 -0.432282 -0.901232
vn -0.027409 -0.407191 -0.912932
vn -0.030701 -0.435515 -0.899658
vn -0.024920 -0.381764 -0.923924
vn -0.022261 -0.356182 -0.934151
vn -0.026110 -0.390359 -0.920292
vn -0.019616 -0.330366 -0.943649
vn -0.017096 -0.304308 -0.952420
vn -0.021417 -0.344231 -0.938641
vn -0.014309 -0.278181 -0.960422
vn -0.011925 -0.251740 -0.967722
vn -0.016640 -0.297259 -0.954652
vn -0.009004 -0.225311 -0.974245
vn -0.011795 -0.249536 -0.968294
vn -0.006614 -0.198590 -0.980060
vn -0.003711 -0.171887 -0.985110
vn -0.006979 -0.201205 -0.979524
vn -0.002184 -0.152359 -0.988323
vn -0.001202 -0.144975 -0.989435
vn 0.001561 -0.118026 -0.993009
vn 0.004181 -0.090981 -0.995844
vn 0.006797 -0.063897 -0.997933
vn 0.002641 -0.103137 -0.994664
vn 0.009520 -0.036763 -0.999279
vn 0.011989 -0.009571 -0.999882
vn 0.007482 -0.053661 -0.998531
vn 0.014806 0.017538 -0.999737
vn 0.017116 0.044718 -0.998853
vn 0.012327 -0.004052 -0.999916
vn 0.020026 0.071811 -0.997217
vn 0.017163 0.045558 -0.998814
vn 0.022374 0.098869 -0.994849
vn 0.025163 0.125863 -0.991728
vn 0.021867 0.095069 -0.995230
vn 0.026514 0.144338 -0.989173
vn 0.027593 0.152782 -0.987875
vn 0.030206 0.179597 -0.983276
vn 0.031118 0.193254 -0.980655
vn 0.032716 0.206329 -0.977936
vn 0.035144 0.232939 -0.971856
vn 0.035669 0.241682 -0.969700
vn 0.037729 0.259386 -0.965036
vn 0.039959 0.285719 -0.957480
vn 0.040159 0.289511 -0.956332
vn 0.042622 0.311861 -0.949171
vn 0.044540 0.336614 -0.940589
vn 0.044705 0.337820 -0.940149
vn 0.047376 0.363614 -0.930344
vn 0.048718 0.382895 -0.922506
vn 0.049536 0.389165 -0.919835
vn 0.051971 0.414491 -0.908568
vn 0.052805 0.428221 -0.902130
vn 0.054210 0.439572 -0.896570
vn 0.056388 0.464390 -0.883834
vn 0.056798 0.472472 -0.879514
vn 0.058714 0.488967 -0.870324
vn 0.060608 0.513215 -0.856117
vn 0.060699 0.515551 -0.854706
vn 0.063027 0.537249 -0.841065
vn 0.064370 0.557359 -0.827772
vn 0.064861 0.560916 -0.825328
vn 0.067124 0.584327 -0.808738
vn 0.067839 0.597776 -0.798788
vn 0.069071 0.607367 -0.791413
vn 0.070968 0.630055 -0.773301
vn 0.071212 0.636698 -0.767818
vn 0.073040 0.652413 -0.754336
vn 0.074516 0.674306 -0.734683
vn 0.074512 0.674040 -0.734927
vn 0.076720 0.695893 -0.714036
vn 0.078372 0.716984 -0.692670
vn 0.080053 0.737659 -0.670411
vn 0.077374 0.709720 -0.700222
vn 0.081869 0.757853 -0.647268
vn 0.080183 0.743628 -0.663768
vn 0.083154 0.777517 -0.623339
vn 0.084944 0.796683 -0.598398
vn 0.082860 0.775676 -0.625668
vn 0.086423 0.815269 -0.572597
vn 0.087489 0.833234 -0.545954
vn 0.085146 0.805820 -0.586008
vn 0.087474 0.833927 -0.544898
vn 0.089163 0.850582 -0.518227
vn 0.090364 0.867216 -0.489663
vn 0.091220 0.883121 -0.460191
vn 0.089288 0.859994 -0.502432
vn 0.091182 0.883897 -0.458707
vn 0.092630 0.898235 -0.429643
vn 0.092532 0.905627 -0.413856
vn 0.093605 0.912499 -0.398226
vn 0.093982 0.925078 -0.367964
vn 0.094157 0.925866 -0.365931
vn 0.095182 0.938248 -0.332613
vn 0.094880 0.942259 -0.321164
vn 0.095960 0.949589 -0.298451
vn 0.095712 0.957079 -0.273566
vn 0.096351 0.959839 -0.263486
vn 0.096554 0.968929 -0.227717
vn 0.096426 0.969510 -0.225284
vn 0.097139 0.976743 -0.191150
vn 0.096579 0.979561 -0.176445
vn 0.097362 0.983263 -0.153992
vn 0.096709 0.987156 -0.127166
vn 0.097233 0.988438 -0.116346
vn 0.096814 0.992218 -0.078300
vn 0.096763 0.992280 -0.077570
vn 0.096851 0.994276 -0.045105
vn 0.095960 0.995149 0.021688
vn 0.096127 0.994981 -0.027782
vn 0.096467 0.995192 -0.016950
vn 0.095109 0.992952 0.070717
vn 0.095959 0.995149 0.021690
vn 0.094029 0.988363 0.119572
vn 0.095109 0.992952 0.070715
vn 0.092723 0.981393 0.168139
vn 0.094029 0.988363 0.119571
vn 0.091193 0.972059 0.216301
vn 0.092723 0.981393 0.168139
vn 0.089443 0.960382 0.263942
vn 0.091193 0.972058 0.216303
vn 0.089443 0.960383 0.263942
vn 0.087479 0.946393 0.310947
vn 0.085303 0.930123 0.357203
vn 0.087479 0.946394 0.310945
vn 0.085302 0.930121 0.357209
vn 0.082921 0.911612 0.402601
vn 0.080340 0.890905 0.447028
vn 0.082921 0.911613 0.402599
vn 0.080341 0.890907 0.447024
vn 0.077566 0.868055 0.490372
vn 0.077566 0.868051 0.490378
vn 0.074605 0.843107 0.532545
vn 0.071464 0.816132 0.573429
vn 0.074605 0.843110 0.532540
vn 0.071464 0.816132 0.573429
vn 0.068151 0.787192 0.612931
vn 0.068151 0.787192 0.612931
vn 0.064673 0.756355 0.650956
vn 0.064673 0.756355 0.650956
vn 0.061040 0.723693 0.687418
vn 0.061040 0.723698 0.687413
vn 0.057259 0.689291 0.722218
vn 0.053341 0.653228 0.755280
vn 0.057259 0.689291 0.722218
vn 0.053341 0.653228 0.755280
vn 0.049294 0.615586 0.786527
vn 0.049295 0.615593 0.786521
vn 0.045129 0.576473 0.815869
vn 0.045129 0.576465 0.815874
vn 0.040855 0.535959 0.843255
vn 0.040855 0.535959 0.843255
vn 0.036482 0.494153 0.868609
vn 0.036482 0.494161 0.868605
vn 0.032022 0.451174 0.891862
vn 0.027484 0.407092 0.912974
vn 0.032022 0.451165 0.891866
vn 0.027484 0.407092 0.912973
vn 0.022880 0.362028 0.931886
vn 0.018222 0.316103 0.948550
vn 0.022881 0.362037 0.931883
vn 0.018220 0.316094 0.948553
vn 0.013518 0.269403 0.962933
vn 0.013518 0.269412 0.962930
vn 0.008784 0.222070 0.974991
vn 0.008784 0.222069 0.974991
vn 0.004027 0.174197 0.984703
vn -0.000741 0.125889 0.992044
vn 0.004026 0.174187 0.984704
vn -0.000739 0.125899 0.992043
vn -0.005504 0.077299 0.996993
vn -0.005505 0.077289 0.996994
vn -0.010256 0.028511 0.999541
vn -0.010256 0.028511 0.999541
vn -0.995272 0.096254 -0.012960
vn -0.995272 0.096254 -0.012958
vn -0.995273 0.096254 -0.012958
vn -0.995272 0.096254 -0.012956
vn -0.995273 0.096254 -0.012956
vn -0.995272 0.096254 -0.012958
vn -0.995273 0.096254 -0.012957
vn -0.995272 0.096254 -0.012958
vn -0.995272 0.096254 -0.012959
vn -0.995273 0.096254 -0.012957
vn -0.995273 0.096254 -0.012957
vn -0.995272 0.096254 -0.012958
vn -0.995273 0.096254 -0.012957
vn -0.995273 0.096254 -0.012957
vn -0.995273 0.096254 -0.012956
vn -0.995272 0.096254 -0.012958
vn -0.995272 0.096254 -0.012958
vn -0.995273 0.096253 -0.012956
vn -0.995273 0.096254 -0.012957
vn -0.995272 0.096254 -0.012958
vn -0.995273 0.096254 -0.012957
vn -0.995273 0.096254 -0.012957
vn -0.995273 0.096254 -0.012957
vn -0.995272 0.096254 -0.012957
vn -0.995272 0.096254 -0.012958
vn -0.995272 0.096254 -0.012957
vn -0.995273 0.096253 -0.012957
vn -0.995272 0.096254 -0.012957
vn -0.995273 0.096253 -0.012956
vn -0.995272 0.096255 -0.012958
vn -0.995272 0.096254 -0.012958
vn -0.995273 0.096253 -0.012955
vn -0.995272 0.096254 -0.012958
vn -0.995272 0.096255 -0.012958
vn -0.995272 0.096254 -0.012958
vn -0.995273 0.096253 -0.012956
vn -0.995272 0.096255 -0.012958
vn -0.995272 0.096255 -0.012958
vn -0.995273 0.096253 -0.012957
vn -0.995273 0.096254 -0.012957
vn -0.995272 0.096254 -0.012957
vn -0.995272 0.096254 -0.012957
vn -0.995273 0.096252 -0.012956
vn -0.995273 0.096254 -0.012957
vn -0.995272 0.096255 -0.012958
vn -0.995273 0.096254 -0.012958
vn -0.995272 0.096254 -0.012958
vn -0.995272 0.096254 -0.012957
vn -0.995273 0.096253 -0.012957
vn -0.995272 0.096254 -0.012958
vn -0.995273 0.096253 -0.012957
vn -0.995273 0.096254 -0.012957
vn -0.995272 0.096256 -0.012958
vn -0.995273 0.096254 -0.012958
vn -0.995273 0.096253 -0.012957
vn -0.995273 0.096253 -0.012957
vn -0.995272 0.096254 -0.012957
vn -0.995273 0.096254 -0.012957
vn -0.995272 0.096255 -0.012957
vn -0.995272 0.096254 -0.012957
vn -0.995273 0.096254 -0.012957
vn -0.995273 0.096254 -0.012957
vn -0.995272 0.096255 -0.012957
vn -0.995273 0.096254 -0.012957
vn -0.995272 0.096254 -0.012957
vn -0.995272 0.096254 -0.012958
vn -0.995272 0.096254 -0.012958
vn -0.995273 0.096253 -0.012958
vn -0.995272 0.096255 -0.012957
vn -0.995272 0.096254 -0.012957
vn -0.995273 0.096253 -0.012958
vn -0.995272 0.096254 -0.012957
vn -0.995273 0.096254 -0.012958
vn -0.995272 0.096254 -0.012956
vn -0.995273 0.096253 -0.012958
vn -0.995273 0.096253 -0.012957
vn -0.995272 0.096254 -0.012957
vn -0.995272 0.096254 -0.012956
vn -0.995272 0.096254 -0.012958
vn -0.995272 0.096255 -0.012957
vn -0.995272 0.096254 -0.012958
vn -0.995273 0.096254 -0.012958
vn -0.995272 0.096254 -0.012957
vn -0.995272 0.096255 -0.012957
vn -0.995273 0.096253 -0.012957
vn -0.995273 0.096254 -0.012958
vn -0.995273 0.096254 -0.012958
vn -0.995273 0.096253 -0.012957
vn -0.995272 0.096254 -0.012957
vn -0.995272 0.096255 -0.012956
vn -0.995273 0.096252 -0.012958
vn -0.995272 0.096254 -0.012958
vn -0.995272 0.096255 -0.012957
vn -0.995272 0.096254 -0.012957
vn -0.995272 0.096254 -0.012957
vn -0.995273 0.096253 -0.012958
vn -0.995273 0.096254 -0.012958
vn -0.995272 0.096254 -0.012956
vn -0.995273 0.096253 -0.012960
vn -0.995272 0.096254 -0.012957
vn -0.995273 0.096254 -0.012957
vn -0.995272 0.096254 -0.012957
vn -0.995272 0.096254 -0.012957
vn -0.995272 0.096255 -0.012957
vn -0.995273 0.096253 -0.012958
vn -0.995273 0.096253 -0.012958
vn -0.995272 0.096255 -0.012957
vn -0.995273 0.096254 -0.012958
vn -0.995272 0.096254 -0.012958
vn -0.995273 0.096254 -0.012958
vn -0.995272 0.096254 -0.012957
vn -0.995272 0.096254 -0.012957
vn -0.995273 0.096254 -0.012957
vn -0.995272 0.096254 -0.012957
vn -0.995272 0.096254 -0.012957
vn -0.995273 0.096254 -0.012957
vn -0.995273 0.096254 -0.012957
vn -0.995272 0.096254 -0.012958
vn -0.995273 0.096253 -0.012958
vn -0.995272 0.096254 -0.012957
vn -0.995273 0.096254 -0.012957
vn -0.995272 0.096254 -0.012957
vn -0.995273 0.096253 -0.012958
vn -0.995272 0.096254 -0.012957
vn -0.995273 0.096254 -0.012957
vn -0.995273 0.096253 -0.012958
vn -0.995272 0.096255 -0.012957
vn -0.995273 0.096253 -0.012958
vn 0.996922 -0.077336 0.012901
vn 0.997365 -0.071411 0.012820
vn 0.999140 -0.039423 0.012817
vn 0.999687 -0.021603 0.012622
vn 0.999919 -0.001461 0.012676
vn 0.999523 0.028259 0.012432
vn 0.999255 0.036525 0.012477
vn 0.997146 0.074487 0.012270
vn 0.996875 0.078050 0.012212
vn 0.993589 0.112403 0.012122
vn 0.991749 0.127644 0.011914
vn 0.988581 0.150218 0.011916
vn 0.984156 0.176925 0.011623
vn 0.982120 0.187892 0.011655
vn 0.974205 0.225381 0.011345
vn 0.964821 0.262671 0.011135
vn 0.974116 0.225763 0.011337
vn 0.953974 0.299692 0.010871
vn 0.961656 0.274041 0.010941
vn 0.941662 0.336393 0.010554
vn 0.946804 0.321638 0.010553
vn 0.927879 0.372742 0.010186
vn 0.912604 0.408726 0.009855
vn 0.929598 0.368435 0.010174
vn 0.895816 0.444322 0.009539
vn 0.910081 0.414316 0.009734
vn 0.877506 0.479478 0.009175
vn 0.888302 0.459167 0.009251
vn 0.857649 0.514160 0.008764
vn 0.864314 0.502875 0.008775
vn 0.836224 0.548325 0.008310
vn 0.813185 0.581952 0.007895
vn 0.838177 0.545335 0.008304
vn 0.788507 0.614980 0.007487
vn 0.809956 0.586439 0.007772
vn 0.762160 0.647350 0.007040
vn 0.779724 0.626082 0.007202
vn 0.734099 0.679011 0.006556
vn 0.747550 0.664173 0.006634
vn 0.704284 0.709892 0.006039
vn 0.713519 0.700610 0.006066
vn 0.672667 0.739925 0.005492
vn 0.677713 0.735306 0.005495
vn 0.639201 0.769024 0.004920
vn 0.603832 0.797099 0.004375
vn 0.640222 0.768174 0.004918
vn 0.566532 0.824031 0.003819
vn 0.601142 0.799131 0.004289
vn 0.560564 0.828103 0.003640
vn 0.527278 0.849687 0.003236
vn 0.518596 0.855014 0.002989
vn 0.488173 0.872743 0.002652
vn 0.475335 0.879802 0.002322
vn 0.451438 0.892300 0.002112
vn 0.430896 0.902400 0.001662
vn 0.415312 0.909678 0.001579
vn 0.385382 0.922757 0.001026
vn 0.377962 0.925820 0.001010
vn 0.339447 0.940625 0.000419
vn 0.338912 0.940818 0.000404
vn 0.299810 0.953999 -0.000086
vn 0.291599 0.956541 -0.000296
vn 0.259153 0.965836 -0.000617
vn 0.243561 0.969885 -0.000976
vn 0.217615 0.976034 -0.001171
vn 0.194919 0.980818 -0.001638
vn 0.175357 0.984503 -0.001741
vn 0.145788 0.989313 -0.002283
vn 0.132565 0.991172 -0.002325
vn 0.096300 0.995348 -0.002910
vn 0.089422 0.995990 -0.002917
vn 0.046569 0.998909 -0.003518
vn 0.046146 0.998929 -0.003517
vn 0.002942 0.999988 -0.004030
vn -0.003278 0.999986 -0.004184
vn -0.040018 0.999189 -0.004539
vn -0.053113 0.998577 -0.004832
vn -0.082567 0.996573 -0.005049
vn -0.102819 0.994685 -0.005454
vn -0.124537 0.992199 -0.005561
vn -0.152270 0.988321 -0.006045
vn -0.165766 0.986146 -0.006076
vn -0.201340 0.979499 -0.006600
vn -0.206129 0.978503 -0.006597
vn -0.245553 0.969358 -0.007061
vn -0.283978 0.958802 -0.007459
vn -0.249912 0.968242 -0.007166
vn -0.321367 0.946922 -0.007869
vn -0.297861 0.954578 -0.007747
vn -0.357676 0.933809 -0.008295
vn -0.345069 0.938541 -0.008277
vn -0.392902 0.919539 -0.008744
vn -0.427008 0.904202 -0.009062
vn -0.391421 0.920170 -0.008748
vn -0.460021 0.887858 -0.009385
vn -0.436799 0.899512 -0.009271
vn -0.481090 0.876617 -0.009740
vn -0.491946 0.870571 -0.009742
vn -0.522791 0.852401 -0.010115
vn -0.524187 0.851543 -0.010148
vn -0.552543 0.833421 -0.010346
vn -0.565979 0.824352 -0.010602
vn -0.581251 0.813655 -0.010623
vn -0.606365 0.795111 -0.010965
vn -0.608934 0.793145 -0.010953
vn -0.635575 0.771958 -0.011157
vn -0.645243 0.763893 -0.011353
vn -0.661222 0.750104 -0.011373
vn -0.682516 0.730777 -0.011670
vn -0.685886 0.727616 -0.011650
vn -0.709558 0.704548 -0.011820
vn -0.718094 0.695843 -0.011994
vn -0.732262 0.680918 -0.011990
vn -0.751885 0.659180 -0.012249
vn -0.754024 0.656734 -0.012231
vn -0.774823 0.632058 -0.012342
vn -0.783807 0.620879 -0.012519
vn -0.794689 0.606888 -0.012482
vn -0.813781 0.581032 -0.012698
vn -0.813639 0.581231 -0.012699
vn -0.831651 0.555153 -0.012737
vn -0.841731 0.539742 -0.012917
vn -0.848762 0.528619 -0.012858
vn -0.864968 0.501659 -0.012988
vn -0.867589 0.497110 -0.013055
vn -0.880261 0.474311 -0.013015
vn -0.891290 0.453241 -0.013181
vn -0.894656 0.446562 -0.013127
vn -0.908136 0.418467 -0.013166
vn -0.920705 0.390038 -0.013186
vn -0.912775 0.408246 -0.013275
vn -0.932362 0.361281 -0.013292
vn -0.943095 0.332259 -0.013236
vn -0.931991 0.362237 -0.013303
vn -0.952913 0.302954 -0.013253
vn -0.961807 0.273407 -0.013275
vn -0.948890 0.315325 -0.013352
vn -0.969776 0.243641 -0.013204
vn -0.963429 0.267632 -0.013330
vn -0.976819 0.213658 -0.013222
vn -0.982932 0.183501 -0.013144
vn -0.975573 0.219272 -0.013285
vn -0.988112 0.153177 -0.013074
vn -0.992357 0.122706 -0.013071
vn -0.985292 0.170367 -0.013220
vn -0.995665 0.092110 -0.012915
vn -0.992562 0.121038 -0.013085
vn -0.998029 0.061423 -0.012848
vn -0.999448 0.030673 -0.012744
vn -0.997363 0.071410 -0.012965
vn -0.999685 0.021602 -0.012789
vn -0.999921 -0.000119 -0.012591
vn -0.999522 -0.028259 -0.012566
vn -0.999443 -0.030921 -0.012526
vn -0.998017 -0.061723 -0.012324
vn -0.996873 -0.078050 -0.012352
vn -0.995639 -0.092491 -0.012173
vn -0.992308 -0.123202 -0.012049
vn -0.988025 -0.153844 -0.011811
vn -0.991747 -0.127644 -0.012068
vn -0.982787 -0.184375 -0.011662
vn -0.976592 -0.214794 -0.011443
vn -0.984154 -0.176924 -0.011779
vn -0.969439 -0.245076 -0.011207
vn -0.974114 -0.225765 -0.011459
vn -0.961327 -0.275187 -0.011056
vn -0.952245 -0.305144 -0.010748
vn -0.961654 -0.274041 -0.011078
vn -0.942198 -0.334891 -0.010508
vn -0.931182 -0.364410 -0.010291
vn -0.946802 -0.321639 -0.010726
vn -0.919183 -0.393704 -0.009961
vn -0.929596 -0.368436 -0.010299
vn -0.906211 -0.422713 -0.009712
vn -0.892245 -0.451454 -0.009421
vn -0.910079 -0.414316 -0.009878
vn -0.877271 -0.479909 -0.009078
vn -0.888300 -0.459168 -0.009419
vn -0.861287 -0.508042 -0.008811
vn -0.844262 -0.535864 -0.008457
vn -0.864312 -0.502876 -0.008930
vn -0.826189 -0.563335 -0.008091
vn -0.838175 -0.545336 -0.008439
vn -0.807059 -0.590419 -0.007794
vn -0.786834 -0.617121 -0.007398
vn -0.809955 -0.586439 -0.007899
vn -0.765500 -0.643398 -0.006995
vn -0.779721 -0.626084 -0.007371
vn -0.743060 -0.669191 -0.006652
vn -0.719459 -0.694507 -0.006241
vn -0.747548 -0.664173 -0.006798
vn -0.694692 -0.719285 -0.005787
vn -0.713517 -0.700610 -0.006224
vn -0.668741 -0.743476 -0.005383
vn -0.641588 -0.767033 -0.004997
vn -0.677711 -0.735306 -0.005638
vn -0.613171 -0.789938 -0.004478
vn -0.640221 -0.768175 -0.004996
vn -0.601140 -0.799131 -0.004414
vn -0.583504 -0.812101 -0.003999
vn -0.552565 -0.833463 -0.003553
vn -0.520338 -0.853955 -0.003103
vn -0.560562 -0.828104 -0.003773
vn -0.518594 -0.855015 -0.003102
vn -0.486789 -0.873516 -0.002541
vn -0.475334 -0.879802 -0.002493
vn -0.451936 -0.892048 -0.002003
vn -0.430893 -0.902401 -0.001844
vn -0.415808 -0.909451 -0.001484
vn -0.385381 -0.922757 -0.001163
vn -0.378458 -0.925618 -0.000979
vn -0.339936 -0.940449 -0.000470
vn -0.338910 -0.940819 -0.000470
vn -0.300298 -0.953845 0.000134
vn -0.291598 -0.956541 0.000154
vn -0.259634 -0.965707 0.000725
vn -0.243559 -0.969886 0.000797
vn -0.218083 -0.975929 0.001302
vn -0.194916 -0.980819 0.001453
vn -0.175814 -0.984422 0.001867
vn -0.145787 -0.989314 0.002119
vn -0.133006 -0.991112 0.002418
vn -0.096297 -0.995349 0.002792
vn -0.089845 -0.995951 0.002954
vn -0.046570 -0.998909 0.003469
vn -0.046547 -0.998910 0.003470
vn -0.003323 -0.999986 0.004062
vn 0.039660 -0.999203 0.004631
vn 0.003280 -0.999986 0.004066
vn 0.082232 -0.996600 0.005174
vn 0.053115 -0.998578 0.004666
vn 0.124224 -0.992238 0.005685
vn 0.102823 -0.994686 0.005268
vn 0.165482 -0.986194 0.006161
vn 0.152271 -0.988321 0.005874
vn 0.205873 -0.978556 0.006597
vn 0.245318 -0.969417 0.007056
vn 0.201343 -0.979499 0.006487
vn 0.283767 -0.958864 0.007542
vn 0.249913 -0.968243 0.007052
vn 0.321178 -0.946985 0.007979
vn 0.297863 -0.954579 0.007571
vn 0.357511 -0.933872 0.008362
vn 0.345072 -0.938541 0.008103
vn 0.392760 -0.919600 0.008686
vn 0.426885 -0.904260 0.009105
vn 0.391422 -0.920171 0.008653
vn 0.459914 -0.887913 0.009482
vn 0.436801 -0.899512 0.009105
vn 0.481091 -0.876618 0.009568
vn 0.491860 -0.870619 0.009790
vn 0.522723 -0.852443 0.010048
vn 0.524188 -0.851543 0.010043
vn 0.552490 -0.833455 0.010413
vn 0.565982 -0.824352 0.010422
vn 0.581212 -0.813682 0.010699
vn 0.606365 -0.795113 0.010840
vn 0.608912 -0.793163 0.010901
vn 0.635566 -0.771966 0.011196
vn 0.645245 -0.763893 0.011179
vn 0.661223 -0.750102 0.011450
vn 0.682518 -0.730778 0.011532
vn 0.685900 -0.727604 0.011611
vn 0.709580 -0.704525 0.011851
vn 0.718095 -0.695844 0.011821
vn 0.732296 -0.680880 0.012061
vn 0.751887 -0.659180 0.012119
vn 0.754065 -0.656687 0.012172
vn 0.774870 -0.631999 0.012384
vn 0.783809 -0.620879 0.012343
vn 0.794745 -0.606814 0.012540
vn 0.813783 -0.581033 0.012595
vn 0.813702 -0.581145 0.012593
vn 0.831719 -0.555049 0.012796
vn 0.841733 -0.539743 0.012744
vn 0.848832 -0.528505 0.012890
vn 0.865043 -0.501531 0.012948
vn 0.867591 -0.497111 0.012911
vn 0.880338 -0.474167 0.013084
vn 0.891292 -0.453242 0.013024
vn 0.894736 -0.446404 0.013111
vn 0.908217 -0.418291 0.013181
vn 0.912777 -0.408247 0.013106
vn 0.920784 -0.389847 0.013247
vn 0.931992 -0.362238 0.013186
vn 0.932443 -0.361077 0.013201
vn 0.943173 -0.332038 0.013289
vn 0.948892 -0.315326 0.013181
vn 0.952987 -0.302719 0.013281
vn 0.961880 -0.273152 0.013240
vn 0.963431 -0.267632 0.013182
vn 0.969842 -0.243374 0.013270
vn 0.975575 -0.219273 0.013137
vn 0.976882 -0.213372 0.013187
vn 0.982987 -0.183202 0.013171
vn 0.985294 -0.170367 0.013049
vn 0.988160 -0.152862 0.013124
vn 0.991778 -0.127307 0.013007
vn 0.994215 -0.106620 0.012986
vn 0.992563 -0.121039 0.012940
vn 0.041351 0.702003 0.710972
vn -0.001807 0.425907 0.904765
vn -0.753752 0.473690 0.455495
vn -0.021851 0.392947 0.919301
vn -0.753443 0.452500 0.477040
vn -0.042770 0.418202 0.907347
vn -0.033768 0.446212 0.894290
vn -0.061294 0.401356 0.913869
vn -0.081982 0.416964 0.905218
vn -0.083453 0.414414 0.906254
vn -0.101753 0.402372 0.909804
vn -0.128010 0.405985 0.904870
vn -0.124613 0.409931 0.903564
vn -0.143085 0.399838 0.905349
vn -0.164360 0.398142 0.902479
vn -0.173159 0.400517 0.899779
vn -0.185410 0.394431 0.900027
vn -0.429811 0.054559 0.901269
vn -0.758252 0.427130 0.492559
vn -0.745139 0.410973 0.525232
vn -0.733566 0.465998 0.494699
vn -0.754343 0.453129 0.475017
vn -0.711893 0.457074 0.533190
vn -0.681861 0.462531 0.566684
vn -0.752602 0.382379 0.536074
vn -0.728476 0.435152 0.529117
vn -0.747551 0.411597 0.521302
vn -0.724214 0.437189 0.533272
vn -0.650706 0.466907 0.598815
vn -0.630189 0.442240 0.638190
vn -0.766570 0.350524 0.538055
vn -0.764662 0.325574 0.556141
vn -0.752711 0.383025 0.535461
vn -0.699294 0.417468 0.580265
vn -0.676736 0.435628 0.593512
vn -0.682766 0.434103 0.587694
vn -0.588723 0.464241 0.661730
vn -0.784279 0.291789 0.547509
vn -0.765184 0.326176 0.555069
vn -0.707540 0.390518 0.588968
vn -0.726005 0.369285 0.580125
vn -0.649006 0.417504 0.635989
vn -0.631404 0.433765 0.642788
vn -0.626518 0.433550 0.647696
vn -0.563110 0.443305 0.697415
vn -0.526485 0.446625 0.723422
vn -0.205944 0.388576 0.898107
vn -0.225129 0.379505 0.897381
vn -0.202815 0.391137 0.897707
vn -0.210879 0.428993 0.878348
vn -0.749368 0.319386 0.580035
vn -0.732391 0.341839 0.588854
vn -0.657495 0.392173 0.643351
vn -0.675822 0.372799 0.635834
vn -0.596450 0.412404 0.688600
vn -0.580765 0.425858 0.693799
vn -0.576030 0.427621 0.696656
vn -0.522200 0.420331 0.742044
vn -0.492064 0.440385 0.750955
vn -0.460208 0.421997 0.781106
vn -0.414260 0.443533 0.794775
vn -0.335806 0.436199 0.834844
vn -0.225603 0.379407 0.897303
vn -0.242686 0.367582 0.897768
vn -0.256046 0.419431 0.870929
vn -0.244476 0.412861 0.877369
vn -0.765162 0.271178 0.583943
vn -0.768630 0.242074 0.592122
vn -0.753863 0.291580 0.588788
vn -0.761641 0.279841 0.584459
vn -0.682561 0.346956 0.643220
vn -0.699528 0.326367 0.635724
vn -0.623030 0.371340 0.688433
vn -0.605152 0.388877 0.694669
vn -0.542186 0.402056 0.737825
vn -0.524017 0.416582 0.742876
vn -0.459341 0.418387 0.783555
vn -0.433965 0.422074 0.795945
vn -0.379719 0.416331 0.826124
vn -0.383284 0.413319 0.825991
vn -0.351992 0.417934 0.837516
vn -0.278191 0.405611 0.870683
vn -0.251068 0.364411 0.896755
vn -0.260151 0.355611 0.897698
vn -0.302181 0.404991 0.862942
vn -0.297107 0.408370 0.863112
vn -0.767928 0.238753 0.594377
vn -0.777941 0.211580 0.591644
vn -0.720010 0.278427 0.635661
vn -0.704486 0.300131 0.643133
vn -0.646744 0.328563 0.688308
vn -0.630105 0.347282 0.694524
vn -0.551037 0.380500 0.742682
vn -0.568173 0.364765 0.737649
vn -0.469733 0.399267 0.787361
vn -0.486780 0.386414 0.783409
vn -0.405116 0.393326 0.825334
vn -0.388683 0.403483 0.828328
vn -0.325732 0.385763 0.863183
vn -0.310366 0.393482 0.865358
vn -0.277563 0.343570 0.897172
vn -0.293922 0.330095 0.897021
vn -0.274987 0.347024 0.896636
vn -0.778937 0.182531 0.599950
vn -0.776977 0.185061 0.601714
vn -0.787790 0.152496 0.596767
vn -0.737171 0.229201 0.635646
vn -0.723164 0.251918 0.643095
vn -0.667484 0.284264 0.688228
vn -0.652159 0.304080 0.694423
vn -0.575531 0.342662 0.742527
vn -0.591556 0.325787 0.737512
vn -0.495686 0.366968 0.787166
vn -0.511818 0.352978 0.783230
vn -0.415102 0.376740 0.828105
vn -0.430807 0.365481 0.825124
vn -0.351082 0.363387 0.862955
vn -0.336276 0.372140 0.865119
vn -0.309093 0.315297 0.897245
vn -0.297803 0.328232 0.896425
vn -0.789390 0.123032 0.601438
vn -0.794463 0.093502 0.600072
vn -0.789450 0.081809 0.608338
vn -0.782775 0.131340 0.608286
vn -0.738507 0.202546 0.643104
vn -0.750934 0.178917 0.635678
vn -0.671215 0.259477 0.694365
vn -0.685156 0.238652 0.688191
vn -0.612224 0.285304 0.737417
vn -0.597388 0.303235 0.742412
vn -0.534514 0.317916 0.783086
vn -0.519374 0.332977 0.787005
vn -0.454536 0.335951 0.824945
vn -0.439635 0.348259 0.827911
vn -0.360672 0.349077 0.864905
vn -0.324171 0.300466 0.897014
vn -0.319447 0.308086 0.896123
vn -0.374846 0.339334 0.862753
vn -0.757534 0.103445 0.644547
vn -0.727229 0.095210 0.679760
vn -0.759541 0.107716 0.641478
vn -0.761234 0.127814 0.635756
vn -0.750447 0.152241 0.643158
vn -0.699671 0.191945 0.688199
vn -0.687184 0.213674 0.694349
vn -0.630080 0.243507 0.737362
vn -0.616503 0.262411 0.742337
vn -0.554767 0.281380 0.782981
vn -0.540688 0.297443 0.786882
vn -0.476195 0.304872 0.824798
vn -0.462167 0.318171 0.827749
vn -0.339236 0.285516 0.896326
vn -0.351820 0.268421 0.896757
vn -0.396913 0.313719 0.862578
vn -0.339047 0.285967 0.896253
vn -0.383432 0.324412 0.864718
vn -0.699989 0.166894 0.694378
vn -0.710968 0.144353 0.688249
vn -0.632785 0.220379 0.742304
vn -0.645045 0.200585 0.737349
vn -0.572480 0.243551 0.782911
vn -0.559528 0.260542 0.786795
vn -0.495684 0.272385 0.824684
vn -0.482595 0.286613 0.827620
vn -0.417178 0.286656 0.862433
vn -0.364146 0.251207 0.896824
vn -0.358005 0.263283 0.895832
vn -0.404463 0.298241 0.864558
vn -0.709574 0.119340 0.694451
vn -0.697039 0.069912 0.713617
vn -0.714457 0.107443 0.691380
vn -0.646164 0.177334 0.742310
vn -0.657044 0.156748 0.737376
vn -0.587570 0.204603 0.782879
vn -0.575807 0.222441 0.786744
vn -0.500823 0.253732 0.827524
vn -0.512908 0.238645 0.824605
vn -0.435549 0.258271 0.862319
vn -0.376397 0.233944 0.896435
vn -0.387489 0.215890 0.896239
vn -0.374800 0.238940 0.895786
vn -0.423658 0.270694 0.864430
vn -0.660486 0.090343 0.745384
vn -0.625473 0.082466 0.775876
vn -0.664940 0.099461 0.740244
vn -0.666025 0.112186 0.737445
vn -0.656573 0.133474 0.742359
vn -0.589448 0.183315 0.786732
vn -0.599966 0.164714 0.782886
vn -0.516760 0.219692 0.827462
vn -0.527791 0.203809 0.824559
vn -0.440919 0.241918 0.864330
vn -0.389877 0.213531 0.895768
vn -0.396695 0.196795 0.896607
vn -0.451947 0.228697 0.862231
vn -0.600386 0.143350 0.786758
vn -0.609612 0.124071 0.782930
vn -0.540263 0.168036 0.824548
vn -0.530341 0.184636 0.827434
vn -0.466280 0.198080 0.862176
vn -0.456190 0.212010 0.864258
vn -0.405804 0.177705 0.896518
vn -0.403612 0.187334 0.895547
vn -0.610709 0.097429 0.785838
vn -0.590940 0.055698 0.804791
vn -0.608572 0.102736 0.786820
vn -0.541498 0.148738 0.827440
vn -0.550265 0.131496 0.824571
vn -0.469373 0.181150 0.864219
vn -0.414853 0.158506 0.895976
vn -0.421191 0.138283 0.896368
vn -0.414758 0.159967 0.895760
vn -0.478497 0.166550 0.862150
vn -0.550378 0.075360 0.831508
vn -0.511325 0.068253 0.856673
vn -0.550180 0.112159 0.827480
vn -0.557504 0.090794 0.825194
vn -0.557748 0.094362 0.824629
vn -0.426901 0.117889 0.896581
vn -0.424893 0.132193 0.895540
vn -0.488531 0.134262 0.862155
vn -0.480427 0.149447 0.864208
vn -0.432656 0.103656 0.895580
vn -0.432520 0.097479 0.896339
vn -0.437150 0.076783 0.896105
vn -0.496338 0.101361 0.862191
vn -0.489290 0.117064 0.864229
vn -0.473306 0.038806 0.880043
vn -0.437576 0.084834 0.895171
vn -0.494641 0.087575 0.864674
vn -0.438215 0.074631 0.895767
vn -0.495922 0.084162 0.864279
vn -0.997336 0.071796 -0.012883
vn -0.999660 0.022771 -0.012724
vn -0.997364 0.071409 -0.012871
vn -0.999575 -0.026311 -0.012533
vn -0.999686 0.021603 -0.012686
vn -0.997083 -0.075329 -0.012311
vn -0.999523 -0.028258 -0.012470
vn -0.992188 -0.124168 -0.012060
vn -0.996875 -0.078051 -0.012223
vn -0.984903 -0.172705 -0.011779
vn -0.991748 -0.127643 -0.011946
vn -0.975246 -0.220826 -0.011470
vn -0.984155 -0.176926 -0.011639
vn -0.963238 -0.268417 -0.011133
vn -0.974117 -0.225763 -0.011304
vn -0.948911 -0.315360 -0.010769
vn -0.961656 -0.274041 -0.010941
vn -0.932297 -0.361545 -0.010379
vn -0.946804 -0.321638 -0.010551
vn -0.913437 -0.406858 -0.009963
vn -0.929599 -0.368434 -0.010134
vn -0.910082 -0.414316 -0.009693
vn -0.892378 -0.451188 -0.009524
vn -0.888302 -0.459168 -0.009227
vn -0.869167 -0.494435 -0.009061
vn -0.864315 -0.502874 -0.008739
vn -0.843864 -0.536488 -0.008577
vn -0.838177 -0.545336 -0.008229
vn -0.816527 -0.577251 -0.008072
vn -0.809958 -0.586437 -0.007699
vn -0.787223 -0.616622 -0.007547
vn -0.779723 -0.626083 -0.007149
vn -0.756022 -0.654508 -0.007004
vn -0.747550 -0.664173 -0.006582
vn -0.723001 -0.690816 -0.006444
vn -0.713521 -0.700609 -0.005999
vn -0.688238 -0.725461 -0.005869
vn -0.677714 -0.735306 -0.005400
vn -0.651816 -0.758358 -0.005279
vn -0.640224 -0.768173 -0.004788
vn -0.613824 -0.789429 -0.004677
vn -0.601143 -0.799130 -0.004164
vn -0.574355 -0.818596 -0.004064
vn -0.560565 -0.828103 -0.003530
vn -0.533500 -0.845793 -0.003440
vn -0.491361 -0.870952 -0.002809
vn -0.518597 -0.855014 -0.002887
vn -0.448036 -0.894013 -0.002170
vn -0.475338 -0.879800 -0.002236
vn -0.403636 -0.914918 -0.001527
vn -0.430896 -0.902400 -0.001580
vn -0.358258 -0.933622 -0.000880
vn -0.385383 -0.922756 -0.000920
vn -0.312022 -0.950075 -0.000231
vn -0.338912 -0.940818 -0.000258
vn -0.265031 -0.964240 0.000419
vn -0.291603 -0.956539 0.000405
vn -0.217404 -0.976081 0.001067
vn -0.243561 -0.969885 0.001067
vn -0.169251 -0.985572 0.001713
vn -0.194921 -0.980817 0.001727
vn -0.120693 -0.992687 0.002355
vn -0.145791 -0.989313 0.002382
vn -0.071453 -0.997440 0.002990
vn -0.096299 -0.995348 0.003032
vn -0.021651 -0.999759 0.003628
vn -0.046572 -0.998908 0.003674
vn 0.028206 -0.999593 0.004257
vn 0.003276 -0.999985 0.004308
vn 0.077997 -0.996942 0.004875
vn 0.053112 -0.998576 0.004931
vn 0.102819 -0.994685 0.005543
vn 0.127585 -0.991812 0.005480
vn 0.152267 -0.988320 0.006141
vn 0.176865 -0.984216 0.006071
vn 0.201339 -0.979499 0.006724
vn 0.225700 -0.974174 0.006646
vn 0.249910 -0.968242 0.007292
vn 0.273974 -0.961710 0.007205
vn 0.297861 -0.954577 0.007841
vn 0.321569 -0.946854 0.007745
vn 0.345068 -0.938540 0.008372
vn 0.368361 -0.929646 0.008266
vn 0.391419 -0.920169 0.008882
vn 0.414244 -0.910124 0.008765
vn 0.436798 -0.899511 0.009370
vn 0.459090 -0.888342 0.009242
vn 0.481090 -0.876616 0.009836
vn 0.502798 -0.864349 0.009696
vn 0.524184 -0.851543 0.010277
vn 0.545255 -0.838209 0.010125
vn 0.565978 -0.824351 0.010694
vn 0.586357 -0.809984 0.010529
vn 0.606364 -0.795110 0.011084
vn 0.626001 -0.779746 0.010906
vn 0.645241 -0.763893 0.011448
vn 0.664090 -0.747568 0.011255
vn 0.682515 -0.730777 0.011783
vn 0.700525 -0.713534 0.011576
vn 0.718092 -0.695843 0.012089
vn 0.735221 -0.677724 0.011868
vn 0.751884 -0.659179 0.012366
vn 0.768088 -0.640229 0.012129
vn 0.783806 -0.620878 0.012613
vn 0.799046 -0.601144 0.012361
vn 0.813780 -0.581032 0.012828
vn 0.828018 -0.560561 0.012561
vn 0.841730 -0.539741 0.013012
vn 0.854929 -0.518589 0.012729
vn 0.867588 -0.497109 0.013165
vn 0.879717 -0.475323 0.012865
vn 0.891289 -0.453242 0.013285
vn 0.902316 -0.430880 0.012969
vn 0.922673 -0.385363 0.013040
vn 0.912774 -0.408246 0.013372
vn 0.940736 -0.338887 0.013078
vn 0.931989 -0.362237 0.013427
vn 0.956460 -0.291571 0.013083
vn 0.948889 -0.315323 0.013449
vn 0.969806 -0.243527 0.013055
vn 0.963427 -0.267633 0.013437
vn 0.980741 -0.194882 0.012995
vn 0.975572 -0.219271 0.013393
vn 0.985291 -0.170366 0.013316
vn 0.989238 -0.145748 0.012901
vn 0.992560 -0.121039 0.013206
vn 0.995275 -0.096254 0.012775
vn 0.997362 -0.071408 0.013064
vn 0.998838 -0.046522 0.012617
vn 0.999684 -0.021602 0.012890
vn 0.999917 0.003329 0.012427
vn 0.999520 0.028258 0.012684
vn 0.998511 0.053169 0.012206
vn 0.996872 0.078052 0.012447
vn 0.994622 0.102878 0.011954
vn 0.991745 0.127644 0.012180
vn 0.988261 0.152331 0.011671
vn 0.984153 0.176925 0.011883
vn 0.979442 0.201405 0.011360
vn 0.974113 0.225765 0.011557
vn 0.968188 0.249980 0.011019
vn 0.961653 0.274042 0.011202
vn 0.954528 0.297931 0.010651
vn 0.946801 0.321639 0.010820
vn 0.938493 0.345145 0.010256
vn 0.920128 0.391495 0.009834
vn 0.929595 0.368435 0.010412
vn 0.899472 0.436878 0.009388
vn 0.910078 0.414317 0.009978
vn 0.876582 0.481170 0.008918
vn 0.888298 0.459169 0.009520
vn 0.851512 0.524267 0.008426
vn 0.864311 0.502876 0.009039
vn 0.824324 0.566063 0.007912
vn 0.838174 0.545336 0.008535
vn 0.795088 0.606449 0.007378
vn 0.809954 0.586439 0.008011
vn 0.763875 0.645328 0.006825
vn 0.779720 0.626084 0.007468
vn 0.730762 0.682603 0.006255
vn 0.747546 0.664174 0.006906
vn 0.695834 0.718180 0.005669
vn 0.713516 0.700611 0.006327
vn 0.659175 0.751973 0.005068
vn 0.677709 0.735308 0.005734
vn 0.620877 0.783896 0.004454
vn 0.640220 0.768174 0.005126
vn 0.581037 0.813868 0.003829
vn 0.601139 0.799132 0.004506
vn 0.539748 0.841820 0.003193
vn 0.560561 0.828104 0.003876
vn 0.497121 0.867678 0.002549
vn 0.518593 0.855015 0.003236
vn 0.475332 0.879803 0.002589
vn 0.453257 0.891378 0.001899
vn 0.430892 0.902402 0.001935
vn 0.408268 0.912861 0.001243
vn 0.385381 0.922757 0.001278
vn 0.362261 0.932076 0.000584
vn 0.315354 0.948974 -0.000077
vn 0.338908 0.940820 0.000617
vn 0.291597 0.956541 -0.000044
vn 0.267666 0.963511 -0.000739
vn 0.219309 0.975654 -0.001399
vn 0.243559 0.969886 -0.000705
vn 0.170408 0.985371 -0.002056
vn 0.194914 0.980819 -0.001364
vn 0.121083 0.992639 -0.002708
vn 0.145786 0.989314 -0.002019
vn 0.071846 0.997410 -0.003343
vn 0.096296 0.995349 -0.002668
vn 0.022822 0.999732 -0.003971
vn 0.046567 0.998910 -0.003311
vn -0.026255 0.999645 -0.004590
vn -0.003280 0.999987 -0.003945
vn -0.075271 0.997150 -0.005197
vn -0.053117 0.998578 -0.004569
vn -0.124104 0.992252 -0.005792
vn -0.102823 0.994686 -0.005182
vn -0.172641 0.984964 -0.006374
vn -0.152272 0.988322 -0.005782
vn -0.220758 0.975304 -0.006939
vn -0.201344 0.979500 -0.006367
vn -0.268345 0.963294 -0.007489
vn -0.249916 0.968243 -0.006937
vn -0.315286 0.948963 -0.008020
vn -0.297863 0.954579 -0.007489
vn -0.361468 0.932345 -0.008532
vn -0.345075 0.938541 -0.008022
vn -0.406779 0.913482 -0.009023
vn -0.391422 0.920172 -0.008536
vn -0.451107 0.892419 -0.009493
vn -0.436802 0.899512 -0.009028
vn -0.494354 0.869204 -0.009940
vn -0.481094 0.876617 -0.009498
vn -0.536404 0.843898 -0.010362
vn -0.524188 0.851545 -0.009944
vn -0.577165 0.816556 -0.010760
vn -0.565983 0.824352 -0.010365
vn -0.616535 0.787249 -0.011132
vn -0.606367 0.795112 -0.010761
vn -0.654419 0.756045 -0.011477
vn -0.645246 0.763894 -0.011129
vn -0.682518 0.730778 -0.011470
vn -0.690728 0.723018 -0.011795
vn -0.718096 0.695844 -0.011783
vn -0.725373 0.688250 -0.012084
vn -0.751888 0.659181 -0.012067
vn -0.758267 0.651827 -0.012343
vn -0.783810 0.620878 -0.012320
vn -0.789340 0.613828 -0.012573
vn -0.813782 0.581034 -0.012543
vn -0.818506 0.574356 -0.012773
vn -0.841734 0.539742 -0.012735
vn -0.845704 0.533495 -0.012942
vn -0.867592 0.497110 -0.012895
vn -0.870863 0.491352 -0.013079
vn -0.891292 0.453243 -0.013023
vn -0.893924 0.448025 -0.013184
vn -0.912777 0.408247 -0.013119
vn -0.914831 0.403619 -0.013258
vn -0.931992 0.362238 -0.013183
vn -0.933535 0.358238 -0.013300
vn -0.948892 0.315324 -0.013214
vn -0.949990 0.311996 -0.013309
vn -0.963430 0.267634 -0.013213
vn -0.964156 0.265003 -0.013286
vn -0.975575 0.219272 -0.013179
vn -0.975999 0.217372 -0.013230
vn -0.985491 0.169216 -0.013143
vn -0.985293 0.170367 -0.013112
vn -0.992609 0.120653 -0.013023
vn -0.992562 0.121040 -0.013013
vn -0.825955 -0.296958 0.479181
vn -0.830331 -0.317812 0.457762
vn -0.431803 0.033968 0.901328
vn -0.257093 -0.346458 0.902148
vn -0.246232 -0.354783 0.901942
vn -0.237143 -0.354124 0.904632
vn -0.216576 -0.359854 0.907524
vn -0.200389 -0.373305 0.905808
vn -0.202967 -0.368773 0.907090
vn -0.176501 -0.370232 0.912017
vn -0.160852 -0.385578 0.908546
vn -0.159896 -0.388370 0.907525
vn -0.136608 -0.376974 0.916094
vn -0.121655 -0.397102 0.909676
vn -0.118193 -0.426426 0.896767
vn -0.096262 -0.376272 0.921495
vn -0.082923 -0.412524 0.907165
vn -0.093600 -0.692856 0.714975
vn -0.790157 0.074499 0.608359
vn -0.797323 0.063938 0.600156
vn -0.798004 0.033994 0.601692
vn -0.802086 0.004738 0.597190
vn -0.799152 -0.026416 0.600548
vn -0.793100 0.024608 0.608594
vn -0.825367 -0.132921 0.548726
vn -0.803747 -0.055165 0.592409
vn -0.797712 -0.029267 0.602328
vn -0.771269 0.024095 0.636053
vn -0.762961 0.047353 0.644708
vn -0.731620 0.049826 0.679890
vn -0.765752 0.043528 0.641661
vn -0.826957 -0.297413 0.477166
vn -0.809816 -0.257520 0.527145
vn -0.825799 -0.271048 0.494559
vn -0.809021 -0.313914 0.496933
vn -0.813216 -0.170285 0.556492
vn -0.812588 -0.169789 0.557560
vn -0.819253 -0.194011 0.539615
vn -0.800839 -0.125325 0.585620
vn -0.800454 -0.086873 0.593065
vn -0.802635 -0.116150 0.585052
vn -0.799128 -0.083736 0.595301
vn -0.770957 -0.028037 0.636270
vn -0.765361 -0.001905 0.643599
vn -0.697122 0.069058 0.713619
vn -0.721423 0.035437 0.691587
vn -0.811652 -0.227965 0.537822
vn -0.812304 -0.257692 0.523218
vn -0.794299 -0.287215 0.535347
vn -0.811883 -0.228580 0.537213
vn -0.795455 -0.138311 0.590019
vn -0.796378 -0.166512 0.581426
vn -0.767088 -0.080024 0.636531
vn -0.763286 -0.053566 0.643836
vn -0.718909 0.022838 0.694729
vn -0.725075 -0.001477 0.688668
vn -0.786018 -0.309093 0.535385
vn -0.757572 -0.320015 0.568925
vn -0.798093 -0.284423 0.531179
vn -0.783014 -0.219962 0.581813
vn -0.784015 -0.191753 0.590382
vn -0.757692 -0.104964 0.644117
vn -0.759681 -0.131625 0.636835
vn -0.723114 -0.050350 0.688892
vn -0.718619 -0.025664 0.694930
vn -0.674774 0.021755 0.737704
vn -0.665145 0.042179 0.745522
vn -0.629255 0.043370 0.775988
vn -0.671268 0.034055 0.740432
vn -0.766035 -0.272372 0.582241
vn -0.768956 -0.244291 0.590786
vn -0.752999 -0.291823 0.589773
vn -0.748603 -0.155858 0.644439
vn -0.748771 -0.182602 0.637180
vn -0.715020 -0.074035 0.695173
vn -0.717821 -0.098975 0.689157
vn -0.674502 -0.023695 0.737892
vn -0.669576 -0.000918 0.742743
vn -0.590216 0.063184 0.804769
vn -0.617628 0.025911 0.786043
vn -0.747369 -0.294442 0.595603
vn -0.727814 -0.330102 0.601098
vn -0.702928 -0.309604 0.640342
vn -0.736061 -0.206020 0.644803
vn -0.734405 -0.232715 0.637568
vn -0.709222 -0.147123 0.689463
vn -0.708128 -0.122050 0.695456
vn -0.667767 -0.045959 0.742950
vn -0.671129 -0.069023 0.738120
vn -0.616547 0.020299 0.787056
vn -0.621660 -0.000463 0.783287
vn -0.720128 -0.255200 0.645205
vn -0.702493 -0.301026 0.644893
vn -0.716655 -0.281730 0.637992
vn -0.697975 -0.169477 0.695779
vn -0.697357 -0.194579 0.689806
vn -0.662889 -0.090771 0.743195
vn -0.664671 -0.114017 0.738385
vn -0.616299 -0.021130 0.787229
vn -0.619984 -0.042200 0.783478
vn -0.554160 0.036265 0.831620
vn -0.514456 0.035896 0.856765
vn -0.564117 0.022446 0.825389
vn -0.565041 0.018989 0.824844
vn -0.666437 -0.339013 0.664027
vn -0.697658 -0.301723 0.649798
vn -0.682284 -0.241106 0.690186
vn -0.684611 -0.216104 0.696137
vn -0.655158 -0.158461 0.738687
vn -0.654966 -0.135145 0.743475
vn -0.613224 -0.062453 0.787436
vn -0.615464 -0.083725 0.783706
vn -0.564814 -0.018889 0.825002
vn -0.561023 0.000085 0.827800
vn -0.445233 0.005704 0.895397
vn -0.471484 0.057639 0.879989
vn -0.501780 0.013779 0.864885
vn -0.651249 -0.302682 0.695886
vn -0.664068 -0.286500 0.690602
vn -0.668095 -0.261709 0.696532
vn -0.644031 -0.178877 0.743792
vn -0.642633 -0.202154 0.739024
vn -0.608121 -0.124843 0.783966
vn -0.607337 -0.103464 0.787678
vn -0.559514 -0.037474 0.827973
vn -0.562003 -0.056671 0.825191
vn -0.443268 0.013519 0.896287
vn -0.442692 -0.007669 0.896641
vn -0.443904 0.015844 0.895934
vn -0.506091 0.000558 0.862480
vn -0.502383 0.017374 0.864470
vn -0.637264 -0.323170 0.699611
vn -0.601942 -0.333301 0.725655
vn -0.646937 -0.305305 0.698757
vn -0.627157 -0.244890 0.739394
vn -0.630139 -0.221756 0.744143
vn -0.597989 -0.165368 0.784260
vn -0.598664 -0.143980 0.787954
vn -0.556620 -0.094168 0.825413
vn -0.555446 -0.074850 0.828177
vn -0.444011 -0.013715 0.895916
vn -0.441091 -0.028780 0.897001
vn -0.504734 -0.033223 0.862635
vn -0.502182 -0.016195 0.864610
vn -0.613353 -0.263590 0.744526
vn -0.608800 -0.286470 0.739795
vn -0.585117 -0.205102 0.784583
vn -0.587250 -0.183806 0.788259
vn -0.548838 -0.111852 0.828412
vn -0.548692 -0.131212 0.825664
vn -0.439401 -0.049872 0.896905
vn -0.437056 -0.070960 0.896631
vn -0.441862 -0.043205 0.896042
vn -0.501075 -0.066841 0.862819
vn -0.499690 -0.049670 0.864779
vn -0.593751 -0.304181 0.744939
vn -0.566947 -0.333623 0.753171
vn -0.532141 -0.321512 0.783234
vn -0.592686 -0.308213 0.744129
vn -0.569561 -0.243866 0.784939
vn -0.573141 -0.222767 0.788597
vn -0.539720 -0.148321 0.828675
vn -0.538254 -0.167625 0.825944
vn -0.437241 -0.072399 0.896426
vn -0.494922 -0.082899 0.864974
vn -0.431850 -0.091529 0.897289
vn -0.495132 -0.100122 0.863029
vn -0.551396 -0.281480 0.785322
vn -0.556407 -0.260668 0.788964
vn -0.525353 -0.203247 0.826253
vn -0.528133 -0.184084 0.828969
vn -0.487894 -0.115726 0.865197
vn -0.431545 -0.101412 0.896373
vn -0.486930 -0.132922 0.863268
vn -0.426573 -0.112011 0.897491
vn -0.530595 -0.318118 0.785665
vn -0.537127 -0.297340 0.789357
vn -0.510055 -0.237901 0.826587
vn -0.514136 -0.218968 0.829287
vn -0.476511 -0.165091 0.863529
vn -0.478648 -0.147986 0.865446
vn -0.423093 -0.129732 0.896751
vn -0.421200 -0.132505 0.897236
vn -0.413768 -0.152367 0.897541
vn -0.506394 -0.326530 0.798087
vn -0.491166 -0.351379 0.797050
vn -0.492427 -0.271431 0.826947
vn -0.497789 -0.252819 0.829632
vn -0.467217 -0.179558 0.865718
vn -0.463921 -0.196466 0.863816
vn -0.413158 -0.157580 0.896922
vn -0.405056 -0.171649 0.898035
vn -0.472553 -0.303678 0.827329
vn -0.479171 -0.285475 0.830000
vn -0.453659 -0.210266 0.866015
vn -0.449217 -0.226912 0.864127
vn -0.401345 -0.184686 0.897114
vn -0.396262 -0.190905 0.898071
vn -0.387189 -0.210097 0.897744
vn -0.454956 -0.327484 0.828112
vn -0.452033 -0.331126 0.828265
vn -0.458367 -0.316783 0.830390
vn -0.438040 -0.239974 0.866334
vn -0.387091 -0.210571 0.897675
vn -0.375265 -0.227655 0.898526
vn -0.432471 -0.256284 0.864458
vn -0.412739 -0.358994 0.837120
vn -0.425124 -0.337947 0.839679
vn -0.363305 -0.245109 0.898850
vn -0.372087 -0.236051 0.897681
vn -0.420424 -0.268556 0.866673
vn -0.413759 -0.284442 0.864810
vn -0.354709 -0.259966 0.898109
vn -0.351264 -0.262530 0.898717
vn -0.337788 -0.278893 0.898954
vn -0.393168 -0.311260 0.865180
vn -0.400902 -0.295860 0.867032
vn -0.373742 -0.334645 0.865060
vn -0.323001 -0.294052 0.899558
vn -0.335922 -0.282780 0.898439
vn -0.379565 -0.321769 0.867407
vn -0.369405 -0.338939 0.865252
vn -0.350313 -0.339809 0.872818
vn -0.315780 -0.304425 0.898670
vn -0.331222 -0.357622 0.873154
vn -0.308162 -0.309137 0.899706
vn -0.273541 -0.339903 0.899801
vn -0.288725 -0.375623 0.880651
vn -0.293211 -0.324213 0.899396
vn -0.276120 -0.336790 0.900183
vn -0.318605 -0.353356 0.879563
vn -0.293657 -0.324027 0.899318
vn -0.058758 -0.690624 0.720823
vn -0.020530 -0.415394 0.909410
vn 0.741966 -0.469872 0.478233
vn -0.000628 -0.386335 0.922358
vn 0.741116 -0.448513 0.499583
vn 0.020784 -0.408733 0.912418
vn 0.011140 -0.438840 0.898496
vn 0.039579 -0.393827 0.918332
vn 0.058948 -0.410335 0.910028
vn 0.062002 -0.405233 0.912109
vn 0.080740 -0.394470 0.915355
vn 0.104919 -0.399580 0.910674
vn 0.103781 -0.400830 0.910255
vn 0.150732 -0.391022 0.907955
vn 0.122812 -0.391670 0.911873
vn 0.146424 -0.394610 0.907107
vn 0.165944 -0.385990 0.907455
vn 0.818543 0.321627 0.475965
vn 0.813626 0.300946 0.497438
vn 0.237362 0.352161 0.905341
vn 0.223394 0.360020 0.905804
vn 0.219853 0.364362 0.904933
vn 0.196107 0.366033 0.909704
vn 0.180073 0.377220 0.908449
vn 0.179206 0.378646 0.908027
vn 0.155362 0.376866 0.913145
vn 0.139035 0.391002 0.909828
vn 0.137016 0.396579 0.907718
vn 0.114845 0.384137 0.916106
vn 0.099249 0.402338 0.910095
vn 0.095550 0.433631 0.896010
vn 0.073951 0.384496 0.920160
vn 0.059978 0.416766 0.907033
vn 0.075116 0.693104 0.716913
vn 0.744233 -0.400015 0.534888
vn 0.752970 -0.418612 0.507740
vn 0.737932 -0.446352 0.506188
vn 0.726431 -0.449558 0.519804
vn 0.716793 -0.433914 0.545827
vn 0.672721 -0.445275 0.590911
vn 0.699822 -0.448870 0.555667
vn 0.743247 -0.375791 0.553503
vn 0.723741 -0.411570 0.553904
vn 0.735218 -0.398785 0.548110
vn 0.669510 -0.430992 0.604981
vn 0.616401 -0.430396 0.659401
vn 0.639788 -0.451504 0.621944
vn 0.747252 -0.295002 0.595473
vn 0.759608 -0.317331 0.567712
vn 0.750128 -0.347170 0.562833
vn 0.743088 -0.355925 0.566690
vn 0.674531 -0.415972 0.609899
vn 0.694688 -0.395261 0.600980
vn 0.616534 -0.432483 0.657909
vn 0.576994 -0.445644 0.684455
vn 0.720718 -0.345310 0.601105
vn 0.702058 -0.367366 0.610047
vn 0.642712 -0.396621 0.655449
vn 0.622805 -0.415433 0.662970
vn 0.511718 -0.430197 0.743691
vn 0.545796 -0.436139 0.715465
vn 0.564737 -0.420583 0.710058
vn 0.431901 -0.441833 0.786286
vn 0.472294 -0.435987 0.766064
vn 0.186688 -0.379586 0.906125
vn 0.205868 -0.369795 0.906019
vn 0.181977 -0.383727 0.905339
vn 0.190115 -0.414477 0.889980
vn 0.235031 -0.407384 0.882496
vn 0.746939 -0.267185 0.608847
vn 0.726126 -0.316959 0.610145
vn 0.743466 -0.293291 0.601032
vn 0.650433 -0.370389 0.663136
vn 0.668977 -0.350242 0.655592
vn 0.588424 -0.392844 0.706704
vn 0.569090 -0.409794 0.712885
vn 0.476708 -0.427548 0.768083
vn 0.506523 -0.415386 0.755572
vn 0.395540 -0.432039 0.810487
vn 0.315412 -0.426239 0.847842
vn 0.232826 -0.410920 0.881440
vn 0.223648 -0.357635 0.906686
vn 0.208076 -0.369286 0.905722
vn 0.746599 -0.264988 0.610223
vn 0.756740 -0.207657 0.619857
vn 0.756768 -0.236412 0.609436
vn 0.691945 -0.302143 0.655684
vn 0.674851 -0.323531 0.663252
vn 0.614572 -0.350214 0.706860
vn 0.596469 -0.368466 0.713062
vn 0.513936 -0.398950 0.759413
vn 0.532398 -0.383804 0.754484
vn 0.425972 -0.410930 0.806030
vn 0.435433 -0.410841 0.801004
vn 0.448041 -0.402380 0.798342
vn 0.364429 -0.405482 0.838318
vn 0.339824 -0.407281 0.847727
vn 0.362125 -0.407037 0.838562
vn 0.241374 -0.345463 0.906859
vn 0.280275 -0.397840 0.873596
vn 0.281109 -0.397380 0.873537
vn 0.233818 -0.353436 0.905766
vn 0.263799 -0.396718 0.879218
vn 0.767763 -0.177077 0.615779
vn 0.757706 -0.210134 0.617840
vn 0.695944 -0.275078 0.663320
vn 0.711500 -0.252560 0.655729
vn 0.637682 -0.305867 0.706970
vn 0.620897 -0.325332 0.713194
vn 0.558064 -0.345062 0.754650
vn 0.540704 -0.361455 0.759598
vn 0.475219 -0.369437 0.798551
vn 0.457893 -0.382850 0.802347
vn 0.391804 -0.378736 0.838480
vn 0.375064 -0.389353 0.841268
vn 0.294802 -0.381257 0.876205
vn 0.259099 -0.333249 0.906539
vn 0.275138 -0.318850 0.906992
vn 0.310477 -0.373178 0.874267
vn 0.257844 -0.335111 0.906210
vn 0.775925 -0.118050 0.619681
vn 0.769468 -0.147692 0.621375
vn 0.763800 -0.154804 0.626614
vn 0.713604 -0.225276 0.663341
vn 0.727550 -0.201735 0.655725
vn 0.657643 -0.260011 0.707036
vn 0.642259 -0.280594 0.713282
vn 0.580965 -0.304627 0.754773
vn 0.564791 -0.322187 0.759742
vn 0.483686 -0.349264 0.802535
vn 0.500033 -0.334679 0.798722
vn 0.401521 -0.361495 0.841488
vn 0.417480 -0.349738 0.838686
vn 0.290485 -0.303803 0.907371
vn 0.335975 -0.349835 0.874492
vn 0.281046 -0.315754 0.906263
vn 0.320897 -0.358989 0.876443
vn 0.778287 -0.088462 0.621646
vn 0.769155 -0.100089 0.631176
vn 0.781152 -0.058851 0.621561
vn 0.727747 -0.174363 0.663312
vn 0.740016 -0.149910 0.655670
vn 0.660447 -0.234478 0.713323
vn 0.674357 -0.212878 0.707054
vn 0.586082 -0.281327 0.759844
vn 0.600990 -0.262688 0.754855
vn 0.507073 -0.313962 0.802686
vn 0.522360 -0.298277 0.798856
vn 0.425972 -0.331859 0.841676
vn 0.441071 -0.319020 0.838858
vn 0.305822 -0.288722 0.907255
vn 0.320505 -0.272955 0.907068
vn 0.302624 -0.294569 0.906448
vn 0.345385 -0.334944 0.876654
vn 0.359778 -0.324769 0.874692
vn 0.774423 -0.045635 0.631020
vn 0.783849 0.000973 0.620951
vn 0.784503 -0.029372 0.619429
vn 0.748837 -0.097346 0.655566
vn 0.738305 -0.122587 0.663233
vn 0.687743 -0.164694 0.707026
vn 0.675375 -0.187207 0.713318
vn 0.618040 -0.219457 0.754894
vn 0.604470 -0.239087 0.759904
vn 0.527940 -0.277113 0.802800
vn 0.542098 -0.260401 0.798950
vn 0.448296 -0.300590 0.841829
vn 0.462463 -0.286732 0.838996
vn 0.322398 -0.271728 0.906765
vn 0.333054 -0.255439 0.907649
vn 0.381777 -0.298104 0.874860
vn 0.368123 -0.309262 0.876836
vn 0.779655 0.009065 0.626144
vn 0.787807 0.030100 0.615187
vn 0.753970 -0.044294 0.655413
vn 0.745227 -0.070202 0.663105
vn 0.697735 -0.115693 0.706952
vn 0.686969 -0.139007 0.713267
vn 0.632034 -0.175143 0.754889
vn 0.619867 -0.195668 0.759920
vn 0.559144 -0.221245 0.799005
vn 0.546187 -0.238900 0.802874
vn 0.481549 -0.253029 0.839099
vn 0.468385 -0.267838 0.841949
vn 0.345531 -0.237957 0.907736
vn 0.401863 -0.269972 0.874998
vn 0.341160 -0.248032 0.906692
vn 0.389020 -0.282054 0.876988
vn 0.799422 0.304904 0.517646
vn 0.810091 0.299474 0.504052
vn 0.819532 0.269379 0.505769
vn 0.807405 0.252953 0.533021
vn 0.803076 0.200121 0.561266
vn 0.806663 0.169043 0.566321
vn 0.790271 0.149654 0.594201
vn 0.784274 0.064486 0.617054
vn 0.788386 0.090405 0.608502
vn 0.782852 0.062252 0.619086
vn 0.748477 -0.017458 0.662931
vn 0.755389 0.008986 0.655215
vn 0.695173 -0.090117 0.713171
vn 0.704284 -0.066115 0.706833
vn 0.632199 -0.151276 0.759895
vn 0.642903 -0.129958 0.754842
vn 0.561725 -0.199506 0.802909
vn 0.573416 -0.180996 0.799021
vn 0.486140 -0.233764 0.842034
vn 0.498237 -0.218077 0.839168
vn 0.358026 -0.220387 0.907330
vn 0.368158 -0.201400 0.907688
vn 0.419939 -0.240503 0.875106
vn 0.407972 -0.253448 0.877111
vn 0.357479 -0.222586 0.907009
vn 0.798331 0.253550 0.546242
vn 0.797848 0.210083 0.565069
vn 0.801805 0.229476 0.551769
vn 0.786231 0.148732 0.599766
vn 0.783883 0.120407 0.609122
vn 0.784640 0.122497 0.607729
vn 0.748039 0.035380 0.662711
vn 0.753089 0.062239 0.654968
vn 0.699946 -0.040775 0.713030
vn 0.707361 -0.016198 0.706667
vn 0.650594 -0.084127 0.754752
vn 0.641403 -0.106137 0.759827
vn 0.584848 -0.139845 0.798997
vn 0.574476 -0.159125 0.802905
vn 0.512449 -0.182046 0.839199
vn 0.501473 -0.198542 0.842084
vn 0.372665 -0.196458 0.906932
vn 0.377450 -0.181987 0.907971
vn 0.435915 -0.209846 0.875182
vn 0.424880 -0.223593 0.877202
vn 0.745928 0.311398 0.588747
vn 0.773199 0.309530 0.553493
vn 0.789520 0.268331 0.551957
vn 0.786980 0.291547 0.543750
vn 0.773877 0.204149 0.599531
vn 0.773756 0.175337 0.608736
vn 0.743919 0.088059 0.662443
vn 0.747081 0.115196 0.654676
vn 0.706948 0.033807 0.706457
vn 0.701268 0.008781 0.712843
vn 0.647438 -0.060462 0.759716
vn 0.655069 -0.037872 0.754620
vn 0.593381 -0.098002 0.798933
vn 0.584381 -0.117954 0.802861
vn 0.524111 -0.145113 0.839196
vn 0.514316 -0.162326 0.842098
vn 0.439664 -0.192634 0.877261
vn 0.386695 -0.162584 0.907763
vn 0.395103 -0.142741 0.907479
vn 0.385688 -0.169179 0.906986
vn 0.449710 -0.178156 0.875226
vn 0.757906 0.258162 0.599109
vn 0.759797 0.229424 0.608337
vn 0.736134 0.140322 0.662131
vn 0.737393 0.167607 0.654339
vn 0.703047 0.083663 0.706205
vn 0.699129 0.058309 0.712614
vn 0.650271 -0.014480 0.759565
vn 0.656306 0.008584 0.754446
vn 0.591389 -0.076189 0.802779
vn 0.598975 -0.055661 0.798831
vn 0.533169 -0.107456 0.839157
vn 0.524599 -0.125308 0.842077
vn 0.461265 -0.145570 0.875239
vn 0.396461 -0.140943 0.907168
vn 0.400899 -0.122010 0.907961
vn 0.452252 -0.160715 0.877291
vn 0.740048 0.298080 0.602891
vn 0.742099 0.282401 0.607897
vn 0.687836 0.307984 0.657288
vn 0.714818 0.324006 0.619722
vn 0.724071 0.219217 0.653961
vn 0.724720 0.191918 0.661777
vn 0.693539 0.107566 0.712343
vn 0.695678 0.133124 0.705911
vn 0.649890 0.031586 0.759371
vn 0.654301 0.055013 0.754230
vn 0.601601 -0.013036 0.798690
vn 0.595467 -0.034038 0.802658
vn 0.539579 -0.069257 0.839082
vn 0.532275 -0.087663 0.842021
vn 0.406657 -0.101289 0.907948
vn 0.470518 -0.112264 0.875220
vn 0.405994 -0.112260 0.906955
vn 0.462584 -0.127998 0.877287
vn 0.707184 0.269767 0.653541
vn 0.709738 0.242587 0.661381
vn 0.684528 0.156310 0.712031
vn 0.684878 0.181956 0.705574
vn 0.646297 0.077518 0.759138
vn 0.649062 0.101188 0.753976
vn 0.596595 0.008290 0.802499
vn 0.601249 0.029666 0.798511
vn 0.543309 -0.030704 0.838971
vn 0.537307 -0.049574 0.841928
vn 0.412625 -0.082768 0.907133
vn 0.412389 -0.080524 0.907442
vn 0.415419 -0.059196 0.907702
vn 0.477423 -0.078393 0.875170
vn 0.470608 -0.094637 0.877252
vn 0.652100 0.330647 0.682231
vn 0.688366 0.310000 0.655784
vn 0.691256 0.292090 0.660946
vn 0.670698 0.229909 0.705199
vn 0.672140 0.204312 0.711677
vn 0.640615 0.146883 0.753682
vn 0.639510 0.123083 0.758866
vn 0.597917 0.072245 0.798295
vn 0.594767 0.050600 0.802304
vn 0.539671 -0.011225 0.841801
vn 0.544341 0.008010 0.838826
vn 0.417509 -0.037783 0.907887
vn 0.481949 -0.044123 0.875088
vn 0.476284 -0.060800 0.877187
vn 0.417960 -0.053022 0.906917
vn 0.653207 0.276760 0.704787
vn 0.656433 0.251328 0.711287
vn 0.629002 0.191882 0.753351
vn 0.629560 0.168063 0.758557
vn 0.591626 0.114483 0.798043
vn 0.589994 0.092674 0.802072
vn 0.542669 0.046709 0.838647
vn 0.539353 0.027194 0.841641
vn 0.419558 -0.016390 0.907580
vn 0.420672 0.005113 0.907198
vn 0.484076 -0.009619 0.874973
vn 0.420868 -0.022939 0.906832
vn 0.479587 -0.026656 0.877089
vn 0.637484 0.297138 0.710861
vn 0.585102 0.328332 0.741521
vn 0.619675 0.327472 0.713278
vn 0.635279 0.308543 0.707970
vn 0.614278 0.235956 0.752986
vn 0.616497 0.212244 0.758211
vn 0.582401 0.156179 0.797758
vn 0.582295 0.134318 0.801805
vn 0.536357 0.065497 0.841446
vn 0.538303 0.085190 0.838435
vn 0.483792 0.024947 0.874828
vn 0.419030 0.026613 0.907582
vn 0.421337 0.007278 0.906875
vn 0.480502 0.007642 0.876960
vn 0.596513 0.278900 0.752587
vn 0.600382 0.255404 0.757832
vn 0.571711 0.175317 0.801505
vn 0.570291 0.197134 0.797438
vn 0.531262 0.123280 0.838190
vn 0.530695 0.103499 0.841220
vn 0.481096 0.059411 0.874652
vn 0.417354 0.048028 0.907474
vn 0.479023 0.041920 0.876801
vn 0.420480 0.037491 0.906527
vn 0.581300 0.297331 0.757420
vn 0.577173 0.314863 0.753480
vn 0.555354 0.237143 0.797085
vn 0.558295 0.215481 0.801171
vn 0.521585 0.160780 0.837914
vn 0.522400 0.141009 0.840961
vn 0.416626 0.067477 0.906570
vn 0.415634 0.069512 0.906872
vn 0.411192 0.090573 0.907038
vn 0.476001 0.093602 0.874449
vn 0.475153 0.076017 0.876613
vn 0.509022 0.355308 0.783998
vn 0.547533 0.341713 0.763833
vn 0.550251 0.332585 0.765905
vn 0.542111 0.254610 0.800806
vn 0.537666 0.276009 0.796702
vn 0.509312 0.197514 0.837609
vn 0.511504 0.177855 0.840673
vn 0.468538 0.127351 0.874216
vn 0.468920 0.109745 0.876396
vn 0.405832 0.111415 0.907131
vn 0.411468 0.097242 0.906222
vn 0.523232 0.292518 0.800413
vn 0.506555 0.324285 0.798900
vn 0.517305 0.313549 0.796293
vn 0.494508 0.233302 0.837277
vn 0.498067 0.213846 0.840356
vn 0.458733 0.160503 0.873958
vn 0.400446 0.132220 0.906731
vn 0.394131 0.152829 0.906258
vn 0.460341 0.142975 0.876153
vn 0.403909 0.126522 0.906008
vn 0.471472 0.352790 0.808241
vn 0.497288 0.326215 0.803921
vn 0.482151 0.248814 0.840013
vn 0.477242 0.267975 0.836917
vn 0.385244 0.172437 0.906561
vn 0.446644 0.192885 0.873673
vn 0.449473 0.175508 0.875883
vn 0.394017 0.155069 0.905927
vn 0.457601 0.301353 0.836533
vn 0.463835 0.282588 0.839644
vn 0.382882 0.183170 0.905456
vn 0.376335 0.192014 0.906368
vn 0.432324 0.224347 0.873364
vn 0.436358 0.207215 0.875588
vn 0.433898 0.334818 0.836438
vn 0.435862 0.332848 0.836204
vn 0.443209 0.314998 0.839251
vn 0.367379 0.211595 0.905682
vn 0.356001 0.229870 0.905772
vn 0.369006 0.210022 0.905387
vn 0.415844 0.254734 0.873032
vn 0.421064 0.237925 0.875269
vn 0.391738 0.362671 0.845583
vn 0.412062 0.339385 0.845590
vn 0.343831 0.247633 0.905791
vn 0.353976 0.236236 0.904927
vn 0.397286 0.283895 0.872678
vn 0.403666 0.267495 0.874929
vn 0.384246 0.295778 0.874568
vn 0.331657 0.265331 0.905319
vn 0.318684 0.282523 0.904777
vn 0.336863 0.261155 0.904611
vn 0.376738 0.311691 0.872306
vn 0.317803 0.284604 0.904435
vn 0.362903 0.322637 0.874189
vn 0.351823 0.341681 0.871479
vn 0.303617 0.297930 0.905016
vn 0.352553 0.341069 0.871423
vn 0.297732 0.307194 0.903874
vn 0.288549 0.313274 0.904765
vn 0.335437 0.343771 0.877100
vn 0.275504 0.327684 0.903726
vn 0.266539 0.375388 0.887717
vn 0.309246 0.359777 0.880299
vn 0.273444 0.328604 0.904018
vn 0.256493 0.341893 0.904058
vn 0.307761 0.363661 0.879223
vn 0.252665 0.346853 0.903246
vn -0.012616 0.004077 0.999912
vn -0.012616 0.004077 0.999912
vn -0.012628 0.004091 0.999912
vn -0.012618 0.004080 0.999912
vn -0.012628 0.004091 0.999912
vn -0.012622 0.004085 0.999912
vn -0.012626 0.004090 0.999912
vn -0.012622 0.004085 0.999912
vn -0.012618 0.004080 0.999912
vn -0.012622 0.004080 0.999912
vn -0.012628 0.004090 0.999912
vn -0.012628 0.004090 0.999912
vn -0.012633 0.004098 0.999912
vn -0.012626 0.004090 0.999912
vn -0.012615 0.004079 0.999912
vn -0.012615 0.004079 0.999912
vn -0.012623 0.004086 0.999912
vn -0.012614 0.004073 0.999912
vn -0.012626 0.004087 0.999912
vn -0.012626 0.004087 0.999912
vn -0.012615 0.004076 0.999912
vn -0.012624 0.004089 0.999912
vn -0.012629 0.004090 0.999912
vn -0.012626 0.004086 0.999912
vn -0.012613 0.004078 0.999912
vn -0.012622 0.004083 0.999912
vn -0.012622 0.004084 0.999912
vn -0.012622 0.004083 0.999912
vn -0.012608 0.004076 0.999912
vn -0.012623 0.004094 0.999912
vn -0.012622 0.004088 0.999912
vn -0.012631 0.004089 0.999912
vn -0.012627 0.004086 0.999912
vn -0.012621 0.004083 0.999912
vn -0.012612 0.004078 0.999912
vn -0.012629 0.004090 0.999912
vn -0.012618 0.004071 0.999912
vn -0.012624 0.004090 0.999912
vn -0.012622 0.004080 0.999912
vn -0.012639 0.004095 0.999912
vn -0.012621 0.004084 0.999912
vn -0.012624 0.004095 0.999912
vn -0.012624 0.004085 0.999912
vn -0.012615 0.004079 0.999912
vn -0.012621 0.004074 0.999912
vn -0.012624 0.004084 0.999912
vn -0.012619 0.004081 0.999912
vn -0.012624 0.004083 0.999912
vn -0.012625 0.004092 0.999912
vn -0.012624 0.004087 0.999912
vn -0.012626 0.004084 0.999912
vn -0.012621 0.004082 0.999912
vn -0.012621 0.004082 0.999912
vn -0.012625 0.004093 0.999912
vn -0.012623 0.004083 0.999912
vn -0.012605 0.004081 0.999912
vn -0.012623 0.004084 0.999912
vn -0.012623 0.004089 0.999912
vn -0.012637 0.004087 0.999912
vn -0.012622 0.004082 0.999912
vn -0.012623 0.004074 0.999912
vn -0.012624 0.004080 0.999912
vn -0.012621 0.004082 0.999912
vn -0.012626 0.004083 0.999912
vn -0.012623 0.004083 0.999912
vn -0.012623 0.004088 0.999912
vn -0.012631 0.004086 0.999912
vn -0.012615 0.004082 0.999912
vn -0.012625 0.004077 0.999912
vn -0.012622 0.004093 0.999912
vn -0.012622 0.004087 0.999912
vn -0.012622 0.004086 0.999912
vn -0.012622 0.004086 0.999912
vn -0.012627 0.004072 0.999912
vn -0.012619 0.004086 0.999912
vn -0.012614 0.004085 0.999912
vn -0.012620 0.004099 0.999912
vn -0.012622 0.004078 0.999912
vn -0.012626 0.004084 0.999912
vn -0.012636 0.004085 0.999912
vn -0.012620 0.004086 0.999912
vn -0.012618 0.004096 0.999912
vn -0.012623 0.004087 0.999912
vn -0.012613 0.004086 0.999912
vn -0.012624 0.004086 0.999912
vn -0.012626 0.004075 0.999912
vn -0.012618 0.004084 0.999912
vn -0.012628 0.004083 0.999912
vn -0.012625 0.004082 0.999912
vn -0.012628 0.004072 0.999912
vn -0.012637 0.004082 0.999912
vn -0.012622 0.004083 0.999912
vn -0.012622 0.004084 0.999912
vn -0.012622 0.004084 0.999912
vn -0.012624 0.004086 0.999912
vn -0.012624 0.004086 0.999912
vn -0.012623 0.004082 0.999912
vn -0.012620 0.004092 0.999912
vn -0.012621 0.004085 0.999912
vn -0.012631 0.004083 0.999912
vn -0.012625 0.004078 0.999912
vn -0.012619 0.004093 0.999912
vn -0.012613 0.004086 0.999912
vn -0.012629 0.004079 0.999912
vn -0.012623 0.004084 0.999912
vn -0.012626 0.004076 0.999912
vn -0.012622 0.004086 0.999912
vn -0.012621 0.004085 0.999912
vn -0.012620 0.004088 0.999912
vn -0.012623 0.004084 0.999912
vn -0.012612 0.004088 0.999912
vn -0.012622 0.004085 0.999912
vn -0.012621 0.004085 0.999912
vn -0.012618 0.004089 0.999912
vn -0.012628 0.004080 0.999912
vn -0.012623 0.004082 0.999912
vn -0.012619 0.004089 0.999912
vn -0.012625 0.004080 0.999912
vn -0.012622 0.004083 0.999912
vn -0.012611 0.004094 0.999912
vn -0.012627 0.004082 0.999912
vn -0.012630 0.004078 0.999912
vn -0.012622 0.004085 0.999912
vn -0.012631 0.004080 0.999912
vn -0.012615 0.004090 0.999912
vn -0.012624 0.004085 0.999912
vn -0.012616 0.004091 0.999912
vn -0.012623 0.004083 0.999912
vn -0.012622 0.004085 0.999912
vn -0.012631 0.004080 0.999912
vn -0.012631 0.004078 0.999912
vn -0.012627 0.004081 0.999912
vn -0.012624 0.004085 0.999912
vn -0.012610 0.004091 0.999912
vn -0.012623 0.004082 0.999912
vn -0.012619 0.004089 0.999912
vn -0.012625 0.004080 0.999912
vn -0.012616 0.004089 0.999912
vn -0.012621 0.004085 0.999912
vn -0.012618 0.004089 0.999912
vn -0.012626 0.004083 0.999912
vn -0.012622 0.004085 0.999912
vn -0.012620 0.004088 0.999912
vn -0.012623 0.004084 0.999912
vn -0.012628 0.004078 0.999912
vn -0.012630 0.004080 0.999912
vn -0.012620 0.004083 0.999912
vn -0.012621 0.004085 0.999912
vn -0.012613 0.004086 0.999912
vn -0.012623 0.004084 0.999912
vn -0.012625 0.004078 0.999912
vn -0.012619 0.004093 0.999912
vn -0.012621 0.004085 0.999912
vn -0.012631 0.004083 0.999912
vn -0.012623 0.004082 0.999912
vn -0.012622 0.004084 0.999912
vn -0.012620 0.004092 0.999912
vn -0.012624 0.004086 0.999912
vn -0.012624 0.004086 0.999912
vn -0.012622 0.004084 0.999912
vn -0.012622 0.004086 0.999912
vn -0.012622 0.004086 0.999912
vn -0.012623 0.004081 0.999912
vn -0.012617 0.004094 0.999912
vn -0.012621 0.004086 0.999912
vn -0.012628 0.004083 0.999912
vn -0.012634 0.004083 0.999912
vn -0.012622 0.004085 0.999912
vn -0.012629 0.004068 0.999912
vn -0.012623 0.004087 0.999912
vn -0.012613 0.004086 0.999912
vn -0.012621 0.004081 0.999912
vn -0.012621 0.004087 0.999912
vn -0.012606 0.004086 0.999912
vn -0.012620 0.004099 0.999912
vn -0.012627 0.004072 0.999912
vn -0.012622 0.004078 0.999912
vn -0.012629 0.004084 0.999912
vn -0.012639 0.004085 0.999912
vn -0.012619 0.004091 0.999912
vn -0.012622 0.004086 0.999912
vn -0.012615 0.004085 0.999912
vn -0.012622 0.004086 0.999912
vn -0.012622 0.004087 0.999912
vn -0.012622 0.004077 0.999912
vn -0.012631 0.004083 0.999912
vn -0.012623 0.004083 0.999912
vn -0.012623 0.004088 0.999912
vn -0.012610 0.004082 0.999912
vn -0.012620 0.004085 0.999912
vn -0.012623 0.004074 0.999912
vn -0.012624 0.004080 0.999912
vn -0.012617 0.004083 0.999912
vn -0.012622 0.004085 0.999912
vn -0.012623 0.004089 0.999912
vn -0.012623 0.004084 0.999912
vn -0.012626 0.004083 0.999912
vn -0.012635 0.004087 0.999912
vn -0.012622 0.004093 0.999912
vn -0.012623 0.004098 0.999912
vn -0.012619 0.004082 0.999912
vn -0.012626 0.004084 0.999912
vn -0.012621 0.004082 0.999912
vn -0.012624 0.004087 0.999912
vn -0.012622 0.004077 0.999912
vn -0.012624 0.004083 0.999912
vn -0.012621 0.004074 0.999912
vn -0.012624 0.004084 0.999912
vn -0.012615 0.004079 0.999912
vn -0.012624 0.004085 0.999912
vn -0.012623 0.004090 0.999912
vn -0.012625 0.004094 0.999912
vn -0.012620 0.004070 0.999912
vn -0.012621 0.004084 0.999912
vn -0.012630 0.004088 0.999912
vn -0.012621 0.004084 0.999912
vn -0.012621 0.004081 0.999912
vn -0.012630 0.004088 0.999912
vn -0.012614 0.004079 0.999912
vn -0.012620 0.004083 0.999912
vn -0.012623 0.004094 0.999912
vn -0.012622 0.004088 0.999912
vn -0.012614 0.004079 0.999912
vn -0.012626 0.004086 0.999912
vn -0.012622 0.004084 0.999912
vn -0.012622 0.004083 0.999912
vn -0.012626 0.004086 0.999912
vn -0.012622 0.004083 0.999912
vn -0.012629 0.004090 0.999912
vn -0.012626 0.004086 0.999912
vn -0.012624 0.004089 0.999912
vn -0.012627 0.004093 0.999912
vn -0.012626 0.004087 0.999912
vn -0.012626 0.004087 0.999912
vn -0.012623 0.004086 0.999912
vn -0.012623 0.004086 0.999912
vn -0.012615 0.004079 0.999912
vn -0.012628 0.004090 0.999912
vn -0.012615 0.004079 0.999912
vn -0.012619 0.004077 0.999912
vn -0.012622 0.004081 0.999912
vn -0.012628 0.004090 0.999912
vn -0.012620 0.004081 0.999912
vn -0.012627 0.004089 0.999912
vn -0.012618 0.004080 0.999912
vn -0.012628 0.004091 0.999912
vn -0.012618 0.004080 0.999912
vn -0.012622 0.004085 0.999912
vn -0.012622 0.004085 0.999912
vn -0.012616 0.004077 0.999912
vn -0.012628 0.004091 0.999912
vn -0.012616 0.004077 0.999912
vn -0.995273 0.096253 -0.012957
vn -0.995272 0.096254 -0.012958
vn -0.995273 0.096254 -0.012958
vn -0.995272 0.096254 -0.012957
vn -0.995272 0.096256 -0.012959
vn -0.995272 0.096255 -0.012958
vn -0.995273 0.096253 -0.012956
vn -0.995273 0.096253 -0.012957
vn -0.995273 0.096252 -0.012956
vn -0.995273 0.096252 -0.012955
vn -0.995272 0.096254 -0.012957
vn -0.995272 0.096255 -0.012957
vn -0.995272 0.096255 -0.012958
vn -0.995272 0.096255 -0.012958
vn -0.995273 0.096252 -0.012955
vn -0.995273 0.096254 -0.012957
vn -0.995273 0.096254 -0.012957
vn -0.995273 0.096254 -0.012958
vn -0.995272 0.096256 -0.012959
vn -0.995273 0.096252 -0.012956
vn -0.995272 0.096255 -0.012958
vn -0.995273 0.096253 -0.012955
vn -0.995272 0.096255 -0.012959
vn -0.995272 0.096254 -0.012958
vn -0.995272 0.096256 -0.012960
vn -0.995273 0.096254 -0.012957
vn -0.995272 0.096256 -0.012959
vn -0.995273 0.096253 -0.012957
vn -0.995272 0.096254 -0.012958
vn -0.995273 0.096252 -0.012955
vn -0.995273 0.096253 -0.012957
vn -0.995273 0.096252 -0.012956
vn -0.995273 0.096252 -0.012954
vn -0.995272 0.096256 -0.012960
vn -0.995272 0.096254 -0.012957
vn -0.995273 0.096253 -0.012957
vn -0.995272 0.096256 -0.012961
vn -0.995273 0.096253 -0.012955
vn -0.995272 0.096255 -0.012957
vn -0.995272 0.096254 -0.012957
vn -0.995273 0.096254 -0.012958
vn -0.995273 0.096254 -0.012958
vn -0.995272 0.096254 -0.012957
vn -0.995272 0.096256 -0.012958
vn -0.995273 0.096253 -0.012957
vn -0.995272 0.096254 -0.012958
vn -0.995273 0.096253 -0.012957
vn -0.995272 0.096255 -0.012958
vn -0.995272 0.096254 -0.012957
vn -0.995273 0.096253 -0.012954
vn -0.995273 0.096252 -0.012956
vn -0.995273 0.096253 -0.012957
vn -0.995272 0.096254 -0.012958
vn -0.995272 0.096254 -0.012956
vn -0.995272 0.096254 -0.012957
vn -0.995272 0.096257 -0.012958
vn -0.995272 0.096255 -0.012960
vn -0.995272 0.096254 -0.012958
vn -0.995272 0.096257 -0.012958
vn -0.995273 0.096252 -0.012957
vn -0.995272 0.096254 -0.012956
vn -0.995272 0.096255 -0.012959
vn -0.995273 0.096250 -0.012957
vn -0.995273 0.096254 -0.012957
vn -0.995272 0.096255 -0.012958
vn -0.995273 0.096253 -0.012957
vn -0.995272 0.096254 -0.012955
vn -0.995273 0.096251 -0.012957
vn -0.995272 0.096259 -0.012958
vn -0.995272 0.096254 -0.012957
vn -0.995272 0.096255 -0.012957
vn -0.995273 0.096251 -0.012957
vn -0.995272 0.096254 -0.012958
vn -0.995272 0.096255 -0.012957
vn -0.995272 0.096257 -0.012957
vn -0.995272 0.096255 -0.012959
vn -0.995272 0.096254 -0.012957
vn -0.995273 0.096253 -0.012957
vn -0.995273 0.096252 -0.012954
vn -0.995272 0.096255 -0.012958
vn -0.995273 0.096251 -0.012958
vn -0.995272 0.096255 -0.012959
vn -0.995273 0.096253 -0.012958
vn -0.995272 0.096257 -0.012957
vn -0.995272 0.096255 -0.012959
vn -0.995273 0.096253 -0.012958
vn -0.995273 0.096252 -0.012958
vn -0.995272 0.096254 -0.012958
vn -0.995272 0.096256 -0.012957
vn -0.995272 0.096255 -0.012957
vn -0.995273 0.096249 -0.012952
vn -0.995273 0.096253 -0.012958
vn -0.995272 0.096255 -0.012957
vn -0.995273 0.096252 -0.012958
vn -0.995273 0.096253 -0.012958
vn -0.995272 0.096256 -0.012956
vn -0.995272 0.096255 -0.012957
vn -0.995273 0.096254 -0.012958
vn -0.995273 0.096252 -0.012959
vn -0.995272 0.096254 -0.012958
vn -0.995273 0.096253 -0.012959
vn -0.995272 0.096256 -0.012957
vn -0.995272 0.096254 -0.012957
vn -0.995272 0.096255 -0.012956
vn -0.995273 0.096253 -0.012959
vn -0.995273 0.096253 -0.012958
vn -0.995272 0.096254 -0.012957
vn -0.995272 0.096254 -0.012957
vn -0.995273 0.096254 -0.012958
vn -0.995273 0.096252 -0.012959
vn -0.995272 0.096257 -0.012955
vn -0.995273 0.096250 -0.012960
vn -0.995272 0.096254 -0.012957
vn -0.995272 0.096256 -0.012956
vn -0.995272 0.096254 -0.012957
vn -0.995273 0.096253 -0.012958
vn -0.995272 0.096254 -0.012957
vn -0.995272 0.096255 -0.012956
vn -0.995272 0.096255 -0.012957
vn -0.995272 0.096254 -0.012957
vn -0.995272 0.096254 -0.012958
vn -0.995272 0.096255 -0.012957
vn -0.995272 0.096256 -0.012956
vn -0.995273 0.096254 -0.012958
vn -0.995273 0.096253 -0.012958
vn -0.995272 0.096254 -0.012957
vn -0.995273 0.096253 -0.012958
vn -0.995273 0.096253 -0.012958
vn -0.995272 0.096254 -0.012958
vn -0.995272 0.096255 -0.012954
vn -0.995272 0.096255 -0.012957
vn -0.995273 0.096254 -0.012957
vn -0.995272 0.096254 -0.012959
vn -0.995272 0.096255 -0.012955
vn -0.995273 0.096254 -0.012959
vn -0.995272 0.096254 -0.012957
vn -0.995272 0.096253 -0.012958
vn -0.995273 0.096252 -0.012959
vn -0.995273 0.096254 -0.012957
vn -0.995273 0.096252 -0.012961
vn -0.995273 0.096254 -0.012957
vn -0.995272 0.096255 -0.012957
vn -0.995273 0.096251 -0.012959
vn -0.995273 0.096254 -0.012958
vn -0.995272 0.096254 -0.012957
vn -0.995272 0.096254 -0.012957
vn -0.995273 0.096254 -0.012957
vn -0.995272 0.096255 -0.012953
vn -0.995273 0.096254 -0.012957
vn -0.995273 0.096253 -0.012958
vn -0.995273 0.096253 -0.012958
vn -0.995272 0.096256 -0.012957
vn -0.995273 0.096252 -0.012958
vn -0.995272 0.096253 -0.012958
vn -0.995273 0.096253 -0.012958
vn -0.995272 0.096254 -0.012956
vn -0.995273 0.096254 -0.012956
vn -0.995273 0.096252 -0.012958
vn -0.995272 0.096254 -0.012957
vn -0.995273 0.096253 -0.012961
vn -0.995272 0.096253 -0.012960
vn -0.995272 0.096254 -0.012957
vn -0.995273 0.096254 -0.012957
vn -0.995272 0.096255 -0.012956
vn -0.995272 0.096258 -0.012952
vn -0.995273 0.096254 -0.012957
vn -0.995272 0.096254 -0.012959
vn -0.995272 0.096255 -0.012953
vn -0.995273 0.096252 -0.012961
vn -0.995273 0.096253 -0.012958
vn -0.995273 0.096245 -0.012966
vn -0.995272 0.096257 -0.012956
vn -0.995272 0.096254 -0.012957
vn -0.995272 0.096254 -0.012957
vn -0.995273 0.096253 -0.012958
vn -0.995272 0.096254 -0.012957
vn -0.995273 0.096250 -0.012958
vn -0.995272 0.096254 -0.012957
vn -0.995272 0.096255 -0.012957
vn -0.995272 0.096257 -0.012957
vn -0.995272 0.096254 -0.012957
vn -0.995273 0.096250 -0.012958
vn -0.995272 0.096254 -0.012957
vn -0.995272 0.096256 -0.012957
vn -0.995272 0.096255 -0.012957
vn -0.995273 0.096252 -0.012957
vn -0.995273 0.096253 -0.012957
vn -0.995273 0.096253 -0.012957
vn -0.995272 0.096254 -0.012957
vn -0.995272 0.096256 -0.012958
vn -0.995272 0.096255 -0.012957
vn -0.995273 0.096253 -0.012957
vn -0.995273 0.096251 -0.012957
vn -0.995272 0.096257 -0.012958
vn -0.995273 0.096253 -0.012957
vn -0.995272 0.096255 -0.012958
vn -0.995273 0.096253 -0.012957
vn -0.995272 0.096254 -0.012957
vn -0.995273 0.096252 -0.012957
vn -0.995272 0.096257 -0.012959
vn -0.995272 0.096254 -0.012957
vn -0.995273 0.096251 -0.012956
vn -0.995273 0.096253 -0.012957
vn -0.995272 0.096254 -0.012957
vn -0.995272 0.096256 -0.012958
vn -0.995272 0.096254 -0.012957
vn -0.995273 0.096254 -0.012957
vn -0.995273 0.096253 -0.012957
vn -0.995272 0.096254 -0.012957
vn -0.995272 0.096255 -0.012958
vn -0.995272 0.096255 -0.012958
vn -0.995273 0.096253 -0.012957
vn -0.995273 0.096252 -0.012956
vn -0.995273 0.096249 -0.012955
vn -0.995272 0.096256 -0.012958
vn -0.995273 0.096251 -0.012956
vn -0.995272 0.096255 -0.012958
vn -0.995272 0.096255 -0.012958
vn -0.995272 0.096256 -0.012959
vn -0.995273 0.096251 -0.012955
vn -0.995272 0.096255 -0.012958
vn -0.995272 0.096256 -0.012959
vn -0.995272 0.096254 -0.012957
vn 0.096298 0.995348 -0.002850
vn 0.096298 0.995349 -0.002850
vn 0.096298 0.995349 -0.002850
vn 0.096298 0.995349 -0.002850
vn 0.096299 0.995348 -0.002850
vn 0.096299 0.995348 -0.002850
vn 0.096298 0.995348 -0.002850
vn 0.096299 0.995348 -0.002850
vn 0.096298 0.995349 -0.002850
vn 0.096299 0.995348 -0.002850
vn 0.096299 0.995348 -0.002850
vn 0.096299 0.995348 -0.002850
vn 0.096298 0.995348 -0.002850
vn 0.096298 0.995349 -0.002850
vn 0.096298 0.995349 -0.002850
vn 0.096298 0.995349 -0.002851
vn 0.096299 0.995348 -0.002849
vn 0.096298 0.995349 -0.002850
vn 0.096299 0.995348 -0.002850
vn 0.096299 0.995348 -0.002849
vn 0.096298 0.995348 -0.002851
vn 0.096298 0.995349 -0.002850
vn 0.096298 0.995349 -0.002850
vn 0.096299 0.995348 -0.002850
vn 0.096299 0.995348 -0.002850
vn 0.096298 0.995348 -0.002850
vn 0.096298 0.995348 -0.002850
vn 0.096299 0.995348 -0.002850
vn 0.096299 0.995348 -0.002850
vn 0.096299 0.995348 -0.002849
vn 0.096298 0.995348 -0.002850
vn 0.096298 0.995348 -0.002850
vn 0.096298 0.995348 -0.002850
vn 0.096298 0.995348 -0.002850
vn 0.096298 0.995349 -0.002850
vn 0.096298 0.995348 -0.002850
vn 0.096298 0.995348 -0.002850
vn 0.096298 0.995349 -0.002850
vn 0.096298 0.995348 -0.002850
vn 0.096298 0.995348 -0.002850
vn 0.096299 0.995348 -0.002850
vn 0.096299 0.995348 -0.002850
vn 0.096298 0.995349 -0.002849
vn 0.096298 0.995348 -0.002850
vn 0.096298 0.995349 -0.002850
vn 0.096298 0.995348 -0.002850
vn 0.096298 0.995348 -0.002850
vn 0.096298 0.995348 -0.002850
vn 0.096299 0.995348 -0.002851
vn 0.096299 0.995348 -0.002850
vn 0.096298 0.995348 -0.002850
vn 0.096298 0.995348 -0.002850
vn 0.096298 0.995348 -0.002849
vn 0.096299 0.995348 -0.002850
vn 0.096298 0.995349 -0.002850
vn 0.096298 0.995349 -0.002850
vn 0.096298 0.995349 -0.002850
vn 0.096298 0.995348 -0.002850
vn 0.096299 0.995348 -0.002850
vn 0.096299 0.995348 -0.002850
vn 0.096299 0.995348 -0.002850
vn 0.096298 0.995348 -0.002850
vn 0.096298 0.995348 -0.002850
vn 0.096298 0.995349 -0.002850
vn 0.096299 0.995348 -0.002850
vn 0.096299 0.995348 -0.002850
vn 0.096299 0.995348 -0.002850
vn 0.096298 0.995348 -0.002850
vn 0.096299 0.995348 -0.002850
vn 0.096298 0.995348 -0.002850
vn 0.096298 0.995348 -0.002850
vn 0.096298 0.995348 -0.002850
vn 0.096298 0.995348 -0.002850
vn 0.096298 0.995348 -0.002850
vn 0.096299 0.995348 -0.002850
vn 0.096299 0.995348 -0.002850
vn 0.096298 0.995348 -0.002850
vn 0.096298 0.995349 -0.002850
vn 0.096299 0.995348 -0.002850
vn 0.096298 0.995349 -0.002850
vn 0.096298 0.995349 -0.002850
vn 0.096299 0.995348 -0.002850
vn 0.096299 0.995348 -0.002851
vn 0.096298 0.995348 -0.002850
vn 0.096298 0.995349 -0.002850
vn 0.096298 0.995348 -0.002850
vn 0.096298 0.995348 -0.002850
vn 0.096298 0.995349 -0.002850
vn 0.096298 0.995348 -0.002850
vn 0.096299 0.995348 -0.002850
vn 0.096299 0.995348 -0.002850
vn 0.096298 0.995348 -0.002850
vn 0.096298 0.995349 -0.002850
vn 0.096299 0.995348 -0.002850
vn 0.096298 0.995348 -0.002850
vn 0.096298 0.995348 -0.002850
vn 0.096299 0.995348 -0.002850
vn 0.096298 0.995348 -0.002850
vn 0.096298 0.995348 -0.002850
vn 0.096298 0.995348 -0.002850
vn 0.096298 0.995348 -0.002850
vn 0.096298 0.995348 -0.002850
vn 0.096298 0.995348 -0.002850
vn 0.096298 0.995348 -0.002850
vn 0.096298 0.995348 -0.002851
vn 0.096299 0.995348 -0.002849
vn 0.096298 0.995348 -0.002851
vn 0.096299 0.995348 -0.002849
vn 0.096298 0.995348 -0.002850
vn 0.096298 0.995348 -0.002850
vn -0.096298 -0.995348 0.002850
vn -0.096298 -0.995348 0.002850
vn -0.096299 -0.995348 0.002849
vn -0.096299 -0.995348 0.002850
vn -0.096298 -0.995349 0.002851
vn -0.096299 -0.995348 0.002850
vn -0.096298 -0.995348 0.002850
vn -0.096299 -0.995348 0.002850
vn -0.096299 -0.995348 0.002849
vn -0.096298 -0.995349 0.002850
vn -0.096298 -0.995349 0.002851
vn -0.096298 -0.995349 0.002851
vn -0.096299 -0.995348 0.002850
vn -0.096298 -0.995349 0.002850
vn -0.096299 -0.995348 0.002850
vn -0.096298 -0.995348 0.002850
vn -0.096298 -0.995348 0.002850
vn -0.096299 -0.995348 0.002850
vn -0.096298 -0.995349 0.002850
vn -0.096298 -0.995348 0.002850
vn -0.096298 -0.995348 0.002850
vn -0.096298 -0.995348 0.002850
vn -0.096299 -0.995348 0.002850
vn -0.096298 -0.995348 0.002850
vn -0.096299 -0.995348 0.002850
vn -0.096298 -0.995348 0.002850
vn -0.096298 -0.995349 0.002850
vn -0.096298 -0.995349 0.002850
vn -0.096298 -0.995348 0.002850
vn -0.096298 -0.995348 0.002850
vn -0.096298 -0.995348 0.002850
vn -0.096298 -0.995348 0.002850
vn -0.096298 -0.995348 0.002850
vn -0.096298 -0.995349 0.002850
vn -0.096299 -0.995348 0.002850
vn -0.096298 -0.995348 0.002850
vn -0.096298 -0.995348 0.002850
vn -0.096299 -0.995348 0.002850
vn -0.096298 -0.995349 0.002850
vn -0.096298 -0.995348 0.002850
vn -0.096298 -0.995348 0.002850
vn -0.096299 -0.995348 0.002850
vn -0.096298 -0.995349 0.002849
vn -0.096298 -0.995348 0.002850
vn -0.096299 -0.995348 0.002850
vn -0.096298 -0.995348 0.002850
vn -0.096298 -0.995348 0.002850
vn -0.096298 -0.995348 0.002850
vn -0.096298 -0.995348 0.002850
vn -0.096298 -0.995348 0.002850
vn -0.096299 -0.995348 0.002850
vn -0.096298 -0.995348 0.002850
vn -0.096298 -0.995349 0.002850
vn -0.096298 -0.995349 0.002850
vn -0.096299 -0.995348 0.002850
vn -0.096298 -0.995348 0.002851
vn -0.096298 -0.995349 0.002850
vn -0.096298 -0.995348 0.002850
vn -0.096298 -0.995348 0.002850
vn -0.096299 -0.995348 0.002850
vn -0.096299 -0.995348 0.002850
vn -0.096298 -0.995348 0.002850
vn -0.096299 -0.995348 0.002850
vn -0.096298 -0.995348 0.002850
vn -0.096298 -0.995349 0.002850
vn -0.096298 -0.995348 0.002850
vn -0.096299 -0.995348 0.002850
vn -0.096299 -0.995348 0.002850
vn -0.096298 -0.995349 0.002850
vn -0.096299 -0.995348 0.002850
vn -0.096298 -0.995348 0.002850
vn -0.096299 -0.995348 0.002850
vn -0.096298 -0.995349 0.002850
vn -0.096298 -0.995348 0.002850
vn -0.096298 -0.995348 0.002850
vn -0.096299 -0.995348 0.002850
vn -0.096298 -0.995349 0.002850
vn -0.096299 -0.995348 0.002850
vn -0.096298 -0.995348 0.002850
vn -0.096298 -0.995348 0.002850
vn -0.096299 -0.995348 0.002850
vn -0.096299 -0.995348 0.002850
vn -0.096298 -0.995349 0.002850
vn -0.096298 -0.995348 0.002850
vn -0.096298 -0.995348 0.002850
vn -0.096299 -0.995348 0.002850
vn -0.096299 -0.995348 0.002850
vn -0.096298 -0.995348 0.002850
vn -0.096298 -0.995348 0.002850
vn -0.096299 -0.995348 0.002851
vn -0.096298 -0.995349 0.002850
vn -0.096298 -0.995348 0.002850
vn -0.096298 -0.995348 0.002850
vn -0.096299 -0.995348 0.002850
vn -0.096298 -0.995348 0.002850
vn -0.096298 -0.995349 0.002850
vn -0.096299 -0.995348 0.002851
vn -0.096298 -0.995348 0.002850
vn -0.096298 -0.995349 0.002849
vn -0.096298 -0.995348 0.002850
vn -0.096299 -0.995348 0.002851
vn -0.096298 -0.995348 0.002850
vn -0.096298 -0.995348 0.002850
vn -0.096298 -0.995348 0.002850
vn -0.096299 -0.995348 0.002849
vn -0.096298 -0.995349 0.002851
vn -0.096299 -0.995348 0.002849
vn -0.096298 -0.995349 0.002851
vn -0.096298 -0.995348 0.002850
vn -0.096298 -0.995348 0.002850
vn 0.995272 -0.096256 0.012955
vn 0.995273 -0.096253 0.012958
vn 0.995273 -0.096254 0.012958
vn 0.995273 -0.096252 0.012958
vn 0.995272 -0.096255 0.012956
vn 0.995273 -0.096252 0.012959
vn 0.995272 -0.096254 0.012957
vn 0.995272 -0.096254 0.012957
vn 0.995272 -0.096254 0.012957
vn 0.995272 -0.096254 0.012957
vn 0.995272 -0.096254 0.012957
vn 0.995272 -0.096255 0.012956
vn 0.995273 -0.096250 0.012959
vn 0.995273 -0.096252 0.012958
vn 0.995273 -0.096253 0.012958
vn 0.995273 -0.096254 0.012957
vn 0.995272 -0.096254 0.012957
vn 0.995272 -0.096255 0.012957
vn 0.995272 -0.096259 0.012955
vn 0.995273 -0.096254 0.012957
vn 0.995272 -0.096255 0.012957
vn 0.995272 -0.096254 0.012957
vn 0.995272 -0.096258 0.012962
vn 0.995272 -0.096254 0.012957
vn 0.995272 -0.096256 0.012957
vn 0.995272 -0.096254 0.012958
vn 0.995273 -0.096252 0.012958
vn 0.995273 -0.096252 0.012958
vn 0.995272 -0.096255 0.012959
vn 0.995272 -0.096255 0.012957
vn 0.995273 -0.096253 0.012958
vn 0.995273 -0.096250 0.012952
vn 0.995273 -0.096254 0.012957
vn 0.995273 -0.096254 0.012957
vn 0.995272 -0.096256 0.012960
vn 0.995272 -0.096255 0.012957
vn 0.995272 -0.096254 0.012957
vn 0.995273 -0.096252 0.012953
vn 0.995272 -0.096254 0.012957
vn 0.995272 -0.096255 0.012957
vn 0.995273 -0.096253 0.012957
vn 0.995273 -0.096252 0.012957
vn 0.995272 -0.096254 0.012957
vn 0.995273 -0.096253 0.012957
vn 0.995273 -0.096252 0.012957
vn 0.995272 -0.096255 0.012957
vn 0.995272 -0.096254 0.012960
vn 0.995273 -0.096254 0.012956
vn 0.995272 -0.096255 0.012957
vn 0.995273 -0.096251 0.012957
vn 0.995273 -0.096254 0.012956
vn 0.995273 -0.096254 0.012954
vn 0.995272 -0.096257 0.012957
vn 0.995273 -0.096254 0.012957
vn 0.995272 -0.096254 0.012960
vn 0.995272 -0.096254 0.012958
vn 0.995273 -0.096252 0.012957
vn 0.995273 -0.096253 0.012957
vn 0.995273 -0.096254 0.012958
vn 0.995273 -0.096254 0.012958
vn 0.995272 -0.096255 0.012957
vn 0.995273 -0.096251 0.012957
vn 0.995272 -0.096254 0.012958
vn 0.995272 -0.096254 0.012959
vn 0.995273 -0.096253 0.012957
vn 0.995272 -0.096256 0.012958
vn 0.995273 -0.096253 0.012957
vn 0.995273 -0.096253 0.012954
vn 0.995272 -0.096255 0.012957
vn 0.995273 -0.096252 0.012957
vn 0.995272 -0.096255 0.012959
vn 0.995272 -0.096254 0.012957
vn 0.995272 -0.096254 0.012957
vn 0.995272 -0.096258 0.012958
vn 0.995273 -0.096254 0.012957
vn 0.995272 -0.096254 0.012957
vn 0.995272 -0.096254 0.012957
vn 0.995273 -0.096252 0.012957
vn 0.995272 -0.096254 0.012958
vn 0.995272 -0.096254 0.012958
vn 0.995273 -0.096253 0.012957
vn 0.995273 -0.096253 0.012957
vn 0.995272 -0.096254 0.012958
vn 0.995273 -0.096253 0.012957
vn 0.995272 -0.096256 0.012958
vn 0.995273 -0.096254 0.012957
vn 0.995273 -0.096253 0.012955
vn 0.995272 -0.096254 0.012958
vn 0.995273 -0.096254 0.012957
vn 0.995272 -0.096255 0.012960
vn 0.995272 -0.096255 0.012958
vn 0.995272 -0.096255 0.012958
vn 0.995273 -0.096254 0.012957
vn 0.995273 -0.096253 0.012955
vn 0.995273 -0.096254 0.012958
vn 0.995273 -0.096252 0.012955
vn 0.995273 -0.096253 0.012956
vn 0.995272 -0.096254 0.012957
vn 0.995272 -0.096256 0.012959
vn 0.995272 -0.096255 0.012958
vn 0.995272 -0.096254 0.012958
vn 0.995273 -0.096251 0.012956
vn 0.995272 -0.096254 0.012957
vn 0.995272 -0.096254 0.012957
vn 0.995273 -0.096253 0.012957
vn 0.995273 -0.096253 0.012956
vn 0.995272 -0.096255 0.012958
vn 0.995272 -0.096255 0.012958
vn 0.995272 -0.096254 0.012958
vn 0.995272 -0.096254 0.012958
vn 0.995272 -0.096255 0.012958
vn 0.995273 -0.096252 0.012956
vn 0.995273 -0.096253 0.012957
vn 0.995272 -0.096256 0.012959
vn 0.995272 -0.096256 0.012960
vn 0.995273 -0.096254 0.012957
vn 0.995273 -0.096251 0.012955
vn 0.995272 -0.096255 0.012958
vn 0.995273 -0.096251 0.012955
vn 0.995273 -0.096253 0.012957
vn 0.995272 -0.096256 0.012959
vn 0.995273 -0.096253 0.012957
vn 0.995272 -0.096254 0.012958
vn 0.995273 -0.096251 0.012956
vn 0.995272 -0.096256 0.012959
vn 0.995273 -0.096254 0.012958
vn 0.995272 -0.096255 0.012958
vn 0.995272 -0.096255 0.012957
vn 0.995273 -0.096252 0.012956
vn 0.995273 -0.096252 0.012956
vn 0.995273 -0.096253 0.012957
vn 0.995272 -0.096257 0.012959
vn 0.995272 -0.096257 0.012959
vn 0.995272 -0.096254 0.012957
vn 0.995273 -0.096253 0.012957
vn 0.995273 -0.096250 0.012956
vn 0.995273 -0.096254 0.012957
vn 0.995273 -0.096252 0.012957
vn 0.995273 -0.096253 0.012957
vn 0.995272 -0.096255 0.012958
vn 0.995272 -0.096256 0.012958
vn 0.995272 -0.096257 0.012958
vn 0.995273 -0.096253 0.012957
vn 0.995273 -0.096254 0.012957
vn 0.995273 -0.096254 0.012957
vn 0.995273 -0.096252 0.012957
vn 0.995272 -0.096255 0.012958
vn 0.995272 -0.096255 0.012957
vn 0.995272 -0.096254 0.012956
vn 0.995272 -0.096254 0.012958
vn 0.995272 -0.096255 0.012956
vn 0.995273 -0.096251 0.012961
vn 0.995272 -0.096256 0.012956
vn 0.995272 -0.096254 0.012957
vn 0.995272 -0.096254 0.012958
vn 0.995273 -0.096254 0.012958
vn 0.995272 -0.096255 0.012956
vn 0.995273 -0.096253 0.012958
vn 0.995273 -0.096254 0.012957
vn 0.995273 -0.096254 0.012957
vn 0.995273 -0.096254 0.012956
vn 0.995273 -0.096252 0.012957
vn 0.995273 -0.096253 0.012957
vn 0.995272 -0.096254 0.012957
vn 0.995272 -0.096255 0.012956
vn 0.995272 -0.096254 0.012959
vn 0.995272 -0.096255 0.012957
vn 0.995272 -0.096255 0.012956
vn 0.995272 -0.096254 0.012958
vn 0.995272 -0.096256 0.012957
vn 0.995273 -0.096251 0.012958
vn 0.995272 -0.096255 0.012957
vn 0.995272 -0.096254 0.012958
vn 0.995272 -0.096254 0.012958
vn 0.995273 -0.096252 0.012958
vn 0.995273 -0.096253 0.012957
vn 0.995273 -0.096254 0.012957
vn 0.995272 -0.096256 0.012957
vn 0.995272 -0.096254 0.012958
vn 0.995272 -0.096254 0.012958
vn 0.995272 -0.096255 0.012957
vn 0.995272 -0.096254 0.012956
vn 0.995272 -0.096254 0.012956
vn 0.995272 -0.096254 0.012958
vn 0.995272 -0.096254 0.012957
vn 0.995273 -0.096253 0.012957
vn 0.995273 -0.096252 0.012958
vn 0.995272 -0.096257 0.012956
vn 0.995272 -0.096257 0.012956
vn 0.995272 -0.096255 0.012957
vn 0.995272 -0.096254 0.012957
vn 0.995272 -0.096254 0.012957
vn 0.995272 -0.096255 0.012956
vn 0.995273 -0.096252 0.012959
vn 0.995273 -0.096252 0.012958
vn 0.995273 -0.096250 0.012959
vn 0.995273 -0.096253 0.012958
vn 0.995272 -0.096257 0.012956
vn 0.995273 -0.096253 0.012958
vn 0.995273 -0.096253 0.012957
vn 0.995273 -0.096253 0.012958
vn 0.995272 -0.096256 0.012956
vn 0.995273 -0.096251 0.012959
vn 0.995273 -0.096253 0.012958
vn 0.995273 -0.096253 0.012958
vn 0.995272 -0.096257 0.012954
vn 0.995273 -0.096253 0.012958
vn 0.995273 -0.096254 0.012958
vn 0.995272 -0.096256 0.012956
vn 0.995272 -0.096256 0.012955
vn 0.995273 -0.096251 0.012961
vn 0.995272 -0.096256 0.012956
vn 0.995272 -0.096254 0.012958
vn 0.995273 -0.096253 0.012957
vn 0.995273 -0.096254 0.012957
vn 0.995273 -0.096252 0.012959
vn 0.995272 -0.096254 0.012957
vn 0.995272 -0.096255 0.012956
vn 0.995273 -0.096252 0.012959
vn 0.995272 -0.096254 0.012957
vn 0.995272 -0.096255 0.012956
vn 0.995272 -0.096254 0.012957
vn 0.995273 -0.096253 0.012958
vn -0.095960 -0.995149 -0.021691
vn -0.095960 -0.995149 -0.021691
vn -0.095109 -0.992952 -0.070714
vn -0.094029 -0.988363 -0.119571
vn -0.095109 -0.992952 -0.070714
vn -0.094029 -0.988363 -0.119573
vn -0.092723 -0.981393 -0.168139
vn -0.092723 -0.981393 -0.168139
vn -0.091193 -0.972058 -0.216302
vn -0.089444 -0.960383 -0.263942
vn -0.091193 -0.972059 -0.216300
vn -0.089443 -0.960382 -0.263942
vn -0.087479 -0.946392 -0.310948
vn -0.087479 -0.946392 -0.310948
vn -0.085303 -0.930123 -0.357203
vn -0.085303 -0.930122 -0.357205
vn -0.082922 -0.911612 -0.402602
vn -0.082922 -0.911613 -0.402598
vn -0.080341 -0.890906 -0.447026
vn -0.080341 -0.890906 -0.447026
vn -0.077566 -0.868052 -0.490377
vn -0.074605 -0.843109 -0.532542
vn -0.077566 -0.868052 -0.490376
vn -0.074605 -0.843109 -0.532543
vn -0.071464 -0.816133 -0.573428
vn -0.071464 -0.816133 -0.573428
vn -0.068150 -0.787194 -0.612929
vn -0.068151 -0.787191 -0.612933
vn -0.064673 -0.756353 -0.650959
vn -0.064673 -0.756356 -0.650955
vn -0.061040 -0.723698 -0.687412
vn -0.061040 -0.723695 -0.687416
vn -0.057260 -0.689288 -0.722221
vn -0.057259 -0.689292 -0.722217
vn -0.053342 -0.653228 -0.755280
vn -0.053342 -0.653227 -0.755281
vn -0.049295 -0.615590 -0.786523
vn -0.049295 -0.615591 -0.786523
vn -0.045129 -0.576465 -0.815874
vn -0.045129 -0.576471 -0.815871
vn -0.040855 -0.535959 -0.843255
vn -0.040855 -0.535959 -0.843255
vn -0.036483 -0.494165 -0.868603
vn -0.036483 -0.494159 -0.868606
vn -0.032022 -0.451165 -0.891866
vn -0.032022 -0.451171 -0.891863
vn -0.027484 -0.407092 -0.912974
vn -0.027484 -0.407086 -0.912976
vn -0.022880 -0.362028 -0.931886
vn -0.022880 -0.362035 -0.931884
vn -0.018221 -0.316100 -0.948551
vn -0.018221 -0.316101 -0.948551
vn -0.013518 -0.269412 -0.962930
vn -0.013518 -0.269405 -0.962932
vn -0.008783 -0.222065 -0.974992
vn -0.008783 -0.222072 -0.974991
vn -0.004026 -0.174195 -0.984703
vn -0.004026 -0.174187 -0.984704
vn 0.000740 -0.125889 -0.992044
vn 0.000740 -0.125897 -0.992043
vn 0.005505 -0.077294 -0.996993
vn 0.005505 -0.077294 -0.996993
vn 0.010256 -0.028511 -0.999541
vn 0.010255 -0.028518 -0.999541
vn 0.014982 0.020346 -0.999681
vn 0.014982 0.020346 -0.999681
vn 0.019673 0.069151 -0.997412
vn 0.019673 0.069151 -0.997412
vn 0.024316 0.117789 -0.992741
vn 0.028899 0.166136 -0.985679
vn 0.024316 0.117789 -0.992741
vn 0.028901 0.166143 -0.985678
vn 0.033415 0.214099 -0.976240
vn 0.033415 0.214091 -0.976242
vn 0.037849 0.261539 -0.964451
vn 0.042192 0.308340 -0.950340
vn 0.037849 0.261539 -0.964451
vn 0.042193 0.308347 -0.950338
vn 0.046434 0.354415 -0.933935
vn 0.046434 0.354408 -0.933937
vn 0.050563 0.399621 -0.915285
vn 0.050563 0.399621 -0.915285
vn 0.054572 0.443876 -0.894425
vn 0.054572 0.443869 -0.894428
vn 0.058449 0.487052 -0.871415
vn 0.058449 0.487052 -0.871415
vn 0.062184 0.529056 -0.846306
vn 0.062184 0.529061 -0.846302
vn 0.065769 0.569790 -0.819154
vn 0.065769 0.569790 -0.819154
vn 0.069197 0.609151 -0.790029
vn 0.069197 0.609147 -0.790033
vn 0.072458 0.647039 -0.759006
vn 0.072457 0.647043 -0.759002
vn 0.075543 0.683378 -0.726146
vn 0.075544 0.683377 -0.726147
vn 0.078447 0.718061 -0.691545
vn 0.078447 0.718061 -0.691545
vn 0.081163 0.751018 -0.655275
vn 0.081163 0.751020 -0.655272
vn 0.083682 0.782166 -0.617425
vn 0.083682 0.782168 -0.617422
vn 0.086000 0.811428 -0.578090
vn 0.086001 0.811431 -0.578086
vn 0.088112 0.838740 -0.537357
vn 0.088111 0.838740 -0.537357
vn 0.090010 0.864027 -0.495335
vn 0.090009 0.864025 -0.495338
vn 0.091691 0.887234 -0.452116
vn 0.091691 0.887233 -0.452118
vn 0.093152 0.908302 -0.407811
vn 0.093152 0.908302 -0.407812
vn 0.094389 0.927182 -0.362525
vn 0.094388 0.927184 -0.362520
vn 0.095397 0.943830 -0.316361
vn 0.095397 0.943830 -0.316361
vn 0.096177 0.958204 -0.269433
vn 0.096177 0.958203 -0.269437
vn 0.096724 0.970269 -0.221864
vn 0.096724 0.970269 -0.221861
vn 0.097039 0.979996 -0.173754
vn 0.097038 0.979996 -0.173755
vn 0.097119 0.987363 -0.125229
vn 0.097119 0.987363 -0.125229
vn 0.096966 0.992351 -0.076399
vn 0.096966 0.992351 -0.076402
vn 0.096579 0.994948 -0.027388
vn 0.096579 0.994948 -0.027390
vn -0.095959 -0.995149 -0.021691
vn -0.095960 -0.995149 -0.021689
vn -0.095109 -0.992952 -0.070716
vn -0.094029 -0.988363 -0.119570
vn -0.095109 -0.992952 -0.070716
vn -0.094029 -0.988363 -0.119573
vn -0.092723 -0.981393 -0.168139
vn -0.092722 -0.981393 -0.168137
vn -0.091193 -0.972058 -0.216301
vn -0.089443 -0.960382 -0.263942
vn -0.091193 -0.972058 -0.216301
vn -0.089444 -0.960383 -0.263940
vn -0.087479 -0.946392 -0.310948
vn -0.087479 -0.946392 -0.310949
vn -0.085303 -0.930123 -0.357203
vn -0.085303 -0.930122 -0.357207
vn -0.082922 -0.911612 -0.402601
vn -0.082921 -0.911613 -0.402598
vn -0.080341 -0.890906 -0.447026
vn -0.080341 -0.890906 -0.447026
vn -0.077566 -0.868052 -0.490376
vn -0.074605 -0.843108 -0.532543
vn -0.077566 -0.868052 -0.490376
vn -0.074605 -0.843109 -0.532542
vn -0.071464 -0.816133 -0.573428
vn -0.071464 -0.816133 -0.573428
vn -0.068151 -0.787194 -0.612929
vn -0.068151 -0.787193 -0.612929
vn -0.064673 -0.756356 -0.650955
vn -0.064673 -0.756353 -0.650959
vn -0.061040 -0.723694 -0.687416
vn -0.061040 -0.723694 -0.687416
vn -0.057260 -0.689288 -0.722221
vn -0.057259 -0.689292 -0.722217
vn -0.053342 -0.653227 -0.755281
vn -0.053342 -0.653228 -0.755280
vn -0.049295 -0.615591 -0.786523
vn -0.049295 -0.615590 -0.786523
vn -0.045129 -0.576465 -0.815874
vn -0.045129 -0.576471 -0.815870
vn -0.040855 -0.535959 -0.843255
vn -0.040855 -0.535959 -0.843255
vn -0.036483 -0.494165 -0.868602
vn -0.036483 -0.494159 -0.868606
vn -0.032022 -0.451165 -0.891866
vn -0.032022 -0.451171 -0.891863
vn -0.027484 -0.407092 -0.912974
vn -0.027484 -0.407086 -0.912976
vn -0.022880 -0.362028 -0.931887
vn -0.022880 -0.362034 -0.931884
vn -0.018222 -0.316108 -0.948548
vn -0.018222 -0.316101 -0.948551
vn -0.013518 -0.269405 -0.962932
vn -0.013518 -0.269405 -0.962932
vn -0.008783 -0.222065 -0.974992
vn -0.008783 -0.222072 -0.974991
vn -0.004026 -0.174195 -0.984703
vn -0.004026 -0.174187 -0.984704
vn 0.000740 -0.125889 -0.992044
vn 0.000740 -0.125897 -0.992043
vn 0.005505 -0.077294 -0.996993
vn 0.005503 -0.077302 -0.996993
vn 0.010255 -0.028510 -0.999541
vn 0.010255 -0.028510 -0.999541
vn 0.014982 0.020346 -0.999681
vn 0.014982 0.020346 -0.999681
vn 0.019673 0.069151 -0.997412
vn 0.019673 0.069151 -0.997412
vn 0.024316 0.117781 -0.992742
vn 0.028901 0.166143 -0.985678
vn 0.024316 0.117789 -0.992741
vn 0.028901 0.166144 -0.985678
vn 0.033415 0.214099 -0.976240
vn 0.033415 0.214091 -0.976242
vn 0.037849 0.261539 -0.964451
vn 0.042192 0.308340 -0.950340
vn 0.037849 0.261538 -0.964451
vn 0.042193 0.308347 -0.950338
vn 0.046434 0.354415 -0.933935
vn 0.046434 0.354408 -0.933937
vn 0.050563 0.399621 -0.915285
vn 0.050563 0.399621 -0.915285
vn 0.054572 0.443876 -0.894425
vn 0.054572 0.443869 -0.894428
vn 0.058449 0.487052 -0.871415
vn 0.058449 0.487052 -0.871415
vn 0.062184 0.529055 -0.846306
vn 0.062184 0.529061 -0.846302
vn 0.065769 0.569790 -0.819154
vn 0.065769 0.569790 -0.819154
vn 0.069197 0.609151 -0.790030
vn 0.069197 0.609146 -0.790033
vn 0.072458 0.647040 -0.759006
vn 0.072457 0.647044 -0.759002
vn 0.075544 0.683377 -0.726147
vn 0.075544 0.683373 -0.726150
vn 0.078448 0.718060 -0.691545
vn 0.078448 0.718064 -0.691541
vn 0.081162 0.751017 -0.655275
vn 0.081163 0.751021 -0.655271
vn 0.083683 0.782166 -0.617425
vn 0.083682 0.782169 -0.617422
vn 0.086000 0.811428 -0.578090
vn 0.086001 0.811430 -0.578087
vn 0.088111 0.838740 -0.537356
vn 0.088111 0.838740 -0.537357
vn 0.090010 0.864027 -0.495334
vn 0.090009 0.864025 -0.495338
vn 0.091691 0.887233 -0.452118
vn 0.091691 0.887232 -0.452119
vn 0.093152 0.908303 -0.407810
vn 0.093152 0.908302 -0.407812
vn 0.094389 0.927182 -0.362524
vn 0.094388 0.927184 -0.362521
vn 0.095397 0.943830 -0.316361
vn 0.095397 0.943830 -0.316361
vn 0.096177 0.958204 -0.269434
vn 0.096177 0.958204 -0.269435
vn 0.096724 0.970269 -0.221862
vn 0.096724 0.970269 -0.221863
vn 0.097039 0.979996 -0.173754
vn 0.097039 0.979996 -0.173754
vn 0.097119 0.987363 -0.125230
vn 0.097119 0.987363 -0.125229
vn 0.096966 0.992351 -0.076400
vn 0.096966 0.992351 -0.076400
vn 0.096579 0.994948 -0.027390
vn 0.096579 0.994948 -0.027388
f 1//1 2//1 3//1
f 2//2 4//2 3//2
f 4//3 5//3 3//3
f 4//4 6//4 5//4
f 6//5 7//5 5//5
f 7//6 8//6 5//6
f 9//7 8//7 7//7
f 10//8 11//8 12//8
f 9//9 13//9 8//9
f 13//10 14//10 8//10
f 14//11 15//11 8//11
f 10//12 16//12 11//12
f 11//13 16//13 17//13
f 17//14 16//14 18//14
f 14//15 19//15 15//15
f 16//16 20//16 18//16
f 19//17 21//17 15//17
f 21//18 22//18 15//18
f 22//19 23//19 15//19
f 20//20 24//20 25//20
f 16//21 24//21 20//21
f 24//22 26//22 25//22
f 22//23 27//23 23//23
f 27//24 28//24 23//24
f 28//25 29//25 23//25
f 29//26 30//26 23//26
f 26//27 31//27 32//27
f 32//28 31//28 33//28
f 24//29 31//29 26//29
f 31//30 34//30 33//30
f 29//31 35//31 30//31
f 35//32 36//32 30//32
f 36//33 37//33 30//33
f 37//34 38//34 30//34
f 34//35 39//35 40//35
f 40//36 39//36 41//36
f 31//37 39//37 34//37
f 39//38 42//38 41//38
f 37//39 43//39 38//39
f 43//40 44//40 38//40
f 44//41 45//41 38//41
f 45//42 46//42 38//42
f 46//43 47//43 38//43
f 42//44 48//44 49//44
f 49//45 48//45 50//45
f 50//46 48//46 51//46
f 39//47 48//47 42//47
f 46//48 52//48 47//48
f 52//49 53//49 47//49
f 53//50 54//50 47//50
f 54//51 55//51 47//51
f 47//52 55//52 56//52
f 48//53 57//53 51//53
f 51//54 57//54 58//54
f 58//55 57//55 59//55
f 59//56 57//56 60//56
f 57//57 61//57 60//57
f 55//58 62//58 56//58
f 62//59 63//59 56//59
f 63//60 64//60 56//60
f 64//61 65//61 56//61
f 65//62 66//62 56//62
f 57//63 67//63 61//63
f 61//64 67//64 68//64
f 68//65 67//65 69//65
f 69//66 67//66 70//66
f 70//67 67//67 71//67
f 65//68 72//68 66//68
f 72//69 73//69 66//69
f 73//70 74//70 66//70
f 74//71 75//71 66//71
f 75//72 76//72 66//72
f 67//73 77//73 71//73
f 71//74 77//74 78//74
f 78//75 77//75 79//75
f 79//76 77//76 80//76
f 80//77 77//77 81//77
f 81//78 77//78 82//78
f 66//79 83//79 84//79
f 76//80 83//80 66//80
f 83//81 85//81 84//81
f 85//82 86//82 84//82
f 86//83 87//83 84//83
f 87//84 88//84 84//84
f 88//85 89//85 84//85
f 89//86 90//86 84//86
f 90//87 91//87 84//87
f 82//88 92//88 93//88
f 93//89 92//89 94//89
f 94//90 92//90 95//90
f 95//91 92//91 96//91
f 96//92 92//92 97//92
f 97//93 92//93 98//93
f 77//94 92//94 82//94
f 91//95 99//95 84//95
f 99//96 100//96 84//96
f 84//97 100//97 101//97
f 100//98 102//98 101//98
f 102//99 103//99 101//99
f 103//100 104//100 101//100
f 104//101 105//101 101//101
f 105//102 106//102 101//102
f 106//103 107//103 101//103
f 107//104 108//104 101//104
f 108//105 109//105 101//105
f 109//106 110//106 101//106
f 92//107 111//107 98//107
f 98//108 111//108 112//108
f 112//109 111//109 113//109
f 113//110 111//110 114//110
f 114//111 111//111 115//111
f 115//112 111//112 116//112
f 116//113 111//113 117//113
f 117//114 111//114 118//114
f 118//115 111//115 119//115
f 111//116 120//116 119//116
f 119//117 120//117 121//117
f 121//118 120//118 122//118
f 122//119 120//119 123//119
f 123//120 120//120 124//120
f 124//121 120//121 125//121
f 125//122 120//122 126//122
f 126//123 120//123 127//123
f 127//124 120//124 128//124
f 109//125 129//125 110//125
f 120//126 129//126 128//126
f 128//127 129//127 109//127
f 110//128 130//128 131//128
f 129//129 130//129 110//129
f 131//130 132//130 133//130
f 130//131 132//131 131//131
f 133//132 134//132 135//132
f 132//133 134//133 133//133
f 135//134 136//134 137//134
f 134//135 136//135 135//135
f 137//136 138//136 139//136
f 136//137 138//137 137//137
f 139//138 140//138 141//138
f 138//139 140//139 139//139
f 141//140 142//140 143//140
f 140//141 142//141 141//141
f 143//142 144//142 145//142
f 142//143 144//143 143//143
f 146//144 147//144 148//144
f 145//145 147//145 146//145
f 148//146 149//146 146//146
f 145//147 150//147 147//147
f 144//148 150//148 145//148
f 144//149 151//149 150//149
f 149//150 152//150 146//150
f 152//151 153//151 146//151
f 153//152 154//152 146//152
f 146//153 154//153 155//153
f 154//154 156//154 155//154
f 156//155 157//155 155//155
f 157//156 158//156 155//156
f 158//157 159//157 155//157
f 144//158 160//158 151//158
f 161//159 160//159 162//159
f 163//160 160//160 161//160
f 164//161 160//161 163//161
f 165//162 160//162 164//162
f 166//163 160//163 165//163
f 167//164 160//164 166//164
f 151//165 160//165 167//165
f 159//166 168//166 155//166
f 168//167 169//167 155//167
f 155//168 169//168 170//168
f 169//169 171//169 170//169
f 171//170 172//170 170//170
f 172//171 173//171 170//171
f 173//172 174//172 170//172
f 170//173 174//173 175//173
f 160//174 176//174 162//174
f 177//175 176//175 178//175
f 179//176 176//176 177//176
f 180//177 176//177 179//177
f 181//178 176//178 180//178
f 182//179 176//179 181//179
f 183//180 176//180 182//180
f 184//181 176//181 183//181
f 162//182 176//182 184//182
f 174//183 185//183 175//183
f 185//184 186//184 175//184
f 186//185 187//185 175//185
f 188//186 189//186 190//186
f 191//187 189//187 188//187
f 192//188 189//188 191//188
f 178//189 189//189 192//189
f 176//190 189//190 178//190
f 189//191 193//191 190//191
f 175//192 194//192 195//192
f 187//193 194//193 175//193
f 194//194 196//194 195//194
f 196//195 197//195 195//195
f 198//196 199//196 200//196
f 201//197 199//197 198//197
f 193//198 199//198 201//198
f 189//199 199//199 193//199
f 197//200 202//200 195//200
f 195//201 202//201 203//201
f 199//202 204//202 200//202
f 202//203 205//203 203//203
f 205//204 206//204 203//204
f 206//205 207//205 203//205
f 199//206 208//206 204//206
f 209//207 208//207 210//207
f 211//208 208//208 209//208
f 204//209 208//209 211//209
f 206//210 212//210 207//210
f 208//211 213//211 210//211
f 212//212 214//212 207//212
f 214//213 215//213 207//213
f 215//214 216//214 207//214
f 208//215 217//215 213//215
f 218//216 217//216 219//216
f 213//217 217//217 218//217
f 217//218 220//218 219//218
f 215//219 221//219 216//219
f 221//220 222//220 216//220
f 222//221 223//221 216//221
f 224//222 225//222 226//222
f 220//223 225//223 224//223
f 217//224 225//224 220//224
f 222//225 227//225 223//225
f 225//226 228//226 226//226
f 227//227 229//227 223//227
f 229//228 230//228 223//228
f 230//229 231//229 223//229
f 228//230 232//230 233//230
f 225//231 232//231 228//231
f 232//232 234//232 233//232
f 230//233 235//233 231//233
f 235//234 236//234 231//234
f 236//235 237//235 231//235
f 238//236 239//236 240//236
f 234//237 239//237 238//237
f 232//238 239//238 234//238
f 236//239 241//239 237//239
f 239//240 242//240 240//240
f 241//241 243//241 237//241
f 243//242 244//242 237//242
f 242//243 245//243 246//243
f 239//244 245//244 242//244
f 243//245 247//245 244//245
f 245//246 248//246 246//246
f 247//247 249//247 244//247
f 249//248 250//248 244//248
f 251//249 250//249 249//249
f 245//250 252//250 248//250
f 248//251 252//251 253//251
f 252//252 254//252 253//252
f 251//253 255//253 250//253
f 252//254 256//254 254//254
f 255//255 257//255 250//255
f 257//256 258//256 250//256
f 256//257 259//257 260//257
f 252//258 259//258 256//258
f 257//259 261//259 258//259
f 259//260 262//260 260//260
f 261//261 263//261 258//261
f 263//262 264//262 258//262
f 262//263 265//263 266//263
f 259//264 265//264 262//264
f 263//265 267//265 264//265
f 265//266 268//266 266//266
f 267//267 269//267 264//267
f 269//268 270//268 264//268
f 270//269 271//269 264//269
f 268//270 272//270 273//270
f 265//271 272//271 268//271
f 272//272 274//272 273//272
f 270//273 275//273 271//273
f 275//274 276//274 271//274
f 276//275 277//275 271//275
f 278//276 279//276 280//276
f 274//277 279//277 278//277
f 272//278 279//278 274//278
f 276//279 281//279 277//279
f 279//280 282//280 280//280
f 281//281 283//281 277//281
f 283//282 284//282 277//282
f 284//283 285//283 277//283
f 286//284 287//284 288//284
f 282//285 287//285 286//285
f 279//286 287//286 282//286
f 284//287 289//287 285//287
f 287//288 290//288 288//288
f 289//289 291//289 285//289
f 291//290 292//290 285//290
f 292//291 293//291 285//291
f 294//292 295//292 296//292
f 290//293 295//293 294//293
f 287//294 295//294 290//294
f 292//295 297//295 293//295
f 297//296 298//296 293//296
f 298//297 299//297 293//297
f 299//298 300//298 293//298
f 300//299 301//299 293//299
f 302//300 303//300 304//300
f 305//301 303//301 302//301
f 296//302 303//302 305//302
f 295//303 303//303 296//303
f 303//304 306//304 304//304
f 300//305 307//305 301//305
f 307//306 308//306 301//306
f 308//307 309//307 301//307
f 309//308 310//308 301//308
f 310//309 311//309 301//309
f 303//310 312//310 306//310
f 313//311 312//311 314//311
f 315//312 312//312 313//312
f 306//313 312//313 315//313
f 310//314 316//314 311//314
f 316//315 317//315 311//315
f 317//316 318//316 311//316
f 318//317 319//317 311//317
f 320//318 321//318 322//318
f 323//319 321//319 320//319
f 312//320 321//320 314//320
f 324//321 321//321 323//321
f 314//322 321//322 324//322
f 319//323 325//323 311//323
f 311//324 325//324 326//324
f 325//325 327//325 326//325
f 327//326 328//326 326//326
f 328//327 329//327 326//327
f 329//328 330//328 326//328
f 330//329 331//329 326//329
f 331//330 332//330 326//330
f 333//331 334//331 335//331
f 336//332 334//332 333//332
f 337//333 334//333 336//333
f 322//334 334//334 337//334
f 321//335 334//335 322//335
f 338//336 334//336 339//336
f 335//337 334//337 338//337
f 332//338 340//338 326//338
f 326//339 341//339 342//339
f 340//340 341//340 326//340
f 341//341 343//341 342//341
f 343//342 344//342 342//342
f 344//343 345//343 342//343
f 345//344 346//344 342//344
f 346//345 347//345 342//345
f 347//346 348//346 342//346
f 348//347 349//347 342//347
f 349//348 350//348 342//348
f 334//349 351//349 339//349
f 352//350 351//350 353//350
f 354//351 351//351 352//351
f 355//352 351//352 354//352
f 356//353 351//353 355//353
f 357//354 351//354 356//354
f 358//355 351//355 357//355
f 339//356 351//356 358//356
f 359//357 360//357 361//357
f 362//358 360//358 359//358
f 363//359 360//359 362//359
f 364//360 360//360 363//360
f 365//361 360//361 364//361
f 366//362 360//362 365//362
f 353//363 360//363 366//363
f 351//364 360//364 353//364
f 360//365 367//365 361//365
f 349//366 367//366 350//366
f 361//367 367//367 349//367
f 350//368 367//368 368//368
f 367//369 369//369 368//369
f 368//370 369//370 370//370
f 369//371 371//371 370//371
f 371//372 372//372 370//372
f 370//373 372//373 373//373
f 372//374 374//374 373//374
f 373//375 374//375 375//375
f 374//376 376//376 375//376
f 375//377 376//377 377//377
f 377//378 376//378 378//378
f 376//379 379//379 378//379
f 379//380 380//380 378//380
f 378//381 380//381 381//381
f 380//382 382//382 381//382
f 381//383 382//383 383//383
f 384//384 385//384 386//384
f 386//385 387//385 384//385
f 385//386 388//386 386//386
f 382//387 389//387 383//387
f 386//388 389//388 387//388
f 383//389 389//389 386//389
f 388//390 390//390 386//390
f 382//391 391//391 389//391
f 390//392 392//392 386//392
f 392//393 393//393 386//393
f 393//394 394//394 386//394
f 386//395 394//395 395//395
f 394//396 396//396 395//396
f 396//397 397//397 395//397
f 397//398 398//398 395//398
f 398//399 399//399 395//399
f 399//400 400//400 395//400
f 400//401 401//401 395//401
f 402//402 403//402 404//402
f 405//403 403//403 402//403
f 406//404 403//404 405//404
f 407//405 403//405 406//405
f 408//406 403//406 407//406
f 409//407 403//407 408//407
f 410//408 403//408 409//408
f 391//409 403//409 410//409
f 382//410 403//410 391//410
f 401//411 411//411 395//411
f 411//412 412//412 395//412
f 412//413 413//413 395//413
f 395//414 413//414 414//414
f 413//415 415//415 414//415
f 415//416 416//416 414//416
f 416//417 417//417 414//417
f 417//418 418//418 414//418
f 418//419 419//419 414//419
f 420//420 421//420 422//420
f 423//421 421//421 420//421
f 424//422 421//422 423//422
f 425//423 421//423 424//423
f 426//424 421//424 425//424
f 427//425 421//425 426//425
f 428//426 421//426 427//426
f 404//427 421//427 428//427
f 403//428 421//428 404//428
f 419//429 429//429 414//429
f 414//430 429//430 430//430
f 429//431 431//431 430//431
f 431//432 432//432 430//432
f 432//433 433//433 430//433
f 433//434 434//434 430//434
f 434//435 435//435 430//435
f 436//436 437//436 438//436
f 439//437 437//437 436//437
f 440//438 437//438 439//438
f 441//439 437//439 440//439
f 442//440 437//440 441//440
f 422//441 437//441 442//441
f 421//442 437//442 422//442
f 434//443 443//443 435//443
f 443//444 444//444 435//444
f 444//445 445//445 435//445
f 445//446 446//446 435//446
f 446//447 447//447 435//447
f 438//448 448//448 449//448
f 437//449 448//449 438//449
f 450//450 448//450 451//450
f 452//451 448//451 450//451
f 449//452 448//452 452//452
f 446//453 453//453 447//453
f 448//454 454//454 451//454
f 453//455 455//455 447//455
f 455//456 456//456 447//456
f 456//457 457//457 447//457
f 457//458 458//458 447//458
f 448//459 459//459 454//459
f 460//460 459//460 461//460
f 462//461 459//461 460//461
f 454//462 459//462 462//462
f 459//463 463//463 461//463
f 457//464 464//464 458//464
f 464//465 465//465 458//465
f 465//466 466//466 458//466
f 466//467 467//467 458//467
f 459//468 468//468 463//468
f 469//469 468//469 470//469
f 471//470 468//470 469//470
f 463//471 468//471 471//471
f 466//472 472//472 467//472
f 468//473 473//473 470//473
f 472//474 474//474 467//474
f 474//475 475//475 467//475
f 475//476 476//476 467//476
f 468//477 477//477 473//477
f 478//478 477//478 479//478
f 473//479 477//479 478//479
f 475//480 480//480 476//480
f 477//481 481//481 479//481
f 480//482 482//482 476//482
f 482//483 483//483 476//483
f 483//484 484//484 476//484
f 477//485 485//485 481//485
f 486//486 485//486 487//486
f 481//487 485//487 486//487
f 483//488 488//488 484//488
f 485//489 489//489 487//489
f 488//490 490//490 484//490
f 490//491 491//491 484//491
f 491//492 492//492 484//492
f 485//493 493//493 489//493
f 489//494 493//494 494//494
f 493//495 495//495 494//495
f 491//496 496//496 492//496
f 493//497 497//497 495//497
f 496//498 498//498 492//498
f 499//499 500//499 498//499
f 498//500 500//500 492//500
f 497//501 501//501 502//501
f 493//502 501//502 497//502
f 501//503 503//503 502//503
f 499//504 504//504 500//504
f 505//505 506//505 507//505
f 503//506 506//506 505//506
f 501//507 506//507 503//507
f 506//508 508//508 507//508
f 506//509 509//509 508//509
f 508//510 509//510 510//510
f 511//511 512//511 513//511
f 513//512 514//512 515//512
f 512//513 514//513 513//513
f 515//514 516//514 517//514
f 514//515 516//515 515//515
f 516//516 518//516 517//516
f 517//517 518//517 519//517
f 518//518 520//518 519//518
f 519//519 520//519 521//519
f 520//520 522//520 521//520
f 521//521 522//521 523//521
f 522//522 524//522 523//522
f 523//523 524//523 525//523
f 524//524 526//524 525//524
f 525//525 526//525 527//525
f 526//526 528//526 527//526
f 527//527 528//527 529//527
f 528//528 530//528 529//528
f 529//529 530//529 531//529
f 530//530 532//530 531//530
f 531//531 532//531 533//531
f 532//532 534//532 533//532
f 533//533 534//533 535//533
f 534//534 536//534 535//534
f 535//535 536//535 537//535
f 536//536 538//536 537//536
f 537//537 538//537 539//537
f 538//538 540//538 539//538
f 539//539 540//539 541//539
f 540//540 542//540 541//540
f 541//541 542//541 543//541
f 542//542 544//542 543//542
f 543//543 544//543 545//543
f 544//544 546//544 545//544
f 545//545 546//545 547//545
f 546//546 548//546 547//546
f 547//547 548//547 549//547
f 548//548 550//548 549//548
f 549//549 550//549 551//549
f 550//550 552//550 551//550
f 551//551 552//551 553//551
f 552//552 554//552 553//552
f 553//553 554//553 555//553
f 554//554 556//554 555//554
f 555//555 556//555 557//555
f 556//556 558//556 557//556
f 557//557 558//557 559//557
f 559//558 560//558 561//558
f 558//559 560//559 559//559
f 561//560 562//560 563//560
f 560//561 562//561 561//561
f 562//562 564//562 563//562
f 563//563 564//563 565//563
f 564//564 566//564 565//564
f 565//565 566//565 567//565
f 566//566 568//566 567//566
f 567//567 568//567 569//567
f 568//568 570//568 569//568
f 569//569 570//569 571//569
f 570//570 572//570 571//570
f 571//571 572//571 573//571
f 572//572 574//572 573//572
f 573//573 574//573 575//573
f 574//574 12//574 575//574
f 12//575 11//575 575//575
f 575//576 11//576 576//576
f 576//577 17//577 577//577
f 11//578 17//578 576//578
f 577//579 18//579 578//579
f 17//580 18//580 577//580
f 18//581 20//581 578//581
f 578//582 25//582 579//582
f 20//583 25//583 578//583
f 579//584 26//584 580//584
f 25//585 26//585 579//585
f 580//586 32//586 581//586
f 26//587 32//587 580//587
f 32//588 33//588 581//588
f 581//589 34//589 582//589
f 33//590 34//590 581//590
f 582//591 40//591 583//591
f 34//592 40//592 582//592
f 583//593 41//593 584//593
f 40//594 41//594 583//594
f 41//595 42//595 584//595
f 584//596 49//596 585//596
f 42//597 49//597 584//597
f 585//598 50//598 586//598
f 49//599 50//599 585//599
f 50//600 51//600 586//600
f 586//601 58//601 587//601
f 51//602 58//602 586//602
f 587//603 59//603 588//603
f 58//604 59//604 587//604
f 59//605 60//605 588//605
f 588//606 61//606 589//606
f 60//607 61//607 588//607
f 61//608 68//608 589//608
f 589//609 69//609 590//609
f 68//610 69//610 589//610
f 590//611 70//611 591//611
f 69//612 70//612 590//612
f 70//613 71//613 591//613
f 71//614 78//614 591//614
f 591//615 78//615 592//615
f 78//616 79//616 592//616
f 79//617 80//617 592//617
f 592//618 80//618 593//618
f 80//619 81//619 593//619
f 593//620 81//620 594//620
f 81//621 82//621 594//621
f 594//622 93//622 595//622
f 82//623 93//623 594//623
f 93//624 94//624 595//624
f 595//625 95//625 596//625
f 94//626 95//626 595//626
f 95//627 96//627 596//627
f 596//628 97//628 597//628
f 96//629 97//629 596//629
f 597//630 98//630 598//630
f 97//631 98//631 597//631
f 98//632 112//632 598//632
f 598//633 113//633 599//633
f 112//634 113//634 598//634
f 113//635 114//635 599//635
f 599//636 115//636 600//636
f 114//637 115//637 599//637
f 115//638 116//638 600//638
f 600//639 117//639 601//639
f 116//640 117//640 600//640
f 117//641 118//641 601//641
f 601//642 119//642 602//642
f 118//643 119//643 601//643
f 602//644 121//644 603//644
f 119//645 121//645 602//645
f 121//646 122//646 603//646
f 603//647 123//647 604//647
f 122//648 123//648 603//648
f 123//649 124//649 604//649
f 604//650 125//650 605//650
f 124//651 125//651 604//651
f 125//652 126//652 605//652
f 605//653 127//653 606//653
f 126//654 127//654 605//654
f 127//655 128//655 606//655
f 606//656 109//656 607//656
f 128//657 109//657 606//657
f 109//658 108//658 607//658
f 607//659 107//659 608//659
f 108//660 107//660 607//660
f 608//661 106//661 609//661
f 107//662 106//662 608//662
f 106//663 105//663 609//663
f 105//664 104//664 609//664
f 609//665 104//665 610//665
f 104//666 103//666 610//666
f 103//667 102//667 610//667
f 610//668 102//668 611//668
f 102//669 100//669 611//669
f 100//670 99//670 611//670
f 611//671 99//671 612//671
f 99//672 91//672 612//672
f 91//673 90//673 612//673
f 612//674 90//674 613//674
f 90//675 89//675 613//675
f 613//676 89//676 614//676
f 89//677 88//677 614//677
f 88//678 87//678 614//678
f 614//679 87//679 615//679
f 87//680 86//680 615//680
f 615//681 85//681 616//681
f 86//682 85//682 615//682
f 85//683 83//683 616//683
f 616//684 76//684 617//684
f 83//685 76//685 616//685
f 76//686 75//686 617//686
f 617//687 74//687 618//687
f 75//688 74//688 617//688
f 74//689 73//689 618//689
f 618//690 73//690 619//690
f 73//691 72//691 619//691
f 619//692 65//692 620//692
f 72//693 65//693 619//693
f 65//694 64//694 620//694
f 620//695 63//695 621//695
f 64//696 63//696 620//696
f 63//697 62//697 621//697
f 621//698 55//698 622//698
f 62//699 55//699 621//699
f 622//700 54//700 623//700
f 55//701 54//701 622//701
f 54//702 53//702 623//702
f 623//703 52//703 624//703
f 53//704 52//704 623//704
f 624//705 46//705 625//705
f 52//706 46//706 624//706
f 46//707 45//707 625//707
f 625//708 44//708 626//708
f 45//709 44//709 625//709
f 44//710 43//710 626//710
f 626//711 37//711 627//711
f 43//712 37//712 626//712
f 627//713 36//713 628//713
f 37//714 36//714 627//714
f 36//715 35//715 628//715
f 35//716 29//716 628//716
f 628//717 29//717 629//717
f 29//718 28//718 629//718
f 629//719 28//719 630//719
f 28//720 27//720 630//720
f 630//721 27//721 631//721
f 27//722 22//722 631//722
f 22//723 21//723 631//723
f 631//724 21//724 632//724
f 21//725 19//725 632//725
f 632//726 19//726 633//726
f 19//727 14//727 633//727
f 14//728 13//728 633//728
f 633//729 13//729 634//729
f 13//730 9//730 634//730
f 634//731 9//731 635//731
f 9//732 7//732 635//732
f 635//733 7//733 636//733
f 7//734 6//734 636//734
f 6//735 4//735 636//735
f 636//736 4//736 637//736
f 4//737 2//737 637//737
f 637//738 2//738 638//738
f 2//739 1//739 638//739
f 638//740 1//740 639//740
f 1//741 640//741 639//741
f 640//742 641//742 639//742
f 639//743 641//743 642//743
f 642//744 643//744 644//744
f 641//745 643//745 642//745
f 643//746 645//746 644//746
f 644//747 645//747 646//747
f 646//748 647//748 648//748
f 648//749 647//749 649//749
f 645//750 647//750 646//750
f 649//751 650//751 651//751
f 647//752 650//752 649//752
f 650//753 652//753 651//753
f 651//754 653//754 654//754
f 652//755 653//755 651//755
f 654//756 655//756 656//756
f 653//757 655//757 654//757
f 656//758 657//758 658//758
f 655//759 657//759 656//759
f 658//760 659//760 660//760
f 657//761 659//761 658//761
f 660//762 661//762 662//762
f 659//763 661//763 660//763
f 661//764 663//764 662//764
f 662//765 663//765 664//765
f 663//766 665//766 664//766
f 664//767 665//767 666//767
f 665//768 667//768 666//768
f 666//769 667//769 668//769
f 667//770 669//770 668//770
f 668//771 669//771 670//771
f 669//772 671//772 670//772
f 670//773 671//773 672//773
f 672//774 671//774 673//774
f 671//775 674//775 673//775
f 674//776 675//776 673//776
f 673//777 675//777 676//777
f 676//778 675//778 677//778
f 675//779 678//779 677//779
f 678//780 679//780 677//780
f 677//781 679//781 680//781
f 680//782 679//782 681//782
f 679//783 682//783 681//783
f 682//784 683//784 681//784
f 681//785 683//785 684//785
f 683//786 685//786 684//786
f 684//787 685//787 686//787
f 685//788 687//788 686//788
f 686//789 687//789 688//789
f 687//790 689//790 688//790
f 688//791 689//791 690//791
f 690//792 689//792 691//792
f 689//793 692//793 691//793
f 692//794 693//794 691//794
f 691//795 693//795 694//795
f 693//796 695//796 694//796
f 694//797 695//797 696//797
f 695//798 697//798 696//798
f 696//799 697//799 698//799
f 697//800 699//800 698//800
f 698//801 699//801 700//801
f 700//802 699//802 511//802
f 699//803 512//803 511//803
f 640//804 1//804 3//804
f 640//805 3//805 701//805
f 641//806 701//806 702//806
f 641//807 702//807 703//807
f 641//808 640//808 701//808
f 643//809 641//809 703//809
f 645//810 703//810 704//810
f 645//811 704//811 705//811
f 645//812 643//812 703//812
f 647//813 705//813 706//813
f 647//814 645//814 705//814
f 650//815 647//815 706//815
f 652//816 706//816 707//816
f 652//817 707//817 708//817
f 652//818 650//818 706//818
f 653//819 708//819 709//819
f 653//820 652//820 708//820
f 655//821 653//821 709//821
f 657//822 709//822 710//822
f 657//823 710//823 711//823
f 657//824 655//824 709//824
f 659//825 657//825 711//825
f 661//826 711//826 712//826
f 661//827 659//827 711//827
f 663//828 712//828 713//828
f 663//829 661//829 712//829
f 665//830 713//830 714//830
f 665//831 663//831 713//831
f 667//832 714//832 715//832
f 667//833 665//833 714//833
f 669//834 715//834 716//834
f 669//835 667//835 715//835
f 717//836 671//836 669//836
f 717//837 669//837 716//837
f 674//838 671//838 717//838
f 718//839 674//839 717//839
f 675//840 674//840 718//840
f 719//841 675//841 718//841
f 720//842 675//842 719//842
f 720//843 678//843 675//843
f 721//844 678//844 720//844
f 721//845 679//845 678//845
f 721//846 682//846 679//846
f 722//847 682//847 721//847
f 723//848 683//848 682//848
f 723//849 682//849 722//849
f 724//850 685//850 683//850
f 724//851 683//851 723//851
f 725//852 687//852 685//852
f 725//853 689//853 687//853
f 725//854 685//854 724//854
f 726//855 692//855 689//855
f 726//856 689//856 725//856
f 727//857 692//857 726//857
f 728//858 693//858 692//858
f 728//859 692//859 727//859
f 729//860 695//860 693//860
f 729//861 693//861 728//861
f 730//862 697//862 695//862
f 730//863 695//863 729//863
f 731//864 697//864 730//864
f 731//865 699//865 697//865
f 732//866 512//866 699//866
f 732//867 699//867 731//867
f 10//868 12//868 574//868
f 733//869 10//869 574//869
f 733//870 574//870 572//870
f 734//871 514//871 512//871
f 734//872 512//872 732//872
f 735//873 733//873 572//873
f 736//874 514//874 734//874
f 736//875 516//875 514//875
f 737//876 735//876 572//876
f 737//877 572//877 570//877
f 738//878 516//878 736//878
f 738//879 518//879 516//879
f 739//880 737//880 570//880
f 739//881 570//881 568//881
f 740//882 518//882 738//882
f 740//883 520//883 518//883
f 741//884 739//884 568//884
f 741//885 568//885 566//885
f 742//886 522//886 520//886
f 742//887 524//887 522//887
f 742//888 520//888 740//888
f 743//889 741//889 566//889
f 743//890 566//890 564//890
f 744//891 524//891 742//891
f 745//892 743//892 564//892
f 745//893 564//893 562//893
f 746//894 524//894 744//894
f 746//895 526//895 524//895
f 747//896 745//896 562//896
f 747//897 562//897 560//897
f 748//898 526//898 746//898
f 748//899 528//899 526//899
f 748//900 530//900 528//900
f 749//901 747//901 560//901
f 749//902 558//902 556//902
f 749//903 560//903 558//903
f 750//904 530//904 748//904
f 751//905 749//905 556//905
f 752//906 530//906 750//906
f 752//907 532//907 530//907
f 752//908 534//908 532//908
f 753//909 534//909 752//909
f 753//910 536//910 534//910
f 754//911 751//911 556//911
f 754//912 554//912 552//912
f 754//913 556//913 554//913
f 755//914 536//914 753//914
f 756//915 754//915 552//915
f 757//916 756//916 552//916
f 757//917 552//917 550//917
f 758//918 536//918 755//918
f 758//919 538//919 536//919
f 759//920 538//920 758//920
f 759//921 540//921 538//921
f 760//922 757//922 550//922
f 760//923 550//923 548//923
f 761//924 540//924 759//924
f 761//925 542//925 540//925
f 761//926 544//926 542//926
f 762//927 548//927 546//927
f 762//928 760//928 548//928
f 763//929 546//929 544//929
f 763//930 762//930 546//930
f 763//931 544//931 761//931
f 764//932 765//932 766//932
f 766//933 765//933 767//933
f 765//934 768//934 767//934
f 767//935 768//935 769//935
f 768//936 770//936 769//936
f 769//937 770//937 771//937
f 770//938 772//938 771//938
f 771//939 772//939 773//939
f 772//940 774//940 773//940
f 773//941 774//941 775//941
f 774//942 776//942 775//942
f 775//943 776//943 777//943
f 776//944 778//944 777//944
f 777//945 778//945 779//945
f 778//946 780//946 779//946
f 779//947 780//947 781//947
f 780//948 782//948 781//948
f 781//949 782//949 783//949
f 782//950 784//950 783//950
f 783//951 784//951 785//951
f 784//952 786//952 785//952
f 785//953 786//953 787//953
f 786//954 788//954 787//954
f 787//955 788//955 789//955
f 788//956 790//956 789//956
f 789//957 790//957 791//957
f 790//958 792//958 791//958
f 791//959 792//959 793//959
f 792//960 794//960 793//960
f 793//961 794//961 795//961
f 794//962 796//962 795//962
f 795//963 796//963 797//963
f 796//964 798//964 797//964
f 797//965 798//965 799//965
f 798//966 800//966 799//966
f 799//967 800//967 801//967
f 800//968 802//968 801//968
f 801//969 802//969 803//969
f 802//970 804//970 803//970
f 803//971 804//971 805//971
f 805//972 806//972 807//972
f 804//973 806//973 805//973
f 807//974 808//974 809//974
f 806//975 808//975 807//975
f 809//976 810//976 811//976
f 808//977 810//977 809//977
f 811//978 812//978 813//978
f 810//979 812//979 811//979
f 813//980 814//980 815//980
f 812//981 814//981 813//981
f 814//982 816//982 815//982
f 815//983 816//983 817//983
f 816//984 818//984 817//984
f 817//985 818//985 819//985
f 818//986 820//986 819//986
f 819//987 820//987 821//987
f 820//988 822//988 821//988
f 821//989 822//989 823//989
f 822//990 824//990 823//990
f 823//991 824//991 825//991
f 824//992 826//992 825//992
f 825//993 826//993 827//993
f 826//994 828//994 827//994
f 827//995 828//995 510//995
f 510//996 828//996 508//996
f 828//997 829//997 508//997
f 508//998 829//998 507//998
f 829//999 830//999 507//999
f 507//1000 830//1000 505//1000
f 830//1001 831//1001 505//1001
f 505//1002 831//1002 503//1002
f 503//1003 831//1003 502//1003
f 831//1004 832//1004 502//1004
f 502//1005 832//1005 497//1005
f 832//1006 833//1006 497//1006
f 497//1007 833//1007 495//1007
f 494//1008 834//1008 489//1008
f 833//1009 834//1009 495//1009
f 495//1010 834//1010 494//1010
f 489//1011 835//1011 487//1011
f 834//1012 835//1012 489//1012
f 487//1013 836//1013 486//1013
f 835//1014 836//1014 487//1014
f 486//1015 837//1015 481//1015
f 481//1016 837//1016 479//1016
f 836//1017 837//1017 486//1017
f 479//1018 838//1018 478//1018
f 837//1019 838//1019 479//1019
f 478//1020 839//1020 473//1020
f 473//1021 839//1021 470//1021
f 838//1022 839//1022 478//1022
f 470//1023 840//1023 469//1023
f 839//1024 840//1024 470//1024
f 469//1025 841//1025 471//1025
f 471//1026 841//1026 463//1026
f 840//1027 841//1027 469//1027
f 463//1028 842//1028 461//1028
f 461//1029 842//1029 460//1029
f 841//1030 842//1030 463//1030
f 460//1031 843//1031 462//1031
f 842//1032 843//1032 460//1032
f 843//1033 844//1033 462//1033
f 462//1034 844//1034 454//1034
f 454//1035 844//1035 451//1035
f 844//1036 845//1036 451//1036
f 451//1037 845//1037 450//1037
f 450//1038 845//1038 452//1038
f 845//1039 846//1039 452//1039
f 452//1040 846//1040 449//1040
f 449//1041 847//1041 438//1041
f 846//1042 847//1042 449//1042
f 438//1043 847//1043 436//1043
f 847//1044 848//1044 436//1044
f 436//1045 848//1045 439//1045
f 439//1046 848//1046 440//1046
f 440//1047 849//1047 441//1047
f 441//1048 849//1048 442//1048
f 848//1049 849//1049 440//1049
f 442//1050 850//1050 422//1050
f 849//1051 850//1051 442//1051
f 422//1052 851//1052 420//1052
f 420//1053 851//1053 423//1053
f 850//1054 851//1054 422//1054
f 423//1055 852//1055 424//1055
f 424//1056 852//1056 425//1056
f 851//1057 852//1057 423//1057
f 425//1058 853//1058 426//1058
f 426//1059 853//1059 427//1059
f 852//1060 853//1060 425//1060
f 427//1061 854//1061 428//1061
f 428//1062 854//1062 404//1062
f 853//1063 854//1063 427//1063
f 404//1064 855//1064 402//1064
f 854//1065 855//1065 404//1065
f 402//1066 856//1066 405//1066
f 405//1067 856//1067 406//1067
f 855//1068 856//1068 402//1068
f 856//1069 857//1069 406//1069
f 406//1070 857//1070 407//1070
f 407//1071 857//1071 408//1071
f 408//1072 858//1072 409//1072
f 409//1073 858//1073 410//1073
f 857//1074 858//1074 408//1074
f 410//1075 859//1075 391//1075
f 391//1076 859//1076 389//1076
f 858//1077 859//1077 410//1077
f 389//1078 860//1078 387//1078
f 387//1079 860//1079 384//1079
f 859//1080 860//1080 389//1080
f 384//1081 861//1081 385//1081
f 860//1082 861//1082 384//1082
f 385//1083 862//1083 388//1083
f 388//1084 862//1084 390//1084
f 861//1085 862//1085 385//1085
f 862//1086 863//1086 390//1086
f 390//1087 863//1087 392//1087
f 392//1088 863//1088 393//1088
f 863//1089 864//1089 393//1089
f 393//1090 864//1090 394//1090
f 394//1091 864//1091 396//1091
f 864//1092 865//1092 396//1092
f 396//1093 865//1093 397//1093
f 397//1094 865//1094 398//1094
f 865//1095 866//1095 398//1095
f 398//1096 866//1096 399//1096
f 866//1097 867//1097 399//1097
f 399//1098 867//1098 400//1098
f 400//1099 867//1099 401//1099
f 867//1100 868//1100 401//1100
f 401//1101 868//1101 411//1101
f 411//1102 868//1102 412//1102
f 868//1103 869//1103 412//1103
f 412//1104 869//1104 413//1104
f 413//1105 869//1105 415//1105
f 869//1106 870//1106 415//1106
f 415//1107 870//1107 416//1107
f 416//1108 870//1108 417//1108
f 870//1109 871//1109 417//1109
f 417//1110 871//1110 418//1110
f 871//1111 872//1111 418//1111
f 418//1112 872//1112 419//1112
f 419//1113 872//1113 429//1113
f 872//1114 873//1114 429//1114
f 429//1115 873//1115 431//1115
f 431//1116 873//1116 432//1116
f 873//1117 874//1117 432//1117
f 432//1118 874//1118 433//1118
f 433//1119 874//1119 434//1119
f 874//1120 875//1120 434//1120
f 434//1121 875//1121 443//1121
f 443//1122 876//1122 444//1122
f 444//1123 876//1123 445//1123
f 875//1124 876//1124 443//1124
f 445//1125 877//1125 446//1125
f 876//1126 877//1126 445//1126
f 446//1127 878//1127 453//1127
f 453//1128 878//1128 455//1128
f 877//1129 878//1129 446//1129
f 455//1130 879//1130 456//1130
f 456//1131 879//1131 457//1131
f 878//1132 879//1132 455//1132
f 879//1133 880//1133 457//1133
f 457//1134 880//1134 464//1134
f 464//1135 881//1135 465//1135
f 465//1136 881//1136 466//1136
f 880//1137 881//1137 464//1137
f 881//1138 882//1138 466//1138
f 466//1139 882//1139 472//1139
f 882//1140 883//1140 472//1140
f 472//1141 883//1141 474//1141
f 883//1142 884//1142 474//1142
f 474//1143 884//1143 475//1143
f 475//1144 884//1144 480//1144
f 884//1145 885//1145 480//1145
f 480//1146 885//1146 482//1146
f 885//1147 886//1147 482//1147
f 482//1148 886//1148 483//1148
f 483//1149 886//1149 488//1149
f 886//1150 887//1150 488//1150
f 488//1151 887//1151 490//1151
f 887//1152 888//1152 490//1152
f 490//1153 888//1153 491//1153
f 888//1154 889//1154 491//1154
f 491//1155 889//1155 496//1155
f 496//1156 889//1156 498//1156
f 889//1157 890//1157 498//1157
f 498//1158 890//1158 499//1158
f 504//1159 891//1159 892//1159
f 890//1160 891//1160 499//1160
f 499//1161 891//1161 504//1161
f 892//1162 893//1162 894//1162
f 891//1163 893//1163 892//1163
f 894//1164 895//1164 896//1164
f 893//1165 895//1165 894//1165
f 896//1166 897//1166 898//1166
f 895//1167 897//1167 896//1167
f 898//1168 899//1168 900//1168
f 897//1169 899//1169 898//1169
f 900//1170 901//1170 902//1170
f 899//1171 901//1171 900//1171
f 901//1172 903//1172 902//1172
f 902//1173 904//1173 905//1173
f 905//1174 904//1174 906//1174
f 903//1175 904//1175 902//1175
f 904//1176 907//1176 906//1176
f 906//1177 908//1177 909//1177
f 909//1178 908//1178 910//1178
f 907//1179 908//1179 906//1179
f 908//1180 911//1180 910//1180
f 910//1181 912//1181 913//1181
f 911//1182 912//1182 910//1182
f 913//1183 914//1183 915//1183
f 915//1184 914//1184 916//1184
f 912//1185 914//1185 913//1185
f 914//1186 917//1186 916//1186
f 916//1187 918//1187 919//1187
f 917//1188 918//1188 916//1188
f 918//1189 920//1189 919//1189
f 919//1190 920//1190 921//1190
f 920//1191 922//1191 921//1191
f 921//1192 922//1192 923//1192
f 923//1193 924//1193 925//1193
f 925//1194 924//1194 926//1194
f 922//1195 924//1195 923//1195
f 924//1196 927//1196 926//1196
f 926//1197 927//1197 928//1197
f 927//1198 929//1198 928//1198
f 928//1199 930//1199 931//1199
f 929//1200 930//1200 928//1200
f 931//1201 932//1201 933//1201
f 930//1202 932//1202 931//1202
f 933//1203 934//1203 935//1203
f 932//1204 934//1204 933//1204
f 935//1205 936//1205 937//1205
f 937//1206 936//1206 938//1206
f 934//1207 936//1207 935//1207
f 936//1208 939//1208 938//1208
f 938//1209 940//1209 941//1209
f 941//1210 940//1210 942//1210
f 939//1211 940//1211 938//1211
f 940//1212 943//1212 942//1212
f 942//1213 944//1213 945//1213
f 943//1214 944//1214 942//1214
f 945//1215 946//1215 947//1215
f 944//1216 946//1216 945//1216
f 947//1217 948//1217 949//1217
f 949//1218 948//1218 950//1218
f 946//1219 948//1219 947//1219
f 948//1220 951//1220 950//1220
f 950//1221 952//1221 953//1221
f 951//1222 952//1222 950//1222
f 953//1223 764//1223 766//1223
f 952//1224 764//1224 953//1224
f 504//1225 892//1225 500//1225
f 500//1226 892//1226 954//1226
f 954//1227 894//1227 955//1227
f 892//1228 894//1228 954//1228
f 955//1229 896//1229 956//1229
f 894//1230 896//1230 955//1230
f 956//1231 898//1231 957//1231
f 957//1232 898//1232 958//1232
f 896//1233 898//1233 956//1233
f 898//1234 900//1234 958//1234
f 958//1235 902//1235 959//1235
f 900//1236 902//1236 958//1236
f 959//1237 905//1237 960//1237
f 960//1238 905//1238 961//1238
f 902//1239 905//1239 959//1239
f 961//1240 906//1240 962//1240
f 905//1241 906//1241 961//1241
f 906//1242 909//1242 962//1242
f 962//1243 910//1243 963//1243
f 909//1244 910//1244 962//1244
f 963//1245 913//1245 964//1245
f 910//1246 913//1246 963//1246
f 964//1247 915//1247 965//1247
f 913//1248 915//1248 964//1248
f 965//1249 916//1249 966//1249
f 915//1250 916//1250 965//1250
f 916//1251 967//1251 966//1251
f 916//1252 919//1252 967//1252
f 967//1253 921//1253 968//1253
f 919//1254 921//1254 967//1254
f 968//1255 923//1255 969//1255
f 921//1256 923//1256 968//1256
f 925//1257 970//1257 923//1257
f 923//1258 970//1258 969//1258
f 926//1259 971//1259 925//1259
f 925//1260 971//1260 970//1260
f 928//1261 972//1261 926//1261
f 926//1262 972//1262 971//1262
f 928//1263 973//1263 972//1263
f 931//1264 973//1264 928//1264
f 931//1265 974//1265 973//1265
f 933//1266 974//1266 931//1266
f 935//1267 975//1267 933//1267
f 933//1268 975//1268 974//1268
f 935//1269 976//1269 975//1269
f 937//1270 976//1270 935//1270
f 938//1271 977//1271 937//1271
f 941//1272 977//1272 938//1272
f 937//1273 977//1273 976//1273
f 941//1274 978//1274 977//1274
f 942//1275 979//1275 941//1275
f 941//1276 979//1276 978//1276
f 945//1277 980//1277 942//1277
f 942//1278 980//1278 979//1278
f 947//1279 981//1279 945//1279
f 945//1280 981//1280 980//1280
f 949//1281 982//1281 947//1281
f 950//1282 982//1282 949//1282
f 947//1283 982//1283 981//1283
f 953//1284 983//1284 950//1284
f 950//1285 983//1285 982//1285
f 953//1286 984//1286 983//1286
f 766//1287 985//1287 953//1287
f 953//1288 985//1288 984//1288
f 509//1289 986//1289 510//1289
f 827//1290 986//1290 825//1290
f 510//1291 986//1291 827//1291
f 767//1292 987//1292 766//1292
f 766//1293 987//1293 985//1293
f 986//1294 988//1294 825//1294
f 767//1295 989//1295 987//1295
f 769//1296 989//1296 767//1296
f 988//1297 990//1297 825//1297
f 825//1298 990//1298 823//1298
f 769//1299 991//1299 989//1299
f 771//1300 991//1300 769//1300
f 773//1301 991//1301 771//1301
f 990//1302 992//1302 823//1302
f 823//1303 992//1303 821//1303
f 773//1304 993//1304 991//1304
f 992//1305 994//1305 821//1305
f 821//1306 994//1306 819//1306
f 773//1307 995//1307 993//1307
f 775//1308 995//1308 773//1308
f 777//1309 995//1309 775//1309
f 994//1310 996//1310 819//1310
f 819//1311 996//1311 817//1311
f 777//1312 997//1312 995//1312
f 996//1313 998//1313 817//1313
f 817//1314 998//1314 815//1314
f 779//1315 999//1315 777//1315
f 781//1316 999//1316 779//1316
f 777//1317 999//1317 997//1317
f 998//1318 1000//1318 815//1318
f 815//1319 1000//1319 813//1319
f 781//1320 1001//1320 999//1320
f 1000//1321 1002//1321 813//1321
f 811//1322 1002//1322 809//1322
f 813//1323 1002//1323 811//1323
f 783//1324 1003//1324 781//1324
f 781//1325 1003//1325 1001//1325
f 1002//1326 1004//1326 809//1326
f 783//1327 1005//1327 1003//1327
f 785//1328 1005//1328 783//1328
f 787//1329 1005//1329 785//1329
f 787//1330 1006//1330 1005//1330
f 789//1331 1006//1331 787//1331
f 1004//1332 1007//1332 809//1332
f 807//1333 1007//1333 805//1333
f 809//1334 1007//1334 807//1334
f 789//1335 1008//1335 1006//1335
f 791//1336 1008//1336 789//1336
f 1007//1337 1009//1337 805//1337
f 1009//1338 1010//1338 805//1338
f 805//1339 1010//1339 803//1339
f 791//1340 1011//1340 1008//1340
f 791//1341 1012//1341 1011//1341
f 793//1342 1012//1342 791//1342
f 1010//1343 1013//1343 803//1343
f 803//1344 1013//1344 801//1344
f 793//1345 1014//1345 1012//1345
f 795//1346 1014//1346 793//1346
f 797//1347 1014//1347 795//1347
f 801//1348 1015//1348 799//1348
f 1013//1349 1015//1349 801//1349
f 799//1350 1016//1350 797//1350
f 1015//1351 1016//1351 799//1351
f 797//1352 1016//1352 1014//1352
f 150//1353 1017//1353 147//1353
f 1017//1354 1018//1354 147//1354
f 147//1355 1018//1355 148//1355
f 1018//1356 1019//1356 148//1356
f 148//1357 1019//1357 149//1357
f 1019//1358 1020//1358 149//1358
f 149//1359 1020//1359 152//1359
f 152//1360 1020//1360 153//1360
f 1020//1361 1021//1361 153//1361
f 153//1362 1021//1362 154//1362
f 1021//1363 1022//1363 154//1363
f 154//1364 1022//1364 156//1364
f 1022//1365 1023//1365 156//1365
f 156//1366 1023//1366 157//1366
f 157//1367 1023//1367 158//1367
f 158//1368 1024//1368 159//1368
f 1023//1369 1024//1369 158//1369
f 159//1370 1025//1370 168//1370
f 1024//1371 1025//1371 159//1371
f 168//1372 1026//1372 169//1372
f 1025//1373 1026//1373 168//1373
f 169//1374 1027//1374 171//1374
f 171//1375 1027//1375 172//1375
f 1026//1376 1027//1376 169//1376
f 172//1377 1028//1377 173//1377
f 1027//1378 1028//1378 172//1378
f 173//1379 1029//1379 174//1379
f 1028//1380 1029//1380 173//1380
f 174//1381 1030//1381 185//1381
f 1029//1382 1030//1382 174//1382
f 185//1383 1031//1383 186//1383
f 186//1384 1031//1384 187//1384
f 1030//1385 1031//1385 185//1385
f 187//1386 1032//1386 194//1386
f 1031//1387 1032//1387 187//1387
f 194//1388 1033//1388 196//1388
f 1032//1389 1033//1389 194//1389
f 196//1390 1034//1390 197//1390
f 1033//1391 1034//1391 196//1391
f 197//1392 1035//1392 202//1392
f 1034//1393 1035//1393 197//1393
f 202//1394 1036//1394 205//1394
f 1035//1395 1036//1395 202//1395
f 205//1396 1037//1396 206//1396
f 206//1397 1037//1397 212//1397
f 1036//1398 1037//1398 205//1398
f 212//1399 1038//1399 214//1399
f 1037//1400 1038//1400 212//1400
f 1038//1401 1039//1401 214//1401
f 214//1402 1039//1402 215//1402
f 1039//1403 1040//1403 215//1403
f 215//1404 1040//1404 221//1404
f 1040//1405 1041//1405 221//1405
f 221//1406 1041//1406 222//1406
f 1041//1407 1042//1407 222//1407
f 222//1408 1042//1408 227//1408
f 1042//1409 1043//1409 227//1409
f 227//1410 1043//1410 229//1410
f 229//1411 1043//1411 230//1411
f 1043//1412 1044//1412 230//1412
f 230//1413 1044//1413 235//1413
f 1044//1414 1045//1414 235//1414
f 235//1415 1045//1415 236//1415
f 1045//1416 1046//1416 236//1416
f 236//1417 1046//1417 241//1417
f 1046//1418 1047//1418 241//1418
f 241//1419 1047//1419 243//1419
f 1047//1420 1048//1420 243//1420
f 243//1421 1048//1421 247//1421
f 1048//1422 1049//1422 247//1422
f 247//1423 1049//1423 249//1423
f 1049//1424 1050//1424 249//1424
f 249//1425 1050//1425 251//1425
f 251//1426 1050//1426 255//1426
f 1050//1427 1051//1427 255//1427
f 255//1428 1051//1428 257//1428
f 1051//1429 1052//1429 257//1429
f 257//1430 1052//1430 261//1430
f 1052//1431 1053//1431 261//1431
f 261//1432 1053//1432 263//1432
f 1053//1433 1054//1433 263//1433
f 263//1434 1054//1434 267//1434
f 1054//1435 1055//1435 267//1435
f 267//1436 1055//1436 269//1436
f 269//1437 1055//1437 270//1437
f 270//1438 1056//1438 275//1438
f 1055//1439 1056//1439 270//1439
f 275//1440 1057//1440 276//1440
f 1056//1441 1057//1441 275//1441
f 276//1442 1058//1442 281//1442
f 1057//1443 1058//1443 276//1443
f 281//1444 1059//1444 283//1444
f 283//1445 1059//1445 284//1445
f 1058//1446 1059//1446 281//1446
f 284//1447 1060//1447 289//1447
f 1059//1448 1060//1448 284//1448
f 1060//1449 1061//1449 289//1449
f 289//1450 1061//1450 291//1450
f 291//1451 1061//1451 292//1451
f 1061//1452 1062//1452 292//1452
f 292//1453 1062//1453 297//1453
f 1062//1454 1063//1454 297//1454
f 297//1455 1063//1455 298//1455
f 1063//1456 1064//1456 298//1456
f 298//1457 1064//1457 299//1457
f 299//1458 1064//1458 300//1458
f 1064//1459 1065//1459 300//1459
f 300//1460 1065//1460 307//1460
f 1065//1461 1066//1461 307//1461
f 307//1462 1066//1462 308//1462
f 308//1463 1066//1463 309//1463
f 1066//1464 1067//1464 309//1464
f 309//1465 1067//1465 310//1465
f 1067//1466 1068//1466 310//1466
f 310//1467 1068//1467 316//1467
f 316//1468 1068//1468 317//1468
f 1068//1469 1069//1469 317//1469
f 317//1470 1069//1470 318//1470
f 1069//1471 1070//1471 318//1471
f 318//1472 1070//1472 319//1472
f 319//1473 1070//1473 325//1473
f 1070//1474 1071//1474 325//1474
f 325//1475 1071//1475 327//1475
f 327//1476 1071//1476 328//1476
f 1071//1477 1072//1477 328//1477
f 328//1478 1072//1478 329//1478
f 1072//1479 1073//1479 329//1479
f 329//1480 1073//1480 330//1480
f 330//1481 1073//1481 331//1481
f 331//1482 1074//1482 332//1482
f 1073//1483 1074//1483 331//1483
f 332//1484 1075//1484 340//1484
f 340//1485 1075//1485 341//1485
f 1074//1486 1075//1486 332//1486
f 341//1487 1076//1487 343//1487
f 343//1488 1076//1488 344//1488
f 1075//1489 1076//1489 341//1489
f 344//1490 1077//1490 345//1490
f 1076//1491 1077//1491 344//1491
f 345//1492 1078//1492 346//1492
f 346//1493 1078//1493 347//1493
f 1077//1494 1078//1494 345//1494
f 347//1495 1079//1495 348//1495
f 348//1496 1079//1496 349//1496
f 1078//1497 1079//1497 347//1497
f 349//1498 1080//1498 361//1498
f 1079//1499 1080//1499 349//1499
f 361//1500 1081//1500 359//1500
f 359//1501 1081//1501 362//1501
f 1080//1502 1081//1502 361//1502
f 1081//1503 1082//1503 362//1503
f 362//1504 1082//1504 363//1504
f 1082//1505 1083//1505 363//1505
f 363//1506 1083//1506 364//1506
f 364//1507 1083//1507 365//1507
f 1083//1508 1084//1508 365//1508
f 365//1509 1084//1509 366//1509
f 366//1510 1084//1510 353//1510
f 353//1511 1085//1511 352//1511
f 1084//1512 1085//1512 353//1512
f 352//1513 1086//1513 354//1513
f 354//1514 1086//1514 355//1514
f 1085//1515 1086//1515 352//1515
f 355//1516 1087//1516 356//1516
f 1086//1517 1087//1517 355//1517
f 356//1518 1088//1518 357//1518
f 357//1519 1088//1519 358//1519
f 1087//1520 1088//1520 356//1520
f 358//1521 1089//1521 339//1521
f 339//1522 1089//1522 338//1522
f 1088//1523 1089//1523 358//1523
f 338//1524 1090//1524 335//1524
f 1089//1525 1090//1525 338//1525
f 335//1526 1091//1526 333//1526
f 333//1527 1091//1527 336//1527
f 1090//1528 1091//1528 335//1528
f 336//1529 1092//1529 337//1529
f 1091//1530 1092//1530 336//1530
f 337//1531 1093//1531 322//1531
f 322//1532 1093//1532 320//1532
f 1092//1533 1093//1533 337//1533
f 320//1534 1094//1534 323//1534
f 1093//1535 1094//1535 320//1535
f 323//1536 1095//1536 324//1536
f 324//1537 1095//1537 314//1537
f 1094//1538 1095//1538 323//1538
f 314//1539 1096//1539 313//1539
f 1095//1540 1096//1540 314//1540
f 313//1541 1097//1541 315//1541
f 315//1542 1097//1542 306//1542
f 1096//1543 1097//1543 313//1543
f 306//1544 1098//1544 304//1544
f 1097//1545 1098//1545 306//1545
f 304//1546 1099//1546 302//1546
f 302//1547 1099//1547 305//1547
f 1098//1548 1099//1548 304//1548
f 305//1549 1100//1549 296//1549
f 1099//1550 1100//1550 305//1550
f 1100//1551 1101//1551 296//1551
f 296//1552 1101//1552 294//1552
f 294//1553 1102//1553 290//1553
f 290//1554 1102//1554 288//1554
f 1101//1555 1102//1555 294//1555
f 1102//1556 1103//1556 288//1556
f 288//1557 1103//1557 286//1557
f 1103//1558 1104//1558 286//1558
f 286//1559 1104//1559 282//1559
f 1104//1560 1105//1560 282//1560
f 282//1561 1105//1561 280//1561
f 1105//1562 1106//1562 280//1562
f 280//1563 1106//1563 278//1563
f 278//1564 1106//1564 274//1564
f 1106//1565 1107//1565 274//1565
f 274//1566 1107//1566 273//1566
f 1107//1567 1108//1567 273//1567
f 273//1568 1108//1568 268//1568
f 1108//1569 1109//1569 268//1569
f 268//1570 1109//1570 266//1570
f 1109//1571 1110//1571 266//1571
f 266//1572 1110//1572 262//1572
f 1110//1573 1111//1573 262//1573
f 262//1574 1111//1574 260//1574
f 1111//1575 1112//1575 260//1575
f 260//1576 1112//1576 256//1576
f 1112//1577 1113//1577 256//1577
f 256//1578 1113//1578 254//1578
f 254//1579 1113//1579 253//1579
f 253//1580 1114//1580 248//1580
f 1113//1581 1114//1581 253//1581
f 248//1582 1115//1582 246//1582
f 1114//1583 1115//1583 248//1583
f 246//1584 1116//1584 242//1584
f 1115//1585 1116//1585 246//1585
f 242//1586 1117//1586 240//1586
f 1116//1587 1117//1587 242//1587
f 240//1588 1118//1588 238//1588
f 238//1589 1118//1589 234//1589
f 1117//1590 1118//1590 240//1590
f 234//1591 1119//1591 233//1591
f 1118//1592 1119//1592 234//1592
f 233//1593 1120//1593 228//1593
f 1119//1594 1120//1594 233//1594
f 228//1595 1121//1595 226//1595
f 1120//1596 1121//1596 228//1596
f 226//1597 1122//1597 224//1597
f 224//1598 1122//1598 220//1598
f 1121//1599 1122//1599 226//1599
f 220//1600 1123//1600 219//1600
f 1122//1601 1123//1601 220//1601
f 1123//1602 1124//1602 219//1602
f 219//1603 1124//1603 218//1603
f 218//1604 1124//1604 213//1604
f 1124//1605 1125//1605 213//1605
f 213//1606 1125//1606 210//1606
f 1125//1607 1126//1607 210//1607
f 210//1608 1126//1608 209//1608
f 1126//1609 1127//1609 209//1609
f 209//1610 1127//1610 211//1610
f 211//1611 1127//1611 204//1611
f 1127//1612 1128//1612 204//1612
f 204//1613 1128//1613 200//1613
f 1128//1614 1129//1614 200//1614
f 200//1615 1129//1615 198//1615
f 198//1616 1129//1616 201//1616
f 1129//1617 1130//1617 201//1617
f 201//1618 1130//1618 193//1618
f 1130//1619 1131//1619 193//1619
f 193//1620 1131//1620 190//1620
f 190//1621 1131//1621 188//1621
f 1131//1622 1132//1622 188//1622
f 188//1623 1132//1623 191//1623
f 1132//1624 1133//1624 191//1624
f 191//1625 1133//1625 192//1625
f 192//1626 1133//1626 178//1626
f 1133//1627 1134//1627 178//1627
f 178//1628 1134//1628 177//1628
f 177//1629 1134//1629 179//1629
f 1134//1630 1135//1630 179//1630
f 179//1631 1135//1631 180//1631
f 1135//1632 1136//1632 180//1632
f 180//1633 1136//1633 181//1633
f 181//1634 1136//1634 182//1634
f 1136//1635 1137//1635 182//1635
f 182//1636 1137//1636 183//1636
f 1137//1637 1138//1637 183//1637
f 183//1638 1138//1638 184//1638
f 184//1639 1138//1639 162//1639
f 1138//1640 1139//1640 162//1640
f 162//1641 1139//1641 161//1641
f 161//1642 1139//1642 163//1642
f 1139//1643 1140//1643 163//1643
f 163//1644 1140//1644 164//1644
f 1140//1645 1141//1645 164//1645
f 164//1646 1141//1646 165//1646
f 165//1647 1141//1647 166//1647
f 1141//1648 1142//1648 166//1648
f 166//1649 1142//1649 167//1649
f 167//1650 1142//1650 151//1650
f 151//1651 1017//1651 150//1651
f 1142//1652 1017//1652 151//1652
f 1143//1653 1144//1653 1145//1653
f 1143//1654 1146//1654 1144//1654
f 1147//1655 1148//1655 1149//1655
f 1150//1656 1146//1656 1143//1656
f 1151//1657 1148//1657 1147//1657
f 1152//1658 1153//1658 1150//1658
f 1152//1659 1150//1659 1143//1659
f 1154//1660 1153//1660 1152//1660
f 1155//1661 1154//1661 1152//1661
f 1156//1662 1154//1662 1155//1662
f 1157//1663 1156//1663 1155//1663
f 1158//1664 1157//1664 1155//1664
f 1159//1665 1157//1665 1158//1665
f 1160//1666 1159//1666 1158//1666
f 1161//1667 1160//1667 1158//1667
f 1161//1668 1158//1668 1162//1668
f 1163//1669 1161//1669 1162//1669
f 1164//1670 1165//1670 1166//1670
f 1167//1671 1151//1671 1168//1671
f 1167//1672 1168//1672 1169//1672
f 1167//1673 1170//1673 1148//1673
f 1167//1674 1148//1674 1151//1674
f 1171//1675 1172//1675 1170//1675
f 1171//1676 1173//1676 1172//1676
f 1174//1677 1169//1677 1175//1677
f 1174//1678 1171//1678 1170//1678
f 1174//1679 1167//1679 1169//1679
f 1174//1680 1170//1680 1167//1680
f 1176//1681 1177//1681 1173//1681
f 1176//1682 1178//1682 1177//1682
f 1179//1683 1175//1683 1180//1683
f 1179//1684 1180//1684 1181//1684
f 1179//1685 1174//1685 1175//1685
f 1182//1686 1171//1686 1174//1686
f 1182//1687 1176//1687 1173//1687
f 1182//1688 1173//1688 1171//1688
f 1183//1689 1184//1689 1178//1689
f 1185//1690 1181//1690 1186//1690
f 1185//1691 1179//1691 1181//1691
f 1187//1692 1182//1692 1174//1692
f 1187//1693 1174//1693 1179//1693
f 1188//1694 1176//1694 1182//1694
f 1188//1695 1178//1695 1176//1695
f 1188//1696 1183//1696 1178//1696
f 1189//1697 1190//1697 1184//1697
f 1189//1698 1191//1698 1190//1698
f 1192//1699 1193//1699 1163//1699
f 1192//1700 1194//1700 1193//1700
f 1192//1701 1163//1701 1162//1701
f 1192//1702 1162//1702 1195//1702
f 1196//1703 1179//1703 1185//1703
f 1196//1704 1187//1704 1179//1704
f 1197//1705 1188//1705 1182//1705
f 1197//1706 1182//1706 1187//1706
f 1198//1707 1183//1707 1188//1707
f 1198//1708 1184//1708 1183//1708
f 1198//1709 1189//1709 1184//1709
f 1199//1710 1191//1710 1189//1710
f 1199//1711 1200//1711 1191//1711
f 1199//1712 1201//1712 1200//1712
f 1202//1713 1203//1713 1201//1713
f 1204//1714 1205//1714 1206//1714
f 1207//1715 1194//1715 1192//1715
f 1207//1716 1208//1716 1194//1716
f 1207//1717 1195//1717 1209//1717
f 1207//1718 1192//1718 1195//1718
f 1210//1719 1186//1719 1211//1719
f 1210//1720 1211//1720 1212//1720
f 1210//1721 1196//1721 1185//1721
f 1210//1722 1185//1722 1186//1722
f 1213//1723 1197//1723 1187//1723
f 1213//1724 1187//1724 1196//1724
f 1214//1725 1188//1725 1197//1725
f 1214//1726 1198//1726 1188//1726
f 1215//1727 1189//1727 1198//1727
f 1215//1728 1199//1728 1189//1728
f 1216//1729 1201//1729 1199//1729
f 1216//1730 1202//1730 1201//1730
f 1217//1731 1203//1731 1202//1731
f 1217//1732 1206//1732 1203//1732
f 1217//1733 1204//1733 1206//1733
f 1218//1734 1207//1734 1209//1734
f 1218//1735 1208//1735 1207//1735
f 1218//1736 1219//1736 1208//1736
f 1218//1737 1209//1737 1205//1737
f 1218//1738 1205//1738 1204//1738
f 1220//1739 1210//1739 1212//1739
f 1220//1740 1212//1740 1221//1740
f 1222//1741 1196//1741 1210//1741
f 1222//1742 1213//1742 1196//1742
f 1223//1743 1197//1743 1213//1743
f 1223//1744 1214//1744 1197//1744
f 1224//1745 1215//1745 1198//1745
f 1224//1746 1198//1746 1214//1746
f 1225//1747 1216//1747 1199//1747
f 1225//1748 1199//1748 1215//1748
f 1226//1749 1202//1749 1216//1749
f 1226//1750 1217//1750 1202//1750
f 1227//1751 1204//1751 1217//1751
f 1227//1752 1218//1752 1204//1752
f 1227//1753 1228//1753 1219//1753
f 1227//1754 1229//1754 1228//1754
f 1227//1755 1219//1755 1218//1755
f 1230//1756 1221//1756 1231//1756
f 1230//1757 1220//1757 1221//1757
f 1230//1758 1231//1758 1232//1758
f 1233//1759 1210//1759 1220//1759
f 1233//1760 1222//1760 1210//1760
f 1234//1761 1213//1761 1222//1761
f 1234//1762 1223//1762 1213//1762
f 1235//1763 1224//1763 1214//1763
f 1235//1764 1214//1764 1223//1764
f 1236//1765 1225//1765 1215//1765
f 1236//1766 1215//1766 1224//1766
f 1237//1767 1226//1767 1216//1767
f 1237//1768 1216//1768 1225//1768
f 1238//1769 1217//1769 1226//1769
f 1238//1770 1227//1770 1217//1770
f 1238//1771 1239//1771 1229//1771
f 1238//1772 1229//1772 1227//1772
f 1240//1773 1232//1773 1241//1773
f 1240//1774 1241//1774 1242//1774
f 1240//1775 1242//1775 1243//1775
f 1240//1776 1230//1776 1232//1776
f 1244//1777 1233//1777 1220//1777
f 1244//1778 1220//1778 1230//1778
f 1245//1779 1234//1779 1222//1779
f 1245//1780 1222//1780 1233//1780
f 1246//1781 1223//1781 1234//1781
f 1246//1782 1235//1782 1223//1782
f 1247//1783 1224//1783 1235//1783
f 1247//1784 1236//1784 1224//1784
f 1248//1785 1225//1785 1236//1785
f 1248//1786 1237//1786 1225//1786
f 1249//1787 1238//1787 1226//1787
f 1249//1788 1250//1788 1239//1788
f 1249//1789 1239//1789 1238//1789
f 1249//1790 1226//1790 1237//1790
f 1251//1791 1243//1791 1252//1791
f 1251//1792 1252//1792 1253//1792
f 1251//1793 1240//1793 1243//1793
f 1251//1794 1230//1794 1240//1794
f 1251//1795 1244//1795 1230//1795
f 1254//1796 1233//1796 1244//1796
f 1254//1797 1245//1797 1233//1797
f 1255//1798 1234//1798 1245//1798
f 1255//1799 1246//1799 1234//1799
f 1256//1800 1235//1800 1246//1800
f 1256//1801 1247//1801 1235//1801
f 1257//1802 1236//1802 1247//1802
f 1257//1803 1248//1803 1236//1803
f 1258//1804 1259//1804 1250//1804
f 1258//1805 1260//1805 1259//1805
f 1258//1806 1237//1806 1248//1806
f 1258//1807 1250//1807 1249//1807
f 1258//1808 1249//1808 1237//1808
f 1261//1809 1254//1809 1244//1809
f 1261//1810 1244//1810 1251//1810
f 1262//1811 1255//1811 1245//1811
f 1262//1812 1245//1812 1254//1812
f 1263//1813 1246//1813 1255//1813
f 1263//1814 1256//1814 1246//1814
f 1264//1815 1247//1815 1256//1815
f 1264//1816 1257//1816 1247//1816
f 1265//1817 1248//1817 1257//1817
f 1265//1818 1266//1818 1260//1818
f 1265//1819 1260//1819 1258//1819
f 1265//1820 1258//1820 1248//1820
f 1267//1821 1261//1821 1251//1821
f 1267//1822 1253//1822 1268//1822
f 1267//1823 1251//1823 1253//1823
f 1269//1824 1262//1824 1254//1824
f 1269//1825 1254//1825 1261//1825
f 1270//1826 1255//1826 1262//1826
f 1270//1827 1263//1827 1255//1827
f 1271//1828 1264//1828 1256//1828
f 1271//1829 1256//1829 1263//1829
f 1272//1830 1257//1830 1264//1830
f 1272//1831 1273//1831 1266//1831
f 1272//1832 1274//1832 1273//1832
f 1272//1833 1266//1833 1265//1833
f 1272//1834 1265//1834 1257//1834
f 1275//1835 1268//1835 1276//1835
f 1275//1836 1276//1836 1277//1836
f 1275//1837 1267//1837 1268//1837
f 1275//1838 1261//1838 1267//1838
f 1275//1839 1269//1839 1261//1839
f 1278//1840 1270//1840 1262//1840
f 1278//1841 1262//1841 1269//1841
f 1279//1842 1271//1842 1263//1842
f 1279//1843 1263//1843 1270//1843
f 1280//1844 1272//1844 1264//1844
f 1280//1845 1274//1845 1272//1845
f 1280//1846 1281//1846 1274//1846
f 1280//1847 1264//1847 1271//1847
f 1282//1848 1278//1848 1269//1848
f 1282//1849 1269//1849 1275//1849
f 1283//1850 1270//1850 1278//1850
f 1283//1851 1279//1851 1270//1851
f 1284//1852 1271//1852 1279//1852
f 1284//1853 1280//1853 1271//1853
f 1284//1854 1285//1854 1281//1854
f 1284//1855 1281//1855 1280//1855
f 1286//1856 1275//1856 1277//1856
f 1286//1857 1277//1857 1287//1857
f 1286//1858 1282//1858 1275//1858
f 1288//1859 1283//1859 1278//1859
f 1288//1860 1278//1860 1282//1860
f 1289//1861 1284//1861 1279//1861
f 1289//1862 1290//1862 1285//1862
f 1289//1863 1291//1863 1290//1863
f 1289//1864 1285//1864 1284//1864
f 1289//1865 1279//1865 1283//1865
f 1292//1866 1287//1866 1293//1866
f 1292//1867 1293//1867 1294//1867
f 1292//1868 1288//1868 1282//1868
f 1292//1869 1286//1869 1287//1869
f 1292//1870 1282//1870 1286//1870
f 1295//1871 1296//1871 1291//1871
f 1295//1872 1291//1872 1289//1872
f 1295//1873 1283//1873 1288//1873
f 1295//1874 1289//1874 1283//1874
f 1297//1875 1296//1875 1295//1875
f 1297//1876 1298//1876 1296//1876
f 1297//1877 1165//1877 1298//1877
f 1297//1878 1288//1878 1292//1878
f 1297//1879 1295//1879 1288//1879
f 1299//1880 1294//1880 1166//1880
f 1299//1881 1166//1881 1165//1881
f 1299//1882 1292//1882 1294//1882
f 1299//1883 1165//1883 1297//1883
f 1299//1884 1297//1884 1292//1884
f 1300//1885 1164//1885 1301//1885
f 1302//1886 1301//1886 1303//1886
f 1302//1887 1300//1887 1301//1887
f 1304//1888 1303//1888 1305//1888
f 1304//1889 1302//1889 1303//1889
f 1306//1890 1305//1890 1307//1890
f 1306//1891 1304//1891 1305//1891
f 1308//1892 1307//1892 1309//1892
f 1308//1893 1306//1893 1307//1893
f 1310//1894 1309//1894 1311//1894
f 1310//1895 1308//1895 1309//1895
f 1312//1896 1311//1896 1313//1896
f 1312//1897 1310//1897 1311//1897
f 1314//1898 1313//1898 1315//1898
f 1314//1899 1312//1899 1313//1899
f 1316//1900 1315//1900 1317//1900
f 1316//1901 1314//1901 1315//1901
f 1318//1902 1317//1902 1319//1902
f 1318//1903 1316//1903 1317//1903
f 1320//1904 1319//1904 1321//1904
f 1320//1905 1318//1905 1319//1905
f 1322//1906 1320//1906 1321//1906
f 1322//1907 1321//1907 1323//1907
f 1324//1908 1322//1908 1323//1908
f 1324//1909 1323//1909 1325//1909
f 1326//1910 1324//1910 1325//1910
f 1326//1911 1325//1911 1327//1911
f 1328//1912 1326//1912 1327//1912
f 1328//1913 1327//1913 1329//1913
f 1330//1914 1328//1914 1329//1914
f 1330//1915 1329//1915 1331//1915
f 1332//1916 1330//1916 1331//1916
f 1332//1917 1331//1917 1333//1917
f 1334//1918 1332//1918 1333//1918
f 1334//1919 1333//1919 1335//1919
f 1336//1920 1334//1920 1335//1920
f 1336//1921 1335//1921 1337//1921
f 1338//1922 1336//1922 1337//1922
f 1338//1923 1337//1923 1339//1923
f 1340//1924 1338//1924 1339//1924
f 1340//1925 1339//1925 1341//1925
f 1342//1926 1340//1926 1341//1926
f 1342//1927 1341//1927 1343//1927
f 1344//1928 1342//1928 1343//1928
f 1344//1929 1343//1929 1345//1929
f 1346//1930 1345//1930 1347//1930
f 1346//1931 1344//1931 1345//1931
f 1348//1932 1347//1932 1349//1932
f 1348//1933 1346//1933 1347//1933
f 1350//1934 1349//1934 1351//1934
f 1350//1935 1348//1935 1349//1935
f 1352//1936 1351//1936 1353//1936
f 1352//1937 1350//1937 1351//1937
f 1354//1938 1353//1938 1355//1938
f 1354//1939 1352//1939 1353//1939
f 1356//1940 1355//1940 1357//1940
f 1356//1941 1354//1941 1355//1941
f 1358//1942 1357//1942 1359//1942
f 1358//1943 1356//1943 1357//1943
f 1360//1944 1359//1944 1361//1944
f 1360//1945 1358//1945 1359//1945
f 1362//1946 1361//1946 1363//1946
f 1362//1947 1360//1947 1361//1947
f 1364//1948 1363//1948 1365//1948
f 1364//1949 1362//1949 1363//1949
f 1366//1950 1365//1950 1367//1950
f 1366//1951 1364//1951 1365//1951
f 1368//1952 1367//1952 1369//1952
f 1368//1953 1366//1953 1367//1953
f 1370//1954 1369//1954 1371//1954
f 1370//1955 1368//1955 1369//1955
f 1372//1956 1370//1956 1371//1956
f 1372//1957 1371//1957 1373//1957
f 1374//1958 1372//1958 1373//1958
f 1374//1959 1373//1959 1375//1959
f 1376//1960 1374//1960 1375//1960
f 1376//1961 1375//1961 1377//1961
f 1378//1962 1376//1962 1377//1962
f 1378//1963 1377//1963 1379//1963
f 1380//1964 1378//1964 1379//1964
f 1380//1965 1379//1965 1381//1965
f 1382//1966 1380//1966 1381//1966
f 1382//1967 1381//1967 1383//1967
f 1384//1968 1382//1968 1383//1968
f 1384//1969 1383//1969 1385//1969
f 1386//1970 1384//1970 1385//1970
f 1386//1971 1385//1971 1387//1971
f 1388//1972 1386//1972 1387//1972
f 1388//1973 1387//1973 1389//1973
f 1390//1974 1388//1974 1389//1974
f 1390//1975 1389//1975 1391//1975
f 1392//1976 1390//1976 1391//1976
f 1392//1977 1391//1977 1393//1977
f 1394//1978 1392//1978 1393//1978
f 1394//1979 1393//1979 1395//1979
f 1396//1980 1394//1980 1395//1980
f 1396//1981 1395//1981 1397//1981
f 1398//1982 1396//1982 1397//1982
f 1398//1983 1397//1983 1399//1983
f 1400//1984 1398//1984 1399//1984
f 1400//1985 1399//1985 1401//1985
f 1402//1986 1400//1986 1401//1986
f 1402//1987 1401//1987 1403//1987
f 1404//1988 1402//1988 1403//1988
f 1404//1989 1403//1989 1405//1989
f 1406//1990 1404//1990 1405//1990
f 1406//1991 1405//1991 1407//1991
f 1408//1992 1406//1992 1407//1992
f 1408//1993 1407//1993 1409//1993
f 1410//1994 1408//1994 1409//1994
f 1410//1995 1409//1995 1411//1995
f 1412//1996 1410//1996 1411//1996
f 1412//1997 1411//1997 1413//1997
f 1414//1998 1413//1998 1415//1998
f 1414//1999 1412//1999 1413//1999
f 1416//2000 1415//2000 1417//2000
f 1416//2001 1414//2001 1415//2001
f 1418//2002 1417//2002 1419//2002
f 1418//2003 1416//2003 1417//2003
f 1420//2004 1419//2004 1421//2004
f 1420//2005 1418//2005 1419//2005
f 1422//2006 1421//2006 1423//2006
f 1422//2007 1420//2007 1421//2007
f 1424//2008 1422//2008 1423//2008
f 1424//2009 1423//2009 1425//2009
f 1426//2010 1424//2010 1425//2010
f 1426//2011 1425//2011 1427//2011
f 1428//2012 1426//2012 1427//2012
f 1428//2013 1427//2013 1429//2013
f 1430//2014 1428//2014 1429//2014
f 1430//2015 1429//2015 1431//2015
f 1432//2016 1430//2016 1431//2016
f 1432//2017 1431//2017 1433//2017
f 1434//2018 1432//2018 1433//2018
f 1434//2019 1433//2019 1435//2019
f 1436//2020 1434//2020 1435//2020
f 1436//2021 1435//2021 1437//2021
f 1438//2022 1436//2022 1437//2022
f 1438//2023 1437//2023 1439//2023
f 1440//2024 1438//2024 1439//2024
f 1440//2025 1439//2025 1441//2025
f 1442//2026 1440//2026 1441//2026
f 1442//2027 1441//2027 1443//2027
f 1444//2028 1442//2028 1443//2028
f 1444//2029 1443//2029 1445//2029
f 1446//2030 1445//2030 1447//2030
f 1446//2031 1444//2031 1445//2031
f 1448//2032 1447//2032 1449//2032
f 1448//2033 1446//2033 1447//2033
f 1450//2034 1449//2034 1451//2034
f 1450//2035 1448//2035 1449//2035
f 1452//2036 1451//2036 1453//2036
f 1452//2037 1450//2037 1451//2037
f 1454//2038 1453//2038 1455//2038
f 1454//2039 1452//2039 1453//2039
f 1456//2040 1455//2040 1457//2040
f 1456//2041 1454//2041 1455//2041
f 1458//2042 1457//2042 1459//2042
f 1458//2043 1456//2043 1457//2043
f 1460//2044 1459//2044 1461//2044
f 1460//2045 1458//2045 1459//2045
f 1462//2046 1461//2046 1463//2046
f 1462//2047 1460//2047 1461//2047
f 1464//2048 1463//2048 1465//2048
f 1464//2049 1462//2049 1463//2049
f 1466//2050 1465//2050 1467//2050
f 1466//2051 1464//2051 1465//2051
f 1468//2052 1467//2052 1469//2052
f 1468//2053 1466//2053 1467//2053
f 1470//2054 1469//2054 1471//2054
f 1470//2055 1468//2055 1469//2055
f 1472//2056 1471//2056 1473//2056
f 1472//2057 1470//2057 1471//2057
f 1474//2058 1472//2058 1473//2058
f 1474//2059 1473//2059 1475//2059
f 1476//2060 1474//2060 1475//2060
f 1476//2061 1475//2061 1477//2061
f 1478//2062 1476//2062 1477//2062
f 1478//2063 1477//2063 1479//2063
f 1480//2064 1479//2064 1481//2064
f 1480//2065 1478//2065 1479//2065
f 1482//2066 1480//2066 1481//2066
f 1482//2067 1481//2067 1483//2067
f 1484//2068 1483//2068 1485//2068
f 1484//2069 1482//2069 1483//2069
f 1486//2070 1485//2070 1487//2070
f 1486//2071 1484//2071 1485//2071
f 1488//2072 1487//2072 1145//2072
f 1488//2073 1486//2073 1487//2073
f 1489//2074 1145//2074 1144//2074
f 1489//2075 1488//2075 1145//2075
f 1490//2076 1144//2076 1146//2076
f 1490//2077 1489//2077 1144//2077
f 1491//2078 1146//2078 1150//2078
f 1491//2079 1490//2079 1146//2079
f 1492//2080 1150//2080 1153//2080
f 1492//2081 1491//2081 1150//2081
f 1493//2082 1153//2082 1154//2082
f 1493//2083 1492//2083 1153//2083
f 1494//2084 1154//2084 1156//2084
f 1494//2085 1493//2085 1154//2085
f 1495//2086 1156//2086 1157//2086
f 1495//2087 1494//2087 1156//2087
f 1496//2088 1157//2088 1159//2088
f 1496//2089 1495//2089 1157//2089
f 1497//2090 1159//2090 1160//2090
f 1497//2091 1496//2091 1159//2091
f 1498//2092 1160//2092 1161//2092
f 1498//2093 1497//2093 1160//2093
f 1499//2094 1161//2094 1163//2094
f 1499//2095 1498//2095 1161//2095
f 1500//2096 1163//2096 1193//2096
f 1500//2097 1499//2097 1163//2097
f 1501//2098 1193//2098 1194//2098
f 1501//2099 1500//2099 1193//2099
f 1502//2100 1194//2100 1208//2100
f 1502//2101 1501//2101 1194//2101
f 1503//2102 1208//2102 1219//2102
f 1503//2103 1502//2103 1208//2103
f 1504//2104 1219//2104 1228//2104
f 1504//2105 1503//2105 1219//2105
f 1505//2106 1228//2106 1229//2106
f 1505//2107 1504//2107 1228//2107
f 1506//2108 1505//2108 1229//2108
f 1506//2109 1229//2109 1239//2109
f 1507//2110 1506//2110 1239//2110
f 1507//2111 1239//2111 1250//2111
f 1508//2112 1507//2112 1250//2112
f 1508//2113 1250//2113 1259//2113
f 1509//2114 1508//2114 1259//2114
f 1509//2115 1259//2115 1260//2115
f 1510//2116 1509//2116 1260//2116
f 1510//2117 1260//2117 1266//2117
f 1511//2118 1510//2118 1266//2118
f 1511//2119 1266//2119 1273//2119
f 1512//2120 1511//2120 1273//2120
f 1512//2121 1273//2121 1274//2121
f 1513//2122 1512//2122 1274//2122
f 1513//2123 1274//2123 1281//2123
f 1514//2124 1513//2124 1281//2124
f 1514//2125 1281//2125 1285//2125
f 1515//2126 1514//2126 1285//2126
f 1515//2127 1285//2127 1290//2127
f 1516//2128 1515//2128 1290//2128
f 1516//2129 1290//2129 1291//2129
f 1517//2130 1516//2130 1291//2130
f 1517//2131 1291//2131 1296//2131
f 1518//2132 1517//2132 1296//2132
f 1518//2133 1296//2133 1298//2133
f 1519//2134 1298//2134 1165//2134
f 1519//2135 1518//2135 1298//2135
f 1300//2136 1165//2136 1164//2136
f 1300//2137 1519//2137 1165//2137
f 1520//2138 1521//2138 1522//2138
f 1520//2139 1522//2139 1523//2139
f 1301//2140 1164//2140 1166//2140
f 1343//2141 1341//2141 1524//2141
f 1525//2142 1343//2142 1524//2142
f 1345//2143 1343//2143 1525//2143
f 1347//2144 1345//2144 1525//2144
f 1349//2145 1347//2145 1525//2145
f 1349//2146 1525//2146 1526//2146
f 1351//2147 1349//2147 1526//2147
f 1353//2148 1351//2148 1526//2148
f 1527//2149 1353//2149 1526//2149
f 1355//2150 1353//2150 1527//2150
f 1357//2151 1355//2151 1527//2151
f 1528//2152 1357//2152 1527//2152
f 1359//2153 1357//2153 1528//2153
f 1361//2154 1359//2154 1528//2154
f 1363//2155 1361//2155 1528//2155
f 1529//2156 1243//2156 1242//2156
f 1529//2157 1242//2157 1530//2157
f 1529//2158 1530//2158 1531//2158
f 1532//2159 1531//2159 1533//2159
f 1532//2160 1533//2160 1534//2160
f 1532//2161 1529//2161 1531//2161
f 1535//2162 1536//2162 1537//2162
f 1538//2163 1534//2163 1539//2163
f 1538//2164 1532//2164 1534//2164
f 1540//2165 1529//2165 1532//2165
f 1540//2166 1252//2166 1243//2166
f 1540//2167 1253//2167 1252//2167
f 1540//2168 1243//2168 1529//2168
f 1541//2169 1521//2169 1520//2169
f 1541//2170 1542//2170 1543//2170
f 1541//2171 1543//2171 1521//2171
f 1541//2172 1520//2172 1544//2172
f 1545//2173 1535//2173 1537//2173
f 1545//2174 1537//2174 1546//2174
f 1545//2175 1546//2175 1547//2175
f 1548//2176 1536//2176 1535//2176
f 1548//2177 1539//2177 1549//2177
f 1548//2178 1549//2178 1536//2178
f 1548//2179 1538//2179 1539//2179
f 1550//2180 1532//2180 1538//2180
f 1550//2181 1540//2181 1532//2181
f 1551//2182 1268//2182 1253//2182
f 1551//2183 1253//2183 1540//2183
f 1552//2184 1547//2184 1542//2184
f 1552//2185 1542//2185 1541//2185
f 1552//2186 1541//2186 1544//2186
f 1552//2187 1545//2187 1547//2187
f 1553//2188 1548//2188 1535//2188
f 1553//2189 1535//2189 1545//2189
f 1554//2190 1538//2190 1548//2190
f 1554//2191 1550//2191 1538//2191
f 1555//2192 1551//2192 1540//2192
f 1555//2193 1540//2193 1550//2193
f 1556//2194 1544//2194 1557//2194
f 1556//2195 1557//2195 1558//2195
f 1556//2196 1552//2196 1544//2196
f 1559//2197 1545//2197 1552//2197
f 1559//2198 1553//2198 1545//2198
f 1560//2199 1554//2199 1548//2199
f 1560//2200 1548//2200 1553//2200
f 1561//2201 1550//2201 1554//2201
f 1561//2202 1555//2202 1550//2202
f 1562//2203 1551//2203 1555//2203
f 1562//2204 1276//2204 1268//2204
f 1562//2205 1277//2205 1276//2205
f 1562//2206 1268//2206 1551//2206
f 1563//2207 1552//2207 1556//2207
f 1563//2208 1559//2208 1552//2208
f 1563//2209 1556//2209 1558//2209
f 1564//2210 1560//2210 1553//2210
f 1564//2211 1553//2211 1559//2211
f 1565//2212 1561//2212 1554//2212
f 1565//2213 1554//2213 1560//2213
f 1566//2214 1555//2214 1561//2214
f 1566//2215 1562//2215 1555//2215
f 1567//2216 1287//2216 1277//2216
f 1567//2217 1277//2217 1562//2217
f 1568//2218 1563//2218 1558//2218
f 1568//2219 1558//2219 1569//2219
f 1568//2220 1569//2220 1570//2220
f 1571//2221 1564//2221 1559//2221
f 1571//2222 1559//2222 1563//2222
f 1572//2223 1560//2223 1564//2223
f 1572//2224 1565//2224 1560//2224
f 1573//2225 1566//2225 1561//2225
f 1573//2226 1561//2226 1565//2226
f 1574//2227 1567//2227 1562//2227
f 1574//2228 1562//2228 1566//2228
f 1575//2229 1571//2229 1563//2229
f 1575//2230 1568//2230 1570//2230
f 1575//2231 1563//2231 1568//2231
f 1576//2232 1572//2232 1564//2232
f 1576//2233 1564//2233 1571//2233
f 1577//2234 1573//2234 1565//2234
f 1577//2235 1565//2235 1572//2235
f 1578//2236 1574//2236 1566//2236
f 1578//2237 1566//2237 1573//2237
f 1579//2238 1293//2238 1287//2238
f 1579//2239 1294//2239 1293//2239
f 1579//2240 1287//2240 1567//2240
f 1579//2241 1567//2241 1574//2241
f 1580//2242 1570//2242 1581//2242
f 1580//2243 1575//2243 1570//2243
f 1582//2244 1571//2244 1575//2244
f 1582//2245 1576//2245 1571//2245
f 1583//2246 1572//2246 1576//2246
f 1583//2247 1577//2247 1572//2247
f 1584//2248 1578//2248 1573//2248
f 1584//2249 1573//2249 1577//2249
f 1585//2250 1574//2250 1578//2250
f 1585//2251 1579//2251 1574//2251
f 1586//2252 1301//2252 1166//2252
f 1586//2253 1166//2253 1294//2253
f 1586//2254 1294//2254 1579//2254
f 1587//2255 1580//2255 1581//2255
f 1587//2256 1575//2256 1580//2256
f 1587//2257 1582//2257 1575//2257
f 1588//2258 1583//2258 1576//2258
f 1588//2259 1576//2259 1582//2259
f 1589//2260 1577//2260 1583//2260
f 1589//2261 1584//2261 1577//2261
f 1590//2262 1585//2262 1578//2262
f 1590//2263 1578//2263 1584//2263
f 1591//2264 1303//2264 1301//2264
f 1591//2265 1305//2265 1303//2265
f 1591//2266 1301//2266 1586//2266
f 1591//2267 1579//2267 1585//2267
f 1591//2268 1586//2268 1579//2268
f 1592//2269 1581//2269 1593//2269
f 1592//2270 1593//2270 1594//2270
f 1592//2271 1587//2271 1581//2271
f 1595//2272 1582//2272 1587//2272
f 1595//2273 1588//2273 1582//2273
f 1596//2274 1583//2274 1588//2274
f 1596//2275 1589//2275 1583//2275
f 1597//2276 1584//2276 1589//2276
f 1597//2277 1590//2277 1584//2277
f 1598//2278 1305//2278 1591//2278
f 1598//2279 1307//2279 1305//2279
f 1598//2280 1585//2280 1590//2280
f 1598//2281 1591//2281 1585//2281
f 1599//2282 1595//2282 1587//2282
f 1599//2283 1587//2283 1592//2283
f 1600//2284 1588//2284 1595//2284
f 1600//2285 1596//2285 1588//2285
f 1601//2286 1597//2286 1589//2286
f 1601//2287 1589//2287 1596//2287
f 1602//2288 1309//2288 1307//2288
f 1602//2289 1311//2289 1309//2289
f 1602//2290 1307//2290 1598//2290
f 1602//2291 1590//2291 1597//2291
f 1602//2292 1598//2292 1590//2292
f 1603//2293 1599//2293 1592//2293
f 1603//2294 1594//2294 1604//2294
f 1603//2295 1604//2295 1605//2295
f 1603//2296 1592//2296 1594//2296
f 1606//2297 1595//2297 1599//2297
f 1606//2298 1600//2298 1595//2298
f 1607//2299 1601//2299 1596//2299
f 1607//2300 1596//2300 1600//2300
f 1608//2301 1311//2301 1602//2301
f 1608//2302 1602//2302 1597//2302
f 1608//2303 1313//2303 1311//2303
f 1608//2304 1597//2304 1601//2304
f 1609//2305 1599//2305 1603//2305
f 1609//2306 1606//2306 1599//2306
f 1610//2307 1600//2307 1606//2307
f 1610//2308 1607//2308 1600//2308
f 1611//2309 1608//2309 1601//2309
f 1611//2310 1313//2310 1608//2310
f 1611//2311 1601//2311 1607//2311
f 1611//2312 1315//2312 1313//2312
f 1612//2313 1603//2313 1605//2313
f 1612//2314 1609//2314 1603//2314
f 1613//2315 1606//2315 1609//2315
f 1613//2316 1610//2316 1606//2316
f 1614//2317 1607//2317 1610//2317
f 1614//2318 1611//2318 1607//2318
f 1614//2319 1315//2319 1611//2319
f 1614//2320 1317//2320 1315//2320
f 1614//2321 1319//2321 1317//2321
f 1615//2322 1612//2322 1605//2322
f 1615//2323 1605//2323 1616//2323
f 1617//2324 1609//2324 1612//2324
f 1617//2325 1613//2325 1609//2325
f 1618//2326 1614//2326 1610//2326
f 1618//2327 1610//2327 1613//2327
f 1618//2328 1319//2328 1614//2328
f 1618//2329 1321//2329 1319//2329
f 1619//2330 1612//2330 1615//2330
f 1619//2331 1617//2331 1612//2331
f 1620//2332 1618//2332 1613//2332
f 1620//2333 1613//2333 1617//2333
f 1620//2334 1321//2334 1618//2334
f 1620//2335 1323//2335 1321//2335
f 1620//2336 1325//2336 1323//2336
f 1621//2337 1616//2337 1622//2337
f 1621//2338 1615//2338 1616//2338
f 1621//2339 1619//2339 1615//2339
f 1623//2340 1620//2340 1617//2340
f 1623//2341 1325//2341 1620//2341
f 1623//2342 1327//2342 1325//2342
f 1623//2343 1617//2343 1619//2343
f 1624//2344 1622//2344 1625//2344
f 1624//2345 1621//2345 1622//2345
f 1626//2346 1329//2346 1327//2346
f 1626//2347 1327//2347 1623//2347
f 1626//2348 1623//2348 1619//2348
f 1626//2349 1619//2349 1621//2349
f 1627//2350 1329//2350 1626//2350
f 1627//2351 1331//2351 1329//2351
f 1627//2352 1333//2352 1331//2352
f 1627//2353 1621//2353 1624//2353
f 1627//2354 1626//2354 1621//2354
f 1628//2355 1625//2355 1629//2355
f 1628//2356 1335//2356 1333//2356
f 1628//2357 1333//2357 1627//2357
f 1628//2358 1627//2358 1624//2358
f 1628//2359 1624//2359 1625//2359
f 1630//2360 1628//2360 1629//2360
f 1630//2361 1335//2361 1628//2361
f 1630//2362 1629//2362 1631//2362
f 1630//2363 1337//2363 1335//2363
f 1632//2364 1524//2364 1341//2364
f 1632//2365 1631//2365 1524//2365
f 1632//2366 1339//2366 1337//2366
f 1632//2367 1341//2367 1339//2367
f 1632//2368 1630//2368 1631//2368
f 1632//2369 1337//2369 1630//2369
f 1633//2370 1365//2370 1363//2370
f 1633//2371 1367//2371 1365//2371
f 1634//2372 1635//2372 1636//2372
f 1369//2373 1367//2373 1633//2373
f 1637//2374 1635//2374 1634//2374
f 1638//2375 1371//2375 1369//2375
f 1638//2376 1369//2376 1633//2376
f 1373//2377 1371//2377 1638//2377
f 1639//2378 1373//2378 1638//2378
f 1375//2379 1373//2379 1639//2379
f 1377//2380 1375//2380 1639//2380
f 1640//2381 1377//2381 1639//2381
f 1379//2382 1377//2382 1640//2382
f 1381//2383 1640//2383 1641//2383
f 1381//2384 1379//2384 1640//2384
f 1383//2385 1381//2385 1641//2385
f 1385//2386 1383//2386 1641//2386
f 1642//2387 1643//2387 1644//2387
f 1642//2388 1645//2388 1643//2388
f 1469//2389 1467//2389 1646//2389
f 1471//2390 1646//2390 1647//2390
f 1471//2391 1469//2391 1646//2391
f 1473//2392 1471//2392 1647//2392
f 1475//2393 1647//2393 1648//2393
f 1475//2394 1473//2394 1647//2394
f 1477//2395 1475//2395 1648//2395
f 1479//2396 1477//2396 1648//2396
f 1649//2397 1479//2397 1648//2397
f 1481//2398 1479//2398 1649//2398
f 1483//2399 1481//2399 1649//2399
f 1650//2400 1483//2400 1649//2400
f 1485//2401 1483//2401 1650//2401
f 1487//2402 1485//2402 1650//2402
f 1145//2403 1487//2403 1650//2403
f 1651//2404 1652//2404 1653//2404
f 1651//2405 1637//2405 1652//2405
f 1651//2406 1635//2406 1637//2406
f 1651//2407 1654//2407 1635//2407
f 1655//2408 1654//2408 1651//2408
f 1655//2409 1656//2409 1657//2409
f 1655//2410 1657//2410 1654//2410
f 1658//2411 1653//2411 1659//2411
f 1658//2412 1655//2412 1651//2412
f 1658//2413 1651//2413 1653//2413
f 1660//2414 1656//2414 1655//2414
f 1660//2415 1661//2415 1662//2415
f 1660//2416 1662//2416 1656//2416
f 1663//2417 1664//2417 1665//2417
f 1663//2418 1666//2418 1664//2418
f 1663//2419 1659//2419 1666//2419
f 1663//2420 1658//2420 1659//2420
f 1667//2421 1660//2421 1655//2421
f 1667//2422 1655//2422 1658//2422
f 1668//2423 1661//2423 1660//2423
f 1668//2424 1669//2424 1661//2424
f 1670//2425 1658//2425 1663//2425
f 1670//2426 1667//2426 1658//2426
f 1671//2427 1660//2427 1667//2427
f 1671//2428 1668//2428 1660//2428
f 1672//2429 1673//2429 1674//2429
f 1672//2430 1674//2430 1669//2430
f 1672//2431 1669//2431 1668//2431
f 1675//2432 1676//2432 1677//2432
f 1675//2433 1677//2433 1673//2433
f 1678//2434 1387//2434 1385//2434
f 1678//2435 1389//2435 1387//2435
f 1678//2436 1385//2436 1641//2436
f 1678//2437 1641//2437 1679//2437
f 1678//2438 1679//2438 1680//2438
f 1681//2439 1665//2439 1682//2439
f 1681//2440 1670//2440 1663//2440
f 1681//2441 1663//2441 1665//2441
f 1683//2442 1671//2442 1667//2442
f 1683//2443 1667//2443 1670//2443
f 1684//2444 1668//2444 1671//2444
f 1684//2445 1672//2445 1668//2445
f 1685//2446 1675//2446 1673//2446
f 1685//2447 1673//2447 1672//2447
f 1686//2448 1687//2448 1676//2448
f 1688//2449 1689//2449 1690//2449
f 1691//2450 1678//2450 1680//2450
f 1691//2451 1391//2451 1389//2451
f 1691//2452 1389//2452 1678//2452
f 1692//2453 1681//2453 1682//2453
f 1692//2454 1693//2454 1694//2454
f 1692//2455 1682//2455 1693//2455
f 1695//2456 1670//2456 1681//2456
f 1695//2457 1683//2457 1670//2457
f 1696//2458 1671//2458 1683//2458
f 1696//2459 1684//2459 1671//2459
f 1697//2460 1685//2460 1672//2460
f 1697//2461 1672//2461 1684//2461
f 1698//2462 1686//2462 1676//2462
f 1698//2463 1676//2463 1675//2463
f 1698//2464 1675//2464 1685//2464
f 1699//2465 1687//2465 1686//2465
f 1699//2466 1688//2466 1690//2466
f 1699//2467 1690//2467 1687//2467
f 1700//2468 1393//2468 1391//2468
f 1700//2469 1680//2469 1689//2469
f 1700//2470 1689//2470 1688//2470
f 1700//2471 1391//2471 1691//2471
f 1700//2472 1691//2472 1680//2472
f 1701//2473 1694//2473 1702//2473
f 1701//2474 1692//2474 1694//2474
f 1703//2475 1695//2475 1681//2475
f 1703//2476 1681//2476 1692//2476
f 1704//2477 1683//2477 1695//2477
f 1704//2478 1696//2478 1683//2478
f 1705//2479 1684//2479 1696//2479
f 1705//2480 1697//2480 1684//2480
f 1706//2481 1685//2481 1697//2481
f 1706//2482 1698//2482 1685//2482
f 1707//2483 1686//2483 1698//2483
f 1707//2484 1699//2484 1686//2484
f 1708//2485 1700//2485 1688//2485
f 1708//2486 1395//2486 1393//2486
f 1708//2487 1397//2487 1395//2487
f 1708//2488 1688//2488 1699//2488
f 1708//2489 1393//2489 1700//2489
f 1709//2490 1710//2490 1711//2490
f 1709//2491 1702//2491 1710//2491
f 1709//2492 1701//2492 1702//2492
f 1712//2493 1703//2493 1692//2493
f 1712//2494 1692//2494 1701//2494
f 1713//2495 1695//2495 1703//2495
f 1713//2496 1704//2496 1695//2496
f 1714//2497 1696//2497 1704//2497
f 1714//2498 1705//2498 1696//2498
f 1715//2499 1706//2499 1697//2499
f 1715//2500 1697//2500 1705//2500
f 1716//2501 1707//2501 1698//2501
f 1716//2502 1698//2502 1706//2502
f 1717//2503 1399//2503 1397//2503
f 1717//2504 1699//2504 1707//2504
f 1717//2505 1397//2505 1708//2505
f 1717//2506 1708//2506 1699//2506
f 1718//2507 1711//2507 1719//2507
f 1718//2508 1709//2508 1711//2508
f 1718//2509 1719//2509 1720//2509
f 1721//2510 1712//2510 1701//2510
f 1721//2511 1701//2511 1709//2511
f 1722//2512 1713//2512 1703//2512
f 1722//2513 1703//2513 1712//2513
f 1723//2514 1714//2514 1704//2514
f 1723//2515 1704//2515 1713//2515
f 1724//2516 1715//2516 1705//2516
f 1724//2517 1705//2517 1714//2517
f 1725//2518 1716//2518 1706//2518
f 1725//2519 1706//2519 1715//2519
f 1726//2520 1401//2520 1399//2520
f 1726//2521 1403//2521 1401//2521
f 1726//2522 1399//2522 1717//2522
f 1726//2523 1717//2523 1707//2523
f 1726//2524 1707//2524 1716//2524
f 1727//2525 1718//2525 1720//2525
f 1727//2526 1728//2526 1729//2526
f 1727//2527 1720//2527 1728//2527
f 1730//2528 1709//2528 1718//2528
f 1730//2529 1721//2529 1709//2529
f 1731//2530 1712//2530 1721//2530
f 1731//2531 1722//2531 1712//2531
f 1732//2532 1713//2532 1722//2532
f 1732//2533 1723//2533 1713//2533
f 1733//2534 1724//2534 1714//2534
f 1733//2535 1714//2535 1723//2535
f 1734//2536 1725//2536 1715//2536
f 1734//2537 1715//2537 1724//2537
f 1735//2538 1403//2538 1726//2538
f 1735//2539 1405//2539 1403//2539
f 1735//2540 1716//2540 1725//2540
f 1735//2541 1726//2541 1716//2541
f 1736//2542 1727//2542 1729//2542
f 1736//2543 1729//2543 1737//2543
f 1738//2544 1718//2544 1727//2544
f 1738//2545 1730//2545 1718//2545
f 1739//2546 1721//2546 1730//2546
f 1739//2547 1731//2547 1721//2547
f 1740//2548 1722//2548 1731//2548
f 1740//2549 1732//2549 1722//2549
f 1741//2550 1723//2550 1732//2550
f 1741//2551 1733//2551 1723//2551
f 1742//2552 1724//2552 1733//2552
f 1742//2553 1734//2553 1724//2553
f 1743//2554 1407//2554 1405//2554
f 1743//2555 1725//2555 1734//2555
f 1743//2556 1405//2556 1735//2556
f 1743//2557 1735//2557 1725//2557
f 1744//2558 1642//2558 1745//2558
f 1744//2559 1645//2559 1642//2559
f 1744//2560 1746//2560 1645//2560
f 1744//2561 1747//2561 1746//2561
f 1748//2562 1749//2562 1750//2562
f 1748//2563 1751//2563 1749//2563
f 1748//2564 1752//2564 1751//2564
f 1753//2565 1736//2565 1737//2565
f 1753//2566 1754//2566 1755//2566
f 1753//2567 1737//2567 1754//2567
f 1756//2568 1738//2568 1727//2568
f 1756//2569 1727//2569 1736//2569
f 1757//2570 1739//2570 1730//2570
f 1757//2571 1730//2571 1738//2571
f 1758//2572 1740//2572 1731//2572
f 1758//2573 1731//2573 1739//2573
f 1759//2574 1741//2574 1732//2574
f 1759//2575 1732//2575 1740//2575
f 1760//2576 1742//2576 1733//2576
f 1760//2577 1733//2577 1741//2577
f 1761//2578 1409//2578 1407//2578
f 1761//2579 1411//2579 1409//2579
f 1761//2580 1734//2580 1742//2580
f 1761//2581 1743//2581 1734//2581
f 1761//2582 1407//2582 1743//2582
f 1762//2583 1747//2583 1744//2583
f 1762//2584 1748//2584 1750//2584
f 1762//2585 1750//2585 1747//2585
f 1763//2586 1752//2586 1748//2586
f 1763//2587 1753//2587 1755//2587
f 1763//2588 1755//2588 1752//2588
f 1764//2589 1756//2589 1736//2589
f 1764//2590 1736//2590 1753//2590
f 1765//2591 1757//2591 1738//2591
f 1765//2592 1738//2592 1756//2592
f 1766//2593 1739//2593 1757//2593
f 1766//2594 1758//2594 1739//2594
f 1767//2595 1740//2595 1758//2595
f 1767//2596 1759//2596 1740//2596
f 1768//2597 1741//2597 1759//2597
f 1768//2598 1760//2598 1741//2598
f 1769//2599 1411//2599 1761//2599
f 1769//2600 1413//2600 1411//2600
f 1769//2601 1742//2601 1760//2601
f 1769//2602 1761//2602 1742//2602
f 1770//2603 1771//2603 1772//2603
f 1770//2604 1745//2604 1771//2604
f 1770//2605 1762//2605 1744//2605
f 1770//2606 1744//2606 1745//2606
f 1773//2607 1748//2607 1762//2607
f 1773//2608 1763//2608 1748//2608
f 1774//2609 1764//2609 1753//2609
f 1774//2610 1753//2610 1763//2610
f 1775//2611 1756//2611 1764//2611
f 1775//2612 1765//2612 1756//2612
f 1776//2613 1766//2613 1757//2613
f 1776//2614 1757//2614 1765//2614
f 1777//2615 1758//2615 1766//2615
f 1777//2616 1767//2616 1758//2616
f 1778//2617 1759//2617 1767//2617
f 1778//2618 1768//2618 1759//2618
f 1779//2619 1769//2619 1760//2619
f 1779//2620 1415//2620 1413//2620
f 1779//2621 1417//2621 1415//2621
f 1779//2622 1413//2622 1769//2622
f 1779//2623 1760//2623 1768//2623
f 1780//2624 1762//2624 1770//2624
f 1780//2625 1773//2625 1762//2625
f 1781//2626 1774//2626 1763//2626
f 1781//2627 1763//2627 1773//2627
f 1782//2628 1764//2628 1774//2628
f 1782//2629 1775//2629 1764//2629
f 1783//2630 1776//2630 1765//2630
f 1783//2631 1765//2631 1775//2631
f 1784//2632 1777//2632 1766//2632
f 1784//2633 1766//2633 1776//2633
f 1785//2634 1767//2634 1777//2634
f 1785//2635 1778//2635 1767//2635
f 1786//2636 1768//2636 1778//2636
f 1786//2637 1417//2637 1779//2637
f 1786//2638 1419//2638 1417//2638
f 1786//2639 1779//2639 1768//2639
f 1787//2640 1770//2640 1772//2640
f 1787//2641 1780//2641 1770//2641
f 1787//2642 1788//2642 1789//2642
f 1787//2643 1772//2643 1788//2643
f 1790//2644 1773//2644 1780//2644
f 1790//2645 1781//2645 1773//2645
f 1791//2646 1782//2646 1774//2646
f 1791//2647 1774//2647 1781//2647
f 1792//2648 1783//2648 1775//2648
f 1792//2649 1775//2649 1782//2649
f 1793//2650 1776//2650 1783//2650
f 1793//2651 1784//2651 1776//2651
f 1794//2652 1777//2652 1784//2652
f 1794//2653 1785//2653 1777//2653
f 1795//2654 1421//2654 1419//2654
f 1795//2655 1778//2655 1785//2655
f 1795//2656 1419//2656 1786//2656
f 1795//2657 1786//2657 1778//2657
f 1796//2658 1780//2658 1787//2658
f 1796//2659 1790//2659 1780//2659
f 1797//2660 1791//2660 1781//2660
f 1797//2661 1781//2661 1790//2661
f 1798//2662 1792//2662 1782//2662
f 1798//2663 1782//2663 1791//2663
f 1799//2664 1793//2664 1783//2664
f 1799//2665 1783//2665 1792//2665
f 1800//2666 1784//2666 1793//2666
f 1800//2667 1794//2667 1784//2667
f 1801//2668 1421//2668 1795//2668
f 1801//2669 1423//2669 1421//2669
f 1801//2670 1425//2670 1423//2670
f 1801//2671 1785//2671 1794//2671
f 1801//2672 1795//2672 1785//2672
f 1802//2673 1789//2673 1803//2673
f 1802//2674 1787//2674 1789//2674
f 1802//2675 1796//2675 1787//2675
f 1804//2676 1790//2676 1796//2676
f 1804//2677 1797//2677 1790//2677
f 1805//2678 1791//2678 1797//2678
f 1805//2679 1798//2679 1791//2679
f 1806//2680 1792//2680 1798//2680
f 1806//2681 1799//2681 1792//2681
f 1807//2682 1800//2682 1793//2682
f 1807//2683 1793//2683 1799//2683
f 1808//2684 1427//2684 1425//2684
f 1808//2685 1794//2685 1800//2685
f 1808//2686 1801//2686 1794//2686
f 1808//2687 1425//2687 1801//2687
f 1809//2688 1796//2688 1802//2688
f 1809//2689 1804//2689 1796//2689
f 1810//2690 1797//2690 1804//2690
f 1810//2691 1805//2691 1797//2691
f 1811//2692 1798//2692 1805//2692
f 1811//2693 1806//2693 1798//2693
f 1812//2694 1799//2694 1806//2694
f 1812//2695 1807//2695 1799//2695
f 1813//2696 1429//2696 1427//2696
f 1813//2697 1431//2697 1429//2697
f 1813//2698 1800//2698 1807//2698
f 1813//2699 1427//2699 1808//2699
f 1813//2700 1808//2700 1800//2700
f 1814//2701 1809//2701 1802//2701
f 1814//2702 1815//2702 1816//2702
f 1814//2703 1803//2703 1815//2703
f 1814//2704 1802//2704 1803//2704
f 1817//2705 1804//2705 1809//2705
f 1817//2706 1810//2706 1804//2706
f 1818//2707 1805//2707 1810//2707
f 1818//2708 1811//2708 1805//2708
f 1819//2709 1812//2709 1806//2709
f 1819//2710 1806//2710 1811//2710
f 1820//2711 1807//2711 1812//2711
f 1820//2712 1433//2712 1431//2712
f 1820//2713 1431//2713 1813//2713
f 1820//2714 1813//2714 1807//2714
f 1821//2715 1809//2715 1814//2715
f 1821//2716 1817//2716 1809//2716
f 1822//2717 1818//2717 1810//2717
f 1822//2718 1810//2718 1817//2718
f 1823//2719 1811//2719 1818//2719
f 1823//2720 1819//2720 1811//2720
f 1824//2721 1812//2721 1819//2721
f 1824//2722 1435//2722 1433//2722
f 1824//2723 1820//2723 1812//2723
f 1824//2724 1433//2724 1820//2724
f 1825//2725 1821//2725 1814//2725
f 1825//2726 1814//2726 1816//2726
f 1826//2727 1817//2727 1821//2727
f 1826//2728 1822//2728 1817//2728
f 1827//2729 1818//2729 1822//2729
f 1827//2730 1823//2730 1818//2730
f 1828//2731 1435//2731 1824//2731
f 1828//2732 1437//2732 1435//2732
f 1828//2733 1439//2733 1437//2733
f 1828//2734 1819//2734 1823//2734
f 1828//2735 1824//2735 1819//2735
f 1829//2736 1830//2736 1831//2736
f 1829//2737 1816//2737 1830//2737
f 1829//2738 1825//2738 1816//2738
f 1832//2739 1826//2739 1821//2739
f 1832//2740 1821//2740 1825//2740
f 1833//2741 1822//2741 1826//2741
f 1833//2742 1827//2742 1822//2742
f 1834//2743 1823//2743 1827//2743
f 1834//2744 1828//2744 1823//2744
f 1834//2745 1441//2745 1439//2745
f 1834//2746 1439//2746 1828//2746
f 1835//2747 1832//2747 1825//2747
f 1835//2748 1829//2748 1831//2748
f 1835//2749 1825//2749 1829//2749
f 1836//2750 1826//2750 1832//2750
f 1836//2751 1833//2751 1826//2751
f 1837//2752 1827//2752 1833//2752
f 1837//2753 1443//2753 1441//2753
f 1837//2754 1445//2754 1443//2754
f 1837//2755 1834//2755 1827//2755
f 1837//2756 1441//2756 1834//2756
f 1838//2757 1831//2757 1839//2757
f 1838//2758 1835//2758 1831//2758
f 1840//2759 1836//2759 1832//2759
f 1840//2760 1832//2760 1835//2760
f 1841//2761 1447//2761 1445//2761
f 1841//2762 1833//2762 1836//2762
f 1841//2763 1837//2763 1833//2763
f 1841//2764 1445//2764 1837//2764
f 1842//2765 1835//2765 1838//2765
f 1842//2766 1840//2766 1835//2766
f 1843//2767 1447//2767 1841//2767
f 1843//2768 1449//2768 1447//2768
f 1843//2769 1836//2769 1840//2769
f 1843//2770 1841//2770 1836//2770
f 1844//2771 1839//2771 1845//2771
f 1844//2772 1838//2772 1839//2772
f 1844//2773 1842//2773 1838//2773
f 1846//2774 1451//2774 1449//2774
f 1846//2775 1453//2775 1451//2775
f 1846//2776 1449//2776 1843//2776
f 1846//2777 1840//2777 1842//2777
f 1846//2778 1843//2778 1840//2778
f 1847//2779 1845//2779 1848//2779
f 1847//2780 1844//2780 1845//2780
f 1849//2781 1455//2781 1453//2781
f 1849//2782 1453//2782 1846//2782
f 1849//2783 1842//2783 1844//2783
f 1849//2784 1846//2784 1842//2784
f 1850//2785 1849//2785 1844//2785
f 1850//2786 1457//2786 1455//2786
f 1850//2787 1459//2787 1457//2787
f 1850//2788 1455//2788 1849//2788
f 1850//2789 1844//2789 1847//2789
f 1851//2790 1459//2790 1850//2790
f 1851//2791 1850//2791 1847//2791
f 1851//2792 1848//2792 1852//2792
f 1851//2793 1461//2793 1459//2793
f 1851//2794 1847//2794 1848//2794
f 1853//2795 1461//2795 1851//2795
f 1853//2796 1463//2796 1461//2796
f 1853//2797 1851//2797 1852//2797
f 1854//2798 1463//2798 1853//2798
f 1854//2799 1855//2799 1646//2799
f 1854//2800 1852//2800 1855//2800
f 1854//2801 1465//2801 1463//2801
f 1854//2802 1467//2802 1465//2802
f 1854//2803 1853//2803 1852//2803
f 1854//2804 1646//2804 1467//2804
f 1095//2805 1456//2805 1458//2805
f 1095//2806 1458//2806 1096//2806
f 1097//2807 1458//2807 1460//2807
f 1097//2808 1460//2808 1462//2808
f 1097//2809 1096//2809 1458//2809
f 1094//2810 1456//2810 1095//2810
f 1094//2811 1452//2811 1454//2811
f 1094//2812 1454//2812 1456//2812
f 1098//2813 1097//2813 1462//2813
f 1093//2814 1452//2814 1094//2814
f 1099//2815 1098//2815 1462//2815
f 1099//2816 1462//2816 1464//2816
f 1092//2817 1452//2817 1093//2817
f 1092//2818 1450//2818 1452//2818
f 1100//2819 1099//2819 1464//2819
f 1100//2820 1464//2820 1466//2820
f 1091//2821 1450//2821 1092//2821
f 1091//2822 1448//2822 1450//2822
f 1101//2823 1100//2823 1466//2823
f 1101//2824 1466//2824 1468//2824
f 1090//2825 1448//2825 1091//2825
f 1090//2826 1446//2826 1448//2826
f 1102//2827 1101//2827 1468//2827
f 1102//2828 1468//2828 1470//2828
f 1102//2829 1470//2829 1472//2829
f 1089//2830 1446//2830 1090//2830
f 1089//2831 1442//2831 1444//2831
f 1089//2832 1444//2832 1446//2832
f 1103//2833 1102//2833 1472//2833
f 1088//2834 1442//2834 1089//2834
f 1088//2835 1440//2835 1442//2835
f 1104//2836 1103//2836 1472//2836
f 1104//2837 1472//2837 1474//2837
f 1087//2838 1440//2838 1088//2838
f 1105//2839 1104//2839 1474//2839
f 1105//2840 1474//2840 1476//2840
f 1086//2841 1440//2841 1087//2841
f 1086//2842 1436//2842 1438//2842
f 1086//2843 1438//2843 1440//2843
f 1106//2844 1105//2844 1476//2844
f 1106//2845 1476//2845 1478//2845
f 1085//2846 1436//2846 1086//2846
f 1107//2847 1106//2847 1478//2847
f 1107//2848 1478//2848 1480//2848
f 1084//2849 1436//2849 1085//2849
f 1084//2850 1434//2850 1436//2850
f 1108//2851 1107//2851 1480//2851
f 1108//2852 1480//2852 1482//2852
f 1083//2853 1432//2853 1434//2853
f 1083//2854 1434//2854 1084//2854
f 1109//2855 1108//2855 1482//2855
f 1109//2856 1482//2856 1484//2856
f 1109//2857 1484//2857 1486//2857
f 1082//2858 1432//2858 1083//2858
f 1082//2859 1430//2859 1432//2859
f 1110//2860 1109//2860 1486//2860
f 1081//2861 1428//2861 1430//2861
f 1081//2862 1430//2862 1082//2862
f 1111//2863 1110//2863 1486//2863
f 1111//2864 1486//2864 1488//2864
f 1080//2865 1428//2865 1081//2865
f 1080//2866 1426//2866 1428//2866
f 1112//2867 1111//2867 1488//2867
f 1112//2868 1488//2868 1489//2868
f 1079//2869 1424//2869 1426//2869
f 1079//2870 1426//2870 1080//2870
f 1113//2871 1489//2871 1490//2871
f 1113//2872 1112//2872 1489//2872
f 1078//2873 1420//2873 1422//2873
f 1078//2874 1422//2874 1424//2874
f 1078//2875 1424//2875 1079//2875
f 1114//2876 1113//2876 1490//2876
f 1114//2877 1490//2877 1491//2877
f 1077//2878 1420//2878 1078//2878
f 1115//2879 1114//2879 1491//2879
f 1115//2880 1491//2880 1492//2880
f 1076//2881 1420//2881 1077//2881
f 1076//2882 1418//2882 1420//2882
f 1116//2883 1115//2883 1492//2883
f 1116//2884 1492//2884 1493//2884
f 1075//2885 1418//2885 1076//2885
f 1075//2886 1416//2886 1418//2886
f 1117//2887 1116//2887 1493//2887
f 1117//2888 1493//2888 1494//2888
f 1074//2889 1414//2889 1416//2889
f 1074//2890 1416//2890 1075//2890
f 1118//2891 1494//2891 1495//2891
f 1118//2892 1117//2892 1494//2892
f 1073//2893 1414//2893 1074//2893
f 1073//2894 1412//2894 1414//2894
f 1119//2895 1495//2895 1496//2895
f 1119//2896 1118//2896 1495//2896
f 1072//2897 1412//2897 1073//2897
f 1072//2898 1410//2898 1412//2898
f 1120//2899 1496//2899 1497//2899
f 1120//2900 1119//2900 1496//2900
f 1071//2901 1410//2901 1072//2901
f 1071//2902 1408//2902 1410//2902
f 1121//2903 1497//2903 1498//2903
f 1121//2904 1120//2904 1497//2904
f 1070//2905 1406//2905 1408//2905
f 1070//2906 1408//2906 1071//2906
f 1122//2907 1498//2907 1499//2907
f 1122//2908 1499//2908 1500//2908
f 1122//2909 1121//2909 1498//2909
f 1069//2910 1406//2910 1070//2910
f 1069//2911 1404//2911 1406//2911
f 1123//2912 1122//2912 1500//2912
f 1068//2913 1404//2913 1069//2913
f 1068//2914 1402//2914 1404//2914
f 1124//2915 1500//2915 1501//2915
f 1124//2916 1123//2916 1500//2916
f 1067//2917 1400//2917 1402//2917
f 1067//2918 1402//2918 1068//2918
f 1125//2919 1501//2919 1502//2919
f 1125//2920 1124//2920 1501//2920
f 1066//2921 1398//2921 1400//2921
f 1066//2922 1400//2922 1067//2922
f 1503//2923 1125//2923 1502//2923
f 1126//2924 1125//2924 1503//2924
f 1065//2925 1396//2925 1398//2925
f 1065//2926 1398//2926 1066//2926
f 1127//2927 1503//2927 1504//2927
f 1127//2928 1126//2928 1503//2928
f 1394//2929 1065//2929 1064//2929
f 1394//2930 1396//2930 1065//2930
f 1505//2931 1128//2931 1127//2931
f 1505//2932 1127//2932 1504//2932
f 1392//2933 1394//2933 1064//2933
f 1392//2934 1064//2934 1063//2934
f 1129//2935 1128//2935 1505//2935
f 1506//2936 1129//2936 1505//2936
f 1390//2937 1392//2937 1063//2937
f 1390//2938 1063//2938 1062//2938
f 1061//2939 1390//2939 1062//2939
f 1507//2940 1129//2940 1506//2940
f 1507//2941 1130//2941 1129//2941
f 1388//2942 1390//2942 1061//2942
f 1508//2943 1130//2943 1507//2943
f 1508//2944 1131//2944 1130//2944
f 1386//2945 1388//2945 1061//2945
f 1386//2946 1061//2946 1060//2946
f 1509//2947 1132//2947 1131//2947
f 1509//2948 1131//2948 1508//2948
f 1509//2949 1133//2949 1132//2949
f 1384//2950 1386//2950 1060//2950
f 1384//2951 1060//2951 1059//2951
f 1510//2952 1133//2952 1509//2952
f 1382//2953 1384//2953 1059//2953
f 1382//2954 1059//2954 1058//2954
f 1511//2955 1133//2955 1510//2955
f 1511//2956 1134//2956 1133//2956
f 1380//2957 1382//2957 1058//2957
f 1380//2958 1058//2958 1057//2958
f 1512//2959 1135//2959 1134//2959
f 1512//2960 1136//2960 1135//2960
f 1512//2961 1134//2961 1511//2961
f 1378//2962 1057//2962 1056//2962
f 1378//2963 1380//2963 1057//2963
f 1513//2964 1136//2964 1512//2964
f 1376//2965 1056//2965 1055//2965
f 1376//2966 1378//2966 1056//2966
f 1514//2967 1137//2967 1136//2967
f 1514//2968 1138//2968 1137//2968
f 1514//2969 1136//2969 1513//2969
f 1374//2970 1055//2970 1054//2970
f 1374//2971 1376//2971 1055//2971
f 1515//2972 1138//2972 1514//2972
f 1515//2973 1139//2973 1138//2973
f 1372//2974 1054//2974 1053//2974
f 1372//2975 1374//2975 1054//2975
f 1516//2976 1139//2976 1515//2976
f 1370//2977 1372//2977 1053//2977
f 1370//2978 1053//2978 1052//2978
f 1517//2979 1140//2979 1139//2979
f 1517//2980 1141//2980 1140//2980
f 1517//2981 1139//2981 1516//2981
f 1368//2982 1370//2982 1052//2982
f 1368//2983 1052//2983 1051//2983
f 1518//2984 1141//2984 1517//2984
f 1366//2985 1368//2985 1051//2985
f 1366//2986 1050//2986 1049//2986
f 1366//2987 1051//2987 1050//2987
f 1519//2988 1142//2988 1141//2988
f 1519//2989 1141//2989 1518//2989
f 1364//2990 1366//2990 1049//2990
f 1300//2991 1142//2991 1519//2991
f 1300//2992 1017//2992 1142//2992
f 1362//2993 1364//2993 1049//2993
f 1362//2994 1049//2994 1048//2994
f 1302//2995 1018//2995 1017//2995
f 1302//2996 1017//2996 1300//2996
f 1360//2997 1048//2997 1047//2997
f 1360//2998 1362//2998 1048//2998
f 1304//2999 1019//2999 1018//2999
f 1304//3000 1018//3000 1302//3000
f 1358//3001 1047//3001 1046//3001
f 1358//3002 1360//3002 1047//3002
f 1306//3003 1020//3003 1019//3003
f 1306//3004 1019//3004 1304//3004
f 1356//3005 1045//3005 1044//3005
f 1356//3006 1046//3006 1045//3006
f 1356//3007 1358//3007 1046//3007
f 1308//3008 1021//3008 1020//3008
f 1308//3009 1020//3009 1306//3009
f 1354//3010 1356//3010 1044//3010
f 1310//3011 1022//3011 1021//3011
f 1310//3012 1021//3012 1308//3012
f 1352//3013 1354//3013 1044//3013
f 1352//3014 1044//3014 1043//3014
f 1312//3015 1022//3015 1310//3015
f 1312//3016 1023//3016 1022//3016
f 1312//3017 1024//3017 1023//3017
f 1350//3018 1352//3018 1043//3018
f 1350//3019 1042//3019 1041//3019
f 1350//3020 1043//3020 1042//3020
f 1314//3021 1024//3021 1312//3021
f 1348//3022 1350//3022 1041//3022
f 1348//3023 1041//3023 1040//3023
f 1316//3024 1025//3024 1024//3024
f 1316//3025 1026//3025 1025//3025
f 1316//3026 1024//3026 1314//3026
f 1346//3027 1348//3027 1040//3027
f 1346//3028 1040//3028 1039//3028
f 1318//3029 1026//3029 1316//3029
f 1318//3030 1027//3030 1026//3030
f 1344//3031 1346//3031 1039//3031
f 1320//3032 1027//3032 1318//3032
f 1342//3033 1039//3033 1038//3033
f 1342//3034 1344//3034 1039//3034
f 1322//3035 1027//3035 1320//3035
f 1322//3036 1028//3036 1027//3036
f 1340//3037 1342//3037 1038//3037
f 1340//3038 1038//3038 1037//3038
f 1324//3039 1029//3039 1028//3039
f 1324//3040 1028//3040 1322//3040
f 1338//3041 1340//3041 1037//3041
f 1338//3042 1036//3042 1035//3042
f 1338//3043 1037//3043 1036//3043
f 1326//3044 1029//3044 1324//3044
f 1326//3045 1030//3045 1029//3045
f 1336//3046 1338//3046 1035//3046
f 1328//3047 1031//3047 1030//3047
f 1328//3048 1030//3048 1326//3048
f 1334//3049 1336//3049 1035//3049
f 1334//3050 1034//3050 1033//3050
f 1334//3051 1035//3051 1034//3051
f 1330//3052 1032//3052 1031//3052
f 1330//3053 1031//3053 1328//3053
f 1332//3054 1033//3054 1032//3054
f 1332//3055 1334//3055 1033//3055
f 1332//3056 1032//3056 1330//3056
f 670//3057 1856//3057 1857//3057
f 668//3058 1857//3058 1858//3058
f 668//3059 670//3059 1857//3059
f 672//3060 1859//3060 1856//3060
f 672//3061 1856//3061 670//3061
f 666//3062 1858//3062 1860//3062
f 666//3063 668//3063 1858//3063
f 673//3064 1861//3064 1859//3064
f 673//3065 1859//3065 672//3065
f 664//3066 1860//3066 1862//3066
f 664//3067 666//3067 1860//3067
f 676//3068 1863//3068 1861//3068
f 676//3069 1861//3069 673//3069
f 662//3070 1862//3070 1864//3070
f 662//3071 664//3071 1862//3071
f 677//3072 1865//3072 1863//3072
f 677//3073 1863//3073 676//3073
f 660//3074 1864//3074 1866//3074
f 660//3075 662//3075 1864//3075
f 680//3076 1865//3076 677//3076
f 658//3077 1866//3077 1867//3077
f 658//3078 660//3078 1866//3078
f 681//3079 1868//3079 1865//3079
f 681//3080 1865//3080 680//3080
f 656//3081 658//3081 1867//3081
f 656//3082 1867//3082 1869//3082
f 684//3083 1868//3083 681//3083
f 684//3084 1870//3084 1868//3084
f 654//3085 656//3085 1869//3085
f 654//3086 1869//3086 1871//3086
f 686//3087 1872//3087 1870//3087
f 686//3088 1870//3088 684//3088
f 651//3089 654//3089 1871//3089
f 651//3090 1871//3090 1873//3090
f 688//3091 1872//3091 686//3091
f 688//3092 1874//3092 1872//3092
f 649//3093 651//3093 1873//3093
f 649//3094 1873//3094 1875//3094
f 690//3095 1874//3095 688//3095
f 690//3096 1876//3096 1874//3096
f 648//3097 649//3097 1875//3097
f 648//3098 1875//3098 1877//3098
f 691//3099 1876//3099 690//3099
f 691//3100 1878//3100 1876//3100
f 646//3101 648//3101 1877//3101
f 646//3102 1877//3102 1879//3102
f 694//3103 1880//3103 1878//3103
f 694//3104 1878//3104 691//3104
f 644//3105 1879//3105 1881//3105
f 644//3106 646//3106 1879//3106
f 696//3107 1880//3107 694//3107
f 696//3108 1882//3108 1880//3108
f 642//3109 644//3109 1881//3109
f 642//3110 1881//3110 1883//3110
f 698//3111 1882//3111 696//3111
f 698//3112 1884//3112 1882//3112
f 639//3113 1883//3113 1885//3113
f 639//3114 642//3114 1883//3114
f 700//3115 1884//3115 698//3115
f 700//3116 1886//3116 1884//3116
f 638//3117 1885//3117 1887//3117
f 638//3118 639//3118 1885//3118
f 511//3119 1886//3119 700//3119
f 511//3120 1888//3120 1886//3120
f 513//3121 1889//3121 1888//3121
f 513//3122 1888//3122 511//3122
f 637//3123 638//3123 1887//3123
f 515//3124 1890//3124 1889//3124
f 515//3125 1889//3125 513//3125
f 636//3126 637//3126 1887//3126
f 517//3127 1891//3127 1890//3127
f 517//3128 1890//3128 515//3128
f 635//3129 636//3129 1887//3129
f 519//3130 1892//3130 1891//3130
f 519//3131 1891//3131 517//3131
f 634//3132 635//3132 1887//3132
f 521//3133 1893//3133 1892//3133
f 521//3134 1892//3134 519//3134
f 633//3135 634//3135 1887//3135
f 523//3136 1894//3136 1893//3136
f 523//3137 1893//3137 521//3137
f 632//3138 633//3138 1887//3138
f 525//3139 1895//3139 1894//3139
f 525//3140 1894//3140 523//3140
f 631//3141 632//3141 1887//3141
f 527//3142 1896//3142 1895//3142
f 527//3143 1895//3143 525//3143
f 630//3144 631//3144 1887//3144
f 529//3145 1897//3145 1896//3145
f 529//3146 1896//3146 527//3146
f 629//3147 630//3147 1887//3147
f 531//3148 1898//3148 1897//3148
f 531//3149 1897//3149 529//3149
f 533//3150 1898//3150 531//3150
f 533//3151 1899//3151 1898//3151
f 535//3152 1900//3152 1899//3152
f 535//3153 1899//3153 533//3153
f 537//3154 1901//3154 1900//3154
f 537//3155 1900//3155 535//3155
f 539//3156 1901//3156 537//3156
f 539//3157 1902//3157 1901//3157
f 541//3158 1903//3158 1902//3158
f 541//3159 1902//3159 539//3159
f 1904//3160 541//3160 543//3160
f 1904//3161 1903//3161 541//3161
f 545//3162 1904//3162 543//3162
f 1905//3163 1904//3163 545//3163
f 547//3164 1905//3164 545//3164
f 1523//3165 621//3165 622//3165
f 1523//3166 622//3166 623//3166
f 1523//3167 623//3167 624//3167
f 1523//3168 624//3168 625//3168
f 1523//3169 625//3169 626//3169
f 1523//3170 626//3170 627//3170
f 1523//3171 627//3171 628//3171
f 1523//3172 628//3172 629//3172
f 1523//3173 629//3173 1887//3173
f 1906//3174 1905//3174 547//3174
f 549//3175 1906//3175 547//3175
f 1907//3176 549//3176 551//3176
f 1907//3177 1906//3177 549//3177
f 1522//3178 621//3178 1523//3178
f 1522//3179 620//3179 621//3179
f 1908//3180 551//3180 553//3180
f 1908//3181 1907//3181 551//3181
f 1521//3182 619//3182 620//3182
f 1521//3183 620//3183 1522//3183
f 1909//3184 1908//3184 553//3184
f 1910//3185 553//3185 555//3185
f 1910//3186 1909//3186 553//3186
f 1543//3187 618//3187 619//3187
f 1543//3188 619//3188 1521//3188
f 1911//3189 555//3189 557//3189
f 1911//3190 557//3190 559//3190
f 1911//3191 1910//3191 555//3191
f 1542//3192 618//3192 1543//3192
f 1542//3193 617//3193 618//3193
f 1912//3194 1911//3194 559//3194
f 1913//3195 559//3195 561//3195
f 1913//3196 561//3196 563//3196
f 1913//3197 1912//3197 559//3197
f 1547//3198 617//3198 1542//3198
f 1547//3199 616//3199 617//3199
f 1914//3200 563//3200 565//3200
f 1914//3201 1913//3201 563//3201
f 1546//3202 616//3202 1547//3202
f 1546//3203 615//3203 616//3203
f 1915//3204 565//3204 567//3204
f 1915//3205 1914//3205 565//3205
f 1916//3206 1915//3206 567//3206
f 1916//3207 567//3207 569//3207
f 1537//3208 614//3208 615//3208
f 1537//3209 615//3209 1546//3209
f 1917//3210 569//3210 571//3210
f 1917//3211 1916//3211 569//3211
f 1918//3212 571//3212 573//3212
f 1918//3213 1917//3213 571//3213
f 1536//3214 613//3214 614//3214
f 1536//3215 614//3215 1537//3215
f 1919//3216 573//3216 575//3216
f 1919//3217 1918//3217 573//3217
f 1920//3218 579//3218 580//3218
f 1920//3219 580//3219 581//3219
f 1920//3220 581//3220 582//3220
f 1920//3221 582//3221 583//3221
f 1920//3222 1919//3222 575//3222
f 1920//3223 575//3223 576//3223
f 1920//3224 576//3224 577//3224
f 1920//3225 577//3225 578//3225
f 1920//3226 578//3226 579//3226
f 584//3227 1920//3227 583//3227
f 1549//3228 612//3228 613//3228
f 1549//3229 613//3229 1536//3229
f 1539//3230 611//3230 612//3230
f 1539//3231 612//3231 1549//3231
f 1534//3232 611//3232 1539//3232
f 1534//3233 610//3233 611//3233
f 1533//3234 610//3234 1534//3234
f 1533//3235 609//3235 610//3235
f 1531//3236 608//3236 609//3236
f 1531//3237 609//3237 1533//3237
f 1530//3238 607//3238 608//3238
f 1530//3239 608//3239 1531//3239
f 1242//3240 606//3240 607//3240
f 1242//3241 607//3241 1530//3241
f 1241//3242 605//3242 606//3242
f 1241//3243 606//3243 1242//3243
f 1232//3244 604//3244 605//3244
f 1232//3245 605//3245 1241//3245
f 1231//3246 603//3246 604//3246
f 1231//3247 604//3247 1232//3247
f 1221//3248 603//3248 1231//3248
f 1221//3249 602//3249 603//3249
f 1212//3250 601//3250 602//3250
f 1212//3251 602//3251 1221//3251
f 1211//3252 601//3252 1212//3252
f 1211//3253 600//3253 601//3253
f 1186//3254 600//3254 1211//3254
f 1186//3255 599//3255 600//3255
f 1181//3256 598//3256 599//3256
f 1181//3257 599//3257 1186//3257
f 1180//3258 597//3258 598//3258
f 1180//3259 598//3259 1181//3259
f 1175//3260 596//3260 597//3260
f 1175//3261 597//3261 1180//3261
f 1169//3262 595//3262 596//3262
f 1169//3263 596//3263 1175//3263
f 1168//3264 595//3264 1169//3264
f 1168//3265 594//3265 595//3265
f 1151//3266 594//3266 1168//3266
f 1151//3267 593//3267 594//3267
f 1147//3268 592//3268 593//3268
f 1147//3269 593//3269 1151//3269
f 1149//3270 584//3270 585//3270
f 1149//3271 585//3271 586//3271
f 1149//3272 586//3272 587//3272
f 1149//3273 587//3273 588//3273
f 1149//3274 588//3274 589//3274
f 1149//3275 589//3275 590//3275
f 1149//3276 590//3276 591//3276
f 1149//3277 591//3277 592//3277
f 1149//3278 592//3278 1147//3278
f 1149//3279 1920//3279 584//3279
f 136//3280 1177//3280 1178//3280
f 138//3281 1178//3281 1184//3281
f 138//3282 136//3282 1178//3282
f 134//3283 1173//3283 1177//3283
f 134//3284 1177//3284 136//3284
f 140//3285 1184//3285 1190//3285
f 140//3286 138//3286 1184//3286
f 132//3287 1172//3287 1173//3287
f 132//3288 1173//3288 134//3288
f 142//3289 1190//3289 1191//3289
f 142//3290 140//3290 1190//3290
f 130//3291 1170//3291 1172//3291
f 130//3292 1172//3292 132//3292
f 144//3293 1191//3293 1200//3293
f 144//3294 142//3294 1191//3294
f 129//3295 1148//3295 1170//3295
f 129//3296 1170//3296 130//3296
f 160//3297 1200//3297 1201//3297
f 160//3298 144//3298 1200//3298
f 120//3299 1149//3299 1148//3299
f 120//3300 1148//3300 129//3300
f 176//3301 1201//3301 1203//3301
f 176//3302 160//3302 1201//3302
f 111//3303 1149//3303 120//3303
f 189//3304 1203//3304 1206//3304
f 189//3305 176//3305 1203//3305
f 92//3306 1149//3306 111//3306
f 199//3307 1206//3307 1205//3307
f 199//3308 189//3308 1206//3308
f 77//3309 1149//3309 92//3309
f 208//3310 1205//3310 1209//3310
f 208//3311 199//3311 1205//3311
f 67//3312 1149//3312 77//3312
f 217//3313 1209//3313 1195//3313
f 217//3314 208//3314 1209//3314
f 57//3315 1920//3315 1149//3315
f 57//3316 1149//3316 67//3316
f 225//3317 1195//3317 1162//3317
f 225//3318 217//3318 1195//3318
f 48//3319 1920//3319 57//3319
f 232//3320 1162//3320 1158//3320
f 232//3321 225//3321 1162//3321
f 39//3322 1920//3322 48//3322
f 239//3323 232//3323 1158//3323
f 239//3324 1158//3324 1155//3324
f 31//3325 1920//3325 39//3325
f 245//3326 1155//3326 1152//3326
f 245//3327 239//3327 1155//3327
f 24//3328 1920//3328 31//3328
f 252//3329 245//3329 1152//3329
f 252//3330 1152//3330 1143//3330
f 16//3331 1920//3331 24//3331
f 10//3332 1920//3332 16//3332
f 259//3333 1143//3333 1145//3333
f 259//3334 1145//3334 1650//3334
f 259//3335 252//3335 1143//3335
f 265//3336 259//3336 1650//3336
f 265//3337 1650//3337 1649//3337
f 272//3338 265//3338 1649//3338
f 272//3339 1649//3339 1648//3339
f 279//3340 1648//3340 1647//3340
f 279//3341 272//3341 1648//3341
f 287//3342 279//3342 1647//3342
f 287//3343 1647//3343 1646//3343
f 295//3344 1646//3344 1855//3344
f 295//3345 287//3345 1646//3345
f 303//3346 1855//3346 1852//3346
f 303//3347 295//3347 1855//3347
f 312//3348 303//3348 1852//3348
f 312//3349 1852//3349 1848//3349
f 321//3350 1848//3350 1845//3350
f 321//3351 312//3351 1848//3351
f 334//3352 1845//3352 1839//3352
f 334//3353 321//3353 1845//3353
f 351//3354 1839//3354 1831//3354
f 351//3355 334//3355 1839//3355
f 360//3356 1831//3356 1830//3356
f 360//3357 351//3357 1831//3357
f 367//3358 1830//3358 1816//3358
f 367//3359 360//3359 1830//3359
f 369//3360 1816//3360 1815//3360
f 369//3361 367//3361 1816//3361
f 371//3362 369//3362 1815//3362
f 1803//3363 371//3363 1815//3363
f 372//3364 371//3364 1803//3364
f 1789//3365 372//3365 1803//3365
f 374//3366 372//3366 1789//3366
f 1788//3367 376//3367 374//3367
f 1788//3368 374//3368 1789//3368
f 1772//3369 379//3369 376//3369
f 1772//3370 376//3370 1788//3370
f 1771//3371 380//3371 379//3371
f 1771//3372 379//3372 1772//3372
f 1745//3373 380//3373 1771//3373
f 1745//3374 382//3374 380//3374
f 1642//3375 382//3375 1745//3375
f 1642//3376 403//3376 382//3376
f 1644//3377 403//3377 1642//3377
f 1644//3378 421//3378 403//3378
f 1644//3379 437//3379 421//3379
f 1644//3380 448//3380 437//3380
f 459//3381 448//3381 1644//3381
f 468//3382 459//3382 1644//3382
f 1921//3383 468//3383 1644//3383
f 1921//3384 477//3384 468//3384
f 1921//3385 485//3385 477//3385
f 1921//3386 493//3386 485//3386
f 1921//3387 501//3387 493//3387
f 1921//3388 506//3388 501//3388
f 1921//3389 509//3389 506//3389
f 1569//3390 137//3390 1570//3390
f 1570//3391 139//3391 1581//3391
f 137//3392 139//3392 1570//3392
f 1558//3393 135//3393 1569//3393
f 1569//3394 135//3394 137//3394
f 1581//3395 141//3395 1593//3395
f 139//3396 141//3396 1581//3396
f 1557//3397 133//3397 1558//3397
f 1558//3398 133//3398 135//3398
f 1593//3399 143//3399 1594//3399
f 141//3400 143//3400 1593//3400
f 1544//3401 131//3401 1557//3401
f 1557//3402 131//3402 133//3402
f 1594//3403 145//3403 1604//3403
f 143//3404 145//3404 1594//3404
f 1520//3405 110//3405 1544//3405
f 1544//3406 110//3406 131//3406
f 1604//3407 146//3407 1605//3407
f 145//3408 146//3408 1604//3408
f 1523//3409 101//3409 1520//3409
f 1520//3410 101//3410 110//3410
f 1605//3411 155//3411 1616//3411
f 146//3412 155//3412 1605//3412
f 1523//3413 84//3413 101//3413
f 1616//3414 170//3414 1622//3414
f 155//3415 170//3415 1616//3415
f 1523//3416 66//3416 84//3416
f 1622//3417 175//3417 1625//3417
f 170//3418 175//3418 1622//3418
f 1523//3419 56//3419 66//3419
f 1625//3420 195//3420 1629//3420
f 175//3421 195//3421 1625//3421
f 1523//3422 47//3422 56//3422
f 1629//3423 203//3423 1631//3423
f 195//3424 203//3424 1629//3424
f 1523//3425 38//3425 47//3425
f 1887//3426 38//3426 1523//3426
f 1631//3427 207//3427 1524//3427
f 203//3428 207//3428 1631//3428
f 1887//3429 30//3429 38//3429
f 1524//3430 216//3430 1525//3430
f 207//3431 216//3431 1524//3431
f 1887//3432 23//3432 30//3432
f 216//3433 223//3433 1525//3433
f 1525//3434 223//3434 1526//3434
f 1887//3435 15//3435 23//3435
f 223//3436 231//3436 1526//3436
f 1526//3437 231//3437 1527//3437
f 1887//3438 8//3438 15//3438
f 1527//3439 237//3439 1528//3439
f 231//3440 237//3440 1527//3440
f 1887//3441 5//3441 8//3441
f 237//3442 244//3442 1528//3442
f 1528//3443 244//3443 1363//3443
f 1363//3444 244//3444 1633//3444
f 1887//3445 3//3445 5//3445
f 244//3446 250//3446 1633//3446
f 1633//3447 250//3447 1638//3447
f 1638//3448 258//3448 1639//3448
f 250//3449 258//3449 1638//3449
f 1639//3450 264//3450 1640//3450
f 258//3451 264//3451 1639//3451
f 1640//3452 271//3452 1641//3452
f 264//3453 271//3453 1640//3453
f 1641//3454 277//3454 1679//3454
f 271//3455 277//3455 1641//3455
f 1679//3456 285//3456 1680//3456
f 277//3457 285//3457 1679//3457
f 285//3458 293//3458 1680//3458
f 1680//3459 293//3459 1689//3459
f 1689//3460 301//3460 1690//3460
f 293//3461 301//3461 1689//3461
f 1690//3462 311//3462 1687//3462
f 301//3463 311//3463 1690//3463
f 311//3464 326//3464 1687//3464
f 1687//3465 326//3465 1676//3465
f 1676//3466 342//3466 1677//3466
f 326//3467 342//3467 1676//3467
f 1677//3468 350//3468 1673//3468
f 342//3469 350//3469 1677//3469
f 1673//3470 368//3470 1674//3470
f 350//3471 368//3471 1673//3471
f 368//3472 370//3472 1674//3472
f 370//3473 1669//3473 1674//3473
f 370//3474 373//3474 1669//3474
f 373//3475 1661//3475 1669//3475
f 373//3476 375//3476 1661//3476
f 377//3477 1662//3477 375//3477
f 375//3478 1662//3478 1661//3478
f 378//3479 1656//3479 377//3479
f 377//3480 1656//3480 1662//3480
f 381//3481 1657//3481 378//3481
f 378//3482 1657//3482 1656//3482
f 381//3483 1654//3483 1657//3483
f 383//3484 1654//3484 381//3484
f 383//3485 1635//3485 1654//3485
f 386//3486 1635//3486 383//3486
f 386//3487 1636//3487 1635//3487
f 395//3488 1636//3488 386//3488
f 414//3489 1636//3489 395//3489
f 430//3490 1636//3490 414//3490
f 430//3491 435//3491 1636//3491
f 435//3492 447//3492 1636//3492
f 447//3493 1922//3493 1636//3493
f 458//3494 1922//3494 447//3494
f 467//3495 1922//3495 458//3495
f 476//3496 1922//3496 467//3496
f 484//3497 1922//3497 476//3497
f 492//3498 1922//3498 484//3498
f 500//3499 1922//3499 492//3499
f 876//3500 875//3500 1636//3500
f 874//3501 1634//3501 1636//3501
f 874//3502 1636//3502 875//3502
f 877//3503 876//3503 1636//3503
f 873//3504 1637//3504 1634//3504
f 873//3505 1634//3505 874//3505
f 878//3506 877//3506 1636//3506
f 872//3507 1652//3507 1637//3507
f 872//3508 1637//3508 873//3508
f 879//3509 878//3509 1636//3509
f 871//3510 1653//3510 1652//3510
f 871//3511 1652//3511 872//3511
f 880//3512 879//3512 1636//3512
f 870//3513 1659//3513 1653//3513
f 870//3514 1653//3514 871//3514
f 881//3515 880//3515 1636//3515
f 869//3516 1666//3516 1659//3516
f 869//3517 1659//3517 870//3517
f 882//3518 881//3518 1636//3518
f 1922//3519 882//3519 1636//3519
f 868//3520 1664//3520 1666//3520
f 868//3521 1666//3521 869//3521
f 883//3522 882//3522 1922//3522
f 867//3523 1665//3523 1664//3523
f 867//3524 1664//3524 868//3524
f 884//3525 883//3525 1922//3525
f 866//3526 1682//3526 1665//3526
f 866//3527 1665//3527 867//3527
f 885//3528 884//3528 1922//3528
f 865//3529 1693//3529 1682//3529
f 865//3530 1682//3530 866//3530
f 886//3531 885//3531 1922//3531
f 864//3532 1694//3532 1693//3532
f 864//3533 1693//3533 865//3533
f 887//3534 886//3534 1922//3534
f 863//3535 1694//3535 864//3535
f 863//3536 1702//3536 1694//3536
f 888//3537 887//3537 1922//3537
f 862//3538 1710//3538 1702//3538
f 862//3539 1702//3539 863//3539
f 889//3540 888//3540 1922//3540
f 861//3541 1710//3541 862//3541
f 861//3542 1711//3542 1710//3542
f 890//3543 889//3543 1922//3543
f 860//3544 1719//3544 1711//3544
f 860//3545 1711//3545 861//3545
f 891//3546 890//3546 1922//3546
f 891//3547 1922//3547 1923//3547
f 859//3548 1720//3548 1719//3548
f 859//3549 1719//3549 860//3549
f 893//3550 1923//3550 1924//3550
f 893//3551 891//3551 1923//3551
f 858//3552 1720//3552 859//3552
f 858//3553 1728//3553 1720//3553
f 895//3554 1924//3554 1925//3554
f 895//3555 893//3555 1924//3555
f 857//3556 1729//3556 1728//3556
f 857//3557 1728//3557 858//3557
f 897//3558 1925//3558 1926//3558
f 897//3559 895//3559 1925//3559
f 856//3560 1737//3560 1729//3560
f 856//3561 1729//3561 857//3561
f 899//3562 1926//3562 1927//3562
f 899//3563 897//3563 1926//3563
f 855//3564 1754//3564 1737//3564
f 855//3565 1737//3565 856//3565
f 901//3566 899//3566 1927//3566
f 901//3567 1927//3567 1928//3567
f 854//3568 1755//3568 1754//3568
f 854//3569 1754//3569 855//3569
f 903//3570 1928//3570 1929//3570
f 903//3571 901//3571 1928//3571
f 853//3572 1752//3572 1755//3572
f 853//3573 1755//3573 854//3573
f 904//3574 1929//3574 1930//3574
f 904//3575 903//3575 1929//3575
f 852//3576 1751//3576 1752//3576
f 852//3577 1752//3577 853//3577
f 907//3578 1930//3578 1931//3578
f 907//3579 904//3579 1930//3579
f 851//3580 1749//3580 1751//3580
f 851//3581 1751//3581 852//3581
f 908//3582 907//3582 1931//3582
f 850//3583 1750//3583 1749//3583
f 850//3584 1749//3584 851//3584
f 911//3585 1931//3585 1932//3585
f 911//3586 908//3586 1931//3586
f 849//3587 1750//3587 850//3587
f 849//3588 1747//3588 1750//3588
f 912//3589 911//3589 1932//3589
f 912//3590 1932//3590 1933//3590
f 848//3591 1746//3591 1747//3591
f 848//3592 1747//3592 849//3592
f 914//3593 912//3593 1933//3593
f 914//3594 1933//3594 1934//3594
f 914//3595 1934//3595 1935//3595
f 847//3596 1645//3596 1746//3596
f 847//3597 1746//3597 848//3597
f 917//3598 914//3598 1935//3598
f 1936//3599 917//3599 1935//3599
f 846//3600 1643//3600 1645//3600
f 846//3601 1645//3601 847//3601
f 918//3602 917//3602 1936//3602
f 845//3603 1644//3603 1643//3603
f 845//3604 1643//3604 846//3604
f 920//3605 918//3605 1936//3605
f 920//3606 1936//3606 1937//3606
f 844//3607 1644//3607 845//3607
f 1938//3608 920//3608 1937//3608
f 922//3609 920//3609 1938//3609
f 843//3610 1644//3610 844//3610
f 1939//3611 924//3611 922//3611
f 1939//3612 922//3612 1938//3612
f 842//3613 1644//3613 843//3613
f 927//3614 924//3614 1939//3614
f 1940//3615 927//3615 1939//3615
f 841//3616 1644//3616 842//3616
f 840//3617 1644//3617 841//3617
f 1941//3618 929//3618 927//3618
f 1941//3619 927//3619 1940//3619
f 839//3620 1644//3620 840//3620
f 1942//3621 930//3621 929//3621
f 1942//3622 929//3622 1941//3622
f 838//3623 1644//3623 839//3623
f 1943//3624 932//3624 930//3624
f 1943//3625 930//3625 1942//3625
f 837//3626 1644//3626 838//3626
f 1944//3627 934//3627 932//3627
f 1944//3628 932//3628 1943//3628
f 1945//3629 936//3629 934//3629
f 1945//3630 934//3630 1944//3630
f 1946//3631 939//3631 936//3631
f 1946//3632 936//3632 1945//3632
f 1947//3633 940//3633 939//3633
f 1947//3634 939//3634 1946//3634
f 1948//3635 943//3635 940//3635
f 1948//3636 940//3636 1947//3636
f 1949//3637 943//3637 1948//3637
f 1949//3638 944//3638 943//3638
f 1949//3639 946//3639 944//3639
f 1950//3640 946//3640 1949//3640
f 1950//3641 948//3641 946//3641
f 1951//3642 948//3642 1950//3642
f 1952//3643 951//3643 948//3643
f 1952//3644 948//3644 1951//3644
f 1953//3645 952//3645 951//3645
f 1953//3646 764//3646 952//3646
f 1953//3647 951//3647 1952//3647
f 1921//3648 833//3648 832//3648
f 1921//3649 834//3649 833//3649
f 1921//3650 835//3650 834//3650
f 1921//3651 836//3651 835//3651
f 1921//3652 837//3652 836//3652
f 1921//3653 1644//3653 837//3653
f 1921//3654 829//3654 828//3654
f 1921//3655 830//3655 829//3655
f 1921//3656 831//3656 830//3656
f 1921//3657 832//3657 831//3657
f 1954//3658 764//3658 1953//3658
f 1955//3659 1921//3659 828//3659
f 1955//3660 828//3660 826//3660
f 1956//3661 764//3661 1954//3661
f 1956//3662 765//3662 764//3662
f 1956//3663 768//3663 765//3663
f 1957//3664 826//3664 824//3664
f 1957//3665 1955//3665 826//3665
f 1958//3666 768//3666 1956//3666
f 1959//3667 1957//3667 824//3667
f 1959//3668 824//3668 822//3668
f 1960//3669 770//3669 768//3669
f 1960//3670 772//3670 770//3670
f 1960//3671 768//3671 1958//3671
f 1961//3672 1959//3672 822//3672
f 1961//3673 822//3673 820//3673
f 1962//3674 772//3674 1960//3674
f 1962//3675 774//3675 772//3675
f 1963//3676 774//3676 1962//3676
f 1963//3677 776//3677 774//3677
f 1964//3678 1961//3678 820//3678
f 1964//3679 820//3679 818//3679
f 1965//3680 776//3680 1963//3680
f 1966//3681 1964//3681 818//3681
f 1966//3682 816//3682 814//3682
f 1966//3683 818//3683 816//3683
f 1967//3684 1966//3684 814//3684
f 1968//3685 776//3685 1965//3685
f 1968//3686 778//3686 776//3686
f 1969//3687 778//3687 1968//3687
f 1969//3688 780//3688 778//3688
f 1969//3689 782//3689 780//3689
f 1970//3690 1967//3690 814//3690
f 1970//3691 814//3691 812//3691
f 1971//3692 1970//3692 812//3692
f 1971//3693 812//3693 810//3693
f 1972//3694 782//3694 1969//3694
f 1972//3695 784//3695 782//3695
f 1973//3696 784//3696 1972//3696
f 1973//3697 786//3697 784//3697
f 1974//3698 1971//3698 810//3698
f 1974//3699 808//3699 806//3699
f 1974//3700 810//3700 808//3700
f 1975//3701 786//3701 1973//3701
f 1975//3702 788//3702 786//3702
f 1976//3703 1974//3703 806//3703
f 1977//3704 1976//3704 806//3704
f 1977//3705 806//3705 804//3705
f 1978//3706 788//3706 1975//3706
f 1979//3707 788//3707 1978//3707
f 1979//3708 790//3708 788//3708
f 1980//3709 1977//3709 804//3709
f 1980//3710 804//3710 802//3710
f 1981//3711 790//3711 1979//3711
f 1981//3712 792//3712 790//3712
f 1982//3713 1980//3713 802//3713
f 1982//3714 802//3714 800//3714
f 1983//3715 792//3715 1981//3715
f 1983//3716 794//3716 792//3716
f 1983//3717 796//3717 794//3717
f 1984//3718 1982//3718 800//3718
f 1984//3719 800//3719 798//3719
f 1985//3720 796//3720 1983//3720
f 1985//3721 1984//3721 798//3721
f 1985//3722 798//3722 796//3722
f 3//3723 1887//3723 1885//3723
f 701//3724 3//3724 1885//3724
f 702//3725 1885//3725 1883//3725
f 702//3726 1883//3726 1881//3726
f 702//3727 701//3727 1885//3727
f 703//3728 702//3728 1881//3728
f 704//3729 1881//3729 1879//3729
f 704//3730 703//3730 1881//3730
f 705//3731 1879//3731 1877//3731
f 705//3732 1877//3732 1875//3732
f 705//3733 704//3733 1879//3733
f 706//3734 705//3734 1875//3734
f 707//3735 1875//3735 1873//3735
f 707//3736 706//3736 1875//3736
f 708//3737 1873//3737 1871//3737
f 708//3738 707//3738 1873//3738
f 709//3739 1871//3739 1869//3739
f 709//3740 708//3740 1871//3740
f 710//3741 1869//3741 1867//3741
f 710//3742 709//3742 1869//3742
f 711//3743 1867//3743 1866//3743
f 711//3744 1866//3744 1864//3744
f 711//3745 710//3745 1867//3745
f 712//3746 711//3746 1864//3746
f 713//3747 1864//3747 1862//3747
f 713//3748 712//3748 1864//3748
f 714//3749 1862//3749 1860//3749
f 714//3750 713//3750 1862//3750
f 715//3751 1860//3751 1858//3751
f 715//3752 714//3752 1860//3752
f 716//3753 1858//3753 1857//3753
f 716//3754 715//3754 1858//3754
f 717//3755 1857//3755 1856//3755
f 717//3756 716//3756 1857//3756
f 718//3757 717//3757 1856//3757
f 718//3758 1856//3758 1859//3758
f 719//3759 718//3759 1859//3759
f 719//3760 1859//3760 1861//3760
f 720//3761 719//3761 1861//3761
f 720//3762 1861//3762 1863//3762
f 721//3763 720//3763 1863//3763
f 721//3764 1863//3764 1865//3764
f 722//3765 721//3765 1865//3765
f 722//3766 1865//3766 1868//3766
f 723//3767 722//3767 1868//3767
f 723//3768 1868//3768 1870//3768
f 724//3769 723//3769 1870//3769
f 724//3770 1870//3770 1872//3770
f 725//3771 724//3771 1872//3771
f 725//3772 1872//3772 1874//3772
f 726//3773 725//3773 1874//3773
f 726//3774 1874//3774 1876//3774
f 727//3775 726//3775 1876//3775
f 727//3776 1876//3776 1878//3776
f 728//3777 727//3777 1878//3777
f 728//3778 1878//3778 1880//3778
f 729//3779 728//3779 1880//3779
f 729//3780 1880//3780 1882//3780
f 730//3781 729//3781 1882//3781
f 730//3782 1882//3782 1884//3782
f 730//3783 1884//3783 1886//3783
f 731//3784 730//3784 1886//3784
f 731//3785 1886//3785 1888//3785
f 732//3786 731//3786 1888//3786
f 734//3787 732//3787 1888//3787
f 734//3788 1888//3788 1889//3788
f 736//3789 1889//3789 1890//3789
f 736//3790 734//3790 1889//3790
f 738//3791 1890//3791 1891//3791
f 738//3792 1891//3792 1892//3792
f 738//3793 736//3793 1890//3793
f 740//3794 738//3794 1892//3794
f 742//3795 1892//3795 1893//3795
f 742//3796 740//3796 1892//3796
f 744//3797 1893//3797 1894//3797
f 744//3798 1894//3798 1895//3798
f 744//3799 742//3799 1893//3799
f 746//3800 744//3800 1895//3800
f 748//3801 1895//3801 1896//3801
f 748//3802 746//3802 1895//3802
f 750//3803 1896//3803 1897//3803
f 750//3804 748//3804 1896//3804
f 752//3805 750//3805 1897//3805
f 752//3806 1897//3806 1898//3806
f 753//3807 752//3807 1898//3807
f 753//3808 1898//3808 1899//3808
f 755//3809 753//3809 1899//3809
f 755//3810 1899//3810 1900//3810
f 755//3811 1900//3811 1901//3811
f 758//3812 755//3812 1901//3812
f 759//3813 758//3813 1901//3813
f 759//3814 1901//3814 1902//3814
f 761//3815 759//3815 1902//3815
f 761//3816 1902//3816 1903//3816
f 763//3817 761//3817 1903//3817
f 763//3818 1903//3818 1904//3818
f 762//3819 763//3819 1904//3819
f 762//3820 1904//3820 1905//3820
f 762//3821 1905//3821 1906//3821
f 760//3822 762//3822 1906//3822
f 757//3823 760//3823 1906//3823
f 757//3824 1906//3824 1907//3824
f 757//3825 1907//3825 1908//3825
f 756//3826 757//3826 1908//3826
f 754//3827 756//3827 1908//3827
f 754//3828 1908//3828 1909//3828
f 754//3829 1909//3829 1910//3829
f 751//3830 754//3830 1910//3830
f 749//3831 751//3831 1910//3831
f 749//3832 1910//3832 1911//3832
f 747//3833 749//3833 1911//3833
f 747//3834 1911//3834 1912//3834
f 745//3835 747//3835 1912//3835
f 745//3836 1912//3836 1913//3836
f 745//3837 1913//3837 1914//3837
f 743//3838 745//3838 1914//3838
f 741//3839 743//3839 1914//3839
f 741//3840 1914//3840 1915//3840
f 739//3841 741//3841 1915//3841
f 739//3842 1915//3842 1916//3842
f 739//3843 1916//3843 1917//3843
f 737//3844 739//3844 1917//3844
f 735//3845 737//3845 1917//3845
f 735//3846 1917//3846 1918//3846
f 733//3847 735//3847 1918//3847
f 733//3848 1918//3848 1919//3848
f 733//3849 1919//3849 1920//3849
f 10//3850 733//3850 1920//3850
f 1922//3851 500//3851 954//3851
f 1923//3852 1922//3852 954//3852
f 1924//3853 954//3853 955//3853
f 1924//3854 955//3854 956//3854
f 1924//3855 1923//3855 954//3855
f 1925//3856 1924//3856 956//3856
f 1926//3857 956//3857 957//3857
f 1926//3858 1925//3858 956//3858
f 1927//3859 957//3859 958//3859
f 1927//3860 958//3860 959//3860
f 1927//3861 1926//3861 957//3861
f 1928//3862 1927//3862 959//3862
f 1929//3863 959//3863 960//3863
f 1929//3864 1928//3864 959//3864
f 1930//3865 960//3865 961//3865
f 1930//3866 1929//3866 960//3866
f 1931//3867 961//3867 962//3867
f 1931//3868 1930//3868 961//3868
f 1932//3869 962//3869 963//3869
f 1932//3870 1931//3870 962//3870
f 1933//3871 963//3871 964//3871
f 1933//3872 964//3872 965//3872
f 1933//3873 1932//3873 963//3873
f 1934//3874 1933//3874 965//3874
f 1935//3875 965//3875 966//3875
f 1935//3876 1934//3876 965//3876
f 1936//3877 966//3877 967//3877
f 1936//3878 1935//3878 966//3878
f 1937//3879 967//3879 968//3879
f 1937//3880 1936//3880 967//3880
f 1938//3881 968//3881 969//3881
f 1938//3882 1937//3882 968//3882
f 1939//3883 969//3883 970//3883
f 1939//3884 1938//3884 969//3884
f 1940//3885 1939//3885 970//3885
f 1940//3886 970//3886 971//3886
f 1941//3887 1940//3887 971//3887
f 1941//3888 971//3888 972//3888
f 1942//3889 1941//3889 972//3889
f 1942//3890 972//3890 973//3890
f 1943//3891 1942//3891 973//3891
f 1943//3892 973//3892 974//3892
f 1944//3893 1943//3893 974//3893
f 1944//3894 974//3894 975//3894
f 1945//3895 1944//3895 975//3895
f 1945//3896 975//3896 976//3896
f 1946//3897 1945//3897 976//3897
f 1946//3898 976//3898 977//3898
f 1947//3899 1946//3899 977//3899
f 1947//3900 977//3900 978//3900
f 1948//3901 1947//3901 978//3901
f 1948//3902 978//3902 979//3902
f 1949//3903 1948//3903 979//3903
f 1949//3904 979//3904 980//3904
f 1950//3905 1949//3905 980//3905
f 1950//3906 980//3906 981//3906
f 1951//3907 1950//3907 981//3907
f 1951//3908 981//3908 982//3908
f 1952//3909 1951//3909 982//3909
f 1952//3910 982//3910 983//3910
f 1952//3911 983//3911 984//3911
f 1953//3912 1952//3912 984//3912
f 1953//3913 984//3913 985//3913
f 1954//3914 1953//3914 985//3914
f 1956//3915 1954//3915 985//3915
f 1956//3916 985//3916 987//3916
f 1958//3917 987//3917 989//3917
f 1958//3918 1956//3918 987//3918
f 1960//3919 989//3919 991//3919
f 1960//3920 991//3920 993//3920
f 1960//3921 1958//3921 989//3921
f 1962//3922 1960//3922 993//3922
f 1963//3923 993//3923 995//3923
f 1963//3924 1962//3924 993//3924
f 1965//3925 995//3925 997//3925
f 1965//3926 997//3926 999//3926
f 1965//3927 1963//3927 995//3927
f 1968//3928 1965//3928 999//3928
f 1969//3929 999//3929 1001//3929
f 1969//3930 1968//3930 999//3930
f 1972//3931 1001//3931 1003//3931
f 1972//3932 1969//3932 1001//3932
f 1973//3933 1972//3933 1003//3933
f 1973//3934 1003//3934 1005//3934
f 1975//3935 1973//3935 1005//3935
f 1975//3936 1005//3936 1006//3936
f 1978//3937 1975//3937 1006//3937
f 1978//3938 1006//3938 1008//3938
f 1978//3939 1008//3939 1011//3939
f 1979//3940 1978//3940 1011//3940
f 1981//3941 1979//3941 1011//3941
f 1981//3942 1011//3942 1012//3942
f 1983//3943 1981//3943 1012//3943
f 1983//3944 1012//3944 1014//3944
f 1985//3945 1983//3945 1014//3945
f 1985//3946 1014//3946 1016//3946
f 1984//3947 1985//3947 1016//3947
f 1984//3948 1016//3948 1015//3948
f 1984//3949 1015//3949 1013//3949
f 1982//3950 1984//3950 1013//3950
f 1980//3951 1982//3951 1013//3951
f 1980//3952 1013//3952 1010//3952
f 1980//3953 1010//3953 1009//3953
f 1977//3954 1980//3954 1009//3954
f 1976//3955 1977//3955 1009//3955
f 1976//3956 1009//3956 1007//3956
f 1976//3957 1007//3957 1004//3957
f 1974//3958 1976//3958 1004//3958
f 1971//3959 1974//3959 1004//3959
f 1971//3960 1004//3960 1002//3960
f 1970//3961 1971//3961 1002//3961
f 1970//3962 1002//3962 1000//3962
f 1967//3963 1970//3963 1000//3963
f 1967//3964 1000//3964 998//3964
f 1967//3965 998//3965 996//3965
f 1966//3966 1967//3966 996//3966
f 1964//3967 1966//3967 996//3967
f 1964//3968 996//3968 994//3968
f 1961//3969 1964//3969 994//3969
f 1961//3970 994//3970 992//3970
f 1961//3971 992//3971 990//3971
f 1959//3972 1961//3972 990//3972
f 1957//3973 1959//3973 990//3973
f 1957//3974 990//3974 988//3974
f 1955//3975 1957//3975 988//3975
f 1955//3976 988//3976 986//3976
f 1955//3977 986//3977 509//3977
f 1921//3978 1955//3978 509//3978
