# Created by FreeCAD <https://www.freecad.org>
v 14.960121 30.019907 85.000000
v 14.954187 30.016928 84.577950
v 19.960117 30.026550 85.000000
v 14.936419 30.008022 84.156784
v 19.960165 29.990414 83.527969
v 14.893072 29.986326 83.582848
v 14.828145 29.953918 83.013924
v 19.960310 29.882092 82.059486
v 14.742263 29.911211 82.451950
v -20.039848 29.973396 85.000000
v -15.028686 29.974478 84.421509
v -15.039852 29.980042 85.000000
v 14.636268 29.858761 81.898865
v 14.511115 29.797201 81.356216
v 19.960548 29.701845 80.598083
v -20.039799 29.937260 83.527969
v -14.995328 29.957878 83.845505
v -14.940121 29.930466 83.273727
v 14.367723 29.727161 80.824814
v -14.863578 29.892584 82.707909
v 14.207046 29.649309 80.305412
v 14.030084 29.564342 79.798737
v 19.960882 29.450109 79.147293
v -20.039656 29.828938 82.059486
v -14.766387 29.844700 82.149757
v -14.649407 29.787382 81.600975
v 13.837888 29.472994 79.305466
v 13.631557 29.376015 78.826248
v 13.412097 29.274113 78.361404
v 19.961311 29.127487 77.710594
v -20.039415 29.648691 80.598083
v -14.513677 29.721312 81.063194
v -14.360306 29.647223 80.537727
v -14.190228 29.565771 80.024933
v 13.180270 29.167883 77.910744
v 12.936865 29.057926 77.474228
v 12.682632 28.944822 77.051788
v 19.961834 28.734762 76.291458
v -20.039082 29.396955 79.147293
v -14.004425 29.477654 79.525330
v -13.803905 29.383570 79.039375
v -13.589686 29.284239 78.567513
v 12.418284 28.829136 76.643356
v 12.144494 28.711401 76.248810
v 11.861831 28.592098 75.867950
v 11.570814 28.471693 75.500549
v 19.962448 28.272875 74.893303
v -20.038652 29.074335 77.710594
v -13.362689 29.180323 78.109886
v -13.123722 29.072433 77.666466
v -12.873559 28.961164 77.237190
v 11.271933 28.350616 75.146423
v 10.965629 28.229290 74.805344
v 10.652308 28.108105 74.477104
v 10.332340 27.987438 74.161507
v 19.963152 27.742939 73.519501
v -20.038132 28.681608 76.291458
v -12.612933 28.847088 76.821999
v -12.342544 28.730747 76.420792
v -12.063014 28.612656 76.033401
v -11.774876 28.493277 75.659615
v 10.006069 27.867651 73.858353
v 9.673785 27.749079 73.567444
v 9.335756 27.632046 73.288605
v 8.992275 27.516880 73.021683
v 19.963945 27.146231 72.173347
v -20.037518 28.219721 74.893303
v -11.478640 28.373058 75.299217
v -11.174771 28.252430 74.951996
v -10.863695 28.131792 74.617744
v -10.545798 28.011536 74.296257
v 8.643612 27.403896 72.766548
v 8.290016 27.293394 72.523102
v 7.931723 27.185673 72.291206
v 7.568944 27.081005 72.070763
v 7.201879 26.979664 71.861687
v -20.036814 27.689785 73.519501
v -10.221437 27.892019 73.987335
v -9.890934 27.773600 73.690788
v -9.554553 27.656595 73.406403
v -9.212587 27.541342 73.134026
v -8.865316 27.428156 72.873535
v 6.830709 26.881907 71.663879
v 19.964825 26.484192 70.858101
v 6.455598 26.787989 71.477264
v 6.076624 26.698130 71.301743
v 5.693978 26.612576 71.137291
v 5.307921 26.531584 70.983917
v 4.918706 26.455391 70.841637
v 4.526582 26.384222 70.710442
v 4.131791 26.318285 70.590347
v -20.036020 27.093079 72.173347
v -8.513003 27.317348 72.624802
v -8.155889 27.209213 72.387703
v -7.794194 27.104038 72.162132
v -7.428128 27.002098 71.947998
v -7.057880 26.903656 71.745193
v -6.683623 26.808968 71.553658
v 3.734570 26.257772 70.481354
v 3.335151 26.202866 70.383453
v 19.965788 25.758413 69.576920
v 2.933760 26.153723 70.296669
v 2.530621 26.110489 70.220993
v 2.125952 26.073294 70.156418
v 1.719968 26.042250 70.102974
v 1.312881 26.017448 70.060646
v 0.904899 25.998966 70.029449
v 0.496231 25.986866 70.009392
v 0.087081 25.981186 70.000496
v 19.966835 24.970642 68.332893
v -20.035141 26.431038 70.858101
v -6.305533 26.718283 71.373306
v -5.923836 26.631853 71.204124
v -5.538756 26.549925 71.046082
v -5.150511 26.472731 70.899170
v -4.759313 26.400484 70.763367
v -4.365365 26.333397 70.638664
v -3.968863 26.271658 70.525055
v -3.569997 26.215450 70.422531
v -20.034176 25.705259 69.576920
v -3.168972 26.164938 70.331093
v -2.766038 26.120285 70.250771
v -2.361449 26.081631 70.181564
v -1.955452 26.049097 70.123497
v -1.548295 26.022787 70.076576
v -1.140221 26.002787 70.040802
v -0.731472 25.989159 70.016197
v -0.322288 25.981949 70.002762
v -20.033129 24.917490 68.332893
v -20.032001 24.069628 67.129021
v 19.967962 24.122782 67.129021
v -20.030798 23.163715 65.968201
v 19.969166 23.216869 65.968201
v -20.029520 22.201939 64.853233
v 19.970444 22.255093 64.853233
v -20.028172 21.186607 63.786797
v 19.971794 21.239761 63.786797
v -20.026754 20.120174 62.771465
v 19.973211 20.173328 62.771465
v -20.025272 19.005205 61.809685
v 19.974691 19.058359 61.809685
v -20.023729 17.844387 60.903774
v 19.976234 17.897541 60.903774
v -20.022131 16.640514 60.055912
v 19.977835 16.693668 60.055912
v 19.979488 15.449646 59.268143
v 0.549659 14.989926 59.012993
v 1.118316 14.958254 58.994316
v 1.685486 14.905004 58.963333
v -0.019933 14.999987 59.019238
v -0.332467 14.996315 59.017357
v 2.250609 14.830198 58.920231
v 2.813113 14.733851 58.865273
v 3.372416 14.615978 58.798767
v 19.981190 14.168467 58.542362
v 3.927921 14.476583 58.721111
v 4.479013 14.315671 58.632744
v 5.025059 14.133251 58.534168
v 5.565407 13.929331 58.425949
v -20.020477 15.396492 59.268143
v -2.936283 14.709801 58.856026
v -3.389221 14.612090 58.801613
v -2.481147 14.793373 58.902893
v -2.024124 14.862803 58.942036
v -1.565521 14.918080 58.973297
v -1.105639 14.959196 58.996559
v -0.644777 14.986135 59.011726
v 6.099381 13.703925 58.308712
v 6.626284 13.457056 58.183121
v 19.982937 12.853218 57.880322
v 7.145665 13.188611 58.049839
v 7.657192 12.898349 57.909500
v 8.160374 12.586036 57.762802
v 8.654663 12.251400 57.610493
v 19.984726 11.507070 57.283615
v -20.018774 14.115313 58.542362
v -6.470479 13.532661 58.229965
v -6.893715 13.322038 58.124741
v -6.042298 13.729189 58.329994
v -5.609517 13.911626 58.424454
v -5.172503 14.079958 58.512993
v -4.731621 14.234176 58.595276
v -4.287220 14.374274 58.670990
v -3.839642 14.500246 58.739853
v 9.139444 11.894139 57.453339
v 9.614032 11.513922 57.292168
v 10.077665 11.110385 57.127846
v -8.131874 12.604468 57.781345
v -20.017027 12.800064 57.880322
v -8.533278 12.336254 57.658875
v -7.724638 12.858069 57.900070
v -7.311838 13.097215 58.014656
v -8.928548 12.053258 57.533054
v 10.529587 10.683062 56.961258
v 19.986551 10.133263 56.753677
v 10.968969 10.231409 56.793327
v 11.394841 9.754875 56.625050
v -9.699325 11.442163 57.273079
v -20.015238 11.453917 57.283615
v -10.074058 11.113656 57.139832
v -9.317353 11.755294 57.404312
v 11.806090 9.252903 56.457504
v 19.988411 8.735109 56.291790
v -10.441108 10.769553 57.005035
v 12.201454 8.724936 56.291843
v 12.579536 8.170390 56.129295
v 19.990295 7.315976 55.899063
v -20.013412 10.080110 56.753677
v -11.150166 10.033634 56.732903
v -11.491137 9.641254 56.596626
v -10.799988 10.409624 56.869217
v 12.938704 7.588802 55.971207
v -11.822333 9.232141 56.460949
v 13.277072 6.979926 55.819069
v 13.592604 6.343587 55.674454
v 19.992205 5.879282 55.576439
v -20.011555 8.681955 56.291790
v -12.143080 8.805998 56.326492
v -12.452638 8.362525 56.193901
v -12.750201 7.901417 56.063869
v 13.855336 5.747144 55.552052
v 14.072990 5.191428 55.449318
v 19.994133 4.428487 55.324707
v -13.034813 7.422511 55.937157
v -20.009668 7.262822 55.899063
v -13.305439 6.925698 55.814568
v 14.271212 4.618716 55.354725
v -13.560984 6.410905 55.696945
v 14.448507 4.029968 55.269310
v 14.603463 3.426202 55.194065
v 19.996075 2.967088 55.144459
v -20.007759 5.826128 55.576439
v -13.800292 5.878088 55.585171
v -14.022048 5.327491 55.480194
v 14.734734 2.808491 55.129913
v 14.840959 2.178515 55.077774
v 19.998026 1.498606 55.036137
v -14.224796 4.759743 55.383034
v -20.005833 4.375333 55.324707
v -14.407107 4.175557 55.294708
v 14.920843 1.538973 55.038490
v -14.567616 3.575552 55.216167
v 14.973419 0.892590 55.012695
v 19.999983 0.026577 55.000000
v -20.003889 2.913935 55.144459
v -14.704865 2.960902 55.148418
v 14.998046 0.242118 55.000824
v -14.817314 2.333922 55.092468
v 14.994411 -0.409409 55.003075
v 20.001938 -1.445452 55.036137
v 14.962608 -1.058476 55.019386
v -20.001938 1.445452 55.036137
v -14.903695 1.697013 55.049164
v -14.963021 1.052617 55.019176
v 14.903069 -1.702515 55.049480
v -14.994580 0.403211 55.002983
v 14.816505 -2.339054 55.092873
v 20.003889 -2.913935 55.144459
v -19.999983 -0.026577 55.000000
v -14.997939 -0.248629 55.000870
v 14.703908 -2.965653 55.148891
v -14.973013 -0.899378 55.012894
v 14.566545 -3.579914 55.216694
v 20.005833 -4.375333 55.324707
v -19.998026 -1.498606 55.036137
v -14.920116 -1.546005 55.038845
v 14.405954 -4.179530 55.295265
v -14.839894 -2.185754 55.078297
v 14.223593 -4.763340 55.383614
v 14.020822 -5.330720 55.480778
v 20.007759 -5.826128 55.576439
v -19.996075 -2.967088 55.144459
v -14.733320 -2.815899 55.130608
v -14.601693 -3.433737 55.194927
v 13.799067 -5.880963 55.585747
v 13.559786 -6.413439 55.697502
v 20.009668 -7.262822 55.899063
v -14.446375 -4.037603 55.270344
v -19.994133 -4.428487 55.324707
v -14.268714 -4.626424 55.355923
v 13.304289 -6.927908 55.815094
v -14.070129 -5.199181 55.450676
v 13.033729 -7.424414 55.937641
v 12.749201 -7.903030 56.064308
v 20.011555 -8.681955 56.291790
v -13.852111 -5.754913 55.553566
v -19.992205 -5.879282 55.576439
v -13.616227 -6.292722 55.663521
v 12.451736 -8.363867 56.194290
v -13.363875 -6.812255 55.779549
v 12.142293 -8.807083 56.326828
v 11.821671 -9.232988 56.461224
v 20.013412 -10.080110 56.753677
v -13.096158 -7.313730 55.900795
v -19.990295 -7.315976 55.899063
v -12.814183 -7.797224 56.026413
v 11.490612 -9.641880 56.596840
v 11.149789 -10.034053 56.733051
v 10.799766 -10.409854 56.869301
v 10.441051 -10.769608 57.005058
v 20.015238 -11.453917 57.283615
v -12.211592 -8.710743 56.287537
v -19.988411 -8.735109 56.291790
v -11.892750 -9.141254 56.421577
v -12.519000 -8.262847 56.155586
v -11.563191 -9.554716 56.557060
v 10.074174 -11.113551 57.139786
v 9.699620 -11.441913 57.272980
v 9.317835 -11.754911 57.404148
v 8.929221 -12.052759 57.532837
v 20.017027 -12.800064 57.880322
v -19.986551 -10.133263 56.753677
v -10.874705 -10.331542 56.829842
v -10.517023 -10.695430 56.965973
v -11.223627 -9.951392 56.693348
v 8.534148 -12.335652 57.658600
v 8.132948 -12.603775 57.781025
v 7.725918 -12.857301 57.899704
v 7.313330 -13.096381 58.014256
v -9.396592 -11.692051 57.366905
v -19.984726 -11.507070 57.283615
v -9.008815 -11.993384 57.496437
v -9.777496 -11.375437 57.235001
v -10.151122 -11.043311 57.101196
v 6.895422 -13.321154 58.124306
v 20.018774 -14.115313 58.542362
v 6.472405 -13.531739 58.229504
v 6.044449 -13.728242 58.329510
v 5.611893 -13.910666 58.423958
v 5.175108 -14.079000 58.512486
v 4.734454 -14.233233 58.594769
v 4.290283 -14.373360 58.670494
v -7.807662 -12.807826 57.866524
v -19.982937 -12.853218 57.880322
v -7.395628 -13.050084 57.982376
v -8.214045 -12.551074 57.746658
v -8.614525 -12.279657 57.623161
v -6.978162 -13.277999 58.093842
v -6.555456 -13.491701 58.200573
v 3.842936 -14.499374 58.739376
v 3.392746 -14.611272 58.801155
v 20.020477 -15.396492 59.268143
v 2.940039 -14.709050 58.855606
v 2.485133 -14.792705 58.902519
v 2.028340 -14.862228 58.941711
v 1.569965 -14.917614 58.973034
v 1.110311 -14.958851 58.996365
v 0.649673 -14.985925 59.011604
v 0.188346 -14.998817 59.018692
v 20.022131 -16.640514 60.055912
v -19.981190 -14.168467 58.542362
v -3.928765 -14.476354 58.720985
v -3.478813 -14.591020 58.784786
v -4.375713 -14.347583 58.650162
v -4.819386 -14.204700 58.572578
v -5.259499 -14.047693 58.488510
v -5.695755 -13.876540 58.398270
v -6.127846 -13.691219 58.302177
v -0.734746 -14.981995 59.008278
v -19.979488 -15.449646 59.268143
v -0.273312 -14.997510 59.017586
v -1.195592 -14.952276 58.990822
v -1.655506 -14.908363 58.965279
v -2.114140 -14.850266 58.931755
v -2.571140 -14.777998 58.890381
v -3.026152 -14.691576 58.841328
v -19.977835 -16.693668 60.055912
v 20.023729 -17.844387 60.903774
v -19.976234 -17.897541 60.903774
v 20.025272 -19.005205 61.809685
v -19.974691 -19.058359 61.809685
v -19.973211 -20.173328 62.771465
v 20.026754 -20.120174 62.771465
v -19.971794 -21.239761 63.786797
v 20.028172 -21.186607 63.786797
v -19.970444 -22.255093 64.853233
v 20.029520 -22.201939 64.853233
v 20.030798 -23.163715 65.968201
v -19.969166 -23.216869 65.968201
v -19.967962 -24.122782 67.129021
v 20.032001 -24.069628 67.129021
v -19.966835 -24.970642 68.332893
v 20.033129 -24.917490 68.332893
v 0.973993 -25.996469 70.029449
v 1.382022 -26.013866 70.060646
v 20.034176 -25.705259 69.576920
v 0.565294 -25.985455 70.009392
v 1.789174 -26.037588 70.102974
v 0.156130 -25.980862 70.000496
v 2.195239 -26.067553 70.156418
v -0.253235 -25.982714 70.002762
v 2.600005 -26.103672 70.220993
v 3.003258 -26.145834 70.296669
v 3.404778 -26.193909 70.383453
v 20.035141 -26.431038 70.858101
v 3.804342 -26.247755 70.481354
v 4.201722 -26.307211 70.590347
v 4.596687 -26.372099 70.710442
v 4.988999 -26.442225 70.841637
v 5.378415 -26.517384 70.983917
v 5.764686 -26.597349 71.137291
v -3.099423 -26.173267 70.331093
v -19.965788 -25.758413 69.576920
v -3.500312 -26.224846 70.422531
v -2.696609 -26.127544 70.250771
v -2.292124 -26.087814 70.181564
v -1.886215 -26.054201 70.123497
v -1.479130 -26.026812 70.076576
v -1.071110 -26.005724 70.040802
v -0.662399 -25.991013 70.016197
v 6.147557 -26.681885 71.301743
v 6.526768 -26.770737 71.477264
v 6.902127 -26.863659 71.663879
v 20.036020 -27.093079 72.173347
v 7.273557 -26.960428 71.861687
v 7.640891 -27.060793 72.070763
v 8.003945 -27.164495 72.291206
v 8.362524 -27.271265 72.523094
v 8.716412 -27.380827 72.766548
v -6.234502 -26.734947 71.373306
v -19.964825 -26.484192 70.858101
v -6.612350 -26.826635 71.553658
v -5.853036 -26.647503 71.204124
v -5.468175 -26.564552 71.046082
v -5.080138 -26.486326 70.899170
v -4.689132 -26.413040 70.763367
v -4.295363 -26.344906 70.638664
v -3.899027 -26.282114 70.525055
v 9.065374 -27.492884 73.021683
v 20.036814 -27.689785 73.519501
v 9.409161 -27.607136 73.288605
v 9.747499 -27.723270 73.567444
v 10.080096 -27.840960 73.858353
v 10.406686 -27.959881 74.161499
v 20.037518 -28.219721 74.893303
v -8.440372 -27.339876 72.624802
v -19.963945 -27.146231 72.173347
v -8.792390 -27.451620 72.873535
v -8.083546 -27.230793 72.387703
v -7.722133 -27.124659 72.162132
v -7.356339 -27.021746 71.947998
v -6.986353 -26.922319 71.745193
v 10.726972 -28.079697 74.477104
v 11.040614 -28.200047 74.805336
v 11.347239 -28.320560 75.146423
v 11.646442 -28.440840 75.500549
v 20.038132 -28.681608 76.291458
v -19.963152 -27.742939 73.519501
v -9.139359 -27.565729 73.134026
v -9.817085 -27.799788 73.690788
v -10.147272 -27.919085 73.987335
v -9.481017 -27.681890 73.406403
v 11.937778 -28.560472 75.867943
v -10.471315 -28.039463 74.296257
v 12.220757 -28.679022 76.248810
v 12.494860 -28.796030 76.643356
v 12.759513 -28.911015 77.051788
v 20.038652 -29.074335 77.710594
v -19.962448 -28.272875 74.893303
v -11.099646 -28.282028 74.951996
v -11.403193 -28.403465 75.299217
v -10.788891 -28.160566 74.617744
v -11.699108 -28.524469 75.659615
v 13.014046 -29.023441 77.474228
v 13.257743 -29.132750 77.910744
v 13.489851 -29.238363 78.361404
v 20.039082 -29.396955 79.147293
v -19.961834 -28.734762 76.291458
v -12.266143 -28.763449 76.420792
v -12.536222 -28.880507 76.821999
v -11.986928 -28.644615 76.033401
v 13.709580 -29.339682 78.826248
v -12.796544 -28.995277 77.237190
v 13.916087 -29.436075 79.305267
v 14.108378 -29.526842 79.798111
v 20.039415 -29.648691 80.598083
v -19.961311 -29.127487 77.710594
v -13.046411 -29.107210 77.666466
v -13.285089 -29.215733 78.109886
v 14.285436 -29.611275 80.304321
v -13.511810 -29.320251 78.567513
v 14.446266 -29.688673 80.823395
v 14.589914 -29.758364 81.354851
v 20.039656 -29.828938 82.059486
v -19.960882 -29.450109 79.147293
v -13.725763 -29.420153 79.039375
v -13.926033 -29.514769 79.525330
v 14.715392 -29.819672 81.898026
v -14.111601 -29.603380 80.024933
v 14.821599 -29.871874 82.451332
v 14.907589 -29.914349 83.013092
v 20.039799 -29.937260 83.527969
v -19.960548 -29.701845 80.598083
v -14.281463 -29.685284 80.537727
v -14.434635 -29.759779 81.063194
v 14.972594 -29.946581 83.581589
v -14.570190 -29.826210 81.600975
v 15.016021 -29.968172 84.155090
v 15.033883 -29.977068 84.577019
v 20.039848 -29.973396 85.000000
v -19.960310 -29.882092 82.059486
v -14.687017 -29.883839 82.149757
v -14.784081 -29.931982 82.707909
v 15.039852 -29.980042 85.000000
v -14.860522 -29.970066 83.273727
v -19.960165 -29.990414 83.527969
v -14.915656 -29.997625 83.845505
v -14.948970 -30.014315 84.421509
v -19.960117 -30.026550 85.000000
v -14.960121 -30.019907 85.000000
v -0.053154 39.999966 100.000000
v -0.039865 29.999973 100.000000
v -0.789168 39.998985 99.981934
v -0.775880 29.998995 99.981934
v -1.523409 39.998013 99.927773
v -1.510121 29.998020 99.927773
v -2.254109 39.997040 99.837646
v -2.240820 29.997049 99.837646
v -2.979506 39.996075 99.711777
v -2.966218 29.996084 99.711777
v -3.697853 39.995121 99.550468
v -3.684565 29.995131 99.550468
v -4.407420 39.994179 99.354103
v -4.394131 29.994188 99.354103
v -5.106497 39.993248 99.123161
v -5.093208 29.993258 99.123161
v -5.793400 39.992336 98.858192
v -5.780112 29.992346 98.858192
v -6.466474 39.991444 98.559837
v -6.453186 29.991451 98.559837
v -7.124098 39.990570 98.228821
v -7.110810 29.990578 98.228821
v -7.764688 39.989716 97.865929
v -7.751400 29.989727 97.865929
v -8.386700 39.988892 97.472046
v -8.373411 29.988899 97.472046
v -8.988635 39.988091 97.048111
v -8.975347 29.988100 97.048111
v -9.569045 39.987320 96.595154
v -9.555757 29.987328 96.595154
v -10.126529 39.986580 96.114265
v -10.113240 29.986588 96.114265
v -10.659746 39.985870 95.606598
v -10.646458 29.985880 95.606598
v -11.167411 39.985195 95.073387
v -11.154122 29.985205 95.073387
v -11.648300 39.984558 94.515900
v -11.635012 29.984566 94.515900
v -12.101256 39.983955 93.935486
v -12.087968 29.983963 93.935486
v -12.525187 39.983391 93.333549
v -12.511898 29.983400 93.333557
v -12.919072 39.982868 92.711540
v -12.905784 29.982876 92.711540
v -13.281960 39.982388 92.070953
v -13.268673 29.982395 92.070953
v -13.612981 39.981945 91.413322
v -13.599692 29.981955 91.413330
v -13.911335 39.981548 90.740250
v -13.898046 29.981558 90.740250
v -14.176303 39.981197 90.053345
v -14.163014 29.981207 90.053345
v -14.407246 39.980892 89.354271
v -14.393957 29.980900 89.354271
v -14.603609 39.980629 88.644699
v -14.590321 29.980639 88.644699
v -14.764920 39.980415 87.926353
v -14.751632 29.980423 87.926353
v -14.890788 39.980247 87.200958
v -14.877500 29.980257 87.200958
v -14.980911 39.980129 86.470261
v -14.967623 29.980137 86.470261
v -15.035072 39.980057 85.736015
v -15.021784 29.980064 85.736015
v -15.053141 39.980034 85.000000
v -15.034494 39.980057 84.252312
v -14.978602 39.980129 83.506485
v -14.885603 39.980255 82.764366
v -14.755728 39.980427 82.027809
v -14.589300 39.980648 81.298637
v -14.386733 39.980919 80.578674
v -14.148531 39.981236 79.869698
v -13.875285 39.981598 79.173477
v -13.567675 39.982006 78.491745
v -13.226465 39.982460 77.826187
v -12.852506 39.982956 77.178474
v -12.446724 39.983494 76.550201
v -12.010131 39.984077 75.942932
v -11.543810 39.984695 75.358185
v -11.048922 39.985352 74.797409
v -10.526697 39.986046 74.261993
v -9.978432 39.986774 73.753281
v -9.405493 39.987537 73.272530
v -8.809301 39.988331 72.820930
v -8.191340 39.989151 72.399612
v -7.553147 39.989998 72.009621
v -6.896307 39.990871 71.651924
v -6.222455 39.991768 71.327415
v -5.533264 39.992683 71.036896
v -4.830449 39.993618 70.781090
v -4.115757 39.994568 70.560638
v -3.390965 39.995529 70.376083
v -2.657874 39.996502 70.227882
v -1.918308 39.997486 70.116409
v -1.174104 39.998474 70.041939
v -0.427114 39.999466 70.004662
v 0.320806 40.000462 70.004662
v 1.067797 40.001453 70.041939
v 1.812000 40.002441 70.116409
v 2.551567 40.003426 70.227882
v 3.284657 40.004398 70.376083
v 4.009449 40.005363 70.560638
v 4.724142 40.006313 70.781090
v 5.426957 40.007248 71.036896
v 6.116148 40.008163 71.327415
v 6.790000 40.009060 71.651924
v 7.446840 40.009930 72.009621
v 8.085033 40.010780 72.399612
v 8.702993 40.011600 72.820930
v 9.299186 40.012394 73.272530
v 9.872125 40.013153 73.753281
v 10.420390 40.013882 74.261993
v 10.942615 40.014576 74.797409
v 11.437503 40.015232 75.358185
v 11.903823 40.015854 75.942932
v 12.340417 40.016434 76.550201
v 12.746198 40.016972 77.178474
v 13.120158 40.017471 77.826187
v 13.461368 40.017925 78.491745
v 13.768978 40.018333 79.173477
v 14.042223 40.018696 79.869698
v 14.280426 40.019012 80.578674
v 14.482993 40.019279 81.298637
v 14.649421 40.019501 82.027809
v 14.779296 40.019676 82.764366
v 14.872295 40.019798 83.506485
v 14.928186 40.019871 84.252312
v 14.946833 40.019897 85.000000
v 14.928764 40.019875 85.736015
v 14.942053 30.019882 85.736015
v 14.887892 30.019810 86.470261
v 14.874604 40.019802 86.470261
v 14.797770 30.019690 87.200958
v 14.784481 40.019680 87.200958
v 14.671902 30.019524 87.926353
v 14.658613 40.019516 87.926353
v 14.510591 30.019308 88.644699
v 14.497302 40.019299 88.644699
v 14.300939 40.019039 89.354271
v 14.314227 30.019049 89.354271
v 14.069995 40.018734 90.053345
v 14.083283 30.018742 90.053345
v 13.818316 30.018389 90.740250
v 13.805027 40.018379 90.740250
v 13.519962 30.017992 91.413330
v 13.506674 40.017982 91.413322
v 13.188942 30.017553 92.070953
v 13.175653 40.017544 92.070953
v 12.826053 30.017071 92.711540
v 12.812764 40.017063 92.711540
v 12.432168 30.016546 93.333557
v 12.418880 40.016537 93.333549
v 12.008237 30.015984 93.935486
v 11.994948 40.015976 93.935486
v 11.555282 30.015381 94.515900
v 11.541993 40.015373 94.515900
v 11.074392 30.014742 95.073387
v 11.061104 40.014732 95.073387
v 10.566727 30.014069 95.606598
v 10.553439 40.014061 95.606598
v 10.033510 30.013359 96.114265
v 10.020222 40.013351 96.114265
v 9.462738 40.012611 96.595154
v 9.476026 30.012619 96.595154
v 8.895617 30.011847 97.048111
v 8.882328 40.011837 97.048111
v 8.280393 40.011040 97.472046
v 8.293681 30.011047 97.472046
v 7.671669 30.010221 97.865929
v 7.658381 40.010212 97.865929
v 7.017791 40.009361 98.228821
v 7.031079 30.009369 98.228821
v 6.373456 30.008495 98.559837
v 6.360167 40.008488 98.559837
v 5.700381 30.007601 98.858192
v 5.687093 40.007591 98.858192
v 5.013478 30.006689 99.123161
v 5.000189 40.006680 99.123161
v 4.314401 30.005760 99.354103
v 4.301113 40.005753 99.354103
v 3.591546 40.004807 99.550468
v 3.604834 30.004816 99.550468
v 2.886487 30.003862 99.711777
v 2.873199 40.003853 99.711777
v 2.161090 30.002899 99.837646
v 2.147801 40.002888 99.837646
v 1.430391 30.001926 99.927773
v 1.417102 40.001919 99.927773
v 0.696149 30.000952 99.981934
v 0.682861 40.000942 99.981934
v 19.936026 30.026518 85.981354
v 19.863811 30.026423 86.960342
v 19.743647 30.026262 87.934608
v 19.575823 30.026039 88.901810
v 19.360743 30.025753 89.859604
v 19.098925 30.025406 90.805695
v 18.790998 30.024998 91.737801
v 18.437710 30.024527 92.653671
v 18.039906 30.023998 93.551102
v 17.598545 30.023413 94.427933
v 17.114691 30.022770 95.282059
v 16.589512 30.022072 96.111404
v 16.024271 30.021320 96.913986
v 15.420330 30.020517 97.687866
v 14.779144 30.019665 98.431183
v 14.102258 30.018766 99.142136
v 13.391302 30.017822 99.819023
v 12.647988 30.016834 100.460205
v 11.874110 30.015806 101.064148
v 11.071529 30.014738 101.629395
v 10.242181 30.013638 102.154572
v 9.388062 30.012503 102.638428
v 8.511229 30.011337 103.079788
v 7.613797 30.010143 103.477592
v 6.697926 30.008926 103.830879
v 5.765823 30.007689 104.138809
v 4.819734 30.006432 104.400627
v 3.861938 30.005157 104.615707
v 2.894742 30.003874 104.783531
v 1.920476 30.002579 104.903694
v 0.941487 30.001278 104.975906
v -0.039865 29.999973 105.000000
v -20.015757 29.973429 85.981354
v -1.021218 29.998669 104.975906
v -19.943542 29.973524 86.960342
v -2.000206 29.997368 104.903694
v -19.823378 29.973684 87.934608
v -2.974472 29.996075 104.783531
v -19.655554 29.973907 88.901810
v -3.941668 29.994789 104.615707
v -19.440474 29.974194 89.859604
v -4.899465 29.993515 104.400627
v -19.178656 29.974541 90.805695
v -5.845554 29.992258 104.138809
v -18.870729 29.974951 91.737801
v -6.777657 29.991020 103.830879
v -18.517439 29.975420 92.653671
v -7.693527 29.989803 103.477592
v -18.119637 29.975948 93.551102
v -8.590960 29.988611 103.079788
v -17.678276 29.976534 94.427933
v -9.467792 29.987446 102.638428
v -10.321911 29.986311 102.154572
v -17.194422 29.977179 95.282059
v -11.151259 29.985209 101.629395
v -16.669243 29.977875 96.111404
v -16.104000 29.978626 96.913986
v -11.953841 29.984142 101.064148
v -12.727719 29.983114 100.460205
v -15.500060 29.979429 97.687866
v -13.471032 29.982126 99.819023
v -14.858874 29.980282 98.431183
v -14.181989 29.981180 99.142136
v 0.053154 -39.999966 100.000000
v -0.682861 -40.000942 99.981934
v 0.039865 -29.999973 100.000000
v -0.696149 -30.000952 99.981934
v -1.417102 -40.001919 99.927773
v -1.430391 -30.001926 99.927773
v -2.147801 -40.002888 99.837646
v -2.161090 -30.002899 99.837646
v -2.873199 -40.003853 99.711777
v -2.886487 -30.003862 99.711777
v -3.591546 -40.004807 99.550468
v -3.604834 -30.004816 99.550468
v -4.301113 -40.005753 99.354103
v -4.314401 -30.005760 99.354103
v -5.000189 -40.006680 99.123161
v -5.013478 -30.006689 99.123161
v -5.687093 -40.007591 98.858192
v -5.700381 -30.007601 98.858192
v -6.360167 -40.008488 98.559837
v -6.373456 -30.008495 98.559837
v -7.017791 -40.009361 98.228821
v -7.031079 -30.009369 98.228821
v -7.658381 -40.010212 97.865929
v -7.671669 -30.010221 97.865929
v -8.280393 -40.011040 97.472046
v -8.293681 -30.011047 97.472046
v -8.882328 -40.011837 97.048111
v -8.895617 -30.011847 97.048111
v -9.462738 -40.012611 96.595154
v -9.476026 -30.012619 96.595154
v -10.020222 -40.013351 96.114265
v -10.033510 -30.013359 96.114265
v -10.553439 -40.014061 95.606606
v -10.566727 -30.014069 95.606598
v -11.061104 -40.014732 95.073387
v -11.074392 -30.014742 95.073387
v -11.541993 -40.015373 94.515900
v -11.555282 -30.015381 94.515900
v -11.994948 -40.015976 93.935493
v -12.008237 -30.015984 93.935486
v -12.418880 -40.016537 93.333557
v -12.432168 -30.016546 93.333557
v -12.812764 -40.017063 92.711540
v -12.826053 -30.017071 92.711540
v -13.175653 -40.017544 92.070953
v -13.188942 -30.017553 92.070953
v -13.506674 -40.017982 91.413330
v -13.519962 -30.017992 91.413330
v -13.805027 -40.018379 90.740250
v -13.818316 -30.018389 90.740250
v -14.069995 -40.018734 90.053345
v -14.083283 -30.018742 90.053345
v -14.300939 -40.019039 89.354271
v -14.314227 -30.019049 89.354271
v -14.497302 -40.019299 88.644699
v -14.510591 -30.019308 88.644699
v -14.658613 -40.019516 87.926353
v -14.671902 -30.019524 87.926353
v -14.784481 -40.019680 87.200958
v -14.797770 -30.019690 87.200958
v -14.874604 -40.019802 86.470261
v -14.887892 -30.019810 86.470261
v -14.928764 -40.019875 85.736015
v -14.942053 -30.019882 85.736015
v -14.946833 -40.019897 85.000000
v -14.928186 -40.019871 84.252312
v -14.872295 -40.019798 83.506485
v -14.779296 -40.019676 82.764366
v -14.649421 -40.019501 82.027809
v -14.482993 -40.019279 81.298637
v -14.280426 -40.019012 80.578674
v -14.042223 -40.018696 79.869698
v -13.768978 -40.018333 79.173477
v -13.461368 -40.017925 78.491745
v -13.120158 -40.017471 77.826187
v -12.746198 -40.016972 77.178474
v -12.340417 -40.016434 76.550201
v -11.903823 -40.015854 75.942932
v -11.437503 -40.015232 75.358185
v -10.942615 -40.014576 74.797409
v -10.420390 -40.013882 74.262001
v -9.872125 -40.013153 73.753281
v -9.299186 -40.012394 73.272530
v -8.702993 -40.011600 72.820930
v -8.085033 -40.010780 72.399612
v -7.446840 -40.009930 72.009621
v -6.790000 -40.009060 71.651924
v -6.116148 -40.008163 71.327415
v -5.426957 -40.007248 71.036896
v -4.724142 -40.006313 70.781090
v -4.009449 -40.005363 70.560638
v -3.284657 -40.004398 70.376083
v -2.551567 -40.003426 70.227882
v -1.812000 -40.002441 70.116409
v -1.067797 -40.001453 70.041946
v -0.320806 -40.000462 70.004662
v 0.427114 -39.999466 70.004662
v 1.174104 -39.998474 70.041946
v 1.918308 -39.997486 70.116409
v 2.657874 -39.996502 70.227882
v 3.390965 -39.995529 70.376083
v 4.115757 -39.994568 70.560638
v 4.830449 -39.993618 70.781090
v 5.533264 -39.992683 71.036896
v 6.222455 -39.991768 71.327415
v 6.896307 -39.990871 71.651924
v 7.553147 -39.989998 72.009621
v 8.191340 -39.989151 72.399612
v 8.809301 -39.988331 72.820930
v 9.405493 -39.987537 73.272530
v 9.978432 -39.986774 73.753281
v 10.526697 -39.986046 74.262001
v 11.048922 -39.985352 74.797409
v 11.543810 -39.984695 75.358185
v 12.010131 -39.984077 75.942932
v 12.446724 -39.983494 76.550201
v 12.852506 -39.982956 77.178474
v 13.226465 -39.982460 77.826187
v 13.567675 -39.982006 78.491745
v 13.875285 -39.981598 79.173477
v 14.148531 -39.981236 79.869698
v 14.386733 -39.980919 80.578674
v 14.589300 -39.980648 81.298637
v 14.755728 -39.980427 82.027809
v 14.885603 -39.980255 82.764366
v 14.978602 -39.980129 83.506485
v 15.034494 -39.980057 84.252312
v 15.053141 -39.980034 85.000000
v 15.021784 -29.980064 85.736015
v 15.035072 -39.980057 85.736015
v 14.967623 -29.980137 86.470261
v 14.980911 -39.980129 86.470261
v 14.877500 -29.980257 87.200958
v 14.890788 -39.980247 87.200958
v 14.751632 -29.980423 87.926353
v 14.764920 -39.980415 87.926353
v 14.590321 -29.980639 88.644699
v 14.603609 -39.980629 88.644699
v 14.393957 -29.980900 89.354271
v 14.407246 -39.980892 89.354271
v 14.176303 -39.981197 90.053345
v 14.163014 -29.981207 90.053345
v 13.898046 -29.981558 90.740250
v 13.911335 -39.981548 90.740250
v 13.612981 -39.981945 91.413330
v 13.599692 -29.981955 91.413330
v 13.268673 -29.982395 92.070953
v 13.281960 -39.982388 92.070953
v 12.919072 -39.982868 92.711540
v 12.905784 -29.982876 92.711540
v 12.525187 -39.983391 93.333557
v 12.511898 -29.983400 93.333557
v 12.087968 -29.983963 93.935486
v 12.101256 -39.983955 93.935493
v 11.648300 -39.984558 94.515900
v 11.635012 -29.984566 94.515900
v 11.167411 -39.985195 95.073387
v 11.154122 -29.985205 95.073387
v 10.659746 -39.985870 95.606606
v 10.646458 -29.985880 95.606598
v 10.126529 -39.986580 96.114265
v 10.113240 -29.986588 96.114265
v 9.555757 -29.987328 96.595154
v 9.569045 -39.987320 96.595154
v 8.975347 -29.988100 97.048111
v 8.988635 -39.988091 97.048111
v 8.386700 -39.988892 97.472046
v 8.373411 -29.988899 97.472046
v 7.764688 -39.989716 97.865929
v 7.751400 -29.989727 97.865929
v 7.124098 -39.990570 98.228821
v 7.110810 -29.990578 98.228821
v 6.466474 -39.991444 98.559837
v 6.453186 -29.991451 98.559837
v 5.780112 -29.992346 98.858192
v 5.793400 -39.992336 98.858192
v 5.106497 -39.993248 99.123161
v 5.093208 -29.993258 99.123161
v 4.394131 -29.994188 99.354103
v 4.407420 -39.994179 99.354103
v 3.697853 -39.995121 99.550468
v 3.684565 -29.995131 99.550468
v 2.979506 -39.996075 99.711777
v 2.966218 -29.996084 99.711777
v 2.254109 -39.997040 99.837646
v 2.240820 -29.997049 99.837646
v 1.510121 -29.998020 99.927773
v 1.523409 -39.998013 99.927773
v 0.789168 -39.998985 99.981934
v 0.775880 -29.998995 99.981934
v 20.015757 -29.973429 85.981354
v 19.943542 -29.973524 86.960342
v 19.823378 -29.973684 87.934608
v 19.655554 -29.973907 88.901810
v 19.440474 -29.974194 89.859604
v 19.178656 -29.974541 90.805695
v 18.870729 -29.974951 91.737801
v 18.517439 -29.975420 92.653671
v 18.119637 -29.975948 93.551102
v 17.678276 -29.976534 94.427933
v 17.194422 -29.977179 95.282059
v 16.669243 -29.977875 96.111404
v 16.104000 -29.978626 96.913986
v 15.500060 -29.979429 97.687866
v 14.858874 -29.980282 98.431183
v 14.181989 -29.981180 99.142136
v 13.471032 -29.982126 99.819023
v 12.727719 -29.983114 100.460205
v 11.953841 -29.984142 101.064148
v 11.151259 -29.985209 101.629395
v 10.321911 -29.986311 102.154572
v 9.467792 -29.987446 102.638428
v 8.590960 -29.988611 103.079788
v 7.693527 -29.989803 103.477592
v 6.777657 -29.991020 103.830879
v 5.845554 -29.992258 104.138809
v 4.899465 -29.993515 104.400627
v 3.941668 -29.994789 104.615707
v 2.974472 -29.996075 104.783531
v 2.000206 -29.997368 104.903694
v 1.021218 -29.998669 104.975906
v 0.039865 -29.999973 105.000000
v -19.936026 -30.026518 85.981354
v -0.941487 -30.001278 104.975906
v -19.863811 -30.026423 86.960342
v -1.920476 -30.002579 104.903694
v -19.743647 -30.026262 87.934608
v -2.894742 -30.003874 104.783531
v -19.575823 -30.026039 88.901810
v -3.861938 -30.005157 104.615707
v -19.360743 -30.025753 89.859604
v -4.819734 -30.006432 104.400627
v -19.098925 -30.025406 90.805695
v -5.765823 -30.007689 104.138809
v -18.790998 -30.024998 91.737801
v -6.697926 -30.008926 103.830879
v -18.437710 -30.024527 92.653671
v -7.613797 -30.010143 103.477592
v -18.039906 -30.023998 93.551102
v -8.511229 -30.011337 103.079788
v -17.598545 -30.023413 94.427933
v -9.388062 -30.012503 102.638428
v -10.242181 -30.013638 102.154572
v -17.114691 -30.022770 95.282059
v -11.071529 -30.014738 101.629395
v -16.589512 -30.022072 96.111404
v -16.024271 -30.021320 96.913986
v -11.874110 -30.015806 101.064148
v -12.647988 -30.016834 100.460205
v -15.420330 -30.020517 97.687866
v -13.391302 -30.017822 99.819023
v -14.779144 -30.019665 98.431183
v -14.102258 -30.018766 99.142136
v -0.019933 14.999987 5.000000
v 0.727780 14.982334 5.000000
v 1.473683 14.927433 5.000000
v 2.215922 14.835420 5.000000
v 2.952652 14.706524 5.000000
v 3.682041 14.541065 5.000000
v 4.402277 14.339455 5.000000
v 5.111567 14.102194 5.000000
v 5.808149 13.829874 5.000000
v 6.490292 13.523170 5.000000
v 7.156298 13.182845 5.000000
v 7.804513 12.809746 5.000000
v 8.433324 12.404799 5.000000
v 9.041169 11.969012 5.000000
v 9.626536 11.503469 5.000000
v 10.187970 11.009326 5.000000
v 10.724075 10.487813 5.000000
v 11.233520 9.940224 5.000000
v 11.715034 9.367923 5.000000
v 12.167424 8.772331 5.000000
v 12.589563 8.154931 5.000000
v 12.980404 7.517255 5.000000
v 13.338971 6.860891 5.000000
v 13.664377 6.187470 5.000000
v 13.955812 5.498665 5.000000
v 14.212549 4.796190 5.000000
v 14.433952 4.081791 5.000000
v 14.619471 3.357244 5.000000
v 14.768642 2.624350 5.000000
v 14.881096 1.884932 5.000000
v 14.956554 1.140827 5.000000
v 14.994827 0.393886 5.000000
v 14.995821 -0.354034 5.000000
v 14.959534 -1.101074 5.000000
v 14.886053 -1.845376 5.000000
v 14.775565 -2.585091 5.000000
v 14.628341 -3.318378 5.000000
v 14.444749 -4.043416 5.000000
v 14.225245 -4.758401 5.000000
v 13.970376 -5.461556 5.000000
v 13.680774 -6.151133 5.000000
v 13.357159 -6.825416 5.000000
v 13.000336 -7.482731 5.000000
v 12.611192 -8.121443 5.000000
v 12.190695 -8.739964 5.000000
v 11.739890 -9.336755 5.000000
v 11.259897 -9.910334 5.000000
v 10.751911 -10.459274 5.000000
v 10.217194 -10.982211 5.000000
v 9.657075 -11.477844 5.000000
v 9.072947 -11.944942 5.000000
v 8.466262 -12.382342 5.000000
v 7.838530 -12.788959 5.000000
v 7.191308 -13.163779 5.000000
v 6.526209 -13.505873 5.000000
v 5.844884 -13.814389 5.000000
v 5.149028 -14.088559 5.000000
v 4.440371 -14.327704 5.000000
v 3.720674 -14.531228 5.000000
v 2.991727 -14.698625 5.000000
v 2.255342 -14.829478 5.000000
v 1.513350 -14.923464 5.000000
v 0.767595 -14.980347 5.000000
v 0.019933 -14.999987 5.000000
v -0.727780 -14.982334 5.000000
v -1.473683 -14.927433 5.000000
v -2.215922 -14.835420 5.000000
v -2.952652 -14.706524 5.000000
v -3.682041 -14.541065 5.000000
v -4.402277 -14.339455 5.000000
v -5.111567 -14.102194 5.000000
v -5.808149 -13.829874 5.000000
v -6.490292 -13.523170 5.000000
v -7.156298 -13.182845 5.000000
v -7.804513 -12.809746 5.000000
v -8.433324 -12.404799 5.000000
v -9.041169 -11.969012 5.000000
v -9.626536 -11.503469 5.000000
v -10.187970 -11.009326 5.000000
v -10.724075 -10.487813 5.000000
v -11.233520 -9.940224 5.000000
v -11.715034 -9.367923 5.000000
v -12.167424 -8.772331 5.000000
v -12.589563 -8.154931 5.000000
v -12.980404 -7.517255 5.000000
v -13.338971 -6.860891 5.000000
v -13.664377 -6.187470 5.000000
v -13.955812 -5.498665 5.000000
v -14.212549 -4.796190 5.000000
v -14.433952 -4.081791 5.000000
v -14.619471 -3.357244 5.000000
v -14.768642 -2.624350 5.000000
v -14.881096 -1.884932 5.000000
v -14.956554 -1.140827 5.000000
v -14.994827 -0.393886 5.000000
v -14.995821 0.354034 5.000000
v -14.959534 1.101074 5.000000
v -14.886053 1.845376 5.000000
v -14.775565 2.585091 5.000000
v -14.628341 3.318378 5.000000
v -14.444749 4.043416 5.000000
v -14.225245 4.758401 5.000000
v -13.970376 5.461556 5.000000
v -13.680774 6.151133 5.000000
v -13.357159 6.825416 5.000000
v -13.000336 7.482731 5.000000
v -12.611192 8.121443 5.000000
v -12.190695 8.739964 5.000000
v -11.739890 9.336755 5.000000
v -11.259897 9.910334 5.000000
v -10.751911 10.459274 5.000000
v -10.217194 10.982211 5.000000
v -9.657075 11.477844 5.000000
v -9.072947 11.944942 5.000000
v -8.466262 12.382342 5.000000
v -7.838530 12.788959 5.000000
v -7.191308 13.163779 5.000000
v -6.526209 13.505873 5.000000
v -5.844884 13.814389 5.000000
v -5.149028 14.088559 5.000000
v -4.440371 14.327704 5.000000
v -3.720674 14.531228 5.000000
v -2.991727 14.698625 5.000000
v -2.255342 14.829478 5.000000
v -1.513350 14.923464 5.000000
v -0.767595 14.980347 5.000000
v -20.002918 2.182734 39.227531
v -19.977194 0.954808 39.174244
v -19.999983 -0.026577 39.174244
v -19.906282 1.933892 39.174244
v -18.942089 39.974865 61.693188
v -20.051641 38.848843 60.736874
v -20.053137 39.973389 62.639320
v -19.787411 2.908318 39.174244
v -17.786350 39.976398 60.802204
v -20.005848 4.386906 39.387272
v -19.620872 3.875737 39.174244
v -19.407066 4.833819 39.174244
v -20.008762 6.580814 39.653088
v -19.146505 5.780256 39.174244
v -18.839817 6.712768 39.174244
v -20.011658 8.759356 40.024372
v -18.487745 7.629108 39.174244
v -18.091133 8.527069 39.174244
v -17.650938 9.404488 39.174244
v -20.014524 10.917464 40.500252
v -17.168221 10.259250 39.174244
v -0.026577 19.999983 39.174244
v -1.007897 19.974586 39.174244
v -0.029402 22.125933 40.162045
v -18.544773 38.860863 59.584949
v -16.588648 39.977993 59.968479
v -15.351820 39.979633 59.193985
v -20.050028 37.633881 58.890858
v -18.997881 36.545277 56.653511
v -20.048296 36.331341 57.105564
v -20.046453 34.944241 55.385143
v -16.459652 37.756542 56.653511
v -14.078792 39.981327 58.480553
v -19.217627 34.072460 53.859188
v -20.044502 33.475807 53.733593
v -20.042446 31.929464 52.154762
v -13.844685 38.791767 56.653511
v -12.772576 39.983063 57.829868
v -11.436264 39.984837 57.243477
v -16.847637 35.304489 53.859188
v -19.193329 31.467817 51.215496
v -20.040293 30.308800 50.652317
v -11.165166 39.646130 56.653511
v -10.073016 39.986649 56.722763
v -14.399099 36.371914 53.859188
v -17.001146 32.704258 51.215496
v -18.916977 28.757851 48.735226
v -20.038046 28.617584 49.229752
v -20.035709 26.859753 47.890377
v -19.363461 12.663726 40.675217
v -16.644144 11.089296 39.174244
v -16.079967 11.892629 39.174244
v -20.017359 13.050120 41.079620
v -11.883424 37.269749 53.859188
v -14.729694 33.788216 51.215496
v -16.910372 29.981749 48.735226
v -18.383326 25.969919 46.430367
v -20.033291 25.039391 46.637310
v -20.030794 23.160736 45.473457
v -19.127531 21.877621 44.312073
v -20.028227 21.228155 44.401531
v -19.143677 17.831379 42.390594
v -20.022900 17.219307 42.543209
v -20.025593 19.246141 43.424026
v -18.454117 13.955613 40.675217
v -15.477056 12.667310 39.174244
v -20.020153 15.152365 41.761135
v -9.312344 37.993816 53.859188
v -8.686061 39.988491 56.268955
v -7.278677 39.990364 55.883137
v -12.389567 34.714638 51.215496
v -14.824924 31.065861 48.735226
v -16.568220 27.163902 46.430367
v -17.589958 23.131927 44.312073
v -17.882195 19.096218 42.390594
v -17.458733 15.182432 40.675217
v -14.836857 13.411475 39.174244
v -6.697845 38.540745 53.859188
v -5.854197 39.992256 55.566212
v -9.991673 35.479206 51.215496
v -12.670354 32.005127 48.735226
v -14.675865 28.231230 46.430367
v -15.970373 24.278383 44.312073
v -16.537333 20.272026 42.390594
v -16.381947 16.338465 40.675217
v -14.160915 14.123330 39.174244
v -13.450859 14.801161 39.174244
v -4.052117 38.907970 53.859188
v -4.415989 39.994167 55.318935
v -2.967458 39.996094 55.141888
v -7.547194 36.078346 51.215496
v -10.456709 32.795170 48.735226
v -12.715085 29.166935 46.430367
v -14.276327 25.311640 44.312073
v -15.115369 21.353315 42.390594
v -15.228779 17.418320 40.675217
v -12.708398 15.443336 39.174244
v -1.387497 39.093796 53.859188
v -1.512032 39.998028 55.035492
v -0.053154 39.999966 55.000000
v -0.051227 38.549850 53.158100
v -5.067526 36.509281 51.215496
v -8.194311 33.432308 48.735226
v -10.695021 29.966648 46.430367
v -12.515718 26.226885 44.312073
v -13.622930 22.335043 42.390594
v -14.004609 18.416964 40.675217
v -11.935323 16.048304 39.174244
v -2.564231 36.769989 51.215496
v -0.049187 37.014996 51.386196
v -0.047039 35.398777 49.688183
v -5.893707 33.913570 48.735226
v -8.625093 30.626642 46.430367
v -10.696755 27.019846 44.312073
v -12.066974 23.212639 42.390594
v -12.715143 19.329735 40.675217
v -11.133492 16.614613 39.174244
v -10.304842 17.140894 39.174244
v -3.565623 34.236713 48.735226
v -6.514949 31.143841 46.430367
v -8.827920 27.686829 44.312073
v -10.454757 23.982002 42.390594
v -11.366393 20.152386 40.675217
v -9.451365 17.625881 39.174244
v -1.220915 34.400227 48.735226
v -0.044788 33.704742 48.067787
v -4.374430 31.515835 46.430367
v -6.917923 28.224724 44.312073
v -8.793795 24.639553 42.390594
v -9.964648 20.881077 40.675217
v -8.575119 18.068407 39.174244
v -7.678216 18.467403 39.174244
v -2.213516 31.740887 46.430367
v -0.042439 31.936623 46.528580
v -0.039996 30.098301 45.073936
v -4.975673 28.631021 44.312073
v -7.091832 25.182222 42.390594
v -8.516443 21.512411 40.675217
v -6.762815 18.821911 39.174244
v -3.010224 28.903828 44.312073
v -5.356803 25.607481 42.390594
v -7.028531 22.043442 40.675217
v -5.831121 19.131075 39.174244
v -1.030739 29.041870 44.312073
v -0.037465 28.193817 43.707054
v -3.596799 25.913345 42.390594
v -5.507848 22.471697 40.675217
v -4.885379 19.394150 39.174244
v -3.927869 19.610504 39.174244
v -1.820025 26.098389 42.390594
v -0.034852 26.227358 42.430943
v -0.032162 24.203247 41.248409
v -3.961485 22.795179 40.675217
v -2.960896 19.779612 39.174244
v -2.396652 23.012381 40.675217
v -1.986790 19.901072 39.174244
v -0.820644 23.122286 40.675217
v -0.026577 19.999983 5.000000
v 0.954808 19.977194 39.174244
v 0.970373 19.976444 5.000000
v 1.933892 19.906282 39.174244
v 1.964910 19.903244 5.000000
v 2.908318 19.787411 39.174244
v 2.954563 19.780561 5.000000
v 3.875737 19.620872 39.174244
v 3.936869 19.608698 5.000000
v 4.833819 19.407066 39.174244
v 4.909389 19.388086 5.000000
v 5.780256 19.146505 39.174244
v 5.869702 19.119272 5.000000
v 6.712768 18.839817 39.174244
v 6.815423 18.802925 5.000000
v 7.629108 18.487745 39.174244
v 7.744199 18.439831 5.000000
v 8.527069 18.091133 39.174244
v 8.653723 18.030891 5.000000
v 9.404488 17.650938 39.174244
v 9.541731 17.577127 5.000000
v 10.259250 17.168221 39.174244
v 10.406017 17.079660 5.000000
v 11.089296 16.644144 39.174244
v 11.244432 16.539732 5.000000
v 11.892629 16.079967 39.174244
v 12.054892 15.958683 5.000000
v 12.667310 15.477056 39.174244
v 12.835382 15.337958 5.000000
v 13.411475 14.836857 39.174244
v 13.583961 14.679101 5.000000
v 14.123330 14.160915 39.174244
v 14.298767 13.983749 5.000000
v 14.801161 13.450859 39.174244
v 14.978024 13.253633 5.000000
v 15.443336 12.708398 39.174244
v 15.620046 12.490563 5.000000
v 16.048304 11.935323 39.174244
v 16.223232 11.696442 5.000000
v 16.614613 11.133492 39.174244
v 16.786083 10.873241 5.000000
v 17.140894 10.304842 39.174244
v 17.307205 10.023007 5.000000
v 17.625881 9.451365 39.174244
v 17.785295 9.147855 5.000000
v 18.068407 8.575119 39.174244
v 18.219172 8.249960 5.000000
v 18.467403 7.678216 39.174244
v 18.607750 7.331553 5.000000
v 18.821911 6.762815 39.174244
v 18.950066 6.394920 5.000000
v 19.131075 5.831121 39.174244
v 19.245270 5.442388 5.000000
v 19.394150 4.885379 39.174244
v 19.492626 4.476325 5.000000
v 19.610504 3.927869 39.174244
v 19.691523 3.499134 5.000000
v 19.779612 2.960896 39.174244
v 19.841461 2.513242 5.000000
v 19.901072 1.986790 39.174244
v 19.942072 1.521103 5.000000
v 19.974586 1.007897 39.174244
v 19.993103 0.525182 5.000000
v 19.999983 0.026577 39.174244
v 19.994429 -0.472045 5.000000
v 19.976444 -0.970373 39.174244
v 19.946045 -1.468098 5.000000
v 19.903244 -1.964910 39.174244
v 19.848070 -2.460501 5.000000
v 19.780561 -2.954563 39.174244
v 19.700752 -3.446787 5.000000
v 19.608698 -3.936869 39.174244
v 19.504456 -4.424504 5.000000
v 19.388086 -4.909389 39.174244
v 19.259666 -5.391221 5.000000
v 19.119272 -5.869702 39.174244
v 18.966995 -6.344534 5.000000
v 18.802925 -6.815423 39.174244
v 18.627169 -7.282074 5.000000
v 18.439831 -7.744199 39.174244
v 18.241032 -8.201510 5.000000
v 18.030891 -8.653723 39.174244
v 17.809546 -9.100555 5.000000
v 17.577127 -9.541731 39.174244
v 17.333782 -9.976974 5.000000
v 17.079660 -10.406017 39.174244
v 16.814922 -10.828590 5.000000
v 16.539732 -11.244432 39.174244
v 16.254259 -11.653284 5.000000
v 15.958683 -12.054892 39.174244
v 15.653187 -12.449007 5.000000
v 15.337958 -12.835382 39.174244
v 15.013196 -13.213778 5.000000
v 14.679101 -13.583961 39.174244
v 14.335881 -13.945698 5.000000
v 13.983749 -14.298767 39.174244
v 13.622925 -14.642947 5.000000
v 13.253633 -14.978024 39.174244
v 12.876100 -15.303792 5.000000
v 12.490563 -15.620046 39.174244
v 12.097262 -15.926589 5.000000
v 11.696442 -16.223232 39.174244
v 11.288350 -16.509789 5.000000
v 10.873241 -16.786083 39.174244
v 10.451373 -17.051943 5.000000
v 10.023007 -17.307205 39.174244
v 9.588411 -17.551706 5.000000
v 9.147855 -17.785295 39.174244
v 8.701612 -18.007830 5.000000
v 8.249960 -18.219172 39.174244
v 7.793179 -18.419184 5.000000
v 7.331553 -18.607750 39.174244
v 6.865371 -18.784746 5.000000
v 6.394920 -18.950066 39.174244
v 5.920495 -19.103605 5.000000
v 5.442388 -19.245270 39.174244
v 4.960898 -19.374971 5.000000
v 4.476325 -19.492626 39.174244
v 3.988969 -19.598166 5.000000
v 3.499134 -19.691523 39.174244
v 3.007123 -19.772638 5.000000
v 2.513242 -19.841461 39.174244
v 2.017800 -19.897951 5.000000
v 1.521103 -19.942072 39.174244
v 1.023461 -19.973795 5.000000
v 0.525182 -19.993103 39.174244
v 0.026577 -19.999983 5.000000
v -0.472045 -19.994429 39.174244
v -0.970373 -19.976444 5.000000
v -1.468098 -19.946045 39.174244
v -1.964910 -19.903244 5.000000
v -2.460501 -19.848070 39.174244
v -2.954563 -19.780561 5.000000
v -3.446787 -19.700752 39.174244
v -3.936869 -19.608698 5.000000
v -4.424504 -19.504456 39.174244
v -4.909389 -19.388086 5.000000
v -5.391221 -19.259666 39.174244
v -5.869702 -19.119272 5.000000
v -6.344534 -18.966995 39.174244
v -6.815423 -18.802925 5.000000
v -7.282074 -18.627169 39.174244
v -7.744199 -18.439831 5.000000
v -8.201510 -18.241032 39.174244
v -8.653723 -18.030891 5.000000
v -9.100555 -17.809546 39.174244
v -9.541731 -17.577127 5.000000
v -9.976974 -17.333782 39.174244
v -10.406017 -17.079660 5.000000
v -10.828590 -16.814922 39.174244
v -11.244432 -16.539732 5.000000
v -11.653284 -16.254259 39.174244
v -12.054892 -15.958683 5.000000
v -12.449007 -15.653187 39.174244
v -12.835382 -15.337958 5.000000
v -13.213778 -15.013196 39.174244
v -13.583961 -14.679101 5.000000
v -13.945698 -14.335881 39.174244
v -14.298767 -13.983749 5.000000
v -14.642947 -13.622925 39.174244
v -14.978024 -13.253633 5.000000
v -15.303792 -12.876100 39.174244
v -15.620046 -12.490563 5.000000
v -15.926589 -12.097262 39.174244
v -16.223232 -11.696442 5.000000
v -16.509789 -11.288350 39.174244
v -16.786083 -10.873241 5.000000
v -17.051943 -10.451373 39.174244
v -17.307205 -10.023007 5.000000
v -17.551706 -9.588411 39.174244
v -17.785295 -9.147855 5.000000
v -18.007830 -8.701612 39.174244
v -18.219172 -8.249960 5.000000
v -18.419184 -7.793179 39.174244
v -18.607750 -7.331553 5.000000
v -18.784746 -6.865371 39.174244
v -18.950066 -6.394920 5.000000
v -19.103605 -5.920495 39.174244
v -19.245270 -5.442388 5.000000
v -19.374971 -4.960898 39.174244
v -19.492626 -4.476325 5.000000
v -19.598166 -3.988969 39.174244
v -19.691523 -3.499134 5.000000
v -19.772638 -3.007123 39.174244
v -19.841461 -2.513242 5.000000
v -19.897951 -2.017800 39.174244
v -19.942072 -1.521103 5.000000
v -19.973795 -1.023461 39.174244
v -19.993103 -0.525182 5.000000
v -19.994429 0.472045 5.000000
v -19.946045 1.468098 5.000000
v -19.848070 2.460501 5.000000
v -19.700752 3.446787 5.000000
v -19.504456 4.424504 5.000000
v -19.259666 5.391221 5.000000
v -18.966995 6.344534 5.000000
v -18.627169 7.282074 5.000000
v -18.241032 8.201510 5.000000
v -17.809546 9.100555 5.000000
v -17.333782 9.976974 5.000000
v -16.814922 10.828590 5.000000
v -16.254259 11.653284 5.000000
v -15.653187 12.449007 5.000000
v -15.013196 13.213778 5.000000
v -14.335881 13.945698 5.000000
v -13.622925 14.642947 5.000000
v -12.876100 15.303792 5.000000
v -12.097262 15.926589 5.000000
v -11.288350 16.509789 5.000000
v -10.451373 17.051943 5.000000
v -9.588411 17.551706 5.000000
v -8.701612 18.007830 5.000000
v -7.793179 18.419184 5.000000
v -6.865371 18.784746 5.000000
v -5.920495 19.103605 5.000000
v -4.960898 19.374971 5.000000
v -3.988969 19.598166 5.000000
v -3.007123 19.772638 5.000000
v -2.017800 19.897951 5.000000
v -1.023461 19.973795 5.000000
v 19.948322 38.901997 60.736874
v 17.680042 40.023529 60.802204
v 18.835781 40.025066 61.693188
v 19.946829 40.026543 62.639320
v 19.985439 10.970618 40.500252
v 19.988308 8.812510 40.024372
v 19.991201 6.633968 39.653088
v 19.994118 4.440060 39.387272
v 19.997047 2.235887 39.227531
v 1.283593 39.097343 53.859188
v 1.405725 40.001904 55.035492
v 2.861151 40.003838 55.141888
v 3.948697 38.918606 53.859188
v 4.309682 40.005764 55.318935
v 5.747889 40.007675 55.566212
v 11.059759 39.675663 56.653511
v 9.966709 40.013279 56.722763
v 11.329957 40.015091 57.243477
v 6.595392 38.558407 53.859188
v 7.172369 40.009567 55.883137
v 2.466499 36.776676 51.215496
v 18.441427 38.910011 59.584949
v 15.245512 40.020294 59.193985
v 16.482342 40.021938 59.968479
v 19.949938 37.687035 58.890858
v 13.741540 38.828426 56.653511
v 12.666269 40.016869 57.829868
v 13.972484 40.018604 58.480553
v 9.211335 38.018433 53.859188
v 8.579753 40.011436 56.268955
v 4.970478 36.522621 51.215496
v 1.129486 34.403347 48.735226
v 16.359249 37.800152 56.653511
v 11.784331 37.301201 53.859188
v 7.451283 36.098278 51.215496
v 3.474620 34.246067 48.735226
v 18.900688 36.595634 56.653511
v 19.951668 36.384495 57.105564
v 19.953512 34.997395 55.385143
v 14.302382 36.410053 53.859188
v 9.897346 35.505634 51.215496
v 5.803555 33.929115 48.735226
v 2.129151 31.746656 46.430367
v 16.753750 35.349140 53.859188
v 12.297263 34.747444 51.215496
v 8.105430 33.453968 48.735226
v 4.290656 31.527349 46.430367
v 0.953551 29.044508 44.312073
v 19.127005 34.123417 53.859188
v 19.955463 33.528961 53.733593
v 19.957518 31.982618 52.154762
v 14.639844 33.827244 51.215496
v 10.369514 32.822845 48.735226
v 6.432156 31.161047 46.430367
v 2.933396 28.911726 44.312073
v 16.914169 32.749329 51.215496
v 12.585250 32.038685 48.735226
v 8.543666 30.649458 46.430367
v 4.899563 28.644144 44.312073
v 1.750657 26.103134 42.390594
v 19.109631 31.518715 51.215496
v 19.959671 30.361954 50.652317
v 14.742309 31.105150 48.735226
v 10.615341 29.994967 46.430367
v 6.842887 28.243010 44.312073
v 3.527917 25.922813 42.390594
v 0.759190 23.124386 40.675217
v 16.830629 30.026587 48.735226
v 12.637524 29.200624 46.430367
v 8.754306 27.710194 44.312073
v 5.288728 25.621626 42.390594
v 2.335484 23.018669 40.675217
v 18.840481 28.808023 48.735226
v 19.961918 28.670738 49.229752
v 19.964254 26.912905 47.890377
v 14.600783 28.270134 46.430367
v 10.624907 27.048180 44.312073
v 7.024880 25.200981 42.390594
v 3.900889 22.805628 40.675217
v 16.495968 27.207838 46.430367
v 12.445971 26.260056 44.312073
v 8.728279 24.662836 42.390594
v 5.448106 22.486256 40.675217
v 18.314240 26.018686 46.430367
v 19.966673 25.092545 46.637310
v 19.969170 23.213890 45.473457
v 14.209006 25.349493 44.312073
v 10.390984 24.009703 42.390594
v 6.969922 22.062044 40.675217
v 15.905792 24.320742 44.312073
v 12.005239 23.244627 42.390594
v 8.459240 21.534967 40.675217
v 17.528419 23.178595 44.312073
v 13.563522 22.371170 42.390594
v 9.909118 20.907486 40.675217
v 19.069319 21.928379 44.312073
v 19.971739 21.281309 44.401531
v 15.058565 21.393412 42.390594
v 11.312794 20.182524 40.675217
v 16.483398 20.315905 42.390594
v 12.663726 19.363461 40.675217
v 17.831379 19.143677 42.390594
v 19.974373 19.299295 43.424026
v 13.955613 18.454117 40.675217
v 19.096218 17.882195 42.390594
v 19.977066 17.272461 42.543209
v 15.182432 17.458733 40.675217
v 16.338465 16.381947 40.675217
v 17.418320 15.228779 40.675217
v 19.979813 15.205519 41.761135
v 18.416964 14.004609 40.675217
v 19.982605 13.103274 41.079620
v 19.329735 12.715143 40.675217
v 20.002918 -2.182734 39.227531
v 18.942089 -39.974865 61.693192
v 20.051641 -38.848843 60.736877
v 20.053137 -39.973389 62.639320
v 17.786350 -39.976398 60.802208
v 20.005848 -4.386906 39.387272
v 20.008762 -6.580814 39.653088
v 20.011658 -8.759356 40.024372
v 20.014524 -10.917464 40.500252
v -19.948322 -38.901997 60.736877
v -18.835781 -40.025066 61.693192
v -19.946829 -40.026543 62.639320
v -17.680042 -40.023529 60.802208
v -19.985439 -10.970618 40.500252
v -19.988308 -8.812510 40.024372
v -19.991201 -6.633968 39.653088
v -19.994118 -4.440060 39.387272
v -19.997047 -2.235887 39.227531
v 17.565918 -39.313023 59.584949
v 16.588648 -39.977993 59.968483
v 15.351820 -39.979633 59.193985
v 20.050028 -37.633881 58.890862
v 18.104942 -36.995781 56.653511
v 20.046453 -34.944241 55.385143
v 20.048296 -36.331341 57.105564
v 15.480145 -38.168594 56.653511
v 14.078792 -39.981327 58.480553
v 18.410862 -34.515072 53.859192
v 20.042446 -31.929464 52.154762
v 20.044502 -33.475807 53.733597
v 12.779930 -39.155460 56.653511
v 11.436264 -39.984837 57.243477
v 10.073016 -39.986649 56.722763
v 12.772576 -39.983063 57.829868
v 15.958364 -35.715271 53.859192
v 18.472048 -31.896564 51.215496
v 20.040293 -30.308800 50.652317
v 13.428120 -36.741470 53.859192
v 16.202059 -33.107414 51.215496
v 18.279594 -29.167147 48.735226
v 20.035709 -26.859753 47.890377
v 20.038046 -28.617584 49.229752
v 19.622400 -25.046852 46.430367
v 20.030794 -23.160736 45.473457
v 20.033291 -25.039391 46.637310
v 19.198488 -12.912459 40.675217
v 20.017359 -13.050120 41.079620
v 20.020153 -15.152365 41.761135
v 10.832454 -37.588665 53.859192
v 8.686061 -39.988491 56.268959
v 13.853135 -34.156960 51.215496
v 16.200468 -30.371218 48.735226
v 17.827421 -26.354630 46.430367
v 18.709074 -22.236530 44.312073
v 20.028227 -21.228155 44.401531
v 18.843340 -18.148472 42.390594
v 20.022900 -17.219307 42.543209
v 20.025593 -19.246141 43.424026
v 18.250996 -14.220223 40.675217
v 8.184014 -38.252735 53.859192
v 7.278677 -39.990364 55.883137
v 5.854197 -39.992256 55.566212
v 11.436720 -35.040104 51.215496
v 14.042416 -31.427322 48.735226
v 15.945589 -27.534010 46.430367
v 17.112358 -23.487442 44.312073
v 17.531464 -19.418709 42.390594
v 17.214584 -15.458710 40.675217
v 5.495702 -38.730446 53.859192
v 4.415989 -39.994167 55.318935
v 8.964587 -35.752529 51.215496
v 11.815950 -32.330315 48.735226
v 13.986071 -28.579245 46.430367
v 15.432272 -24.623926 44.312073
v 16.134176 -20.594337 42.390594
v 16.094305 -16.621881 40.675217
v 2.780615 -39.019455 53.859192
v 2.967458 -39.996094 55.141891
v 1.512032 -39.998028 55.035496
v 6.448779 -36.290779 51.215496
v 9.531918 -33.075798 48.735226
v 11.958415 -29.485247 46.430367
v 13.677002 -25.640444 44.312073
v 14.658287 -21.669636 42.390594
v 14.895616 -17.704071 40.675217
v 0.051982 -39.118374 53.859192
v 0.053154 -39.999966 55.000000
v -1.405725 -40.001904 55.035496
v 3.901554 -36.652218 51.215496
v 7.201447 -33.660141 48.735226
v 9.872498 -30.247599 46.430367
v 11.855099 -26.532045 44.312073
v 13.110983 -22.639359 42.390594
v 13.624357 -18.700012 40.675217
v -2.676904 -39.026711 53.859192
v -2.861151 -40.003838 55.141891
v -4.309682 -40.005764 55.318935
v 1.335320 -36.835094 51.215496
v 4.835892 -34.080494 48.735226
v 7.738483 -30.862587 46.430367
v 9.975438 -27.294384 44.312073
v 11.499804 -23.498787 42.390594
v 12.286722 -19.604847 40.675217
v -5.392749 -38.744915 53.859192
v -5.747889 -40.007675 55.566212
v -1.237419 -36.838516 51.215496
v 2.446777 -34.334812 48.735226
v 5.566767 -31.327217 46.430367
v 8.047178 -27.923746 44.312073
v 9.832598 -24.243731 42.390594
v 10.889227 -20.414169 40.675217
v -17.461374 -39.359570 59.584949
v -19.949938 -37.687035 58.890862
v -16.482342 -40.021938 59.968483
v -15.245512 -40.020294 59.193985
v -12.675822 -39.189289 56.653511
v -12.666269 -40.016869 57.829868
v -13.972484 -40.018604 58.480553
v -11.329957 -40.015091 57.243477
v -9.966709 -40.013279 56.722763
v -8.082321 -38.274349 53.859192
v -7.172369 -40.009567 55.883137
v -8.579753 -40.011436 56.268959
v -3.804130 -36.662460 51.215496
v 0.045741 -34.421852 48.735226
v 3.367930 -31.639223 46.430367
v 6.079713 -28.417068 44.312073
v 8.117489 -24.870562 42.390594
v 9.438682 -21.124035 40.675217
v -15.378650 -38.209602 56.653511
v -10.732516 -37.617321 53.859192
v -6.352307 -36.307789 51.215496
v -2.355517 -34.341190 48.735226
v 1.152686 -31.797087 46.430367
v 4.082629 -28.771946 44.312073
v 6.362833 -25.376225 42.390594
v 7.942151 -21.730988 40.675217
v -18.006556 -37.043766 56.653511
v -19.951668 -36.384495 57.105564
v -19.953512 -34.997395 55.385143
v -13.330425 -36.777027 53.859192
v -8.869536 -35.776230 51.215496
v -4.745300 -34.093227 48.735226
v -1.068175 -31.800037 46.430367
v 2.065655 -28.986649 44.312073
v 4.577177 -25.758259 42.390594
v 6.406927 -22.232069 40.675217
v -15.863388 -35.757557 53.859192
v -11.343554 -35.070377 51.215496
v -7.111964 -33.679161 48.735226
v -3.283832 -31.648062 46.430367
v 0.038616 -29.060133 44.312073
v 2.769222 -26.014801 42.390594
v 4.840489 -22.624836 40.675217
v -18.319067 -34.563877 53.859192
v -19.955463 -33.528961 53.733597
v -19.957518 -31.982618 52.154762
v -13.762308 -34.193657 51.215496
v -9.443979 -33.101013 48.735226
v -5.483490 -31.341902 46.430367
v -1.988610 -28.992037 44.312073
v 0.947776 -26.144602 42.390594
v 3.250470 -22.907379 40.675217
v -16.114014 -33.150356 51.215496
v -11.729984 -32.361607 48.735226
v -7.656433 -30.883045 46.430367
v -4.006148 -28.782694 44.312073
v -0.878288 -26.147028 42.390594
v 1.644614 -23.078320 40.675217
v -18.387211 -31.945545 51.215496
v -19.959671 -30.361954 50.652317
v -13.958842 -31.464533 48.735226
v -9.792074 -30.273729 46.430367
v -6.004169 -28.433126 44.312073
v -2.700073 -26.022068 42.390594
v 0.030745 -23.136824 40.675217
v -16.119694 -30.414167 48.735226
v -11.880010 -29.516924 46.430367
v -7.972938 -27.945036 44.312073
v -4.508704 -25.770332 42.390594
v -1.583273 -23.082609 40.675217
v -18.202013 -29.215626 48.735226
v -19.961918 -28.670738 49.229752
v -19.964254 -26.912905 47.890377
v -13.910067 -28.616314 46.430367
v -9.902864 -27.320799 44.312073
v -6.295368 -25.393045 42.390594
v -3.189578 -22.915937 40.675217
v -15.872356 -27.576290 46.430367
v -11.784543 -26.563459 44.312073
v -8.051362 -24.892048 42.390594
v -4.780343 -22.637621 40.675217
v -17.757317 -26.401917 46.430367
v -13.608809 -25.676702 44.312073
v -9.768131 -24.269777 42.390594
v -6.347819 -22.249018 40.675217
v -19.555765 -25.098913 46.430367
v -19.966673 -25.092545 46.637310
v -19.969170 -23.213890 45.473457
v -15.366775 -24.664852 44.312073
v -11.437310 -23.529266 42.390594
v -7.884368 -21.752018 40.675217
v -17.049875 -23.532837 44.312073
v -13.050768 -22.674124 42.390594
v -9.382507 -21.149046 40.675217
v -18.649910 -22.286175 44.312073
v -19.971739 -21.281309 44.401531
v -14.600644 -21.708515 42.390594
v -10.834934 -20.443037 40.675217
v -16.079388 -20.637144 42.390594
v -12.234575 -19.637432 40.675217
v -17.479794 -19.465233 42.390594
v -19.974373 -19.299295 43.424026
v -13.574611 -18.736155 40.675217
v -18.795040 -18.198488 42.390594
v -19.977066 -17.272461 42.543209
v -14.848512 -17.743597 40.675217
v -16.050072 -16.664597 40.675217
v -17.173439 -15.504406 40.675217
v -19.979813 -15.205519 41.761135
v -18.213139 -14.268679 40.675217
v -19.164103 -12.963437 40.675217
v -19.982605 -13.103274 41.079620
v 13.378014 40.017811 99.819023
v 14.088969 40.018757 99.142136
v 14.765856 40.019657 98.431175
v 12.634701 40.016827 100.460205
v 15.407042 40.020508 97.687866
v 11.860822 40.015797 101.064148
v 16.010983 40.021313 96.913986
v 11.058241 40.014729 101.629395
v 16.576223 40.022064 96.111404
v 10.228892 40.013626 102.154572
v 17.101402 40.022762 95.282051
v 17.585257 40.023403 94.427933
v 9.374773 40.012493 102.638428
v 18.026617 40.023991 93.551102
v 8.497940 40.011330 103.079788
v 18.424421 40.024517 92.653671
v 7.600508 40.010136 103.477592
v 18.777710 40.024986 91.737801
v 6.684638 40.008919 103.830879
v 19.085636 40.025398 90.805695
v 5.752535 40.007679 104.138809
v 19.347454 40.025745 89.859604
v 4.806446 40.006424 104.400627
v 19.562534 40.026031 88.901810
v 3.848649 40.005150 104.615707
v 19.730358 40.026253 87.934608
v 2.881453 40.003864 104.783531
v 19.850523 40.026413 86.960342
v 1.907187 40.002571 104.903694
v 19.922737 40.026508 85.981354
v 0.928199 40.001270 104.975906
v 19.946829 40.026543 85.000000
v -0.053154 39.999966 105.000000
v -1.034506 39.998661 104.975906
v -2.013495 39.997360 104.903694
v -2.987761 39.996063 104.783531
v -3.954957 39.994781 104.615707
v -4.912753 39.993507 104.400627
v -5.858842 39.992249 104.138809
v -6.790945 39.991013 103.830879
v -7.706816 39.989796 103.477592
v -8.604248 39.988602 103.079788
v -9.481080 39.987438 102.638428
v -10.335199 39.986301 102.154572
v -11.164548 39.985199 101.629395
v -11.967130 39.984135 101.064148
v -12.741008 39.983105 100.460205
v -13.484321 39.982117 99.819023
v -14.195277 39.981171 99.142136
v -14.872163 39.980274 98.431175
v -15.513349 39.979420 97.687866
v -16.117289 39.978619 96.913986
v -16.682531 39.977867 96.111404
v -17.207710 39.977169 95.282051
v -17.691565 39.976524 94.427933
v -18.132923 39.975941 93.551102
v -18.530727 39.975410 92.653671
v -18.884018 39.974941 91.737801
v -19.191944 39.974533 90.805695
v -19.453762 39.974186 89.859604
v -19.668842 39.973900 88.901810
v -19.836666 39.973675 87.934608
v -19.956831 39.973515 86.960342
v -20.029045 39.973419 85.981354
v -20.053137 39.973389 85.000000
v -19.946829 -40.026543 85.000000
v 20.053137 -39.973389 85.000000
v 20.029045 -39.973419 85.981354
v 19.956831 -39.973515 86.960342
v 19.836666 -39.973675 87.934608
v 19.668842 -39.973900 88.901810
v 19.453762 -39.974186 89.859604
v 19.191944 -39.974533 90.805695
v 18.884018 -39.974941 91.737801
v 18.530727 -39.975410 92.653671
v 18.132923 -39.975941 93.551102
v 17.691565 -39.976524 94.427933
v 17.207710 -39.977169 95.282059
v 16.682531 -39.977867 96.111404
v 16.117289 -39.978619 96.913986
v 15.513349 -39.979420 97.687866
v 14.872163 -39.980274 98.431183
v 14.195277 -39.981171 99.142136
v 13.484321 -39.982117 99.819023
v 12.741008 -39.983105 100.460213
v 11.967130 -39.984135 101.064148
v 11.164548 -39.985199 101.629395
v 10.335199 -39.986301 102.154572
v 9.481080 -39.987438 102.638428
v 8.604248 -39.988602 103.079788
v 7.706816 -39.989796 103.477592
v 6.790945 -39.991013 103.830879
v 5.858842 -39.992249 104.138809
v 4.912753 -39.993507 104.400627
v 3.954957 -39.994781 104.615707
v 2.987761 -39.996063 104.783531
v 2.013495 -39.997360 104.903694
v 1.034506 -39.998661 104.975906
v 0.053154 -39.999966 105.000000
v -19.922737 -40.026508 85.981354
v -0.928199 -40.001270 104.975906
v -19.850523 -40.026413 86.960342
v -1.907187 -40.002571 104.903694
v -19.730358 -40.026253 87.934608
v -2.881453 -40.003864 104.783531
v -19.562534 -40.026031 88.901810
v -3.848649 -40.005150 104.615707
v -4.806446 -40.006424 104.400627
v -19.347454 -40.025745 89.859604
v -5.752535 -40.007679 104.138809
v -19.085636 -40.025398 90.805695
v -18.777710 -40.024986 91.737801
v -6.684638 -40.008919 103.830879
v -7.600508 -40.010136 103.477592
v -18.424421 -40.024517 92.653671
v -18.026617 -40.023991 93.551102
v -8.497940 -40.011330 103.079788
v -9.374773 -40.012493 102.638428
v -17.585257 -40.023403 94.427933
v -10.228892 -40.013626 102.154572
v -17.101402 -40.022762 95.282059
v -16.576223 -40.022064 96.111404
v -11.058241 -40.014729 101.629395
v -11.860822 -40.015797 101.064148
v -16.010983 -40.021313 96.913986
v -12.634701 -40.016827 100.460213
v -15.407042 -40.020508 97.687866
v -13.378014 -40.017811 99.819023
v -14.765856 -40.019657 98.431183
v -14.088969 -40.018757 99.142136
vn 0.001329 -0.999974 0.007040
vn 0.000140 -0.999777 0.021134
vn -0.000432 -0.999699 0.024541
vn 0.001214 -0.999289 0.037684
vn 0.001420 -0.998390 0.056710
vn -0.000277 -0.997290 0.073565
vn 0.000133 -0.997126 0.075757
vn 0.001329 -0.999953 0.009643
vn 0.001523 -0.995560 0.094119
vn 0.000960 -0.993651 0.112501
vn -0.000337 -0.992480 0.122410
vn 0.003049 -0.999694 0.024541
vn 0.002264 -0.999579 0.028938
vn 0.001062 -0.998847 0.047990
vn 0.000801 -0.991453 0.130459
vn 0.002015 -0.997746 0.067072
vn 0.001514 -0.989020 0.147774
vn 0.000603 -0.986263 0.165180
vn -0.000199 -0.985278 0.170962
vn 0.001510 -0.996317 0.085737
vn 0.003047 -0.997286 0.073565
vn 0.001190 -0.994563 0.104131
vn 0.001019 -0.983352 0.181710
vn 0.001445 -0.980251 0.197751
vn 0.000588 -0.976862 0.213868
vn -0.000072 -0.975702 0.219102
vn 0.002722 -0.992450 0.122617
vn 0.001231 -0.990155 0.139968
vn 0.002761 -0.992476 0.122410
vn 0.001417 -0.987545 0.157330
vn 0.000959 -0.973434 0.228965
vn 0.001410 -0.969893 0.243526
vn 0.000881 -0.966108 0.258135
vn 0.000046 -0.963777 0.266711
vn 0.002236 -0.984655 0.174500
vn 0.001191 -0.981677 0.190550
vn 0.002785 -0.985274 0.170962
vn 0.001476 -0.978417 0.206635
vn 0.000656 -0.962260 0.272131
vn 0.001309 -0.958493 0.285112
vn 0.001226 -0.954536 0.298095
vn 0.000474 -0.950382 0.311085
vn 0.000202 -0.949528 0.313681
vn 0.002173 -0.974939 0.222463
vn 0.001246 -0.971497 0.237047
vn 0.001340 -0.967820 0.251641
vn 0.002644 -0.975699 0.219100
vn 0.000935 -0.946464 0.322809
vn 0.001300 -0.942535 0.334105
vn 0.001170 -0.938468 0.345364
vn 0.000593 -0.934255 0.356605
vn 0.000305 -0.932992 0.359896
vn 0.002399 -0.963773 0.266712
vn 0.002449 -0.963869 0.266366
vn 0.001435 -0.960175 0.279396
vn 0.001193 -0.956302 0.292379
vn 0.001649 -0.952226 0.305390
vn 0.000827 -0.930332 0.366718
vn 0.001200 -0.926510 0.376267
vn 0.001247 -0.922614 0.385724
vn 0.001002 -0.918651 0.395070
vn 0.000449 -0.914210 0.405241
vn 0.002344 -0.949525 0.313681
vn 0.001912 -0.948141 0.317845
vn 0.001305 -0.944263 0.329189
vn 0.001215 -0.940249 0.340485
vn 0.001593 -0.936098 0.351735
vn 0.000379 -0.914547 0.404480
vn 0.000867 -0.911058 0.412277
vn 0.001137 -0.907596 0.419844
vn 0.001221 -0.904123 0.427271
vn 0.001143 -0.900649 0.434547
vn 0.002175 -0.932990 0.359896
vn 0.001920 -0.931954 0.362573
vn 0.001384 -0.928158 0.372183
vn 0.001192 -0.924290 0.381689
vn 0.001305 -0.920357 0.391078
vn 0.001693 -0.916333 0.400414
vn 0.000536 -0.893224 0.449611
vn 0.000924 -0.897183 0.441658
vn 0.000473 -0.893637 0.448790
vn 0.000791 -0.890822 0.454351
vn 0.001004 -0.888084 0.459680
vn 0.001126 -0.885446 0.464741
vn 0.001176 -0.882889 0.469580
vn 0.001167 -0.880454 0.474130
vn 0.001110 -0.878104 0.478469
vn 0.001737 -0.912540 0.408985
vn 0.001369 -0.909060 0.416663
vn 0.001199 -0.905585 0.424163
vn 0.001203 -0.902107 0.431511
vn 0.001356 -0.898642 0.438680
vn 0.001640 -0.895161 0.445739
vn 0.002022 -0.914208 0.405240
vn 0.001017 -0.875859 0.482565
vn 0.000899 -0.873753 0.486370
vn 0.000651 -0.870087 0.492898
vn 0.000525 -0.871211 0.490909
vn 0.000662 -0.869805 0.493394
vn 0.000765 -0.868598 0.495517
vn 0.000848 -0.867487 0.497459
vn 0.000907 -0.866582 0.499034
vn 0.000955 -0.865773 0.500436
vn 0.000992 -0.865070 0.501651
vn 0.001047 -0.863983 0.503519
vn 0.001932 -0.844851 0.534998
vn 0.001861 -0.893222 0.449612
vn 0.001698 -0.891982 0.452069
vn 0.001436 -0.889206 0.457506
vn 0.001271 -0.886531 0.462668
vn 0.001186 -0.883941 0.467597
vn 0.001166 -0.881446 0.472283
vn 0.001198 -0.879064 0.476702
vn 0.001271 -0.876773 0.480903
vn 0.001374 -0.874602 0.484839
vn 0.001647 -0.870086 0.492898
vn 0.001861 -0.871842 0.489784
vn 0.001704 -0.870366 0.492402
vn 0.001584 -0.869078 0.494673
vn 0.001490 -0.867924 0.496695
vn 0.001419 -0.866930 0.498428
vn 0.001367 -0.866125 0.499826
vn 0.001321 -0.865320 0.501218
vn 0.001274 -0.864460 0.502699
vn 0.001128 -0.849207 0.528059
vn 0.000301 -0.844854 0.534997
vn 0.001329 -0.850280 0.526329
vn 0.001086 -0.817585 0.575807
vn 0.001086 -0.817584 0.575808
vn 0.001048 -0.788346 0.615232
vn 0.001048 -0.788346 0.615232
vn 0.001006 -0.757208 0.653173
vn 0.001006 -0.757208 0.653173
vn 0.000962 -0.724247 0.689540
vn 0.000962 -0.724246 0.689541
vn 0.000916 -0.689541 0.724247
vn 0.000916 -0.689541 0.724246
vn 0.000868 -0.653172 0.757209
vn 0.000868 -0.653172 0.757209
vn 0.000818 -0.615230 0.788347
vn 0.000818 -0.615230 0.788347
vn 0.000765 -0.575807 0.817585
vn 0.000765 -0.575807 0.817585
vn 0.000498 -0.501295 0.865276
vn 0.001564 -0.534996 0.844853
vn 0.000434 -0.499444 0.866346
vn 0.000108 -0.522978 0.852346
vn 0.000702 -0.528068 0.849202
vn 0.001047 -0.525041 0.851076
vn 0.000349 -0.497268 0.867597
vn 0.000221 -0.494504 0.869175
vn 0.000042 -0.491242 0.871023
vn 0.000152 -0.492899 0.870087
vn 0.000419 -0.485392 0.874297
vn 0.000558 -0.479889 0.877329
vn 0.000633 -0.473938 0.880558
vn 0.000616 -0.467496 0.883995
vn -0.000113 -0.534998 0.844853
vn 0.001277 -0.491037 0.871138
vn 0.001128 -0.493802 0.869574
vn 0.001018 -0.496178 0.868220
vn 0.000939 -0.498163 0.867083
vn 0.000880 -0.499855 0.866109
vn 0.000832 -0.501370 0.865233
vn 0.000796 -0.502608 0.864514
vn 0.000472 -0.460554 0.887632
vn 0.000161 -0.453160 0.891429
vn -0.000077 -0.449612 0.893224
vn 0.000220 -0.444359 0.895849
vn 0.000541 -0.434510 0.900667
vn 0.000590 -0.424371 0.905488
vn 0.000305 -0.413886 0.910329
vn -0.000247 -0.405241 0.914210
vn 0.001160 -0.492897 0.870087
vn 0.001294 -0.448996 0.893533
vn 0.000952 -0.455252 0.890362
vn 0.000742 -0.461177 0.887308
vn 0.000638 -0.466809 0.884358
vn 0.000620 -0.472116 0.881536
vn 0.000667 -0.477083 0.878858
vn 0.000765 -0.481755 0.876306
vn 0.000900 -0.486170 0.873864
vn -0.000048 -0.402706 0.915329
vn 0.000502 -0.389745 0.920923
vn 0.000515 -0.376628 0.926365
vn 0.000722 -0.416256 0.909247
vn 0.000550 -0.424716 0.905326
vn 0.000595 -0.432941 0.901422
vn 0.000825 -0.440998 0.897508
vn 0.001247 -0.449610 0.893224
vn 0.001147 -0.407594 0.913162
vn -0.000444 -0.359897 0.932992
vn -0.000102 -0.363309 0.931669
vn 0.000332 -0.348220 0.937413
vn 0.000527 -0.332558 0.943083
vn 0.000517 -0.376378 0.926466
vn 0.000501 -0.387047 0.922060
vn 0.000848 -0.397565 0.917574
vn 0.001338 -0.405240 0.914209
vn -0.000248 -0.316787 0.948497
vn -0.000620 -0.313682 0.949528
vn 0.000948 -0.365621 0.930763
vn 0.000397 -0.299109 0.954219
vn 0.000374 -0.281050 0.959693
vn -0.000809 -0.266714 0.963776
vn 0.001422 -0.359894 0.932992
vn 0.000492 -0.328464 0.944516
vn 0.000414 -0.341180 0.939998
vn 0.000927 -0.353857 0.935299
vn -0.000283 -0.262467 0.964941
vn 0.001230 -0.315676 0.948866
vn 0.000559 -0.242121 0.970246
vn -0.000514 -0.221852 0.975080
vn -0.000953 -0.219105 0.975701
vn 0.001461 -0.313679 0.949528
vn 0.000294 -0.286643 0.958037
vn 0.000544 -0.301270 0.953539
vn 0.000968 -0.271991 0.962299
vn 0.000432 -0.200848 0.979622
vn 0.000006 -0.181784 0.983338
vn -0.001293 -0.170960 0.985277
vn 0.000185 -0.239661 0.970857
vn 0.000584 -0.256110 0.966647
vn 0.001582 -0.266710 0.963775
vn -0.000244 -0.163041 0.986619
vn 0.001059 -0.223244 0.974762
vn 0.000423 -0.143451 0.989657
vn -0.001007 -0.123924 0.992291
vn -0.001292 -0.122414 0.992478
vn 0.000343 -0.205459 0.978666
vn 0.001636 -0.219101 0.975701
vn 0.000187 -0.187358 0.982292
vn 0.000362 -0.103222 0.994658
vn -0.000267 -0.082527 0.996589
vn -0.001647 -0.073567 0.997289
vn -0.000036 -0.149484 0.988764
vn 0.001303 -0.169133 0.985592
vn 0.001601 -0.170956 0.985277
vn -0.000025 -0.061312 0.998119
vn 0.000675 -0.129971 0.991518
vn 0.000146 -0.039863 0.999205
vn -0.001704 -0.024544 0.999697
vn 0.000229 -0.109611 0.993975
vn 0.001806 -0.122409 0.992478
vn -0.000623 -0.018271 0.999833
vn 0.000044 -0.088892 0.996041
vn 0.000314 0.003453 0.999994
vn -0.001523 0.024539 0.999698
vn -0.001388 0.025191 0.999682
vn 0.001770 -0.073562 0.997289
vn 0.000803 -0.067943 0.997689
vn -0.000260 -0.046461 0.998920
vn 0.000262 0.046652 0.998911
vn 0.001416 -0.024997 0.999687
vn -0.000824 0.068123 0.997677
vn -0.001765 0.073562 0.997289
vn -0.000318 -0.003240 0.999995
vn 0.001511 -0.024539 0.999698
vn -0.000036 0.089053 0.996027
vn 0.000647 0.018499 0.999829
vn -0.000240 0.109767 0.993957
vn -0.001808 0.122409 0.992478
vn -0.000159 0.040088 0.999196
vn 0.001697 0.024544 0.999697
vn -0.000664 0.130100 0.991501
vn 0.000042 0.061556 0.998104
vn 0.000033 0.149617 0.988744
vn -0.001317 0.169250 0.985572
vn -0.001597 0.170956 0.985277
vn 0.000245 0.082771 0.996569
vn 0.001649 0.073567 0.997289
vn -0.000355 0.103470 0.994632
vn -0.000183 0.187460 0.982272
vn -0.000348 0.205554 0.978646
vn -0.001638 0.219101 0.975701
vn -0.000428 0.143702 0.989621
vn 0.000974 0.124173 0.992260
vn 0.001304 0.122414 0.992478
vn -0.001052 0.223319 0.974745
vn 0.000267 0.163305 0.986576
vn -0.000184 0.239723 0.970841
vn -0.000588 0.256171 0.966631
vn -0.001583 0.266710 0.963775
vn -0.000404 0.200136 0.979768
vn -0.000024 0.182040 0.983291
vn 0.001290 0.170960 0.985277
vn -0.000964 0.272041 0.962285
vn 0.000830 0.218345 0.975871
vn -0.000293 0.286689 0.958024
vn -0.000545 0.301299 0.953529
vn -0.001461 0.313679 0.949528
vn -0.000325 0.251287 0.967913
vn -0.000321 0.234847 0.972032
vn 0.000942 0.219105 0.975701
vn -0.001228 0.315700 0.948858
vn -0.000491 0.328479 0.944511
vn -0.000415 0.341188 0.939995
vn -0.000927 0.353869 0.935294
vn -0.001422 0.359894 0.932992
vn -0.000408 0.297001 0.954877
vn -0.000360 0.282365 0.959307
vn 0.000644 0.267703 0.963501
vn 0.000783 0.266713 0.963776
vn 0.000403 0.311678 0.950188
vn -0.000949 0.365607 0.930769
vn -0.000517 0.376392 0.926460
vn -0.000500 0.387022 0.922070
vn -0.000847 0.397556 0.917577
vn -0.001338 0.405240 0.914210
vn 0.000619 0.313682 0.949528
vn -0.000209 0.350206 0.936673
vn -0.000524 0.337504 0.941324
vn -0.000229 0.324756 0.945798
vn -0.001149 0.407566 0.913175
vn -0.000722 0.416246 0.909252
vn -0.000550 0.424686 0.905341
vn -0.000595 0.432930 0.901427
vn -0.000335 0.394557 0.918871
vn -0.000555 0.384002 0.923332
vn 0.000449 0.359897 0.932992
vn -0.000396 0.373303 0.927709
vn 0.000194 0.362475 0.931993
vn -0.000823 0.440965 0.897524
vn -0.001246 0.449610 0.893224
vn -0.001295 0.448972 0.893545
vn -0.000953 0.455217 0.890380
vn -0.000742 0.461157 0.887318
vn -0.000638 0.466758 0.884385
vn -0.000620 0.472079 0.881556
vn -0.000667 0.477064 0.878869
vn -0.000583 0.430618 0.902534
vn -0.000547 0.422313 0.906450
vn -0.000284 0.413805 0.910366
vn 0.000245 0.405065 0.914288
vn 0.000229 0.405241 0.914210
vn -0.000101 0.446653 0.894707
vn -0.000424 0.438711 0.898628
vn -0.000764 0.481727 0.876321
vn -0.001160 0.492897 0.870087
vn -0.000898 0.486097 0.873904
vn -0.001277 0.491036 0.871139
vn -0.001129 0.493794 0.869578
vn -0.001020 0.496146 0.868238
vn -0.000940 0.498147 0.867092
vn -0.000880 0.499837 0.866119
vn -0.000835 0.501272 0.865289
vn -0.000782 0.503097 0.864230
vn 0.000101 0.534998 0.844853
vn 0.000075 0.449612 0.893224
vn -0.000431 0.484919 0.874559
vn -0.000544 0.480468 0.877012
vn -0.000616 0.475699 0.879608
vn -0.000634 0.470656 0.882316
vn -0.000579 0.465239 0.885185
vn -0.000432 0.459523 0.888166
vn -0.000171 0.453504 0.891254
vn -0.000539 0.502596 0.864521
vn -0.000484 0.500880 0.865517
vn -0.000433 0.499412 0.866364
vn -0.000364 0.497636 0.867386
vn -0.000271 0.495552 0.868578
vn -0.000144 0.493054 0.869999
vn 0.000024 0.490202 0.871609
vn -0.000161 0.492899 0.870087
vn -0.001533 0.534996 0.844853
vn -0.000702 0.528052 0.849212
vn -0.000545 0.526703 0.850049
vn -0.000765 0.575807 0.817585
vn -0.000765 0.575807 0.817585
vn -0.000818 0.615230 0.788347
vn -0.000818 0.615230 0.788347
vn -0.000868 0.653172 0.757209
vn -0.000868 0.653173 0.757209
vn -0.000916 0.689541 0.724246
vn -0.000916 0.689541 0.724247
vn -0.000962 0.724246 0.689541
vn -0.000962 0.724246 0.689541
vn -0.001006 0.757208 0.653173
vn -0.001006 0.757208 0.653173
vn -0.001048 0.788346 0.615232
vn -0.001048 0.788346 0.615232
vn -0.001086 0.817585 0.575807
vn -0.001086 0.817584 0.575808
vn -0.001347 0.865781 0.500421
vn -0.001306 0.865058 0.501670
vn -0.001395 0.866564 0.499064
vn -0.001128 0.849207 0.528059
vn -0.001249 0.863979 0.503527
vn -0.000313 0.844854 0.534997
vn -0.001458 0.867489 0.497455
vn -0.000933 0.850268 0.526349
vn -0.001544 0.868597 0.495516
vn -0.001650 0.869805 0.493392
vn -0.001791 0.871213 0.490902
vn -0.001661 0.870086 0.492898
vn -0.001423 0.873747 0.486379
vn -0.001311 0.875862 0.482560
vn -0.001224 0.878102 0.478472
vn -0.001173 0.880457 0.474125
vn -0.001170 0.882887 0.469584
vn -0.001227 0.885446 0.464741
vn -0.000456 0.871842 0.489788
vn -0.000609 0.870370 0.492397
vn -0.000726 0.869076 0.494678
vn -0.000817 0.867921 0.496701
vn -0.000884 0.866946 0.498401
vn -0.000936 0.866103 0.499864
vn -0.000978 0.865352 0.501163
vn -0.001025 0.864433 0.502747
vn -0.001944 0.844851 0.534998
vn -0.001357 0.888086 0.459675
vn -0.001576 0.890820 0.454353
vn -0.001902 0.893632 0.448796
vn -0.001838 0.893222 0.449612
vn -0.001460 0.897185 0.441653
vn -0.001250 0.900650 0.434544
vn -0.001181 0.904124 0.427269
vn -0.001274 0.907589 0.419858
vn -0.001555 0.911062 0.412267
vn -0.000673 0.891985 0.452064
vn -0.000928 0.889205 0.457508
vn -0.001085 0.886533 0.462664
vn -0.001163 0.883940 0.467599
vn -0.001177 0.881446 0.472283
vn -0.001138 0.879063 0.476704
vn -0.001059 0.876776 0.480899
vn -0.000950 0.874601 0.484843
vn -0.000666 0.870087 0.492898
vn -0.002051 0.914545 0.404480
vn -0.001980 0.914208 0.405240
vn -0.001439 0.918651 0.395069
vn -0.001205 0.922613 0.385725
vn -0.001262 0.926510 0.376269
vn -0.001645 0.930326 0.366729
vn -0.002175 0.932990 0.359896
vn -0.000688 0.912540 0.408986
vn -0.001047 0.909062 0.416660
vn -0.001207 0.905587 0.424158
vn -0.001194 0.902106 0.431512
vn -0.001032 0.898642 0.438682
vn -0.000739 0.895160 0.445745
vn -0.000513 0.893224 0.449611
vn -0.001890 0.934256 0.356597
vn -0.001325 0.938467 0.345365
vn -0.001206 0.942536 0.334103
vn -0.001580 0.946465 0.322803
vn -0.002321 0.949525 0.313681
vn -0.000742 0.916333 0.400416
vn -0.000408 0.914210 0.405241
vn -0.001083 0.928160 0.372181
vn -0.001265 0.924291 0.381686
vn -0.001141 0.920357 0.391077
vn -0.002053 0.950377 0.311095
vn -0.000557 0.931955 0.362574
vn -0.001310 0.954538 0.298085
vn -0.001238 0.958493 0.285115
vn -0.001901 0.962258 0.272133
vn -0.002515 0.963773 0.266712
vn -0.000305 0.932992 0.359896
vn -0.001205 0.944262 0.329193
vn -0.001284 0.940251 0.340479
vn -0.000895 0.936097 0.351741
vn -0.000607 0.948143 0.317842
vn -0.001686 0.966108 0.258133
vn -0.001167 0.969894 0.243524
vn -0.001627 0.973433 0.228965
vn -0.002664 0.975699 0.219100
vn -0.000179 0.949528 0.313681
vn -0.001116 0.960176 0.279393
vn -0.001349 0.956302 0.292377
vn -0.000882 0.952226 0.305394
vn -0.002008 0.976860 0.213868
vn -0.000113 0.963871 0.266370
vn -0.001161 0.980250 0.197757
vn -0.001594 0.983348 0.181725
vn -0.002817 0.985274 0.170962
vn -0.000162 0.963777 0.266711
vn -0.001336 0.971498 0.237045
vn -0.001232 0.967820 0.251640
vn -0.002021 0.986257 0.165208
vn -0.000418 0.974941 0.222463
vn -0.001115 0.989014 0.147816
vn -0.001830 0.991446 0.130505
vn -0.002975 0.992475 0.122410
vn 0.000051 0.975702 0.219102
vn -0.001418 0.981677 0.190549
vn -0.001124 0.978417 0.206637
vn -0.001684 0.993646 0.112541
vn -0.000381 0.984657 0.174501
vn -0.001122 0.995558 0.094142
vn -0.002514 0.997122 0.075777
vn -0.002928 0.997286 0.073565
vn 0.000166 0.985278 0.170962
vn -0.001208 0.987545 0.157330
vn -0.001400 0.990155 0.139966
vn -0.001236 0.998388 0.056747
vn 0.000084 0.992454 0.122617
vn -0.001439 0.999287 0.037730
vn -0.002523 0.999772 0.021186
vn -0.003088 0.999694 0.024541
vn -0.001453 0.994562 0.104131
vn 0.000123 0.992480 0.122410
vn -0.001138 0.996317 0.085740
vn -0.001329 0.999974 0.007049
vn -0.001593 0.998847 0.047990
vn -0.000637 0.997748 0.067070
vn 0.000397 0.997290 0.073565
vn -0.000393 0.999581 0.028939
vn 0.000392 0.999699 0.024541
vn -0.001329 0.999953 0.009641
vn 0.024539 0.000033 -0.999699
vn 0.073565 0.000098 -0.997290
vn 0.024539 0.000033 -0.999699
vn 0.122414 0.000163 -0.992479
vn 0.073565 0.000098 -0.997290
vn 0.122414 0.000163 -0.992479
vn 0.170963 0.000227 -0.985277
vn 0.170963 0.000227 -0.985277
vn 0.219098 0.000291 -0.975703
vn 0.219098 0.000291 -0.975703
vn 0.266715 0.000354 -0.963775
vn 0.266715 0.000354 -0.963775
vn 0.313679 0.000417 -0.949529
vn 0.313679 0.000417 -0.949529
vn 0.359896 0.000478 -0.932992
vn 0.359896 0.000478 -0.932993
vn 0.405243 0.000539 -0.914209
vn 0.405243 0.000538 -0.914209
vn 0.449607 0.000597 -0.893226
vn 0.449607 0.000597 -0.893226
vn 0.492900 0.000655 -0.870086
vn 0.492900 0.000655 -0.870086
vn 0.534995 0.000711 -0.844855
vn 0.534995 0.000711 -0.844855
vn 0.575811 0.000765 -0.817582
vn 0.575811 0.000765 -0.817582
vn 0.615231 0.000818 -0.788346
vn 0.615231 0.000818 -0.788346
vn 0.653172 0.000868 -0.757209
vn 0.653172 0.000868 -0.757209
vn 0.689541 0.000916 -0.724246
vn 0.689541 0.000916 -0.724246
vn 0.724242 0.000962 -0.689545
vn 0.724242 0.000962 -0.689545
vn 0.757210 0.001006 -0.653171
vn 0.757210 0.001006 -0.653171
vn 0.788348 0.001048 -0.615229
vn 0.788348 0.001048 -0.615229
vn 0.817585 0.001086 -0.575807
vn 0.817581 0.001086 -0.575812
vn 0.844851 0.001122 -0.535000
vn 0.844854 0.001123 -0.534996
vn 0.870086 0.001156 -0.492899
vn 0.870085 0.001156 -0.492900
vn 0.893225 0.001187 -0.449608
vn 0.893224 0.001187 -0.449611
vn 0.914208 0.001215 -0.405243
vn 0.932992 0.001240 -0.359895
vn 0.914210 0.001215 -0.405239
vn 0.949527 0.001262 -0.313682
vn 0.932992 0.001240 -0.359895
vn 0.949527 0.001262 -0.313682
vn 0.963776 0.001281 -0.266711
vn 0.963776 0.001281 -0.266711
vn 0.975701 0.001297 -0.219103
vn 0.975701 0.001297 -0.219103
vn 0.985277 0.001309 -0.170962
vn 0.985277 0.001309 -0.170962
vn 0.992479 0.001319 -0.122411
vn 0.992479 0.001319 -0.122411
vn 0.997290 0.001325 -0.073564
vn 0.997290 0.001325 -0.073564
vn 0.999698 0.001328 -0.024541
vn 0.999698 0.001328 -0.024541
vn 0.999813 0.001329 0.019287
vn 0.999689 0.001002 0.024931
vn 0.997203 0.000864 0.074730
vn 0.998329 0.001557 0.057770
vn 0.992239 0.000920 0.124344
vn 0.995377 0.001587 0.096031
vn 0.990985 0.001414 0.133964
vn 0.984807 0.001054 0.173649
vn 0.985192 0.001191 0.171449
vn 0.974928 0.000851 0.222520
vn 0.978057 0.001478 0.208330
vn 0.962623 0.000880 0.270842
vn 0.969638 0.001535 0.244539
vn 0.959996 0.001346 0.280010
vn 0.947927 0.000952 0.318485
vn 0.949211 0.001181 0.314637
vn 0.930874 0.000793 0.365341
vn 0.937363 0.001439 0.348351
vn 0.911505 0.000935 0.411289
vn 0.924490 0.001403 0.381203
vn 0.910642 0.001053 0.413195
vn 0.889872 0.000759 0.456209
vn 0.895961 0.001302 0.444130
vn 0.866023 0.000836 0.500003
vn 0.880440 0.001350 0.474156
vn 0.864111 0.001031 0.503299
vn 0.840025 0.000704 0.542547
vn 0.847109 0.001213 0.531418
vn 0.811940 0.000804 0.583741
vn 0.829424 0.001255 0.558618
vn 0.811057 0.000882 0.584966
vn 0.781831 0.000634 0.623491
vn 0.792179 0.001171 0.610287
vn 0.772702 0.001113 0.634767
vn 0.749780 0.000676 0.661687
vn 0.752675 0.000881 0.658392
vn 0.715870 0.000603 0.698233
vn 0.732230 0.001119 0.681057
vn 0.711230 0.000877 0.702959
vn 0.689849 0.000971 0.723952
vn 0.680170 0.000520 0.733054
vn 0.668031 0.000978 0.744132
vn 0.645765 0.000720 0.763536
vn 0.642786 0.000547 0.766046
vn 0.623223 0.000957 0.782043
vn 0.603805 0.000488 0.797132
vn 0.600195 0.000673 0.799853
vn 0.563319 0.000384 0.826239
vn 0.576926 0.000848 0.816796
vn 0.553279 0.000759 0.832996
vn 0.521435 0.000345 0.853291
vn 0.529317 0.000678 0.848424
vn 0.505078 0.000767 0.863074
vn 0.478254 0.000354 0.878221
vn 0.480500 0.000464 0.876995
vn 0.433882 0.000284 0.900970
vn 0.455724 0.000717 0.890121
vn 0.430617 0.000425 0.902535
vn 0.388436 0.000179 0.921476
vn 0.405333 0.000624 0.914169
vn 0.379769 0.000477 0.925081
vn 0.342023 0.000110 0.939692
vn 0.353995 0.000494 0.935247
vn 0.328028 0.000485 0.944668
vn 0.294753 0.000072 0.955574
vn 0.301839 0.000337 0.953359
vn 0.275511 0.000457 0.961298
vn 0.246758 0.000061 0.969077
vn 0.248966 0.000154 0.968512
vn 0.198151 -0.000008 0.980172
vn 0.222354 0.000397 0.974966
vn 0.195507 0.000094 0.980702
vn 0.149044 -0.000116 0.988831
vn 0.168633 0.000311 0.985679
vn 0.141593 0.000126 0.989925
vn 0.099570 -0.000200 0.995031
vn 0.114495 0.000200 0.993424
vn 0.087337 0.000131 0.996179
vn 0.049842 -0.000260 0.998757
vn 0.060089 0.000064 0.998193
vn 0.032819 0.000110 0.999461
vn 0.000000 -0.000297 1.000000
vn 0.005535 -0.000094 0.999985
vn -0.021738 0.000065 0.999764
vn -0.049841 -0.000311 0.998757
vn -0.049013 -0.000276 0.998798
vn -0.099570 -0.000414 0.995030
vn -0.076243 -0.000002 0.997089
vn -0.103403 -0.000276 0.994639
vn -0.130507 -0.000094 0.991447
vn -0.149043 -0.000519 0.988831
vn -0.157559 -0.000252 0.987510
vn -0.184473 -0.000209 0.982838
vn -0.198150 -0.000600 0.980172
vn -0.211297 -0.000251 0.977422
vn -0.238014 -0.000352 0.971262
vn -0.246757 -0.000655 0.969077
vn -0.264571 -0.000272 0.964366
vn -0.290949 -0.000524 0.956738
vn -0.294752 -0.000681 0.955574
vn -0.317236 -0.000318 0.948347
vn -0.342022 -0.000712 0.939692
vn -0.343223 -0.000661 0.939254
vn -0.369141 -0.000393 0.929373
vn -0.388436 -0.000837 0.921476
vn -0.394740 -0.000600 0.918793
vn -0.433881 -0.000928 0.900970
vn -0.420165 -0.000503 0.907448
vn -0.445304 -0.000565 0.895379
vn -0.478253 -0.000980 0.878221
vn -0.470176 -0.000654 0.882573
vn -0.494815 -0.000564 0.868998
vn -0.521434 -0.000979 0.853291
vn -0.519115 -0.000861 0.854704
vn -0.543220 -0.000603 0.839590
vn -0.563319 -0.001057 0.826239
vn -0.566894 -0.000883 0.823791
vn -0.603804 -0.001172 0.797132
vn -0.590385 -0.000701 0.807122
vn -0.613447 -0.000787 0.789736
vn -0.642785 -0.001212 0.766046
vn -0.636155 -0.000877 0.771561
vn -0.658558 -0.000753 0.752530
vn -0.680169 -0.001145 0.733054
vn -0.680448 -0.001165 0.732796
vn -0.715869 -0.001329 0.698233
vn -0.702074 -0.000810 0.712104
vn -0.723179 -0.000947 0.690660
vn -0.749779 -0.001370 0.661687
vn -0.743840 -0.001003 0.668357
vn -0.781830 -0.001340 0.623490
vn -0.764052 -0.000867 0.645154
vn -0.783691 -0.001196 0.621150
vn -0.811938 -0.001491 0.583741
vn -0.802862 -0.000962 0.596164
vn -0.821429 -0.000969 0.570309
vn -0.840025 -0.001385 0.542546
vn -0.839335 -0.001315 0.543613
vn -0.866022 -0.001574 0.500004
vn -0.856688 -0.000984 0.515835
vn -0.873283 -0.001041 0.487213
vn -0.889110 -0.001359 0.457692
vn -0.889872 -0.001454 0.456209
vn -0.904197 -0.001035 0.427114
vn -0.911504 -0.001649 0.411289
vn -0.918406 -0.001049 0.395638
vn -0.930873 -0.001510 0.365340
vn -0.931682 -0.001384 0.363273
vn -0.944015 -0.001143 0.329899
vn -0.947926 -0.001685 0.318486
vn -0.955288 -0.001032 0.295675
vn -0.962622 -0.001688 0.270842
vn -0.965429 -0.001188 0.260664
vn -0.974384 -0.001414 0.224885
vn -0.974927 -0.001562 0.222520
vn -0.982107 -0.001119 0.188320
vn -0.984806 -0.001759 0.173649
vn -0.988511 -0.001050 0.151146
vn -0.992238 -0.001733 0.124344
vn -0.993543 -0.001194 0.113454
vn -0.997155 -0.001491 0.075366
vn -0.997203 -0.001533 0.074729
vn -0.999109 -0.001224 0.042178
vn -0.999688 -0.001787 0.024931
vn -0.999900 -0.001329 0.014067
vn -0.999698 -0.001328 -0.024541
vn -0.999698 -0.001328 -0.024541
vn -0.997290 -0.001325 -0.073564
vn -0.997290 -0.001325 -0.073563
vn -0.992479 -0.001319 -0.122411
vn -0.992479 -0.001319 -0.122410
vn -0.985277 -0.001309 -0.170962
vn -0.985277 -0.001309 -0.170962
vn -0.975701 -0.001297 -0.219103
vn -0.963776 -0.001281 -0.266711
vn -0.975701 -0.001297 -0.219103
vn -0.949527 -0.001262 -0.313683
vn -0.963776 -0.001281 -0.266711
vn -0.949527 -0.001262 -0.313683
vn -0.932992 -0.001240 -0.359895
vn -0.932992 -0.001240 -0.359895
vn -0.914209 -0.001215 -0.405242
vn -0.914210 -0.001215 -0.405238
vn -0.893225 -0.001187 -0.449608
vn -0.893223 -0.001187 -0.449612
vn -0.870085 -0.001156 -0.492900
vn -0.870085 -0.001156 -0.492900
vn -0.844852 -0.001123 -0.535000
vn -0.844855 -0.001123 -0.534995
vn -0.817581 -0.001087 -0.575813
vn -0.817584 -0.001086 -0.575808
vn -0.788348 -0.001048 -0.615228
vn -0.788348 -0.001048 -0.615228
vn -0.757210 -0.001006 -0.653171
vn -0.757210 -0.001006 -0.653171
vn -0.724241 -0.000962 -0.689546
vn -0.724242 -0.000962 -0.689545
vn -0.689542 -0.000916 -0.724245
vn -0.689541 -0.000916 -0.724246
vn -0.653172 -0.000868 -0.757209
vn -0.653171 -0.000868 -0.757210
vn -0.615232 -0.000817 -0.788346
vn -0.615231 -0.000818 -0.788346
vn -0.575811 -0.000765 -0.817582
vn -0.575811 -0.000765 -0.817582
vn -0.534995 -0.000711 -0.844855
vn -0.534995 -0.000711 -0.844855
vn -0.492900 -0.000655 -0.870086
vn -0.492900 -0.000655 -0.870086
vn -0.449607 -0.000597 -0.893226
vn -0.449607 -0.000597 -0.893227
vn -0.405243 -0.000539 -0.914209
vn -0.405243 -0.000539 -0.914209
vn -0.359896 -0.000478 -0.932992
vn -0.359896 -0.000478 -0.932992
vn -0.313679 -0.000417 -0.949529
vn -0.313679 -0.000417 -0.949529
vn -0.266715 -0.000354 -0.963776
vn -0.266715 -0.000354 -0.963775
vn -0.219098 -0.000291 -0.975703
vn -0.219098 -0.000291 -0.975703
vn -0.170963 -0.000227 -0.985277
vn -0.170963 -0.000227 -0.985277
vn -0.122414 -0.000163 -0.992479
vn -0.122414 -0.000163 -0.992479
vn -0.073565 -0.000098 -0.997290
vn -0.073565 -0.000098 -0.997290
vn -0.024539 -0.000033 -0.999699
vn -0.024539 -0.000033 -0.999699
vn 0.001329 -0.999999 -0.000001
vn 0.001329 -0.999999 -0.000000
vn 0.001329 -0.999999 0.000001
vn 0.001329 -0.999999 -0.000001
vn 0.001329 -0.999999 -0.000001
vn 0.001329 -0.999999 -0.000001
vn 0.001329 -0.999999 -0.000000
vn 0.001329 -0.999999 -0.000000
vn 0.001329 -0.999999 0.000002
vn 0.001329 -0.999999 0.000001
vn 0.001329 -0.999999 -0.000002
vn 0.001328 -0.999999 0.000002
vn 0.001329 -0.999999 0.000001
vn 0.001329 -0.999999 -0.000002
vn 0.001329 -0.999999 -0.000000
vn 0.001329 -0.999999 0.000000
vn 0.001329 -0.999999 -0.000001
vn 0.001329 -0.999999 -0.000000
vn 0.001328 -0.999999 0.000001
vn 0.001329 -0.999999 0.000000
vn 0.001328 -0.999999 0.000001
vn 0.001329 -0.999999 -0.000000
vn 0.001329 -0.999999 -0.000000
vn 0.001330 -0.999999 -0.000001
vn 0.001329 -0.999999 -0.000000
vn 0.001329 -0.999999 0.000001
vn 0.001329 -0.999999 -0.000000
vn 0.001330 -0.999999 -0.000001
vn 0.001329 -0.999999 -0.000000
vn 0.001329 -0.999999 0.000000
vn 0.001328 -0.999999 0.000001
vn 0.001328 -0.999999 0.000001
vn 0.001330 -0.999999 -0.000001
vn 0.001328 -0.999999 0.000000
vn 0.001328 -0.999999 0.000001
vn 0.001329 -0.999999 -0.000000
vn 0.001330 -0.999999 -0.000001
vn 0.001329 -0.999999 0.000000
vn 0.001330 -0.999999 -0.000001
vn 0.001328 -0.999999 0.000000
vn 0.001327 -0.999999 0.000001
vn 0.001328 -0.999999 0.000001
vn 0.001330 -0.999999 -0.000001
vn 0.001329 -0.999999 0.000000
vn 0.001329 -0.999999 0.000000
vn 0.001329 -0.999999 0.000000
vn 0.001329 -0.999999 -0.000000
vn 0.001330 -0.999999 -0.000000
vn 0.001327 -0.999999 0.000000
vn 0.001329 -0.999999 -0.000000
vn 0.001329 -0.999999 0.000000
vn 0.001330 -0.999999 -0.000001
vn 0.001328 -0.999999 0.000000
vn 0.001329 -0.999999 0.000000
vn 0.001328 -0.999999 0.000000
vn 0.001330 -0.999999 -0.000000
vn 0.001328 -0.999999 0.000000
vn 0.001327 -0.999999 0.000000
vn 0.001331 -0.999999 -0.000000
vn 0.001329 -0.999999 -0.000000
vn 0.001329 -0.999999 0.000000
vn 0.001327 -0.999999 0.000000
vn 0.001329 -0.999999 0.000000
vn 0.001329 -0.999999 0.000000
vn 0.001329 -0.999999 -0.000002
vn 0.001329 -0.999999 0.000000
vn 0.001329 -0.999999 0.000001
vn 0.001329 -0.999999 -0.000000
vn 0.001329 -0.999999 0.000000
vn 0.001329 -0.999999 -0.000001
vn 0.001329 -0.999999 -0.000000
vn 0.001327 -0.999999 -0.000000
vn 0.001329 -0.999999 0.000001
vn 0.001329 -0.999999 0.000001
vn 0.001327 -0.999999 -0.000000
vn 0.001329 -0.999999 0.000000
vn 0.001329 -0.999999 0.000000
vn 0.001328 -0.999999 -0.000002
vn 0.001329 -0.999999 0.000000
vn 0.001330 -0.999999 0.000001
vn 0.001329 -0.999999 0.000000
vn 0.001329 -0.999999 0.000002
vn 0.001328 -0.999999 -0.000001
vn 0.001328 -0.999999 -0.000000
vn 0.001330 -0.999999 0.000000
vn 0.001329 -0.999999 -0.000001
vn 0.001329 -0.999999 0.000000
vn 0.001329 -0.999999 -0.000000
vn 0.001329 -0.999999 0.000001
vn 0.001329 -0.999999 0.000000
vn 0.001328 -0.999999 -0.000001
vn 0.001331 -0.999999 0.000001
vn 0.001329 -0.999999 -0.000000
vn 0.001328 -0.999999 -0.000001
vn 0.001329 -0.999999 0.000000
vn 0.001327 -0.999999 -0.000001
vn 0.001329 -0.999999 0.000000
vn 0.001329 -0.999999 -0.000000
vn 0.001329 -0.999999 0.000001
vn 0.001329 -0.999999 0.000000
vn 0.001328 -0.999999 -0.000000
vn 0.001329 -0.999999 -0.000001
vn 0.001329 -0.999999 0.000000
vn 0.001328 -0.999999 -0.000000
vn 0.001328 -0.999999 -0.000000
vn 0.001329 -0.999999 -0.000000
vn 0.001330 -0.999999 0.000001
vn 0.001330 -0.999999 0.000001
vn 0.001329 -0.999999 0.000001
vn 0.001327 -0.999999 -0.000002
vn 0.001329 -0.999999 0.000000
vn 0.001328 -0.999999 -0.000002
vn 0.001329 -0.999999 0.000000
vn 0.001328 -0.999999 -0.000001
vn 0.001329 -0.999999 -0.000000
vn 0.001328 -0.999999 -0.000001
vn 0.001329 -0.999999 -0.000000
vn 0.001330 -0.999999 0.000001
vn 0.001329 -0.999999 0.000000
vn 0.001330 -0.999999 0.000001
vn 0.001329 -0.999999 0.000000
vn 0.001328 -0.999999 -0.000001
vn 0.001328 -0.999999 -0.000001
vn 0.001329 -0.999999 -0.000000
vn 0.001329 -0.999999 0.000000
vn 0.001330 -0.999999 0.000000
vn 0.001328 -0.999999 -0.000001
vn 0.001330 -0.999999 0.000001
vn 0.024539 0.000033 -0.999699
vn 0.024539 0.000033 -0.999699
vn 0.073565 0.000098 -0.997290
vn 0.073565 0.000098 -0.997290
vn 0.122414 0.000163 -0.992479
vn 0.122414 0.000163 -0.992479
vn 0.170963 0.000227 -0.985277
vn 0.170963 0.000227 -0.985277
vn 0.219098 0.000291 -0.975703
vn 0.219098 0.000291 -0.975703
vn 0.266715 0.000354 -0.963776
vn 0.266715 0.000354 -0.963775
vn 0.313679 0.000417 -0.949529
vn 0.313679 0.000417 -0.949529
vn 0.359896 0.000478 -0.932992
vn 0.359896 0.000478 -0.932992
vn 0.405243 0.000539 -0.914209
vn 0.405243 0.000539 -0.914209
vn 0.449607 0.000597 -0.893226
vn 0.449607 0.000597 -0.893226
vn 0.492900 0.000655 -0.870086
vn 0.492900 0.000655 -0.870086
vn 0.534995 0.000711 -0.844855
vn 0.534995 0.000711 -0.844855
vn 0.575811 0.000765 -0.817582
vn 0.575811 0.000765 -0.817582
vn 0.615231 0.000818 -0.788346
vn 0.615232 0.000817 -0.788346
vn 0.653172 0.000868 -0.757209
vn 0.653171 0.000868 -0.757210
vn 0.689536 0.000916 -0.724251
vn 0.689542 0.000916 -0.724245
vn 0.724247 0.000962 -0.689540
vn 0.724241 0.000962 -0.689546
vn 0.757210 0.001006 -0.653171
vn 0.757210 0.001006 -0.653171
vn 0.788344 0.001048 -0.615233
vn 0.788348 0.001047 -0.615228
vn 0.817584 0.001086 -0.575808
vn 0.817581 0.001086 -0.575813
vn 0.844855 0.001123 -0.534995
vn 0.844855 0.001123 -0.534995
vn 0.870085 0.001156 -0.492900
vn 0.870085 0.001156 -0.492900
vn 0.893223 0.001187 -0.449612
vn 0.893223 0.001187 -0.449612
vn 0.914210 0.001215 -0.405238
vn 0.914210 0.001215 -0.405238
vn 0.932992 0.001240 -0.359895
vn 0.932992 0.001240 -0.359895
vn 0.949527 0.001262 -0.313683
vn 0.949527 0.001262 -0.313683
vn 0.963776 0.001281 -0.266711
vn 0.963776 0.001281 -0.266711
vn 0.975701 0.001297 -0.219103
vn 0.975701 0.001297 -0.219103
vn 0.985277 0.001309 -0.170962
vn 0.985277 0.001309 -0.170962
vn 0.992479 0.001319 -0.122411
vn 0.992479 0.001319 -0.122410
vn 0.997290 0.001325 -0.073563
vn 0.997290 0.001325 -0.073564
vn 0.999698 0.001328 -0.024541
vn 0.999698 0.001328 -0.024541
vn 0.999813 0.001329 0.019286
vn 0.999688 0.001655 0.024931
vn 0.998329 0.001097 0.057771
vn 0.997202 0.001787 0.074729
vn 0.995378 0.001058 0.096031
vn 0.992238 0.001717 0.124344
vn 0.990985 0.001220 0.133964
vn 0.985192 0.001427 0.171449
vn 0.984806 0.001564 0.173649
vn 0.978058 0.001121 0.208331
vn 0.974927 0.001740 0.222520
vn 0.969639 0.001042 0.244540
vn 0.949211 0.001342 0.314638
vn 0.962622 0.001678 0.270842
vn 0.959997 0.001206 0.280008
vn 0.937363 0.001052 0.348352
vn 0.947926 0.001567 0.318486
vn 0.924491 0.001054 0.381203
vn 0.930873 0.001681 0.365340
vn 0.910642 0.001367 0.413195
vn 0.895961 0.001079 0.444131
vn 0.911504 0.001487 0.411289
vn 0.880441 0.000990 0.474155
vn 0.889871 0.001605 0.456209
vn 0.864111 0.001266 0.503299
vn 0.847109 0.001039 0.531417
vn 0.866022 0.001466 0.500004
vn 0.829424 0.000950 0.558619
vn 0.840025 0.001528 0.542546
vn 0.811056 0.001274 0.584967
vn 0.792180 0.000934 0.610287
vn 0.811938 0.001354 0.583741
vn 0.772703 0.000940 0.634768
vn 0.752674 0.001119 0.658392
vn 0.781830 0.001444 0.623490
vn 0.732230 0.000827 0.681057
vn 0.749779 0.001317 0.661687
vn 0.715864 0.001299 0.698239
vn 0.711231 0.001014 0.702958
vn 0.689849 0.000863 0.723953
vn 0.680174 0.001288 0.733049
vn 0.668031 0.000797 0.744133
vn 0.645765 0.000997 0.763536
vn 0.642785 0.001162 0.766046
vn 0.623224 0.000700 0.782043
vn 0.600194 0.000922 0.799854
vn 0.603804 0.001117 0.797132
vn 0.576926 0.000685 0.816796
vn 0.563319 0.001114 0.826239
vn 0.553279 0.000712 0.832996
vn 0.529318 0.000729 0.848423
vn 0.505078 0.000576 0.863074
vn 0.480499 0.000813 0.876995
vn 0.521434 0.001041 0.853291
vn 0.455725 0.000494 0.890120
vn 0.478253 0.000917 0.878221
vn 0.430616 0.000719 0.902535
vn 0.405333 0.000454 0.914169
vn 0.433881 0.000869 0.900970
vn 0.379770 0.000532 0.925081
vn 0.353996 0.000446 0.935247
vn 0.388436 0.000854 0.921476
vn 0.328028 0.000387 0.944668
vn 0.301838 0.000466 0.953359
vn 0.342022 0.000799 0.939692
vn 0.275511 0.000276 0.961298
vn 0.248966 0.000508 0.968512
vn 0.294752 0.000711 0.955574
vn 0.222354 0.000194 0.974966
vn 0.246757 0.000595 0.969077
vn 0.195507 0.000426 0.980702
vn 0.168633 0.000137 0.985679
vn 0.198150 0.000535 0.980172
vn 0.149043 0.000513 0.988831
vn 0.141593 0.000250 0.989925
vn 0.114495 0.000104 0.993424
vn 0.087337 0.000102 0.996179
vn 0.060089 0.000096 0.998193
vn 0.099559 0.000465 0.995031
vn 0.032819 -0.000023 0.999461
vn 0.005535 0.000109 0.999985
vn 0.049851 0.000393 0.998757
vn -0.021738 -0.000123 0.999764
vn -0.049014 0.000146 0.998798
vn -0.000000 0.000297 1.000000
vn -0.076243 -0.000200 0.997089
vn -0.049852 0.000179 0.998757
vn -0.103404 0.000001 0.994639
vn -0.130507 -0.000253 0.991447
vn -0.099560 0.000150 0.995032
vn -0.149044 0.000123 0.988830
vn -0.157559 -0.000167 0.987510
vn -0.184472 -0.000281 0.982838
vn -0.198151 0.000073 0.980172
vn -0.211297 -0.000310 0.977422
vn -0.238014 -0.000280 0.971262
vn -0.246758 -0.000001 0.969077
vn -0.264571 -0.000432 0.964366
vn -0.290950 -0.000249 0.956738
vn -0.294753 -0.000102 0.955574
vn -0.317235 -0.000526 0.948347
vn -0.342023 -0.000197 0.939692
vn -0.343223 -0.000251 0.939254
vn -0.369141 -0.000588 0.929373
vn -0.388436 -0.000196 0.921476
vn -0.394741 -0.000449 0.918792
vn -0.420165 -0.000614 0.907447
vn -0.433882 -0.000225 0.900970
vn -0.445303 -0.000618 0.895380
vn -0.470175 -0.000595 0.882573
vn -0.478255 -0.000291 0.878221
vn -0.494814 -0.000751 0.868998
vn -0.519117 -0.000519 0.854703
vn -0.521434 -0.000406 0.853291
vn -0.543207 -0.000840 0.839598
vn -0.563319 -0.000440 0.826239
vn -0.566907 -0.000623 0.823782
vn -0.590384 -0.000868 0.807122
vn -0.603805 -0.000433 0.797132
vn -0.613446 -0.000844 0.789736
vn -0.636156 -0.000813 0.771560
vn -0.642786 -0.000496 0.766046
vn -0.658558 -0.000998 0.752529
vn -0.680438 -0.000644 0.732806
vn -0.680175 -0.000662 0.733049
vn -0.702083 -0.001055 0.712095
vn -0.723170 -0.000974 0.690669
vn -0.743848 -0.000974 0.668348
vn -0.715865 -0.000573 0.698239
vn -0.764051 -0.001163 0.645155
vn -0.749780 -0.000623 0.661687
vn -0.783686 -0.000886 0.621157
vn -0.802868 -0.001172 0.596155
vn -0.781831 -0.000738 0.623491
vn -0.821428 -0.001214 0.570310
vn -0.839337 -0.000915 0.543611
vn -0.811940 -0.000667 0.583741
vn -0.840025 -0.000847 0.542547
vn -0.856687 -0.001293 0.515836
vn -0.873282 -0.001280 0.487214
vn -0.889110 -0.001004 0.457692
vn -0.866024 -0.000728 0.500003
vn -0.889872 -0.000911 0.456209
vn -0.904198 -0.001368 0.427112
vn -0.911505 -0.000773 0.411289
vn -0.918402 -0.001391 0.395646
vn -0.930873 -0.000964 0.365341
vn -0.931669 -0.001091 0.363306
vn -0.943996 -0.001366 0.329954
vn -0.947927 -0.000834 0.318485
vn -0.955263 -0.001507 0.295755
vn -0.962623 -0.000872 0.270842
vn -0.965403 -0.001376 0.260760
vn -0.974369 -0.001179 0.224954
vn -0.974928 -0.001028 0.222520
vn -0.982097 -0.001493 0.188372
vn -0.984807 -0.000858 0.173649
vn -0.988503 -0.001577 0.151193
vn -0.992239 -0.000905 0.124344
vn -0.993534 -0.001445 0.113525
vn -0.997148 -0.001162 0.075462
vn -0.997203 -0.001114 0.074730
vn -0.999105 -0.001433 0.042267
vn -0.999698 -0.001328 -0.024541
vn -0.999689 -0.000870 0.024931
vn -0.999900 -0.001329 0.014101
vn -0.997290 -0.001325 -0.073564
vn -0.999698 -0.001328 -0.024541
vn -0.992479 -0.001319 -0.122411
vn -0.997290 -0.001325 -0.073564
vn -0.985277 -0.001309 -0.170962
vn -0.992479 -0.001319 -0.122411
vn -0.975701 -0.001297 -0.219103
vn -0.985277 -0.001309 -0.170962
vn -0.963776 -0.001281 -0.266711
vn -0.975701 -0.001297 -0.219103
vn -0.963776 -0.001281 -0.266711
vn -0.949527 -0.001262 -0.313682
vn -0.932992 -0.001240 -0.359895
vn -0.949527 -0.001262 -0.313682
vn -0.932992 -0.001240 -0.359895
vn -0.914210 -0.001215 -0.405239
vn -0.893224 -0.001187 -0.449611
vn -0.914210 -0.001215 -0.405239
vn -0.893223 -0.001187 -0.449612
vn -0.870085 -0.001156 -0.492900
vn -0.870086 -0.001156 -0.492899
vn -0.844854 -0.001123 -0.534996
vn -0.817581 -0.001086 -0.575812
vn -0.844854 -0.001123 -0.534996
vn -0.817585 -0.001087 -0.575807
vn -0.788348 -0.001048 -0.615229
vn -0.788344 -0.001048 -0.615234
vn -0.757210 -0.001006 -0.653171
vn -0.757210 -0.001006 -0.653171
vn -0.724247 -0.000962 -0.689540
vn -0.724242 -0.000963 -0.689545
vn -0.689541 -0.000916 -0.724246
vn -0.653172 -0.000868 -0.757209
vn -0.689536 -0.000917 -0.724251
vn -0.653172 -0.000868 -0.757209
vn -0.615231 -0.000818 -0.788346
vn -0.615231 -0.000818 -0.788346
vn -0.575811 -0.000765 -0.817582
vn -0.575811 -0.000765 -0.817582
vn -0.534995 -0.000711 -0.844855
vn -0.534995 -0.000711 -0.844855
vn -0.492900 -0.000655 -0.870086
vn -0.492900 -0.000655 -0.870086
vn -0.449607 -0.000597 -0.893226
vn -0.405243 -0.000538 -0.914209
vn -0.449607 -0.000597 -0.893226
vn -0.405243 -0.000539 -0.914209
vn -0.359896 -0.000478 -0.932992
vn -0.313679 -0.000417 -0.949529
vn -0.359896 -0.000478 -0.932992
vn -0.313679 -0.000417 -0.949529
vn -0.266715 -0.000354 -0.963775
vn -0.266715 -0.000354 -0.963775
vn -0.219098 -0.000291 -0.975703
vn -0.219098 -0.000291 -0.975703
vn -0.170963 -0.000227 -0.985277
vn -0.122414 -0.000163 -0.992479
vn -0.170963 -0.000227 -0.985277
vn -0.122414 -0.000163 -0.992479
vn -0.073565 -0.000098 -0.997290
vn -0.073565 -0.000098 -0.997290
vn -0.024539 -0.000033 -0.999699
vn -0.024539 -0.000033 -0.999699
vn -0.001329 0.999999 -0.000002
vn -0.001329 0.999999 0.000000
vn -0.001329 0.999999 -0.000001
vn -0.001329 0.999999 0.000001
vn -0.001329 0.999999 0.000001
vn -0.001329 0.999999 0.000001
vn -0.001329 0.999999 0.000000
vn -0.001329 0.999999 0.000000
vn -0.001329 0.999999 -0.000002
vn -0.001329 0.999999 0.000002
vn -0.001329 0.999999 -0.000001
vn -0.001329 0.999999 0.000000
vn -0.001329 0.999999 0.000001
vn -0.001329 0.999999 -0.000000
vn -0.001329 0.999999 0.000000
vn -0.001329 0.999999 -0.000000
vn -0.001328 0.999999 -0.000001
vn -0.001329 0.999999 0.000000
vn -0.001329 0.999999 -0.000001
vn -0.001329 0.999999 0.000001
vn -0.001329 0.999999 0.000002
vn -0.001328 0.999999 -0.000002
vn -0.001328 0.999999 -0.000002
vn -0.001329 0.999999 0.000001
vn -0.001329 0.999999 0.000000
vn -0.001329 0.999999 -0.000001
vn -0.001329 0.999999 0.000000
vn -0.001330 0.999999 0.000001
vn -0.001329 0.999999 0.000000
vn -0.001329 0.999999 -0.000000
vn -0.001328 0.999999 -0.000001
vn -0.001329 0.999999 0.000001
vn -0.001328 0.999999 -0.000001
vn -0.001330 0.999999 0.000001
vn -0.001328 0.999999 -0.000000
vn -0.001329 0.999999 0.000000
vn -0.001330 0.999999 0.000001
vn -0.001328 0.999999 0.000000
vn -0.001329 0.999999 -0.000000
vn -0.001328 0.999999 -0.000000
vn -0.001329 0.999999 0.000000
vn -0.001330 0.999999 0.000001
vn -0.001328 0.999999 -0.000000
vn -0.001329 0.999999 -0.000000
vn -0.001329 0.999999 0.000000
vn -0.001328 0.999999 -0.000000
vn -0.001329 0.999999 0.000000
vn -0.001327 0.999999 -0.000001
vn -0.001328 0.999999 -0.000000
vn -0.001329 0.999999 0.000000
vn -0.001331 0.999999 0.000000
vn -0.001328 0.999999 -0.000000
vn -0.001328 0.999999 -0.000000
vn -0.001329 0.999999 -0.000000
vn -0.001328 0.999999 -0.000000
vn -0.001330 0.999999 0.000000
vn -0.001330 0.999999 0.000000
vn -0.001329 0.999999 0.000000
vn -0.001329 0.999999 0.000000
vn -0.001327 0.999999 -0.000000
vn -0.001327 0.999999 -0.000000
vn -0.001329 0.999999 -0.000000
vn -0.001329 0.999999 0.000000
vn -0.001329 0.999999 -0.000000
vn -0.001329 0.999999 -0.000000
vn -0.001329 0.999999 -0.000001
vn -0.001329 0.999999 -0.000001
vn -0.001329 0.999999 0.000000
vn -0.001329 0.999999 0.000000
vn -0.001329 0.999999 0.000001
vn -0.001329 0.999999 0.000000
vn -0.001327 0.999999 0.000000
vn -0.001329 0.999999 -0.000001
vn -0.001329 0.999999 -0.000001
vn -0.001329 0.999999 0.000000
vn -0.001331 0.999999 -0.000000
vn -0.001328 0.999999 0.000000
vn -0.001329 0.999999 -0.000000
vn -0.001328 0.999999 0.000002
vn -0.001327 0.999999 0.000000
vn -0.001329 0.999999 -0.000000
vn -0.001329 0.999999 -0.000002
vn -0.001330 0.999999 -0.000000
vn -0.001328 0.999999 0.000001
vn -0.001331 0.999999 -0.000000
vn -0.001329 0.999999 0.000001
vn -0.001328 0.999999 0.000002
vn -0.001329 0.999999 0.000000
vn -0.001328 0.999999 0.000001
vn -0.001329 0.999999 -0.000000
vn -0.001329 0.999999 -0.000000
vn -0.001327 0.999999 0.000000
vn -0.001328 0.999999 0.000000
vn -0.001329 0.999999 -0.000002
vn -0.001329 0.999999 -0.000001
vn -0.001329 0.999999 0.000000
vn -0.001329 0.999999 0.000000
vn -0.001328 0.999999 0.000001
vn -0.001329 0.999999 -0.000000
vn -0.001329 0.999999 0.000000
vn -0.001330 0.999999 -0.000001
vn -0.001328 0.999999 0.000001
vn -0.001329 0.999999 0.000000
vn -0.001329 0.999999 0.000001
vn -0.001331 0.999999 -0.000001
vn -0.001329 0.999999 0.000000
vn -0.001328 0.999999 0.000001
vn -0.001329 0.999999 0.000000
vn -0.001330 0.999999 -0.000001
vn -0.001329 0.999999 -0.000000
vn -0.001327 0.999999 0.000001
vn -0.001328 0.999999 0.000000
vn -0.001329 0.999999 -0.000000
vn -0.001329 0.999999 -0.000000
vn -0.001328 0.999999 0.000001
vn -0.001330 0.999999 -0.000001
vn -0.001329 0.999999 0.000000
vn -0.001330 0.999999 -0.000001
vn -0.001329 0.999999 -0.000000
vn -0.001330 0.999999 -0.000001
vn -0.001329 0.999999 -0.000000
vn -0.001328 0.999999 0.000001
vn -0.001330 0.999999 -0.000001
vn -0.001329 0.999999 0.000000
vn -0.001329 0.999999 -0.000000
vn -0.001328 0.999999 0.000001
vn -0.001328 0.999999 0.000001
vn -0.001328 0.999999 0.000000
vn -0.017660 -0.999844 -0.000000
vn -0.023602 -0.999721 0.000063
vn -0.055612 -0.998452 -0.000043
vn -0.073405 -0.997302 0.000086
vn -0.093479 -0.995621 -0.000047
vn -0.123026 -0.992403 0.000070
vn -0.131226 -0.991352 -0.000012
vn -0.168822 -0.985647 0.000013
vn -0.172339 -0.985038 0.000053
vn -0.206225 -0.978505 -0.000038
vn -0.221225 -0.975223 0.000085
vn -0.243396 -0.969927 -0.000050
vn -0.269561 -0.962983 0.000078
vn -0.280287 -0.959916 -0.000025
vn -0.316855 -0.948474 0.000033
vn -0.353086 -0.935591 -0.000028
vn -0.317227 -0.948350 0.000038
vn -0.388909 -0.921276 -0.000052
vn -0.364103 -0.931359 0.000079
vn -0.424278 -0.905532 -0.000041
vn -0.410076 -0.912051 0.000085
vn -0.459151 -0.888358 0.000005
vn -0.493525 -0.869732 -0.000004
vn -0.455027 -0.890477 0.000057
vn -0.527364 -0.849639 -0.000046
vn -0.498849 -0.866689 0.000062
vn -0.560624 -0.828071 -0.000056
vn -0.541430 -0.840746 0.000087
vn -0.593264 -0.805008 -0.000038
vn -0.582664 -0.812713 0.000082
vn -0.625243 -0.780430 0.000006
vn -0.656529 -0.754300 -0.000006
vn -0.622450 -0.782659 0.000049
vn -0.687065 -0.726596 -0.000045
vn -0.660689 -0.750660 0.000057
vn -0.716788 -0.697291 -0.000063
vn -0.697284 -0.716795 0.000084
vn -0.745641 -0.666348 -0.000062
vn -0.732148 -0.681146 0.000090
vn -0.773554 -0.633731 -0.000048
vn -0.765190 -0.643805 0.000080
vn -0.800448 -0.599402 -0.000023
vn -0.796329 -0.604863 0.000057
vn -0.826238 -0.563321 0.000008
vn -0.850830 -0.525441 -0.000008
vn -0.825490 -0.564417 0.000026
vn -0.874098 -0.485749 -0.000033
vn -0.852597 -0.522569 0.000036
vn -0.877586 -0.479419 0.000054
vn -0.895912 -0.444231 -0.000051
vn -0.900391 -0.435081 0.000065
vn -0.915151 -0.403112 -0.000054
vn -0.920959 -0.389659 0.000085
vn -0.931133 -0.364681 -0.000058
vn -0.939237 -0.343269 0.000091
vn -0.945002 -0.327066 -0.000052
vn -0.955180 -0.296025 0.000069
vn -0.957526 -0.288347 -0.000020
vn -0.968608 -0.248595 0.000024
vn -0.968748 -0.248045 0.000032
vn -0.978157 -0.207867 -0.000026
vn -0.979908 -0.199449 0.000070
vn -0.986081 -0.166266 -0.000056
vn -0.988632 -0.150355 0.000089
vn -0.992290 -0.123942 -0.000069
vn -0.994897 -0.100891 0.000093
vn -0.996709 -0.081068 -0.000066
vn -0.998690 -0.051172 0.000083
vn -0.999284 -0.037832 -0.000051
vn -0.999999 -0.001329 0.000060
vn -0.999984 0.005578 -0.000022
vn -0.998822 0.048518 0.000026
vn -0.998802 0.048940 0.000020
vn -0.995754 0.092054 -0.000017
vn -0.995162 0.098246 0.000058
vn -0.990880 0.134747 -0.000048
vn -0.989028 0.147727 0.000083
vn -0.984236 0.176858 -0.000064
vn -0.980435 0.196845 0.000093
vn -0.975898 0.218227 -0.000064
vn -0.969404 0.245470 0.000086
vn -0.965958 0.258699 -0.000045
vn -0.955964 0.293485 0.000057
vn -0.954517 0.298157 -0.000002
vn -0.941671 0.336536 0.000002
vn -0.927513 0.373790 -0.000042
vn -0.940146 0.340771 0.000056
vn -0.912139 0.409881 -0.000056
vn -0.921992 0.387210 0.000088
vn -0.895637 0.444785 -0.000035
vn -0.901544 0.432686 0.000087
vn -0.878087 0.478502 0.000028
vn -0.859582 0.510998 -0.000022
vn -0.878856 0.477086 0.000048
vn -0.840178 0.542311 -0.000049
vn -0.853983 0.520301 0.000083
vn -0.826987 0.562221 0.000087
vn -0.819937 0.572454 -0.000025
vn -0.798920 0.601437 0.000033
vn -0.797934 0.602744 0.000053
vn -0.777202 0.629251 -0.000034
vn -0.766898 0.641770 0.000090
vn -0.754799 0.655956 -0.000038
vn -0.733956 0.679198 0.000062
vn -0.731754 0.681569 0.000026
vn -0.708133 0.706079 -0.000019
vn -0.699187 0.714939 0.000087
vn -0.683944 0.729534 -0.000038
vn -0.662682 0.748901 0.000069
vn -0.659213 0.751956 0.000020
vn -0.634004 0.773330 -0.000016
vn -0.624528 0.781003 0.000086
vn -0.608324 0.793689 -0.000035
vn -0.584822 0.811162 0.000065
vn -0.582183 0.813058 0.000030
vn -0.555645 0.831420 -0.000021
vn -0.543663 0.839304 0.000088
vn -0.528703 0.848807 -0.000029
vn -0.501150 0.865360 0.000051
vn -0.501360 0.865239 0.000054
vn -0.473690 0.880692 -0.000029
vn -0.457393 0.889265 0.000087
vn -0.445653 0.895205 -0.000015
vn -0.417275 0.908780 0.000020
vn -0.412499 0.910958 0.000072
vn -0.388598 0.921407 -0.000034
vn -0.366576 0.930388 0.000078
vn -0.359610 0.933103 0.000009
vn -0.330360 0.943855 -0.000008
vn -0.300866 0.953666 -0.000030
vn -0.319747 0.947503 0.000084
vn -0.271135 0.962541 0.000046
vn -0.241220 0.970470 -0.000026
vn -0.272119 0.962264 0.000058
vn -0.211119 0.977460 -0.000013
vn -0.180859 0.983509 0.000017
vn -0.223816 0.974631 0.000086
vn -0.150470 0.988615 -0.000033
vn -0.174957 0.984576 0.000074
vn -0.119957 0.992779 0.000018
vn -0.089355 0.996000 -0.000014
vn -0.125662 0.992073 0.000074
vn -0.058674 0.998277 -0.000025
vn -0.027935 0.999610 0.000042
vn -0.076055 0.997104 0.000086
vn 0.002832 0.999996 -0.000030
vn -0.026259 0.999655 0.000060
vn 0.033605 0.999435 -0.000002
vn 0.064353 0.997927 0.000002
vn 0.023602 0.999721 0.000082
vn 0.073405 0.997302 0.000081
vn 0.095050 0.995472 -0.000032
vn 0.123026 0.992404 0.000064
vn 0.125667 0.992072 0.000036
vn 0.156198 0.987726 -0.000023
vn 0.172339 0.985038 0.000086
vn 0.186599 0.982436 -0.000018
vn 0.216856 0.976204 0.000025
vn 0.246952 0.969028 -0.000033
vn 0.221225 0.975223 0.000070
vn 0.276848 0.960914 0.000009
vn 0.306543 0.951857 -0.000008
vn 0.269561 0.962983 0.000078
vn 0.336006 0.941860 -0.000030
vn 0.317227 0.948350 0.000084
vn 0.365214 0.930924 0.000045
vn 0.394173 0.919036 -0.000027
vn 0.364103 0.931359 0.000058
vn 0.422832 0.906208 -0.000018
vn 0.451171 0.892437 0.000025
vn 0.410076 0.912051 0.000087
vn 0.479193 0.877709 -0.000035
vn 0.455027 0.890477 0.000069
vn 0.506842 0.862039 -0.000001
vn 0.534126 0.845405 0.000001
vn 0.498849 0.866689 0.000082
vn 0.561031 0.827795 -0.000037
vn 0.541430 0.840746 0.000081
vn 0.587520 0.809210 0.000014
vn 0.613599 0.789618 -0.000012
vn 0.582664 0.812714 0.000074
vn 0.639231 0.769015 -0.000038
vn 0.622450 0.782659 0.000085
vn 0.664376 0.747399 0.000018
vn 0.689039 0.724724 -0.000015
vn 0.660689 0.750660 0.000069
vn 0.713169 0.700992 -0.000041
vn 0.697284 0.716795 0.000086
vn 0.736718 0.676201 0.000005
vn 0.759677 0.650300 -0.000005
vn 0.732148 0.681146 0.000074
vn 0.781992 0.623288 -0.000045
vn 0.765190 0.643805 0.000079
vn 0.803610 0.595156 -0.000023
vn 0.824485 0.565885 0.000030
vn 0.796330 0.604863 0.000086
vn 0.844587 0.535418 -0.000036
vn 0.825489 0.564417 0.000052
vn 0.852597 0.522569 0.000090
vn 0.863834 0.503777 -0.000050
vn 0.882162 0.470947 -0.000018
vn 0.899502 0.436918 0.000023
vn 0.877586 0.479419 0.000079
vn 0.900391 0.435081 0.000048
vn 0.915789 0.401659 -0.000036
vn 0.920959 0.389659 0.000086
vn 0.930929 0.365201 -0.000058
vn 0.939237 0.343269 0.000091
vn 0.944824 0.327578 -0.000051
vn 0.955180 0.296025 0.000067
vn 0.957372 0.288859 -0.000017
vn 0.968478 0.249101 0.000020
vn 0.968748 0.248045 0.000035
vn 0.978051 0.208366 -0.000029
vn 0.979908 0.199449 0.000072
vn 0.985999 0.166754 -0.000058
vn 0.988632 0.150355 0.000090
vn 0.992230 0.124418 -0.000069
vn 0.994898 0.100891 0.000092
vn 0.996671 0.081529 -0.000066
vn 0.998690 0.051172 0.000082
vn 0.999267 0.038275 -0.000049
vn 0.999999 0.001329 0.000058
vn 0.999987 -0.005153 -0.000020
vn 0.998822 -0.048518 0.000023
vn 0.998821 -0.048540 0.000023
vn 0.995789 -0.091676 -0.000019
vn 0.990928 -0.134392 -0.000049
vn 0.995162 -0.098246 0.000060
vn 0.984295 -0.176529 -0.000065
vn 0.989028 -0.147727 0.000084
vn 0.975966 -0.217921 -0.000064
vn 0.980435 -0.196845 0.000093
vn 0.966033 -0.258421 -0.000044
vn 0.969404 -0.245470 0.000085
vn 0.954595 -0.297907 -0.000001
vn 0.941752 -0.336309 0.000001
vn 0.955964 -0.293485 0.000056
vn 0.927596 -0.373586 -0.000043
vn 0.940146 -0.340771 0.000057
vn 0.912220 -0.409701 -0.000056
vn 0.921992 -0.387210 0.000088
vn 0.895716 -0.444627 -0.000034
vn 0.901544 -0.432687 0.000087
vn 0.878162 -0.478364 0.000029
vn 0.859652 -0.510881 -0.000022
vn 0.878856 -0.477086 0.000047
vn 0.840241 -0.542213 -0.000049
vn 0.853983 -0.520301 0.000083
vn 0.826987 -0.562221 0.000086
vn 0.819993 -0.572373 -0.000024
vn 0.798969 -0.601372 0.000033
vn 0.797934 -0.602744 0.000053
vn 0.777241 -0.629203 -0.000034
vn 0.766898 -0.641769 0.000090
vn 0.754830 -0.655921 -0.000038
vn 0.733956 -0.679198 0.000062
vn 0.731775 -0.681547 0.000026
vn 0.708142 -0.706070 -0.000020
vn 0.699187 -0.714939 0.000087
vn 0.683942 -0.729537 -0.000038
vn 0.662682 -0.748901 0.000069
vn 0.659201 -0.751967 0.000020
vn 0.633978 -0.773351 -0.000015
vn 0.624528 -0.781003 0.000086
vn 0.608285 -0.793719 -0.000035
vn 0.584822 -0.811162 0.000065
vn 0.582131 -0.813095 0.000029
vn 0.555582 -0.831462 -0.000021
vn 0.543663 -0.839304 0.000088
vn 0.528623 -0.848857 -0.000029
vn 0.501150 -0.865360 0.000052
vn 0.501270 -0.865291 0.000053
vn 0.473583 -0.880749 -0.000029
vn 0.457393 -0.889265 0.000087
vn 0.445533 -0.895265 -0.000016
vn 0.417139 -0.908843 0.000021
vn 0.412499 -0.910958 0.000072
vn 0.388449 -0.921470 -0.000034
vn 0.366576 -0.930388 0.000078
vn 0.359443 -0.933167 0.000008
vn 0.330178 -0.943919 -0.000007
vn 0.319747 -0.947503 0.000084
vn 0.300670 -0.953728 -0.000030
vn 0.272119 -0.962263 0.000058
vn 0.270919 -0.962602 0.000045
vn 0.240995 -0.970526 -0.000026
vn 0.223816 -0.974631 0.000086
vn 0.210877 -0.977513 -0.000014
vn 0.180599 -0.983557 0.000018
vn 0.174957 -0.984576 0.000073
vn 0.150198 -0.988656 -0.000033
vn 0.125662 -0.992073 0.000074
vn 0.119666 -0.992814 0.000017
vn 0.089051 -0.996027 -0.000013
vn 0.076055 -0.997104 0.000086
vn 0.058356 -0.998296 -0.000026
vn 0.032576 -0.999469 0.000033
vn 0.011747 -0.999931 0.000000
vn 0.026259 -0.999655 0.000084
vn -0.700733 0.016272 -0.713238
vn -0.421261 0.030510 -0.906426
vn -0.398650 0.789353 -0.466904
vn -0.386498 0.047149 -0.921084
vn -0.377526 0.786756 -0.488354
vn -0.409648 0.070520 -0.909514
vn -0.438437 0.064385 -0.896453
vn -0.391098 0.087278 -0.916202
vn -0.404694 0.109462 -0.907877
vn -0.402004 0.110675 -0.908924
vn -0.388272 0.127697 -0.912655
vn -0.389389 0.154243 -0.908067
vn -0.393652 0.151247 -0.906732
vn -0.381845 0.168654 -0.908708
vn -0.378143 0.189712 -0.906100
vn -0.379679 0.198729 -0.903521
vn -0.372457 0.210341 -0.903898
vn -0.010904 0.421338 -0.906838
vn -0.351769 0.788931 -0.503831
vn -0.336837 0.773921 -0.536272
vn -0.392799 0.768021 -0.505819
vn -0.378072 0.787736 -0.486348
vn -0.385866 0.745101 -0.543996
vn -0.394054 0.715292 -0.577130
vn -0.307635 0.778496 -0.547087
vn -0.362479 0.759581 -0.540043
vn -0.337240 0.776434 -0.532372
vn -0.364899 0.755478 -0.544152
vn -0.401275 0.684280 -0.608884
vn -0.378555 0.661005 -0.647896
vn -0.274589 0.789348 -0.549117
vn -0.249882 0.784847 -0.567076
vn -0.308264 0.778673 -0.546482
vn -0.347499 0.728191 -0.590747
vn -0.367681 0.707289 -0.603782
vn -0.365608 0.713222 -0.598035
vn -0.404331 0.621514 -0.670997
vn -0.214412 0.801280 -0.558550
vn -0.250437 0.785439 -0.566010
vn -0.319864 0.733727 -0.599443
vn -0.296996 0.750208 -0.590746
vn -0.352152 0.677415 -0.645831
vn -0.369992 0.661350 -0.652474
vn -0.370227 0.656405 -0.657315
vn -0.385817 0.593569 -0.706273
vn -0.392526 0.557092 -0.731827
vn -0.364681 0.230253 -0.902215
vn -0.353832 0.248495 -0.901695
vn -0.367532 0.227382 -0.901786
vn -0.404515 0.239256 -0.882680
vn -0.245108 0.768727 -0.590747
vn -0.269045 0.753846 -0.599442
vn -0.326108 0.683366 -0.653196
vn -0.305103 0.699867 -0.645832
vn -0.351914 0.623936 -0.697753
vn -0.366783 0.609533 -0.702809
vn -0.368979 0.604949 -0.705614
vn -0.366705 0.550089 -0.750286
vn -0.389507 0.521879 -0.758898
vn -0.374140 0.488033 -0.788570
vn -0.399905 0.444165 -0.801744
vn -0.399939 0.364857 -0.840790
vn -0.353690 0.248958 -0.901622
vn -0.340291 0.264838 -0.902254
vn -0.390722 0.283400 -0.875797
vn -0.385265 0.271184 -0.882060
vn -0.195606 0.779821 -0.594657
vn -0.166279 0.780404 -0.602761
vn -0.216974 0.770449 -0.599443
vn -0.204562 0.777132 -0.595164
vn -0.278714 0.704026 -0.653196
vn -0.256629 0.719057 -0.645832
vn -0.308515 0.646498 -0.697753
vn -0.327652 0.630286 -0.703835
vn -0.346628 0.568303 -0.746245
vn -0.362799 0.551531 -0.751126
vn -0.370621 0.486795 -0.790994
vn -0.376665 0.461729 -0.803075
vn -0.376016 0.406792 -0.832546
vn -0.372678 0.410056 -0.832445
vn -0.380211 0.379202 -0.843591
vn -0.374856 0.304141 -0.875775
vn -0.336342 0.272892 -0.901335
vn -0.326725 0.281079 -0.902355
vn -0.371983 0.328060 -0.868335
vn -0.375830 0.323327 -0.868454
vn -0.163035 0.779361 -0.604992
vn -0.135042 0.786784 -0.602275
vn -0.206961 0.734894 -0.645831
vn -0.230020 0.721406 -0.653196
vn -0.263677 0.666044 -0.697753
vn -0.283875 0.651177 -0.703835
vn -0.324314 0.575005 -0.751126
vn -0.307038 0.590632 -0.746245
vn -0.350590 0.495274 -0.794852
vn -0.336187 0.511075 -0.791063
vn -0.350701 0.429902 -0.831981
vn -0.362367 0.414467 -0.834810
vn -0.350605 0.349675 -0.868794
vn -0.359743 0.335083 -0.870807
vn -0.313078 0.297283 -0.902000
vn -0.298114 0.312287 -0.902000
vn -0.316766 0.295052 -0.901445
vn -0.106004 0.784910 -0.610475
vn -0.108704 0.783176 -0.612224
vn -0.075277 0.790912 -0.607282
vn -0.156329 0.747303 -0.645832
vn -0.180251 0.735422 -0.653196
vn -0.217610 0.682485 -0.697754
vn -0.238775 0.669031 -0.703835
vn -0.284320 0.595795 -0.751126
vn -0.266015 0.610208 -0.746245
vn -0.315973 0.518045 -0.794853
vn -0.300525 0.532826 -0.791063
vn -0.333238 0.438230 -0.834810
vn -0.320546 0.452832 -0.831981
vn -0.325925 0.372786 -0.868794
vn -0.336037 0.358851 -0.870807
vn -0.281946 0.325977 -0.902355
vn -0.295892 0.315981 -0.901445
vn -0.045777 0.789646 -0.611852
vn -0.015903 0.791910 -0.610430
vn -0.004716 0.785704 -0.618585
vn -0.054658 0.783762 -0.618652
vn -0.129647 0.746007 -0.653197
vn -0.104964 0.756230 -0.645831
vn -0.192563 0.683765 -0.703836
vn -0.170527 0.695745 -0.697753
vn -0.223753 0.626940 -0.746245
vn -0.242998 0.613809 -0.751126
vn -0.263464 0.552092 -0.791063
vn -0.279885 0.538400 -0.794852
vn -0.288896 0.473652 -0.831981
vn -0.302555 0.459949 -0.834810
vn -0.310766 0.380946 -0.870807
vn -0.265742 0.339586 -0.902254
vn -0.273786 0.335615 -0.901335
vn -0.299726 0.394158 -0.868794
vn -0.029179 0.755518 -0.654477
vn -0.023759 0.724118 -0.689267
vn -0.033251 0.757963 -0.651449
vn -0.053115 0.761630 -0.645831
vn -0.078434 0.753116 -0.653196
vn -0.122652 0.705760 -0.697753
vn -0.145452 0.695313 -0.703835
vn -0.180448 0.640747 -0.746245
vn -0.200544 0.628961 -0.751126
vn -0.225173 0.568784 -0.791063
vn -0.242490 0.556245 -0.794853
vn -0.255901 0.492262 -0.831981
vn -0.270463 0.479524 -0.834809
vn -0.249434 0.353171 -0.901695
vn -0.231222 0.364067 -0.902215
vn -0.272128 0.413694 -0.868795
vn -0.249897 0.353028 -0.901622
vn -0.284043 0.401266 -0.870807
vn -0.097664 0.703618 -0.703835
vn -0.074202 0.712485 -0.697753
vn -0.157154 0.641181 -0.751126
vn -0.136301 0.651568 -0.746245
vn -0.185833 0.582825 -0.791063
vn -0.203965 0.571496 -0.794853
vn -0.221710 0.508578 -0.831981
vn -0.237107 0.496863 -0.834810
vn -0.243263 0.431299 -0.868795
vn -0.212922 0.374698 -0.902367
vn -0.225523 0.369748 -0.901347
vn -0.255999 0.419714 -0.870807
vn -0.049419 0.708643 -0.703835
vn -0.001345 0.691224 -0.722639
vn -0.037118 0.712415 -0.700776
vn -0.113033 0.650410 -0.751126
vn -0.091519 0.659350 -0.746245
vn -0.145626 0.594148 -0.791063
vn -0.164490 0.584083 -0.794852
vn -0.202648 0.511885 -0.834810
vn -0.186487 0.522523 -0.831981
vn -0.213262 0.446895 -0.868794
vn -0.194567 0.385262 -0.902063
vn -0.175539 0.394593 -0.901933
vn -0.199700 0.384153 -0.901413
vn -0.226760 0.436206 -0.870807
vn -0.025066 0.656369 -0.754023
vn -0.020463 0.620374 -0.784039
vn -0.033732 0.661734 -0.748980
vn -0.046310 0.664058 -0.746245
vn -0.068383 0.656607 -0.751126
vn -0.124247 0.593946 -0.794852
vn -0.104741 0.602701 -0.791063
vn -0.167243 0.524521 -0.834810
vn -0.150394 0.534031 -0.831981
vn -0.196463 0.450664 -0.870807
vn -0.172962 0.396754 -0.901482
vn -0.155659 0.401939 -0.902339
vn -0.182268 0.460407 -0.868794
vn -0.083425 0.601041 -0.794852
vn -0.063367 0.608443 -0.791063
vn -0.113600 0.543049 -0.831981
vn -0.131059 0.534712 -0.834810
vn -0.150424 0.471772 -0.868794
vn -0.165250 0.463020 -0.870807
vn -0.135783 0.409194 -0.902288
vn -0.145591 0.407937 -0.901327
vn -0.036734 0.606968 -0.793877
vn 0.002984 0.583083 -0.812407
vn -0.042214 0.605332 -0.794853
vn -0.094263 0.542409 -0.834810
vn -0.076276 0.549535 -0.831981
vn -0.133268 0.473218 -0.870807
vn -0.115825 0.416387 -0.901780
vn -0.095076 0.420774 -0.902170
vn -0.117276 0.416433 -0.901571
vn -0.117879 0.480937 -0.868794
vn -0.020362 0.544231 -0.838689
vn -0.016924 0.504355 -0.863330
vn -0.057028 0.547577 -0.834810
vn -0.035068 0.552871 -0.832529
vn -0.038596 0.553459 -0.831981
vn -0.074240 0.424514 -0.902372
vn -0.088673 0.423887 -0.901364
vn -0.084783 0.487861 -0.868795
vn -0.100664 0.481209 -0.870807
vn -0.059533 0.428904 -0.901386
vn -0.053388 0.428172 -0.902119
vn -0.032354 0.430817 -0.901859
vn -0.051293 0.492509 -0.868794
vn -0.067590 0.486957 -0.870807
vn 0.008847 0.463411 -0.886099
vn -0.040321 0.432020 -0.900962
vn -0.037721 0.489478 -0.871199
vn -0.030104 0.431680 -0.901524
vn -0.034201 0.490434 -0.870807
vn 0.023215 0.999731 -0.000000
vn 0.072237 0.997387 0.000011
vn 0.023604 0.999721 -0.000011
vn 0.121094 0.992641 0.000022
vn 0.073404 0.997302 -0.000022
vn 0.169652 0.985504 0.000032
vn 0.123024 0.992404 -0.000032
vn 0.217803 0.975993 0.000042
vn 0.172341 0.985037 -0.000043
vn 0.265432 0.964130 0.000051
vn 0.221225 0.975223 -0.000052
vn 0.312421 0.949944 0.000061
vn 0.269561 0.962983 -0.000062
vn 0.358653 0.933471 0.000070
vn 0.317227 0.948350 -0.000071
vn 0.404027 0.914747 0.000078
vn 0.364104 0.931358 -0.000080
vn 0.448424 0.893821 0.000086
vn 0.410076 0.912051 -0.000088
vn 0.491742 0.870741 0.000094
vn 0.455026 0.890478 -0.000096
vn 0.498850 0.866688 -0.000104
vn 0.533874 0.845564 0.000102
vn 0.541430 0.840746 -0.000111
vn 0.574722 0.818348 0.000109
vn 0.582665 0.812713 -0.000118
vn 0.614183 0.789163 0.000115
vn 0.622450 0.782659 -0.000124
vn 0.652166 0.758076 0.000122
vn 0.660689 0.750660 -0.000131
vn 0.688578 0.725163 0.000128
vn 0.697285 0.716794 -0.000136
vn 0.723330 0.690502 0.000134
vn 0.732147 0.681146 -0.000142
vn 0.756340 0.654179 0.000139
vn 0.765189 0.643805 -0.000147
vn 0.787528 0.616278 0.000144
vn 0.796329 0.604863 -0.000152
vn 0.816819 0.576895 0.000149
vn 0.825490 0.564417 -0.000156
vn 0.844142 0.536120 0.000153
vn 0.852596 0.522570 -0.000160
vn 0.869431 0.494054 0.000157
vn 0.877586 0.479420 -0.000164
vn 0.892626 0.450798 0.000160
vn 0.913671 0.406456 0.000163
vn 0.900391 0.435082 -0.000167
vn 0.932514 0.361135 0.000166
vn 0.920959 0.389659 -0.000170
vn 0.949110 0.314943 0.000169
vn 0.939238 0.343268 -0.000173
vn 0.963421 0.267993 0.000171
vn 0.955180 0.296025 -0.000176
vn 0.975410 0.220399 0.000173
vn 0.968749 0.248044 -0.000177
vn 0.985050 0.172269 0.000174
vn 0.979908 0.199449 -0.000179
vn 0.992316 0.123731 0.000175
vn 0.988632 0.150355 -0.000180
vn 0.997192 0.074889 0.000176
vn 0.994898 0.100890 -0.000181
vn 0.999665 0.025871 0.000176
vn 0.998690 0.051173 -0.000182
vn 0.999721 -0.023604 0.000182
vn 0.999999 0.001329 -0.000182
vn 0.997302 -0.073404 0.000182
vn 0.998822 -0.048518 -0.000182
vn 0.992404 -0.123024 0.000182
vn 0.995162 -0.098247 -0.000182
vn 0.985037 -0.172341 0.000182
vn 0.989028 -0.147727 -0.000182
vn 0.980435 -0.196843 -0.000182
vn 0.975223 -0.221225 0.000182
vn 0.969404 -0.245470 -0.000182
vn 0.962983 -0.269561 0.000182
vn 0.955964 -0.293485 -0.000182
vn 0.948350 -0.317227 0.000182
vn 0.940146 -0.340771 -0.000182
vn 0.931358 -0.364104 0.000182
vn 0.921991 -0.387210 -0.000182
vn 0.912051 -0.410076 0.000182
vn 0.901545 -0.432686 -0.000182
vn 0.890478 -0.455026 0.000182
vn 0.878856 -0.477086 -0.000182
vn 0.866688 -0.498850 0.000182
vn 0.853983 -0.520302 -0.000182
vn 0.840746 -0.541430 0.000182
vn 0.826986 -0.562222 -0.000182
vn 0.812713 -0.582665 0.000182
vn 0.797935 -0.602743 -0.000182
vn 0.782659 -0.622450 0.000182
vn 0.766897 -0.641770 -0.000182
vn 0.750660 -0.660689 0.000182
vn 0.733955 -0.679198 -0.000182
vn 0.716794 -0.697285 0.000182
vn 0.699188 -0.714938 -0.000182
vn 0.681146 -0.732147 0.000182
vn 0.662682 -0.748901 -0.000182
vn 0.643805 -0.765190 0.000182
vn 0.624528 -0.781002 -0.000182
vn 0.604863 -0.796329 0.000182
vn 0.584822 -0.811162 -0.000182
vn 0.564417 -0.825490 0.000182
vn 0.543662 -0.839304 -0.000182
vn 0.522570 -0.852596 0.000182
vn 0.501152 -0.865359 -0.000182
vn 0.479420 -0.877586 0.000182
vn 0.457392 -0.889265 -0.000182
vn 0.435082 -0.900391 0.000182
vn 0.412498 -0.910959 -0.000182
vn 0.389659 -0.920959 0.000182
vn 0.366579 -0.930387 -0.000182
vn 0.343268 -0.939238 0.000182
vn 0.296025 -0.955180 0.000182
vn 0.319746 -0.947503 -0.000182
vn 0.248044 -0.968749 0.000182
vn 0.272120 -0.962263 -0.000182
vn 0.199449 -0.979908 0.000182
vn 0.223815 -0.974632 -0.000182
vn 0.150355 -0.988632 0.000182
vn 0.174958 -0.984576 -0.000182
vn 0.100890 -0.994898 0.000182
vn 0.125661 -0.992073 -0.000182
vn 0.076055 -0.997104 -0.000182
vn 0.051173 -0.998690 0.000182
vn 0.026261 -0.999655 -0.000182
vn 0.001329 -0.999999 0.000182
vn -0.023604 -0.999721 -0.000182
vn -0.048518 -0.998822 0.000182
vn -0.073404 -0.997302 -0.000182
vn -0.098247 -0.995162 0.000182
vn -0.123024 -0.992404 -0.000182
vn -0.147727 -0.989028 0.000182
vn -0.172341 -0.985037 -0.000182
vn -0.196843 -0.980435 0.000182
vn -0.221225 -0.975223 -0.000182
vn -0.245470 -0.969404 0.000182
vn -0.269561 -0.962983 -0.000182
vn -0.293485 -0.955964 0.000182
vn -0.317227 -0.948350 -0.000182
vn -0.340771 -0.940146 0.000182
vn -0.364104 -0.931358 -0.000182
vn -0.387210 -0.921991 0.000182
vn -0.410076 -0.912051 -0.000182
vn -0.432686 -0.901545 0.000182
vn -0.477086 -0.878856 0.000182
vn -0.455026 -0.890478 -0.000182
vn -0.520302 -0.853983 0.000182
vn -0.498850 -0.866688 -0.000182
vn -0.562222 -0.826986 0.000182
vn -0.541430 -0.840746 -0.000182
vn -0.602743 -0.797935 0.000182
vn -0.582665 -0.812713 -0.000182
vn -0.641770 -0.766897 0.000182
vn -0.622450 -0.782659 -0.000182
vn -0.679198 -0.733955 0.000182
vn -0.660689 -0.750660 -0.000182
vn -0.714938 -0.699188 0.000182
vn -0.697285 -0.716794 -0.000182
vn -0.748901 -0.662682 0.000182
vn -0.732147 -0.681146 -0.000182
vn -0.781002 -0.624528 0.000182
vn -0.765189 -0.643805 -0.000182
vn -0.811162 -0.584821 0.000182
vn -0.796329 -0.604863 -0.000182
vn -0.839304 -0.543662 0.000182
vn -0.825490 -0.564417 -0.000182
vn -0.865359 -0.501152 0.000182
vn -0.852596 -0.522570 -0.000182
vn -0.889265 -0.457392 0.000182
vn -0.877586 -0.479420 -0.000182
vn -0.910959 -0.412498 0.000182
vn -0.900391 -0.435082 -0.000182
vn -0.920959 -0.389659 -0.000182
vn -0.930387 -0.366579 0.000182
vn -0.939238 -0.343268 -0.000182
vn -0.947503 -0.319746 0.000182
vn -0.955180 -0.296025 -0.000182
vn -0.962263 -0.272120 0.000182
vn -0.974632 -0.223815 0.000182
vn -0.968749 -0.248044 -0.000182
vn -0.979908 -0.199449 -0.000182
vn -0.984576 -0.174958 0.000182
vn -0.992073 -0.125661 0.000182
vn -0.988632 -0.150355 -0.000182
vn -0.997104 -0.076055 0.000182
vn -0.994898 -0.100890 -0.000182
vn -0.999655 -0.026261 0.000182
vn -0.998690 -0.051173 -0.000182
vn -0.999731 0.023215 0.000176
vn -0.999999 -0.001329 -0.000182
vn -0.997387 0.072237 0.000176
vn -0.998822 0.048518 -0.000182
vn -0.992641 0.121094 0.000175
vn -0.995162 0.098247 -0.000181
vn -0.985504 0.169652 0.000174
vn -0.989028 0.147727 -0.000180
vn -0.975993 0.217803 0.000173
vn -0.980435 0.196843 -0.000179
vn -0.964130 0.265432 0.000171
vn -0.969404 0.245470 -0.000177
vn -0.949944 0.312421 0.000169
vn -0.955964 0.293485 -0.000176
vn -0.933471 0.358653 0.000166
vn -0.940146 0.340771 -0.000173
vn -0.914747 0.404027 0.000163
vn -0.921991 0.387210 -0.000171
vn -0.893821 0.448424 0.000160
vn -0.901545 0.432686 -0.000168
vn -0.870741 0.491742 0.000157
vn -0.878856 0.477086 -0.000164
vn -0.845564 0.533874 0.000153
vn -0.853983 0.520302 -0.000160
vn -0.818349 0.574722 0.000148
vn -0.826986 0.562222 -0.000156
vn -0.789163 0.614183 0.000144
vn -0.797935 0.602743 -0.000152
vn -0.758076 0.652166 0.000139
vn -0.766897 0.641770 -0.000147
vn -0.725163 0.688578 0.000134
vn -0.733955 0.679198 -0.000142
vn -0.690502 0.723330 0.000128
vn -0.699188 0.714938 -0.000136
vn -0.662682 0.748901 -0.000131
vn -0.654179 0.756340 0.000122
vn -0.624528 0.781002 -0.000124
vn -0.616278 0.787528 0.000115
vn -0.584822 0.811162 -0.000118
vn -0.576895 0.816819 0.000109
vn -0.543662 0.839304 -0.000111
vn -0.536120 0.844142 0.000102
vn -0.501152 0.865359 -0.000104
vn -0.494054 0.869431 0.000094
vn -0.457392 0.889265 -0.000096
vn -0.450798 0.892626 0.000086
vn -0.412498 0.910959 -0.000088
vn -0.406456 0.913671 0.000078
vn -0.366579 0.930387 -0.000080
vn -0.361134 0.932514 0.000070
vn -0.319746 0.947503 -0.000071
vn -0.314943 0.949110 0.000061
vn -0.272120 0.962263 -0.000062
vn -0.267993 0.963421 0.000052
vn -0.223815 0.974632 -0.000052
vn -0.220399 0.975410 0.000042
vn -0.174958 0.984576 -0.000043
vn -0.172269 0.985050 0.000032
vn -0.125661 0.992073 -0.000032
vn -0.123731 0.992316 0.000022
vn -0.074889 0.997192 0.000011
vn -0.076055 0.997104 -0.000022
vn -0.025871 0.999665 0.000000
vn -0.026261 0.999655 -0.000011
vn 0.375434 0.787756 -0.488353
vn 0.396550 0.790410 -0.466904
vn 0.009785 0.421366 -0.906838
vn 0.371897 0.211330 -0.903898
vn 0.379149 0.199737 -0.903521
vn 0.377638 0.190716 -0.906100
vn 0.381395 0.169667 -0.908708
vn 0.393248 0.152293 -0.906732
vn 0.388978 0.155277 -0.908067
vn 0.387932 0.128727 -0.912654
vn 0.401709 0.111743 -0.908924
vn 0.404401 0.110537 -0.907878
vn 0.390864 0.088318 -0.916201
vn 0.409461 0.071608 -0.909513
vn 0.438263 0.065550 -0.896453
vn 0.386367 0.048176 -0.921086
vn 0.421172 0.031630 -0.906429
vn 0.700694 0.018134 -0.713232
vn 0.002629 0.785714 -0.618585
vn 0.013799 0.791950 -0.610430
vn 0.043679 0.789765 -0.611852
vn 0.073173 0.791110 -0.607281
vn 0.103918 0.785190 -0.610474
vn 0.052573 0.783905 -0.618651
vn 0.212282 0.801845 -0.558552
vn 0.132952 0.787139 -0.602276
vn 0.106624 0.783462 -0.612225
vn 0.051089 0.761769 -0.645831
vn 0.027171 0.755593 -0.654477
vn 0.021834 0.724179 -0.689267
vn 0.031237 0.758049 -0.651449
vn 0.375977 0.788737 -0.486348
vn 0.334779 0.774814 -0.536271
vn 0.349671 0.789863 -0.503832
vn 0.390756 0.769062 -0.505819
vn 0.248347 0.786101 -0.566012
vn 0.247795 0.785508 -0.567076
vn 0.272490 0.790075 -0.549117
vn 0.202496 0.777673 -0.595164
vn 0.164203 0.780843 -0.602762
vn 0.193533 0.780338 -0.594657
vn 0.160962 0.779792 -0.604993
vn 0.102956 0.756506 -0.645831
vn 0.076432 0.753321 -0.653196
vn -0.000491 0.691225 -0.722639
vn 0.035225 0.712510 -0.700777
vn 0.305565 0.779311 -0.547088
vn 0.335175 0.777327 -0.532373
vn 0.362890 0.756445 -0.544152
vn 0.306195 0.779489 -0.546481
vn 0.214925 0.771023 -0.599442
vn 0.243064 0.769376 -0.590746
vn 0.154341 0.747717 -0.645832
vn 0.127663 0.746349 -0.653196
vn 0.047535 0.708771 -0.703835
vn 0.072309 0.712679 -0.697753
vn 0.383882 0.746125 -0.543997
vn 0.392149 0.716337 -0.577131
vn 0.360459 0.760541 -0.540044
vn 0.295002 0.750995 -0.590746
vn 0.267041 0.754558 -0.599442
vn 0.178297 0.735898 -0.653196
vn 0.205007 0.735441 -0.645831
vn 0.120776 0.706084 -0.697753
vn 0.095792 0.703875 -0.703835
vn 0.044544 0.664179 -0.746245
vn 0.023322 0.656434 -0.754023
vn 0.018814 0.620426 -0.784039
vn 0.031974 0.661821 -0.748979
vn 0.345563 0.729112 -0.590747
vn 0.317913 0.734575 -0.599442
vn 0.363710 0.714192 -0.598034
vn 0.228101 0.722014 -0.653196
vn 0.254717 0.719737 -0.645831
vn 0.143604 0.695697 -0.703835
vn 0.168678 0.696196 -0.697753
vn 0.089766 0.659591 -0.746245
vn 0.066638 0.656787 -0.751126
vn -0.004534 0.583073 -0.812407
vn 0.035120 0.607064 -0.793877
vn 0.365800 0.708264 -0.603782
vn 0.399457 0.685343 -0.608883
vn 0.376798 0.662008 -0.647895
vn 0.276842 0.704765 -0.653196
vn 0.303241 0.700676 -0.645831
vn 0.215795 0.683061 -0.697754
vn 0.190744 0.684275 -0.703835
vn 0.111303 0.650708 -0.751126
vn 0.134569 0.651928 -0.746245
vn 0.040605 0.605443 -0.794853
vn 0.061750 0.608610 -0.791063
vn 0.324291 0.684230 -0.653195
vn 0.368233 0.662331 -0.652474
vn 0.350350 0.678349 -0.645831
vn 0.236997 0.669662 -0.703836
vn 0.261906 0.666742 -0.697754
vn 0.155450 0.641596 -0.751126
vn 0.178744 0.641225 -0.746245
vn 0.081827 0.601260 -0.794852
vn 0.103139 0.602977 -0.791063
vn 0.018915 0.544283 -0.838689
vn 0.015584 0.504399 -0.863330
vn 0.033598 0.552962 -0.832529
vn 0.037126 0.553560 -0.831981
vn 0.402678 0.622586 -0.670997
vn 0.368482 0.657386 -0.657316
vn 0.306795 0.647315 -0.697753
vn 0.282143 0.651929 -0.703835
vn 0.222087 0.627532 -0.746245
vn 0.198871 0.629492 -0.751126
vn 0.122668 0.594274 -0.794852
vn 0.144047 0.594533 -0.791063
vn 0.074815 0.549736 -0.831981
vn 0.055572 0.547727 -0.834810
vn 0.039173 0.432126 -0.900962
vn -0.010079 0.463386 -0.886099
vn 0.036420 0.489577 -0.871199
vn 0.365161 0.610506 -0.702809
vn 0.350255 0.624869 -0.697753
vn 0.325975 0.631154 -0.703836
vn 0.241366 0.614453 -0.751126
vn 0.264392 0.610914 -0.746245
vn 0.184284 0.583317 -0.791063
vn 0.162937 0.584518 -0.794853
vn 0.092822 0.542657 -0.834810
vn 0.112156 0.543349 -0.831981
vn 0.031209 0.430902 -0.901859
vn 0.052251 0.428312 -0.902119
vn 0.028957 0.431759 -0.901524
vn 0.049984 0.492644 -0.868794
vn 0.032898 0.490523 -0.870807
vn 0.384238 0.594592 -0.706273
vn 0.391044 0.558133 -0.731828
vn 0.367371 0.605927 -0.705614
vn 0.305467 0.591446 -0.746245
vn 0.282735 0.596549 -0.751126
vn 0.223661 0.569381 -0.791063
vn 0.202446 0.572036 -0.794853
vn 0.148974 0.534428 -0.831981
vn 0.129637 0.535058 -0.834810
vn 0.058392 0.429061 -0.901386
vn 0.073113 0.424710 -0.902372
vn 0.083487 0.488084 -0.868794
vn 0.066296 0.487135 -0.870807
vn 0.322785 0.575864 -0.751126
vn 0.345116 0.569222 -0.746245
vn 0.261996 0.552790 -0.791063
vn 0.241011 0.556887 -0.794852
vn 0.165849 0.524964 -0.834810
vn 0.185098 0.523016 -0.831981
vn 0.093956 0.421025 -0.902170
vn 0.114718 0.416693 -0.901780
vn 0.087546 0.424121 -0.901364
vn 0.116600 0.481249 -0.868794
vn 0.099385 0.481475 -0.870807
vn 0.361332 0.552494 -0.751126
vn 0.388119 0.522912 -0.758898
vn 0.372842 0.489026 -0.788570
vn 0.365242 0.551062 -0.750286
vn 0.299108 0.533623 -0.791063
vn 0.278453 0.539142 -0.794852
vn 0.201287 0.512422 -0.834810
vn 0.220358 0.509165 -0.831981
vn 0.116169 0.416743 -0.901571
vn 0.132009 0.473570 -0.870807
vn 0.134695 0.409553 -0.902288
vn 0.149170 0.472170 -0.868794
vn 0.334827 0.511967 -0.791063
vn 0.314596 0.518883 -0.794852
vn 0.254591 0.492941 -0.831981
vn 0.235786 0.497492 -0.834810
vn 0.164020 0.463458 -0.870807
vn 0.144507 0.408322 -0.901327
vn 0.181044 0.460890 -0.868794
vn 0.154590 0.402352 -0.902339
vn 0.369326 0.487778 -0.790994
vn 0.349272 0.496204 -0.794852
vn 0.287637 0.474418 -0.831981
vn 0.269187 0.480241 -0.834809
vn 0.212074 0.447461 -0.868794
vn 0.195265 0.451184 -0.870807
vn 0.171907 0.397213 -0.901482
vn 0.174490 0.395058 -0.901933
vn 0.193542 0.385778 -0.902063
vn 0.375437 0.462728 -0.803075
vn 0.398722 0.445226 -0.801745
vn 0.319342 0.453683 -0.831981
vn 0.301332 0.460752 -0.834810
vn 0.225599 0.436807 -0.870807
vn 0.242116 0.431944 -0.868795
vn 0.198679 0.384683 -0.901413
vn 0.211925 0.375263 -0.902367
vn 0.349558 0.430832 -0.831981
vn 0.332072 0.439114 -0.834810
vn 0.254882 0.420393 -0.870807
vn 0.271028 0.414415 -0.868795
vn 0.224539 0.370346 -0.901347
vn 0.230253 0.364681 -0.902215
vn 0.248495 0.353832 -0.901695
vn 0.371587 0.411045 -0.832445
vn 0.374933 0.407790 -0.832546
vn 0.361264 0.415429 -0.834810
vn 0.282977 0.402019 -0.870807
vn 0.248958 0.353690 -0.901622
vn 0.264838 0.340291 -0.902254
vn 0.298677 0.394953 -0.868795
vn 0.398968 0.365919 -0.840790
vn 0.379201 0.380211 -0.843591
vn 0.281079 0.326725 -0.902355
vn 0.272892 0.336342 -0.901335
vn 0.309752 0.381771 -0.870807
vn 0.324933 0.373650 -0.868795
vn 0.295052 0.316766 -0.901445
vn 0.297283 0.313078 -0.902000
vn 0.312287 0.298114 -0.902000
vn 0.349675 0.350605 -0.868794
vn 0.335083 0.359743 -0.870807
vn 0.371110 0.329047 -0.868335
vn 0.325977 0.281946 -0.902355
vn 0.315981 0.295892 -0.901445
vn 0.358851 0.336037 -0.870807
vn 0.374968 0.324324 -0.868454
vn 0.374046 0.305137 -0.875774
vn 0.335615 0.273786 -0.901335
vn 0.389967 0.284438 -0.875797
vn 0.339586 0.265742 -0.902254
vn 0.366927 0.228358 -0.901786
vn 0.403877 0.240330 -0.882680
vn 0.353171 0.249434 -0.901695
vn 0.364067 0.231222 -0.902215
vn 0.384543 0.272206 -0.882060
vn 0.353028 0.249897 -0.901622
vn 0.695101 -0.016412 -0.718725
vn 0.418112 -0.030774 -0.907874
vn 0.398649 -0.789353 -0.466905
vn 0.387300 -0.048012 -0.920703
vn 0.377526 -0.786756 -0.488354
vn 0.407535 -0.071302 -0.910402
vn 0.438344 -0.064388 -0.896498
vn 0.390923 -0.088679 -0.916142
vn 0.405492 -0.109418 -0.907526
vn 0.400123 -0.112004 -0.909592
vn 0.387644 -0.129668 -0.912644
vn 0.390422 -0.154168 -0.907636
vn 0.391763 -0.153155 -0.907229
vn 0.377542 -0.198920 -0.904374
vn 0.380850 -0.171237 -0.908643
vn 0.381525 -0.194956 -0.903566
vn 0.371083 -0.213588 -0.903702
vn -0.396550 -0.790410 -0.466905
vn -0.375434 -0.787756 -0.488353
vn -0.370513 -0.214574 -0.903702
vn -0.377012 -0.199923 -0.904374
vn -0.381005 -0.195969 -0.903566
vn -0.380393 -0.172249 -0.908643
vn -0.390011 -0.155205 -0.907636
vn -0.391355 -0.154196 -0.907229
vn -0.387298 -0.130698 -0.912644
vn -0.399824 -0.113067 -0.909592
vn -0.405201 -0.110495 -0.907526
vn -0.390686 -0.089717 -0.916141
vn -0.407344 -0.072385 -0.910401
vn -0.438169 -0.065553 -0.896499
vn -0.387168 -0.049041 -0.920704
vn -0.418025 -0.031885 -0.907876
vn -0.695052 -0.018259 -0.718728
vn 0.329053 -0.785711 -0.523815
vn 0.346661 -0.795822 -0.496480
vn 0.375698 -0.783467 -0.495005
vn 0.380021 -0.772498 -0.508754
vn 0.365439 -0.761757 -0.534958
vn 0.381062 -0.719551 -0.580550
vn 0.381965 -0.746414 -0.544949
vn 0.305090 -0.782672 -0.542536
vn 0.342558 -0.766657 -0.543038
vn 0.328724 -0.776794 -0.537152
vn 0.367191 -0.715181 -0.594716
vn 0.371797 -0.662964 -0.649805
vn 0.390482 -0.687763 -0.611969
vn 0.224403 -0.779533 -0.584784
vn 0.245376 -0.793591 -0.556781
vn 0.275971 -0.786923 -0.551899
vn 0.285364 -0.780798 -0.555807
vn 0.351773 -0.718817 -0.599631
vn 0.329217 -0.736800 -0.590544
vn 0.373859 -0.663275 -0.648303
vn 0.390791 -0.625512 -0.675290
vn 0.277020 -0.757969 -0.590544
vn 0.300775 -0.741605 -0.599631
vn 0.335663 -0.685898 -0.645658
vn 0.356303 -0.667964 -0.653354
vn 0.381781 -0.559836 -0.735410
vn 0.384380 -0.593956 -0.706731
vn 0.367079 -0.611263 -0.701149
vn 0.401073 -0.482042 -0.778958
vn 0.391360 -0.521432 -0.758252
vn 0.362739 -0.233599 -0.902138
vn 0.351168 -0.251765 -0.901829
vn 0.367303 -0.229296 -0.901395
vn 0.397096 -0.240116 -0.885810
vn 0.385748 -0.284053 -0.877788
vn 0.196783 -0.776753 -0.598273
vn 0.248309 -0.760779 -0.599631
vn 0.223075 -0.775674 -0.590396
vn 0.308838 -0.691193 -0.653354
vn 0.287000 -0.707641 -0.645659
vn 0.337207 -0.632164 -0.697610
vn 0.355934 -0.614609 -0.703965
vn 0.382540 -0.525053 -0.760252
vn 0.367566 -0.553413 -0.747415
vn 0.394841 -0.445233 -0.803659
vn 0.396785 -0.365407 -0.842045
vn 0.389475 -0.282180 -0.876746
vn 0.337375 -0.268315 -0.902322
vn 0.350452 -0.253907 -0.901507
vn 0.194630 -0.776224 -0.599663
vn 0.136621 -0.781000 -0.609404
vn 0.165217 -0.783623 -0.598865
vn 0.236938 -0.725938 -0.645658
vn 0.259873 -0.711051 -0.653354
vn 0.292286 -0.654148 -0.697610
vn 0.312194 -0.637940 -0.703966
vn 0.350512 -0.559281 -0.751230
vn 0.333666 -0.576158 -0.746129
vn 0.370924 -0.473463 -0.798904
vn 0.369923 -0.482807 -0.793760
vn 0.360295 -0.494519 -0.790973
vn 0.371438 -0.412104 -0.831988
vn 0.375594 -0.387906 -0.841700
vn 0.373206 -0.409962 -0.832255
vn 0.323581 -0.284798 -0.902322
vn 0.371927 -0.328068 -0.868356
vn 0.371388 -0.328855 -0.868289
vn 0.332230 -0.278022 -0.901292
vn 0.372391 -0.311630 -0.874192
vn 0.105122 -0.789018 -0.605310
vn 0.138991 -0.782171 -0.607362
vn 0.209638 -0.727448 -0.653354
vn 0.185723 -0.740697 -0.645659
vn 0.245945 -0.672942 -0.697610
vn 0.266933 -0.658164 -0.703965
vn 0.292663 -0.598029 -0.746130
vn 0.310644 -0.582369 -0.751230
vn 0.324921 -0.518448 -0.790973
vn 0.339929 -0.502524 -0.794933
vn 0.342214 -0.436817 -0.831914
vn 0.354381 -0.421198 -0.834869
vn 0.354045 -0.340990 -0.870849
vn 0.309722 -0.301292 -0.901829
vn 0.293880 -0.315884 -0.902138
vn 0.344508 -0.355801 -0.868746
vn 0.311704 -0.300210 -0.901507
vn 0.045597 -0.791588 -0.609352
vn 0.075727 -0.787996 -0.611006
vn 0.083358 -0.783099 -0.616285
vn 0.158385 -0.740299 -0.653354
vn 0.133603 -0.751848 -0.645658
vn 0.198402 -0.688460 -0.697610
vn 0.220372 -0.675180 -0.703966
vn 0.250233 -0.616988 -0.746130
vn 0.269264 -0.602620 -0.751230
vn 0.304047 -0.525012 -0.794933
vn 0.287964 -0.539850 -0.790973
vn 0.324137 -0.444891 -0.834869
vn 0.310910 -0.459624 -0.831914
vn 0.277438 -0.329747 -0.902383
vn 0.318849 -0.378966 -0.868746
vn 0.290228 -0.321471 -0.901346
vn 0.329396 -0.364856 -0.870849
vn 0.015927 -0.791157 -0.611405
vn 0.028396 -0.783294 -0.621002
vn -0.013825 -0.791197 -0.611405
vn 0.106357 -0.749544 -0.653355
vn 0.080828 -0.759336 -0.645659
vn 0.172737 -0.688909 -0.703965
vn 0.149896 -0.700622 -0.697610
vn 0.226571 -0.619935 -0.751230
vn 0.206585 -0.632940 -0.746129
vn 0.266683 -0.544942 -0.794933
vn 0.249605 -0.558623 -0.790973
vn 0.292313 -0.466419 -0.834869
vn 0.278091 -0.480193 -0.831914
vn 0.260968 -0.343575 -0.902137
vn 0.243881 -0.356689 -0.901829
vn 0.267097 -0.340933 -0.901346
vn 0.303144 -0.386945 -0.870849
vn 0.291638 -0.400285 -0.868746
vn -0.026313 -0.783368 -0.621001
vn -0.073631 -0.788196 -0.611004
vn -0.043493 -0.791708 -0.609350
vn 0.027665 -0.763125 -0.645658
vn 0.053813 -0.755138 -0.653354
vn 0.100656 -0.709372 -0.697610
vn 0.124260 -0.699280 -0.703966
vn 0.161930 -0.645809 -0.746129
vn 0.182775 -0.634230 -0.751230
vn 0.228020 -0.562218 -0.794933
vn 0.210029 -0.574673 -0.790973
vn 0.259066 -0.485673 -0.834869
vn 0.243917 -0.498422 -0.831914
vn 0.242475 -0.358456 -0.901507
vn 0.225260 -0.367523 -0.902322
vn 0.263004 -0.419654 -0.868746
vn 0.275413 -0.407148 -0.870849
vn -0.081277 -0.783318 -0.616285
vn -0.103024 -0.789294 -0.605311
vn -0.025636 -0.763196 -0.645658
vn 0.001007 -0.757052 -0.653354
vn 0.050929 -0.714666 -0.697610
vn 0.075179 -0.706245 -0.703965
vn 0.116486 -0.655532 -0.746129
vn 0.138088 -0.645434 -0.751230
vn 0.169430 -0.587924 -0.790973
vn 0.188246 -0.576754 -0.794933
vn 0.208554 -0.514222 -0.831914
vn 0.224555 -0.502562 -0.834869
vn 0.206660 -0.378295 -0.902322
vn 0.233091 -0.436977 -0.868746
vn 0.217105 -0.374885 -0.901292
vn 0.246341 -0.425368 -0.870849
vn -0.377967 -0.773505 -0.508754
vn -0.373614 -0.784463 -0.495005
vn -0.344544 -0.796741 -0.496480
vn -0.326964 -0.786584 -0.523813
vn -0.273879 -0.787654 -0.551898
vn -0.243266 -0.794240 -0.556781
vn -0.222331 -0.780126 -0.584784
vn -0.136912 -0.782538 -0.607363
vn -0.163133 -0.784059 -0.598865
vn -0.134545 -0.781360 -0.609404
vn -0.051806 -0.755278 -0.653354
vn -0.078811 -0.759548 -0.645659
vn 0.025730 -0.709768 -0.703965
vn 0.000953 -0.716477 -0.697610
vn 0.092728 -0.653495 -0.751230
vn 0.070475 -0.662060 -0.746130
vn 0.147556 -0.588481 -0.794933
vn 0.128006 -0.598311 -0.790973
vn 0.188952 -0.517002 -0.834869
vn 0.172176 -0.527518 -0.831914
vn 0.187996 -0.389053 -0.901829
vn 0.168118 -0.397347 -0.902137
vn 0.202040 -0.452172 -0.868746
vn 0.216068 -0.441516 -0.870849
vn 0.190228 -0.388714 -0.901507
vn -0.326658 -0.777665 -0.537152
vn -0.283288 -0.781554 -0.555807
vn -0.303009 -0.783480 -0.542536
vn -0.221012 -0.776264 -0.590397
vn -0.192566 -0.776738 -0.599664
vn -0.194719 -0.777273 -0.598273
vn -0.104365 -0.749824 -0.653355
vn -0.131604 -0.752200 -0.645659
vn -0.023844 -0.709834 -0.703966
vn -0.049029 -0.714798 -0.697611
vn 0.024120 -0.665364 -0.746130
vn 0.046917 -0.658371 -0.751230
vn 0.085958 -0.605783 -0.790973
vn 0.106146 -0.597340 -0.794933
vn 0.134959 -0.538243 -0.831914
vn 0.152427 -0.528923 -0.834869
vn 0.162776 -0.401348 -0.901346
vn 0.147926 -0.404750 -0.902383
vn 0.170007 -0.465165 -0.868746
vn 0.184744 -0.455513 -0.870849
vn -0.379148 -0.720561 -0.580550
vn -0.379979 -0.747427 -0.544949
vn -0.340520 -0.767565 -0.543038
vn -0.363413 -0.762726 -0.534958
vn -0.275005 -0.758703 -0.590545
vn -0.246287 -0.761436 -0.599632
vn -0.156416 -0.740718 -0.653354
vn -0.183753 -0.741188 -0.645658
vn -0.098772 -0.709637 -0.697610
vn -0.073300 -0.706442 -0.703966
vn 0.000877 -0.660040 -0.751230
vn -0.022353 -0.665425 -0.746130
vn 0.043492 -0.610303 -0.790973
vn 0.064219 -0.603289 -0.794933
vn 0.097085 -0.546346 -0.831914
vn 0.115160 -0.538267 -0.834869
vn 0.152519 -0.467290 -0.870849
vn 0.127719 -0.412111 -0.902138
vn 0.107178 -0.418590 -0.901829
vn 0.134383 -0.411725 -0.901346
vn 0.137144 -0.475891 -0.868746
vn -0.327258 -0.737672 -0.590544
vn -0.298803 -0.742401 -0.599631
vn -0.207704 -0.728003 -0.653353
vn -0.235008 -0.726566 -0.645658
vn -0.148033 -0.701018 -0.697610
vn -0.122402 -0.699607 -0.703965
vn -0.045167 -0.658494 -0.751230
vn -0.068714 -0.662245 -0.746130
vn 0.021980 -0.606300 -0.794933
vn 0.000813 -0.611851 -0.790973
vn 0.058737 -0.551788 -0.831914
vn 0.077332 -0.544989 -0.834869
vn 0.103614 -0.484298 -0.868746
vn 0.105253 -0.419770 -0.901507
vn 0.085975 -0.422402 -0.902322
vn 0.119550 -0.476791 -0.870849
vn -0.365288 -0.716155 -0.594716
vn -0.349862 -0.719749 -0.599631
vn -0.370033 -0.663950 -0.649805
vn -0.388652 -0.688798 -0.611970
vn -0.285118 -0.708401 -0.645659
vn -0.257983 -0.711740 -0.653354
vn -0.170906 -0.689365 -0.703965
vn -0.196571 -0.688984 -0.697611
vn -0.090991 -0.653739 -0.751230
vn -0.114744 -0.655839 -0.746129
vn -0.041870 -0.610417 -0.790973
vn -0.020368 -0.606356 -0.794932
vn 0.020103 -0.554541 -0.831914
vn 0.039127 -0.549056 -0.834869
vn 0.064813 -0.426162 -0.902322
vn 0.069578 -0.490346 -0.868746
vn 0.075794 -0.426531 -0.901292
vn 0.086000 -0.483969 -0.870849
vn -0.333840 -0.686787 -0.645658
vn -0.307001 -0.692011 -0.653354
vn -0.218575 -0.675764 -0.703966
vn -0.244156 -0.673594 -0.697610
vn -0.136372 -0.645799 -0.751230
vn -0.160214 -0.646237 -0.746129
vn -0.062616 -0.603458 -0.794932
vn -0.084348 -0.606009 -0.790973
vn -0.018629 -0.554592 -0.831914
vn 0.000731 -0.550448 -0.834869
vn 0.045808 -0.430333 -0.901507
vn 0.043594 -0.429888 -0.901829
vn 0.022078 -0.430883 -0.902138
vn 0.035204 -0.494005 -0.868746
vn 0.052031 -0.488789 -0.870849
vn -0.389127 -0.626548 -0.675290
vn -0.372094 -0.664267 -0.648302
vn -0.354527 -0.668909 -0.653354
vn -0.290547 -0.654922 -0.697610
vn -0.265183 -0.658871 -0.703965
vn -0.204901 -0.633487 -0.746130
vn -0.181089 -0.634713 -0.751230
vn -0.126416 -0.598649 -0.790973
vn -0.104558 -0.597620 -0.794933
vn -0.037668 -0.549158 -0.834869
vn -0.057270 -0.551942 -0.831914
vn 0.000573 -0.430934 -0.902383
vn 0.000658 -0.495257 -0.868746
vn 0.017807 -0.491228 -0.870849
vn 0.015690 -0.432816 -0.901346
vn -0.335526 -0.633058 -0.697610
vn -0.310498 -0.638767 -0.703965
vn -0.248593 -0.617650 -0.746130
vn -0.224923 -0.620535 -0.751230
vn -0.167867 -0.588373 -0.790973
vn -0.145991 -0.588871 -0.794933
vn -0.095632 -0.546602 -0.831914
vn -0.075883 -0.545193 -0.834869
vn -0.020933 -0.430941 -0.902137
vn -0.042452 -0.430003 -0.901829
vn -0.033891 -0.494097 -0.868746
vn -0.014540 -0.432856 -0.901346
vn -0.016502 -0.491274 -0.870849
vn -0.354300 -0.615552 -0.703965
vn -0.380292 -0.560848 -0.735410
vn -0.382800 -0.594975 -0.706731
vn -0.365453 -0.612237 -0.701149
vn -0.291072 -0.598805 -0.746130
vn -0.267661 -0.603333 -0.751230
vn -0.208501 -0.575230 -0.790973
vn -0.186713 -0.577253 -0.794933
vn -0.113729 -0.538571 -0.834869
vn -0.133528 -0.538600 -0.831914
vn -0.068275 -0.490529 -0.868746
vn -0.063680 -0.426333 -0.902322
vn -0.044664 -0.430453 -0.901507
vn -0.050731 -0.488926 -0.870849
vn -0.332134 -0.577042 -0.746130
vn -0.309095 -0.583193 -0.751230
vn -0.226525 -0.562822 -0.794933
vn -0.248120 -0.559284 -0.790973
vn -0.170774 -0.527973 -0.831914
vn -0.151021 -0.529326 -0.834869
vn -0.102326 -0.484572 -0.868746
vn -0.084852 -0.422629 -0.902322
vn -0.084714 -0.484196 -0.870849
vn -0.074660 -0.426731 -0.901292
vn -0.349024 -0.560211 -0.751230
vn -0.366095 -0.554388 -0.747415
vn -0.286528 -0.540614 -0.790973
vn -0.265234 -0.545649 -0.794932
vn -0.207187 -0.514775 -0.831914
vn -0.187577 -0.517502 -0.834869
vn -0.104137 -0.420048 -0.901507
vn -0.106066 -0.418873 -0.901829
vn -0.126624 -0.412449 -0.902137
vn -0.135879 -0.476254 -0.868746
vn -0.118283 -0.477107 -0.870849
vn -0.399791 -0.483107 -0.778958
vn -0.389973 -0.522470 -0.758252
vn -0.381144 -0.526068 -0.760252
vn -0.302651 -0.525818 -0.794933
vn -0.323542 -0.519309 -0.790973
vn -0.242592 -0.499068 -0.831914
vn -0.223219 -0.503157 -0.834869
vn -0.168770 -0.465615 -0.868746
vn -0.151276 -0.467694 -0.870849
vn -0.146850 -0.405141 -0.902383
vn -0.133288 -0.412080 -0.901346
vn -0.338592 -0.503425 -0.794933
vn -0.368638 -0.483789 -0.793760
vn -0.358979 -0.495475 -0.790973
vn -0.276814 -0.480930 -0.831914
vn -0.257774 -0.486360 -0.834869
vn -0.200838 -0.452708 -0.868746
vn -0.167061 -0.397792 -0.902137
vn -0.186961 -0.389551 -0.901829
vn -0.183532 -0.456002 -0.870849
vn -0.161708 -0.401779 -0.901346
vn -0.393657 -0.446281 -0.803659
vn -0.369664 -0.474447 -0.798904
vn -0.291073 -0.467194 -0.834869
vn -0.309688 -0.460449 -0.831914
vn -0.205654 -0.378842 -0.902322
vn -0.231928 -0.437595 -0.868746
vn -0.214895 -0.442089 -0.870849
vn -0.189195 -0.389218 -0.901507
vn -0.341052 -0.437725 -0.831914
vn -0.322954 -0.445752 -0.834869
vn -0.216108 -0.375461 -0.901292
vn -0.224283 -0.368120 -0.902322
vn -0.261888 -0.420351 -0.868746
vn -0.245209 -0.426022 -0.870849
vn -0.372115 -0.410952 -0.832255
vn -0.370342 -0.413090 -0.831988
vn -0.353261 -0.422138 -0.834869
vn -0.242932 -0.357335 -0.901829
vn -0.260053 -0.344268 -0.902137
vn -0.241522 -0.359099 -0.901507
vn -0.290573 -0.401058 -0.868746
vn -0.274330 -0.407879 -0.870849
vn -0.395812 -0.366460 -0.842045
vn -0.374561 -0.388903 -0.841700
vn -0.276561 -0.330482 -0.902383
vn -0.266190 -0.341642 -0.901346
vn -0.317841 -0.379812 -0.868746
vn -0.302114 -0.387749 -0.870849
vn -0.328426 -0.365730 -0.870849
vn -0.293039 -0.316664 -0.902138
vn -0.308920 -0.302114 -0.901829
vn -0.289373 -0.322241 -0.901346
vn -0.343561 -0.356716 -0.868746
vn -0.310905 -0.301037 -0.901507
vn -0.353138 -0.341930 -0.870849
vn -0.371053 -0.329055 -0.868356
vn -0.322823 -0.285657 -0.902322
vn -0.370513 -0.329841 -0.868289
vn -0.331490 -0.278904 -0.901292
vn -0.336661 -0.269211 -0.902322
vn -0.371561 -0.312619 -0.874192
vn -0.349776 -0.254837 -0.901507
vn -0.396456 -0.241171 -0.885810
vn -0.384992 -0.285077 -0.877789
vn -0.350498 -0.252697 -0.901829
vn -0.362117 -0.234562 -0.902137
vn -0.388724 -0.283214 -0.876746
vn -0.366692 -0.230272 -0.901395
vn 0.000000 0.000000 -1.000000
vn -0.000000 0.000000 -1.000000
vn 0.000000 0.000000 -1.000000
vn 0.000000 0.000000 -1.000000
vn 0.000000 -0.000000 -1.000000
vn -0.000000 0.000000 -1.000000
vn 0.000000 0.000000 -1.000000
vn 0.000000 0.000000 -1.000000
vn 0.000000 -0.000000 -1.000000
vn -0.000000 0.000000 -1.000000
vn 0.000000 -0.000000 -1.000000
vn 0.000000 0.000000 -1.000000
vn -0.000000 0.000000 -1.000000
vn 0.000000 0.000000 -1.000000
vn 0.000000 -0.000000 -1.000000
vn 0.000000 0.000000 -1.000000
vn -0.000000 0.000000 -1.000000
vn 0.000000 0.000000 -1.000000
vn 0.000000 -0.000000 -1.000000
vn 0.000000 0.000000 -1.000000
vn -0.000000 0.000000 -1.000000
vn 0.000000 0.000000 -1.000000
vn 0.000000 -0.000000 -1.000000
vn 0.000000 0.000000 -1.000000
vn 0.000000 0.000000 -1.000000
vn -0.000000 0.000000 -1.000000
vn 0.000000 0.000000 -1.000000
vn 0.000000 0.000000 -1.000000
vn 0.000000 -0.000000 -1.000000
vn -0.000000 0.000000 -1.000000
vn 0.000000 0.000000 -1.000000
vn 0.000000 -0.000000 -1.000000
vn 0.000000 0.000000 -1.000000
vn -0.000000 0.000000 -1.000000
vn 0.000000 -0.000000 -1.000000
vn 0.000000 0.000000 -1.000000
vn -0.000000 0.000000 -1.000000
vn 0.000000 0.000000 -1.000000
vn 0.000000 0.000000 -1.000000
vn 0.000000 -0.000000 -1.000000
vn 0.000000 0.000000 -1.000000
vn -0.000000 0.000000 -1.000000
vn 0.000000 -0.000000 -1.000000
vn 0.000000 0.000000 -1.000000
vn -0.000000 0.000000 -1.000000
vn 0.000000 0.000000 -1.000000
vn 0.000000 -0.000000 -1.000000
vn 0.000000 0.000000 -1.000000
vn 0.000000 0.000000 -1.000000
vn -0.000000 0.000000 -1.000000
vn 0.000000 -0.000000 -1.000000
vn 0.000000 0.000000 -1.000000
vn -0.000000 0.000000 -1.000000
vn -0.000000 0.000000 -1.000000
vn 0.000000 0.000000 -1.000000
vn 0.000000 -0.000000 -1.000000
vn 0.000000 0.000000 -1.000000
vn -0.000000 0.000000 -1.000000
vn 0.000000 -0.000000 -1.000000
vn 0.000000 0.000000 -1.000000
vn -0.000000 0.000000 -1.000000
vn 0.000000 -0.000000 -1.000000
vn 0.000000 -0.000000 -1.000000
vn -0.000000 0.000000 -1.000000
vn 0.000000 -0.000000 -1.000000
vn 0.000000 0.000000 -1.000000
vn -0.000000 0.000000 -1.000000
vn 0.000000 0.000000 -1.000000
vn 0.000000 0.000000 -1.000000
vn 0.000000 -0.000000 -1.000000
vn 0.000000 0.000000 -1.000000
vn 0.000000 0.000000 -1.000000
vn -0.000000 0.000000 -1.000000
vn 0.000000 -0.000000 -1.000000
vn 0.000000 0.000000 -1.000000
vn -0.000000 0.000000 -1.000000
vn 0.000000 -0.000000 -1.000000
vn 0.000000 0.000000 -1.000000
vn -0.000000 0.000000 -1.000000
vn 0.000000 0.000000 -1.000000
vn 0.000000 -0.000000 -1.000000
vn 0.000000 0.000000 -1.000000
vn -0.000000 0.000000 -1.000000
vn 0.000000 0.000000 -1.000000
vn 0.000000 0.000000 -1.000000
vn 0.000000 -0.000000 -1.000000
vn 0.000000 0.000000 -1.000000
vn -0.000000 0.000000 -1.000000
vn 0.000000 -0.000000 -1.000000
vn 0.000000 0.000000 -1.000000
vn 0.000000 0.000000 -1.000000
vn -0.000000 0.000000 -1.000000
vn 0.000000 -0.000000 -1.000000
vn 0.000000 0.000000 -1.000000
vn 0.000000 0.000000 -1.000000
vn -0.000000 0.000000 -1.000000
vn 0.000000 -0.000000 -1.000000
vn 0.000000 0.000000 -1.000000
vn 0.000000 0.000000 -1.000000
vn -0.000000 0.000000 -1.000000
vn 0.000000 0.000000 -1.000000
vn 0.000000 -0.000000 -1.000000
vn 0.000000 0.000000 -1.000000
vn 0.000000 0.000000 -1.000000
vn -0.000000 0.000000 -1.000000
vn 0.000000 -0.000000 -1.000000
vn 0.000000 0.000000 -1.000000
vn -0.000000 0.000000 -1.000000
vn 0.000000 -0.000000 -1.000000
vn 0.000000 0.000000 -1.000000
vn 0.000000 0.000000 -1.000000
vn -0.000000 0.000000 -1.000000
vn 0.000000 0.000000 -1.000000
vn 0.000000 -0.000000 -1.000000
vn 0.000000 0.000000 -1.000000
vn -0.000000 0.000000 -1.000000
vn 0.000000 0.000000 -1.000000
vn 0.000000 -0.000000 -1.000000
vn 0.000000 -0.000000 -1.000000
vn -0.000000 0.000000 -1.000000
vn 0.000000 0.000000 -1.000000
vn 0.000000 -0.000000 -1.000000
vn 0.000000 0.000000 -1.000000
vn -0.000000 0.000000 -1.000000
vn 0.000000 0.000000 -1.000000
vn -0.000000 0.000000 -1.000000
vn 0.000000 0.000000 -1.000000
vn 0.000000 -0.000000 -1.000000
vn -0.000000 0.000000 -1.000000
vn 0.000000 0.000000 -1.000000
vn -0.000000 0.000000 -1.000000
vn 0.000000 -0.000000 -1.000000
vn -0.000000 0.000000 -1.000000
vn 0.000000 0.000000 -1.000000
vn 0.000000 -0.000000 -1.000000
vn 0.000000 -0.000000 -1.000000
vn 0.000000 0.000000 -1.000000
vn -0.000000 0.000000 -1.000000
vn 0.000000 -0.000000 -1.000000
vn 0.000000 0.000000 -1.000000
vn -0.000000 0.000000 -1.000000
vn 0.000000 0.000000 -1.000000
vn 0.000000 0.000000 -1.000000
vn 0.000000 -0.000000 -1.000000
vn 0.000000 0.000000 -1.000000
vn -0.000000 0.000000 -1.000000
vn 0.000000 0.000000 -1.000000
vn 0.000000 -0.000000 -1.000000
vn -0.000000 0.000000 -1.000000
vn 0.000000 0.000000 -1.000000
vn 0.000000 -0.000000 -1.000000
vn 0.000000 0.000000 -1.000000
vn -0.000000 0.000000 -1.000000
vn 0.000000 0.000000 -1.000000
vn 0.000000 0.000000 -1.000000
vn 0.000000 0.000000 -1.000000
vn 0.000000 -0.000000 -1.000000
vn 0.000000 0.000000 -1.000000
vn -0.000000 0.000000 -1.000000
vn 0.000000 -0.000000 -1.000000
vn 0.000000 0.000000 -1.000000
vn -0.000000 0.000000 -1.000000
vn 0.000000 0.000000 -1.000000
vn 0.000000 0.000000 -1.000000
vn 0.000000 -0.000000 -1.000000
vn 0.000000 0.000000 -1.000000
vn -0.000000 0.000000 -1.000000
vn 0.000000 -0.000000 -1.000000
vn 0.000000 0.000000 -1.000000
vn 0.000000 0.000000 -1.000000
vn -0.000000 0.000000 -1.000000
vn 0.000000 -0.000000 -1.000000
vn -0.000000 0.000000 -1.000000
vn 0.000000 0.000000 -1.000000
vn 0.000000 0.000000 -1.000000
vn 0.000000 0.000000 -1.000000
vn 0.000000 -0.000000 -1.000000
vn 0.000000 0.000000 -1.000000
vn -0.000000 0.000000 -1.000000
vn 0.000000 -0.000000 -1.000000
vn 0.000000 0.000000 -1.000000
vn 0.000000 0.000000 -1.000000
vn -0.000000 0.000000 -1.000000
vn 0.000000 -0.000000 -1.000000
vn 0.000000 0.000000 -1.000000
vn -0.000000 0.000000 -1.000000
vn 0.000000 0.000000 -1.000000
vn 0.000000 -0.000000 -1.000000
vn 0.000000 -0.000000 -1.000000
vn 0.000000 0.000000 -1.000000
vn 0.000000 0.000000 -1.000000
vn -0.000000 0.000000 -1.000000
vn 0.000000 0.000000 -1.000000
vn 0.000000 -0.000000 -1.000000
vn 0.000000 0.000000 -1.000000
vn -0.000000 0.000000 -1.000000
vn 0.000000 0.000000 -1.000000
vn 0.000000 -0.000000 -1.000000
vn 0.000000 0.000000 -1.000000
vn -0.000000 0.000000 -1.000000
vn 0.000000 0.000000 -1.000000
vn 0.000000 0.000000 -1.000000
vn 0.000000 -0.000000 -1.000000
vn 0.000000 0.000000 -1.000000
vn -0.000000 0.000000 -1.000000
vn 0.000000 -0.000000 -1.000000
vn 0.000000 0.000000 -1.000000
vn -0.000000 0.000000 -1.000000
vn 0.000000 -0.000000 -1.000000
vn 0.000000 0.000000 -1.000000
vn -0.000000 0.000000 -1.000000
vn 0.000000 0.000000 -1.000000
vn 0.000000 0.000000 -1.000000
vn 0.000000 -0.000000 -1.000000
vn 0.000000 0.000000 -1.000000
vn 0.000000 0.000000 -1.000000
vn -0.000000 0.000000 -1.000000
vn 0.000000 -0.000000 -1.000000
vn 0.000000 0.000000 -1.000000
vn 0.000000 0.000000 -1.000000
vn 0.000000 0.000000 -1.000000
vn -0.000000 0.000000 -1.000000
vn 0.000000 -0.000000 -1.000000
vn 0.000000 0.000000 -1.000000
vn -0.000000 0.000000 -1.000000
vn 0.000000 0.000000 -1.000000
vn 0.000000 -0.000000 -1.000000
vn -0.000000 0.000000 -1.000000
vn 0.000000 0.000000 -1.000000
vn 0.000000 -0.000000 -1.000000
vn -0.000000 0.000000 -1.000000
vn 0.000000 0.000000 -1.000000
vn 0.000000 -0.000000 -1.000000
vn 0.000000 0.000000 -1.000000
vn 0.000000 0.000000 -1.000000
vn -0.000000 0.000000 -1.000000
vn 0.000000 -0.000000 -1.000000
vn 0.000000 0.000000 -1.000000
vn 0.000000 0.000000 -1.000000
vn -0.000000 0.000000 -1.000000
vn 0.000000 0.000000 -1.000000
vn 0.000000 -0.000000 -1.000000
vn 0.000000 0.000000 -1.000000
vn -0.000000 0.000000 -1.000000
vn 0.000000 -0.000000 -1.000000
vn 0.000000 0.000000 -1.000000
vn 0.000000 0.000000 -1.000000
vn 0.000000 0.000000 -1.000000
vn -0.000000 0.000000 -1.000000
vn 0.000000 0.000000 -1.000000
vn 0.000000 -0.000000 -1.000000
vn -0.000000 0.000000 -1.000000
vn -0.001329 0.999999 0.000001
vn -0.001330 0.999999 0.000000
vn -0.001325 0.999999 -0.000003
vn -0.001326 0.999999 -0.000002
vn -0.001329 0.999999 0.000001
vn -0.001328 0.999999 -0.000001
vn -0.001331 0.999999 0.000002
vn -0.001330 0.999999 0.000001
vn -0.001328 0.999999 -0.000001
vn -0.001330 0.999999 0.000002
vn -0.001329 0.999999 0.000001
vn -0.001330 0.999999 0.000001
vn -0.001332 0.999999 0.000002
vn -0.001330 0.999999 -0.000000
vn -0.001327 0.999999 -0.000003
vn -0.001329 0.999999 0.000001
vn -0.001326 0.999999 -0.000002
vn -0.001329 0.999999 0.000000
vn -0.001332 0.999999 0.000003
vn -0.001330 0.999999 0.000001
vn -0.001328 0.999999 -0.000002
vn -0.001328 0.999999 -0.000002
vn -0.001327 0.999999 -0.000001
vn -0.001328 0.999999 -0.000000
vn -0.001328 0.999999 -0.000001
vn -0.001330 0.999999 0.000001
vn -0.001328 0.999999 -0.000000
vn -0.001327 0.999999 -0.000001
vn -0.001329 0.999999 0.000000
vn -0.001328 0.999999 -0.000002
vn -0.001330 0.999999 0.000000
vn -0.001331 0.999999 0.000001
vn -0.001330 0.999999 0.000003
vn -0.001328 0.999999 0.000000
vn -0.001328 0.999999 -0.000001
vn -0.001329 0.999999 -0.000000
vn -0.001327 0.999999 -0.000002
vn -0.001330 0.999999 0.000003
vn -0.001326 0.999999 -0.000001
vn -0.001330 0.999999 0.000001
vn -0.001328 0.999999 -0.000002
vn -0.001329 0.999999 -0.000001
vn -0.001333 0.999999 0.000002
vn -0.001327 0.999999 -0.000001
vn -0.001330 0.999999 0.000004
vn -0.001329 0.999999 0.000000
vn -0.001330 0.999999 0.000000
vn -0.001328 0.999999 -0.000001
vn -0.001329 0.999999 -0.000002
vn -0.001328 0.999999 -0.000004
vn -0.001330 0.999999 0.000000
vn -0.001329 0.999999 -0.000000
vn -0.001329 0.999999 0.000003
vn -0.001329 0.999999 0.000001
vn -0.001326 0.999999 -0.000001
vn -0.001327 0.999999 -0.000000
vn -0.001328 0.999999 -0.000001
vn -0.001329 0.999999 0.000001
vn -0.001330 0.999999 -0.000000
vn -0.001329 0.999999 -0.000000
vn -0.001329 0.999999 0.000002
vn -0.001328 0.999999 -0.000002
vn -0.001327 0.999999 -0.000001
vn -0.001329 0.999999 0.000000
vn -0.001329 0.999999 -0.000000
vn -0.001332 0.999999 0.000000
vn -0.001329 0.999999 -0.000003
vn -0.001329 0.999999 0.000000
vn -0.001325 0.999999 -0.000000
vn -0.001330 0.999999 0.000002
vn -0.001331 0.999999 -0.000000
vn -0.001331 0.999999 -0.000000
vn -0.001330 0.999999 0.000002
vn -0.001325 0.999999 0.000000
vn -0.001330 0.999999 0.000000
vn -0.001327 0.999999 -0.000004
vn -0.001330 0.999999 -0.000000
vn -0.001328 0.999999 -0.000000
vn -0.001329 0.999999 -0.000000
vn -0.001331 0.999999 -0.000000
vn -0.001328 0.999999 0.000000
vn -0.001332 0.999999 0.000004
vn -0.001326 0.999999 0.000000
vn -0.001331 0.999999 -0.000000
vn -0.001329 0.999999 -0.000000
vn -0.001329 0.999999 -0.000000
vn -0.001327 0.999999 -0.000000
vn -0.001330 0.999999 0.000002
vn -0.001330 0.999999 -0.000000
vn -0.001326 0.999999 0.000001
vn -0.001330 0.999999 0.000001
vn -0.001327 0.999999 0.000001
vn -0.001329 0.999999 0.000000
vn -0.001333 0.999999 -0.000002
vn -0.001330 0.999999 -0.000001
vn -0.001329 0.999999 0.000000
vn -0.001326 0.999999 0.000002
vn -0.001327 0.999999 0.000001
vn -0.001330 0.999999 -0.000001
vn -0.001328 0.999999 0.000000
vn -0.001330 0.999999 -0.000001
vn -0.001329 0.999999 0.000000
vn -0.001328 0.999999 0.000001
vn -0.001330 0.999999 -0.000001
vn -0.001330 0.999999 -0.000001
vn -0.001330 0.999999 -0.000000
vn -0.001326 0.999999 0.000002
vn -0.001327 0.999999 0.000002
vn -0.001329 0.999999 0.000000
vn -0.001329 0.999999 -0.000000
vn -0.001327 0.999999 0.000001
vn -0.001331 0.999999 -0.000002
vn -0.001328 0.999999 0.000000
vn -0.001327 0.999999 0.000001
vn -0.001333 0.999999 -0.000002
vn -0.001330 0.999999 -0.000000
vn -0.001329 0.999999 0.000000
vn -0.001331 0.999999 -0.000002
vn -0.001330 0.999999 -0.000001
vn -0.001330 0.999999 -0.000001
vn -0.001328 0.999999 0.000001
vn -0.001329 0.999999 0.000000
vn -0.001327 0.999999 0.000002
vn -0.001328 0.999999 0.000001
vn -0.001329 0.999999 -0.000000
vn -0.001330 0.999999 -0.000001
vn -0.001330 0.999999 -0.000001
vn -0.001329 0.999999 -0.000000
vn -0.001328 0.999999 0.000002
vn -0.001330 0.999999 -0.000001
vn -0.001328 0.999999 0.000001
vn -0.001328 0.999999 0.000000
vn -0.001330 0.999999 -0.000003
vn -0.001329 0.999999 -0.000000
vn -0.001328 0.999999 0.000003
vn -0.001329 0.999999 -0.000000
vn -0.001332 0.999999 -0.000002
vn -0.001329 0.999999 -0.000002
vn -0.001328 0.999999 0.000001
vn -0.001328 0.999999 0.000002
vn -0.001329 0.999999 0.000000
vn -0.001328 0.999999 0.000001
vn -0.001325 0.999999 0.000002
vn -0.001330 0.999999 -0.000003
vn -0.001329 0.999999 0.000001
vn -0.001329 0.999999 0.000000
vn -0.001330 0.999999 -0.000001
vn -0.001328 0.999999 0.000001
vn -0.001328 0.999999 0.000001
vn -0.001329 0.999999 -0.000000
vn -0.001329 0.999999 -0.000001
vn -0.001328 0.999999 0.000000
vn -0.001330 0.999999 -0.000001
vn -0.001329 0.999999 0.000002
vn -0.001329 0.999999 -0.000002
vn -0.001329 0.999999 -0.000001
vn -0.001329 0.999999 -0.000000
vn -0.001330 0.999999 -0.000000
vn -0.001329 0.999999 -0.000000
vn -0.001329 0.999999 0.000002
vn -0.001329 0.999999 0.000001
vn -0.001328 0.999999 0.000000
vn -0.001327 0.999999 0.000003
vn -0.001329 0.999999 0.000000
vn -0.001330 0.999999 -0.000002
vn -0.001329 0.999999 0.000002
vn -0.001329 0.999999 -0.000003
vn -0.001329 0.999999 -0.000002
vn -0.001327 0.999999 0.000003
vn -0.001329 0.999999 -0.000001
vn -0.001330 0.999999 -0.000001
vn -0.001329 0.999999 -0.000000
vn -0.001328 0.999999 0.000000
vn -0.001331 0.999999 -0.000001
vn -0.001328 0.999999 0.000000
vn -0.001328 0.999999 0.000000
vn -0.001327 0.999999 0.000001
vn -0.001329 0.999999 0.000000
vn -0.001331 0.999999 -0.000000
vn -0.001328 0.999999 0.000000
vn -0.001330 0.999999 0.000000
vn -0.001328 0.999999 0.000000
vn -0.001329 0.999999 0.000000
vn -0.001331 0.999999 0.000000
vn -0.001328 0.999999 0.000000
vn -0.001328 0.999999 0.000000
vn -0.001328 0.999999 0.000000
vn -0.001328 0.999999 0.000000
vn -0.001329 0.999999 0.000000
vn -0.001331 0.999999 0.000000
vn -0.001330 0.999999 0.000000
vn -0.001329 0.999999 0.000000
vn -0.001327 0.999999 -0.000000
vn -0.001326 0.999999 -0.000001
vn -0.001328 0.999999 -0.000000
vn -0.001331 0.999999 0.000000
vn -0.001329 0.999999 -0.000000
vn -0.001329 0.999999 -0.000000
vn -0.001330 0.999999 0.000000
vn -0.001329 0.999999 -0.000000
vn -0.001329 0.999999 -0.000000
vn -0.001330 0.999999 0.000001
vn -0.001328 0.999999 -0.000001
vn -0.001330 0.999999 0.000000
vn -0.001329 0.999999 -0.000000
vn -0.001328 0.999999 -0.000001
vn -0.001330 0.999999 0.000001
vn -0.001327 0.999999 -0.000001
vn -0.001328 0.999999 -0.000001
vn -0.001331 0.999999 0.000001
vn -0.001330 0.999999 0.000001
vn -0.001330 0.999999 0.000001
vn -0.001328 0.999999 -0.000001
vn -0.001330 0.999999 0.000000
vn -0.001327 0.999999 -0.000001
vn -0.001327 0.999999 -0.000001
vn -0.001333 0.999999 0.000003
vn -0.001327 0.999999 -0.000001
vn -0.001327 0.999999 -0.000001
vn -0.001329 0.999999 0.000000
vn -0.001329 0.999999 0.000000
vn -0.001329 0.999999 0.000000
vn -0.001329 0.999999 0.000000
vn -0.999999 -0.001329 -0.000000
vn -0.999999 -0.001329 0.000000
vn -0.999999 -0.001329 -0.000000
vn -0.999999 -0.001329 0.000000
vn -0.999999 -0.001329 0.000000
vn -0.999999 -0.001329 0.000000
vn -0.999999 -0.001329 -0.000000
vn -0.999999 -0.001329 0.000000
vn -0.999999 -0.001329 0.000000
vn -0.999999 -0.001329 -0.000000
vn -0.999999 -0.001329 -0.000000
vn -0.999999 -0.001329 -0.000000
vn -0.999999 -0.001329 0.000000
vn -0.999999 -0.001329 0.000000
vn -0.999999 -0.001328 0.000001
vn -0.999999 -0.001329 0.000000
vn -0.999999 -0.001329 -0.000000
vn -0.999999 -0.001329 -0.000000
vn -0.999999 -0.001329 -0.000000
vn -0.999999 -0.001329 -0.000000
vn -0.999999 -0.001329 -0.000000
vn -0.999999 -0.001329 0.000000
vn -0.999999 -0.001329 -0.000000
vn -0.999999 -0.001329 -0.000000
vn -0.999999 -0.001329 -0.000000
vn -0.999999 -0.001328 0.000000
vn -0.999999 -0.001329 0.000000
vn -0.999999 -0.001329 0.000000
vn -0.999999 -0.001329 -0.000000
vn -0.999999 -0.001329 -0.000000
vn -0.999999 -0.001329 0.000000
vn -0.999999 -0.001329 0.000000
vn -0.999999 -0.001329 0.000000
vn -0.999999 -0.001329 -0.000000
vn -0.999999 -0.001329 0.000000
vn -0.999999 -0.001329 0.000000
vn -0.999999 -0.001329 -0.000000
vn -0.999999 -0.001329 -0.000000
vn -0.999999 -0.001329 -0.000000
vn -0.999999 -0.001330 0.000001
vn -0.999999 -0.001328 0.000000
vn -0.999999 -0.001329 -0.000000
vn -0.999999 -0.001329 -0.000000
vn -0.999999 -0.001328 0.000000
vn -0.999999 -0.001329 -0.000000
vn -0.999999 -0.001329 0.000001
vn -0.999999 -0.001328 0.000000
vn -0.999999 -0.001330 -0.000000
vn -0.999999 -0.001329 -0.000001
vn -0.999999 -0.001329 0.000000
vn -0.999999 -0.001329 0.000000
vn -0.999999 -0.001329 0.000001
vn -0.999999 -0.001329 -0.000001
vn -0.999999 -0.001329 -0.000000
vn -0.999999 -0.001329 -0.000000
vn -0.999999 -0.001328 0.000000
vn -0.999999 -0.001329 0.000000
vn -0.999999 -0.001329 0.000000
vn -0.999999 -0.001329 0.000000
vn -0.999999 -0.001329 0.000000
vn -0.999999 -0.001328 -0.000000
vn -0.999999 -0.001329 -0.000000
vn -0.999999 -0.001329 0.000000
vn -0.999999 -0.001329 0.000000
vn -0.999999 -0.001329 0.000000
vn -0.999999 -0.001329 0.000000
vn -0.999999 -0.001328 -0.000000
vn -0.999999 -0.001328 -0.000000
vn -0.999999 -0.001330 0.000000
vn -0.999999 -0.001329 0.000000
vn -0.999999 -0.001329 0.000000
vn -0.999999 -0.001329 0.000000
vn -0.999999 -0.001329 0.000000
vn -0.999999 -0.001329 0.000000
vn -0.999999 -0.001329 0.000000
vn -0.999999 -0.001328 -0.000000
vn -0.999999 -0.001329 -0.000000
vn -0.999999 -0.001328 -0.000000
vn -0.999999 -0.001329 -0.000000
vn -0.999999 -0.001329 0.000000
vn -0.999999 -0.001329 0.000000
vn -0.999999 -0.001329 0.000000
vn -0.999999 -0.001329 0.000000
vn -0.999999 -0.001329 -0.000000
vn -0.999999 -0.001328 -0.000001
vn -0.999999 -0.001329 -0.000000
vn -0.999999 -0.001329 -0.000000
vn -0.999999 -0.001329 0.000001
vn -0.999999 -0.001329 -0.000000
vn -0.999999 -0.001329 -0.000000
vn -0.999999 -0.001329 0.000000
vn -0.999999 -0.001329 -0.000000
vn -0.999999 -0.001329 0.000000
vn -0.999999 -0.001329 -0.000000
vn -0.999999 -0.001329 0.000000
vn -0.999999 -0.001329 0.000000
vn -0.999999 -0.001329 0.000000
vn -0.999999 -0.001329 -0.000000
vn -0.999999 -0.001328 -0.000001
vn -0.999999 -0.001329 -0.000000
vn -0.999999 -0.001329 0.000000
vn -0.999999 -0.001329 -0.000000
vn -0.999999 -0.001329 0.000000
vn -0.999999 -0.001329 -0.000000
vn -0.999999 -0.001328 0.000001
vn -0.999999 -0.001329 0.000000
vn -0.999999 -0.001329 -0.000001
vn -0.999999 -0.001329 -0.000001
vn -0.999999 -0.001329 0.000001
vn -0.999999 -0.001329 -0.000000
vn 0.999999 0.001329 -0.000000
vn 0.999999 0.001329 -0.000000
vn 0.999999 0.001329 -0.000000
vn 0.999999 0.001329 0.000000
vn 0.999999 0.001329 0.000001
vn 0.999999 0.001329 -0.000000
vn 0.999999 0.001328 -0.000001
vn 0.999999 0.001329 0.000000
vn 0.999999 0.001329 -0.000000
vn 0.999999 0.001329 0.000000
vn 0.999999 0.001329 0.000000
vn 0.999999 0.001329 -0.000000
vn 0.999999 0.001329 -0.000000
vn 0.999999 0.001329 -0.000000
vn 0.999999 0.001329 0.000000
vn 0.999999 0.001329 0.000000
vn 0.999999 0.001329 0.000000
vn 0.999999 0.001329 -0.000000
vn 0.999999 0.001329 0.000000
vn 0.999999 0.001329 -0.000000
vn 0.999999 0.001329 0.000000
vn 0.999999 0.001329 0.000000
vn 0.999999 0.001328 -0.000000
vn 0.999999 0.001328 -0.000001
vn 0.999999 0.001329 0.000000
vn 0.999999 0.001328 -0.000000
vn 0.999999 0.001329 -0.000000
vn 0.999999 0.001329 0.000000
vn 0.999999 0.001329 0.000000
vn 0.999999 0.001329 0.000000
vn 0.999999 0.001329 0.000000
vn 0.999999 0.001329 0.000000
vn 0.999999 0.001329 -0.000000
vn 0.999999 0.001328 -0.000000
vn 0.999999 0.001330 0.000000
vn 0.999999 0.001329 0.000000
vn 0.999999 0.001329 0.000000
vn 0.999999 0.001329 0.000000
vn 0.999999 0.001328 -0.000000
vn 0.999999 0.001328 0.000001
vn 0.999999 0.001329 0.000000
vn 0.999999 0.001329 0.000000
vn 0.999999 0.001329 0.000000
vn 0.999999 0.001329 0.000000
vn 0.999999 0.001328 -0.000000
vn 0.999999 0.001329 -0.000001
vn 0.999999 0.001329 -0.000000
vn 0.999999 0.001329 0.000000
vn 0.999999 0.001329 -0.000001
vn 0.999999 0.001329 0.000000
vn 0.999999 0.001329 0.000000
vn 0.999999 0.001329 0.000001
vn 0.999999 0.001329 0.000000
vn 0.999999 0.001329 0.000000
vn 0.999999 0.001329 -0.000000
vn 0.999999 0.001329 -0.000000
vn 0.999999 0.001328 0.000000
vn 0.999999 0.001329 0.000000
vn 0.999999 0.001328 0.000000
vn 0.999999 0.001329 0.000000
vn 0.999999 0.001329 -0.000000
vn 0.999999 0.001330 -0.000000
vn 0.999999 0.001328 0.000000
vn 0.999999 0.001328 0.000000
vn 0.999999 0.001329 -0.000000
vn 0.999999 0.001329 -0.000000
vn 0.999999 0.001329 -0.000000
vn 0.999999 0.001329 -0.000000
vn 0.999999 0.001329 0.000000
vn 0.999999 0.001329 0.000000
vn 0.999999 0.001329 0.000000
vn 0.999999 0.001329 0.000000
vn 0.999999 0.001329 -0.000000
vn 0.999999 0.001329 -0.000000
vn 0.999999 0.001328 0.000000
vn 0.999999 0.001329 0.000000
vn 0.999999 0.001329 -0.000000
vn 0.999999 0.001329 -0.000000
vn 0.999999 0.001329 0.000000
vn 0.999999 0.001329 -0.000000
vn 0.999999 0.001329 -0.000000
vn 0.999999 0.001328 0.000001
vn 0.999999 0.001329 -0.000000
vn 0.999999 0.001329 0.000000
vn 0.999999 0.001329 -0.000000
vn 0.999999 0.001329 0.000000
vn 0.999999 0.001329 -0.000000
vn 0.999999 0.001329 0.000000
vn 0.999999 0.001329 -0.000000
vn 0.999999 0.001329 0.000000
vn 0.999999 0.001329 0.000000
vn 0.999999 0.001329 0.000000
vn 0.999999 0.001329 0.000000
vn 0.999999 0.001329 -0.000000
vn 0.999999 0.001329 -0.000000
vn 0.999999 0.001329 0.000000
vn 0.999999 0.001329 -0.000000
vn 0.999999 0.001329 -0.000000
vn 0.999999 0.001329 -0.000000
vn 0.999999 0.001329 0.000000
vn 0.999999 0.001329 -0.000000
vn 0.999999 0.001329 0.000000
vn 0.999999 0.001329 -0.000000
vn 0.999999 0.001329 0.000000
vn 0.999999 0.001330 0.000001
vn 0.999999 0.001329 -0.000000
vn 0.999999 0.001329 0.000001
vn 0.999999 0.001329 -0.000001
vn 0.999999 0.001329 0.000001
vn 0.999999 0.001329 -0.000001
vn 0.001329 -0.999999 0.000000
vn 0.001329 -0.999999 0.000000
vn 0.001329 -0.999999 0.000000
vn 0.001327 -0.999999 -0.000001
vn 0.001328 -0.999999 -0.000001
vn 0.001330 -0.999999 0.000001
vn 0.001327 -0.999999 -0.000001
vn 0.001331 -0.999999 0.000001
vn 0.001330 -0.999999 0.000001
vn 0.001333 -0.999999 0.000003
vn 0.001327 -0.999999 -0.000001
vn 0.001328 -0.999999 -0.000001
vn 0.001327 -0.999999 -0.000001
vn 0.001330 -0.999999 0.000001
vn 0.001328 -0.999999 -0.000001
vn 0.001327 -0.999999 -0.000001
vn 0.001329 -0.999999 -0.000000
vn 0.001330 -0.999999 0.000000
vn 0.001330 -0.999999 0.000000
vn 0.001329 -0.999999 0.000000
vn 0.001328 -0.999999 -0.000001
vn 0.001330 -0.999999 0.000001
vn 0.001330 -0.999999 -0.000001
vn 0.001329 -0.999999 -0.000000
vn 0.001329 -0.999999 -0.000000
vn 0.001330 -0.999999 -0.000002
vn 0.001329 -0.999999 -0.000000
vn 0.001330 -0.999999 0.000000
vn 0.001329 -0.999999 0.000000
vn 0.001331 -0.999999 0.000000
vn 0.001329 -0.999999 -0.000000
vn 0.001327 -0.999999 0.000003
vn 0.001328 -0.999999 -0.000000
vn 0.001326 -0.999999 -0.000001
vn 0.001328 -0.999999 0.000000
vn 0.001327 -0.999999 -0.000000
vn 0.001329 -0.999999 0.000000
vn 0.001329 -0.999999 -0.000001
vn 0.001330 -0.999999 0.000000
vn 0.001331 -0.999999 0.000000
vn 0.001327 -0.999999 0.000003
vn 0.001328 -0.999999 0.000000
vn 0.001329 -0.999999 0.000000
vn 0.001329 -0.999999 -0.000002
vn 0.001328 -0.999999 0.000000
vn 0.001328 -0.999999 0.000000
vn 0.001329 -0.999999 -0.000003
vn 0.001329 -0.999999 0.000002
vn 0.001328 -0.999999 0.000000
vn 0.001331 -0.999999 0.000000
vn 0.001329 -0.999999 0.000001
vn 0.001329 -0.999999 0.000002
vn 0.001328 -0.999999 0.000000
vn 0.001329 -0.999999 0.000000
vn 0.001329 -0.999999 -0.000000
vn 0.001329 -0.999999 -0.000001
vn 0.001330 -0.999999 0.000000
vn 0.001328 -0.999999 0.000000
vn 0.001329 -0.999999 -0.000002
vn 0.001329 -0.999999 0.000002
vn 0.001329 -0.999999 0.000000
vn 0.001331 -0.999999 -0.000000
vn 0.001329 -0.999999 -0.000000
vn 0.001329 -0.999999 -0.000001
vn 0.001328 -0.999999 0.000000
vn 0.001327 -0.999999 0.000001
vn 0.001328 -0.999999 0.000001
vn 0.001328 -0.999999 0.000001
vn 0.001328 -0.999999 0.000000
vn 0.001331 -0.999999 -0.000001
vn 0.001329 -0.999999 0.000001
vn 0.001330 -0.999999 -0.000003
vn 0.001328 -0.999999 0.000000
vn 0.001329 -0.999999 -0.000000
vn 0.001329 -0.999999 0.000000
vn 0.001328 -0.999999 0.000002
vn 0.001329 -0.999999 -0.000000
vn 0.001330 -0.999999 -0.000000
vn 0.001329 -0.999999 -0.000002
vn 0.001328 -0.999999 0.000001
vn 0.001330 -0.999999 -0.000001
vn 0.001328 -0.999999 0.000000
vn 0.001329 -0.999999 -0.000000
vn 0.001329 -0.999999 0.000000
vn 0.001330 -0.999999 -0.000001
vn 0.001328 -0.999999 0.000003
vn 0.001330 -0.999999 -0.000003
vn 0.001325 -0.999999 0.000002
vn 0.001328 -0.999999 0.000001
vn 0.001328 -0.999999 0.000002
vn 0.001330 -0.999999 -0.000001
vn 0.001329 -0.999999 -0.000000
vn 0.001332 -0.999999 -0.000002
vn 0.001328 -0.999999 0.000001
vn 0.001329 -0.999999 -0.000000
vn 0.001329 -0.999999 -0.000000
vn 0.001328 -0.999999 0.000000
vn 0.001328 -0.999999 0.000001
vn 0.001330 -0.999999 -0.000001
vn 0.001328 -0.999999 0.000001
vn 0.001330 -0.999999 -0.000001
vn 0.001330 -0.999999 -0.000001
vn 0.001330 -0.999999 -0.000001
vn 0.001329 -0.999999 0.000000
vn 0.001327 -0.999999 0.000002
vn 0.001327 -0.999999 0.000002
vn 0.001330 -0.999999 -0.000002
vn 0.001329 -0.999999 0.000000
vn 0.001326 -0.999999 0.000002
vn 0.001330 -0.999999 -0.000000
vn 0.001329 -0.999999 -0.000000
vn 0.001330 -0.999999 -0.000001
vn 0.001330 -0.999999 -0.000001
vn 0.001327 -0.999999 0.000001
vn 0.001328 -0.999999 0.000001
vn 0.001329 -0.999999 -0.000000
vn 0.001331 -0.999999 -0.000002
vn 0.001328 -0.999999 0.000000
vn 0.001328 -0.999999 0.000000
vn 0.001330 -0.999999 -0.000001
vn 0.001327 -0.999999 0.000001
vn 0.001330 -0.999999 -0.000001
vn 0.001327 -0.999999 0.000001
vn 0.001333 -0.999999 -0.000002
vn 0.001326 -0.999999 0.000002
vn 0.001329 -0.999999 0.000000
vn 0.001330 -0.999999 -0.000000
vn 0.001333 -0.999999 -0.000002
vn 0.001330 -0.999999 -0.000001
vn 0.001329 -0.999999 0.000000
vn 0.001327 -0.999999 0.000001
vn 0.001326 -0.999999 0.000001
vn 0.001330 -0.999999 -0.000000
vn 0.001327 -0.999999 -0.000000
vn 0.001329 -0.999999 -0.000000
vn 0.001331 -0.999999 -0.000000
vn 0.001326 -0.999999 0.000000
vn 0.001331 -0.999999 -0.000000
vn 0.001328 -0.999999 0.000000
vn 0.001328 -0.999999 0.000000
vn 0.001330 -0.999999 -0.000001
vn 0.001330 -0.999999 -0.000001
vn 0.001325 -0.999999 0.000001
vn 0.001331 -0.999999 -0.000000
vn 0.001331 -0.999999 -0.000000
vn 0.001325 -0.999999 -0.000000
vn 0.001332 -0.999999 -0.000001
vn 0.001329 -0.999999 0.000000
vn 0.001329 -0.999999 -0.000000
vn 0.001332 -0.999999 0.000004
vn 0.001329 -0.999999 -0.000000
vn 0.001330 -0.999999 0.000002
vn 0.001330 -0.999999 0.000001
vn 0.001329 -0.999999 0.000000
vn 0.001329 -0.999999 -0.000003
vn 0.001330 -0.999999 0.000002
vn 0.001330 -0.999999 0.000002
vn 0.001327 -0.999999 -0.000004
vn 0.001329 -0.999999 0.000000
vn 0.001329 -0.999999 0.000002
vn 0.001328 -0.999999 -0.000002
vn 0.001329 -0.999999 0.000000
vn 0.001327 -0.999999 -0.000001
vn 0.001330 -0.999999 -0.000000
vn 0.001329 -0.999999 0.000001
vn 0.001328 -0.999999 -0.000001
vn 0.001329 -0.999999 -0.000000
vn 0.001329 -0.999999 0.000001
vn 0.001329 -0.999999 0.000003
vn 0.001326 -0.999999 -0.000001
vn 0.001330 -0.999999 -0.000000
vn 0.001327 -0.999999 -0.000000
vn 0.001329 -0.999999 -0.000002
vn 0.001328 -0.999999 -0.000004
vn 0.001329 -0.999999 -0.000000
vn 0.001328 -0.999999 -0.000000
vn 0.001330 -0.999999 -0.000000
vn 0.001333 -0.999999 0.000000
vn 0.001329 -0.999999 0.000000
vn 0.001330 -0.999999 0.000004
vn 0.001327 -0.999999 -0.000000
vn 0.001329 -0.999999 -0.000001
vn 0.001328 -0.999999 -0.000002
vn 0.001328 -0.999999 -0.000002
vn 0.001329 -0.999999 0.000003
vn 0.001330 -0.999999 0.000001
vn 0.001326 -0.999999 -0.000001
vn 0.001329 -0.999999 -0.000000
vn 0.001328 -0.999999 -0.000001
vn 0.001332 -0.999999 0.000001
vn 0.001328 -0.999999 0.000000
vn 0.001330 -0.999999 0.000003
vn 0.001328 -0.999999 -0.000002
vn 0.001329 -0.999999 0.000000
vn 0.001330 -0.999999 0.000000
vn 0.001329 -0.999999 -0.000000
vn 0.001327 -0.999999 -0.000001
vn 0.001328 -0.999999 -0.000000
vn 0.001330 -0.999999 0.000001
vn 0.001328 -0.999999 -0.000002
vn 0.001328 -0.999999 -0.000001
vn 0.001327 -0.999999 -0.000001
vn 0.001330 -0.999999 0.000001
vn 0.001328 -0.999999 -0.000002
vn 0.001329 -0.999999 0.000000
vn 0.001332 -0.999999 0.000003
vn 0.001329 -0.999999 0.000001
vn 0.001330 -0.999999 0.000001
vn 0.001326 -0.999999 -0.000002
vn 0.001330 -0.999999 -0.000000
vn 0.001327 -0.999999 -0.000003
vn 0.001330 -0.999999 0.000001
vn 0.001332 -0.999999 0.000003
vn 0.001330 -0.999999 0.000002
vn 0.001329 -0.999999 0.000001
vn 0.001326 -0.999999 -0.000002
vn 0.001328 -0.999999 -0.000000
vn 0.001329 -0.999999 0.000001
vn 0.001328 -0.999999 -0.000001
vn 0.001331 -0.999999 0.000002
vn 0.001329 -0.999999 0.000001
vn 0.001330 -0.999999 0.000000
vn 0.001325 -0.999999 -0.000003
vn 0.999698 0.001328 0.024542
vn 0.999698 0.001328 0.024542
vn 0.997290 0.001325 0.073564
vn 0.992479 0.001319 0.122411
vn 0.997290 0.001325 0.073564
vn 0.992479 0.001319 0.122411
vn 0.985277 0.001309 0.170961
vn 0.985277 0.001309 0.170961
vn 0.975701 0.001297 0.219102
vn 0.963775 0.001281 0.266712
vn 0.975701 0.001297 0.219102
vn 0.963775 0.001281 0.266712
vn 0.949527 0.001262 0.313682
vn 0.949527 0.001262 0.313682
vn 0.932992 0.001240 0.359894
vn 0.932992 0.001240 0.359894
vn 0.914209 0.001215 0.405242
vn 0.914209 0.001215 0.405242
vn 0.893223 0.001187 0.449612
vn 0.893223 0.001187 0.449612
vn 0.870085 0.001157 0.492900
vn 0.844854 0.001123 0.534996
vn 0.870087 0.001156 0.492897
vn 0.844852 0.001123 0.534999
vn 0.817584 0.001086 0.575808
vn 0.817584 0.001086 0.575808
vn 0.788346 0.001048 0.615231
vn 0.788346 0.001048 0.615231
vn 0.757206 0.001007 0.653175
vn 0.757210 0.001006 0.653171
vn 0.724248 0.000962 0.689539
vn 0.724244 0.000963 0.689543
vn 0.689540 0.000916 0.724247
vn 0.689540 0.000916 0.724247
vn 0.653169 0.000868 0.757212
vn 0.653170 0.000868 0.757211
vn 0.615232 0.000817 0.788345
vn 0.615232 0.000818 0.788346
vn 0.575811 0.000765 0.817582
vn 0.575811 0.000765 0.817582
vn 0.534995 0.000711 0.844855
vn 0.534995 0.000711 0.844855
vn 0.492900 0.000655 0.870086
vn 0.492900 0.000655 0.870086
vn 0.449610 0.000597 0.893224
vn 0.449611 0.000597 0.893225
vn 0.405241 0.000539 0.914210
vn 0.405241 0.000539 0.914210
vn 0.359891 0.000478 0.932994
vn 0.359891 0.000478 0.932994
vn 0.313686 0.000417 0.949527
vn 0.313686 0.000417 0.949527
vn 0.266712 0.000354 0.963776
vn 0.266712 0.000354 0.963776
vn 0.219101 0.000291 0.975702
vn 0.219101 0.000291 0.975702
vn 0.170961 0.000227 0.985278
vn 0.170961 0.000227 0.985278
vn 0.122409 0.000163 0.992480
vn 0.122409 0.000163 0.992480
vn 0.073562 0.000098 0.997291
vn 0.073562 0.000098 0.997291
vn 0.024544 0.000033 0.999699
vn 0.024544 0.000033 0.999699
vn -0.024544 -0.000033 0.999699
vn -0.024544 -0.000033 0.999699
vn -0.073562 -0.000098 0.997291
vn -0.073562 -0.000098 0.997291
vn -0.122409 -0.000163 0.992480
vn -0.170961 -0.000227 0.985278
vn -0.122409 -0.000163 0.992480
vn -0.170961 -0.000227 0.985278
vn -0.219101 -0.000291 0.975702
vn -0.219101 -0.000291 0.975702
vn -0.266712 -0.000354 0.963776
vn -0.313686 -0.000417 0.949527
vn -0.266712 -0.000354 0.963776
vn -0.313686 -0.000417 0.949527
vn -0.359891 -0.000478 0.932994
vn -0.359891 -0.000478 0.932994
vn -0.405241 -0.000539 0.914210
vn -0.405241 -0.000539 0.914210
vn -0.449611 -0.000597 0.893224
vn -0.449611 -0.000597 0.893224
vn -0.492900 -0.000655 0.870086
vn -0.492900 -0.000655 0.870086
vn -0.534995 -0.000711 0.844855
vn -0.534995 -0.000711 0.844855
vn -0.575811 -0.000765 0.817583
vn -0.575811 -0.000765 0.817583
vn -0.615232 -0.000818 0.788345
vn -0.615232 -0.000818 0.788345
vn -0.653170 -0.000868 0.757211
vn -0.653170 -0.000868 0.757211
vn -0.689540 -0.000916 0.724247
vn -0.689540 -0.000916 0.724247
vn -0.724245 -0.000962 0.689542
vn -0.724249 -0.000962 0.689538
vn -0.757206 -0.001006 0.653175
vn -0.757210 -0.001006 0.653171
vn -0.788346 -0.001048 0.615231
vn -0.788346 -0.001048 0.615231
vn -0.817583 -0.001086 0.575809
vn -0.817583 -0.001086 0.575809
vn -0.844852 -0.001123 0.534999
vn -0.844854 -0.001122 0.534996
vn -0.870085 -0.001156 0.492900
vn -0.870087 -0.001156 0.492897
vn -0.893223 -0.001187 0.449612
vn -0.893224 -0.001187 0.449611
vn -0.914209 -0.001215 0.405241
vn -0.914209 -0.001215 0.405242
vn -0.932992 -0.001240 0.359896
vn -0.932992 -0.001240 0.359896
vn -0.949527 -0.001262 0.313682
vn -0.949527 -0.001262 0.313682
vn -0.963775 -0.001281 0.266712
vn -0.963775 -0.001281 0.266712
vn -0.975701 -0.001297 0.219102
vn -0.975701 -0.001297 0.219102
vn -0.985277 -0.001309 0.170961
vn -0.985277 -0.001309 0.170961
vn -0.992479 -0.001319 0.122411
vn -0.992479 -0.001319 0.122411
vn -0.997290 -0.001325 0.073564
vn -0.997290 -0.001325 0.073564
vn -0.999698 -0.001328 0.024542
vn -0.999698 -0.001328 0.024542
vn 0.999698 0.001328 0.024542
vn 0.999698 0.001328 0.024542
vn 0.997290 0.001325 0.073564
vn 0.992479 0.001319 0.122411
vn 0.997290 0.001325 0.073564
vn 0.992479 0.001319 0.122411
vn 0.985277 0.001309 0.170961
vn 0.985277 0.001309 0.170961
vn 0.975701 0.001297 0.219102
vn 0.963775 0.001281 0.266712
vn 0.975701 0.001297 0.219102
vn 0.963775 0.001281 0.266712
vn 0.949527 0.001262 0.313682
vn 0.949527 0.001262 0.313682
vn 0.932992 0.001240 0.359896
vn 0.932992 0.001240 0.359896
vn 0.914209 0.001215 0.405241
vn 0.914209 0.001215 0.405242
vn 0.893223 0.001187 0.449612
vn 0.893224 0.001187 0.449611
vn 0.870087 0.001156 0.492897
vn 0.844852 0.001123 0.534999
vn 0.870087 0.001156 0.492897
vn 0.844852 0.001123 0.534999
vn 0.817583 0.001086 0.575809
vn 0.817583 0.001086 0.575809
vn 0.788346 0.001048 0.615231
vn 0.788346 0.001048 0.615231
vn 0.757210 0.001006 0.653171
vn 0.757210 0.001006 0.653171
vn 0.724245 0.000962 0.689542
vn 0.724245 0.000962 0.689542
vn 0.689540 0.000916 0.724247
vn 0.689540 0.000916 0.724247
vn 0.653174 0.000868 0.757207
vn 0.653170 0.000869 0.757211
vn 0.615227 0.000818 0.788349
vn 0.615232 0.000818 0.788345
vn 0.575811 0.000765 0.817583
vn 0.575811 0.000765 0.817583
vn 0.534995 0.000711 0.844855
vn 0.534995 0.000711 0.844855
vn 0.492900 0.000655 0.870086
vn 0.492900 0.000655 0.870086
vn 0.449611 0.000597 0.893224
vn 0.449611 0.000597 0.893224
vn 0.405241 0.000539 0.914210
vn 0.405241 0.000539 0.914210
vn 0.359891 0.000478 0.932994
vn 0.359891 0.000478 0.932994
vn 0.313686 0.000417 0.949527
vn 0.313686 0.000417 0.949527
vn 0.266712 0.000354 0.963776
vn 0.266712 0.000354 0.963776
vn 0.219101 0.000291 0.975702
vn 0.219101 0.000291 0.975702
vn 0.170961 0.000227 0.985278
vn 0.170961 0.000227 0.985278
vn 0.122409 0.000163 0.992480
vn 0.122409 0.000163 0.992480
vn 0.073562 0.000098 0.997291
vn 0.073562 0.000098 0.997291
vn 0.024544 0.000033 0.999699
vn 0.024544 0.000033 0.999699
vn -0.024544 -0.000033 0.999699
vn -0.024544 -0.000033 0.999699
vn -0.073562 -0.000098 0.997291
vn -0.073562 -0.000098 0.997291
vn -0.122409 -0.000163 0.992480
vn -0.170961 -0.000227 0.985278
vn -0.122409 -0.000163 0.992480
vn -0.170961 -0.000227 0.985278
vn -0.219101 -0.000291 0.975702
vn -0.219101 -0.000291 0.975702
vn -0.266712 -0.000354 0.963776
vn -0.313686 -0.000417 0.949527
vn -0.266712 -0.000354 0.963776
vn -0.313686 -0.000417 0.949527
vn -0.359891 -0.000478 0.932994
vn -0.359891 -0.000478 0.932994
vn -0.405241 -0.000539 0.914210
vn -0.405241 -0.000539 0.914210
vn -0.449611 -0.000597 0.893225
vn -0.449611 -0.000597 0.893224
vn -0.492900 -0.000655 0.870086
vn -0.492900 -0.000655 0.870086
vn -0.534995 -0.000711 0.844855
vn -0.534995 -0.000711 0.844855
vn -0.575811 -0.000765 0.817582
vn -0.575811 -0.000765 0.817582
vn -0.615227 -0.000818 0.788350
vn -0.615232 -0.000817 0.788345
vn -0.653174 -0.000867 0.757207
vn -0.653169 -0.000868 0.757212
vn -0.689540 -0.000916 0.724247
vn -0.689540 -0.000916 0.724247
vn -0.724244 -0.000962 0.689543
vn -0.724244 -0.000962 0.689543
vn -0.757210 -0.001006 0.653171
vn -0.757210 -0.001006 0.653171
vn -0.788346 -0.001048 0.615231
vn -0.788346 -0.001048 0.615231
vn -0.817584 -0.001086 0.575808
vn -0.817584 -0.001086 0.575808
vn -0.844852 -0.001123 0.534999
vn -0.844852 -0.001123 0.534999
vn -0.870087 -0.001156 0.492897
vn -0.870087 -0.001156 0.492897
vn -0.893223 -0.001187 0.449612
vn -0.893223 -0.001187 0.449612
vn -0.914209 -0.001215 0.405242
vn -0.914209 -0.001215 0.405242
vn -0.932992 -0.001240 0.359894
vn -0.932992 -0.001240 0.359894
vn -0.949527 -0.001262 0.313682
vn -0.949527 -0.001262 0.313682
vn -0.963775 -0.001281 0.266712
vn -0.963775 -0.001281 0.266712
vn -0.975701 -0.001297 0.219102
vn -0.975701 -0.001297 0.219102
vn -0.985277 -0.001309 0.170961
vn -0.985277 -0.001309 0.170961
vn -0.992479 -0.001319 0.122411
vn -0.992479 -0.001319 0.122411
vn -0.997290 -0.001325 0.073564
vn -0.997290 -0.001325 0.073564
vn -0.999698 -0.001328 0.024542
vn -0.999698 -0.001328 0.024542
f 1//1 2//1 3//1
f 2//2 4//2 3//2
f 4//3 5//3 3//3
f 4//4 6//4 5//4
f 6//5 7//5 5//5
f 7//6 8//6 5//6
f 9//7 8//7 7//7
f 10//8 11//8 12//8
f 9//9 13//9 8//9
f 13//10 14//10 8//10
f 14//11 15//11 8//11
f 10//12 16//12 11//12
f 11//13 16//13 17//13
f 17//14 16//14 18//14
f 14//15 19//15 15//15
f 16//16 20//16 18//16
f 19//17 21//17 15//17
f 21//18 22//18 15//18
f 22//19 23//19 15//19
f 20//20 24//20 25//20
f 16//21 24//21 20//21
f 24//22 26//22 25//22
f 22//23 27//23 23//23
f 27//24 28//24 23//24
f 28//25 29//25 23//25
f 29//26 30//26 23//26
f 26//27 31//27 32//27
f 32//28 31//28 33//28
f 24//29 31//29 26//29
f 31//30 34//30 33//30
f 29//31 35//31 30//31
f 35//32 36//32 30//32
f 36//33 37//33 30//33
f 37//34 38//34 30//34
f 34//35 39//35 40//35
f 40//36 39//36 41//36
f 31//37 39//37 34//37
f 39//38 42//38 41//38
f 37//39 43//39 38//39
f 43//40 44//40 38//40
f 44//41 45//41 38//41
f 45//42 46//42 38//42
f 46//43 47//43 38//43
f 42//44 48//44 49//44
f 49//45 48//45 50//45
f 50//46 48//46 51//46
f 39//47 48//47 42//47
f 46//48 52//48 47//48
f 52//49 53//49 47//49
f 53//50 54//50 47//50
f 54//51 55//51 47//51
f 47//52 55//52 56//52
f 48//53 57//53 51//53
f 51//54 57//54 58//54
f 58//55 57//55 59//55
f 59//56 57//56 60//56
f 57//57 61//57 60//57
f 55//58 62//58 56//58
f 62//59 63//59 56//59
f 63//60 64//60 56//60
f 64//61 65//61 56//61
f 65//62 66//62 56//62
f 57//63 67//63 61//63
f 61//64 67//64 68//64
f 68//65 67//65 69//65
f 69//66 67//66 70//66
f 70//67 67//67 71//67
f 65//68 72//68 66//68
f 72//69 73//69 66//69
f 73//70 74//70 66//70
f 74//71 75//71 66//71
f 75//72 76//72 66//72
f 67//73 77//73 71//73
f 71//74 77//74 78//74
f 78//75 77//75 79//75
f 79//76 77//76 80//76
f 80//77 77//77 81//77
f 81//78 77//78 82//78
f 66//79 83//79 84//79
f 76//80 83//80 66//80
f 83//81 85//81 84//81
f 85//82 86//82 84//82
f 86//83 87//83 84//83
f 87//84 88//84 84//84
f 88//85 89//85 84//85
f 89//86 90//86 84//86
f 90//87 91//87 84//87
f 82//88 92//88 93//88
f 93//89 92//89 94//89
f 94//90 92//90 95//90
f 95//91 92//91 96//91
f 96//92 92//92 97//92
f 97//93 92//93 98//93
f 77//94 92//94 82//94
f 91//95 99//95 84//95
f 99//96 100//96 84//96
f 84//97 100//97 101//97
f 100//98 102//98 101//98
f 102//99 103//99 101//99
f 103//100 104//100 101//100
f 104//101 105//101 101//101
f 105//102 106//102 101//102
f 106//103 107//103 101//103
f 107//104 108//104 101//104
f 108//105 109//105 101//105
f 109//106 110//106 101//106
f 92//107 111//107 98//107
f 98//108 111//108 112//108
f 112//109 111//109 113//109
f 113//110 111//110 114//110
f 114//111 111//111 115//111
f 115//112 111//112 116//112
f 116//113 111//113 117//113
f 117//114 111//114 118//114
f 118//115 111//115 119//115
f 111//116 120//116 119//116
f 119//117 120//117 121//117
f 121//118 120//118 122//118
f 122//119 120//119 123//119
f 123//120 120//120 124//120
f 124//121 120//121 125//121
f 125//122 120//122 126//122
f 126//123 120//123 127//123
f 127//124 120//124 128//124
f 109//125 129//125 110//125
f 120//126 129//126 128//126
f 128//127 129//127 109//127
f 110//128 130//128 131//128
f 129//129 130//129 110//129
f 131//130 132//130 133//130
f 130//131 132//131 131//131
f 133//132 134//132 135//132
f 132//133 134//133 133//133
f 135//134 136//134 137//134
f 134//135 136//135 135//135
f 137//136 138//136 139//136
f 136//137 138//137 137//137
f 139//138 140//138 141//138
f 138//139 140//139 139//139
f 141//140 142//140 143//140
f 140//141 142//141 141//141
f 143//142 144//142 145//142
f 142//143 144//143 143//143
f 146//144 147//144 148//144
f 145//145 147//145 146//145
f 148//146 149//146 146//146
f 145//147 150//147 147//147
f 144//148 150//148 145//148
f 144//149 151//149 150//149
f 149//150 152//150 146//150
f 152//151 153//151 146//151
f 153//152 154//152 146//152
f 146//153 154//153 155//153
f 154//154 156//154 155//154
f 156//155 157//155 155//155
f 157//156 158//156 155//156
f 158//157 159//157 155//157
f 144//158 160//158 151//158
f 161//159 160//159 162//159
f 163//160 160//160 161//160
f 164//161 160//161 163//161
f 165//162 160//162 164//162
f 166//163 160//163 165//163
f 167//164 160//164 166//164
f 151//165 160//165 167//165
f 159//166 168//166 155//166
f 168//167 169//167 155//167
f 155//168 169//168 170//168
f 169//169 171//169 170//169
f 171//170 172//170 170//170
f 172//171 173//171 170//171
f 173//172 174//172 170//172
f 170//173 174//173 175//173
f 160//174 176//174 162//174
f 177//175 176//175 178//175
f 179//176 176//176 177//176
f 180//177 176//177 179//177
f 181//178 176//178 180//178
f 182//179 176//179 181//179
f 183//180 176//180 182//180
f 184//181 176//181 183//181
f 162//182 176//182 184//182
f 174//183 185//183 175//183
f 185//184 186//184 175//184
f 186//185 187//185 175//185
f 188//186 189//186 190//186
f 191//187 189//187 188//187
f 192//188 189//188 191//188
f 178//189 189//189 192//189
f 176//190 189//190 178//190
f 189//191 193//191 190//191
f 175//192 194//192 195//192
f 187//193 194//193 175//193
f 194//194 196//194 195//194
f 196//195 197//195 195//195
f 198//196 199//196 200//196
f 201//197 199//197 198//197
f 193//198 199//198 201//198
f 189//199 199//199 193//199
f 197//200 202//200 195//200
f 195//201 202//201 203//201
f 199//202 204//202 200//202
f 202//203 205//203 203//203
f 205//204 206//204 203//204
f 206//205 207//205 203//205
f 199//206 208//206 204//206
f 209//207 208//207 210//207
f 211//208 208//208 209//208
f 204//209 208//209 211//209
f 206//210 212//210 207//210
f 208//211 213//211 210//211
f 212//212 214//212 207//212
f 214//213 215//213 207//213
f 215//214 216//214 207//214
f 208//215 217//215 213//215
f 218//216 217//216 219//216
f 213//217 217//217 218//217
f 217//218 220//218 219//218
f 215//219 221//219 216//219
f 221//220 222//220 216//220
f 222//221 223//221 216//221
f 224//222 225//222 226//222
f 220//223 225//223 224//223
f 217//224 225//224 220//224
f 222//225 227//225 223//225
f 225//226 228//226 226//226
f 227//227 229//227 223//227
f 229//228 230//228 223//228
f 230//229 231//229 223//229
f 228//230 232//230 233//230
f 225//231 232//231 228//231
f 232//232 234//232 233//232
f 230//233 235//233 231//233
f 235//234 236//234 231//234
f 236//235 237//235 231//235
f 238//236 239//236 240//236
f 234//237 239//237 238//237
f 232//238 239//238 234//238
f 236//239 241//239 237//239
f 239//240 242//240 240//240
f 241//241 243//241 237//241
f 243//242 244//242 237//242
f 242//243 245//243 246//243
f 239//244 245//244 242//244
f 243//245 247//245 244//245
f 245//246 248//246 246//246
f 247//247 249//247 244//247
f 249//248 250//248 244//248
f 251//249 250//249 249//249
f 245//250 252//250 248//250
f 248//251 252//251 253//251
f 252//252 254//252 253//252
f 251//253 255//253 250//253
f 252//254 256//254 254//254
f 255//255 257//255 250//255
f 257//256 258//256 250//256
f 256//257 259//257 260//257
f 252//258 259//258 256//258
f 257//259 261//259 258//259
f 259//260 262//260 260//260
f 261//261 263//261 258//261
f 263//262 264//262 258//262
f 262//263 265//263 266//263
f 259//264 265//264 262//264
f 263//265 267//265 264//265
f 265//266 268//266 266//266
f 267//267 269//267 264//267
f 269//268 270//268 264//268
f 270//269 271//269 264//269
f 268//270 272//270 273//270
f 265//271 272//271 268//271
f 272//272 274//272 273//272
f 270//273 275//273 271//273
f 275//274 276//274 271//274
f 276//275 277//275 271//275
f 278//276 279//276 280//276
f 274//277 279//277 278//277
f 272//278 279//278 274//278
f 276//279 281//279 277//279
f 279//280 282//280 280//280
f 281//281 283//281 277//281
f 283//282 284//282 277//282
f 284//283 285//283 277//283
f 286//284 287//284 288//284
f 282//285 287//285 286//285
f 279//286 287//286 282//286
f 284//287 289//287 285//287
f 287//288 290//288 288//288
f 289//289 291//289 285//289
f 291//290 292//290 285//290
f 292//291 293//291 285//291
f 294//292 295//292 296//292
f 290//293 295//293 294//293
f 287//294 295//294 290//294
f 292//295 297//295 293//295
f 297//296 298//296 293//296
f 298//297 299//297 293//297
f 299//298 300//298 293//298
f 300//299 301//299 293//299
f 302//300 303//300 304//300
f 305//301 303//301 302//301
f 296//302 303//302 305//302
f 295//303 303//303 296//303
f 303//304 306//304 304//304
f 300//305 307//305 301//305
f 307//306 308//306 301//306
f 308//307 309//307 301//307
f 309//308 310//308 301//308
f 310//309 311//309 301//309
f 303//310 312//310 306//310
f 313//311 312//311 314//311
f 315//312 312//312 313//312
f 306//313 312//313 315//313
f 310//314 316//314 311//314
f 316//315 317//315 311//315
f 317//316 318//316 311//316
f 318//317 319//317 311//317
f 320//318 321//318 322//318
f 323//319 321//319 320//319
f 312//320 321//320 314//320
f 324//321 321//321 323//321
f 314//322 321//322 324//322
f 319//323 325//323 311//323
f 311//324 325//324 326//324
f 325//325 327//325 326//325
f 327//326 328//326 326//326
f 328//327 329//327 326//327
f 329//328 330//328 326//328
f 330//329 331//329 326//329
f 331//330 332//330 326//330
f 333//331 334//331 335//331
f 336//332 334//332 333//332
f 337//333 334//333 336//333
f 322//334 334//334 337//334
f 321//335 334//335 322//335
f 338//336 334//336 339//336
f 335//337 334//337 338//337
f 332//338 340//338 326//338
f 326//339 341//339 342//339
f 340//340 341//340 326//340
f 341//341 343//341 342//341
f 343//342 344//342 342//342
f 344//343 345//343 342//343
f 345//344 346//344 342//344
f 346//345 347//345 342//345
f 347//346 348//346 342//346
f 348//347 349//347 342//347
f 349//348 350//348 342//348
f 334//349 351//349 339//349
f 352//350 351//350 353//350
f 354//351 351//351 352//351
f 355//352 351//352 354//352
f 356//353 351//353 355//353
f 357//354 351//354 356//354
f 358//355 351//355 357//355
f 339//356 351//356 358//356
f 359//357 360//357 361//357
f 362//358 360//358 359//358
f 363//359 360//359 362//359
f 364//360 360//360 363//360
f 365//361 360//361 364//361
f 366//362 360//362 365//362
f 353//363 360//363 366//363
f 351//364 360//364 353//364
f 360//365 367//365 361//365
f 349//366 367//366 350//366
f 361//367 367//367 349//367
f 350//368 367//368 368//368
f 367//369 369//369 368//369
f 368//370 369//370 370//370
f 369//371 371//371 370//371
f 371//372 372//372 370//372
f 370//373 372//373 373//373
f 372//374 374//374 373//374
f 373//375 374//375 375//375
f 374//376 376//376 375//376
f 375//377 376//377 377//377
f 377//378 376//378 378//378
f 376//379 379//379 378//379
f 379//380 380//380 378//380
f 378//381 380//381 381//381
f 380//382 382//382 381//382
f 381//383 382//383 383//383
f 384//384 385//384 386//384
f 386//385 387//385 384//385
f 385//386 388//386 386//386
f 382//387 389//387 383//387
f 386//388 389//388 387//388
f 383//389 389//389 386//389
f 388//390 390//390 386//390
f 382//391 391//391 389//391
f 390//392 392//392 386//392
f 392//393 393//393 386//393
f 393//394 394//394 386//394
f 386//395 394//395 395//395
f 394//396 396//396 395//396
f 396//397 397//397 395//397
f 397//398 398//398 395//398
f 398//399 399//399 395//399
f 399//400 400//400 395//400
f 400//401 401//401 395//401
f 402//402 403//402 404//402
f 405//403 403//403 402//403
f 406//404 403//404 405//404
f 407//405 403//405 406//405
f 408//406 403//406 407//406
f 409//407 403//407 408//407
f 410//408 403//408 409//408
f 391//409 403//409 410//409
f 382//410 403//410 391//410
f 401//411 411//411 395//411
f 411//412 412//412 395//412
f 412//413 413//413 395//413
f 395//414 413//414 414//414
f 413//415 415//415 414//415
f 415//416 416//416 414//416
f 416//417 417//417 414//417
f 417//418 418//418 414//418
f 418//419 419//419 414//419
f 420//420 421//420 422//420
f 423//421 421//421 420//421
f 424//422 421//422 423//422
f 425//423 421//423 424//423
f 426//424 421//424 425//424
f 427//425 421//425 426//425
f 428//426 421//426 427//426
f 404//427 421//427 428//427
f 403//428 421//428 404//428
f 419//429 429//429 414//429
f 414//430 429//430 430//430
f 429//431 431//431 430//431
f 431//432 432//432 430//432
f 432//433 433//433 430//433
f 433//434 434//434 430//434
f 434//435 435//435 430//435
f 436//436 437//436 438//436
f 439//437 437//437 436//437
f 440//438 437//438 439//438
f 441//439 437//439 440//439
f 442//440 437//440 441//440
f 422//441 437//441 442//441
f 421//442 437//442 422//442
f 434//443 443//443 435//443
f 443//444 444//444 435//444
f 444//445 445//445 435//445
f 445//446 446//446 435//446
f 446//447 447//447 435//447
f 438//448 448//448 449//448
f 437//449 448//449 438//449
f 450//450 448//450 451//450
f 452//451 448//451 450//451
f 449//452 448//452 452//452
f 446//453 453//453 447//453
f 448//454 454//454 451//454
f 453//455 455//455 447//455
f 455//456 456//456 447//456
f 456//457 457//457 447//457
f 457//458 458//458 447//458
f 448//459 459//459 454//459
f 460//460 459//460 461//460
f 462//461 459//461 460//461
f 454//462 459//462 462//462
f 459//463 463//463 461//463
f 457//464 464//464 458//464
f 464//465 465//465 458//465
f 465//466 466//466 458//466
f 466//467 467//467 458//467
f 459//468 468//468 463//468
f 469//469 468//469 470//469
f 471//470 468//470 469//470
f 463//471 468//471 471//471
f 466//472 472//472 467//472
f 468//473 473//473 470//473
f 472//474 474//474 467//474
f 474//475 475//475 467//475
f 475//476 476//476 467//476
f 468//477 477//477 473//477
f 478//478 477//478 479//478
f 473//479 477//479 478//479
f 475//480 480//480 476//480
f 477//481 481//481 479//481
f 480//482 482//482 476//482
f 482//483 483//483 476//483
f 483//484 484//484 476//484
f 477//485 485//485 481//485
f 486//486 485//486 487//486
f 481//487 485//487 486//487
f 483//488 488//488 484//488
f 485//489 489//489 487//489
f 488//490 490//490 484//490
f 490//491 491//491 484//491
f 491//492 492//492 484//492
f 485//493 493//493 489//493
f 489//494 493//494 494//494
f 493//495 495//495 494//495
f 491//496 496//496 492//496
f 493//497 497//497 495//497
f 496//498 498//498 492//498
f 499//499 500//499 498//499
f 498//500 500//500 492//500
f 497//501 501//501 502//501
f 493//502 501//502 497//502
f 501//503 503//503 502//503
f 499//504 504//504 500//504
f 505//505 506//505 507//505
f 503//506 506//506 505//506
f 501//507 506//507 503//507
f 506//508 508//508 507//508
f 506//509 509//509 508//509
f 508//510 509//510 510//510
f 511//511 512//511 513//511
f 513//512 514//512 515//512
f 512//513 514//513 513//513
f 515//514 516//514 517//514
f 514//515 516//515 515//515
f 516//516 518//516 517//516
f 517//517 518//517 519//517
f 518//518 520//518 519//518
f 519//519 520//519 521//519
f 520//520 522//520 521//520
f 521//521 522//521 523//521
f 522//522 524//522 523//522
f 523//523 524//523 525//523
f 524//524 526//524 525//524
f 525//525 526//525 527//525
f 526//526 528//526 527//526
f 527//527 528//527 529//527
f 528//528 530//528 529//528
f 529//529 530//529 531//529
f 530//530 532//530 531//530
f 531//531 532//531 533//531
f 532//532 534//532 533//532
f 533//533 534//533 535//533
f 534//534 536//534 535//534
f 535//535 536//535 537//535
f 536//536 538//536 537//536
f 537//537 538//537 539//537
f 538//538 540//538 539//538
f 539//539 540//539 541//539
f 540//540 542//540 541//540
f 541//541 542//541 543//541
f 542//542 544//542 543//542
f 543//543 544//543 545//543
f 544//544 546//544 545//544
f 545//545 546//545 547//545
f 546//546 548//546 547//546
f 547//547 548//547 549//547
f 548//548 550//548 549//548
f 549//549 550//549 551//549
f 550//550 552//550 551//550
f 551//551 552//551 553//551
f 552//552 554//552 553//552
f 553//553 554//553 555//553
f 554//554 556//554 555//554
f 555//555 556//555 557//555
f 556//556 558//556 557//556
f 557//557 558//557 559//557
f 559//558 560//558 561//558
f 558//559 560//559 559//559
f 561//560 562//560 563//560
f 560//561 562//561 561//561
f 562//562 564//562 563//562
f 563//563 564//563 565//563
f 564//564 566//564 565//564
f 565//565 566//565 567//565
f 566//566 568//566 567//566
f 567//567 568//567 569//567
f 568//568 570//568 569//568
f 569//569 570//569 571//569
f 570//570 572//570 571//570
f 571//571 572//571 573//571
f 572//572 574//572 573//572
f 573//573 574//573 575//573
f 574//574 12//574 575//574
f 12//575 11//575 575//575
f 575//576 11//576 576//576
f 576//577 17//577 577//577
f 11//578 17//578 576//578
f 577//579 18//579 578//579
f 17//580 18//580 577//580
f 18//581 20//581 578//581
f 578//582 25//582 579//582
f 20//583 25//583 578//583
f 579//584 26//584 580//584
f 25//585 26//585 579//585
f 580//586 32//586 581//586
f 26//587 32//587 580//587
f 32//588 33//588 581//588
f 581//589 34//589 582//589
f 33//590 34//590 581//590
f 582//591 40//591 583//591
f 34//592 40//592 582//592
f 583//593 41//593 584//593
f 40//594 41//594 583//594
f 41//595 42//595 584//595
f 584//596 49//596 585//596
f 42//597 49//597 584//597
f 585//598 50//598 586//598
f 49//599 50//599 585//599
f 50//600 51//600 586//600
f 586//601 58//601 587//601
f 51//602 58//602 586//602
f 587//603 59//603 588//603
f 58//604 59//604 587//604
f 59//605 60//605 588//605
f 588//606 61//606 589//606
f 60//607 61//607 588//607
f 61//608 68//608 589//608
f 589//609 69//609 590//609
f 68//610 69//610 589//610
f 590//611 70//611 591//611
f 69//612 70//612 590//612
f 70//613 71//613 591//613
f 71//614 78//614 591//614
f 591//615 78//615 592//615
f 78//616 79//616 592//616
f 79//617 80//617 592//617
f 592//618 80//618 593//618
f 80//619 81//619 593//619
f 593//620 81//620 594//620
f 81//621 82//621 594//621
f 594//622 93//622 595//622
f 82//623 93//623 594//623
f 93//624 94//624 595//624
f 595//625 95//625 596//625
f 94//626 95//626 595//626
f 95//627 96//627 596//627
f 596//628 97//628 597//628
f 96//629 97//629 596//629
f 597//630 98//630 598//630
f 97//631 98//631 597//631
f 98//632 112//632 598//632
f 598//633 113//633 599//633
f 112//634 113//634 598//634
f 113//635 114//635 599//635
f 599//636 115//636 600//636
f 114//637 115//637 599//637
f 115//638 116//638 600//638
f 600//639 117//639 601//639
f 116//640 117//640 600//640
f 117//641 118//641 601//641
f 601//642 119//642 602//642
f 118//643 119//643 601//643
f 602//644 121//644 603//644
f 119//645 121//645 602//645
f 121//646 122//646 603//646
f 603//647 123//647 604//647
f 122//648 123//648 603//648
f 123//649 124//649 604//649
f 604//650 125//650 605//650
f 124//651 125//651 604//651
f 125//652 126//652 605//652
f 605//653 127//653 606//653
f 126//654 127//654 605//654
f 127//655 128//655 606//655
f 606//656 109//656 607//656
f 128//657 109//657 606//657
f 109//658 108//658 607//658
f 607//659 107//659 608//659
f 108//660 107//660 607//660
f 608//661 106//661 609//661
f 107//662 106//662 608//662
f 106//663 105//663 609//663
f 105//664 104//664 609//664
f 609//665 104//665 610//665
f 104//666 103//666 610//666
f 103//667 102//667 610//667
f 610//668 102//668 611//668
f 102//669 100//669 611//669
f 100//670 99//670 611//670
f 611//671 99//671 612//671
f 99//672 91//672 612//672
f 91//673 90//673 612//673
f 612//674 90//674 613//674
f 90//675 89//675 613//675
f 613//676 89//676 614//676
f 89//677 88//677 614//677
f 88//678 87//678 614//678
f 614//679 87//679 615//679
f 87//680 86//680 615//680
f 615//681 85//681 616//681
f 86//682 85//682 615//682
f 85//683 83//683 616//683
f 616//684 76//684 617//684
f 83//685 76//685 616//685
f 76//686 75//686 617//686
f 617//687 74//687 618//687
f 75//688 74//688 617//688
f 74//689 73//689 618//689
f 618//690 73//690 619//690
f 73//691 72//691 619//691
f 619//692 65//692 620//692
f 72//693 65//693 619//693
f 65//694 64//694 620//694
f 620//695 63//695 621//695
f 64//696 63//696 620//696
f 63//697 62//697 621//697
f 621//698 55//698 622//698
f 62//699 55//699 621//699
f 622//700 54//700 623//700
f 55//701 54//701 622//701
f 54//702 53//702 623//702
f 623//703 52//703 624//703
f 53//704 52//704 623//704
f 624//705 46//705 625//705
f 52//706 46//706 624//706
f 46//707 45//707 625//707
f 625//708 44//708 626//708
f 45//709 44//709 625//709
f 44//710 43//710 626//710
f 626//711 37//711 627//711
f 43//712 37//712 626//712
f 627//713 36//713 628//713
f 37//714 36//714 627//714
f 36//715 35//715 628//715
f 35//716 29//716 628//716
f 628//717 29//717 629//717
f 29//718 28//718 629//718
f 629//719 28//719 630//719
f 28//720 27//720 630//720
f 630//721 27//721 631//721
f 27//722 22//722 631//722
f 22//723 21//723 631//723
f 631//724 21//724 632//724
f 21//725 19//725 632//725
f 632//726 19//726 633//726
f 19//727 14//727 633//727
f 14//728 13//728 633//728
f 633//729 13//729 634//729
f 13//730 9//730 634//730
f 634//731 9//731 635//731
f 9//732 7//732 635//732
f 635//733 7//733 636//733
f 7//734 6//734 636//734
f 6//735 4//735 636//735
f 636//736 4//736 637//736
f 4//737 2//737 637//737
f 637//738 2//738 638//738
f 2//739 1//739 638//739
f 638//740 1//740 639//740
f 1//741 640//741 639//741
f 640//742 641//742 639//742
f 639//743 641//743 642//743
f 642//744 643//744 644//744
f 641//745 643//745 642//745
f 643//746 645//746 644//746
f 644//747 645//747 646//747
f 646//748 647//748 648//748
f 648//749 647//749 649//749
f 645//750 647//750 646//750
f 649//751 650//751 651//751
f 647//752 650//752 649//752
f 650//753 652//753 651//753
f 651//754 653//754 654//754
f 652//755 653//755 651//755
f 654//756 655//756 656//756
f 653//757 655//757 654//757
f 656//758 657//758 658//758
f 655//759 657//759 656//759
f 658//760 659//760 660//760
f 657//761 659//761 658//761
f 660//762 661//762 662//762
f 659//763 661//763 660//763
f 661//764 663//764 662//764
f 662//765 663//765 664//765
f 663//766 665//766 664//766
f 664//767 665//767 666//767
f 665//768 667//768 666//768
f 666//769 667//769 668//769
f 667//770 669//770 668//770
f 668//771 669//771 670//771
f 669//772 671//772 670//772
f 670//773 671//773 672//773
f 672//774 671//774 673//774
f 671//775 674//775 673//775
f 674//776 675//776 673//776
f 673//777 675//777 676//777
f 676//778 675//778 677//778
f 675//779 678//779 677//779
f 678//780 679//780 677//780
f 677//781 679//781 680//781
f 680//782 679//782 681//782
f 679//783 682//783 681//783
f 682//784 683//784 681//784
f 681//785 683//785 684//785
f 683//786 685//786 684//786
f 684//787 685//787 686//787
f 685//788 687//788 686//788
f 686//789 687//789 688//789
f 687//790 689//790 688//790
f 688//791 689//791 690//791
f 690//792 689//792 691//792
f 689//793 692//793 691//793
f 692//794 693//794 691//794
f 691//795 693//795 694//795
f 693//796 695//796 694//796
f 694//797 695//797 696//797
f 695//798 697//798 696//798
f 696//799 697//799 698//799
f 697//800 699//800 698//800
f 698//801 699//801 700//801
f 700//802 699//802 511//802
f 699//803 512//803 511//803
f 640//804 1//804 3//804
f 640//805 3//805 701//805
f 641//806 701//806 702//806
f 641//807 702//807 703//807
f 641//808 640//808 701//808
f 643//809 641//809 703//809
f 645//810 703//810 704//810
f 645//811 704//811 705//811
f 645//812 643//812 703//812
f 647//813 705//813 706//813
f 647//814 645//814 705//814
f 650//815 647//815 706//815
f 652//816 706//816 707//816
f 652//817 707//817 708//817
f 652//818 650//818 706//818
f 653//819 708//819 709//819
f 653//820 652//820 708//820
f 655//821 653//821 709//821
f 657//822 709//822 710//822
f 657//823 710//823 711//823
f 657//824 655//824 709//824
f 659//825 657//825 711//825
f 661//826 711//826 712//826
f 661//827 659//827 711//827
f 663//828 712//828 713//828
f 663//829 661//829 712//829
f 665//830 713//830 714//830
f 665//831 663//831 713//831
f 667//832 714//832 715//832
f 667//833 665//833 714//833
f 669//834 715//834 716//834
f 669//835 667//835 715//835
f 717//836 671//836 669//836
f 717//837 669//837 716//837
f 674//838 671//838 717//838
f 718//839 674//839 717//839
f 675//840 674//840 718//840
f 719//841 675//841 718//841
f 720//842 675//842 719//842
f 720//843 678//843 675//843
f 721//844 678//844 720//844
f 721//845 679//845 678//845
f 721//846 682//846 679//846
f 722//847 682//847 721//847
f 723//848 683//848 682//848
f 723//849 682//849 722//849
f 724//850 685//850 683//850
f 724//851 683//851 723//851
f 725//852 687//852 685//852
f 725//853 689//853 687//853
f 725//854 685//854 724//854
f 726//855 692//855 689//855
f 726//856 689//856 725//856
f 727//857 692//857 726//857
f 728//858 693//858 692//858
f 728//859 692//859 727//859
f 729//860 695//860 693//860
f 729//861 693//861 728//861
f 730//862 697//862 695//862
f 730//863 695//863 729//863
f 731//864 697//864 730//864
f 731//865 699//865 697//865
f 732//866 512//866 699//866
f 732//867 699//867 731//867
f 10//868 12//868 574//868
f 733//869 10//869 574//869
f 733//870 574//870 572//870
f 734//871 514//871 512//871
f 734//872 512//872 732//872
f 735//873 733//873 572//873
f 736//874 514//874 734//874
f 736//875 516//875 514//875
f 737//876 735//876 572//876
f 737//877 572//877 570//877
f 738//878 516//878 736//878
f 738//879 518//879 516//879
f 739//880 737//880 570//880
f 739//881 570//881 568//881
f 740//882 518//882 738//882
f 740//883 520//883 518//883
f 741//884 739//884 568//884
f 741//885 568//885 566//885
f 742//886 522//886 520//886
f 742//887 524//887 522//887
f 742//888 520//888 740//888
f 743//889 741//889 566//889
f 743//890 566//890 564//890
f 744//891 524//891 742//891
f 745//892 743//892 564//892
f 745//893 564//893 562//893
f 746//894 524//894 744//894
f 746//895 526//895 524//895
f 747//896 745//896 562//896
f 747//897 562//897 560//897
f 748//898 526//898 746//898
f 748//899 528//899 526//899
f 748//900 530//900 528//900
f 749//901 747//901 560//901
f 749//902 558//902 556//902
f 749//903 560//903 558//903
f 750//904 530//904 748//904
f 751//905 749//905 556//905
f 752//906 530//906 750//906
f 752//907 532//907 530//907
f 752//908 534//908 532//908
f 753//909 534//909 752//909
f 753//910 536//910 534//910
f 754//911 751//911 556//911
f 754//912 554//912 552//912
f 754//913 556//913 554//913
f 755//914 536//914 753//914
f 756//915 754//915 552//915
f 757//916 756//916 552//916
f 757//917 552//917 550//917
f 758//918 536//918 755//918
f 758//919 538//919 536//919
f 759//920 538//920 758//920
f 759//921 540//921 538//921
f 760//922 757//922 550//922
f 760//923 550//923 548//923
f 761//924 540//924 759//924
f 761//925 542//925 540//925
f 761//926 544//926 542//926
f 762//927 548//927 546//927
f 762//928 760//928 548//928
f 763//929 546//929 544//929
f 763//930 762//930 546//930
f 763//931 544//931 761//931
f 764//932 765//932 766//932
f 766//933 765//933 767//933
f 765//934 768//934 767//934
f 767//935 768//935 769//935
f 768//936 770//936 769//936
f 769//937 770//937 771//937
f 770//938 772//938 771//938
f 771//939 772//939 773//939
f 772//940 774//940 773//940
f 773//941 774//941 775//941
f 774//942 776//942 775//942
f 775//943 776//943 777//943
f 776//944 778//944 777//944
f 777//945 778//945 779//945
f 778//946 780//946 779//946
f 779//947 780//947 781//947
f 780//948 782//948 781//948
f 781//949 782//949 783//949
f 782//950 784//950 783//950
f 783//951 784//951 785//951
f 784//952 786//952 785//952
f 785//953 786//953 787//953
f 786//954 788//954 787//954
f 787//955 788//955 789//955
f 788//956 790//956 789//956
f 789//957 790//957 791//957
f 790//958 792//958 791//958
f 791//959 792//959 793//959
f 792//960 794//960 793//960
f 793//961 794//961 795//961
f 794//962 796//962 795//962
f 795//963 796//963 797//963
f 796//964 798//964 797//964
f 797//965 798//965 799//965
f 798//966 800//966 799//966
f 799//967 800//967 801//967
f 800//968 802//968 801//968
f 801//969 802//969 803//969
f 802//970 804//970 803//970
f 803//971 804//971 805//971
f 805//972 806//972 807//972
f 804//973 806//973 805//973
f 807//974 808//974 809//974
f 806//975 808//975 807//975
f 809//976 810//976 811//976
f 808//977 810//977 809//977
f 811//978 812//978 813//978
f 810//979 812//979 811//979
f 813//980 814//980 815//980
f 812//981 814//981 813//981
f 814//982 816//982 815//982
f 815//983 816//983 817//983
f 816//984 818//984 817//984
f 817//985 818//985 819//985
f 818//986 820//986 819//986
f 819//987 820//987 821//987
f 820//988 822//988 821//988
f 821//989 822//989 823//989
f 822//990 824//990 823//990
f 823//991 824//991 825//991
f 824//992 826//992 825//992
f 825//993 826//993 827//993
f 826//994 828//994 827//994
f 827//995 828//995 510//995
f 510//996 828//996 508//996
f 828//997 829//997 508//997
f 508//998 829//998 507//998
f 829//999 830//999 507//999
f 507//1000 830//1000 505//1000
f 830//1001 831//1001 505//1001
f 505//1002 831//1002 503//1002
f 503//1003 831//1003 502//1003
f 831//1004 832//1004 502//1004
f 502//1005 832//1005 497//1005
f 832//1006 833//1006 497//1006
f 497//1007 833//1007 495//1007
f 494//1008 834//1008 489//1008
f 833//1009 834//1009 495//1009
f 495//1010 834//1010 494//1010
f 489//1011 835//1011 487//1011
f 834//1012 835//1012 489//1012
f 487//1013 836//1013 486//1013
f 835//1014 836//1014 487//1014
f 486//1015 837//1015 481//1015
f 481//1016 837//1016 479//1016
f 836//1017 837//1017 486//1017
f 479//1018 838//1018 478//1018
f 837//1019 838//1019 479//1019
f 478//1020 839//1020 473//1020
f 473//1021 839//1021 470//1021
f 838//1022 839//1022 478//1022
f 470//1023 840//1023 469//1023
f 839//1024 840//1024 470//1024
f 469//1025 841//1025 471//1025
f 471//1026 841//1026 463//1026
f 840//1027 841//1027 469//1027
f 463//1028 842//1028 461//1028
f 461//1029 842//1029 460//1029
f 841//1030 842//1030 463//1030
f 460//1031 843//1031 462//1031
f 842//1032 843//1032 460//1032
f 843//1033 844//1033 462//1033
f 462//1034 844//1034 454//1034
f 454//1035 844//1035 451//1035
f 844//1036 845//1036 451//1036
f 451//1037 845//1037 450//1037
f 450//1038 845//1038 452//1038
f 845//1039 846//1039 452//1039
f 452//1040 846//1040 449//1040
f 449//1041 847//1041 438//1041
f 846//1042 847//1042 449//1042
f 438//1043 847//1043 436//1043
f 847//1044 848//1044 436//1044
f 436//1045 848//1045 439//1045
f 439//1046 848//1046 440//1046
f 440//1047 849//1047 441//1047
f 441//1048 849//1048 442//1048
f 848//1049 849//1049 440//1049
f 442//1050 850//1050 422//1050
f 849//1051 850//1051 442//1051
f 422//1052 851//1052 420//1052
f 420//1053 851//1053 423//1053
f 850//1054 851//1054 422//1054
f 423//1055 852//1055 424//1055
f 424//1056 852//1056 425//1056
f 851//1057 852//1057 423//1057
f 425//1058 853//1058 426//1058
f 426//1059 853//1059 427//1059
f 852//1060 853//1060 425//1060
f 427//1061 854//1061 428//1061
f 428//1062 854//1062 404//1062
f 853//1063 854//1063 427//1063
f 404//1064 855//1064 402//1064
f 854//1065 855//1065 404//1065
f 402//1066 856//1066 405//1066
f 405//1067 856//1067 406//1067
f 855//1068 856//1068 402//1068
f 856//1069 857//1069 406//1069
f 406//1070 857//1070 407//1070
f 407//1071 857//1071 408//1071
f 408//1072 858//1072 409//1072
f 409//1073 858//1073 410//1073
f 857//1074 858//1074 408//1074
f 410//1075 859//1075 391//1075
f 391//1076 859//1076 389//1076
f 858//1077 859//1077 410//1077
f 389//1078 860//1078 387//1078
f 387//1079 860//1079 384//1079
f 859//1080 860//1080 389//1080
f 384//1081 861//1081 385//1081
f 860//1082 861//1082 384//1082
f 385//1083 862//1083 388//1083
f 388//1084 862//1084 390//1084
f 861//1085 862//1085 385//1085
f 862//1086 863//1086 390//1086
f 390//1087 863//1087 392//1087
f 392//1088 863//1088 393//1088
f 863//1089 864//1089 393//1089
f 393//1090 864//1090 394//1090
f 394//1091 864//1091 396//1091
f 864//1092 865//1092 396//1092
f 396//1093 865//1093 397//1093
f 397//1094 865//1094 398//1094
f 865//1095 866//1095 398//1095
f 398//1096 866//1096 399//1096
f 866//1097 867//1097 399//1097
f 399//1098 867//1098 400//1098
f 400//1099 867//1099 401//1099
f 867//1100 868//1100 401//1100
f 401//1101 868//1101 411//1101
f 411//1102 868//1102 412//1102
f 868//1103 869//1103 412//1103
f 412//1104 869//1104 413//1104
f 413//1105 869//1105 415//1105
f 869//1106 870//1106 415//1106
f 415//1107 870//1107 416//1107
f 416//1108 870//1108 417//1108
f 870//1109 871//1109 417//1109
f 417//1110 871//1110 418//1110
f 871//1111 872//1111 418//1111
f 418//1112 872//1112 419//1112
f 419//1113 872//1113 429//1113
f 872//1114 873//1114 429//1114
f 429//1115 873//1115 431//1115
f 431//1116 873//1116 432//1116
f 873//1117 874//1117 432//1117
f 432//1118 874//1118 433//1118
f 433//1119 874//1119 434//1119
f 874//1120 875//1120 434//1120
f 434//1121 875//1121 443//1121
f 443//1122 876//1122 444//1122
f 444//1123 876//1123 445//1123
f 875//1124 876//1124 443//1124
f 445//1125 877//1125 446//1125
f 876//1126 877//1126 445//1126
f 446//1127 878//1127 453//1127
f 453//1128 878//1128 455//1128
f 877//1129 878//1129 446//1129
f 455//1130 879//1130 456//1130
f 456//1131 879//1131 457//1131
f 878//1132 879//1132 455//1132
f 879//1133 880//1133 457//1133
f 457//1134 880//1134 464//1134
f 464//1135 881//1135 465//1135
f 465//1136 881//1136 466//1136
f 880//1137 881//1137 464//1137
f 881//1138 882//1138 466//1138
f 466//1139 882//1139 472//1139
f 882//1140 883//1140 472//1140
f 472//1141 883//1141 474//1141
f 883//1142 884//1142 474//1142
f 474//1143 884//1143 475//1143
f 475//1144 884//1144 480//1144
f 884//1145 885//1145 480//1145
f 480//1146 885//1146 482//1146
f 885//1147 886//1147 482//1147
f 482//1148 886//1148 483//1148
f 483//1149 886//1149 488//1149
f 886//1150 887//1150 488//1150
f 488//1151 887//1151 490//1151
f 887//1152 888//1152 490//1152
f 490//1153 888//1153 491//1153
f 888//1154 889//1154 491//1154
f 491//1155 889//1155 496//1155
f 496//1156 889//1156 498//1156
f 889//1157 890//1157 498//1157
f 498//1158 890//1158 499//1158
f 504//1159 891//1159 892//1159
f 890//1160 891//1160 499//1160
f 499//1161 891//1161 504//1161
f 892//1162 893//1162 894//1162
f 891//1163 893//1163 892//1163
f 894//1164 895//1164 896//1164
f 893//1165 895//1165 894//1165
f 896//1166 897//1166 898//1166
f 895//1167 897//1167 896//1167
f 898//1168 899//1168 900//1168
f 897//1169 899//1169 898//1169
f 900//1170 901//1170 902//1170
f 899//1171 901//1171 900//1171
f 901//1172 903//1172 902//1172
f 902//1173 904//1173 905//1173
f 905//1174 904//1174 906//1174
f 903//1175 904//1175 902//1175
f 904//1176 907//1176 906//1176
f 906//1177 908//1177 909//1177
f 909//1178 908//1178 910//1178
f 907//1179 908//1179 906//1179
f 908//1180 911//1180 910//1180
f 910//1181 912//1181 913//1181
f 911//1182 912//1182 910//1182
f 913//1183 914//1183 915//1183
f 915//1184 914//1184 916//1184
f 912//1185 914//1185 913//1185
f 914//1186 917//1186 916//1186
f 916//1187 918//1187 919//1187
f 917//1188 918//1188 916//1188
f 918//1189 920//1189 919//1189
f 919//1190 920//1190 921//1190
f 920//1191 922//1191 921//1191
f 921//1192 922//1192 923//1192
f 923//1193 924//1193 925//1193
f 925//1194 924//1194 926//1194
f 922//1195 924//1195 923//1195
f 924//1196 927//1196 926//1196
f 926//1197 927//1197 928//1197
f 927//1198 929//1198 928//1198
f 928//1199 930//1199 931//1199
f 929//1200 930//1200 928//1200
f 931//1201 932//1201 933//1201
f 930//1202 932//1202 931//1202
f 933//1203 934//1203 935//1203
f 932//1204 934//1204 933//1204
f 935//1205 936//1205 937//1205
f 937//1206 936//1206 938//1206
f 934//1207 936//1207 935//1207
f 936//1208 939//1208 938//1208
f 938//1209 940//1209 941//1209
f 941//1210 940//1210 942//1210
f 939//1211 940//1211 938//1211
f 940//1212 943//1212 942//1212
f 942//1213 944//1213 945//1213
f 943//1214 944//1214 942//1214
f 945//1215 946//1215 947//1215
f 944//1216 946//1216 945//1216
f 947//1217 948//1217 949//1217
f 949//1218 948//1218 950//1218
f 946//1219 948//1219 947//1219
f 948//1220 951//1220 950//1220
f 950//1221 952//1221 953//1221
f 951//1222 952//1222 950//1222
f 953//1223 764//1223 766//1223
f 952//1224 764//1224 953//1224
f 504//1225 892//1225 500//1225
f 500//1226 892//1226 954//1226
f 954//1227 894//1227 955//1227
f 892//1228 894//1228 954//1228
f 955//1229 896//1229 956//1229
f 894//1230 896//1230 955//1230
f 956//1231 898//1231 957//1231
f 957//1232 898//1232 958//1232
f 896//1233 898//1233 956//1233
f 898//1234 900//1234 958//1234
f 958//1235 902//1235 959//1235
f 900//1236 902//1236 958//1236
f 959//1237 905//1237 960//1237
f 960//1238 905//1238 961//1238
f 902//1239 905//1239 959//1239
f 961//1240 906//1240 962//1240
f 905//1241 906//1241 961//1241
f 906//1242 909//1242 962//1242
f 962//1243 910//1243 963//1243
f 909//1244 910//1244 962//1244
f 963//1245 913//1245 964//1245
f 910//1246 913//1246 963//1246
f 964//1247 915//1247 965//1247
f 913//1248 915//1248 964//1248
f 965//1249 916//1249 966//1249
f 915//1250 916//1250 965//1250
f 916//1251 967//1251 966//1251
f 916//1252 919//1252 967//1252
f 967//1253 921//1253 968//1253
f 919//1254 921//1254 967//1254
f 968//1255 923//1255 969//1255
f 921//1256 923//1256 968//1256
f 925//1257 970//1257 923//1257
f 923//1258 970//1258 969//1258
f 926//1259 971//1259 925//1259
f 925//1260 971//1260 970//1260
f 928//1261 972//1261 926//1261
f 926//1262 972//1262 971//1262
f 928//1263 973//1263 972//1263
f 931//1264 973//1264 928//1264
f 931//1265 974//1265 973//1265
f 933//1266 974//1266 931//1266
f 935//1267 975//1267 933//1267
f 933//1268 975//1268 974//1268
f 935//1269 976//1269 975//1269
f 937//1270 976//1270 935//1270
f 938//1271 977//1271 937//1271
f 941//1272 977//1272 938//1272
f 937//1273 977//1273 976//1273
f 941//1274 978//1274 977//1274
f 942//1275 979//1275 941//1275
f 941//1276 979//1276 978//1276
f 945//1277 980//1277 942//1277
f 942//1278 980//1278 979//1278
f 947//1279 981//1279 945//1279
f 945//1280 981//1280 980//1280
f 949//1281 982//1281 947//1281
f 950//1282 982//1282 949//1282
f 947//1283 982//1283 981//1283
f 953//1284 983//1284 950//1284
f 950//1285 983//1285 982//1285
f 953//1286 984//1286 983//1286
f 766//1287 985//1287 953//1287
f 953//1288 985//1288 984//1288
f 509//1289 986//1289 510//1289
f 827//1290 986//1290 825//1290
f 510//1291 986//1291 827//1291
f 767//1292 987//1292 766//1292
f 766//1293 987//1293 985//1293
f 986//1294 988//1294 825//1294
f 767//1295 989//1295 987//1295
f 769//1296 989//1296 767//1296
f 988//1297 990//1297 825//1297
f 825//1298 990//1298 823//1298
f 769//1299 991//1299 989//1299
f 771//1300 991//1300 769//1300
f 773//1301 991//1301 771//1301
f 990//1302 992//1302 823//1302
f 823//1303 992//1303 821//1303
f 773//1304 993//1304 991//1304
f 992//1305 994//1305 821//1305
f 821//1306 994//1306 819//1306
f 773//1307 995//1307 993//1307
f 775//1308 995//1308 773//1308
f 777//1309 995//1309 775//1309
f 994//1310 996//1310 819//1310
f 819//1311 996//1311 817//1311
f 777//1312 997//1312 995//1312
f 996//1313 998//1313 817//1313
f 817//1314 998//1314 815//1314
f 779//1315 999//1315 777//1315
f 781//1316 999//1316 779//1316
f 777//1317 999//1317 997//1317
f 998//1318 1000//1318 815//1318
f 815//1319 1000//1319 813//1319
f 781//1320 1001//1320 999//1320
f 1000//1321 1002//1321 813//1321
f 811//1322 1002//1322 809//1322
f 813//1323 1002//1323 811//1323
f 783//1324 1003//1324 781//1324
f 781//1325 1003//1325 1001//1325
f 1002//1326 1004//1326 809//1326
f 783//1327 1005//1327 1003//1327
f 785//1328 1005//1328 783//1328
f 787//1329 1005//1329 785//1329
f 787//1330 1006//1330 1005//1330
f 789//1331 1006//1331 787//1331
f 1004//1332 1007//1332 809//1332
f 807//1333 1007//1333 805//1333
f 809//1334 1007//1334 807//1334
f 789//1335 1008//1335 1006//1335
f 791//1336 1008//1336 789//1336
f 1007//1337 1009//1337 805//1337
f 1009//1338 1010//1338 805//1338
f 805//1339 1010//1339 803//1339
f 791//1340 1011//1340 1008//1340
f 791//1341 1012//1341 1011//1341
f 793//1342 1012//1342 791//1342
f 1010//1343 1013//1343 803//1343
f 803//1344 1013//1344 801//1344
f 793//1345 1014//1345 1012//1345
f 795//1346 1014//1346 793//1346
f 797//1347 1014//1347 795//1347
f 801//1348 1015//1348 799//1348
f 1013//1349 1015//1349 801//1349
f 799//1350 1016//1350 797//1350
f 1015//1351 1016//1351 799//1351
f 797//1352 1016//1352 1014//1352
f 150//1353 1017//1353 147//1353
f 1017//1354 1018//1354 147//1354
f 147//1355 1018//1355 148//1355
f 1018//1356 1019//1356 148//1356
f 148//1357 1019//1357 149//1357
f 1019//1358 1020//1358 149//1358
f 149//1359 1020//1359 152//1359
f 152//1360 1020//1360 153//1360
f 1020//1361 1021//1361 153//1361
f 153//1362 1021//1362 154//1362
f 1021//1363 1022//1363 154//1363
f 154//1364 1022//1364 156//1364
f 1022//1365 1023//1365 156//1365
f 156//1366 1023//1366 157//1366
f 157//1367 1023//1367 158//1367
f 158//1368 1024//1368 159//1368
f 1023//1369 1024//1369 158//1369
f 159//1370 1025//1370 168//1370
f 1024//1371 1025//1371 159//1371
f 168//1372 1026//1372 169//1372
f 1025//1373 1026//1373 168//1373
f 169//1374 1027//1374 171//1374
f 171//1375 1027//1375 172//1375
f 1026//1376 1027//1376 169//1376
f 172//1377 1028//1377 173//1377
f 1027//1378 1028//1378 172//1378
f 173//1379 1029//1379 174//1379
f 1028//1380 1029//1380 173//1380
f 174//1381 1030//1381 185//1381
f 1029//1382 1030//1382 174//1382
f 185//1383 1031//1383 186//1383
f 186//1384 1031//1384 187//1384
f 1030//1385 1031//1385 185//1385
f 187//1386 1032//1386 194//1386
f 1031//1387 1032//1387 187//1387
f 194//1388 1033//1388 196//1388
f 1032//1389 1033//1389 194//1389
f 196//1390 1034//1390 197//1390
f 1033//1391 1034//1391 196//1391
f 197//1392 1035//1392 202//1392
f 1034//1393 1035//1393 197//1393
f 202//1394 1036//1394 205//1394
f 1035//1395 1036//1395 202//1395
f 205//1396 1037//1396 206//1396
f 206//1397 1037//1397 212//1397
f 1036//1398 1037//1398 205//1398
f 212//1399 1038//1399 214//1399
f 1037//1400 1038//1400 212//1400
f 1038//1401 1039//1401 214//1401
f 214//1402 1039//1402 215//1402
f 1039//1403 1040//1403 215//1403
f 215//1404 1040//1404 221//1404
f 1040//1405 1041//1405 221//1405
f 221//1406 1041//1406 222//1406
f 1041//1407 1042//1407 222//1407
f 222//1408 1042//1408 227//1408
f 1042//1409 1043//1409 227//1409
f 227//1410 1043//1410 229//1410
f 229//1411 1043//1411 230//1411
f 1043//1412 1044//1412 230//1412
f 230//1413 1044//1413 235//1413
f 1044//1414 1045//1414 235//1414
f 235//1415 1045//1415 236//1415
f 1045//1416 1046//1416 236//1416
f 236//1417 1046//1417 241//1417
f 1046//1418 1047//1418 241//1418
f 241//1419 1047//1419 243//1419
f 1047//1420 1048//1420 243//1420
f 243//1421 1048//1421 247//1421
f 1048//1422 1049//1422 247//1422
f 247//1423 1049//1423 249//1423
f 1049//1424 1050//1424 249//1424
f 249//1425 1050//1425 251//1425
f 251//1426 1050//1426 255//1426
f 1050//1427 1051//1427 255//1427
f 255//1428 1051//1428 257//1428
f 1051//1429 1052//1429 257//1429
f 257//1430 1052//1430 261//1430
f 1052//1431 1053//1431 261//1431
f 261//1432 1053//1432 263//1432
f 1053//1433 1054//1433 263//1433
f 263//1434 1054//1434 267//1434
f 1054//1435 1055//1435 267//1435
f 267//1436 1055//1436 269//1436
f 269//1437 1055//1437 270//1437
f 270//1438 1056//1438 275//1438
f 1055//1439 1056//1439 270//1439
f 275//1440 1057//1440 276//1440
f 1056//1441 1057//1441 275//1441
f 276//1442 1058//1442 281//1442
f 1057//1443 1058//1443 276//1443
f 281//1444 1059//1444 283//1444
f 283//1445 1059//1445 284//1445
f 1058//1446 1059//1446 281//1446
f 284//1447 1060//1447 289//1447
f 1059//1448 1060//1448 284//1448
f 1060//1449 1061//1449 289//1449
f 289//1450 1061//1450 291//1450
f 291//1451 1061//1451 292//1451
f 1061//1452 1062//1452 292//1452
f 292//1453 1062//1453 297//1453
f 1062//1454 1063//1454 297//1454
f 297//1455 1063//1455 298//1455
f 1063//1456 1064//1456 298//1456
f 298//1457 1064//1457 299//1457
f 299//1458 1064//1458 300//1458
f 1064//1459 1065//1459 300//1459
f 300//1460 1065//1460 307//1460
f 1065//1461 1066//1461 307//1461
f 307//1462 1066//1462 308//1462
f 308//1463 1066//1463 309//1463
f 1066//1464 1067//1464 309//1464
f 309//1465 1067//1465 310//1465
f 1067//1466 1068//1466 310//1466
f 310//1467 1068//1467 316//1467
f 316//1468 1068//1468 317//1468
f 1068//1469 1069//1469 317//1469
f 317//1470 1069//1470 318//1470
f 1069//1471 1070//1471 318//1471
f 318//1472 1070//1472 319//1472
f 319//1473 1070//1473 325//1473
f 1070//1474 1071//1474 325//1474
f 325//1475 1071//1475 327//1475
f 327//1476 1071//1476 328//1476
f 1071//1477 1072//1477 328//1477
f 328//1478 1072//1478 329//1478
f 1072//1479 1073//1479 329//1479
f 329//1480 1073//1480 330//1480
f 330//1481 1073//1481 331//1481
f 331//1482 1074//1482 332//1482
f 1073//1483 1074//1483 331//1483
f 332//1484 1075//1484 340//1484
f 340//1485 1075//1485 341//1485
f 1074//1486 1075//1486 332//1486
f 341//1487 1076//1487 343//1487
f 343//1488 1076//1488 344//1488
f 1075//1489 1076//1489 341//1489
f 344//1490 1077//1490 345//1490
f 1076//1491 1077//1491 344//1491
f 345//1492 1078//1492 346//1492
f 346//1493 1078//1493 347//1493
f 1077//1494 1078//1494 345//1494
f 347//1495 1079//1495 348//1495
f 348//1496 1079//1496 349//1496
f 1078//1497 1079//1497 347//1497
f 349//1498 1080//1498 361//1498
f 1079//1499 1080//1499 349//1499
f 361//1500 1081//1500 359//1500
f 359//1501 1081//1501 362//1501
f 1080//1502 1081//1502 361//1502
f 1081//1503 1082//1503 362//1503
f 362//1504 1082//1504 363//1504
f 1082//1505 1083//1505 363//1505
f 363//1506 1083//1506 364//1506
f 364//1507 1083//1507 365//1507
f 1083//1508 1084//1508 365//1508
f 365//1509 1084//1509 366//1509
f 366//1510 1084//1510 353//1510
f 353//1511 1085//1511 352//1511
f 1084//1512 1085//1512 353//1512
f 352//1513 1086//1513 354//1513
f 354//1514 1086//1514 355//1514
f 1085//1515 1086//1515 352//1515
f 355//1516 1087//1516 356//1516
f 1086//1517 1087//1517 355//1517
f 356//1518 1088//1518 357//1518
f 357//1519 1088//1519 358//1519
f 1087//1520 1088//1520 356//1520
f 358//1521 1089//1521 339//1521
f 339//1522 1089//1522 338//1522
f 1088//1523 1089//1523 358//1523
f 338//1524 1090//1524 335//1524
f 1089//1525 1090//1525 338//1525
f 335//1526 1091//1526 333//1526
f 333//1527 1091//1527 336//1527
f 1090//1528 1091//1528 335//1528
f 336//1529 1092//1529 337//1529
f 1091//1530 1092//1530 336//1530
f 337//1531 1093//1531 322//1531
f 322//1532 1093//1532 320//1532
f 1092//1533 1093//1533 337//1533
f 320//1534 1094//1534 323//1534
f 1093//1535 1094//1535 320//1535
f 323//1536 1095//1536 324//1536
f 324//1537 1095//1537 314//1537
f 1094//1538 1095//1538 323//1538
f 314//1539 1096//1539 313//1539
f 1095//1540 1096//1540 314//1540
f 313//1541 1097//1541 315//1541
f 315//1542 1097//1542 306//1542
f 1096//1543 1097//1543 313//1543
f 306//1544 1098//1544 304//1544
f 1097//1545 1098//1545 306//1545
f 304//1546 1099//1546 302//1546
f 302//1547 1099//1547 305//1547
f 1098//1548 1099//1548 304//1548
f 305//1549 1100//1549 296//1549
f 1099//1550 1100//1550 305//1550
f 1100//1551 1101//1551 296//1551
f 296//1552 1101//1552 294//1552
f 294//1553 1102//1553 290//1553
f 290//1554 1102//1554 288//1554
f 1101//1555 1102//1555 294//1555
f 1102//1556 1103//1556 288//1556
f 288//1557 1103//1557 286//1557
f 1103//1558 1104//1558 286//1558
f 286//1559 1104//1559 282//1559
f 1104//1560 1105//1560 282//1560
f 282//1561 1105//1561 280//1561
f 1105//1562 1106//1562 280//1562
f 280//1563 1106//1563 278//1563
f 278//1564 1106//1564 274//1564
f 1106//1565 1107//1565 274//1565
f 274//1566 1107//1566 273//1566
f 1107//1567 1108//1567 273//1567
f 273//1568 1108//1568 268//1568
f 1108//1569 1109//1569 268//1569
f 268//1570 1109//1570 266//1570
f 1109//1571 1110//1571 266//1571
f 266//1572 1110//1572 262//1572
f 1110//1573 1111//1573 262//1573
f 262//1574 1111//1574 260//1574
f 1111//1575 1112//1575 260//1575
f 260//1576 1112//1576 256//1576
f 1112//1577 1113//1577 256//1577
f 256//1578 1113//1578 254//1578
f 254//1579 1113//1579 253//1579
f 253//1580 1114//1580 248//1580
f 1113//1581 1114//1581 253//1581
f 248//1582 1115//1582 246//1582
f 1114//1583 1115//1583 248//1583
f 246//1584 1116//1584 242//1584
f 1115//1585 1116//1585 246//1585
f 242//1586 1117//1586 240//1586
f 1116//1587 1117//1587 242//1587
f 240//1588 1118//1588 238//1588
f 238//1589 1118//1589 234//1589
f 1117//1590 1118//1590 240//1590
f 234//1591 1119//1591 233//1591
f 1118//1592 1119//1592 234//1592
f 233//1593 1120//1593 228//1593
f 1119//1594 1120//1594 233//1594
f 228//1595 1121//1595 226//1595
f 1120//1596 1121//1596 228//1596
f 226//1597 1122//1597 224//1597
f 224//1598 1122//1598 220//1598
f 1121//1599 1122//1599 226//1599
f 220//1600 1123//1600 219//1600
f 1122//1601 1123//1601 220//1601
f 1123//1602 1124//1602 219//1602
f 219//1603 1124//1603 218//1603
f 218//1604 1124//1604 213//1604
f 1124//1605 1125//1605 213//1605
f 213//1606 1125//1606 210//1606
f 1125//1607 1126//1607 210//1607
f 210//1608 1126//1608 209//1608
f 1126//1609 1127//1609 209//1609
f 209//1610 1127//1610 211//1610
f 211//1611 1127//1611 204//1611
f 1127//1612 1128//1612 204//1612
f 204//1613 1128//1613 200//1613
f 1128//1614 1129//1614 200//1614
f 200//1615 1129//1615 198//1615
f 198//1616 1129//1616 201//1616
f 1129//1617 1130//1617 201//1617
f 201//1618 1130//1618 193//1618
f 1130//1619 1131//1619 193//1619
f 193//1620 1131//1620 190//1620
f 190//1621 1131//1621 188//1621
f 1131//1622 1132//1622 188//1622
f 188//1623 1132//1623 191//1623
f 1132//1624 1133//1624 191//1624
f 191//1625 1133//1625 192//1625
f 192//1626 1133//1626 178//1626
f 1133//1627 1134//1627 178//1627
f 178//1628 1134//1628 177//1628
f 177//1629 1134//1629 179//1629
f 1134//1630 1135//1630 179//1630
f 179//1631 1135//1631 180//1631
f 1135//1632 1136//1632 180//1632
f 180//1633 1136//1633 181//1633
f 181//1634 1136//1634 182//1634
f 1136//1635 1137//1635 182//1635
f 182//1636 1137//1636 183//1636
f 1137//1637 1138//1637 183//1637
f 183//1638 1138//1638 184//1638
f 184//1639 1138//1639 162//1639
f 1138//1640 1139//1640 162//1640
f 162//1641 1139//1641 161//1641
f 161//1642 1139//1642 163//1642
f 1139//1643 1140//1643 163//1643
f 163//1644 1140//1644 164//1644
f 1140//1645 1141//1645 164//1645
f 164//1646 1141//1646 165//1646
f 165//1647 1141//1647 166//1647
f 1141//1648 1142//1648 166//1648
f 166//1649 1142//1649 167//1649
f 167//1650 1142//1650 151//1650
f 151//1651 1017//1651 150//1651
f 1142//1652 1017//1652 151//1652
f 1143//1653 1144//1653 1145//1653
f 1143//1654 1146//1654 1144//1654
f 1147//1655 1148//1655 1149//1655
f 1150//1656 1146//1656 1143//1656
f 1151//1657 1148//1657 1147//1657
f 1152//1658 1153//1658 1150//1658
f 1152//1659 1150//1659 1143//1659
f 1154//1660 1153//1660 1152//1660
f 1155//1661 1154//1661 1152//1661
f 1156//1662 1154//1662 1155//1662
f 1157//1663 1156//1663 1155//1663
f 1158//1664 1157//1664 1155//1664
f 1159//1665 1157//1665 1158//1665
f 1160//1666 1159//1666 1158//1666
f 1161//1667 1160//1667 1158//1667
f 1161//1668 1158//1668 1162//1668
f 1163//1669 1161//1669 1162//1669
f 1164//1670 1165//1670 1166//1670
f 1167//1671 1151//1671 1168//1671
f 1167//1672 1168//1672 1169//1672
f 1167//1673 1170//1673 1148//1673
f 1167//1674 1148//1674 1151//1674
f 1171//1675 1172//1675 1170//1675
f 1171//1676 1173//1676 1172//1676
f 1174//1677 1169//1677 1175//1677
f 1174//1678 1171//1678 1170//1678
f 1174//1679 1167//1679 1169//1679
f 1174//1680 1170//1680 1167//1680
f 1176//1681 1177//1681 1173//1681
f 1176//1682 1178//1682 1177//1682
f 1179//1683 1175//1683 1180//1683
f 1179//1684 1180//1684 1181//1684
f 1179//1685 1174//1685 1175//1685
f 1182//1686 1171//1686 1174//1686
f 1182//1687 1176//1687 1173//1687
f 1182//1688 1173//1688 1171//1688
f 1183//1689 1184//1689 1178//1689
f 1185//1690 1181//1690 1186//1690
f 1185//1691 1179//1691 1181//1691
f 1187//1692 1182//1692 1174//1692
f 1187//1693 1174//1693 1179//1693
f 1188//1694 1176//1694 1182//1694
f 1188//1695 1178//1695 1176//1695
f 1188//1696 1183//1696 1178//1696
f 1189//1697 1190//1697 1184//1697
f 1189//1698 1191//1698 1190//1698
f 1192//1699 1193//1699 1163//1699
f 1192//1700 1194//1700 1193//1700
f 1192//1701 1163//1701 1162//1701
f 1192//1702 1162//1702 1195//1702
f 1196//1703 1179//1703 1185//1703
f 1196//1704 1187//1704 1179//1704
f 1197//1705 1188//1705 1182//1705
f 1197//1706 1182//1706 1187//1706
f 1198//1707 1183//1707 1188//1707
f 1198//1708 1184//1708 1183//1708
f 1198//1709 1189//1709 1184//1709
f 1199//1710 1191//1710 1189//1710
f 1199//1711 1200//1711 1191//1711
f 1199//1712 1201//1712 1200//1712
f 1202//1713 1203//1713 1201//1713
f 1204//1714 1205//1714 1206//1714
f 1207//1715 1194//1715 1192//1715
f 1207//1716 1208//1716 1194//1716
f 1207//1717 1195//1717 1209//1717
f 1207//1718 1192//1718 1195//1718
f 1210//1719 1186//1719 1211//1719
f 1210//1720 1211//1720 1212//1720
f 1210//1721 1196//1721 1185//1721
f 1210//1722 1185//1722 1186//1722
f 1213//1723 1197//1723 1187//1723
f 1213//1724 1187//1724 1196//1724
f 1214//1725 1188//1725 1197//1725
f 1214//1726 1198//1726 1188//1726
f 1215//1727 1189//1727 1198//1727
f 1215//1728 1199//1728 1189//1728
f 1216//1729 1201//1729 1199//1729
f 1216//1730 1202//1730 1201//1730
f 1217//1731 1203//1731 1202//1731
f 1217//1732 1206//1732 1203//1732
f 1217//1733 1204//1733 1206//1733
f 1218//1734 1207//1734 1209//1734
f 1218//1735 1208//1735 1207//1735
f 1218//1736 1219//1736 1208//1736
f 1218//1737 1209//1737 1205//1737
f 1218//1738 1205//1738 1204//1738
f 1220//1739 1210//1739 1212//1739
f 1220//1740 1212//1740 1221//1740
f 1222//1741 1196//1741 1210//1741
f 1222//1742 1213//1742 1196//1742
f 1223//1743 1197//1743 1213//1743
f 1223//1744 1214//1744 1197//1744
f 1224//1745 1215//1745 1198//1745
f 1224//1746 1198//1746 1214//1746
f 1225//1747 1216//1747 1199//1747
f 1225//1748 1199//1748 1215//1748
f 1226//1749 1202//1749 1216//1749
f 1226//1750 1217//1750 1202//1750
f 1227//1751 1204//1751 1217//1751
f 1227//1752 1218//1752 1204//1752
f 1227//1753 1228//1753 1219//1753
f 1227//1754 1229//1754 1228//1754
f 1227//1755 1219//1755 1218//1755
f 1230//1756 1221//1756 1231//1756
f 1230//1757 1220//1757 1221//1757
f 1230//1758 1231//1758 1232//1758
f 1233//1759 1210//1759 1220//1759
f 1233//1760 1222//1760 1210//1760
f 1234//1761 1213//1761 1222//1761
f 1234//1762 1223//1762 1213//1762
f 1235//1763 1224//1763 1214//1763
f 1235//1764 1214//1764 1223//1764
f 1236//1765 1225//1765 1215//1765
f 1236//1766 1215//1766 1224//1766
f 1237//1767 1226//1767 1216//1767
f 1237//1768 1216//1768 1225//1768
f 1238//1769 1217//1769 1226//1769
f 1238//1770 1227//1770 1217//1770
f 1238//1771 1239//1771 1229//1771
f 1238//1772 1229//1772 1227//1772
f 1240//1773 1232//1773 1241//1773
f 1240//1774 1241//1774 1242//1774
f 1240//1775 1242//1775 1243//1775
f 1240//1776 1230//1776 1232//1776
f 1244//1777 1233//1777 1220//1777
f 1244//1778 1220//1778 1230//1778
f 1245//1779 1234//1779 1222//1779
f 1245//1780 1222//1780 1233//1780
f 1246//1781 1223//1781 1234//1781
f 1246//1782 1235//1782 1223//1782
f 1247//1783 1224//1783 1235//1783
f 1247//1784 1236//1784 1224//1784
f 1248//1785 1225//1785 1236//1785
f 1248//1786 1237//1786 1225//1786
f 1249//1787 1238//1787 1226//1787
f 1249//1788 1250//1788 1239//1788
f 1249//1789 1239//1789 1238//1789
f 1249//1790 1226//1790 1237//1790
f 1251//1791 1243//1791 1252//1791
f 1251//1792 1252//1792 1253//1792
f 1251//1793 1240//1793 1243//1793
f 1251//1794 1230//1794 1240//1794
f 1251//1795 1244//1795 1230//1795
f 1254//1796 1233//1796 1244//1796
f 1254//1797 1245//1797 1233//1797
f 1255//1798 1234//1798 1245//1798
f 1255//1799 1246//1799 1234//1799
f 1256//1800 1235//1800 1246//1800
f 1256//1801 1247//1801 1235//1801
f 1257//1802 1236//1802 1247//1802
f 1257//1803 1248//1803 1236//1803
f 1258//1804 1259//1804 1250//1804
f 1258//1805 1260//1805 1259//1805
f 1258//1806 1237//1806 1248//1806
f 1258//1807 1250//1807 1249//1807
f 1258//1808 1249//1808 1237//1808
f 1261//1809 1254//1809 1244//1809
f 1261//1810 1244//1810 1251//1810
f 1262//1811 1255//1811 1245//1811
f 1262//1812 1245//1812 1254//1812
f 1263//1813 1246//1813 1255//1813
f 1263//1814 1256//1814 1246//1814
f 1264//1815 1247//1815 1256//1815
f 1264//1816 1257//1816 1247//1816
f 1265//1817 1248//1817 1257//1817
f 1265//1818 1266//1818 1260//1818
f 1265//1819 1260//1819 1258//1819
f 1265//1820 1258//1820 1248//1820
f 1267//1821 1261//1821 1251//1821
f 1267//1822 1253//1822 1268//1822
f 1267//1823 1251//1823 1253//1823
f 1269//1824 1262//1824 1254//1824
f 1269//1825 1254//1825 1261//1825
f 1270//1826 1255//1826 1262//1826
f 1270//1827 1263//1827 1255//1827
f 1271//1828 1264//1828 1256//1828
f 1271//1829 1256//1829 1263//1829
f 1272//1830 1257//1830 1264//1830
f 1272//1831 1273//1831 1266//1831
f 1272//1832 1274//1832 1273//1832
f 1272//1833 1266//1833 1265//1833
f 1272//1834 1265//1834 1257//1834
f 1275//1835 1268//1835 1276//1835
f 1275//1836 1276//1836 1277//1836
f 1275//1837 1267//1837 1268//1837
f 1275//1838 1261//1838 1267//1838
f 1275//1839 1269//1839 1261//1839
f 1278//1840 1270//1840 1262//1840
f 1278//1841 1262//1841 1269//1841
f 1279//1842 1271//1842 1263//1842
f 1279//1843 1263//1843 1270//1843
f 1280//1844 1272//1844 1264//1844
f 1280//1845 1274//1845 1272//1845
f 1280//1846 1281//1846 1274//1846
f 1280//1847 1264//1847 1271//1847
f 1282//1848 1278//1848 1269//1848
f 1282//1849 1269//1849 1275//1849
f 1283//1850 1270//1850 1278//1850
f 1283//1851 1279//1851 1270//1851
f 1284//1852 1271//1852 1279//1852
f 1284//1853 1280//1853 1271//1853
f 1284//1854 1285//1854 1281//1854
f 1284//1855 1281//1855 1280//1855
f 1286//1856 1275//1856 1277//1856
f 1286//1857 1277//1857 1287//1857
f 1286//1858 1282//1858 1275//1858
f 1288//1859 1283//1859 1278//1859
f 1288//1860 1278//1860 1282//1860
f 1289//1861 1284//1861 1279//1861
f 1289//1862 1290//1862 1285//1862
f 1289//1863 1291//1863 1290//1863
f 1289//1864 1285//1864 1284//1864
f 1289//1865 1279//1865 1283//1865
f 1292//1866 1287//1866 1293//1866
f 1292//1867 1293//1867 1294//1867
f 1292//1868 1288//1868 1282//1868
f 1292//1869 1286//1869 1287//1869
f 1292//1870 1282//1870 1286//1870
f 1295//1871 1296//1871 1291//1871
f 1295//1872 1291//1872 1289//1872
f 1295//1873 1283//1873 1288//1873
f 1295//1874 1289//1874 1283//1874
f 1297//1875 1296//1875 1295//1875
f 1297//1876 1298//1876 1296//1876
f 1297//1877 1165//1877 1298//1877
f 1297//1878 1288//1878 1292//1878
f 1297//1879 1295//1879 1288//1879
f 1299//1880 1294//1880 1166//1880
f 1299//1881 1166//1881 1165//1881
f 1299//1882 1292//1882 1294//1882
f 1299//1883 1165//1883 1297//1883
f 1299//1884 1297//1884 1292//1884
f 1300//1885 1164//1885 1301//1885
f 1302//1886 1301//1886 1303//1886
f 1302//1887 1300//1887 1301//1887
f 1304//1888 1303//1888 1305//1888
f 1304//1889 1302//1889 1303//1889
f 1306//1890 1305//1890 1307//1890
f 1306//1891 1304//1891 1305//1891
f 1308//1892 1307//1892 1309//1892
f 1308//1893 1306//1893 1307//1893
f 1310//1894 1309//1894 1311//1894
f 1310//1895 1308//1895 1309//1895
f 1312//1896 1311//1896 1313//1896
f 1312//1897 1310//1897 1311//1897
f 1314//1898 1313//1898 1315//1898
f 1314//1899 1312//1899 1313//1899
f 1316//1900 1315//1900 1317//1900
f 1316//1901 1314//1901 1315//1901
f 1318//1902 1317//1902 1319//1902
f 1318//1903 1316//1903 1317//1903
f 1320//1904 1319//1904 1321//1904
f 1320//1905 1318//1905 1319//1905
f 1322//1906 1320//1906 1321//1906
f 1322//1907 1321//1907 1323//1907
f 1324//1908 1322//1908 1323//1908
f 1324//1909 1323//1909 1325//1909
f 1326//1910 1324//1910 1325//1910
f 1326//1911 1325//1911 1327//1911
f 1328//1912 1326//1912 1327//1912
f 1328//1913 1327//1913 1329//1913
f 1330//1914 1328//1914 1329//1914
f 1330//1915 1329//1915 1331//1915
f 1332//1916 1330//1916 1331//1916
f 1332//1917 1331//1917 1333//1917
f 1334//1918 1332//1918 1333//1918
f 1334//1919 1333//1919 1335//1919
f 1336//1920 1334//1920 1335//1920
f 1336//1921 1335//1921 1337//1921
f 1338//1922 1336//1922 1337//1922
f 1338//1923 1337//1923 1339//1923
f 1340//1924 1338//1924 1339//1924
f 1340//1925 1339//1925 1341//1925
f 1342//1926 1340//1926 1341//1926
f 1342//1927 1341//1927 1343//1927
f 1344//1928 1342//1928 1343//1928
f 1344//1929 1343//1929 1345//1929
f 1346//1930 1345//1930 1347//1930
f 1346//1931 1344//1931 1345//1931
f 1348//1932 1347//1932 1349//1932
f 1348//1933 1346//1933 1347//1933
f 1350//1934 1349//1934 1351//1934
f 1350//1935 1348//1935 1349//1935
f 1352//1936 1351//1936 1353//1936
f 1352//1937 1350//1937 1351//1937
f 1354//1938 1353//1938 1355//1938
f 1354//1939 1352//1939 1353//1939
f 1356//1940 1355//1940 1357//1940
f 1356//1941 1354//1941 1355//1941
f 1358//1942 1357//1942 1359//1942
f 1358//1943 1356//1943 1357//1943
f 1360//1944 1359//1944 1361//1944
f 1360//1945 1358//1945 1359//1945
f 1362//1946 1361//1946 1363//1946
f 1362//1947 1360//1947 1361//1947
f 1364//1948 1363//1948 1365//1948
f 1364//1949 1362//1949 1363//1949
f 1366//1950 1365//1950 1367//1950
f 1366//1951 1364//1951 1365//1951
f 1368//1952 1367//1952 1369//1952
f 1368//1953 1366//1953 1367//1953
f 1370//1954 1369//1954 1371//1954
f 1370//1955 1368//1955 1369//1955
f 1372//1956 1370//1956 1371//1956
f 1372//1957 1371//1957 1373//1957
f 1374//1958 1372//1958 1373//1958
f 1374//1959 1373//1959 1375//1959
f 1376//1960 1374//1960 1375//1960
f 1376//1961 1375//1961 1377//1961
f 1378//1962 1376//1962 1377//1962
f 1378//1963 1377//1963 1379//1963
f 1380//1964 1378//1964 1379//1964
f 1380//1965 1379//1965 1381//1965
f 1382//1966 1380//1966 1381//1966
f 1382//1967 1381//1967 1383//1967
f 1384//1968 1382//1968 1383//1968
f 1384//1969 1383//1969 1385//1969
f 1386//1970 1384//1970 1385//1970
f 1386//1971 1385//1971 1387//1971
f 1388//1972 1386//1972 1387//1972
f 1388//1973 1387//1973 1389//1973
f 1390//1974 1388//1974 1389//1974
f 1390//1975 1389//1975 1391//1975
f 1392//1976 1390//1976 1391//1976
f 1392//1977 1391//1977 1393//1977
f 1394//1978 1392//1978 1393//1978
f 1394//1979 1393//1979 1395//1979
f 1396//1980 1394//1980 1395//1980
f 1396//1981 1395//1981 1397//1981
f 1398//1982 1396//1982 1397//1982
f 1398//1983 1397//1983 1399//1983
f 1400//1984 1398//1984 1399//1984
f 1400//1985 1399//1985 1401//1985
f 1402//1986 1400//1986 1401//1986
f 1402//1987 1401//1987 1403//1987
f 1404//1988 1402//1988 1403//1988
f 1404//1989 1403//1989 1405//1989
f 1406//1990 1404//1990 1405//1990
f 1406//1991 1405//1991 1407//1991
f 1408//1992 1406//1992 1407//1992
f 1408//1993 1407//1993 1409//1993
f 1410//1994 1408//1994 1409//1994
f 1410//1995 1409//1995 1411//1995
f 1412//1996 1410//1996 1411//1996
f 1412//1997 1411//1997 1413//1997
f 1414//1998 1413//1998 1415//1998
f 1414//1999 1412//1999 1413//1999
f 1416//2000 1415//2000 1417//2000
f 1416//2001 1414//2001 1415//2001
f 1418//2002 1417//2002 1419//2002
f 1418//2003 1416//2003 1417//2003
f 1420//2004 1419//2004 1421//2004
f 1420//2005 1418//2005 1419//2005
f 1422//2006 1421//2006 1423//2006
f 1422//2007 1420//2007 1421//2007
f 1424//2008 1422//2008 1423//2008
f 1424//2009 1423//2009 1425//2009
f 1426//2010 1424//2010 1425//2010
f 1426//2011 1425//2011 1427//2011
f 1428//2012 1426//2012 1427//2012
f 1428//2013 1427//2013 1429//2013
f 1430//2014 1428//2014 1429//2014
f 1430//2015 1429//2015 1431//2015
f 1432//2016 1430//2016 1431//2016
f 1432//2017 1431//2017 1433//2017
f 1434//2018 1432//2018 1433//2018
f 1434//2019 1433//2019 1435//2019
f 1436//2020 1434//2020 1435//2020
f 1436//2021 1435//2021 1437//2021
f 1438//2022 1436//2022 1437//2022
f 1438//2023 1437//2023 1439//2023
f 1440//2024 1438//2024 1439//2024
f 1440//2025 1439//2025 1441//2025
f 1442//2026 1440//2026 1441//2026
f 1442//2027 1441//2027 1443//2027
f 1444//2028 1442//2028 1443//2028
f 1444//2029 1443//2029 1445//2029
f 1446//2030 1445//2030 1447//2030
f 1446//2031 1444//2031 1445//2031
f 1448//2032 1447//2032 1449//2032
f 1448//2033 1446//2033 1447//2033
f 1450//2034 1449//2034 1451//2034
f 1450//2035 1448//2035 1449//2035
f 1452//2036 1451//2036 1453//2036
f 1452//2037 1450//2037 1451//2037
f 1454//2038 1453//2038 1455//2038
f 1454//2039 1452//2039 1453//2039
f 1456//2040 1455//2040 1457//2040
f 1456//2041 1454//2041 1455//2041
f 1458//2042 1457//2042 1459//2042
f 1458//2043 1456//2043 1457//2043
f 1460//2044 1459//2044 1461//2044
f 1460//2045 1458//2045 1459//2045
f 1462//2046 1461//2046 1463//2046
f 1462//2047 1460//2047 1461//2047
f 1464//2048 1463//2048 1465//2048
f 1464//2049 1462//2049 1463//2049
f 1466//2050 1465//2050 1467//2050
f 1466//2051 1464//2051 1465//2051
f 1468//2052 1467//2052 1469//2052
f 1468//2053 1466//2053 1467//2053
f 1470//2054 1469//2054 1471//2054
f 1470//2055 1468//2055 1469//2055
f 1472//2056 1471//2056 1473//2056
f 1472//2057 1470//2057 1471//2057
f 1474//2058 1472//2058 1473//2058
f 1474//2059 1473//2059 1475//2059
f 1476//2060 1474//2060 1475//2060
f 1476//2061 1475//2061 1477//2061
f 1478//2062 1476//2062 1477//2062
f 1478//2063 1477//2063 1479//2063
f 1480//2064 1479//2064 1481//2064
f 1480//2065 1478//2065 1479//2065
f 1482//2066 1480//2066 1481//2066
f 1482//2067 1481//2067 1483//2067
f 1484//2068 1483//2068 1485//2068
f 1484//2069 1482//2069 1483//2069
f 1486//2070 1485//2070 1487//2070
f 1486//2071 1484//2071 1485//2071
f 1488//2072 1487//2072 1145//2072
f 1488//2073 1486//2073 1487//2073
f 1489//2074 1145//2074 1144//2074
f 1489//2075 1488//2075 1145//2075
f 1490//2076 1144//2076 1146//2076
f 1490//2077 1489//2077 1144//2077
f 1491//2078 1146//2078 1150//2078
f 1491//2079 1490//2079 1146//2079
f 1492//2080 1150//2080 1153//2080
f 1492//2081 1491//2081 1150//2081
f 1493//2082 1153//2082 1154//2082
f 1493//2083 1492//2083 1153//2083
f 1494//2084 1154//2084 1156//2084
f 1494//2085 1493//2085 1154//2085
f 1495//2086 1156//2086 1157//2086
f 1495//2087 1494//2087 1156//2087
f 1496//2088 1157//2088 1159//2088
f 1496//2089 1495//2089 1157//2089
f 1497//2090 1159//2090 1160//2090
f 1497//2091 1496//2091 1159//2091
f 1498//2092 1160//2092 1161//2092
f 1498//2093 1497//2093 1160//2093
f 1499//2094 1161//2094 1163//2094
f 1499//2095 1498//2095 1161//2095
f 1500//2096 1163//2096 1193//2096
f 1500//2097 1499//2097 1163//2097
f 1501//2098 1193//2098 1194//2098
f 1501//2099 1500//2099 1193//2099
f 1502//2100 1194//2100 1208//2100
f 1502//2101 1501//2101 1194//2101
f 1503//2102 1208//2102 1219//2102
f 1503//2103 1502//2103 1208//2103
f 1504//2104 1219//2104 1228//2104
f 1504//2105 1503//2105 1219//2105
f 1505//2106 1228//2106 1229//2106
f 1505//2107 1504//2107 1228//2107
f 1506//2108 1505//2108 1229//2108
f 1506//2109 1229//2109 1239//2109
f 1507//2110 1506//2110 1239//2110
f 1507//2111 1239//2111 1250//2111
f 1508//2112 1507//2112 1250//2112
f 1508//2113 1250//2113 1259//2113
f 1509//2114 1508//2114 1259//2114
f 1509//2115 1259//2115 1260//2115
f 1510//2116 1509//2116 1260//2116
f 1510//2117 1260//2117 1266//2117
f 1511//2118 1510//2118 1266//2118
f 1511//2119 1266//2119 1273//2119
f 1512//2120 1511//2120 1273//2120
f 1512//2121 1273//2121 1274//2121
f 1513//2122 1512//2122 1274//2122
f 1513//2123 1274//2123 1281//2123
f 1514//2124 1513//2124 1281//2124
f 1514//2125 1281//2125 1285//2125
f 1515//2126 1514//2126 1285//2126
f 1515//2127 1285//2127 1290//2127
f 1516//2128 1515//2128 1290//2128
f 1516//2129 1290//2129 1291//2129
f 1517//2130 1516//2130 1291//2130
f 1517//2131 1291//2131 1296//2131
f 1518//2132 1517//2132 1296//2132
f 1518//2133 1296//2133 1298//2133
f 1519//2134 1298//2134 1165//2134
f 1519//2135 1518//2135 1298//2135
f 1300//2136 1165//2136 1164//2136
f 1300//2137 1519//2137 1165//2137
f 1520//2138 1521//2138 1522//2138
f 1520//2139 1522//2139 1523//2139
f 1301//2140 1164//2140 1166//2140
f 1343//2141 1341//2141 1524//2141
f 1525//2142 1343//2142 1524//2142
f 1345//2143 1343//2143 1525//2143
f 1347//2144 1345//2144 1525//2144
f 1349//2145 1347//2145 1525//2145
f 1349//2146 1525//2146 1526//2146
f 1351//2147 1349//2147 1526//2147
f 1353//2148 1351//2148 1526//2148
f 1527//2149 1353//2149 1526//2149
f 1355//2150 1353//2150 1527//2150
f 1357//2151 1355//2151 1527//2151
f 1528//2152 1357//2152 1527//2152
f 1359//2153 1357//2153 1528//2153
f 1361//2154 1359//2154 1528//2154
f 1363//2155 1361//2155 1528//2155
f 1529//2156 1243//2156 1242//2156
f 1529//2157 1242//2157 1530//2157
f 1529//2158 1530//2158 1531//2158
f 1532//2159 1531//2159 1533//2159
f 1532//2160 1533//2160 1534//2160
f 1532//2161 1529//2161 1531//2161
f 1535//2162 1536//2162 1537//2162
f 1538//2163 1534//2163 1539//2163
f 1538//2164 1532//2164 1534//2164
f 1540//2165 1529//2165 1532//2165
f 1540//2166 1252//2166 1243//2166
f 1540//2167 1253//2167 1252//2167
f 1540//2168 1243//2168 1529//2168
f 1541//2169 1521//2169 1520//2169
f 1541//2170 1542//2170 1543//2170
f 1541//2171 1543//2171 1521//2171
f 1541//2172 1520//2172 1544//2172
f 1545//2173 1535//2173 1537//2173
f 1545//2174 1537//2174 1546//2174
f 1545//2175 1546//2175 1547//2175
f 1548//2176 1536//2176 1535//2176
f 1548//2177 1539//2177 1549//2177
f 1548//2178 1549//2178 1536//2178
f 1548//2179 1538//2179 1539//2179
f 1550//2180 1532//2180 1538//2180
f 1550//2181 1540//2181 1532//2181
f 1551//2182 1268//2182 1253//2182
f 1551//2183 1253//2183 1540//2183
f 1552//2184 1547//2184 1542//2184
f 1552//2185 1542//2185 1541//2185
f 1552//2186 1541//2186 1544//2186
f 1552//2187 1545//2187 1547//2187
f 1553//2188 1548//2188 1535//2188
f 1553//2189 1535//2189 1545//2189
f 1554//2190 1538//2190 1548//2190
f 1554//2191 1550//2191 1538//2191
f 1555//2192 1551//2192 1540//2192
f 1555//2193 1540//2193 1550//2193
f 1556//2194 1544//2194 1557//2194
f 1556//2195 1557//2195 1558//2195
f 1556//2196 1552//2196 1544//2196
f 1559//2197 1545//2197 1552//2197
f 1559//2198 1553//2198 1545//2198
f 1560//2199 1554//2199 1548//2199
f 1560//2200 1548//2200 1553//2200
f 1561//2201 1550//2201 1554//2201
f 1561//2202 1555//2202 1550//2202
f 1562//2203 1551//2203 1555//2203
f 1562//2204 1276//2204 1268//2204
f 1562//2205 1277//2205 1276//2205
f 1562//2206 1268//2206 1551//2206
f 1563//2207 1552//2207 1556//2207
f 1563//2208 1559//2208 1552//2208
f 1563//2209 1556//2209 1558//2209
f 1564//2210 1560//2210 1553//2210
f 1564//2211 1553//2211 1559//2211
f 1565//2212 1561//2212 1554//2212
f 1565//2213 1554//2213 1560//2213
f 1566//2214 1555//2214 1561//2214
f 1566//2215 1562//2215 1555//2215
f 1567//2216 1287//2216 1277//2216
f 1567//2217 1277//2217 1562//2217
f 1568//2218 1563//2218 1558//2218
f 1568//2219 1558//2219 1569//2219
f 1568//2220 1569//2220 1570//2220
f 1571//2221 1564//2221 1559//2221
f 1571//2222 1559//2222 1563//2222
f 1572//2223 1560//2223 1564//2223
f 1572//2224 1565//2224 1560//2224
f 1573//2225 1566//2225 1561//2225
f 1573//2226 1561//2226 1565//2226
f 1574//2227 1567//2227 1562//2227
f 1574//2228 1562//2228 1566//2228
f 1575//2229 1571//2229 1563//2229
f 1575//2230 1568//2230 1570//2230
f 1575//2231 1563//2231 1568//2231
f 1576//2232 1572//2232 1564//2232
f 1576//2233 1564//2233 1571//2233
f 1577//2234 1573//2234 1565//2234
f 1577//2235 1565//2235 1572//2235
f 1578//2236 1574//2236 1566//2236
f 1578//2237 1566//2237 1573//2237
f 1579//2238 1293//2238 1287//2238
f 1579//2239 1294//2239 1293//2239
f 1579//2240 1287//2240 1567//2240
f 1579//2241 1567//2241 1574//2241
f 1580//2242 1570//2242 1581//2242
f 1580//2243 1575//2243 1570//2243
f 1582//2244 1571//2244 1575//2244
f 1582//2245 1576//2245 1571//2245
f 1583//2246 1572//2246 1576//2246
f 1583//2247 1577//2247 1572//2247
f 1584//2248 1578//2248 1573//2248
f 1584//2249 1573//2249 1577//2249
f 1585//2250 1574//2250 1578//2250
f 1585//2251 1579//2251 1574//2251
f 1586//2252 1301//2252 1166//2252
f 1586//2253 1166//2253 1294//2253
f 1586//2254 1294//2254 1579//2254
f 1587//2255 1580//2255 1581//2255
f 1587//2256 1575//2256 1580//2256
f 1587//2257 1582//2257 1575//2257
f 1588//2258 1583//2258 1576//2258
f 1588//2259 1576//2259 1582//2259
f 1589//2260 1577//2260 1583//2260
f 1589//2261 1584//2261 1577//2261
f 1590//2262 1585//2262 1578//2262
f 1590//2263 1578//2263 1584//2263
f 1591//2264 1303//2264 1301//2264
f 1591//2265 1305//2265 1303//2265
f 1591//2266 1301//2266 1586//2266
f 1591//2267 1579//2267 1585//2267
f 1591//2268 1586//2268 1579//2268
f 1592//2269 1581//2269 1593//2269
f 1592//2270 1593//2270 1594//2270
f 1592//2271 1587//2271 1581//2271
f 1595//2272 1582//2272 1587//2272
f 1595//2273 1588//2273 1582//2273
f 1596//2274 1583//2274 1588//2274
f 1596//2275 1589//2275 1583//2275
f 1597//2276 1584//2276 1589//2276
f 1597//2277 1590//2277 1584//2277
f 1598//2278 1305//2278 1591//2278
f 1598//2279 1307//2279 1305//2279
f 1598//2280 1585//2280 1590//2280
f 1598//2281 1591//2281 1585//2281
f 1599//2282 1595//2282 1587//2282
f 1599//2283 1587//2283 1592//2283
f 1600//2284 1588//2284 1595//2284
f 1600//2285 1596//2285 1588//2285
f 1601//2286 1597//2286 1589//2286
f 1601//2287 1589//2287 1596//2287
f 1602//2288 1309//2288 1307//2288
f 1602//2289 1311//2289 1309//2289
f 1602//2290 1307//2290 1598//2290
f 1602//2291 1590//2291 1597//2291
f 1602//2292 1598//2292 1590//2292
f 1603//2293 1599//2293 1592//2293
f 1603//2294 1594//2294 1604//2294
f 1603//2295 1604//2295 1605//2295
f 1603//2296 1592//2296 1594//2296
f 1606//2297 1595//2297 1599//2297
f 1606//2298 1600//2298 1595//2298
f 1607//2299 1601//2299 1596//2299
f 1607//2300 1596//2300 1600//2300
f 1608//2301 1311//2301 1602//2301
f 1608//2302 1602//2302 1597//2302
f 1608//2303 1313//2303 1311//2303
f 1608//2304 1597//2304 1601//2304
f 1609//2305 1599//2305 1603//2305
f 1609//2306 1606//2306 1599//2306
f 1610//2307 1600//2307 1606//2307
f 1610//2308 1607//2308 1600//2308
f 1611//2309 1608//2309 1601//2309
f 1611//2310 1313//2310 1608//2310
f 1611//2311 1601//2311 1607//2311
f 1611//2312 1315//2312 1313//2312
f 1612//2313 1603//2313 1605//2313
f 1612//2314 1609//2314 1603//2314
f 1613//2315 1606//2315 1609//2315
f 1613//2316 1610//2316 1606//2316
f 1614//2317 1607//2317 1610//2317
f 1614//2318 1611//2318 1607//2318
f 1614//2319 1315//2319 1611//2319
f 1614//2320 1317//2320 1315//2320
f 1614//2321 1319//2321 1317//2321
f 1615//2322 1612//2322 1605//2322
f 1615//2323 1605//2323 1616//2323
f 1617//2324 1609//2324 1612//2324
f 1617//2325 1613//2325 1609//2325
f 1618//2326 1614//2326 1610//2326
f 1618//2327 1610//2327 1613//2327
f 1618//2328 1319//2328 1614//2328
f 1618//2329 1321//2329 1319//2329
f 1619//2330 1612//2330 1615//2330
f 1619//2331 1617//2331 1612//2331
f 1620//2332 1618//2332 1613//2332
f 1620//2333 1613//2333 1617//2333
f 1620//2334 1321//2334 1618//2334
f 1620//2335 1323//2335 1321//2335
f 1620//2336 1325//2336 1323//2336
f 1621//2337 1616//2337 1622//2337
f 1621//2338 1615//2338 1616//2338
f 1621//2339 1619//2339 1615//2339
f 1623//2340 1620//2340 1617//2340
f 1623//2341 1325//2341 1620//2341
f 1623//2342 1327//2342 1325//2342
f 1623//2343 1617//2343 1619//2343
f 1624//2344 1622//2344 1625//2344
f 1624//2345 1621//2345 1622//2345
f 1626//2346 1329//2346 1327//2346
f 1626//2347 1327//2347 1623//2347
f 1626//2348 1623//2348 1619//2348
f 1626//2349 1619//2349 1621//2349
f 1627//2350 1329//2350 1626//2350
f 1627//2351 1331//2351 1329//2351
f 1627//2352 1333//2352 1331//2352
f 1627//2353 1621//2353 1624//2353
f 1627//2354 1626//2354 1621//2354
f 1628//2355 1625//2355 1629//2355
f 1628//2356 1335//2356 1333//2356
f 1628//2357 1333//2357 1627//2357
f 1628//2358 1627//2358 1624//2358
f 1628//2359 1624//2359 1625//2359
f 1630//2360 1628//2360 1629//2360
f 1630//2361 1335//2361 1628//2361
f 1630//2362 1629//2362 1631//2362
f 1630//2363 1337//2363 1335//2363
f 1632//2364 1524//2364 1341//2364
f 1632//2365 1631//2365 1524//2365
f 1632//2366 1339//2366 1337//2366
f 1632//2367 1341//2367 1339//2367
f 1632//2368 1630//2368 1631//2368
f 1632//2369 1337//2369 1630//2369
f 1633//2370 1365//2370 1363//2370
f 1633//2371 1367//2371 1365//2371
f 1634//2372 1635//2372 1636//2372
f 1369//2373 1367//2373 1633//2373
f 1637//2374 1635//2374 1634//2374
f 1638//2375 1371//2375 1369//2375
f 1638//2376 1369//2376 1633//2376
f 1373//2377 1371//2377 1638//2377
f 1639//2378 1373//2378 1638//2378
f 1375//2379 1373//2379 1639//2379
f 1377//2380 1375//2380 1639//2380
f 1640//2381 1377//2381 1639//2381
f 1379//2382 1377//2382 1640//2382
f 1381//2383 1640//2383 1641//2383
f 1381//2384 1379//2384 1640//2384
f 1383//2385 1381//2385 1641//2385
f 1385//2386 1383//2386 1641//2386
f 1642//2387 1643//2387 1644//2387
f 1642//2388 1645//2388 1643//2388
f 1469//2389 1467//2389 1646//2389
f 1471//2390 1646//2390 1647//2390
f 1471//2391 1469//2391 1646//2391
f 1473//2392 1471//2392 1647//2392
f 1475//2393 1647//2393 1648//2393
f 1475//2394 1473//2394 1647//2394
f 1477//2395 1475//2395 1648//2395
f 1479//2396 1477//2396 1648//2396
f 1649//2397 1479//2397 1648//2397
f 1481//2398 1479//2398 1649//2398
f 1483//2399 1481//2399 1649//2399
f 1650//2400 1483//2400 1649//2400
f 1485//2401 1483//2401 1650//2401
f 1487//2402 1485//2402 1650//2402
f 1145//2403 1487//2403 1650//2403
f 1651//2404 1652//2404 1653//2404
f 1651//2405 1637//2405 1652//2405
f 1651//2406 1635//2406 1637//2406
f 1651//2407 1654//2407 1635//2407
f 1655//2408 1654//2408 1651//2408
f 1655//2409 1656//2409 1657//2409
f 1655//2410 1657//2410 1654//2410
f 1658//2411 1653//2411 1659//2411
f 1658//2412 1655//2412 1651//2412
f 1658//2413 1651//2413 1653//2413
f 1660//2414 1656//2414 1655//2414
f 1660//2415 1661//2415 1662//2415
f 1660//2416 1662//2416 1656//2416
f 1663//2417 1664//2417 1665//2417
f 1663//2418 1666//2418 1664//2418
f 1663//2419 1659//2419 1666//2419
f 1663//2420 1658//2420 1659//2420
f 1667//2421 1660//2421 1655//2421
f 1667//2422 1655//2422 1658//2422
f 1668//2423 1661//2423 1660//2423
f 1668//2424 1669//2424 1661//2424
f 1670//2425 1658//2425 1663//2425
f 1670//2426 1667//2426 1658//2426
f 1671//2427 1660//2427 1667//2427
f 1671//2428 1668//2428 1660//2428
f 1672//2429 1673//2429 1674//2429
f 1672//2430 1674//2430 1669//2430
f 1672//2431 1669//2431 1668//2431
f 1675//2432 1676//2432 1677//2432
f 1675//2433 1677//2433 1673//2433
f 1678//2434 1387//2434 1385//2434
f 1678//2435 1389//2435 1387//2435
f 1678//2436 1385//2436 1641//2436
f 1678//2437 1641//2437 1679//2437
f 1678//2438 1679//2438 1680//2438
f 1681//2439 1665//2439 1682//2439
f 1681//2440 1670//2440 1663//2440
f 1681//2441 1663//2441 1665//2441
f 1683//2442 1671//2442 1667//2442
f 1683//2443 1667//2443 1670//2443
f 1684//2444 1668//2444 1671//2444
f 1684//2445 1672//2445 1668//2445
f 1685//2446 1675//2446 1673//2446
f 1685//2447 1673//2447 1672//2447
f 1686//2448 1687//2448 1676//2448
f 1688//2449 1689//2449 1690//2449
f 1691//2450 1678//2450 1680//2450
f 1691//2451 1391//2451 1389//2451
f 1691//2452 1389//2452 1678//2452
f 1692//2453 1681//2453 1682//2453
f 1692//2454 1693//2454 1694//2454
f 1692//2455 1682//2455 1693//2455
f 1695//2456 1670//2456 1681//2456
f 1695//2457 1683//2457 1670//2457
f 1696//2458 1671//2458 1683//2458
f 1696//2459 1684//2459 1671//2459
f 1697//2460 1685//2460 1672//2460
f 1697//2461 1672//2461 1684//2461
f 1698//2462 1686//2462 1676//2462
f 1698//2463 1676//2463 1675//2463
f 1698//2464 1675//2464 1685//2464
f 1699//2465 1687//2465 1686//2465
f 1699//2466 1688//2466 1690//2466
f 1699//2467 1690//2467 1687//2467
f 1700//2468 1393//2468 1391//2468
f 1700//2469 1680//2469 1689//2469
f 1700//2470 1689//2470 1688//2470
f 1700//2471 1391//2471 1691//2471
f 1700//2472 1691//2472 1680//2472
f 1701//2473 1694//2473 1702//2473
f 1701//2474 1692//2474 1694//2474
f 1703//2475 1695//2475 1681//2475
f 1703//2476 1681//2476 1692//2476
f 1704//2477 1683//2477 1695//2477
f 1704//2478 1696//2478 1683//2478
f 1705//2479 1684//2479 1696//2479
f 1705//2480 1697//2480 1684//2480
f 1706//2481 1685//2481 1697//2481
f 1706//2482 1698//2482 1685//2482
f 1707//2483 1686//2483 1698//2483
f 1707//2484 1699//2484 1686//2484
f 1708//2485 1700//2485 1688//2485
f 1708//2486 1395//2486 1393//2486
f 1708//2487 1397//2487 1395//2487
f 1708//2488 1688//2488 1699//2488
f 1708//2489 1393//2489 1700//2489
f 1709//2490 1710//2490 1711//2490
f 1709//2491 1702//2491 1710//2491
f 1709//2492 1701//2492 1702//2492
f 1712//2493 1703//2493 1692//2493
f 1712//2494 1692//2494 1701//2494
f 1713//2495 1695//2495 1703//2495
f 1713//2496 1704//2496 1695//2496
f 1714//2497 1696//2497 1704//2497
f 1714//2498 1705//2498 1696//2498
f 1715//2499 1706//2499 1697//2499
f 1715//2500 1697//2500 1705//2500
f 1716//2501 1707//2501 1698//2501
f 1716//2502 1698//2502 1706//2502
f 1717//2503 1399//2503 1397//2503
f 1717//2504 1699//2504 1707//2504
f 1717//2505 1397//2505 1708//2505
f 1717//2506 1708//2506 1699//2506
f 1718//2507 1711//2507 1719//2507
f 1718//2508 1709//2508 1711//2508
f 1718//2509 1719//2509 1720//2509
f 1721//2510 1712//2510 1701//2510
f 1721//2511 1701//2511 1709//2511
f 1722//2512 1713//2512 1703//2512
f 1722//2513 1703//2513 1712//2513
f 1723//2514 1714//2514 1704//2514
f 1723//2515 1704//2515 1713//2515
f 1724//2516 1715//2516 1705//2516
f 1724//2517 1705//2517 1714//2517
f 1725//2518 1716//2518 1706//2518
f 1725//2519 1706//2519 1715//2519
f 1726//2520 1401//2520 1399//2520
f 1726//2521 1403//2521 1401//2521
f 1726//2522 1399//2522 1717//2522
f 1726//2523 1717//2523 1707//2523
f 1726//2524 1707//2524 1716//2524
f 1727//2525 1718//2525 1720//2525
f 1727//2526 1728//2526 1729//2526
f 1727//2527 1720//2527 1728//2527
f 1730//2528 1709//2528 1718//2528
f 1730//2529 1721//2529 1709//2529
f 1731//2530 1712//2530 1721//2530
f 1731//2531 1722//2531 1712//2531
f 1732//2532 1713//2532 1722//2532
f 1732//2533 1723//2533 1713//2533
f 1733//2534 1724//2534 1714//2534
f 1733//2535 1714//2535 1723//2535
f 1734//2536 1725//2536 1715//2536
f 1734//2537 1715//2537 1724//2537
f 1735//2538 1403//2538 1726//2538
f 1735//2539 1405//2539 1403//2539
f 1735//2540 1716//2540 1725//2540
f 1735//2541 1726//2541 1716//2541
f 1736//2542 1727//2542 1729//2542
f 1736//2543 1729//2543 1737//2543
f 1738//2544 1718//2544 1727//2544
f 1738//2545 1730//2545 1718//2545
f 1739//2546 1721//2546 1730//2546
f 1739//2547 1731//2547 1721//2547
f 1740//2548 1722//2548 1731//2548
f 1740//2549 1732//2549 1722//2549
f 1741//2550 1723//2550 1732//2550
f 1741//2551 1733//2551 1723//2551
f 1742//2552 1724//2552 1733//2552
f 1742//2553 1734//2553 1724//2553
f 1743//2554 1407//2554 1405//2554
f 1743//2555 1725//2555 1734//2555
f 1743//2556 1405//2556 1735//2556
f 1743//2557 1735//2557 1725//2557
f 1744//2558 1642//2558 1745//2558
f 1744//2559 1645//2559 1642//2559
f 1744//2560 1746//2560 1645//2560
f 1744//2561 1747//2561 1746//2561
f 1748//2562 1749//2562 1750//2562
f 1748//2563 1751//2563 1749//2563
f 1748//2564 1752//2564 1751//2564
f 1753//2565 1736//2565 1737//2565
f 1753//2566 1754//2566 1755//2566
f 1753//2567 1737//2567 1754//2567
f 1756//2568 1738//2568 1727//2568
f 1756//2569 1727//2569 1736//2569
f 1757//2570 1739//2570 1730//2570
f 1757//2571 1730//2571 1738//2571
f 1758//2572 1740//2572 1731//2572
f 1758//2573 1731//2573 1739//2573
f 1759//2574 1741//2574 1732//2574
f 1759//2575 1732//2575 1740//2575
f 1760//2576 1742//2576 1733//2576
f 1760//2577 1733//2577 1741//2577
f 1761//2578 1409//2578 1407//2578
f 1761//2579 1411//2579 1409//2579
f 1761//2580 1734//2580 1742//2580
f 1761//2581 1743//2581 1734//2581
f 1761//2582 1407//2582 1743//2582
f 1762//2583 1747//2583 1744//2583
f 1762//2584 1748//2584 1750//2584
f 1762//2585 1750//2585 1747//2585
f 1763//2586 1752//2586 1748//2586
f 1763//2587 1753//2587 1755//2587
f 1763//2588 1755//2588 1752//2588
f 1764//2589 1756//2589 1736//2589
f 1764//2590 1736//2590 1753//2590
f 1765//2591 1757//2591 1738//2591
f 1765//2592 1738//2592 1756//2592
f 1766//2593 1739//2593 1757//2593
f 1766//2594 1758//2594 1739//2594
f 1767//2595 1740//2595 1758//2595
f 1767//2596 1759//2596 1740//2596
f 1768//2597 1741//2597 1759//2597
f 1768//2598 1760//2598 1741//2598
f 1769//2599 1411//2599 1761//2599
f 1769//2600 1413//2600 1411//2600
f 1769//2601 1742//2601 1760//2601
f 1769//2602 1761//2602 1742//2602
f 1770//2603 1771//2603 1772//2603
f 1770//2604 1745//2604 1771//2604
f 1770//2605 1762//2605 1744//2605
f 1770//2606 1744//2606 1745//2606
f 1773//2607 1748//2607 1762//2607
f 1773//2608 1763//2608 1748//2608
f 1774//2609 1764//2609 1753//2609
f 1774//2610 1753//2610 1763//2610
f 1775//2611 1756//2611 1764//2611
f 1775//2612 1765//2612 1756//2612
f 1776//2613 1766//2613 1757//2613
f 1776//2614 1757//2614 1765//2614
f 1777//2615 1758//2615 1766//2615
f 1777//2616 1767//2616 1758//2616
f 1778//2617 1759//2617 1767//2617
f 1778//2618 1768//2618 1759//2618
f 1779//2619 1769//2619 1760//2619
f 1779//2620 1415//2620 1413//2620
f 1779//2621 1417//2621 1415//2621
f 1779//2622 1413//2622 1769//2622
f 1779//2623 1760//2623 1768//2623
f 1780//2624 1762//2624 1770//2624
f 1780//2625 1773//2625 1762//2625
f 1781//2626 1774//2626 1763//2626
f 1781//2627 1763//2627 1773//2627
f 1782//2628 1764//2628 1774//2628
f 1782//2629 1775//2629 1764//2629
f 1783//2630 1776//2630 1765//2630
f 1783//2631 1765//2631 1775//2631
f 1784//2632 1777//2632 1766//2632
f 1784//2633 1766//2633 1776//2633
f 1785//2634 1767//2634 1777//2634
f 1785//2635 1778//2635 1767//2635
f 1786//2636 1768//2636 1778//2636
f 1786//2637 1417//2637 1779//2637
f 1786//2638 1419//2638 1417//2638
f 1786//2639 1779//2639 1768//2639
f 1787//2640 1770//2640 1772//2640
f 1787//2641 1780//2641 1770//2641
f 1787//2642 1788//2642 1789//2642
f 1787//2643 1772//2643 1788//2643
f 1790//2644 1773//2644 1780//2644
f 1790//2645 1781//2645 1773//2645
f 1791//2646 1782//2646 1774//2646
f 1791//2647 1774//2647 1781//2647
f 1792//2648 1783//2648 1775//2648
f 1792//2649 1775//2649 1782//2649
f 1793//2650 1776//2650 1783//2650
f 1793//2651 1784//2651 1776//2651
f 1794//2652 1777//2652 1784//2652
f 1794//2653 1785//2653 1777//2653
f 1795//2654 1421//2654 1419//2654
f 1795//2655 1778//2655 1785//2655
f 1795//2656 1419//2656 1786//2656
f 1795//2657 1786//2657 1778//2657
f 1796//2658 1780//2658 1787//2658
f 1796//2659 1790//2659 1780//2659
f 1797//2660 1791//2660 1781//2660
f 1797//2661 1781//2661 1790//2661
f 1798//2662 1792//2662 1782//2662
f 1798//2663 1782//2663 1791//2663
f 1799//2664 1793//2664 1783//2664
f 1799//2665 1783//2665 1792//2665
f 1800//2666 1784//2666 1793//2666
f 1800//2667 1794//2667 1784//2667
f 1801//2668 1421//2668 1795//2668
f 1801//2669 1423//2669 1421//2669
f 1801//2670 1425//2670 1423//2670
f 1801//2671 1785//2671 1794//2671
f 1801//2672 1795//2672 1785//2672
f 1802//2673 1789//2673 1803//2673
f 1802//2674 1787//2674 1789//2674
f 1802//2675 1796//2675 1787//2675
f 1804//2676 1790//2676 1796//2676
f 1804//2677 1797//2677 1790//2677
f 1805//2678 1791//2678 1797//2678
f 1805//2679 1798//2679 1791//2679
f 1806//2680 1792//2680 1798//2680
f 1806//2681 1799//2681 1792//2681
f 1807//2682 1800//2682 1793//2682
f 1807//2683 1793//2683 1799//2683
f 1808//2684 1427//2684 1425//2684
f 1808//2685 1794//2685 1800//2685
f 1808//2686 1801//2686 1794//2686
f 1808//2687 1425//2687 1801//2687
f 1809//2688 1796//2688 1802//2688
f 1809//2689 1804//2689 1796//2689
f 1810//2690 1797//2690 1804//2690
f 1810//2691 1805//2691 1797//2691
f 1811//2692 1798//2692 1805//2692
f 1811//2693 1806//2693 1798//2693
f 1812//2694 1799//2694 1806//2694
f 1812//2695 1807//2695 1799//2695
f 1813//2696 1429//2696 1427//2696
f 1813//2697 1431//2697 1429//2697
f 1813//2698 1800//2698 1807//2698
f 1813//2699 1427//2699 1808//2699
f 1813//2700 1808//2700 1800//2700
f 1814//2701 1809//2701 1802//2701
f 1814//2702 1815//2702 1816//2702
f 1814//2703 1803//2703 1815//2703
f 1814//2704 1802//2704 1803//2704
f 1817//2705 1804//2705 1809//2705
f 1817//2706 1810//2706 1804//2706
f 1818//2707 1805//2707 1810//2707
f 1818//2708 1811//2708 1805//2708
f 1819//2709 1812//2709 1806//2709
f 1819//2710 1806//2710 1811//2710
f 1820//2711 1807//2711 1812//2711
f 1820//2712 1433//2712 1431//2712
f 1820//2713 1431//2713 1813//2713
f 1820//2714 1813//2714 1807//2714
f 1821//2715 1809//2715 1814//2715
f 1821//2716 1817//2716 1809//2716
f 1822//2717 1818//2717 1810//2717
f 1822//2718 1810//2718 1817//2718
f 1823//2719 1811//2719 1818//2719
f 1823//2720 1819//2720 1811//2720
f 1824//2721 1812//2721 1819//2721
f 1824//2722 1435//2722 1433//2722
f 1824//2723 1820//2723 1812//2723
f 1824//2724 1433//2724 1820//2724
f 1825//2725 1821//2725 1814//2725
f 1825//2726 1814//2726 1816//2726
f 1826//2727 1817//2727 1821//2727
f 1826//2728 1822//2728 1817//2728
f 1827//2729 1818//2729 1822//2729
f 1827//2730 1823//2730 1818//2730
f 1828//2731 1435//2731 1824//2731
f 1828//2732 1437//2732 1435//2732
f 1828//2733 1439//2733 1437//2733
f 1828//2734 1819//2734 1823//2734
f 1828//2735 1824//2735 1819//2735
f 1829//2736 1830//2736 1831//2736
f 1829//2737 1816//2737 1830//2737
f 1829//2738 1825//2738 1816//2738
f 1832//2739 1826//2739 1821//2739
f 1832//2740 1821//2740 1825//2740
f 1833//2741 1822//2741 1826//2741
f 1833//2742 1827//2742 1822//2742
f 1834//2743 1823//2743 1827//2743
f 1834//2744 1828//2744 1823//2744
f 1834//2745 1441//2745 1439//2745
f 1834//2746 1439//2746 1828//2746
f 1835//2747 1832//2747 1825//2747
f 1835//2748 1829//2748 1831//2748
f 1835//2749 1825//2749 1829//2749
f 1836//2750 1826//2750 1832//2750
f 1836//2751 1833//2751 1826//2751
f 1837//2752 1827//2752 1833//2752
f 1837//2753 1443//2753 1441//2753
f 1837//2754 1445//2754 1443//2754
f 1837//2755 1834//2755 1827//2755
f 1837//2756 1441//2756 1834//2756
f 1838//2757 1831//2757 1839//2757
f 1838//2758 1835//2758 1831//2758
f 1840//2759 1836//2759 1832//2759
f 1840//2760 1832//2760 1835//2760
f 1841//2761 1447//2761 1445//2761
f 1841//2762 1833//2762 1836//2762
f 1841//2763 1837//2763 1833//2763
f 1841//2764 1445//2764 1837//2764
f 1842//2765 1835//2765 1838//2765
f 1842//2766 1840//2766 1835//2766
f 1843//2767 1447//2767 1841//2767
f 1843//2768 1449//2768 1447//2768
f 1843//2769 1836//2769 1840//2769
f 1843//2770 1841//2770 1836//2770
f 1844//2771 1839//2771 1845//2771
f 1844//2772 1838//2772 1839//2772
f 1844//2773 1842//2773 1838//2773
f 1846//2774 1451//2774 1449//2774
f 1846//2775 1453//2775 1451//2775
f 1846//2776 1449//2776 1843//2776
f 1846//2777 1840//2777 1842//2777
f 1846//2778 1843//2778 1840//2778
f 1847//2779 1845//2779 1848//2779
f 1847//2780 1844//2780 1845//2780
f 1849//2781 1455//2781 1453//2781
f 1849//2782 1453//2782 1846//2782
f 1849//2783 1842//2783 1844//2783
f 1849//2784 1846//2784 1842//2784
f 1850//2785 1849//2785 1844//2785
f 1850//2786 1457//2786 1455//2786
f 1850//2787 1459//2787 1457//2787
f 1850//2788 1455//2788 1849//2788
f 1850//2789 1844//2789 1847//2789
f 1851//2790 1459//2790 1850//2790
f 1851//2791 1850//2791 1847//2791
f 1851//2792 1848//2792 1852//2792
f 1851//2793 1461//2793 1459//2793
f 1851//2794 1847//2794 1848//2794
f 1853//2795 1461//2795 1851//2795
f 1853//2796 1463//2796 1461//2796
f 1853//2797 1851//2797 1852//2797
f 1854//2798 1463//2798 1853//2798
f 1854//2799 1855//2799 1646//2799
f 1854//2800 1852//2800 1855//2800
f 1854//2801 1465//2801 1463//2801
f 1854//2802 1467//2802 1465//2802
f 1854//2803 1853//2803 1852//2803
f 1854//2804 1646//2804 1467//2804
f 1095//2805 1456//2805 1458//2805
f 1095//2806 1458//2806 1096//2806
f 1097//2807 1458//2807 1460//2807
f 1097//2808 1460//2808 1462//2808
f 1097//2809 1096//2809 1458//2809
f 1094//2810 1456//2810 1095//2810
f 1094//2811 1452//2811 1454//2811
f 1094//2812 1454//2812 1456//2812
f 1098//2813 1097//2813 1462//2813
f 1093//2814 1452//2814 1094//2814
f 1099//2815 1098//2815 1462//2815
f 1099//2816 1462//2816 1464//2816
f 1092//2817 1452//2817 1093//2817
f 1092//2818 1450//2818 1452//2818
f 1100//2819 1099//2819 1464//2819
f 1100//2820 1464//2820 1466//2820
f 1091//2821 1450//2821 1092//2821
f 1091//2822 1448//2822 1450//2822
f 1101//2823 1100//2823 1466//2823
f 1101//2824 1466//2824 1468//2824
f 1090//2825 1448//2825 1091//2825
f 1090//2826 1446//2826 1448//2826
f 1102//2827 1101//2827 1468//2827
f 1102//2828 1468//2828 1470//2828
f 1102//2829 1470//2829 1472//2829
f 1089//2830 1446//2830 1090//2830
f 1089//2831 1442//2831 1444//2831
f 1089//2832 1444//2832 1446//2832
f 1103//2833 1102//2833 1472//2833
f 1088//2834 1442//2834 1089//2834
f 1088//2835 1440//2835 1442//2835
f 1104//2836 1103//2836 1472//2836
f 1104//2837 1472//2837 1474//2837
f 1087//2838 1440//2838 1088//2838
f 1105//2839 1104//2839 1474//2839
f 1105//2840 1474//2840 1476//2840
f 1086//2841 1440//2841 1087//2841
f 1086//2842 1436//2842 1438//2842
f 1086//2843 1438//2843 1440//2843
f 1106//2844 1105//2844 1476//2844
f 1106//2845 1476//2845 1478//2845
f 1085//2846 1436//2846 1086//2846
f 1107//2847 1106//2847 1478//2847
f 1107//2848 1478//2848 1480//2848
f 1084//2849 1436//2849 1085//2849
f 1084//2850 1434//2850 1436//2850
f 1108//2851 1107//2851 1480//2851
f 1108//2852 1480//2852 1482//2852
f 1083//2853 1432//2853 1434//2853
f 1083//2854 1434//2854 1084//2854
f 1109//2855 1108//2855 1482//2855
f 1109//2856 1482//2856 1484//2856
f 1109//2857 1484//2857 1486//2857
f 1082//2858 1432//2858 1083//2858
f 1082//2859 1430//2859 1432//2859
f 1110//2860 1109//2860 1486//2860
f 1081//2861 1428//2861 1430//2861
f 1081//2862 1430//2862 1082//2862
f 1111//2863 1110//2863 1486//2863
f 1111//2864 1486//2864 1488//2864
f 1080//2865 1428//2865 1081//2865
f 1080//2866 1426//2866 1428//2866
f 1112//2867 1111//2867 1488//2867
f 1112//2868 1488//2868 1489//2868
f 1079//2869 1424//2869 1426//2869
f 1079//2870 1426//2870 1080//2870
f 1113//2871 1489//2871 1490//2871
f 1113//2872 1112//2872 1489//2872
f 1078//2873 1420//2873 1422//2873
f 1078//2874 1422//2874 1424//2874
f 1078//2875 1424//2875 1079//2875
f 1114//2876 1113//2876 1490//2876
f 1114//2877 1490//2877 1491//2877
f 1077//2878 1420//2878 1078//2878
f 1115//2879 1114//2879 1491//2879
f 1115//2880 1491//2880 1492//2880
f 1076//2881 1420//2881 1077//2881
f 1076//2882 1418//2882 1420//2882
f 1116//2883 1115//2883 1492//2883
f 1116//2884 1492//2884 1493//2884
f 1075//2885 1418//2885 1076//2885
f 1075//2886 1416//2886 1418//2886
f 1117//2887 1116//2887 1493//2887
f 1117//2888 1493//2888 1494//2888
f 1074//2889 1414//2889 1416//2889
f 1074//2890 1416//2890 1075//2890
f 1118//2891 1494//2891 1495//2891
f 1118//2892 1117//2892 1494//2892
f 1073//2893 1414//2893 1074//2893
f 1073//2894 1412//2894 1414//2894
f 1119//2895 1495//2895 1496//2895
f 1119//2896 1118//2896 1495//2896
f 1072//2897 1412//2897 1073//2897
f 1072//2898 1410//2898 1412//2898
f 1120//2899 1496//2899 1497//2899
f 1120//2900 1119//2900 1496//2900
f 1071//2901 1410//2901 1072//2901
f 1071//2902 1408//2902 1410//2902
f 1121//2903 1497//2903 1498//2903
f 1121//2904 1120//2904 1497//2904
f 1070//2905 1406//2905 1408//2905
f 1070//2906 1408//2906 1071//2906
f 1122//2907 1498//2907 1499//2907
f 1122//2908 1499//2908 1500//2908
f 1122//2909 1121//2909 1498//2909
f 1069//2910 1406//2910 1070//2910
f 1069//2911 1404//2911 1406//2911
f 1123//2912 1122//2912 1500//2912
f 1068//2913 1404//2913 1069//2913
f 1068//2914 1402//2914 1404//2914
f 1124//2915 1500//2915 1501//2915
f 1124//2916 1123//2916 1500//2916
f 1067//2917 1400//2917 1402//2917
f 1067//2918 1402//2918 1068//2918
f 1125//2919 1501//2919 1502//2919
f 1125//2920 1124//2920 1501//2920
f 1066//2921 1398//2921 1400//2921
f 1066//2922 1400//2922 1067//2922
f 1503//2923 1125//2923 1502//2923
f 1126//2924 1125//2924 1503//2924
f 1065//2925 1396//2925 1398//2925
f 1065//2926 1398//2926 1066//2926
f 1127//2927 1503//2927 1504//2927
f 1127//2928 1126//2928 1503//2928
f 1394//2929 1065//2929 1064//2929
f 1394//2930 1396//2930 1065//2930
f 1505//2931 1128//2931 1127//2931
f 1505//2932 1127//2932 1504//2932
f 1392//2933 1394//2933 1064//2933
f 1392//2934 1064//2934 1063//2934
f 1129//2935 1128//2935 1505//2935
f 1506//2936 1129//2936 1505//2936
f 1390//2937 1392//2937 1063//2937
f 1390//2938 1063//2938 1062//2938
f 1061//2939 1390//2939 1062//2939
f 1507//2940 1129//2940 1506//2940
f 1507//2941 1130//2941 1129//2941
f 1388//2942 1390//2942 1061//2942
f 1508//2943 1130//2943 1507//2943
f 1508//2944 1131//2944 1130//2944
f 1386//2945 1388//2945 1061//2945
f 1386//2946 1061//2946 1060//2946
f 1509//2947 1132//2947 1131//2947
f 1509//2948 1131//2948 1508//2948
f 1509//2949 1133//2949 1132//2949
f 1384//2950 1386//2950 1060//2950
f 1384//2951 1060//2951 1059//2951
f 1510//2952 1133//2952 1509//2952
f 1382//2953 1384//2953 1059//2953
f 1382//2954 1059//2954 1058//2954
f 1511//2955 1133//2955 1510//2955
f 1511//2956 1134//2956 1133//2956
f 1380//2957 1382//2957 1058//2957
f 1380//2958 1058//2958 1057//2958
f 1512//2959 1135//2959 1134//2959
f 1512//2960 1136//2960 1135//2960
f 1512//2961 1134//2961 1511//2961
f 1378//2962 1057//2962 1056//2962
f 1378//2963 1380//2963 1057//2963
f 1513//2964 1136//2964 1512//2964
f 1376//2965 1056//2965 1055//2965
f 1376//2966 1378//2966 1056//2966
f 1514//2967 1137//2967 1136//2967
f 1514//2968 1138//2968 1137//2968
f 1514//2969 1136//2969 1513//2969
f 1374//2970 1055//2970 1054//2970
f 1374//2971 1376//2971 1055//2971
f 1515//2972 1138//2972 1514//2972
f 1515//2973 1139//2973 1138//2973
f 1372//2974 1054//2974 1053//2974
f 1372//2975 1374//2975 1054//2975
f 1516//2976 1139//2976 1515//2976
f 1370//2977 1372//2977 1053//2977
f 1370//2978 1053//2978 1052//2978
f 1517//2979 1140//2979 1139//2979
f 1517//2980 1141//2980 1140//2980
f 1517//2981 1139//2981 1516//2981
f 1368//2982 1370//2982 1052//2982
f 1368//2983 1052//2983 1051//2983
f 1518//2984 1141//2984 1517//2984
f 1366//2985 1368//2985 1051//2985
f 1366//2986 1050//2986 1049//2986
f 1366//2987 1051//2987 1050//2987
f 1519//2988 1142//2988 1141//2988
f 1519//2989 1141//2989 1518//2989
f 1364//2990 1366//2990 1049//2990
f 1300//2991 1142//2991 1519//2991
f 1300//2992 1017//2992 1142//2992
f 1362//2993 1364//2993 1049//2993
f 1362//2994 1049//2994 1048//2994
f 1302//2995 1018//2995 1017//2995
f 1302//2996 1017//2996 1300//2996
f 1360//2997 1048//2997 1047//2997
f 1360//2998 1362//2998 1048//2998
f 1304//2999 1019//2999 1018//2999
f 1304//3000 1018//3000 1302//3000
f 1358//3001 1047//3001 1046//3001
f 1358//3002 1360//3002 1047//3002
f 1306//3003 1020//3003 1019//3003
f 1306//3004 1019//3004 1304//3004
f 1356//3005 1045//3005 1044//3005
f 1356//3006 1046//3006 1045//3006
f 1356//3007 1358//3007 1046//3007
f 1308//3008 1021//3008 1020//3008
f 1308//3009 1020//3009 1306//3009
f 1354//3010 1356//3010 1044//3010
f 1310//3011 1022//3011 1021//3011
f 1310//3012 1021//3012 1308//3012
f 1352//3013 1354//3013 1044//3013
f 1352//3014 1044//3014 1043//3014
f 1312//3015 1022//3015 1310//3015
f 1312//3016 1023//3016 1022//3016
f 1312//3017 1024//3017 1023//3017
f 1350//3018 1352//3018 1043//3018
f 1350//3019 1042//3019 1041//3019
f 1350//3020 1043//3020 1042//3020
f 1314//3021 1024//3021 1312//3021
f 1348//3022 1350//3022 1041//3022
f 1348//3023 1041//3023 1040//3023
f 1316//3024 1025//3024 1024//3024
f 1316//3025 1026//3025 1025//3025
f 1316//3026 1024//3026 1314//3026
f 1346//3027 1348//3027 1040//3027
f 1346//3028 1040//3028 1039//3028
f 1318//3029 1026//3029 1316//3029
f 1318//3030 1027//3030 1026//3030
f 1344//3031 1346//3031 1039//3031
f 1320//3032 1027//3032 1318//3032
f 1342//3033 1039//3033 1038//3033
f 1342//3034 1344//3034 1039//3034
f 1322//3035 1027//3035 1320//3035
f 1322//3036 1028//3036 1027//3036
f 1340//3037 1342//3037 1038//3037
f 1340//3038 1038//3038 1037//3038
f 1324//3039 1029//3039 1028//3039
f 1324//3040 1028//3040 1322//3040
f 1338//3041 1340//3041 1037//3041
f 1338//3042 1036//3042 1035//3042
f 1338//3043 1037//3043 1036//3043
f 1326//3044 1029//3044 1324//3044
f 1326//3045 1030//3045 1029//3045
f 1336//3046 1338//3046 1035//3046
f 1328//3047 1031//3047 1030//3047
f 1328//3048 1030//3048 1326//3048
f 1334//3049 1336//3049 1035//3049
f 1334//3050 1034//3050 1033//3050
f 1334//3051 1035//3051 1034//3051
f 1330//3052 1032//3052 1031//3052
f 1330//3053 1031//3053 1328//3053
f 1332//3054 1033//3054 1032//3054
f 1332//3055 1334//3055 1033//3055
f 1332//3056 1032//3056 1330//3056
f 670//3057 1856//3057 1857//3057
f 668//3058 1857//3058 1858//3058
f 668//3059 670//3059 1857//3059
f 672//3060 1859//3060 1856//3060
f 672//3061 1856//3061 670//3061
f 666//3062 1858//3062 1860//3062
f 666//3063 668//3063 1858//3063
f 673//3064 1861//3064 1859//3064
f 673//3065 1859//3065 672//3065
f 664//3066 1860//3066 1862//3066
f 664//3067 666//3067 1860//3067
f 676//3068 1863//3068 1861//3068
f 676//3069 1861//3069 673//3069
f 662//3070 1862//3070 1864//3070
f 662//3071 664//3071 1862//3071
f 677//3072 1865//3072 1863//3072
f 677//3073 1863//3073 676//3073
f 660//3074 1864//3074 1866//3074
f 660//3075 662//3075 1864//3075
f 680//3076 1865//3076 677//3076
f 658//3077 1866//3077 1867//3077
f 658//3078 660//3078 1866//3078
f 681//3079 1868//3079 1865//3079
f 681//3080 1865//3080 680//3080
f 656//3081 658//3081 1867//3081
f 656//3082 1867//3082 1869//3082
f 684//3083 1868//3083 681//3083
f 684//3084 1870//3084 1868//3084
f 654//3085 656//3085 1869//3085
f 654//3086 1869//3086 1871//3086
f 686//3087 1872//3087 1870//3087
f 686//3088 1870//3088 684//3088
f 651//3089 654//3089 1871//3089
f 651//3090 1871//3090 1873//3090
f 688//3091 1872//3091 686//3091
f 688//3092 1874//3092 1872//3092
f 649//3093 651//3093 1873//3093
f 649//3094 1873//3094 1875//3094
f 690//3095 1874//3095 688//3095
f 690//3096 1876//3096 1874//3096
f 648//3097 649//3097 1875//3097
f 648//3098 1875//3098 1877//3098
f 691//3099 1876//3099 690//3099
f 691//3100 1878//3100 1876//3100
f 646//3101 648//3101 1877//3101
f 646//3102 1877//3102 1879//3102
f 694//3103 1880//3103 1878//3103
f 694//3104 1878//3104 691//3104
f 644//3105 1879//3105 1881//3105
f 644//3106 646//3106 1879//3106
f 696//3107 1880//3107 694//3107
f 696//3108 1882//3108 1880//3108
f 642//3109 644//3109 1881//3109
f 642//3110 1881//3110 1883//3110
f 698//3111 1882//3111 696//3111
f 698//3112 1884//3112 1882//3112
f 639//3113 1883//3113 1885//3113
f 639//3114 642//3114 1883//3114
f 700//3115 1884//3115 698//3115
f 700//3116 1886//3116 1884//3116
f 638//3117 1885//3117 1887//3117
f 638//3118 639//3118 1885//3118
f 511//3119 1886//3119 700//3119
f 511//3120 1888//3120 1886//3120
f 513//3121 1889//3121 1888//3121
f 513//3122 1888//3122 511//3122
f 637//3123 638//3123 1887//3123
f 515//3124 1890//3124 1889//3124
f 515//3125 1889//3125 513//3125
f 636//3126 637//3126 1887//3126
f 517//3127 1891//3127 1890//3127
f 517//3128 1890//3128 515//3128
f 635//3129 636//3129 1887//3129
f 519//3130 1892//3130 1891//3130
f 519//3131 1891//3131 517//3131
f 634//3132 635//3132 1887//3132
f 521//3133 1893//3133 1892//3133
f 521//3134 1892//3134 519//3134
f 633//3135 634//3135 1887//3135
f 523//3136 1894//3136 1893//3136
f 523//3137 1893//3137 521//3137
f 632//3138 633//3138 1887//3138
f 525//3139 1895//3139 1894//3139
f 525//3140 1894//3140 523//3140
f 631//3141 632//3141 1887//3141
f 527//3142 1896//3142 1895//3142
f 527//3143 1895//3143 525//3143
f 630//3144 631//3144 1887//3144
f 529//3145 1897//3145 1896//3145
f 529//3146 1896//3146 527//3146
f 629//3147 630//3147 1887//3147
f 531//3148 1898//3148 1897//3148
f 531//3149 1897//3149 529//3149
f 533//3150 1898//3150 531//3150
f 533//3151 1899//3151 1898//3151
f 535//3152 1900//3152 1899//3152
f 535//3153 1899//3153 533//3153
f 537//3154 1901//3154 1900//3154
f 537//3155 1900//3155 535//3155
f 539//3156 1901//3156 537//3156
f 539//3157 1902//3157 1901//3157
f 541//3158 1903//3158 1902//3158
f 541//3159 1902//3159 539//3159
f 1904//3160 541//3160 543//3160
f 1904//3161 1903//3161 541//3161
f 545//3162 1904//3162 543//3162
f 1905//3163 1904//3163 545//3163
f 547//3164 1905//3164 545//3164
f 1523//3165 621//3165 622//3165
f 1523//3166 622//3166 623//3166
f 1523//3167 623//3167 624//3167
f 1523//3168 624//3168 625//3168
f 1523//3169 625//3169 626//3169
f 1523//3170 626//3170 627//3170
f 1523//3171 627//3171 628//3171
f 1523//3172 628//3172 629//3172
f 1523//3173 629//3173 1887//3173
f 1906//3174 1905//3174 547//3174
f 549//3175 1906//3175 547//3175
f 1907//3176 549//3176 551//3176
f 1907//3177 1906//3177 549//3177
f 1522//3178 621//3178 1523//3178
f 1522//3179 620//3179 621//3179
f 1908//3180 551//3180 553//3180
f 1908//3181 1907//3181 551//3181
f 1521//3182 619//3182 620//3182
f 1521//3183 620//3183 1522//3183
f 1909//3184 1908//3184 553//3184
f 1910//3185 553//3185 555//3185
f 1910//3186 1909//3186 553//3186
f 1543//3187 618//3187 619//3187
f 1543//3188 619//3188 1521//3188
f 1911//3189 555//3189 557//3189
f 1911//3190 557//3190 559//3190
f 1911//3191 1910//3191 555//3191
f 1542//3192 618//3192 1543//3192
f 1542//3193 617//3193 618//3193
f 1912//3194 1911//3194 559//3194
f 1913//3195 559//3195 561//3195
f 1913//3196 561//3196 563//3196
f 1913//3197 1912//3197 559//3197
f 1547//3198 617//3198 1542//3198
f 1547//3199 616//3199 617//3199
f 1914//3200 563//3200 565//3200
f 1914//3201 1913//3201 563//3201
f 1546//3202 616//3202 1547//3202
f 1546//3203 615//3203 616//3203
f 1915//3204 565//3204 567//3204
f 1915//3205 1914//3205 565//3205
f 1916//3206 1915//3206 567//3206
f 1916//3207 567//3207 569//3207
f 1537//3208 614//3208 615//3208
f 1537//3209 615//3209 1546//3209
f 1917//3210 569//3210 571//3210
f 1917//3211 1916//3211 569//3211
f 1918//3212 571//3212 573//3212
f 1918//3213 1917//3213 571//3213
f 1536//3214 613//3214 614//3214
f 1536//3215 614//3215 1537//3215
f 1919//3216 573//3216 575//3216
f 1919//3217 1918//3217 573//3217
f 1920//3218 579//3218 580//3218
f 1920//3219 580//3219 581//3219
f 1920//3220 581//3220 582//3220
f 1920//3221 582//3221 583//3221
f 1920//3222 1919//3222 575//3222
f 1920//3223 575//3223 576//3223
f 1920//3224 576//3224 577//3224
f 1920//3225 577//3225 578//3225
f 1920//3226 578//3226 579//3226
f 584//3227 1920//3227 583//3227
f 1549//3228 612//3228 613//3228
f 1549//3229 613//3229 1536//3229
f 1539//3230 611//3230 612//3230
f 1539//3231 612//3231 1549//3231
f 1534//3232 611//3232 1539//3232
f 1534//3233 610//3233 611//3233
f 1533//3234 610//3234 1534//3234
f 1533//3235 609//3235 610//3235
f 1531//3236 608//3236 609//3236
f 1531//3237 609//3237 1533//3237
f 1530//3238 607//3238 608//3238
f 1530//3239 608//3239 1531//3239
f 1242//3240 606//3240 607//3240
f 1242//3241 607//3241 1530//3241
f 1241//3242 605//3242 606//3242
f 1241//3243 606//3243 1242//3243
f 1232//3244 604//3244 605//3244
f 1232//3245 605//3245 1241//3245
f 1231//3246 603//3246 604//3246
f 1231//3247 604//3247 1232//3247
f 1221//3248 603//3248 1231//3248
f 1221//3249 602//3249 603//3249
f 1212//3250 601//3250 602//3250
f 1212//3251 602//3251 1221//3251
f 1211//3252 601//3252 1212//3252
f 1211//3253 600//3253 601//3253
f 1186//3254 600//3254 1211//3254
f 1186//3255 599//3255 600//3255
f 1181//3256 598//3256 599//3256
f 1181//3257 599//3257 1186//3257
f 1180//3258 597//3258 598//3258
f 1180//3259 598//3259 1181//3259
f 1175//3260 596//3260 597//3260
f 1175//3261 597//3261 1180//3261
f 1169//3262 595//3262 596//3262
f 1169//3263 596//3263 1175//3263
f 1168//3264 595//3264 1169//3264
f 1168//3265 594//3265 595//3265
f 1151//3266 594//3266 1168//3266
f 1151//3267 593//3267 594//3267
f 1147//3268 592//3268 593//3268
f 1147//3269 593//3269 1151//3269
f 1149//3270 584//3270 585//3270
f 1149//3271 585//3271 586//3271
f 1149//3272 586//3272 587//3272
f 1149//3273 587//3273 588//3273
f 1149//3274 588//3274 589//3274
f 1149//3275 589//3275 590//3275
f 1149//3276 590//3276 591//3276
f 1149//3277 591//3277 592//3277
f 1149//3278 592//3278 1147//3278
f 1149//3279 1920//3279 584//3279
f 136//3280 1177//3280 1178//3280
f 138//3281 1178//3281 1184//3281
f 138//3282 136//3282 1178//3282
f 134//3283 1173//3283 1177//3283
f 134//3284 1177//3284 136//3284
f 140//3285 1184//3285 1190//3285
f 140//3286 138//3286 1184//3286
f 132//3287 1172//3287 1173//3287
f 132//3288 1173//3288 134//3288
f 142//3289 1190//3289 1191//3289
f 142//3290 140//3290 1190//3290
f 130//3291 1170//3291 1172//3291
f 130//3292 1172//3292 132//3292
f 144//3293 1191//3293 1200//3293
f 144//3294 142//3294 1191//3294
f 129//3295 1148//3295 1170//3295
f 129//3296 1170//3296 130//3296
f 160//3297 1200//3297 1201//3297
f 160//3298 144//3298 1200//3298
f 120//3299 1149//3299 1148//3299
f 120//3300 1148//3300 129//3300
f 176//3301 1201//3301 1203//3301
f 176//3302 160//3302 1201//3302
f 111//3303 1149//3303 120//3303
f 189//3304 1203//3304 1206//3304
f 189//3305 176//3305 1203//3305
f 92//3306 1149//3306 111//3306
f 199//3307 1206//3307 1205//3307
f 199//3308 189//3308 1206//3308
f 77//3309 1149//3309 92//3309
f 208//3310 1205//3310 1209//3310
f 208//3311 199//3311 1205//3311
f 67//3312 1149//3312 77//3312
f 217//3313 1209//3313 1195//3313
f 217//3314 208//3314 1209//3314
f 57//3315 1920//3315 1149//3315
f 57//3316 1149//3316 67//3316
f 225//3317 1195//3317 1162//3317
f 225//3318 217//3318 1195//3318
f 48//3319 1920//3319 57//3319
f 232//3320 1162//3320 1158//3320
f 232//3321 225//3321 1162//3321
f 39//3322 1920//3322 48//3322
f 239//3323 232//3323 1158//3323
f 239//3324 1158//3324 1155//3324
f 31//3325 1920//3325 39//3325
f 245//3326 1155//3326 1152//3326
f 245//3327 239//3327 1155//3327
f 24//3328 1920//3328 31//3328
f 252//3329 245//3329 1152//3329
f 252//3330 1152//3330 1143//3330
f 16//3331 1920//3331 24//3331
f 10//3332 1920//3332 16//3332
f 259//3333 1143//3333 1145//3333
f 259//3334 1145//3334 1650//3334
f 259//3335 252//3335 1143//3335
f 265//3336 259//3336 1650//3336
f 265//3337 1650//3337 1649//3337
f 272//3338 265//3338 1649//3338
f 272//3339 1649//3339 1648//3339
f 279//3340 1648//3340 1647//3340
f 279//3341 272//3341 1648//3341
f 287//3342 279//3342 1647//3342
f 287//3343 1647//3343 1646//3343
f 295//3344 1646//3344 1855//3344
f 295//3345 287//3345 1646//3345
f 303//3346 1855//3346 1852//3346
f 303//3347 295//3347 1855//3347
f 312//3348 303//3348 1852//3348
f 312//3349 1852//3349 1848//3349
f 321//3350 1848//3350 1845//3350
f 321//3351 312//3351 1848//3351
f 334//3352 1845//3352 1839//3352
f 334//3353 321//3353 1845//3353
f 351//3354 1839//3354 1831//3354
f 351//3355 334//3355 1839//3355
f 360//3356 1831//3356 1830//3356
f 360//3357 351//3357 1831//3357
f 367//3358 1830//3358 1816//3358
f 367//3359 360//3359 1830//3359
f 369//3360 1816//3360 1815//3360
f 369//3361 367//3361 1816//3361
f 371//3362 369//3362 1815//3362
f 1803//3363 371//3363 1815//3363
f 372//3364 371//3364 1803//3364
f 1789//3365 372//3365 1803//3365
f 374//3366 372//3366 1789//3366
f 1788//3367 376//3367 374//3367
f 1788//3368 374//3368 1789//3368
f 1772//3369 379//3369 376//3369
f 1772//3370 376//3370 1788//3370
f 1771//3371 380//3371 379//3371
f 1771//3372 379//3372 1772//3372
f 1745//3373 380//3373 1771//3373
f 1745//3374 382//3374 380//3374
f 1642//3375 382//3375 1745//3375
f 1642//3376 403//3376 382//3376
f 1644//3377 403//3377 1642//3377
f 1644//3378 421//3378 403//3378
f 1644//3379 437//3379 421//3379
f 1644//3380 448//3380 437//3380
f 459//3381 448//3381 1644//3381
f 468//3382 459//3382 1644//3382
f 1921//3383 468//3383 1644//3383
f 1921//3384 477//3384 468//3384
f 1921//3385 485//3385 477//3385
f 1921//3386 493//3386 485//3386
f 1921//3387 501//3387 493//3387
f 1921//3388 506//3388 501//3388
f 1921//3389 509//3389 506//3389
f 1569//3390 137//3390 1570//3390
f 1570//3391 139//3391 1581//3391
f 137//3392 139//3392 1570//3392
f 1558//3393 135//3393 1569//3393
f 1569//3394 135//3394 137//3394
f 1581//3395 141//3395 1593//3395
f 139//3396 141//3396 1581//3396
f 1557//3397 133//3397 1558//3397
f 1558//3398 133//3398 135//3398
f 1593//3399 143//3399 1594//3399
f 141//3400 143//3400 1593//3400
f 1544//3401 131//3401 1557//3401
f 1557//3402 131//3402 133//3402
f 1594//3403 145//3403 1604//3403
f 143//3404 145//3404 1594//3404
f 1520//3405 110//3405 1544//3405
f 1544//3406 110//3406 131//3406
f 1604//3407 146//3407 1605//3407
f 145//3408 146//3408 1604//3408
f 1523//3409 101//3409 1520//3409
f 1520//3410 101//3410 110//3410
f 1605//3411 155//3411 1616//3411
f 146//3412 155//3412 1605//3412
f 1523//3413 84//3413 101//3413
f 1616//3414 170//3414 1622//3414
f 155//3415 170//3415 1616//3415
f 1523//3416 66//3416 84//3416
f 1622//3417 175//3417 1625//3417
f 170//3418 175//3418 1622//3418
f 1523//3419 56//3419 66//3419
f 1625//3420 195//3420 1629//3420
f 175//3421 195//3421 1625//3421
f 1523//3422 47//3422 56//3422
f 1629//3423 203//3423 1631//3423
f 195//3424 203//3424 1629//3424
f 1523//3425 38//3425 47//3425
f 1887//3426 38//3426 1523//3426
f 1631//3427 207//3427 1524//3427
f 203//3428 207//3428 1631//3428
f 1887//3429 30//3429 38//3429
f 1524//3430 216//3430 1525//3430
f 207//3431 216//3431 1524//3431
f 1887//3432 23//3432 30//3432
f 216//3433 223//3433 1525//3433
f 1525//3434 223//3434 1526//3434
f 1887//3435 15//3435 23//3435
f 223//3436 231//3436 1526//3436
f 1526//3437 231//3437 1527//3437
f 1887//3438 8//3438 15//3438
f 1527//3439 237//3439 1528//3439
f 231//3440 237//3440 1527//3440
f 1887//3441 5//3441 8//3441
f 237//3442 244//3442 1528//3442
f 1528//3443 244//3443 1363//3443
f 1363//3444 244//3444 1633//3444
f 1887//3445 3//3445 5//3445
f 244//3446 250//3446 1633//3446
f 1633//3447 250//3447 1638//3447
f 1638//3448 258//3448 1639//3448
f 250//3449 258//3449 1638//3449
f 1639//3450 264//3450 1640//3450
f 258//3451 264//3451 1639//3451
f 1640//3452 271//3452 1641//3452
f 264//3453 271//3453 1640//3453
f 1641//3454 277//3454 1679//3454
f 271//3455 277//3455 1641//3455
f 1679//3456 285//3456 1680//3456
f 277//3457 285//3457 1679//3457
f 285//3458 293//3458 1680//3458
f 1680//3459 293//3459 1689//3459
f 1689//3460 301//3460 1690//3460
f 293//3461 301//3461 1689//3461
f 1690//3462 311//3462 1687//3462
f 301//3463 311//3463 1690//3463
f 311//3464 326//3464 1687//3464
f 1687//3465 326//3465 1676//3465
f 1676//3466 342//3466 1677//3466
f 326//3467 342//3467 1676//3467
f 1677//3468 350//3468 1673//3468
f 342//3469 350//3469 1677//3469
f 1673//3470 368//3470 1674//3470
f 350//3471 368//3471 1673//3471
f 368//3472 370//3472 1674//3472
f 370//3473 1669//3473 1674//3473
f 370//3474 373//3474 1669//3474
f 373//3475 1661//3475 1669//3475
f 373//3476 375//3476 1661//3476
f 377//3477 1662//3477 375//3477
f 375//3478 1662//3478 1661//3478
f 378//3479 1656//3479 377//3479
f 377//3480 1656//3480 1662//3480
f 381//3481 1657//3481 378//3481
f 378//3482 1657//3482 1656//3482
f 381//3483 1654//3483 1657//3483
f 383//3484 1654//3484 381//3484
f 383//3485 1635//3485 1654//3485
f 386//3486 1635//3486 383//3486
f 386//3487 1636//3487 1635//3487
f 395//3488 1636//3488 386//3488
f 414//3489 1636//3489 395//3489
f 430//3490 1636//3490 414//3490
f 430//3491 435//3491 1636//3491
f 435//3492 447//3492 1636//3492
f 447//3493 1922//3493 1636//3493
f 458//3494 1922//3494 447//3494
f 467//3495 1922//3495 458//3495
f 476//3496 1922//3496 467//3496
f 484//3497 1922//3497 476//3497
f 492//3498 1922//3498 484//3498
f 500//3499 1922//3499 492//3499
f 876//3500 875//3500 1636//3500
f 874//3501 1634//3501 1636//3501
f 874//3502 1636//3502 875//3502
f 877//3503 876//3503 1636//3503
f 873//3504 1637//3504 1634//3504
f 873//3505 1634//3505 874//3505
f 878//3506 877//3506 1636//3506
f 872//3507 1652//3507 1637//3507
f 872//3508 1637//3508 873//3508
f 879//3509 878//3509 1636//3509
f 871//3510 1653//3510 1652//3510
f 871//3511 1652//3511 872//3511
f 880//3512 879//3512 1636//3512
f 870//3513 1659//3513 1653//3513
f 870//3514 1653//3514 871//3514
f 881//3515 880//3515 1636//3515
f 869//3516 1666//3516 1659//3516
f 869//3517 1659//3517 870//3517
f 882//3518 881//3518 1636//3518
f 1922//3519 882//3519 1636//3519
f 868//3520 1664//3520 1666//3520
f 868//3521 1666//3521 869//3521
f 883//3522 882//3522 1922//3522
f 867//3523 1665//3523 1664//3523
f 867//3524 1664//3524 868//3524
f 884//3525 883//3525 1922//3525
f 866//3526 1682//3526 1665//3526
f 866//3527 1665//3527 867//3527
f 885//3528 884//3528 1922//3528
f 865//3529 1693//3529 1682//3529
f 865//3530 1682//3530 866//3530
f 886//3531 885//3531 1922//3531
f 864//3532 1694//3532 1693//3532
f 864//3533 1693//3533 865//3533
f 887//3534 886//3534 1922//3534
f 863//3535 1694//3535 864//3535
f 863//3536 1702//3536 1694//3536
f 888//3537 887//3537 1922//3537
f 862//3538 1710//3538 1702//3538
f 862//3539 1702//3539 863//3539
f 889//3540 888//3540 1922//3540
f 861//3541 1710//3541 862//3541
f 861//3542 1711//3542 1710//3542
f 890//3543 889//3543 1922//3543
f 860//3544 1719//3544 1711//3544
f 860//3545 1711//3545 861//3545
f 891//3546 890//3546 1922//3546
f 891//3547 1922//3547 1923//3547
f 859//3548 1720//3548 1719//3548
f 859//3549 1719//3549 860//3549
f 893//3550 1923//3550 1924//3550
f 893//3551 891//3551 1923//3551
f 858//3552 1720//3552 859//3552
f 858//3553 1728//3553 1720//3553
f 895//3554 1924//3554 1925//3554
f 895//3555 893//3555 1924//3555
f 857//3556 1729//3556 1728//3556
f 857//3557 1728//3557 858//3557
f 897//3558 1925//3558 1926//3558
f 897//3559 895//3559 1925//3559
f 856//3560 1737//3560 1729//3560
f 856//3561 1729//3561 857//3561
f 899//3562 1926//3562 1927//3562
f 899//3563 897//3563 1926//3563
f 855//3564 1754//3564 1737//3564
f 855//3565 1737//3565 856//3565
f 901//3566 899//3566 1927//3566
f 901//3567 1927//3567 1928//3567
f 854//3568 1755//3568 1754//3568
f 854//3569 1754//3569 855//3569
f 903//3570 1928//3570 1929//3570
f 903//3571 901//3571 1928//3571
f 853//3572 1752//3572 1755//3572
f 853//3573 1755//3573 854//3573
f 904//3574 1929//3574 1930//3574
f 904//3575 903//3575 1929//3575
f 852//3576 1751//3576 1752//3576
f 852//3577 1752//3577 853//3577
f 907//3578 1930//3578 1931//3578
f 907//3579 904//3579 1930//3579
f 851//3580 1749//3580 1751//3580
f 851//3581 1751//3581 852//3581
f 908//3582 907//3582 1931//3582
f 850//3583 1750//3583 1749//3583
f 850//3584 1749//3584 851//3584
f 911//3585 1931//3585 1932//3585
f 911//3586 908//3586 1931//3586
f 849//3587 1750//3587 850//3587
f 849//3588 1747//3588 1750//3588
f 912//3589 911//3589 1932//3589
f 912//3590 1932//3590 1933//3590
f 848//3591 1746//3591 1747//3591
f 848//3592 1747//3592 849//3592
f 914//3593 912//3593 1933//3593
f 914//3594 1933//3594 1934//3594
f 914//3595 1934//3595 1935//3595
f 847//3596 1645//3596 1746//3596
f 847//3597 1746//3597 848//3597
f 917//3598 914//3598 1935//3598
f 1936//3599 917//3599 1935//3599
f 846//3600 1643//3600 1645//3600
f 846//3601 1645//3601 847//3601
f 918//3602 917//3602 1936//3602
f 845//3603 1644//3603 1643//3603
f 845//3604 1643//3604 846//3604
f 920//3605 918//3605 1936//3605
f 920//3606 1936//3606 1937//3606
f 844//3607 1644//3607 845//3607
f 1938//3608 920//3608 1937//3608
f 922//3609 920//3609 1938//3609
f 843//3610 1644//3610 844//3610
f 1939//3611 924//3611 922//3611
f 1939//3612 922//3612 1938//3612
f 842//3613 1644//3613 843//3613
f 927//3614 924//3614 1939//3614
f 1940//3615 927//3615 1939//3615
f 841//3616 1644//3616 842//3616
f 840//3617 1644//3617 841//3617
f 1941//3618 929//3618 927//3618
f 1941//3619 927//3619 1940//3619
f 839//3620 1644//3620 840//3620
f 1942//3621 930//3621 929//3621
f 1942//3622 929//3622 1941//3622
f 838//3623 1644//3623 839//3623
f 1943//3624 932//3624 930//3624
f 1943//3625 930//3625 1942//3625
f 837//3626 1644//3626 838//3626
f 1944//3627 934//3627 932//3627
f 1944//3628 932//3628 1943//3628
f 1945//3629 936//3629 934//3629
f 1945//3630 934//3630 1944//3630
f 1946//3631 939//3631 936//3631
f 1946//3632 936//3632 1945//3632
f 1947//3633 940//3633 939//3633
f 1947//3634 939//3634 1946//3634
f 1948//3635 943//3635 940//3635
f 1948//3636 940//3636 1947//3636
f 1949//3637 943//3637 1948//3637
f 1949//3638 944//3638 943//3638
f 1949//3639 946//3639 944//3639
f 1950//3640 946//3640 1949//3640
f 1950//3641 948//3641 946//3641
f 1951//3642 948//3642 1950//3642
f 1952//3643 951//3643 948//3643
f 1952//3644 948//3644 1951//3644
f 1953//3645 952//3645 951//3645
f 1953//3646 764//3646 952//3646
f 1953//3647 951//3647 1952//3647
f 1921//3648 833//3648 832//3648
f 1921//3649 834//3649 833//3649
f 1921//3650 835//3650 834//3650
f 1921//3651 836//3651 835//3651
f 1921//3652 837//3652 836//3652
f 1921//3653 1644//3653 837//3653
f 1921//3654 829//3654 828//3654
f 1921//3655 830//3655 829//3655
f 1921//3656 831//3656 830//3656
f 1921//3657 832//3657 831//3657
f 1954//3658 764//3658 1953//3658
f 1955//3659 1921//3659 828//3659
f 1955//3660 828//3660 826//3660
f 1956//3661 764//3661 1954//3661
f 1956//3662 765//3662 764//3662
f 1956//3663 768//3663 765//3663
f 1957//3664 826//3664 824//3664
f 1957//3665 1955//3665 826//3665
f 1958//3666 768//3666 1956//3666
f 1959//3667 1957//3667 824//3667
f 1959//3668 824//3668 822//3668
f 1960//3669 770//3669 768//3669
f 1960//3670 772//3670 770//3670
f 1960//3671 768//3671 1958//3671
f 1961//3672 1959//3672 822//3672
f 1961//3673 822//3673 820//3673
f 1962//3674 772//3674 1960//3674
f 1962//3675 774//3675 772//3675
f 1963//3676 774//3676 1962//3676
f 1963//3677 776//3677 774//3677
f 1964//3678 1961//3678 820//3678
f 1964//3679 820//3679 818//3679
f 1965//3680 776//3680 1963//3680
f 1966//3681 1964//3681 818//3681
f 1966//3682 816//3682 814//3682
f 1966//3683 818//3683 816//3683
f 1967//3684 1966//3684 814//3684
f 1968//3685 776//3685 1965//3685
f 1968//3686 778//3686 776//3686
f 1969//3687 778//3687 1968//3687
f 1969//3688 780//3688 778//3688
f 1969//3689 782//3689 780//3689
f 1970//3690 1967//3690 814//3690
f 1970//3691 814//3691 812//3691
f 1971//3692 1970//3692 812//3692
f 1971//3693 812//3693 810//3693
f 1972//3694 782//3694 1969//3694
f 1972//3695 784//3695 782//3695
f 1973//3696 784//3696 1972//3696
f 1973//3697 786//3697 784//3697
f 1974//3698 1971//3698 810//3698
f 1974//3699 808//3699 806//3699
f 1974//3700 810//3700 808//3700
f 1975//3701 786//3701 1973//3701
f 1975//3702 788//3702 786//3702
f 1976//3703 1974//3703 806//3703
f 1977//3704 1976//3704 806//3704
f 1977//3705 806//3705 804//3705
f 1978//3706 788//3706 1975//3706
f 1979//3707 788//3707 1978//3707
f 1979//3708 790//3708 788//3708
f 1980//3709 1977//3709 804//3709
f 1980//3710 804//3710 802//3710
f 1981//3711 790//3711 1979//3711
f 1981//3712 792//3712 790//3712
f 1982//3713 1980//3713 802//3713
f 1982//3714 802//3714 800//3714
f 1983//3715 792//3715 1981//3715
f 1983//3716 794//3716 792//3716
f 1983//3717 796//3717 794//3717
f 1984//3718 1982//3718 800//3718
f 1984//3719 800//3719 798//3719
f 1985//3720 796//3720 1983//3720
f 1985//3721 1984//3721 798//3721
f 1985//3722 798//3722 796//3722
f 3//3723 1887//3723 1885//3723
f 701//3724 3//3724 1885//3724
f 702//3725 1885//3725 1883//3725
f 702//3726 1883//3726 1881//3726
f 702//3727 701//3727 1885//3727
f 703//3728 702//3728 1881//3728
f 704//3729 1881//3729 1879//3729
f 704//3730 703//3730 1881//3730
f 705//3731 1879//3731 1877//3731
f 705//3732 1877//3732 1875//3732
f 705//3733 704//3733 1879//3733
f 706//3734 705//3734 1875//3734
f 707//3735 1875//3735 1873//3735
f 707//3736 706//3736 1875//3736
f 708//3737 1873//3737 1871//3737
f 708//3738 707//3738 1873//3738
f 709//3739 1871//3739 1869//3739
f 709//3740 708//3740 1871//3740
f 710//3741 1869//3741 1867//3741
f 710//3742 709//3742 1869//3742
f 711//3743 1867//3743 1866//3743
f 711//3744 1866//3744 1864//3744
f 711//3745 710//3745 1867//3745
f 712//3746 711//3746 1864//3746
f 713//3747 1864//3747 1862//3747
f 713//3748 712//3748 1864//3748
f 714//3749 1862//3749 1860//3749
f 714//3750 713//3750 1862//3750
f 715//3751 1860//3751 1858//3751
f 715//3752 714//3752 1860//3752
f 716//3753 1858//3753 1857//3753
f 716//3754 715//3754 1858//3754
f 717//3755 1857//3755 1856//3755
f 717//3756 716//3756 1857//3756
f 718//3757 717//3757 1856//3757
f 718//3758 1856//3758 1859//3758
f 719//3759 718//3759 1859//3759
f 719//3760 1859//3760 1861//3760
f 720//3761 719//3761 1861//3761
f 720//3762 1861//3762 1863//3762
f 721//3763 720//3763 1863//3763
f 721//3764 1863//3764 1865//3764
f 722//3765 721//3765 1865//3765
f 722//3766 1865//3766 1868//3766
f 723//3767 722//3767 1868//3767
f 723//3768 1868//3768 1870//3768
f 724//3769 723//3769 1870//3769
f 724//3770 1870//3770 1872//3770
f 725//3771 724//3771 1872//3771
f 725//3772 1872//3772 1874//3772
f 726//3773 725//3773 1874//3773
f 726//3774 1874//3774 1876//3774
f 727//3775 726//3775 1876//3775
f 727//3776 1876//3776 1878//3776
f 728//3777 727//3777 1878//3777
f 728//3778 1878//3778 1880//3778
f 729//3779 728//3779 1880//3779
f 729//3780 1880//3780 1882//3780
f 730//3781 729//3781 1882//3781
f 730//3782 1882//3782 1884//3782
f 730//3783 1884//3783 1886//3783
f 731//3784 730//3784 1886//3784
f 731//3785 1886//3785 1888//3785
f 732//3786 731//3786 1888//3786
f 734//3787 732//3787 1888//3787
f 734//3788 1888//3788 1889//3788
f 736//3789 1889//3789 1890//3789
f 736//3790 734//3790 1889//3790
f 738//3791 1890//3791 1891//3791
f 738//3792 1891//3792 1892//3792
f 738//3793 736//3793 1890//3793
f 740//3794 738//3794 1892//3794
f 742//3795 1892//3795 1893//3795
f 742//3796 740//3796 1892//3796
f 744//3797 1893//3797 1894//3797
f 744//3798 1894//3798 1895//3798
f 744//3799 742//3799 1893//3799
f 746//3800 744//3800 1895//3800
f 748//3801 1895//3801 1896//3801
f 748//3802 746//3802 1895//3802
f 750//3803 1896//3803 1897//3803
f 750//3804 748//3804 1896//3804
f 752//3805 750//3805 1897//3805
f 752//3806 1897//3806 1898//3806
f 753//3807 752//3807 1898//3807
f 753//3808 1898//3808 1899//3808
f 755//3809 753//3809 1899//3809
f 755//3810 1899//3810 1900//3810
f 755//3811 1900//3811 1901//3811
f 758//3812 755//3812 1901//3812
f 759//3813 758//3813 1901//3813
f 759//3814 1901//3814 1902//3814
f 761//3815 759//3815 1902//3815
f 761//3816 1902//3816 1903//3816
f 763//3817 761//3817 1903//3817
f 763//3818 1903//3818 1904//3818
f 762//3819 763//3819 1904//3819
f 762//3820 1904//3820 1905//3820
f 762//3821 1905//3821 1906//3821
f 760//3822 762//3822 1906//3822
f 757//3823 760//3823 1906//3823
f 757//3824 1906//3824 1907//3824
f 757//3825 1907//3825 1908//3825
f 756//3826 757//3826 1908//3826
f 754//3827 756//3827 1908//3827
f 754//3828 1908//3828 1909//3828
f 754//3829 1909//3829 1910//3829
f 751//3830 754//3830 1910//3830
f 749//3831 751//3831 1910//3831
f 749//3832 1910//3832 1911//3832
f 747//3833 749//3833 1911//3833
f 747//3834 1911//3834 1912//3834
f 745//3835 747//3835 1912//3835
f 745//3836 1912//3836 1913//3836
f 745//3837 1913//3837 1914//3837
f 743//3838 745//3838 1914//3838
f 741//3839 743//3839 1914//3839
f 741//3840 1914//3840 1915//3840
f 739//3841 741//3841 1915//3841
f 739//3842 1915//3842 1916//3842
f 739//3843 1916//3843 1917//3843
f 737//3844 739//3844 1917//3844
f 735//3845 737//3845 1917//3845
f 735//3846 1917//3846 1918//3846
f 733//3847 735//3847 1918//3847
f 733//3848 1918//3848 1919//3848
f 733//3849 1919//3849 1920//3849
f 10//3850 733//3850 1920//3850
f 1922//3851 500//3851 954//3851
f 1923//3852 1922//3852 954//3852
f 1924//3853 954//3853 955//3853
f 1924//3854 955//3854 956//3854
f 1924//3855 1923//3855 954//3855
f 1925//3856 1924//3856 956//3856
f 1926//3857 956//3857 957//3857
f 1926//3858 1925//3858 956//3858
f 1927//3859 957//3859 958//3859
f 1927//3860 958//3860 959//3860
f 1927//3861 1926//3861 957//3861
f 1928//3862 1927//3862 959//3862
f 1929//3863 959//3863 960//3863
f 1929//3864 1928//3864 959//3864
f 1930//3865 960//3865 961//3865
f 1930//3866 1929//3866 960//3866
f 1931//3867 961//3867 962//3867
f 1931//3868 1930//3868 961//3868
f 1932//3869 962//3869 963//3869
f 1932//3870 1931//3870 962//3870
f 1933//3871 963//3871 964//3871
f 1933//3872 964//3872 965//3872
f 1933//3873 1932//3873 963//3873
f 1934//3874 1933//3874 965//3874
f 1935//3875 965//3875 966//3875
f 1935//3876 1934//3876 965//3876
f 1936//3877 966//3877 967//3877
f 1936//3878 1935//3878 966//3878
f 1937//3879 967//3879 968//3879
f 1937//3880 1936//3880 967//3880
f 1938//3881 968//3881 969//3881
f 1938//3882 1937//3882 968//3882
f 1939//3883 969//3883 970//3883
f 1939//3884 1938//3884 969//3884
f 1940//3885 1939//3885 970//3885
f 1940//3886 970//3886 971//3886
f 1941//3887 1940//3887 971//3887
f 1941//3888 971//3888 972//3888
f 1942//3889 1941//3889 972//3889
f 1942//3890 972//3890 973//3890
f 1943//3891 1942//3891 973//3891
f 1943//3892 973//3892 974//3892
f 1944//3893 1943//3893 974//3893
f 1944//3894 974//3894 975//3894
f 1945//3895 1944//3895 975//3895
f 1945//3896 975//3896 976//3896
f 1946//3897 1945//3897 976//3897
f 1946//3898 976//3898 977//3898
f 1947//3899 1946//3899 977//3899
f 1947//3900 977//3900 978//3900
f 1948//3901 1947//3901 978//3901
f 1948//3902 978//3902 979//3902
f 1949//3903 1948//3903 979//3903
f 1949//3904 979//3904 980//3904
f 1950//3905 1949//3905 980//3905
f 1950//3906 980//3906 981//3906
f 1951//3907 1950//3907 981//3907
f 1951//3908 981//3908 982//3908
f 1952//3909 1951//3909 982//3909
f 1952//3910 982//3910 983//3910
f 1952//3911 983//3911 984//3911
f 1953//3912 1952//3912 984//3912
f 1953//3913 984//3913 985//3913
f 1954//3914 1953//3914 985//3914
f 1956//3915 1954//3915 985//3915
f 1956//3916 985//3916 987//3916
f 1958//3917 987//3917 989//3917
f 1958//3918 1956//3918 987//3918
f 1960//3919 989//3919 991//3919
f 1960//3920 991//3920 993//3920
f 1960//3921 1958//3921 989//3921
f 1962//3922 1960//3922 993//3922
f 1963//3923 993//3923 995//3923
f 1963//3924 1962//3924 993//3924
f 1965//3925 995//3925 997//3925
f 1965//3926 997//3926 999//3926
f 1965//3927 1963//3927 995//3927
f 1968//3928 1965//3928 999//3928
f 1969//3929 999//3929 1001//3929
f 1969//3930 1968//3930 999//3930
f 1972//3931 1001//3931 1003//3931
f 1972//3932 1969//3932 1001//3932
f 1973//3933 1972//3933 1003//3933
f 1973//3934 1003//3934 1005//3934
f 1975//3935 1973//3935 1005//3935
f 1975//3936 1005//3936 1006//3936
f 1978//3937 1975//3937 1006//3937
f 1978//3938 1006//3938 1008//3938
f 1978//3939 1008//3939 1011//3939
f 1979//3940 1978//3940 1011//3940
f 1981//3941 1979//3941 1011//3941
f 1981//3942 1011//3942 1012//3942
f 1983//3943 1981//3943 1012//3943
f 1983//3944 1012//3944 1014//3944
f 1985//3945 1983//3945 1014//3945
f 1985//3946 1014//3946 1016//3946
f 1984//3947 1985//3947 1016//3947
f 1984//3948 1016//3948 1015//3948
f 1984//3949 1015//3949 1013//3949
f 1982//3950 1984//3950 1013//3950
f 1980//3951 1982//3951 1013//3951
f 1980//3952 1013//3952 1010//3952
f 1980//3953 1010//3953 1009//3953
f 1977//3954 1980//3954 1009//3954
f 1976//3955 1977//3955 1009//3955
f 1976//3956 1009//3956 1007//3956
f 1976//3957 1007//3957 1004//3957
f 1974//3958 1976//3958 1004//3958
f 1971//3959 1974//3959 1004//3959
f 1971//3960 1004//3960 1002//3960
f 1970//3961 1971//3961 1002//3961
f 1970//3962 1002//3962 1000//3962
f 1967//3963 1970//3963 1000//3963
f 1967//3964 1000//3964 998//3964
f 1967//3965 998//3965 996//3965
f 1966//3966 1967//3966 996//3966
f 1964//3967 1966//3967 996//3967
f 1964//3968 996//3968 994//3968
f 1961//3969 1964//3969 994//3969
f 1961//3970 994//3970 992//3970
f 1961//3971 992//3971 990//3971
f 1959//3972 1961//3972 990//3972
f 1957//3973 1959//3973 990//3973
f 1957//3974 990//3974 988//3974
f 1955//3975 1957//3975 988//3975
f 1955//3976 988//3976 986//3976
f 1955//3977 986//3977 509//3977
f 1921//3978 1955//3978 509//3978
