# Created by FreeCAD <https://www.freecad.org>
v 63.111298 5.787278 18.198099
v 63.195488 5.787278 22.197214
v 111.327934 18.982952 17.183014
v 111.412125 18.982952 21.182127
v 61.245556 2.024851 18.237379
v 59.483665 2.972533 18.274471
v 59.635769 3.224689 18.271269
v 61.148933 1.850383 18.239412
v 59.344124 2.713217 18.277409
v 61.350750 2.194283 18.235165
v 59.800056 3.469078 18.267811
v 61.061127 1.671316 18.241262
v 59.217464 2.447364 18.280075
v 61.464260 2.358262 18.232775
v 59.976131 3.705107 18.264103
v 60.982357 1.488093 18.242920
v 59.104004 2.175614 18.282465
v 61.585796 2.516376 18.230215
v 60.163578 3.932212 18.260157
v 60.912811 1.301171 18.244385
v 59.004005 1.898623 18.284569
v 61.715065 2.668235 18.227495
v 60.361935 4.149842 18.255981
v 60.852669 1.111014 18.245649
v 58.917721 1.617059 18.286386
v 61.851742 2.813460 18.224617
v 60.570732 4.357476 18.251585
v 60.802078 0.918095 18.246716
v 58.845352 1.331599 18.287909
v 61.995480 2.951689 18.221590
v 60.789463 4.554612 18.246981
v 60.761162 0.722893 18.247576
v 58.787075 1.042931 18.289137
v 62.145935 3.082582 18.218424
v 61.017601 4.740776 18.242178
v 60.730026 0.525893 18.248232
v 58.743027 0.751750 18.290064
v 62.302723 3.205810 18.215122
v 61.254597 4.915519 18.237188
v 60.708748 0.327587 18.248680
v 58.713314 0.458758 18.290689
v 62.465458 3.321068 18.211697
v 61.499882 5.078420 18.232025
v 60.697376 0.128466 18.248919
v 58.698017 0.164661 18.291012
v 62.633732 3.428069 18.208155
v 61.752857 5.229086 18.226698
v 60.695942 -0.070974 18.248949
v 58.697163 -0.129832 18.291029
v 62.807133 3.526548 18.204504
v 62.012924 5.367155 18.221224
v 60.704453 -0.270238 18.248770
v 58.710754 -0.424013 18.290743
v 62.985222 3.616259 18.200754
v 62.279449 5.492295 18.215612
v 60.722878 -0.468830 18.248383
v 58.738762 -0.717172 18.290154
v 63.167561 3.696979 18.196915
v 62.551792 5.604202 18.209879
v 60.751179 -0.666256 18.247787
v 58.781120 -1.008603 18.289261
v 63.353699 3.768508 18.192997
v 62.829296 5.702609 18.204037
v 60.789280 -0.862027 18.246984
v 58.837723 -1.297605 18.288071
v 63.543167 3.830668 18.189009
v 60.837097 -1.055654 18.245977
v 58.993084 -1.865541 18.284800
v 58.908432 -1.583481 18.286581
v 63.735500 3.883305 18.184959
v 60.894497 -1.246657 18.244770
v 59.091465 -2.143108 18.282728
v 63.930218 3.926286 18.180861
v 60.961349 -1.434559 18.243362
v 59.203350 -2.415512 18.280373
v 64.126831 3.959507 18.176720
v 61.037483 -1.618896 18.241760
v 59.328461 -2.682097 18.277739
v 64.324860 3.982883 18.172552
v 61.122707 -1.799207 18.239965
v 59.466499 -2.942219 18.274832
v 64.523804 3.996358 18.168364
v 61.216808 -1.975046 18.237984
v 59.617134 -3.195255 18.271662
v 64.723175 3.999897 18.164165
v 61.319557 -2.145974 18.235821
v 59.779995 -3.440593 18.268232
v 64.922470 3.993491 18.159969
v 61.430698 -2.311567 18.233480
v 59.954700 -3.677641 18.264555
v 65.121208 3.977157 18.155787
v 61.549950 -2.471414 18.230970
v 60.140823 -3.905830 18.260637
v 65.318878 3.950936 18.151625
v 61.677021 -2.625115 18.228294
v 60.337917 -4.124609 18.256487
v 65.514992 3.914891 18.147495
v 61.811596 -2.772290 18.225462
v 60.545506 -4.333452 18.252117
v 65.709068 3.869113 18.143410
v 61.953335 -2.912573 18.222479
v 60.763084 -4.531856 18.247536
v 65.900627 3.813717 18.139378
v 62.101891 -3.045615 18.219351
v 60.990143 -4.719341 18.242756
v 66.089188 3.748839 18.135408
v 62.256889 -3.171085 18.216087
v 61.226120 -4.895457 18.237787
v 66.274269 3.674640 18.131512
v 62.417950 -3.288672 18.212696
v 61.470451 -5.059780 18.232645
v 66.455437 3.591306 18.127697
v 62.584671 -3.398082 18.209187
v 66.632217 3.499043 18.123976
v 61.722549 -5.211914 18.227337
v 62.756638 -3.499043 18.205566
v 61.981812 -5.351491 18.221878
v 62.933418 -3.591306 18.201845
v 62.247608 -5.478176 18.216284
v 63.114582 -3.674640 18.198030
v 62.519295 -5.591664 18.210564
v 63.299667 -3.748839 18.194134
v 62.796227 -5.691680 18.204733
v 63.488228 -3.813717 18.190165
v 63.077724 -5.777987 18.198807
v 63.679783 -3.869113 18.186132
v 63.363125 -5.850371 18.192799
v 63.873859 -3.914891 18.182047
v 63.651726 -5.908663 18.186722
v 64.069977 -3.950936 18.177917
v 63.942844 -5.952720 18.180593
v 64.267647 -3.977157 18.173756
v 64.235771 -5.982436 18.174427
v 64.466385 -3.993491 18.169573
v 64.529800 -5.997740 18.168238
v 64.665680 -3.999897 18.165377
v 64.824226 -5.998595 18.162039
v 64.865051 -3.996358 18.161179
v 65.118347 -5.985000 18.155846
v 65.063995 -3.982883 18.156990
v 65.411438 -5.956985 18.149675
v 65.262024 -3.959507 18.152822
v 65.702805 -5.914619 18.143541
v 65.458641 -3.926286 18.148682
v 65.991745 -5.858005 18.137459
v 65.653351 -3.883305 18.144583
v 66.277557 -5.787278 18.131441
v 65.845688 -3.830668 18.140533
v 66.035156 -3.768508 18.136545
v 66.221291 -3.696979 18.132626
v 66.403633 -3.616259 18.128788
v 66.581718 -3.526548 18.125038
v 66.755119 -3.428069 18.121387
v 66.923393 -3.321068 18.117846
v 67.086128 -3.205810 18.114420
v 67.242920 -3.082582 18.111118
v 67.393372 -2.951689 18.107950
v 67.537109 -2.813460 18.104925
v 67.673790 -2.668235 18.102047
v 67.803055 -2.516376 18.099327
v 67.924591 -2.358262 18.096767
v 68.038101 -2.194283 18.094378
v 68.143295 -2.024851 18.092163
v 109.462189 15.220524 17.222292
v 66.804184 3.398082 18.120356
v 109.365570 15.046057 17.224325
v 109.567383 15.389957 17.220078
v 109.277763 14.866990 17.226175
v 67.131966 3.171085 18.113455
v 66.970901 3.288672 18.116846
v 109.680893 15.553935 17.217688
v 109.198990 14.683767 17.227833
v 109.802429 15.712049 17.215128
v 109.129448 14.496844 17.229298
v 67.286964 3.045615 18.110191
v 109.931702 15.863908 17.212408
v 109.069305 14.306687 17.230562
v 67.577255 2.772290 18.104080
v 67.435516 2.912573 18.107063
v 110.068375 16.009132 17.209530
v 109.018707 14.113769 17.231628
v 67.711830 2.625115 18.101246
v 110.212120 16.147364 17.206503
v 108.977798 13.918566 17.232489
v 67.838905 2.471414 18.098572
v 110.362572 16.278255 17.203337
v 108.946663 13.721567 17.233145
v 67.958160 2.311567 18.096062
v 110.519356 16.401484 17.200035
v 108.925385 13.523260 17.233593
v 110.682091 16.516741 17.196609
v 108.914009 13.324140 17.233833
v 68.172043 1.975046 18.091558
v 68.069298 2.145974 18.093721
v 110.850365 16.623743 17.193068
v 108.912575 13.124700 17.233862
v 111.023766 16.722221 17.189417
v 108.921082 12.925435 17.233683
v 68.266144 1.799207 18.089577
v 111.201859 16.811932 17.185667
v 108.939514 12.726843 17.233295
v 68.427505 1.434559 18.086180
v 68.351372 1.618896 18.087782
v 111.384193 16.892653 17.181828
v 108.967812 12.529417 17.232700
v 68.494354 1.246657 18.084772
v 111.570335 16.964182 17.177910
v 109.005920 12.333647 17.231897
v 68.551758 1.055654 18.083565
v 111.759804 17.026342 17.173922
v 109.053734 12.140019 17.230890
v 111.952133 17.078978 17.169872
v 111.618309 19.054688 17.176899
v 109.111130 11.949018 17.229683
v 68.637672 0.666256 18.081755
v 68.599571 0.862027 18.082558
v 112.146851 17.121960 17.165773
v 111.911896 19.111856 17.170719
v 109.177986 11.761114 17.228275
v 112.343468 17.155180 17.161633
v 112.207970 19.154318 17.164486
v 109.254112 11.576777 17.226673
v 68.665977 0.468830 18.081160
v 112.541496 17.178556 17.157465
v 112.505791 19.181965 17.158216
v 109.339340 11.396466 17.224878
v 68.684402 0.270238 18.080772
v 112.740440 17.192032 17.153276
v 112.804626 19.194729 17.151924
v 109.433441 11.220628 17.222897
v 68.691483 -0.128466 18.080622
v 68.692909 0.070974 18.080593
v 112.939812 17.195570 17.149078
v 113.103714 19.192579 17.145628
v 109.536194 11.049700 17.220734
v 113.139107 17.189165 17.144882
v 113.402336 19.175518 17.139341
v 109.647331 10.884107 17.218393
v 68.658829 -0.525893 18.081310
v 68.680107 -0.327587 18.080862
v 113.337837 17.172831 17.140699
v 113.699730 19.143591 17.133081
v 109.766586 10.724260 17.215883
v 113.535507 17.146608 17.136538
v 113.995163 19.096878 17.126862
v 109.893654 10.570559 17.213209
v 68.627693 -0.722893 18.081966
v 113.731628 17.110565 17.132408
v 114.287895 19.035492 17.120697
v 110.028229 10.423383 17.210375
v 68.586777 -0.918095 18.082827
v 113.925705 17.064787 17.128323
v 114.577209 18.959587 17.114607
v 110.169968 10.283100 17.207392
v 68.476044 -1.301171 18.085157
v 68.536186 -1.111014 18.083893
v 114.117264 17.009390 17.124290
v 114.862389 18.869354 17.108604
v 110.318527 10.150058 17.204264
v 114.305817 16.944511 17.120321
v 115.142708 18.765015 17.102701
v 110.473526 10.024589 17.201000
v 68.406494 -1.488093 18.086622
v 114.490906 16.870314 17.116425
v 115.417480 18.646828 17.096918
v 110.634583 9.907001 17.197609
v 68.327728 -1.671316 18.088280
v 114.672066 16.786980 17.112610
v 115.686020 18.515089 17.091263
v 110.801308 9.797592 17.194099
v 68.239922 -1.850383 18.090130
v 114.848854 16.694717 17.108889
v 110.973274 9.696630 17.190479
v 115.947662 18.370125 17.085756
v 115.020813 16.593756 17.105268
v 116.201759 18.212297 17.080406
v 115.187538 16.484344 17.101759
v 116.447670 18.041998 17.075230
v 115.348595 16.366758 17.098368
v 116.684792 17.859650 17.070236
v 115.503601 16.241289 17.095104
v 116.912529 17.665705 17.065443
v 115.652153 16.108248 17.091976
v 117.130318 17.460648 17.060858
v 115.793892 15.967964 17.088993
v 117.337616 17.244986 17.056494
v 115.928467 15.820788 17.086159
v 117.533913 17.019258 17.052361
v 116.055534 15.667087 17.083485
v 117.718712 16.784025 17.048470
v 116.174789 15.507241 17.080975
v 117.891556 16.539869 17.044832
v 116.285927 15.341648 17.078634
v 118.052025 16.287399 17.041452
v 116.388680 15.170719 17.076471
v 118.199707 16.027245 17.038343
v 116.482780 14.994881 17.074490
v 118.334244 15.760048 17.035511
v 116.568008 14.814569 17.072695
v 118.455299 15.486477 17.032963
v 116.644135 14.630233 17.071093
v 118.562569 15.207211 17.030704
v 116.710991 14.442329 17.069685
v 118.655792 14.922943 17.028742
v 116.768394 14.251328 17.068478
v 114.494194 7.408395 17.116354
v 111.150055 9.604367 17.186758
v 111.331215 9.521033 17.182943
v 111.516304 9.446835 17.179047
v 111.704857 9.381957 17.175077
v 111.896416 9.326560 17.171045
v 112.090492 9.280783 17.166960
v 112.286613 9.244738 17.162830
v 112.484283 9.218516 17.158669
v 112.683014 9.202183 17.154486
v 112.882309 9.195777 17.150290
v 113.081680 9.199316 17.146091
v 113.280632 9.212790 17.141903
v 113.478653 9.236167 17.137735
v 113.675270 9.269387 17.133595
v 113.869987 9.312369 17.129496
v 114.062317 9.365005 17.125446
v 118.734726 14.634381 17.027081
v 116.816208 14.057700 17.067471
v 114.780632 7.494520 17.110325
v 114.251785 9.427165 17.121458
v 118.799187 14.342243 17.025724
v 116.854309 13.861931 17.066668
v 115.062424 7.594817 17.104393
v 114.437927 9.498694 17.117540
v 118.849007 14.047254 17.024675
v 116.882614 13.664504 17.066072
v 115.338867 7.709040 17.098572
v 114.620262 9.579415 17.113701
v 118.884064 13.750148 17.023937
v 116.901039 13.465912 17.065685
v 115.609276 7.836904 17.092880
v 114.798355 9.669126 17.109951
v 118.904266 13.451663 17.023512
v 116.909546 13.266648 17.065506
v 115.872971 7.978089 17.087328
v 114.971756 9.767605 17.106300
v 118.909576 13.152541 17.023399
v 116.908112 13.067207 17.065536
v 116.129311 8.132247 17.081932
v 115.140030 9.874606 17.102758
v 118.899971 12.853527 17.023602
v 116.896744 12.868087 17.065775
v 116.377647 8.298993 17.076704
v 115.302765 9.989863 17.099333
v 118.875473 12.555364 17.024117
v 116.875458 12.669780 17.066223
v 116.617363 8.477914 17.071657
v 115.459557 10.113091 17.096031
v 118.836151 12.258793 17.024944
v 116.844322 12.472781 17.066879
v 116.847862 8.668563 17.066805
v 115.610008 10.243983 17.092865
v 118.782097 11.964551 17.026083
v 116.803413 12.277579 17.067739
v 117.068573 8.870467 17.062157
v 115.753746 10.382214 17.089838
v 118.713448 11.673369 17.027529
v 116.752815 12.084660 17.068806
v 117.278954 9.083124 17.057728
v 115.890419 10.527439 17.086960
v 118.630371 11.385972 17.029278
v 116.692673 11.894503 17.070070
v 117.478470 9.306006 17.053528
v 116.019691 10.679297 17.084240
v 118.533073 11.103075 17.031326
v 116.623131 11.707581 17.071535
v 117.666634 9.538559 17.049566
v 116.141228 10.837412 17.081680
v 118.421799 10.825379 17.033669
v 116.544357 11.524358 17.073193
v 117.842972 9.780203 17.045855
v 116.254738 11.001390 17.079290
v 118.296829 10.553577 17.036299
v 116.456551 11.345290 17.075043
v 118.007057 10.030339 17.042400
v 116.359932 11.170823 17.077076
v 118.158463 10.288344 17.039213
v 62.913490 5.702609 22.203152
v 62.635983 5.604202 22.208994
v 62.363644 5.492295 22.214727
v 62.097115 5.367155 22.220337
v 61.837051 5.229086 22.225813
v 61.584072 5.078420 22.231138
v 61.338787 4.915519 22.236301
v 61.101791 4.740776 22.241291
v 60.873653 4.554612 22.246094
v 60.654922 4.357476 22.250700
v 60.446125 4.149842 22.255095
v 60.247768 3.932212 22.259272
v 60.060322 3.705107 22.263218
v 59.884247 3.469078 22.266924
v 59.719959 3.224689 22.270384
v 59.567860 2.972533 22.273584
v 59.428314 2.713217 22.276524
v 59.301659 2.447364 22.279190
v 59.188194 2.175614 22.281578
v 59.088196 1.898623 22.283684
v 59.001915 1.617059 22.285500
v 58.929543 1.331599 22.287024
v 58.871265 1.042931 22.288250
v 58.827217 0.751750 22.289177
v 58.797508 0.458758 22.289803
v 58.782207 0.164661 22.290125
v 58.781353 -0.129832 22.290144
v 58.794945 -0.424013 22.289858
v 58.822956 -0.717172 22.289267
v 58.865311 -1.008603 22.288376
v 58.921913 -1.297605 22.287184
v 58.992622 -1.583481 22.285696
v 59.077274 -1.865541 22.283913
v 59.175659 -2.143108 22.281841
v 59.287540 -2.415512 22.279486
v 59.412651 -2.682097 22.276854
v 59.550694 -2.942219 22.273947
v 59.701324 -3.195255 22.270775
v 59.864189 -3.440593 22.267347
v 60.038891 -3.677641 22.263668
v 60.225018 -3.905830 22.259750
v 60.422108 -4.124609 22.255600
v 60.629696 -4.333452 22.251230
v 60.847279 -4.531856 22.246651
v 61.074333 -4.719341 22.241869
v 61.310310 -4.895457 22.236902
v 61.554646 -5.059780 22.231758
v 61.806744 -5.211914 22.226450
v 62.066002 -5.351491 22.220993
v 62.331799 -5.478176 22.215397
v 62.603485 -5.591664 22.209677
v 62.880417 -5.691680 22.203848
v 63.161919 -5.777987 22.197920
v 63.447315 -5.850371 22.191912
v 63.735920 -5.908663 22.185837
v 64.027039 -5.952720 22.179708
v 64.319962 -5.982436 22.173540
v 64.613998 -5.997740 22.167351
v 64.908424 -5.998595 22.161152
v 65.202538 -5.985000 22.154961
v 65.495628 -5.956985 22.148790
v 65.786995 -5.914619 22.142656
v 66.075935 -5.858005 22.136574
v 66.361748 -5.787278 22.130556
v 114.933044 16.694717 21.108002
v 116.031853 18.370125 21.084869
v 115.770210 18.515089 21.090378
v 115.105011 16.593756 21.104382
v 116.285950 18.212297 21.079519
v 114.756256 16.786980 21.111725
v 115.501671 18.646828 21.096031
v 115.271729 16.484344 21.100872
v 116.531860 18.041998 21.074343
v 114.575096 16.870314 21.115538
v 115.226898 18.765015 21.101816
v 115.432793 16.366758 21.097481
v 116.768982 17.859650 21.069351
v 114.390007 16.944511 21.119434
v 114.946579 18.869354 21.107718
v 115.587791 16.241289 21.094217
v 116.996719 17.665705 21.064556
v 114.201454 17.009390 21.123404
v 114.661407 18.959587 21.113722
v 115.736343 16.108248 21.091091
v 117.214508 17.460648 21.059971
v 114.009895 17.064787 21.127438
v 114.372086 19.035492 21.119812
v 115.878082 15.967964 21.088106
v 117.421806 17.244986 21.055607
v 113.815819 17.110565 21.131523
v 114.079353 19.096878 21.125975
v 116.012657 15.820788 21.085274
v 117.618103 17.019258 21.051476
v 113.619705 17.146608 21.135651
v 113.783920 19.143591 21.132195
v 116.139732 15.667087 21.082598
v 117.802902 16.784025 21.047585
v 113.422028 17.172831 21.139812
v 113.486526 19.175518 21.138454
v 116.258980 15.507241 21.080088
v 117.975754 16.539869 21.043945
v 113.223297 17.189165 21.143997
v 113.187912 19.192579 21.144741
v 116.370125 15.341648 21.077747
v 118.136215 16.287399 21.040567
v 113.024002 17.195570 21.148193
v 112.888817 19.194729 21.151039
v 116.472870 15.170719 21.075584
v 118.283905 16.027245 21.037458
v 112.824631 17.192032 21.152390
v 112.589989 19.181965 21.157330
v 116.566978 14.994881 21.073605
v 118.418442 15.760048 21.034626
v 112.625687 17.178556 21.156578
v 112.292160 19.154318 21.163599
v 116.652199 14.814569 21.071810
v 118.539490 15.486477 21.032078
v 112.427658 17.155180 21.160748
v 111.996086 19.111856 21.169832
v 116.728333 14.630233 21.070208
v 118.646759 15.207211 21.029819
v 112.231041 17.121960 21.164886
v 111.702499 19.054688 21.176014
v 116.795181 14.442329 21.068800
v 118.739983 14.922943 21.027857
v 112.036324 17.078978 21.168985
v 116.852585 14.251328 21.067591
v 118.818916 14.634381 21.026194
v 111.843994 17.026342 21.173035
v 116.900398 14.057700 21.066584
v 118.883377 14.342243 21.024837
v 111.654526 16.964182 21.177023
v 116.938499 13.861931 21.065783
v 118.933197 14.047254 21.023788
v 111.468391 16.892653 21.180943
v 116.966805 13.664504 21.065186
v 118.968254 13.750148 21.023050
v 111.286049 16.811932 21.184782
v 116.985229 13.465912 21.064798
v 118.988464 13.451663 21.022625
v 111.107956 16.722221 21.188530
v 116.993736 13.266648 21.064619
v 118.993767 13.152541 21.022512
v 110.934555 16.623743 21.192181
v 116.992302 13.067207 21.064650
v 118.984161 12.853527 21.022715
v 110.766281 16.516741 21.195724
v 116.980934 12.868087 21.064888
v 118.959663 12.555364 21.023232
v 110.603546 16.401484 21.199150
v 116.959656 12.669780 21.065336
v 118.920341 12.258793 21.024059
v 110.446762 16.278255 21.202450
v 116.928520 12.472781 21.065992
v 118.866287 11.964551 21.025198
v 110.296310 16.147364 21.205618
v 116.887604 12.277579 21.066854
v 118.797638 11.673369 21.026642
v 110.152565 16.009132 21.208643
v 116.837013 12.084660 21.067919
v 118.714561 11.385972 21.028391
v 110.015892 15.863908 21.211521
v 116.776871 11.894503 21.069185
v 118.617264 11.103075 21.030439
v 109.886627 15.712049 21.214243
v 116.707321 11.707581 21.070648
v 118.505989 10.825379 21.032782
v 109.765083 15.553935 21.216801
v 116.628548 11.524358 21.072308
v 118.381020 10.553577 21.035414
v 109.651581 15.389957 21.219191
v 116.540741 11.345290 21.074156
v 118.242653 10.288344 21.038326
v 109.546379 15.220524 21.221405
v 116.444122 11.170823 21.076191
v 118.091248 10.030339 21.041513
v 116.338928 11.001390 21.078405
v 117.927170 9.780203 21.044968
v 116.225418 10.837412 21.080795
v 117.750824 9.538559 21.048681
v 116.103882 10.679297 21.083353
v 117.562660 9.306006 21.052641
v 115.974617 10.527439 21.086075
v 117.363144 9.083124 21.056843
v 115.837936 10.382214 21.088951
v 117.152771 8.870467 21.061272
v 115.694199 10.243983 21.091978
v 116.932053 8.668563 21.065918
v 115.543747 10.113091 21.095146
v 116.701553 8.477914 21.070770
v 115.386955 9.989863 21.098446
v 116.461838 8.298993 21.075817
v 115.224220 9.874606 21.101871
v 116.213501 8.132247 21.081045
v 115.055946 9.767605 21.105415
v 115.957169 7.978089 21.086441
v 114.882545 9.669126 21.109066
v 115.693466 7.836904 21.091993
v 114.704460 9.579415 21.112814
v 115.423058 7.709040 21.097687
v 114.522118 9.498694 21.116653
v 115.146614 7.594817 21.103506
v 114.335983 9.427165 21.120571
v 114.864822 7.494520 21.109438
v 114.146507 9.365005 21.124561
v 114.578384 7.408395 21.115469
v 111.234245 9.604367 21.185871
v 111.057465 9.696630 21.189594
v 111.415405 9.521033 21.182058
v 111.600494 9.446835 21.178162
v 111.789055 9.381957 21.174192
v 111.980606 9.326560 21.170158
v 112.174683 9.280783 21.166073
v 112.370804 9.244738 21.161943
v 112.568474 9.218516 21.157784
v 112.767204 9.202183 21.153599
v 112.966507 9.195777 21.149403
v 113.165871 9.199316 21.145206
v 113.364822 9.212790 21.141018
v 113.562843 9.236167 21.136848
v 113.759460 9.269387 21.132710
v 113.954178 9.312369 21.128611
v 66.716408 3.499043 22.123089
v 66.888374 3.398082 22.119469
v 109.449760 15.046057 21.223440
v 66.539627 3.591306 22.126812
v 67.055092 3.288672 22.115959
v 109.361954 14.866990 21.225288
v 66.358459 3.674640 22.130625
v 67.216156 3.171085 22.112568
v 109.283180 14.683767 21.226946
v 66.173378 3.748839 22.134521
v 67.371155 3.045615 22.109304
v 109.213638 14.496844 21.228411
v 65.984818 3.813717 22.138491
v 67.519707 2.912573 22.106178
v 109.153496 14.306687 21.229677
v 65.793266 3.869113 22.142525
v 67.661453 2.772290 22.103193
v 109.102905 14.113769 21.230742
v 65.599190 3.914891 22.146610
v 67.796021 2.625115 22.100361
v 109.061989 13.918566 21.231604
v 65.403069 3.950936 22.150738
v 67.923096 2.471414 22.097685
v 109.030853 13.721567 21.232260
v 65.205399 3.977157 22.154900
v 68.042351 2.311567 22.095175
v 109.009575 13.523260 21.232706
v 65.006660 3.993491 22.159084
v 68.153488 2.145974 22.092834
v 108.998199 13.324140 21.232946
v 64.807365 3.999897 22.163280
v 68.256233 1.975046 22.090672
v 108.996765 13.124700 21.232977
v 64.607994 3.996358 22.167477
v 68.350342 1.799207 22.088692
v 109.005280 12.925435 21.232798
v 64.409050 3.982883 22.171665
v 68.435562 1.618896 22.086897
v 109.023705 12.726843 21.232409
v 64.211021 3.959507 22.175835
v 68.511696 1.434559 22.085295
v 109.052002 12.529417 21.231813
v 64.014404 3.926286 22.179974
v 68.578545 1.246657 22.083887
v 109.090111 12.333647 21.231012
v 63.819695 3.883305 22.184072
v 68.635948 1.055654 22.082678
v 109.137924 12.140019 21.230005
v 63.627361 3.830668 22.188122
v 68.683762 0.862027 22.081671
v 109.195328 11.949018 21.228796
v 63.437893 3.768508 22.192110
v 68.721863 0.666256 22.080870
v 109.262177 11.761114 21.227388
v 63.251755 3.696979 22.196030
v 68.750168 0.468830 22.080273
v 109.338310 11.576777 21.225786
v 63.069416 3.616259 22.199867
v 68.768593 0.270238 22.079885
v 109.423531 11.396466 21.223991
v 62.891323 3.526548 22.203617
v 68.777100 0.070974 22.079706
v 109.517632 11.220628 21.222012
v 62.717922 3.428069 22.207268
v 68.775673 -0.128466 22.079737
v 109.620384 11.049700 21.219849
v 62.549652 3.321068 22.210810
v 68.764297 -0.327587 22.079975
v 109.731522 10.884107 21.217508
v 62.386913 3.205810 22.214237
v 68.743019 -0.525893 22.080423
v 109.850777 10.724260 21.214998
v 62.230125 3.082582 22.217537
v 68.711884 -0.722893 22.081079
v 109.977844 10.570559 21.212322
v 110.112419 10.423383 21.209490
v 62.079674 2.951689 22.220705
v 68.670967 -0.918095 22.081942
v 61.935932 2.813460 22.223730
v 68.620377 -1.111014 22.083006
v 110.254158 10.283100 21.206505
v 61.799259 2.668235 22.226608
v 68.560234 -1.301171 22.084272
v 110.402718 10.150058 21.203377
v 61.669991 2.516376 22.229330
v 68.490692 -1.488093 22.085735
v 110.557716 10.024589 21.200115
v 61.548454 2.358262 22.231888
v 68.411919 -1.671316 22.087395
v 110.718781 9.907001 21.196724
v 61.434944 2.194283 22.234278
v 68.324112 -1.850383 22.089243
v 110.885498 9.797592 21.193214
v 61.329750 2.024851 22.236492
v 68.227486 -2.024851 22.091276
v 61.233128 1.850383 22.238527
v 61.145321 1.671316 22.240376
v 61.066547 1.488093 22.242033
v 60.997005 1.301171 22.243498
v 60.936863 1.111014 22.244764
v 60.886269 0.918095 22.245829
v 60.845356 0.722893 22.246691
v 60.814217 0.525893 22.247347
v 60.792938 0.327587 22.247793
v 60.781567 0.128466 22.248034
v 60.780136 -0.070974 22.248064
v 60.788643 -0.270238 22.247885
v 60.807072 -0.468830 22.247496
v 60.835373 -0.666256 22.246901
v 60.873474 -0.862027 22.246098
v 60.921288 -1.055654 22.245092
v 65.929878 -3.830668 22.139648
v 65.737541 -3.883305 22.143698
v 66.119347 -3.768508 22.135658
v 66.305481 -3.696979 22.131741
v 66.487823 -3.616259 22.127901
v 66.665916 -3.526548 22.124153
v 66.839317 -3.428069 22.120502
v 67.007584 -3.321068 22.116959
v 67.170326 -3.205810 22.113533
v 67.327110 -3.082582 22.110233
v 67.477562 -2.951689 22.107065
v 67.621307 -2.813460 22.104038
v 67.757980 -2.668235 22.101162
v 67.887245 -2.516376 22.098440
v 68.008781 -2.358262 22.095881
v 68.122292 -2.194283 22.093493
v 65.542831 -3.926286 22.147797
v 60.978691 -1.246657 22.243883
v 65.346214 -3.959507 22.151936
v 61.045544 -1.434559 22.242476
v 61.121674 -1.618896 22.240873
v 65.148186 -3.982883 22.156105
v 64.949242 -3.996358 22.160294
v 61.206898 -1.799207 22.239079
v 61.300999 -1.975046 22.237099
v 64.749870 -3.999897 22.164490
v 64.550575 -3.993491 22.168686
v 61.403748 -2.145974 22.234934
v 61.514889 -2.311567 22.232595
v 64.351837 -3.977157 22.172871
v 61.634140 -2.471414 22.230083
v 64.154167 -3.950936 22.177031
v 61.761215 -2.625115 22.227409
v 63.958050 -3.914891 22.181160
v 61.895786 -2.772290 22.224577
v 63.763973 -3.869113 22.185246
v 62.037529 -2.912573 22.221592
v 63.572418 -3.813717 22.189278
v 63.383862 -3.748839 22.193249
v 62.186081 -3.045615 22.218464
v 62.341084 -3.171085 22.215202
v 63.198776 -3.674640 22.197145
v 63.017612 -3.591306 22.200958
v 62.502144 -3.288672 22.211811
v 62.668861 -3.398082 22.208302
v 62.840832 -3.499043 22.204679
vn -0.263855 0.964546 0.005555
vn -0.263855 0.964546 0.005555
vn -0.021048 -0.000001 -0.999779
vn -0.021046 0.000004 -0.999779
vn -0.021048 0.000001 -0.999779
vn -0.021047 0.000001 -0.999779
vn -0.021047 0.000002 -0.999779
vn -0.021051 -0.000007 -0.999778
vn -0.021047 -0.000000 -0.999779
vn -0.021050 -0.000003 -0.999778
vn -0.021049 -0.000001 -0.999779
vn -0.021046 0.000004 -0.999778
vn -0.021050 -0.000004 -0.999778
vn -0.021051 -0.000004 -0.999778
vn -0.021048 -0.000000 -0.999778
vn -0.021046 0.000004 -0.999779
vn -0.021050 -0.000003 -0.999778
vn -0.021046 0.000001 -0.999779
vn -0.021042 0.000006 -0.999779
vn -0.021050 -0.000004 -0.999778
vn -0.021045 0.000007 -0.999779
vn -0.021050 -0.000002 -0.999778
vn -0.021051 -0.000003 -0.999778
vn -0.021046 0.000005 -0.999778
vn -0.021050 -0.000005 -0.999778
vn -0.021047 0.000001 -0.999779
vn -0.021051 -0.000003 -0.999778
vn -0.021049 -0.000005 -0.999778
vn -0.021046 0.000006 -0.999779
vn -0.021043 0.000004 -0.999779
vn -0.021047 0.000000 -0.999779
vn -0.021048 0.000001 -0.999778
vn -0.021049 -0.000003 -0.999778
vn -0.021051 -0.000002 -0.999778
vn -0.021049 -0.000000 -0.999779
vn -0.021048 -0.000001 -0.999778
vn -0.021048 -0.000000 -0.999778
vn -0.021046 0.000001 -0.999779
vn -0.021046 0.000001 -0.999779
vn -0.021048 0.000005 -0.999779
vn -0.021049 -0.000001 -0.999778
vn -0.021052 -0.000003 -0.999778
vn -0.021045 0.000002 -0.999779
vn -0.021048 0.000003 -0.999778
vn -0.021049 -0.000002 -0.999778
vn -0.021048 -0.000001 -0.999778
vn -0.021045 0.000001 -0.999779
vn -0.021048 -0.000000 -0.999779
vn -0.021048 0.000001 -0.999778
vn -0.021049 -0.000000 -0.999779
vn -0.021051 -0.000001 -0.999778
vn -0.021048 -0.000001 -0.999779
vn -0.021048 -0.000004 -0.999778
vn -0.021048 0.000000 -0.999779
vn -0.021052 -0.000001 -0.999778
vn -0.021048 -0.000004 -0.999779
vn -0.021048 0.000003 -0.999779
vn -0.021048 -0.000000 -0.999778
vn -0.021043 0.000002 -0.999779
vn -0.021048 0.000004 -0.999778
vn -0.021047 -0.000005 -0.999779
vn -0.021050 -0.000001 -0.999778
vn -0.021045 0.000001 -0.999779
vn -0.021047 -0.000002 -0.999779
vn -0.021049 0.000002 -0.999778
vn -0.021049 0.000003 -0.999779
vn -0.021049 -0.000001 -0.999778
vn -0.021048 0.000001 -0.999779
vn -0.021046 -0.000005 -0.999779
vn -0.021046 -0.000000 -0.999779
vn -0.021048 0.000000 -0.999779
vn -0.021048 0.000001 -0.999778
vn -0.021056 -0.000004 -0.999778
vn -0.021048 0.000001 -0.999779
vn -0.021046 -0.000003 -0.999779
vn -0.021041 0.000004 -0.999779
vn -0.021049 0.000002 -0.999779
vn -0.021049 0.000003 -0.999778
vn -0.021049 -0.000002 -0.999778
vn -0.021046 -0.000004 -0.999778
vn -0.021049 0.000003 -0.999778
vn -0.021052 -0.000004 -0.999778
vn -0.021050 0.000002 -0.999778
vn -0.021048 -0.000001 -0.999778
vn -0.021050 -0.000003 -0.999778
vn -0.021047 -0.000002 -0.999778
vn -0.021049 0.000002 -0.999778
vn -0.021042 0.000006 -0.999779
vn -0.021047 -0.000002 -0.999779
vn -0.021047 -0.000002 -0.999779
vn -0.021050 -0.000003 -0.999778
vn -0.021051 0.000002 -0.999778
vn -0.021051 0.000003 -0.999778
vn -0.021053 -0.000006 -0.999778
vn -0.021047 -0.000001 -0.999778
vn -0.021045 -0.000003 -0.999779
vn -0.021046 0.000002 -0.999779
vn -0.021050 0.000002 -0.999778
vn -0.021045 -0.000003 -0.999779
vn -0.021042 0.000008 -0.999779
vn -0.021047 -0.000001 -0.999778
vn -0.021050 0.000002 -0.999778
vn -0.021043 0.000006 -0.999779
vn -0.021050 0.000001 -0.999778
vn -0.021049 0.000001 -0.999778
vn -0.021052 -0.000007 -0.999778
vn -0.021050 0.000002 -0.999778
vn -0.021044 -0.000003 -0.999779
vn -0.021060 -0.000019 -0.999778
vn -0.021047 -0.000002 -0.999779
vn -0.021036 0.000018 -0.999779
vn -0.021051 0.000001 -0.999778
vn -0.021047 -0.000001 -0.999779
vn -0.021050 0.000001 -0.999778
vn -0.021046 -0.000001 -0.999779
vn -0.021051 0.000001 -0.999778
vn -0.021043 -0.000002 -0.999779
vn -0.021049 0.000000 -0.999778
vn -0.021049 -0.000000 -0.999778
vn -0.021050 0.000000 -0.999778
vn -0.021046 -0.000001 -0.999779
vn -0.021048 -0.000000 -0.999779
vn -0.021045 -0.000001 -0.999779
vn -0.021047 -0.000000 -0.999779
vn -0.021047 -0.000000 -0.999779
vn -0.021051 0.000001 -0.999778
vn -0.021051 0.000001 -0.999778
vn -0.021050 0.000000 -0.999778
vn -0.021046 0.000000 -0.999779
vn -0.021047 -0.000000 -0.999779
vn -0.021042 -0.000000 -0.999779
vn -0.021050 -0.000000 -0.999778
vn -0.021045 0.000000 -0.999779
vn -0.021052 -0.000000 -0.999778
vn -0.021049 -0.000000 -0.999779
vn -0.021049 0.000000 -0.999778
vn -0.021052 -0.000000 -0.999778
vn -0.021041 0.000001 -0.999779
vn -0.021048 0.000000 -0.999778
vn -0.021056 -0.000001 -0.999778
vn -0.021048 0.000001 -0.999779
vn -0.021047 0.000000 -0.999778
vn -0.021047 0.000000 -0.999779
vn -0.021050 -0.000000 -0.999778
vn -0.021049 0.000000 -0.999778
vn -0.021045 0.000001 -0.999779
vn -0.021053 -0.000000 -0.999778
vn -0.021041 0.000000 -0.999779
vn -0.021052 0.000001 -0.999778
vn -0.021049 0.000000 -0.999778
vn -0.021044 -0.000001 -0.999779
vn -0.021045 -0.000000 -0.999779
vn -0.021055 0.000003 -0.999778
vn -0.021055 0.000003 -0.999778
vn -0.021037 -0.000004 -0.999779
vn -0.021058 0.000005 -0.999778
vn -0.021024 -0.000011 -0.999779
vn -0.021071 0.000011 -0.999778
vn -0.021055 0.000004 -0.999778
vn -0.021041 -0.000003 -0.999779
vn -0.021048 -0.000002 -0.999778
vn -0.021048 0.000000 -0.999778
vn -0.021048 -0.000000 -0.999778
vn -0.021050 0.000006 -0.999778
vn -0.021041 -0.000003 -0.999779
vn -0.021049 0.000002 -0.999778
vn -0.021048 -0.000002 -0.999778
vn -0.021045 -0.000010 -0.999779
vn -0.021056 0.000004 -0.999778
vn -0.021050 0.000006 -0.999779
vn -0.021071 0.000011 -0.999778
vn -0.021049 0.000002 -0.999778
vn -0.021047 -0.000005 -0.999778
vn -0.021021 -0.000012 -0.999779
vn -0.021047 -0.000005 -0.999779
vn -0.021049 0.000004 -0.999778
vn -0.021050 0.000009 -0.999778
vn -0.021060 0.000006 -0.999778
vn -0.021050 0.000006 -0.999778
vn -0.021046 -0.000005 -0.999779
vn -0.021057 0.000004 -0.999778
vn -0.021049 0.000006 -0.999778
vn -0.021046 -0.000006 -0.999779
vn -0.021037 -0.000004 -0.999779
vn -0.021047 -0.000003 -0.999779
vn -0.021047 -0.000003 -0.999778
vn -0.021056 0.000003 -0.999778
vn -0.021048 -0.000001 -0.999779
vn -0.021045 -0.000000 -0.999779
vn -0.021047 -0.000004 -0.999779
vn -0.021048 -0.000000 -0.999778
vn -0.021049 0.000003 -0.999778
vn -0.021044 -0.000001 -0.999779
vn -0.021050 0.000008 -0.999778
vn -0.021049 0.000000 -0.999778
vn -0.021048 0.000001 -0.999779
vn -0.021049 0.000003 -0.999779
vn -0.021051 0.000001 -0.999778
vn -0.021047 -0.000004 -0.999779
vn -0.021047 -0.000003 -0.999778
vn -0.021049 0.000003 -0.999779
vn -0.021053 0.000001 -0.999778
vn -0.021047 -0.000003 -0.999779
vn -0.021048 0.000001 -0.999779
vn -0.021043 0.000001 -0.999779
vn -0.021049 0.000003 -0.999778
vn -0.021046 -0.000005 -0.999779
vn -0.021045 0.000001 -0.999779
vn -0.021049 0.000002 -0.999779
vn -0.021049 -0.000000 -0.999778
vn -0.021054 -0.000002 -0.999778
vn -0.021047 -0.000005 -0.999779
vn -0.021049 0.000004 -0.999778
vn -0.021049 0.000002 -0.999778
vn -0.021045 0.000000 -0.999779
vn -0.021046 -0.000000 -0.999779
vn -0.021048 0.000001 -0.999778
vn -0.021048 0.000000 -0.999778
vn -0.021056 -0.000001 -0.999778
vn -0.021047 -0.000002 -0.999779
vn -0.021047 -0.000004 -0.999779
vn -0.021041 0.000001 -0.999779
vn -0.021046 -0.000000 -0.999779
vn -0.021049 0.000003 -0.999778
vn -0.021047 -0.000004 -0.999779
vn -0.021052 -0.000000 -0.999778
vn -0.021049 -0.000000 -0.999778
vn -0.021049 0.000003 -0.999779
vn -0.021050 0.000007 -0.999778
vn -0.021048 0.000001 -0.999778
vn -0.021047 -0.000000 -0.999779
vn -0.021052 -0.000000 -0.999778
vn -0.021048 -0.000001 -0.999778
vn -0.021047 0.000000 -0.999778
vn -0.021050 0.000000 -0.999778
vn -0.021049 0.000003 -0.999778
vn -0.021048 -0.000001 -0.999779
vn -0.021047 -0.000004 -0.999779
vn -0.021045 -0.000000 -0.999779
vn -0.021043 -0.000000 -0.999779
vn -0.021047 -0.000003 -0.999778
vn -0.021049 0.000001 -0.999778
vn -0.021050 0.000001 -0.999778
vn -0.021047 -0.000005 -0.999779
vn -0.021047 -0.000003 -0.999779
vn -0.021054 0.000002 -0.999778
vn -0.021051 0.000001 -0.999778
vn -0.021050 0.000007 -0.999778
vn -0.021050 0.000006 -0.999778
vn -0.021047 -0.000001 -0.999778
vn -0.021046 -0.000001 -0.999779
vn -0.021047 -0.000005 -0.999779
vn -0.021050 0.000009 -0.999778
vn -0.021046 -0.000006 -0.999779
vn -0.021044 -0.000001 -0.999779
vn -0.021045 -0.000001 -0.999779
vn -0.021049 0.000003 -0.999778
vn -0.021054 0.000002 -0.999778
vn -0.021046 -0.000000 -0.999779
vn -0.021047 -0.000004 -0.999778
vn -0.021049 0.000002 -0.999778
vn -0.021043 -0.000002 -0.999779
vn -0.021049 -0.000000 -0.999778
vn -0.021049 0.000004 -0.999778
vn -0.021049 0.000004 -0.999778
vn -0.021051 0.000002 -0.999778
vn -0.021053 0.000003 -0.999778
vn -0.021047 -0.000003 -0.999778
vn -0.021045 -0.000010 -0.999779
vn -0.021045 -0.000002 -0.999779
vn -0.021048 -0.000001 -0.999779
vn -0.021048 0.000000 -0.999778
vn -0.021050 0.000007 -0.999778
vn -0.021043 -0.000003 -0.999779
vn -0.021048 0.000000 -0.999778
vn -0.021050 0.000001 -0.999778
vn -0.021046 -0.000002 -0.999778
vn -0.021047 -0.000001 -0.999779
vn -0.021050 0.000002 -0.999778
vn -0.021049 0.000000 -0.999778
vn -0.021052 0.000003 -0.999778
vn -0.021050 0.000002 -0.999778
vn -0.021045 -0.000003 -0.999779
vn -0.021045 -0.000003 -0.999779
vn -0.021048 0.000001 -0.999778
vn -0.021052 0.000005 -0.999778
vn -0.021048 -0.000000 -0.999778
vn -0.021045 -0.000004 -0.999779
vn -0.021049 0.000002 -0.999778
vn -0.021047 -0.000003 -0.999778
vn -0.021049 0.000001 -0.999778
vn -0.021049 0.000003 -0.999778
vn -0.021045 -0.000004 -0.999779
vn -0.021048 -0.000001 -0.999779
vn -0.021051 0.000004 -0.999778
vn -0.021050 0.000003 -0.999778
vn -0.021048 -0.000001 -0.999778
vn -0.021048 0.000000 -0.999778
vn -0.021049 0.000002 -0.999778
vn -0.021047 -0.000002 -0.999778
vn -0.021047 -0.000001 -0.999778
vn -0.021048 0.000001 -0.999778
vn -0.021048 -0.000000 -0.999778
vn -0.021047 -0.000006 -0.999778
vn -0.021048 0.000000 -0.999778
vn -0.021034 0.000022 -0.999779
vn -0.021062 -0.000021 -0.999778
vn -0.021049 -0.000002 -0.999778
vn -0.021044 0.000006 -0.999779
vn -0.021042 0.000009 -0.999779
vn -0.021046 0.000004 -0.999779
vn -0.021051 -0.000004 -0.999778
vn -0.021050 -0.000002 -0.999778
vn -0.021042 0.000006 -0.999779
vn -0.021050 -0.000002 -0.999778
vn -0.021052 -0.000003 -0.999778
vn -0.021048 -0.000000 -0.999778
vn -0.021042 0.000004 -0.999779
vn -0.021055 -0.000003 -0.999778
vn -0.021046 0.000001 -0.999779
vn -0.021048 0.000000 -0.999778
vn -0.021049 -0.000000 -0.999778
vn -0.021049 0.000002 -0.999778
vn -0.021048 -0.000002 -0.999778
vn -0.021044 0.000001 -0.999779
vn -0.021045 0.000001 -0.999779
vn -0.021048 0.000004 -0.999778
vn -0.021047 -0.000003 -0.999778
vn -0.021046 0.000000 -0.999778
vn -0.021043 0.000002 -0.999779
vn -0.021047 -0.000004 -0.999778
vn -0.021047 0.000001 -0.999778
vn -0.021052 -0.000001 -0.999778
vn -0.021052 -0.000001 -0.999778
vn -0.021048 0.000000 -0.999778
vn -0.021048 -0.000003 -0.999778
vn -0.021044 0.000002 -0.999779
vn -0.021050 -0.000002 -0.999778
vn -0.021048 0.000001 -0.999778
vn -0.021048 0.000000 -0.999778
vn -0.021050 -0.000002 -0.999778
vn -0.021048 -0.000001 -0.999778
vn -0.021048 -0.000002 -0.999778
vn -0.021048 0.000002 -0.999778
vn -0.021046 0.000001 -0.999779
vn -0.021045 0.000001 -0.999779
vn -0.021048 0.000005 -0.999778
vn -0.021048 0.000000 -0.999778
vn -0.021046 0.000001 -0.999778
vn -0.021048 -0.000000 -0.999778
vn -0.021049 -0.000000 -0.999778
vn -0.021048 0.000003 -0.999778
vn -0.021048 -0.000000 -0.999778
vn -0.021051 -0.000003 -0.999778
vn -0.021049 -0.000003 -0.999778
vn -0.021048 0.000000 -0.999778
vn -0.021047 0.000000 -0.999779
vn -0.021043 0.000004 -0.999779
vn -0.021047 0.000005 -0.999778
vn -0.021049 -0.000002 -0.999778
vn -0.021052 -0.000003 -0.999778
vn -0.021052 -0.000003 -0.999778
vn -0.021049 -0.000005 -0.999778
vn -0.021048 -0.000002 -0.999778
vn -0.021048 0.000001 -0.999778
vn -0.021051 -0.000003 -0.999778
vn -0.021045 0.000008 -0.999779
vn -0.021048 -0.000000 -0.999778
vn -0.021047 0.000001 -0.999779
vn -0.021043 0.000006 -0.999779
vn -0.021049 -0.000004 -0.999778
vn -0.021048 -0.000001 -0.999778
vn -0.021049 -0.000000 -0.999778
vn -0.021051 -0.000004 -0.999778
vn -0.021046 0.000004 -0.999779
vn -0.021047 0.000001 -0.999778
vn -0.021047 0.000002 -0.999779
vn -0.021048 -0.000001 -0.999778
vn -0.021052 -0.000007 -0.999778
vn -0.021047 0.000002 -0.999779
vn -0.021047 0.000000 -0.999778
vn -0.021047 0.000001 -0.999779
vn -0.021046 0.000004 -0.999779
vn -0.021050 -0.000004 -0.999778
vn -0.021047 0.000001 -0.999779
vn -0.287443 0.957779 0.006051
vn -0.287440 0.957780 0.006052
vn -0.334082 0.942518 0.007033
vn -0.334078 0.942519 0.007033
vn -0.379915 0.924987 0.007998
vn -0.379920 0.924985 0.007998
vn -0.424836 0.905226 0.008944
vn -0.424831 0.905228 0.008944
vn -0.468728 0.883287 0.009868
vn -0.468733 0.883285 0.009868
vn -0.511500 0.859216 0.010768
vn -0.511495 0.859219 0.010769
vn -0.553029 0.833080 0.011643
vn -0.553029 0.833080 0.011643
vn -0.593234 0.804933 0.012489
vn -0.593234 0.804933 0.012489
vn -0.632007 0.774848 0.013305
vn -0.632007 0.774848 0.013305
vn -0.669256 0.742898 0.014089
vn -0.669256 0.742898 0.014089
vn -0.704894 0.709158 0.014840
vn -0.704894 0.709158 0.014840
vn -0.738838 0.673703 0.015554
vn -0.770991 0.636639 0.016231
vn -0.738838 0.673703 0.015554
vn -0.770991 0.636639 0.016231
vn -0.801300 0.598024 0.016869
vn -0.801300 0.598024 0.016869
vn -0.829668 0.557984 0.017466
vn -0.829668 0.557984 0.017466
vn -0.856037 0.516600 0.018022
vn -0.856043 0.516590 0.018022
vn -0.880360 0.473943 0.018534
vn -0.880355 0.473954 0.018534
vn -0.902546 0.430174 0.019001
vn -0.902541 0.430185 0.019001
vn -0.922558 0.385369 0.019423
vn -0.922563 0.385358 0.019422
vn -0.940350 0.339633 0.019796
vn -0.940350 0.339633 0.019796
vn -0.955886 0.293046 0.020124
vn -0.955883 0.293058 0.020124
vn -0.969105 0.245805 0.020403
vn -0.969108 0.245793 0.020402
vn -0.979998 0.197933 0.020631
vn -0.979998 0.197933 0.020631
vn -0.988527 0.149605 0.020811
vn -0.988527 0.149605 0.020811
vn -0.994675 0.100916 0.020940
vn -0.994676 0.100903 0.020941
vn -0.998428 0.051967 0.021020
vn -0.998428 0.051955 0.021019
vn -0.999774 0.002902 0.021048
vn -0.999774 0.002902 0.021047
vn -0.998713 -0.046163 0.021025
vn -0.998713 -0.046163 0.021025
vn -0.995245 -0.095125 0.020952
vn -0.995244 -0.095138 0.020953
vn -0.989380 -0.143853 0.020830
vn -0.989378 -0.143866 0.020829
vn -0.981130 -0.192245 0.020655
vn -0.981130 -0.192244 0.020655
vn -0.970519 -0.240157 0.020432
vn -0.970519 -0.240157 0.020432
vn -0.957565 -0.287512 0.020159
vn -0.957565 -0.287512 0.020159
vn -0.942314 -0.334143 0.019839
vn -0.942310 -0.334154 0.019838
vn -0.924779 -0.380005 0.019469
vn -0.924784 -0.379994 0.019470
vn -0.905028 -0.424926 0.019053
vn -0.883090 -0.468835 0.018591
vn -0.905028 -0.424926 0.019053
vn -0.859025 -0.511614 0.018085
vn -0.883085 -0.468845 0.018592
vn -0.859031 -0.511604 0.018085
vn -0.832901 -0.553144 0.017535
vn -0.804753 -0.593368 0.016943
vn -0.832895 -0.553153 0.017534
vn -0.804759 -0.593360 0.016942
vn -0.774676 -0.632148 0.016309
vn -0.742731 -0.669408 0.015637
vn -0.774670 -0.632156 0.016309
vn -0.742737 -0.669401 0.015636
vn -0.708999 -0.705052 0.014926
vn -0.708999 -0.705052 0.014926
vn -0.673567 -0.738990 0.014180
vn -0.673560 -0.738996 0.014181
vn -0.636492 -0.771167 0.013400
vn -0.636485 -0.771172 0.013399
vn -0.597897 -0.801474 0.012587
vn -0.597897 -0.801474 0.012587
vn -0.557855 -0.829855 0.011744
vn -0.557862 -0.829851 0.011745
vn -0.516480 -0.856230 0.010874
vn -0.516480 -0.856230 0.010874
vn -0.473847 -0.880551 0.009976
vn -0.473852 -0.880548 0.009976
vn -0.430080 -0.902745 0.009054
vn -0.430080 -0.902745 0.009054
vn -0.385282 -0.922763 0.008111
vn -0.385282 -0.922763 0.008111
vn -0.339543 -0.940563 0.007148
vn -0.339543 -0.940563 0.007148
vn -0.293000 -0.956092 0.006168
vn -0.293004 -0.956091 0.006169
vn -0.245736 -0.969323 0.005174
vn -0.245739 -0.969322 0.005173
vn -0.197893 -0.980215 0.004166
vn -0.197895 -0.980214 0.004166
vn -0.149567 -0.988747 0.003149
vn -0.149567 -0.988747 0.003149
vn -0.100886 -0.994896 0.002124
vn -0.100884 -0.994896 0.002124
vn -0.051953 -0.998649 0.001094
vn -0.051955 -0.998649 0.001094
vn -0.002904 -0.999996 0.000061
vn -0.002904 -0.999996 0.000061
vn 0.046156 -0.998934 -0.000972
vn 0.046155 -0.998934 -0.000972
vn 0.095110 -0.995465 -0.002002
vn 0.095110 -0.995465 -0.002002
vn 0.143825 -0.989598 -0.003028
vn 0.143825 -0.989598 -0.003028
vn 0.192198 -0.981348 -0.004046
vn 0.192198 -0.981348 -0.004046
vn 0.240110 -0.970733 -0.005055
vn 0.240110 -0.970733 -0.005055
vn 0.021048 -0.000001 0.999778
vn 0.021047 0.000000 0.999778
vn 0.021050 -0.000001 0.999778
vn 0.021054 -0.000003 0.999778
vn 0.021048 0.000000 0.999778
vn 0.021047 0.000001 0.999778
vn 0.021047 0.000001 0.999779
vn 0.021043 0.000002 0.999779
vn 0.021049 -0.000001 0.999778
vn 0.021046 0.000001 0.999779
vn 0.021050 -0.000001 0.999778
vn 0.021047 -0.000000 0.999778
vn 0.021048 -0.000000 0.999778
vn 0.021049 -0.000002 0.999778
vn 0.021049 -0.000001 0.999778
vn 0.021050 -0.000001 0.999778
vn 0.021046 0.000000 0.999779
vn 0.021049 -0.000000 0.999778
vn 0.021043 0.000004 0.999779
vn 0.021054 -0.000002 0.999778
vn 0.021045 0.000001 0.999779
vn 0.021048 0.000000 0.999778
vn 0.021052 -0.000003 0.999778
vn 0.021048 0.000000 0.999778
vn 0.021047 0.000001 0.999778
vn 0.021045 0.000003 0.999779
vn 0.021046 0.000003 0.999779
vn 0.021049 -0.000001 0.999778
vn 0.021042 0.000001 0.999779
vn 0.021049 -0.000002 0.999778
vn 0.021050 -0.000003 0.999778
vn 0.021045 0.000000 0.999779
vn 0.021049 -0.000001 0.999778
vn 0.021048 -0.000001 0.999778
vn 0.021046 0.000001 0.999778
vn 0.021048 0.000001 0.999778
vn 0.021053 -0.000000 0.999778
vn 0.021049 -0.000002 0.999778
vn 0.021047 0.000000 0.999779
vn 0.021050 0.000001 0.999778
vn 0.021052 0.000000 0.999778
vn 0.021047 0.000001 0.999778
vn 0.021047 0.000000 0.999778
vn 0.021046 -0.000000 0.999778
vn 0.021042 -0.000000 0.999779
vn 0.021044 0.000006 0.999779
vn 0.021048 -0.000000 0.999778
vn 0.021046 -0.000000 0.999779
vn 0.021049 0.000000 0.999778
vn 0.021049 -0.000003 0.999778
vn 0.021048 0.000000 0.999778
vn 0.021048 0.000001 0.999778
vn 0.021050 0.000001 0.999778
vn 0.021048 0.000000 0.999778
vn 0.021047 0.000003 0.999778
vn 0.021046 0.000000 0.999778
vn 0.021051 0.000001 0.999778
vn 0.021048 -0.000001 0.999778
vn 0.021048 -0.000000 0.999778
vn 0.021046 -0.000001 0.999778
vn 0.021048 -0.000000 0.999778
vn 0.021049 -0.000004 0.999778
vn 0.021049 -0.000005 0.999778
vn 0.021049 0.000000 0.999778
vn 0.021049 -0.000002 0.999778
vn 0.021047 0.000003 0.999778
vn 0.021045 -0.000001 0.999779
vn 0.021047 0.000005 0.999779
vn 0.021048 -0.000001 0.999778
vn 0.021053 0.000000 0.999778
vn 0.021048 -0.000000 0.999778
vn 0.021049 -0.000005 0.999778
vn 0.021052 0.000000 0.999778
vn 0.021048 0.000000 0.999778
vn 0.021048 0.000003 0.999778
vn 0.021040 0.000001 0.999779
vn 0.021048 -0.000001 0.999778
vn 0.021048 -0.000003 0.999778
vn 0.021049 -0.000000 0.999778
vn 0.021048 -0.000000 0.999778
vn 0.021048 0.000002 0.999778
vn 0.021057 -0.000002 0.999778
vn 0.021048 0.000004 0.999778
vn 0.021048 -0.000005 0.999778
vn 0.021045 0.000001 0.999779
vn 0.021048 -0.000000 0.999778
vn 0.021048 0.000001 0.999778
vn 0.021039 0.000003 0.999779
vn 0.021048 0.000002 0.999778
vn 0.021048 0.000003 0.999778
vn 0.021055 -0.000003 0.999778
vn 0.021047 -0.000005 0.999778
vn 0.021049 0.000004 0.999778
vn 0.021035 0.000005 0.999779
vn 0.021048 0.000000 0.999778
vn 0.021047 -0.000004 0.999778
vn 0.021060 -0.000006 0.999778
vn 0.021048 0.000000 0.999778
vn 0.021049 0.000001 0.999778
vn 0.021055 -0.000003 0.999778
vn 0.021047 -0.000001 0.999778
vn 0.021046 -0.000006 0.999778
vn 0.021026 0.000011 0.999779
vn 0.021050 0.000004 0.999778
vn 0.021050 0.000005 0.999778
vn 0.021060 -0.000006 0.999778
vn 0.021047 -0.000001 0.999778
vn 0.021047 -0.000001 0.999778
vn 0.021034 0.000007 0.999779
vn 0.021051 0.000005 0.999778
vn 0.021048 -0.000001 0.999778
vn 0.021048 -0.000001 0.999778
vn 0.021048 -0.000000 0.999778
vn 0.021049 0.000001 0.999778
vn 0.021050 0.000003 0.999778
vn 0.021045 -0.000004 0.999779
vn 0.021044 -0.000004 0.999779
vn 0.021050 0.000001 0.999778
vn 0.021052 0.000004 0.999778
vn 0.021044 -0.000004 0.999779
vn 0.021047 0.000000 0.999778
vn 0.021051 0.000003 0.999778
vn 0.021047 -0.000001 0.999779
vn 0.021051 0.000002 0.999778
vn 0.021047 -0.000001 0.999778
vn 0.021044 -0.000004 0.999779
vn 0.021048 0.000000 0.999778
vn 0.021046 -0.000001 0.999778
vn 0.021053 0.000003 0.999778
vn 0.021048 0.000000 0.999778
vn 0.021049 -0.000000 0.999778
vn 0.021047 -0.000001 0.999779
vn 0.021042 -0.000003 0.999779
vn 0.021050 0.000001 0.999778
vn 0.021050 0.000001 0.999778
vn 0.021051 0.000002 0.999778
vn 0.021046 -0.000001 0.999779
vn 0.021044 -0.000001 0.999779
vn 0.021046 -0.000000 0.999779
vn 0.021054 0.000002 0.999778
vn 0.021089 0.000062 0.999778
vn 0.021028 -0.000030 0.999779
vn 0.021049 0.000002 0.999778
vn 0.021043 -0.000008 0.999779
vn 0.021060 0.000017 0.999778
vn 0.021046 -0.000002 0.999778
vn 0.021052 0.000005 0.999778
vn 0.021039 -0.000011 0.999779
vn 0.021053 0.000005 0.999778
vn 0.021050 0.000002 0.999778
vn 0.021043 -0.000004 0.999779
vn 0.021050 0.000000 0.999778
vn 0.021048 0.000000 0.999778
vn 0.021051 0.000002 0.999778
vn 0.021046 -0.000001 0.999779
vn 0.021046 -0.000001 0.999779
vn 0.021049 0.000000 0.999778
vn 0.021048 -0.000000 0.999778
vn 0.021048 -0.000000 0.999778
vn 0.021048 0.000001 0.999778
vn 0.021046 0.000007 0.999779
vn 0.021089 0.000062 0.999778
vn 0.021049 -0.000002 0.999778
vn 0.021047 0.000002 0.999779
vn 0.021025 -0.000034 0.999779
vn 0.021049 -0.000003 0.999778
vn 0.021049 -0.000005 0.999779
vn 0.021051 0.000005 0.999778
vn 0.021047 0.000005 0.999779
vn 0.021049 -0.000002 0.999778
vn 0.021043 -0.000008 0.999779
vn 0.021046 0.000007 0.999779
vn 0.021047 0.000002 0.999779
vn 0.021060 0.000017 0.999778
vn 0.021049 -0.000004 0.999778
vn 0.021049 -0.000005 0.999778
vn 0.021046 -0.000002 0.999778
vn 0.021047 0.000004 0.999779
vn 0.021047 0.000003 0.999779
vn 0.021039 -0.000011 0.999779
vn 0.021049 -0.000004 0.999778
vn 0.021047 0.000003 0.999779
vn 0.021050 0.000002 0.999778
vn 0.021050 -0.000009 0.999778
vn 0.021047 0.000003 0.999778
vn 0.021052 0.000004 0.999778
vn 0.021047 0.000004 0.999779
vn 0.021049 -0.000003 0.999778
vn 0.021050 0.000003 0.999778
vn 0.021047 0.000002 0.999779
vn 0.021048 0.000001 0.999778
vn 0.021042 -0.000005 0.999779
vn 0.021046 0.000007 0.999779
vn 0.021048 0.000000 0.999779
vn 0.021049 0.000001 0.999778
vn 0.021050 -0.000006 0.999778
vn 0.021049 -0.000003 0.999778
vn 0.021050 0.000001 0.999778
vn 0.021047 0.000003 0.999779
vn 0.021047 0.000003 0.999778
vn 0.021046 -0.000001 0.999778
vn 0.021048 -0.000001 0.999778
vn 0.021046 0.000005 0.999778
vn 0.021047 -0.000001 0.999779
vn 0.021049 -0.000004 0.999778
vn 0.021049 -0.000002 0.999779
vn 0.021049 0.000000 0.999778
vn 0.021051 0.000000 0.999778
vn 0.021049 -0.000002 0.999779
vn 0.021049 -0.000004 0.999778
vn 0.021046 -0.000001 0.999779
vn 0.021048 -0.000001 0.999779
vn 0.021048 -0.000001 0.999779
vn 0.021047 0.000005 0.999778
vn 0.021052 0.000001 0.999778
vn 0.021048 -0.000000 0.999778
vn 0.021047 0.000003 0.999778
vn 0.021049 -0.000005 0.999778
vn 0.021043 -0.000003 0.999779
vn 0.021043 -0.000003 0.999779
vn 0.021049 -0.000003 0.999778
vn 0.021047 0.000003 0.999779
vn 0.021050 0.000001 0.999778
vn 0.021051 0.000001 0.999778
vn 0.021046 0.000006 0.999779
vn 0.021048 -0.000001 0.999779
vn 0.021049 0.000000 0.999778
vn 0.021046 -0.000001 0.999779
vn 0.021048 0.000001 0.999778
vn 0.021047 0.000002 0.999779
vn 0.021046 -0.000002 0.999779
vn 0.021046 -0.000001 0.999779
vn 0.021049 -0.000003 0.999778
vn 0.021049 -0.000005 0.999778
vn 0.021054 0.000004 0.999778
vn 0.021048 0.000001 0.999779
vn 0.021048 0.000001 0.999779
vn 0.021047 0.000003 0.999778
vn 0.021043 -0.000003 0.999779
vn 0.021047 -0.000000 0.999779
vn 0.021049 -0.000005 0.999778
vn 0.021047 0.000004 0.999779
vn 0.021047 0.000003 0.999779
vn 0.021050 0.000003 0.999778
vn 0.021051 0.000003 0.999778
vn 0.021047 0.000004 0.999779
vn 0.021044 -0.000004 0.999779
vn 0.021045 -0.000003 0.999779
vn 0.021050 -0.000006 0.999778
vn 0.021049 -0.000004 0.999778
vn 0.021051 0.000003 0.999778
vn 0.021051 0.000003 0.999778
vn 0.021049 -0.000003 0.999778
vn 0.021047 0.000002 0.999779
vn 0.021048 0.000000 0.999779
vn 0.021049 0.000001 0.999778
vn 0.021045 0.000009 0.999779
vn 0.021050 -0.000007 0.999778
vn 0.021046 -0.000002 0.999779
vn 0.021045 -0.000004 0.999779
vn 0.021049 -0.000002 0.999778
vn 0.021046 0.000006 0.999779
vn 0.021051 0.000003 0.999778
vn 0.021049 0.000001 0.999779
vn 0.021047 0.000002 0.999779
vn 0.021049 -0.000002 0.999778
vn 0.021048 -0.000001 0.999779
vn 0.021045 -0.000005 0.999779
vn 0.021048 0.000001 0.999778
vn 0.021050 -0.000007 0.999778
vn 0.021050 0.000004 0.999778
vn 0.021050 0.000004 0.999778
vn 0.021047 -0.000002 0.999778
vn 0.021048 -0.000000 0.999778
vn 0.021046 -0.000004 0.999779
vn 0.021047 -0.000002 0.999779
vn 0.021050 0.000004 0.999778
vn 0.021049 0.000001 0.999778
vn 0.021049 0.000001 0.999778
vn 0.021047 -0.000002 0.999778
vn 0.021047 -0.000004 0.999779
vn 0.021049 0.000001 0.999778
vn 0.021049 0.000004 0.999778
vn 0.021047 -0.000001 0.999778
vn 0.021048 0.000003 0.999779
vn 0.021046 -0.000008 0.999779
vn 0.021047 -0.000001 0.999778
vn 0.021048 0.000001 0.999778
vn 0.021048 0.000005 0.999779
vn 0.021048 0.000002 0.999778
vn 0.021048 0.000001 0.999778
vn 0.021048 -0.000001 0.999778
vn 0.021048 0.000004 0.999778
vn 0.021049 -0.000006 0.999778
vn 0.021048 0.000000 0.999779
vn 0.021049 -0.000005 0.999779
vn 0.021048 0.000004 0.999778
vn 0.021048 0.000003 0.999779
vn 0.021049 -0.000004 0.999778
vn 0.021049 -0.000001 0.999778
vn 0.021047 0.000007 0.999779
vn 0.021048 -0.000000 0.999778
vn 0.021049 -0.000000 0.999778
vn 0.021055 0.000001 0.999778
vn 0.021043 -0.000000 0.999779
vn 0.021052 0.000000 0.999778
vn 0.021040 0.000001 0.999779
vn 0.021049 -0.000000 0.999778
vn 0.021058 -0.000002 0.999778
vn 0.021043 0.000002 0.999779
vn 0.021039 0.000003 0.999779
vn 0.021055 -0.000003 0.999778
vn 0.021056 -0.000003 0.999778
vn 0.021034 0.000006 0.999779
vn 0.021055 -0.000003 0.999778
vn 0.021069 -0.000010 0.999778
vn 0.021048 0.000000 0.999778
vn 0.020998 0.000024 0.999780
vn 0.021127 -0.000039 0.999777
vn 0.021047 0.000003 0.999779
vn 0.021050 0.000000 0.999778
vn 0.021047 -0.000000 0.999778
vn 0.021049 -0.000004 0.999778
vn 0.021049 -0.000004 0.999778
vn 0.021047 -0.000000 0.999779
vn 0.021046 -0.000000 0.999778
vn 0.021048 -0.000001 0.999778
vn 0.021048 -0.000000 0.999779
vn 0.021046 0.000002 0.999779
vn 0.021048 -0.000001 0.999779
vn 0.021048 0.000000 0.999779
vn 0.021050 0.000000 0.999778
vn 0.021049 -0.000000 0.999778
vn 0.021048 -0.000000 0.999778
vn 0.021050 -0.000003 0.999778
vn 0.021045 0.000005 0.999779
vn 0.021050 -0.000002 0.999779
vn 0.021045 0.000005 0.999779
vn 0.021042 -0.000000 0.999779
vn 0.021046 -0.000000 0.999779
vn 0.021049 0.000000 0.999779
vn 0.021050 0.000000 0.999778
vn 0.021049 -0.000002 0.999778
vn 0.021053 -0.000007 0.999778
vn 0.021044 0.000006 0.999779
vn 0.021046 0.000004 0.999778
vn 0.021052 -0.000001 0.999778
vn 0.021045 -0.000000 0.999779
vn 0.021052 -0.000006 0.999778
vn 0.021051 -0.000004 0.999778
vn 0.021053 -0.000001 0.999778
vn 0.021040 0.000001 0.999779
vn 0.021047 0.000002 0.999779
vn 0.021044 0.000004 0.999779
vn 0.021046 0.000001 0.999779
vn 0.021051 -0.000000 0.999778
vn 0.021050 -0.000003 0.999778
vn 0.021045 0.000002 0.999779
vn 0.021045 0.000001 0.999779
vn 0.021047 0.000000 0.999779
vn 0.021046 0.000001 0.999778
vn 0.021051 -0.000003 0.999778
vn 0.021047 -0.000000 0.999779
vn 0.021045 0.000001 0.999779
vn 0.021054 -0.000001 0.999778
vn 0.021055 -0.000002 0.999778
vn 0.021045 0.000003 0.999779
vn 0.021051 -0.000002 0.999778
vn 0.021053 -0.000003 0.999778
vn 0.021041 0.000005 0.999779
vn 0.021044 0.000001 0.999779
vn 0.021049 -0.000001 0.999778
vn 0.021049 -0.000001 0.999778
vn 0.021042 0.000002 0.999779
vn 0.021050 -0.000002 0.999778
vn 0.021044 0.000002 0.999779
vn 0.021049 -0.000000 0.999778
vn 0.021046 0.000001 0.999779
vn 0.021049 -0.000000 0.999778
vn 0.021046 0.000001 0.999779
vn 0.021045 0.000002 0.999779
vn 0.021050 -0.000002 0.999778
vn 0.021055 -0.000004 0.999778
vn 0.287818 -0.957666 -0.006059
vn 0.287818 -0.957666 -0.006059
vn 0.335181 -0.942127 -0.007056
vn 0.335181 -0.942127 -0.007056
vn 0.381717 -0.924244 -0.008036
vn 0.381717 -0.924244 -0.008036
vn 0.427300 -0.904065 -0.008996
vn 0.427300 -0.904065 -0.008996
vn 0.471819 -0.881639 -0.009933
vn 0.471830 -0.881634 -0.009934
vn 0.515178 -0.857015 -0.010847
vn 0.515167 -0.857021 -0.010845
vn 0.557239 -0.830269 -0.011731
vn 0.557239 -0.830269 -0.011731
vn 0.597928 -0.801451 -0.012588
vn 0.597928 -0.801451 -0.012588
vn 0.637126 -0.770643 -0.013413
vn 0.637126 -0.770643 -0.013413
vn 0.674741 -0.737917 -0.014206
vn 0.674729 -0.737929 -0.014205
vn 0.710666 -0.703370 -0.014961
vn 0.710679 -0.703357 -0.014963
vn 0.744844 -0.667054 -0.015681
vn 0.777157 -0.629094 -0.016361
vn 0.744844 -0.667054 -0.015681
vn 0.777157 -0.629094 -0.016361
vn 0.807544 -0.589562 -0.017002
vn 0.807532 -0.589579 -0.017000
vn 0.835909 -0.548586 -0.017598
vn 0.835921 -0.548568 -0.017600
vn 0.862223 -0.506203 -0.018152
vn 0.862223 -0.506203 -0.018152
vn 0.886368 -0.462605 -0.018660
vn 0.886368 -0.462605 -0.018660
vn 0.908329 -0.417818 -0.019122
vn 0.908329 -0.417818 -0.019122
vn 0.928016 -0.372028 -0.019537
vn 0.928016 -0.372028 -0.019537
vn 0.945402 -0.325299 -0.019903
vn 0.945402 -0.325299 -0.019903
vn 0.960440 -0.277752 -0.020219
vn 0.960440 -0.277752 -0.020219
vn 0.973089 -0.229518 -0.020486
vn 0.973089 -0.229518 -0.020486
vn 0.983316 -0.180722 -0.020701
vn 0.983316 -0.180722 -0.020701
vn 0.991101 -0.131467 -0.020865
vn 0.991101 -0.131467 -0.020865
vn 0.996419 -0.081905 -0.020977
vn 0.996419 -0.081905 -0.020977
vn 0.999263 -0.032114 -0.021037
vn 0.999263 -0.032114 -0.021037
vn 0.999621 0.017728 -0.021044
vn 0.999621 0.017753 -0.021046
vn 0.997495 0.067544 -0.021001
vn 0.997494 0.067570 -0.020999
vn 0.992887 0.117208 -0.020903
vn 0.992887 0.117208 -0.020903
vn 0.985812 0.166565 -0.020754
vn 0.985812 0.166565 -0.020754
vn 0.976284 0.215514 -0.020553
vn 0.976284 0.215514 -0.020553
vn 0.964336 0.263903 -0.020301
vn 0.964336 0.263903 -0.020301
vn 0.949978 0.311677 -0.019999
vn 0.949978 0.311677 -0.019999
vn 0.933270 0.358638 -0.019647
vn 0.933270 0.358638 -0.019647
vn 0.914243 0.404708 -0.019247
vn 0.914234 0.404729 -0.019248
vn 0.892931 0.449801 -0.018800
vn 0.892931 0.449801 -0.018800
vn 0.869408 0.493756 -0.018303
vn 0.869397 0.493775 -0.018304
vn 0.843714 0.536499 -0.017764
vn 0.843725 0.536481 -0.017762
vn 0.815941 0.577880 -0.017177
vn 0.815929 0.577897 -0.017179
vn 0.786121 0.617850 -0.016550
vn 0.786121 0.617850 -0.016550
vn 0.754346 0.656285 -0.015881
vn 0.754346 0.656285 -0.015881
vn 0.720712 0.693069 -0.015173
vn 0.720712 0.693069 -0.015173
vn 0.685273 0.728143 -0.014427
vn 0.685273 0.728143 -0.014427
vn 0.648136 0.761403 -0.013645
vn 0.648136 0.761403 -0.013645
vn 0.609380 0.792775 -0.012829
vn 0.609380 0.792775 -0.012829
vn 0.569120 0.822167 -0.011981
vn 0.569120 0.822167 -0.011981
vn 0.527432 0.849525 -0.011104
vn 0.484450 0.874759 -0.010199
vn 0.527432 0.849525 -0.011104
vn 0.484450 0.874760 -0.010199
vn 0.440255 0.897825 -0.009268
vn 0.440255 0.897825 -0.009268
vn 0.394964 0.918659 -0.008315
vn 0.394964 0.918659 -0.008315
vn 0.348691 0.937209 -0.007341
vn 0.348691 0.937209 -0.007341
vn 0.301540 0.953432 -0.006349
vn 0.301547 0.953430 -0.006348
vn 0.253664 0.967278 -0.005340
vn 0.253657 0.967279 -0.005341
vn 0.205147 0.978722 -0.004319
vn 0.205148 0.978722 -0.004319
vn 0.156108 0.987734 -0.003286
vn 0.156108 0.987734 -0.003286
vn 0.106696 0.994289 -0.002246
vn 0.106696 0.994289 -0.002246
vn 0.057015 0.998373 -0.001200
vn 0.057016 0.998373 -0.001200
vn 0.007184 0.999974 -0.000151
vn 0.007184 0.999974 -0.000151
vn -0.042655 0.999090 0.000898
vn -0.042656 0.999089 0.000898
vn -0.092393 0.995721 0.001945
vn -0.092390 0.995721 0.001945
vn -0.141900 0.989877 0.002987
vn -0.141900 0.989877 0.002987
vn -0.191053 0.981571 0.004022
vn -0.191053 0.981571 0.004022
vn -0.239731 0.970826 0.005047
vn -0.239731 0.970826 0.005047
vn 0.263855 -0.964546 -0.005555
vn 0.263855 -0.964546 -0.005555
vn 0.957455 0.287879 -0.020157
vn 0.957460 0.287861 -0.020158
vn 0.941914 0.335267 -0.019830
vn 0.941914 0.335267 -0.019830
vn 0.924036 0.381810 -0.019453
vn 0.924043 0.381793 -0.019454
vn 0.903863 0.427400 -0.019028
vn 0.903863 0.427400 -0.019028
vn 0.881446 0.471919 -0.018556
vn 0.881446 0.471919 -0.018556
vn 0.856828 0.515286 -0.018038
vn 0.856828 0.515286 -0.018038
vn 0.830079 0.557372 -0.017475
vn 0.830079 0.557372 -0.017475
vn 0.801281 0.598050 -0.016869
vn 0.801281 0.598050 -0.016869
vn 0.770474 0.637266 -0.016221
vn 0.770464 0.637277 -0.016220
vn 0.737755 0.674890 -0.015531
vn 0.737765 0.674879 -0.015532
vn 0.703202 0.710836 -0.014804
vn 0.703212 0.710826 -0.014805
vn 0.666919 0.744998 -0.014041
vn 0.666910 0.745006 -0.014040
vn 0.628950 0.777333 -0.013241
vn 0.628959 0.777325 -0.013242
vn 0.589437 0.807719 -0.012410
vn 0.589437 0.807719 -0.012410
vn 0.548456 0.836100 -0.011547
vn 0.548447 0.836106 -0.011546
vn 0.506087 0.862416 -0.010654
vn 0.506096 0.862411 -0.010655
vn 0.462500 0.886566 -0.009737
vn 0.462500 0.886566 -0.009737
vn 0.417730 0.908529 -0.008795
vn 0.417730 0.908529 -0.008795
vn 0.371950 0.928220 -0.007831
vn 0.371950 0.928220 -0.007831
vn 0.325214 0.945616 -0.006847
vn 0.325220 0.945614 -0.006847
vn 0.277692 0.960652 -0.005846
vn 0.277692 0.960652 -0.005846
vn 0.229477 0.973302 -0.004831
vn 0.229477 0.973302 -0.004831
vn 0.180683 0.983534 -0.003804
vn 0.180683 0.983534 -0.003804
vn 0.131443 0.991320 -0.002767
vn 0.131443 0.991320 -0.002767
vn 0.081873 0.996641 -0.001724
vn 0.081873 0.996641 -0.001724
vn 0.032113 0.999484 -0.000676
vn 0.032113 0.999484 -0.000676
vn -0.017741 0.999843 0.000373
vn -0.017741 0.999843 0.000373
vn -0.067546 0.997715 0.001422
vn -0.067546 0.997715 0.001422
vn -0.117179 0.993108 0.002467
vn -0.117179 0.993108 0.002467
vn -0.166526 0.986031 0.003506
vn -0.166526 0.986031 0.003506
vn -0.215464 0.976501 0.004536
vn -0.215464 0.976501 0.004536
vn -0.263851 0.964548 0.005555
vn -0.311594 0.950193 0.006560
vn -0.263851 0.964548 0.005555
vn -0.311594 0.950193 0.006560
vn -0.358567 0.933474 0.007549
vn -0.358567 0.933473 0.007549
vn -0.404627 0.914442 0.008518
vn -0.404627 0.914442 0.008518
vn -0.449714 0.893122 0.009468
vn -0.449699 0.893130 0.009467
vn -0.493649 0.869599 0.010393
vn -0.493649 0.869599 0.010393
vn -0.536394 0.843892 0.011293
vn -0.536376 0.843903 0.011292
vn -0.577764 0.816113 0.012163
vn -0.577746 0.816126 0.012164
vn -0.617725 0.786286 0.013006
vn -0.617707 0.786301 0.013004
vn -0.656135 0.754517 0.013813
vn -0.656135 0.754517 0.013813
vn -0.692909 0.720877 0.014587
vn -0.692929 0.720859 0.014589
vn -0.727987 0.685420 0.015327
vn -0.727967 0.685440 0.015325
vn -0.761243 0.648269 0.016026
vn -0.761243 0.648269 0.016026
vn -0.792600 0.609513 0.016686
vn -0.792600 0.609513 0.016686
vn -0.821982 0.569250 0.017305
vn -0.821982 0.569250 0.017305
vn -0.849334 0.527553 0.017880
vn -0.849334 0.527553 0.017880
vn -0.874557 0.484574 0.018411
vn -0.874557 0.484574 0.018411
vn -0.897627 0.440352 0.018897
vn -0.897626 0.440352 0.018897
vn -0.918456 0.395050 0.019336
vn -0.918470 0.395018 0.019338
vn -0.937006 0.348755 0.019728
vn -0.936994 0.348789 0.019726
vn -0.953218 0.301616 0.020067
vn -0.953218 0.301616 0.020067
vn -0.967065 0.253712 0.020359
vn -0.967066 0.253712 0.020359
vn -0.978504 0.205196 0.020600
vn -0.978504 0.205196 0.020600
vn -0.987515 0.156145 0.020789
vn -0.987515 0.156145 0.020789
vn -0.994070 0.106712 0.020927
vn -0.994070 0.106712 0.020927
vn -0.998150 0.057048 0.021013
vn -0.998150 0.057048 0.021013
vn -0.999753 0.007155 0.021047
vn -0.999753 0.007155 0.021047
vn -0.998868 -0.042662 0.021028
vn -0.998868 -0.042662 0.021028
vn -0.995501 -0.092401 0.020958
vn -0.995501 -0.092401 0.020958
vn -0.989655 -0.141950 0.020834
vn -0.989655 -0.141950 0.020834
vn -0.981357 -0.191078 0.020660
vn -0.981357 -0.191078 0.020660
vn -0.970611 -0.239785 0.020434
vn -0.970611 -0.239785 0.020434
vn -0.957455 -0.287879 0.020157
vn -0.957455 -0.287879 0.020157
vn -0.941921 -0.335250 0.019830
vn -0.941921 -0.335250 0.019830
vn -0.924036 -0.381810 0.019453
vn -0.924036 -0.381810 0.019453
vn -0.903870 -0.427384 0.019028
vn -0.903855 -0.427415 0.019030
vn -0.881431 -0.471949 0.018558
vn -0.881446 -0.471919 0.018556
vn -0.856837 -0.515272 0.018038
vn -0.856837 -0.515272 0.018038
vn -0.830088 -0.557359 0.017475
vn -0.830088 -0.557359 0.017475
vn -0.801272 -0.598063 0.016869
vn -0.801272 -0.598063 0.016869
vn -0.770464 -0.637277 0.016220
vn -0.770464 -0.637277 0.016220
vn -0.737774 -0.674869 0.015532
vn -0.737755 -0.674890 0.015533
vn -0.703212 -0.710826 0.014806
vn -0.703192 -0.710845 0.014804
vn -0.666919 -0.744998 0.014040
vn -0.666919 -0.744998 0.014040
vn -0.628959 -0.777325 0.013241
vn -0.628959 -0.777325 0.013241
vn -0.589428 -0.807726 0.012409
vn -0.589428 -0.807726 0.012409
vn -0.548456 -0.836100 0.011546
vn -0.548456 -0.836100 0.011546
vn -0.506096 -0.862411 0.010654
vn -0.506096 -0.862411 0.010654
vn -0.462500 -0.886566 0.009737
vn -0.462499 -0.886566 0.009737
vn -0.417723 -0.908532 0.008794
vn -0.417723 -0.908532 0.008794
vn -0.371956 -0.928217 0.007831
vn -0.371956 -0.928217 0.007831
vn -0.325214 -0.945616 0.006846
vn -0.325214 -0.945616 0.006846
vn -0.277687 -0.960654 0.005846
vn -0.229477 -0.973302 0.004831
vn -0.277697 -0.960651 0.005846
vn -0.229477 -0.973302 0.004831
vn -0.180687 -0.983533 0.003804
vn -0.180680 -0.983535 0.003804
vn -0.131443 -0.991320 0.002767
vn -0.131443 -0.991320 0.002767
vn -0.081873 -0.996641 0.001724
vn -0.081873 -0.996641 0.001724
vn -0.032113 -0.999484 0.000676
vn -0.032113 -0.999484 0.000676
vn 0.017741 -0.999843 -0.000373
vn 0.017741 -0.999843 -0.000373
vn 0.067546 -0.997715 -0.001422
vn 0.067546 -0.997715 -0.001422
vn 0.117179 -0.993108 -0.002467
vn 0.117179 -0.993108 -0.002467
vn 0.166530 -0.986030 -0.003506
vn 0.166526 -0.986031 -0.003506
vn 0.215456 -0.976503 -0.004536
vn 0.215464 -0.976501 -0.004536
vn 0.263856 -0.964546 -0.005555
vn 0.263856 -0.964546 -0.005555
vn 0.311594 -0.950193 -0.006560
vn 0.311594 -0.950193 -0.006560
vn 0.358561 -0.933476 -0.007549
vn 0.358561 -0.933476 -0.007549
vn 0.404634 -0.914439 -0.008519
vn 0.404635 -0.914439 -0.008519
vn 0.449707 -0.893126 -0.009467
vn 0.449699 -0.893130 -0.009468
vn 0.493649 -0.869599 -0.010392
vn 0.493649 -0.869599 -0.010392
vn 0.536376 -0.843903 -0.011292
vn 0.536385 -0.843898 -0.011292
vn 0.577764 -0.816113 -0.012163
vn 0.577755 -0.816119 -0.012164
vn 0.617716 -0.786294 -0.013004
vn 0.617716 -0.786294 -0.013004
vn 0.656126 -0.754525 -0.013814
vn 0.656135 -0.754517 -0.013813
vn 0.692929 -0.720859 -0.014588
vn 0.692919 -0.720868 -0.014588
vn 0.727977 -0.685430 -0.015326
vn 0.727986 -0.685420 -0.015326
vn 0.761233 -0.648280 -0.016026
vn 0.761233 -0.648280 -0.016026
vn 0.792600 -0.609513 -0.016687
vn 0.792600 -0.609513 -0.016687
vn 0.821982 -0.569250 -0.017305
vn 0.821982 -0.569250 -0.017305
vn 0.849334 -0.527553 -0.017881
vn 0.849334 -0.527553 -0.017881
vn 0.874565 -0.484559 -0.018412
vn 0.874565 -0.484559 -0.018412
vn 0.897627 -0.440352 -0.018898
vn 0.897626 -0.440352 -0.018898
vn 0.918456 -0.395050 -0.019336
vn 0.918463 -0.395034 -0.019336
vn 0.937006 -0.348755 -0.019726
vn 0.937000 -0.348772 -0.019727
vn 0.953218 -0.301616 -0.020068
vn 0.953218 -0.301616 -0.020068
vn 0.967061 -0.253730 -0.020360
vn 0.967065 -0.253712 -0.020359
vn 0.978508 -0.205178 -0.020600
vn 0.978504 -0.205196 -0.020601
vn 0.987512 -0.156164 -0.020790
vn 0.987515 -0.156145 -0.020789
vn 0.994070 -0.106711 -0.020927
vn 0.994070 -0.106712 -0.020927
vn 0.998151 -0.057029 -0.021013
vn 0.998151 -0.057028 -0.021013
vn 0.999753 -0.007174 -0.021047
vn 0.999753 -0.007193 -0.021048
vn 0.998868 0.042662 -0.021029
vn 0.998867 0.042681 -0.021028
vn 0.995499 0.092421 -0.020958
vn 0.995501 0.092401 -0.020959
vn 0.989657 0.141931 -0.020835
vn 0.989657 0.141931 -0.020835
vn 0.981357 0.191078 -0.020661
vn 0.981357 0.191078 -0.020661
vn 0.970606 0.239803 -0.020433
vn 0.970611 0.239785 -0.020434
vn 0.957454 0.287880 -0.020157
vn 0.957465 0.287845 -0.020159
vn 0.941909 0.335282 -0.019829
vn 0.941921 0.335248 -0.019831
vn 0.924050 0.381777 -0.019455
vn 0.924036 0.381810 -0.019453
vn 0.903855 0.427416 -0.019028
vn 0.903870 0.427385 -0.019030
vn 0.881446 0.471920 -0.018556
vn 0.881446 0.471920 -0.018556
vn 0.856819 0.515302 -0.018038
vn 0.856819 0.515302 -0.018038
vn 0.830088 0.557358 -0.017475
vn 0.830088 0.557358 -0.017475
vn 0.801272 0.598063 -0.016869
vn 0.801272 0.598063 -0.016869
vn 0.770484 0.637253 -0.016220
vn 0.770484 0.637253 -0.016220
vn 0.737755 0.674889 -0.015531
vn 0.737756 0.674889 -0.015531
vn 0.703212 0.710827 -0.014804
vn 0.703212 0.710826 -0.014804
vn 0.666901 0.745014 -0.014040
vn 0.666901 0.745014 -0.014040
vn 0.628956 0.777328 -0.013241
vn 0.628956 0.777328 -0.013241
vn 0.589447 0.807711 -0.012409
vn 0.589429 0.807725 -0.012410
vn 0.548453 0.836101 -0.011547
vn 0.548436 0.836113 -0.011546
vn 0.506097 0.862410 -0.010654
vn 0.506097 0.862410 -0.010654
vn 0.462500 0.886566 -0.009737
vn 0.462501 0.886566 -0.009737
vn 0.417738 0.908525 -0.008794
vn 0.417738 0.908525 -0.008794
vn 0.371942 0.928223 -0.007830
vn 0.371942 0.928223 -0.007830
vn 0.325223 0.945612 -0.006847
vn 0.325212 0.945616 -0.006847
vn 0.277699 0.960650 -0.005847
vn 0.277689 0.960653 -0.005846
vn 0.229474 0.973303 -0.004831
vn 0.229474 0.973303 -0.004831
vn 0.180683 0.983534 -0.003804
vn 0.180683 0.983534 -0.003804
vn 0.131442 0.991320 -0.002767
vn 0.131442 0.991320 -0.002767
vn 0.081877 0.996641 -0.001724
vn 0.081877 0.996641 -0.001724
vn 0.032112 0.999484 -0.000676
vn 0.032110 0.999484 -0.000676
vn -0.017741 0.999843 0.000373
vn -0.017741 0.999843 0.000374
vn -0.067543 0.997715 0.001422
vn -0.067543 0.997715 0.001422
vn -0.117185 0.993107 0.002467
vn -0.117185 0.993107 0.002467
vn -0.166525 0.986031 0.003506
vn -0.166525 0.986031 0.003506
vn -0.215459 0.976502 0.004536
vn -0.215459 0.976502 0.004536
vn -0.263857 0.964546 0.005555
vn -0.311595 0.950192 0.006560
vn -0.263857 0.964546 0.005555
vn -0.311583 0.950196 0.006560
vn -0.358552 0.933479 0.007548
vn -0.358565 0.933474 0.007549
vn -0.404647 0.914434 0.008519
vn -0.404632 0.914440 0.008518
vn -0.449695 0.893132 0.009467
vn -0.449711 0.893124 0.009468
vn -0.493651 0.869598 0.010392
vn -0.493651 0.869598 0.010392
vn -0.536379 0.843902 0.011292
vn -0.536379 0.843902 0.011292
vn -0.577759 0.816117 0.012163
vn -0.577759 0.816116 0.012163
vn -0.617707 0.786301 0.013004
vn -0.617707 0.786301 0.013004
vn -0.656134 0.754518 0.013813
vn -0.656134 0.754518 0.013813
vn -0.692930 0.720857 0.014588
vn -0.692930 0.720857 0.014588
vn -0.727969 0.685439 0.015325
vn -0.727988 0.685419 0.015327
vn -0.761241 0.648271 0.016027
vn -0.761222 0.648293 0.016025
vn -0.792602 0.609511 0.016686
vn -0.792602 0.609511 0.016686
vn -0.821981 0.569252 0.017305
vn -0.821981 0.569252 0.017305
vn -0.849336 0.527550 0.017880
vn -0.849336 0.527550 0.017880
vn -0.874572 0.484546 0.018412
vn -0.874572 0.484546 0.018412
vn -0.897627 0.440351 0.018897
vn -0.897627 0.440351 0.018897
vn -0.918456 0.395050 0.019336
vn -0.918456 0.395049 0.019336
vn -0.936994 0.348789 0.019726
vn -0.937006 0.348756 0.019728
vn -0.953218 0.301616 0.020069
vn -0.953218 0.301616 0.020069
vn -0.967056 0.253748 0.020361
vn -0.967066 0.253712 0.020359
vn -0.978504 0.205196 0.020600
vn -0.978512 0.205159 0.020602
vn -0.987515 0.156146 0.020791
vn -0.987515 0.156146 0.020791
vn -0.994070 0.106711 0.020929
vn -0.994066 0.106749 0.020927
vn -0.998152 0.057010 0.021013
vn -0.998152 0.057010 0.021013
vn -0.999753 0.007193 0.021047
vn -0.999753 0.007193 0.021047
vn -0.998868 -0.042662 0.021028
vn -0.998868 -0.042662 0.021028
vn -0.995501 -0.092401 0.020958
vn -0.995501 -0.092401 0.020958
vn -0.989655 -0.141949 0.020834
vn -0.989655 -0.141950 0.020834
vn -0.981357 -0.191079 0.020660
vn -0.981357 -0.191079 0.020660
vn -0.970611 -0.239784 0.020434
vn -0.970611 -0.239784 0.020434
vn -0.957454 -0.287880 0.020157
vn -0.957454 -0.287880 0.020157
vn -0.941921 -0.335248 0.019830
vn -0.941909 -0.335282 0.019831
vn -0.924036 -0.381810 0.019455
vn -0.924050 -0.381777 0.019453
vn -0.903870 -0.427385 0.019028
vn -0.903855 -0.427416 0.019030
vn -0.881430 -0.471950 0.018558
vn -0.881446 -0.471920 0.018556
vn -0.856837 -0.515271 0.018038
vn -0.856820 -0.515299 0.018040
vn -0.830070 -0.557385 0.017476
vn -0.830088 -0.557358 0.017475
vn -0.801289 -0.598040 0.016869
vn -0.801270 -0.598065 0.016870
vn -0.770465 -0.637276 0.016222
vn -0.770484 -0.637253 0.016220
vn -0.737756 -0.674889 0.015531
vn -0.737755 -0.674889 0.015531
vn -0.703214 -0.710824 0.014804
vn -0.703214 -0.710824 0.014804
vn -0.666917 -0.745000 0.014040
vn -0.666917 -0.744999 0.014040
vn -0.628938 -0.777343 0.013242
vn -0.628956 -0.777328 0.013241
vn -0.589444 -0.807714 0.012409
vn -0.589426 -0.807727 0.012410
vn -0.548442 -0.836109 0.011547
vn -0.548460 -0.836097 0.011546
vn -0.506114 -0.862401 0.010655
vn -0.506097 -0.862410 0.010655
vn -0.462481 -0.886576 0.009736
vn -0.462481 -0.886576 0.009736
vn -0.417738 -0.908525 0.008794
vn -0.417738 -0.908525 0.008794
vn -0.371938 -0.928225 0.007830
vn -0.371938 -0.928225 0.007830
vn -0.325228 -0.945611 0.006847
vn -0.325228 -0.945611 0.006847
vn -0.277689 -0.960653 0.005846
vn -0.229478 -0.973302 0.004831
vn -0.277689 -0.960653 0.005846
vn -0.229478 -0.973302 0.004831
vn -0.180674 -0.983536 0.003804
vn -0.180681 -0.983534 0.003804
vn -0.131447 -0.991319 0.002767
vn -0.131442 -0.991320 0.002767
vn -0.081882 -0.996641 0.001724
vn -0.081882 -0.996641 0.001724
vn -0.032107 -0.999484 0.000676
vn -0.032107 -0.999484 0.000676
vn 0.017736 -0.999843 -0.000373
vn 0.017736 -0.999843 -0.000373
vn 0.067550 -0.997715 -0.001422
vn 0.067550 -0.997715 -0.001422
vn 0.117180 -0.993108 -0.002467
vn 0.117180 -0.993108 -0.002467
vn 0.166525 -0.986031 -0.003506
vn 0.166525 -0.986031 -0.003506
vn 0.215459 -0.976502 -0.004536
vn 0.215459 -0.976502 -0.004536
vn 0.263853 -0.964547 -0.005555
vn 0.263853 -0.964547 -0.005555
vn 0.311599 -0.950191 -0.006560
vn 0.311599 -0.950191 -0.006560
vn 0.358552 -0.933479 -0.007549
vn 0.358565 -0.933474 -0.007549
vn 0.404647 -0.914433 -0.008519
vn 0.404632 -0.914440 -0.008519
vn 0.449695 -0.893132 -0.009467
vn 0.449695 -0.893132 -0.009467
vn 0.493647 -0.869600 -0.010392
vn 0.493647 -0.869600 -0.010392
vn 0.536382 -0.843900 -0.011292
vn 0.536382 -0.843900 -0.011292
vn 0.577759 -0.816116 -0.012163
vn 0.577759 -0.816116 -0.012163
vn 0.617726 -0.786286 -0.013005
vn 0.617726 -0.786286 -0.013005
vn 0.656134 -0.754518 -0.013813
vn 0.656134 -0.754518 -0.013813
vn 0.692913 -0.720873 -0.014587
vn 0.692913 -0.720873 -0.014587
vn 0.727985 -0.685421 -0.015326
vn 0.727985 -0.685421 -0.015326
vn 0.761222 -0.648293 -0.016027
vn 0.761241 -0.648271 -0.016026
vn 0.792602 -0.609511 -0.016686
vn 0.792583 -0.609535 -0.016687
vn 0.821981 -0.569252 -0.017306
vn 0.821999 -0.569226 -0.017305
vn 0.849336 -0.527550 -0.017880
vn 0.849319 -0.527578 -0.017882
vn 0.874572 -0.484546 -0.018412
vn 0.874572 -0.484546 -0.018412
vn 0.897626 -0.440353 -0.018897
vn 0.897626 -0.440353 -0.018897
vn 0.918456 -0.395049 -0.019336
vn 0.918456 -0.395049 -0.019336
vn 0.937007 -0.348754 -0.019726
vn 0.937007 -0.348754 -0.019726
vn 0.953218 -0.301616 -0.020067
vn 0.953218 -0.301616 -0.020067
vn 0.967065 -0.253713 -0.020359
vn 0.967056 -0.253749 -0.020361
vn 0.978504 -0.205195 -0.020602
vn 0.978512 -0.205158 -0.020600
vn 0.987515 -0.156146 -0.020789
vn 0.987515 -0.156146 -0.020789
vn 0.994070 -0.106711 -0.020927
vn 0.994070 -0.106711 -0.020927
vn 0.998150 -0.057048 -0.021013
vn 0.998150 -0.057048 -0.021013
vn 0.999753 -0.007193 -0.021047
vn 0.999753 -0.007193 -0.021047
vn 0.998867 0.042700 -0.021028
vn 0.998868 0.042661 -0.021030
vn 0.995501 0.092402 -0.020959
vn 0.995498 0.092439 -0.020957
vn 0.989660 0.141913 -0.020835
vn 0.989660 0.141913 -0.020835
vn 0.981350 0.191115 -0.020660
vn 0.981350 0.191115 -0.020660
vn 0.970611 0.239784 -0.020434
vn 0.970611 0.239784 -0.020434
f 1//1 2//1 3//1
f 3//2 2//2 4//2
f 5//3 6//3 7//3
f 8//4 6//4 5//4
f 8//5 9//5 6//5
f 10//6 5//6 7//6
f 10//7 7//7 11//7
f 12//8 9//8 8//8
f 12//9 13//9 9//9
f 14//10 11//10 15//10
f 14//11 10//11 11//11
f 16//12 13//12 12//12
f 16//13 17//13 13//13
f 18//14 14//14 15//14
f 18//15 15//15 19//15
f 20//16 21//16 17//16
f 20//17 17//17 16//17
f 22//18 19//18 23//18
f 22//19 18//19 19//19
f 24//20 25//20 21//20
f 24//21 21//21 20//21
f 26//22 23//22 27//22
f 26//23 22//23 23//23
f 28//24 29//24 25//24
f 28//25 25//25 24//25
f 30//26 27//26 31//26
f 30//27 26//27 27//27
f 32//28 33//28 29//28
f 32//29 29//29 28//29
f 34//30 30//30 31//30
f 34//31 31//31 35//31
f 36//32 37//32 33//32
f 36//33 33//33 32//33
f 38//34 34//34 35//34
f 38//35 35//35 39//35
f 40//36 37//36 36//36
f 40//37 41//37 37//37
f 42//38 38//38 39//38
f 42//39 39//39 43//39
f 44//40 41//40 40//40
f 44//41 45//41 41//41
f 46//42 43//42 47//42
f 46//43 42//43 43//43
f 48//44 49//44 45//44
f 48//45 45//45 44//45
f 50//46 46//46 47//46
f 50//47 47//47 51//47
f 52//48 53//48 49//48
f 52//49 49//49 48//49
f 54//50 51//50 55//50
f 54//51 50//51 51//51
f 56//52 57//52 53//52
f 56//53 53//53 52//53
f 58//54 55//54 59//54
f 58//55 54//55 55//55
f 60//56 57//56 56//56
f 60//57 61//57 57//57
f 62//58 59//58 63//58
f 62//59 58//59 59//59
f 64//60 61//60 60//60
f 64//61 65//61 61//61
f 66//62 63//62 1//62
f 66//63 62//63 63//63
f 67//64 68//64 69//64
f 67//65 65//65 64//65
f 67//66 69//66 65//66
f 70//67 66//67 1//67
f 71//68 72//68 68//68
f 71//69 68//69 67//69
f 73//70 70//70 1//70
f 74//71 75//71 72//71
f 74//72 72//72 71//72
f 76//73 73//73 1//73
f 77//74 78//74 75//74
f 77//75 75//75 74//75
f 79//76 76//76 1//76
f 80//77 81//77 78//77
f 80//78 78//78 77//78
f 82//79 79//79 1//79
f 83//80 84//80 81//80
f 83//81 81//81 80//81
f 85//82 82//82 1//82
f 86//83 87//83 84//83
f 86//84 84//84 83//84
f 88//85 85//85 1//85
f 89//86 90//86 87//86
f 89//87 87//87 86//87
f 91//88 88//88 1//88
f 92//89 93//89 90//89
f 92//90 90//90 89//90
f 94//91 91//91 1//91
f 95//92 96//92 93//92
f 95//93 93//93 92//93
f 97//94 94//94 1//94
f 98//95 99//95 96//95
f 98//96 96//96 95//96
f 100//97 97//97 1//97
f 101//98 102//98 99//98
f 101//99 99//99 98//99
f 103//100 100//100 1//100
f 104//101 105//101 102//101
f 104//102 102//102 101//102
f 106//103 103//103 1//103
f 107//104 108//104 105//104
f 107//105 105//105 104//105
f 109//106 106//106 1//106
f 110//107 108//107 107//107
f 111//108 108//108 110//108
f 112//109 109//109 1//109
f 113//110 111//110 110//110
f 114//111 112//111 1//111
f 115//112 111//112 113//112
f 116//113 115//113 113//113
f 117//114 115//114 116//114
f 117//115 116//115 118//115
f 119//116 118//116 120//116
f 119//117 117//117 118//117
f 121//118 119//118 120//118
f 121//119 120//119 122//119
f 123//120 121//120 122//120
f 123//121 122//121 124//121
f 125//122 123//122 124//122
f 125//123 124//123 126//123
f 127//124 125//124 126//124
f 127//125 126//125 128//125
f 129//126 128//126 130//126
f 129//127 127//127 128//127
f 131//128 130//128 132//128
f 131//129 129//129 130//129
f 133//130 131//130 132//130
f 133//131 132//131 134//131
f 135//132 134//132 136//132
f 135//133 133//133 134//133
f 137//134 136//134 138//134
f 137//135 135//135 136//135
f 139//136 138//136 140//136
f 139//137 137//137 138//137
f 141//138 140//138 142//138
f 141//139 139//139 140//139
f 143//140 142//140 144//140
f 143//141 141//141 142//141
f 145//142 144//142 146//142
f 145//143 143//143 144//143
f 147//144 145//144 146//144
f 147//145 146//145 148//145
f 147//146 148//146 149//146
f 147//147 149//147 150//147
f 147//148 150//148 151//148
f 147//149 151//149 152//149
f 147//150 152//150 153//150
f 147//151 153//151 154//151
f 147//152 154//152 155//152
f 147//153 155//153 156//153
f 147//154 156//154 157//154
f 147//155 157//155 158//155
f 147//156 158//156 159//156
f 147//157 159//157 160//157
f 147//158 160//158 161//158
f 147//159 161//159 162//159
f 147//160 162//160 163//160
f 164//161 165//161 114//161
f 164//162 1//162 3//162
f 164//163 114//163 1//163
f 166//164 165//164 164//164
f 167//165 164//165 3//165
f 168//166 169//166 170//166
f 168//167 170//167 165//167
f 168//168 165//168 166//168
f 171//169 167//169 3//169
f 172//170 169//170 168//170
f 173//171 171//171 3//171
f 174//172 175//172 169//172
f 174//173 169//173 172//173
f 176//174 173//174 3//174
f 177//175 178//175 179//175
f 177//176 179//176 175//176
f 177//177 175//177 174//177
f 180//178 176//178 3//178
f 181//179 182//179 178//179
f 181//180 178//180 177//180
f 183//181 180//181 3//181
f 184//182 182//182 181//182
f 184//183 185//183 182//183
f 186//184 183//184 3//184
f 187//185 185//185 184//185
f 187//186 188//186 185//186
f 189//187 186//187 3//187
f 190//188 188//188 187//188
f 191//189 189//189 3//189
f 192//190 188//190 190//190
f 192//191 193//191 194//191
f 192//192 194//192 188//192
f 195//193 191//193 3//193
f 196//194 193//194 192//194
f 197//195 195//195 3//195
f 198//196 193//196 196//196
f 198//197 199//197 193//197
f 200//198 197//198 3//198
f 201//199 199//199 198//199
f 201//200 202//200 203//200
f 201//201 203//201 199//201
f 204//202 200//202 3//202
f 205//203 202//203 201//203
f 205//204 206//204 202//204
f 207//205 204//205 3//205
f 208//206 206//206 205//206
f 208//207 209//207 206//207
f 210//208 207//208 3//208
f 211//209 209//209 208//209
f 212//210 210//210 3//210
f 212//211 3//211 213//211
f 214//212 209//212 211//212
f 214//213 215//213 216//213
f 214//214 216//214 209//214
f 217//215 213//215 218//215
f 217//216 212//216 213//216
f 219//217 215//217 214//217
f 220//218 218//218 221//218
f 220//219 217//219 218//219
f 222//220 215//220 219//220
f 222//221 223//221 215//221
f 224//222 220//222 221//222
f 224//223 221//223 225//223
f 226//224 223//224 222//224
f 226//225 227//225 223//225
f 228//226 225//226 229//226
f 228//227 224//227 225//227
f 230//228 227//228 226//228
f 230//229 231//229 232//229
f 230//230 232//230 227//230
f 233//231 229//231 234//231
f 233//232 228//232 229//232
f 235//233 231//233 230//233
f 236//234 234//234 237//234
f 236//235 233//235 234//235
f 238//236 231//236 235//236
f 238//237 239//237 240//237
f 238//238 240//238 231//238
f 241//239 237//239 242//239
f 241//240 236//240 237//240
f 243//241 239//241 238//241
f 244//242 242//242 245//242
f 244//243 241//243 242//243
f 246//244 239//244 243//244
f 246//245 247//245 239//245
f 248//246 245//246 249//246
f 248//247 244//247 245//247
f 250//248 251//248 247//248
f 250//249 247//249 246//249
f 252//250 248//250 249//250
f 252//251 249//251 253//251
f 254//252 251//252 250//252
f 254//253 255//253 256//253
f 254//254 256//254 251//254
f 257//255 253//255 258//255
f 257//256 252//256 253//256
f 259//257 255//257 254//257
f 260//258 258//258 261//258
f 260//259 257//259 258//259
f 262//260 263//260 255//260
f 262//261 255//261 259//261
f 264//262 261//262 265//262
f 264//263 260//263 261//263
f 266//264 263//264 262//264
f 266//265 267//265 263//265
f 268//266 264//266 265//266
f 269//267 268//267 265//267
f 270//268 267//268 266//268
f 270//269 271//269 267//269
f 272//270 268//270 269//270
f 273//271 271//271 270//271
f 273//272 147//272 163//272
f 273//273 163//273 271//273
f 274//274 272//274 269//274
f 275//275 272//275 274//275
f 276//276 275//276 274//276
f 276//277 277//277 275//277
f 278//278 277//278 276//278
f 278//279 279//279 277//279
f 280//280 281//280 279//280
f 280//281 279//281 278//281
f 282//282 283//282 281//282
f 282//283 281//283 280//283
f 284//284 285//284 283//284
f 284//285 283//285 282//285
f 286//286 287//286 285//286
f 286//287 285//287 284//287
f 288//288 289//288 287//288
f 288//289 287//289 286//289
f 290//290 291//290 289//290
f 290//291 289//291 288//291
f 292//292 293//292 291//292
f 292//293 291//293 290//293
f 294//294 295//294 293//294
f 294//295 293//295 292//295
f 296//296 297//296 295//296
f 296//297 295//297 294//297
f 298//298 297//298 296//298
f 298//299 299//299 297//299
f 300//300 301//300 299//300
f 300//301 299//301 298//301
f 302//302 303//302 301//302
f 302//303 301//303 300//303
f 304//304 305//304 303//304
f 304//305 303//305 302//305
f 306//306 273//306 307//306
f 306//307 307//307 308//307
f 306//308 308//308 309//308
f 306//309 309//309 310//309
f 306//310 310//310 311//310
f 306//311 311//311 312//311
f 306//312 312//312 313//312
f 306//313 313//313 314//313
f 306//314 314//314 315//314
f 306//315 315//315 316//315
f 306//316 316//316 317//316
f 306//317 317//317 318//317
f 306//318 318//318 319//318
f 306//319 319//319 320//319
f 306//320 320//320 321//320
f 306//321 147//321 273//321
f 306//322 321//322 322//322
f 323//323 324//323 305//323
f 323//324 305//324 304//324
f 325//325 306//325 322//325
f 325//326 322//326 326//326
f 327//327 328//327 324//327
f 327//328 324//328 323//328
f 329//329 325//329 326//329
f 329//330 326//330 330//330
f 331//331 332//331 328//331
f 331//332 328//332 327//332
f 333//333 329//333 330//333
f 333//334 330//334 334//334
f 335//335 332//335 331//335
f 335//336 336//336 332//336
f 337//337 333//337 334//337
f 337//338 334//338 338//338
f 339//339 340//339 336//339
f 339//340 336//340 335//340
f 341//341 337//341 338//341
f 341//342 338//342 342//342
f 343//343 344//343 340//343
f 343//344 340//344 339//344
f 345//345 341//345 342//345
f 345//346 342//346 346//346
f 347//347 348//347 344//347
f 347//348 344//348 343//348
f 349//349 346//349 350//349
f 349//350 345//350 346//350
f 351//351 352//351 348//351
f 351//352 348//352 347//352
f 353//353 349//353 350//353
f 353//354 350//354 354//354
f 355//355 356//355 352//355
f 355//356 352//356 351//356
f 357//357 353//357 354//357
f 357//358 354//358 358//358
f 359//359 360//359 356//359
f 359//360 356//360 355//360
f 361//361 357//361 358//361
f 361//362 358//362 362//362
f 363//363 364//363 360//363
f 363//364 360//364 359//364
f 365//365 361//365 362//365
f 365//366 362//366 366//366
f 367//367 368//367 364//367
f 367//368 364//368 363//368
f 369//369 365//369 366//369
f 369//370 366//370 370//370
f 371//371 372//371 368//371
f 371//372 368//372 367//372
f 373//373 369//373 370//373
f 373//374 370//374 374//374
f 375//375 376//375 372//375
f 375//376 372//376 371//376
f 377//377 373//377 374//377
f 377//378 374//378 378//378
f 379//379 380//379 376//379
f 379//380 376//380 375//380
f 381//381 377//381 378//381
f 381//382 378//382 382//382
f 383//383 382//383 380//383
f 383//384 380//384 379//384
f 383//385 381//385 382//385
f 384//386 2//386 1//386
f 384//387 1//387 63//387
f 385//388 63//388 59//388
f 385//389 384//389 63//389
f 386//390 59//390 55//390
f 386//391 385//391 59//391
f 387//392 55//392 51//392
f 387//393 386//393 55//393
f 388//394 51//394 47//394
f 388//395 387//395 51//395
f 389//396 47//396 43//396
f 389//397 388//397 47//397
f 390//398 43//398 39//398
f 390//399 389//399 43//399
f 391//400 39//400 35//400
f 391//401 390//401 39//401
f 392//402 35//402 31//402
f 392//403 391//403 35//403
f 393//404 31//404 27//404
f 393//405 392//405 31//405
f 394//406 27//406 23//406
f 394//407 393//407 27//407
f 395//408 23//408 19//408
f 395//409 19//409 15//409
f 395//410 394//410 23//410
f 396//411 395//411 15//411
f 397//412 15//412 11//412
f 397//413 396//413 15//413
f 398//414 11//414 7//414
f 398//415 397//415 11//415
f 399//416 7//416 6//416
f 399//417 398//417 7//417
f 400//418 6//418 9//418
f 400//419 399//419 6//419
f 401//420 400//420 9//420
f 401//421 9//421 13//421
f 402//422 401//422 13//422
f 402//423 13//423 17//423
f 402//424 17//424 21//424
f 403//425 402//425 21//425
f 404//426 403//426 21//426
f 404//427 21//427 25//427
f 405//428 404//428 25//428
f 405//429 25//429 29//429
f 406//430 405//430 29//430
f 406//431 29//431 33//431
f 407//432 406//432 33//432
f 407//433 33//433 37//433
f 407//434 37//434 41//434
f 408//435 407//435 41//435
f 409//436 408//436 41//436
f 409//437 41//437 45//437
f 410//438 409//438 45//438
f 410//439 45//439 49//439
f 410//440 49//440 53//440
f 411//441 410//441 53//441
f 411//442 53//442 57//442
f 412//443 411//443 57//443
f 413//444 412//444 57//444
f 413//445 57//445 61//445
f 414//446 413//446 61//446
f 414//447 61//447 65//447
f 415//448 414//448 65//448
f 415//449 65//449 69//449
f 416//450 415//450 69//450
f 416//451 69//451 68//451
f 417//452 68//452 72//452
f 417//453 416//453 68//453
f 418//454 72//454 75//454
f 418//455 417//455 72//455
f 419//456 75//456 78//456
f 419//457 78//457 81//457
f 419//458 418//458 75//458
f 420//459 81//459 84//459
f 420//460 419//460 81//460
f 421//461 420//461 84//461
f 422//462 84//462 87//462
f 422//463 87//463 90//463
f 422//464 421//464 84//464
f 423//465 422//465 90//465
f 424//466 90//466 93//466
f 424//467 93//467 96//467
f 424//468 423//468 90//468
f 425//469 424//469 96//469
f 426//470 425//470 96//470
f 426//471 96//471 99//471
f 426//472 99//472 102//472
f 427//473 426//473 102//473
f 428//474 427//474 102//474
f 428//475 102//475 105//475
f 429//476 428//476 105//476
f 429//477 105//477 108//477
f 430//478 429//478 108//478
f 430//479 108//479 111//479
f 431//480 430//480 111//480
f 431//481 111//481 115//481
f 431//482 115//482 117//482
f 432//483 431//483 117//483
f 433//484 432//484 117//484
f 433//485 117//485 119//485
f 433//486 119//486 121//486
f 434//487 433//487 121//487
f 434//488 121//488 123//488
f 435//489 434//489 123//489
f 436//490 435//490 123//490
f 436//491 123//491 125//491
f 436//492 125//492 127//492
f 437//493 436//493 127//493
f 438//494 437//494 127//494
f 438//495 127//495 129//495
f 438//496 129//496 131//496
f 439//497 438//497 131//497
f 440//498 439//498 131//498
f 440//499 131//499 133//499
f 441//500 440//500 133//500
f 441//501 133//501 135//501
f 441//502 135//502 137//502
f 442//503 441//503 137//503
f 443//504 442//504 137//504
f 443//505 137//505 139//505
f 443//506 139//506 141//506
f 444//507 443//507 141//507
f 445//508 444//508 141//508
f 445//509 141//509 143//509
f 445//510 143//510 145//510
f 446//511 445//511 145//511
f 447//512 446//512 145//512
f 447//513 145//513 147//513
f 448//514 449//514 450//514
f 451//515 449//515 448//515
f 451//516 452//516 449//516
f 453//517 448//517 450//517
f 453//518 450//518 454//518
f 455//519 456//519 452//519
f 455//520 452//520 451//520
f 457//521 453//521 454//521
f 457//522 454//522 458//522
f 459//523 460//523 456//523
f 459//524 456//524 455//524
f 461//525 458//525 462//525
f 461//526 457//526 458//526
f 463//527 464//527 460//527
f 463//528 460//528 459//528
f 465//529 462//529 466//529
f 465//530 461//530 462//530
f 467//531 468//531 464//531
f 467//532 464//532 463//532
f 469//533 465//533 466//533
f 469//534 466//534 470//534
f 471//535 472//535 468//535
f 471//536 468//536 467//536
f 473//537 470//537 474//537
f 473//538 469//538 470//538
f 475//539 476//539 472//539
f 475//540 472//540 471//540
f 477//541 474//541 478//541
f 477//542 473//542 474//542
f 479//543 480//543 476//543
f 479//544 476//544 475//544
f 481//545 478//545 482//545
f 481//546 477//546 478//546
f 483//547 484//547 480//547
f 483//548 480//548 479//548
f 485//549 482//549 486//549
f 485//550 481//550 482//550
f 487//551 484//551 483//551
f 487//552 488//552 484//552
f 489//553 485//553 486//553
f 489//554 486//554 490//554
f 491//555 492//555 488//555
f 491//556 488//556 487//556
f 493//557 490//557 494//557
f 493//558 489//558 490//558
f 495//559 492//559 491//559
f 495//560 496//560 492//560
f 497//561 494//561 498//561
f 497//562 493//562 494//562
f 499//563 496//563 495//563
f 499//564 500//564 496//564
f 501//565 498//565 502//565
f 501//566 497//566 498//566
f 503//567 504//567 500//567
f 503//568 500//568 499//568
f 505//569 501//569 502//569
f 505//570 502//570 506//570
f 507//571 504//571 503//571
f 507//572 508//572 504//572
f 509//573 505//573 506//573
f 509//574 506//574 4//574
f 510//575 508//575 507//575
f 510//576 511//576 508//576
f 512//577 509//577 4//577
f 513//578 511//578 510//578
f 513//579 514//579 511//579
f 515//580 512//580 4//580
f 516//581 514//581 513//581
f 516//582 517//582 514//582
f 518//583 515//583 4//583
f 519//584 520//584 517//584
f 519//585 517//585 516//585
f 521//586 518//586 4//586
f 522//587 523//587 520//587
f 522//588 520//588 519//588
f 524//589 521//589 4//589
f 525//590 523//590 522//590
f 525//591 526//591 523//591
f 527//592 524//592 4//592
f 528//593 529//593 526//593
f 528//594 526//594 525//594
f 530//595 527//595 4//595
f 531//596 532//596 529//596
f 531//597 529//597 528//597
f 533//598 530//598 4//598
f 534//599 535//599 532//599
f 534//600 532//600 531//600
f 536//601 533//601 4//601
f 537//602 538//602 535//602
f 537//603 535//603 534//603
f 539//604 536//604 4//604
f 540//605 541//605 538//605
f 540//606 538//606 537//606
f 542//607 539//607 4//607
f 543//608 544//608 541//608
f 543//609 541//609 540//609
f 545//610 542//610 4//610
f 546//611 547//611 544//611
f 546//612 544//612 543//612
f 548//613 545//613 4//613
f 549//614 550//614 547//614
f 549//615 547//615 546//615
f 551//616 548//616 4//616
f 552//617 553//617 550//617
f 552//618 550//618 549//618
f 554//619 551//619 4//619
f 555//620 553//620 552//620
f 556//621 553//621 555//621
f 557//622 554//622 4//622
f 558//623 556//623 555//623
f 559//624 556//624 558//624
f 560//625 559//625 558//625
f 561//626 559//626 560//626
f 561//627 560//627 562//627
f 563//628 561//628 562//628
f 563//629 562//629 564//629
f 565//630 563//630 564//630
f 565//631 564//631 566//631
f 567//632 565//632 566//632
f 567//633 566//633 568//633
f 569//634 567//634 568//634
f 569//635 568//635 570//635
f 571//636 569//636 570//636
f 571//637 570//637 572//637
f 573//638 571//638 572//638
f 573//639 572//639 574//639
f 575//640 573//640 574//640
f 575//641 574//641 576//641
f 577//642 576//642 578//642
f 577//643 575//643 576//643
f 579//644 578//644 580//644
f 579//645 577//645 578//645
f 581//646 580//646 582//646
f 581//647 579//647 580//647
f 583//648 581//648 582//648
f 583//649 582//649 584//649
f 585//650 583//650 584//650
f 585//651 584//651 586//651
f 587//652 585//652 586//652
f 587//653 586//653 588//653
f 589//654 590//654 591//654
f 589//655 592//655 590//655
f 589//656 593//656 592//656
f 589//657 594//657 593//657
f 589//658 595//658 594//658
f 589//659 596//659 595//659
f 589//660 597//660 596//660
f 589//661 598//661 597//661
f 589//662 599//662 598//662
f 589//663 600//663 599//663
f 589//664 601//664 600//664
f 589//665 587//665 588//665
f 589//666 602//666 601//666
f 589//667 603//667 602//667
f 589//668 604//668 603//668
f 589//669 605//669 604//669
f 589//670 588//670 605//670
f 606//671 4//671 2//671
f 606//672 557//672 4//672
f 607//673 557//673 606//673
f 607//674 608//674 557//674
f 609//675 606//675 2//675
f 610//676 611//676 608//676
f 610//677 608//677 607//677
f 612//678 609//678 2//678
f 613//679 611//679 610//679
f 613//680 614//680 611//680
f 615//681 612//681 2//681
f 616//682 617//682 614//682
f 616//683 614//683 613//683
f 618//684 615//684 2//684
f 619//685 617//685 616//685
f 619//686 620//686 617//686
f 621//687 618//687 2//687
f 622//688 623//688 620//688
f 622//689 620//689 619//689
f 624//690 621//690 2//690
f 625//691 626//691 623//691
f 625//692 623//692 622//692
f 627//693 624//693 2//693
f 628//694 626//694 625//694
f 628//695 629//695 626//695
f 630//696 627//696 2//696
f 631//697 632//697 629//697
f 631//698 629//698 628//698
f 633//699 630//699 2//699
f 634//700 635//700 632//700
f 634//701 632//701 631//701
f 636//702 633//702 2//702
f 637//703 638//703 635//703
f 637//704 635//704 634//704
f 639//705 636//705 2//705
f 640//706 638//706 637//706
f 640//707 641//707 638//707
f 642//708 639//708 2//708
f 643//709 644//709 641//709
f 643//710 641//710 640//710
f 645//711 642//711 2//711
f 646//712 644//712 643//712
f 646//713 647//713 644//713
f 648//714 645//714 2//714
f 649//715 647//715 646//715
f 649//716 650//716 647//716
f 651//717 648//717 2//717
f 652//718 650//718 649//718
f 652//719 653//719 650//719
f 654//720 651//720 2//720
f 654//721 2//721 384//721
f 655//722 653//722 652//722
f 655//723 656//723 653//723
f 657//724 654//724 384//724
f 657//725 384//725 385//725
f 658//726 659//726 656//726
f 658//727 656//727 655//727
f 660//728 657//728 385//728
f 660//729 385//729 386//729
f 661//730 662//730 659//730
f 661//731 659//731 658//731
f 663//732 660//732 386//732
f 663//733 386//733 387//733
f 664//734 665//734 662//734
f 664//735 662//735 661//735
f 666//736 663//736 387//736
f 666//737 387//737 388//737
f 667//738 668//738 665//738
f 667//739 665//739 664//739
f 669//740 666//740 388//740
f 669//741 388//741 389//741
f 670//742 671//742 668//742
f 670//743 668//743 667//743
f 672//744 669//744 389//744
f 672//745 389//745 390//745
f 673//746 674//746 671//746
f 673//747 671//747 670//747
f 675//748 672//748 390//748
f 675//749 390//749 391//749
f 676//750 674//750 673//750
f 676//751 677//751 674//751
f 678//752 675//752 391//752
f 678//753 391//753 392//753
f 679//754 680//754 677//754
f 679//755 681//755 680//755
f 679//756 677//756 676//756
f 682//757 678//757 392//757
f 682//758 392//758 393//758
f 683//759 681//759 679//759
f 684//760 682//760 393//760
f 684//761 393//761 394//761
f 685//762 686//762 681//762
f 685//763 681//763 683//763
f 687//764 394//764 395//764
f 687//765 684//765 394//765
f 688//766 689//766 686//766
f 688//767 686//767 685//767
f 690//768 395//768 396//768
f 690//769 687//769 395//769
f 691//770 692//770 689//770
f 691//771 689//771 688//771
f 693//772 396//772 397//772
f 693//773 690//773 396//773
f 694//774 695//774 692//774
f 694//775 692//775 691//775
f 696//776 397//776 398//776
f 696//777 693//777 397//777
f 697//778 698//778 695//778
f 697//779 695//779 694//779
f 699//780 696//780 398//780
f 399//781 699//781 398//781
f 700//782 591//782 698//782
f 700//783 698//783 697//783
f 701//784 699//784 399//784
f 400//785 701//785 399//785
f 702//786 701//786 400//786
f 401//787 702//787 400//787
f 401//788 703//788 702//788
f 402//789 703//789 401//789
f 402//790 704//790 703//790
f 403//791 704//791 402//791
f 403//792 705//792 704//792
f 404//793 705//793 403//793
f 404//794 706//794 705//794
f 405//795 706//795 404//795
f 405//796 707//796 706//796
f 406//797 707//797 405//797
f 406//798 708//798 707//798
f 407//799 709//799 708//799
f 407//800 708//800 406//800
f 408//801 709//801 407//801
f 408//802 710//802 709//802
f 409//803 711//803 710//803
f 409//804 710//804 408//804
f 410//805 712//805 711//805
f 410//806 711//806 409//806
f 411//807 713//807 712//807
f 411//808 712//808 410//808
f 412//809 713//809 411//809
f 412//810 714//810 713//810
f 413//811 714//811 412//811
f 413//812 715//812 714//812
f 414//813 715//813 413//813
f 414//814 716//814 715//814
f 447//815 589//815 591//815
f 447//816 717//816 718//816
f 447//817 719//817 717//817
f 447//818 720//818 719//818
f 447//819 721//819 720//819
f 447//820 722//820 721//820
f 447//821 723//821 722//821
f 447//822 724//822 723//822
f 447//823 725//823 724//823
f 447//824 726//824 725//824
f 447//825 727//825 726//825
f 447//826 728//826 727//826
f 447//827 729//827 728//827
f 447//828 730//828 729//828
f 447//829 731//829 730//829
f 447//830 591//830 700//830
f 447//831 732//831 731//831
f 447//832 700//832 732//832
f 415//833 716//833 414//833
f 446//834 447//834 718//834
f 446//835 718//835 733//835
f 416//836 734//836 716//836
f 416//837 716//837 415//837
f 445//838 446//838 733//838
f 445//839 733//839 735//839
f 417//840 736//840 734//840
f 417//841 734//841 416//841
f 418//842 737//842 736//842
f 418//843 736//843 417//843
f 444//844 445//844 735//844
f 444//845 735//845 738//845
f 443//846 738//846 739//846
f 443//847 444//847 738//847
f 419//848 740//848 737//848
f 419//849 737//849 418//849
f 420//850 740//850 419//850
f 420//851 741//851 740//851
f 442//852 739//852 742//852
f 442//853 443//853 739//853
f 441//854 442//854 742//854
f 441//855 742//855 743//855
f 421//856 741//856 420//856
f 421//857 744//857 741//857
f 422//858 745//858 744//858
f 422//859 744//859 421//859
f 440//860 743//860 746//860
f 440//861 441//861 743//861
f 423//862 747//862 745//862
f 423//863 745//863 422//863
f 439//864 440//864 746//864
f 439//865 746//865 748//865
f 424//866 747//866 423//866
f 424//867 749//867 747//867
f 438//868 439//868 748//868
f 438//869 748//869 750//869
f 425//870 749//870 424//870
f 425//871 751//871 749//871
f 437//872 438//872 750//872
f 437//873 750//873 752//873
f 426//874 751//874 425//874
f 426//875 753//875 751//875
f 436//876 437//876 752//876
f 436//877 752//877 754//877
f 435//878 436//878 754//878
f 435//879 754//879 755//879
f 427//880 753//880 426//880
f 427//881 756//881 753//881
f 428//882 756//882 427//882
f 428//883 757//883 756//883
f 434//884 435//884 755//884
f 434//885 755//885 758//885
f 433//886 434//886 758//886
f 433//887 758//887 759//887
f 429//888 760//888 757//888
f 429//889 757//889 428//889
f 430//890 760//890 429//890
f 430//891 761//891 760//891
f 432//892 433//892 759//892
f 432//893 759//893 762//893
f 431//894 432//894 762//894
f 431//895 761//895 430//895
f 431//896 762//896 761//896
f 587//897 589//897 306//897
f 587//898 306//898 325//898
f 585//899 587//899 325//899
f 585//900 325//900 329//900
f 583//901 585//901 329//901
f 583//902 329//902 333//902
f 581//903 583//903 333//903
f 581//904 333//904 337//904
f 579//905 581//905 337//905
f 579//906 337//906 341//906
f 577//907 579//907 341//907
f 577//908 341//908 345//908
f 575//909 577//909 345//909
f 575//910 345//910 349//910
f 573//911 575//911 349//911
f 573//912 349//912 353//912
f 571//913 573//913 353//913
f 571//914 353//914 357//914
f 569//915 357//915 361//915
f 569//916 571//916 357//916
f 567//917 361//917 365//917
f 567//918 569//918 361//918
f 565//919 365//919 369//919
f 565//920 369//920 373//920
f 565//921 567//921 365//921
f 563//922 565//922 373//922
f 561//923 373//923 377//923
f 561//924 563//924 373//924
f 559//925 377//925 381//925
f 559//926 561//926 377//926
f 556//927 381//927 383//927
f 556//928 559//928 381//928
f 553//929 383//929 379//929
f 553//930 556//930 383//930
f 550//931 553//931 379//931
f 550//932 379//932 375//932
f 547//933 550//933 375//933
f 547//934 375//934 371//934
f 544//935 547//935 371//935
f 544//936 371//936 367//936
f 541//937 544//937 367//937
f 541//938 367//938 363//938
f 538//939 541//939 363//939
f 538//940 363//940 359//940
f 535//941 538//941 359//941
f 535//942 359//942 355//942
f 532//943 535//943 355//943
f 532//944 355//944 351//944
f 529//945 532//945 351//945
f 529//946 351//946 347//946
f 526//947 529//947 347//947
f 526//948 347//948 343//948
f 523//949 526//949 343//949
f 523//950 343//950 339//950
f 523//951 339//951 335//951
f 520//952 523//952 335//952
f 520//953 335//953 331//953
f 517//954 520//954 331//954
f 514//955 517//955 331//955
f 514//956 331//956 327//956
f 511//957 514//957 327//957
f 511//958 327//958 323//958
f 508//959 511//959 323//959
f 508//960 323//960 304//960
f 504//961 508//961 304//961
f 504//962 304//962 302//962
f 500//963 504//963 302//963
f 500//964 302//964 300//964
f 496//965 500//965 300//965
f 496//966 300//966 298//966
f 492//967 496//967 298//967
f 492//968 298//968 296//968
f 488//969 296//969 294//969
f 488//970 492//970 296//970
f 484//971 294//971 292//971
f 484//972 488//972 294//972
f 480//973 292//973 290//973
f 480//974 484//974 292//974
f 476//975 290//975 288//975
f 476//976 480//976 290//976
f 472//977 288//977 286//977
f 472//978 476//978 288//978
f 468//979 286//979 284//979
f 468//980 472//980 286//980
f 464//981 468//981 284//981
f 464//982 284//982 282//982
f 460//983 464//983 282//983
f 460//984 282//984 280//984
f 456//985 280//985 278//985
f 456//986 460//986 280//986
f 452//987 278//987 276//987
f 452//988 456//988 278//988
f 449//989 276//989 274//989
f 449//990 274//990 269//990
f 449//991 452//991 276//991
f 450//992 449//992 269//992
f 454//993 269//993 265//993
f 454//994 450//994 269//994
f 458//995 265//995 261//995
f 458//996 454//996 265//996
f 462//997 261//997 258//997
f 462//998 458//998 261//998
f 466//999 258//999 253//999
f 466//1000 462//1000 258//1000
f 470//1001 253//1001 249//1001
f 470//1002 466//1002 253//1002
f 474//1003 249//1003 245//1003
f 474//1004 470//1004 249//1004
f 478//1005 245//1005 242//1005
f 478//1006 474//1006 245//1006
f 482//1007 242//1007 237//1007
f 482//1008 478//1008 242//1008
f 486//1009 237//1009 234//1009
f 486//1010 482//1010 237//1010
f 490//1011 234//1011 229//1011
f 490//1012 486//1012 234//1012
f 494//1013 229//1013 225//1013
f 494//1014 490//1014 229//1014
f 498//1015 225//1015 221//1015
f 498//1016 494//1016 225//1016
f 502//1017 221//1017 218//1017
f 502//1018 498//1018 221//1018
f 506//1019 218//1019 213//1019
f 506//1020 502//1020 218//1020
f 4//1021 506//1021 213//1021
f 4//1022 213//1022 3//1022
f 447//1023 147//1023 306//1023
f 447//1024 306//1024 589//1024
f 716//1025 734//1025 67//1025
f 67//1026 734//1026 71//1026
f 71//1027 736//1027 74//1027
f 734//1028 736//1028 71//1028
f 74//1029 737//1029 77//1029
f 736//1030 737//1030 74//1030
f 77//1031 740//1031 80//1031
f 737//1032 740//1032 77//1032
f 80//1033 741//1033 83//1033
f 740//1034 741//1034 80//1034
f 83//1035 744//1035 86//1035
f 741//1036 744//1036 83//1036
f 86//1037 745//1037 89//1037
f 744//1038 745//1038 86//1038
f 89//1039 747//1039 92//1039
f 745//1040 747//1040 89//1040
f 92//1041 749//1041 95//1041
f 747//1042 749//1042 92//1042
f 95//1043 751//1043 98//1043
f 749//1044 751//1044 95//1044
f 751//1045 753//1045 98//1045
f 98//1046 753//1046 101//1046
f 753//1047 756//1047 101//1047
f 101//1048 756//1048 104//1048
f 756//1049 757//1049 104//1049
f 104//1050 757//1050 107//1050
f 107//1051 757//1051 110//1051
f 757//1052 760//1052 110//1052
f 760//1053 761//1053 110//1053
f 110//1054 761//1054 113//1054
f 761//1055 762//1055 113//1055
f 113//1056 762//1056 116//1056
f 762//1057 759//1057 116//1057
f 116//1058 759//1058 118//1058
f 118//1059 759//1059 120//1059
f 759//1060 758//1060 120//1060
f 758//1061 755//1061 120//1061
f 120//1062 755//1062 122//1062
f 122//1063 755//1063 124//1063
f 755//1064 754//1064 124//1064
f 754//1065 752//1065 124//1065
f 124//1066 752//1066 126//1066
f 126//1067 752//1067 128//1067
f 752//1068 750//1068 128//1068
f 128//1069 748//1069 130//1069
f 750//1070 748//1070 128//1070
f 130//1071 746//1071 132//1071
f 748//1072 746//1072 130//1072
f 132//1073 743//1073 134//1073
f 746//1074 743//1074 132//1074
f 134//1075 742//1075 136//1075
f 743//1076 742//1076 134//1076
f 136//1077 739//1077 138//1077
f 742//1078 739//1078 136//1078
f 138//1079 738//1079 140//1079
f 739//1080 738//1080 138//1080
f 140//1081 735//1081 142//1081
f 738//1082 735//1082 140//1082
f 142//1083 733//1083 144//1083
f 735//1084 733//1084 142//1084
f 144//1085 718//1085 146//1085
f 733//1086 718//1086 144//1086
f 146//1087 717//1087 148//1087
f 148//1088 717//1088 149//1088
f 718//1089 717//1089 146//1089
f 717//1090 719//1090 149//1090
f 149//1091 720//1091 150//1091
f 719//1092 720//1092 149//1092
f 150//1093 721//1093 151//1093
f 720//1094 721//1094 150//1094
f 151//1095 722//1095 152//1095
f 721//1096 722//1096 151//1096
f 722//1097 723//1097 152//1097
f 152//1098 723//1098 153//1098
f 723//1099 724//1099 153//1099
f 153//1100 724//1100 154//1100
f 154//1101 724//1101 155//1101
f 724//1102 725//1102 155//1102
f 725//1103 726//1103 155//1103
f 155//1104 726//1104 156//1104
f 726//1105 727//1105 156//1105
f 156//1106 727//1106 157//1106
f 727//1107 728//1107 157//1107
f 157//1108 728//1108 158//1108
f 728//1109 729//1109 158//1109
f 158//1110 729//1110 159//1110
f 729//1111 730//1111 159//1111
f 159//1112 730//1112 160//1112
f 730//1113 731//1113 160//1113
f 160//1114 731//1114 161//1114
f 731//1115 732//1115 161//1115
f 161//1116 732//1116 162//1116
f 732//1117 700//1117 162//1117
f 162//1118 700//1118 163//1118
f 700//1119 697//1119 163//1119
f 163//1120 697//1120 271//1120
f 697//1121 694//1121 271//1121
f 271//1122 694//1122 267//1122
f 694//1123 691//1123 267//1123
f 267//1124 691//1124 263//1124
f 691//1125 688//1125 263//1125
f 263//1126 688//1126 255//1126
f 688//1127 685//1127 255//1127
f 255//1128 685//1128 256//1128
f 256//1129 685//1129 251//1129
f 685//1130 683//1130 251//1130
f 683//1131 679//1131 251//1131
f 251//1132 679//1132 247//1132
f 679//1133 676//1133 247//1133
f 247//1134 676//1134 239//1134
f 676//1135 673//1135 239//1135
f 239//1136 673//1136 240//1136
f 673//1137 670//1137 240//1137
f 240//1138 670//1138 231//1138
f 231//1139 667//1139 232//1139
f 670//1140 667//1140 231//1140
f 232//1141 664//1141 227//1141
f 667//1142 664//1142 232//1142
f 227//1143 661//1143 223//1143
f 664//1144 661//1144 227//1144
f 223//1145 658//1145 215//1145
f 661//1146 658//1146 223//1146
f 658//1147 655//1147 215//1147
f 215//1148 655//1148 216//1148
f 655//1149 652//1149 216//1149
f 216//1150 652//1150 209//1150
f 652//1151 649//1151 209//1151
f 209//1152 649//1152 206//1152
f 649//1153 646//1153 206//1153
f 206//1154 646//1154 202//1154
f 646//1155 643//1155 202//1155
f 202//1156 643//1156 203//1156
f 643//1157 640//1157 203//1157
f 203//1158 640//1158 199//1158
f 640//1159 637//1159 199//1159
f 199//1160 637//1160 193//1160
f 637//1161 634//1161 193//1161
f 193//1162 634//1162 194//1162
f 634//1163 631//1163 194//1163
f 194//1164 631//1164 188//1164
f 631//1165 628//1165 188//1165
f 188//1166 628//1166 185//1166
f 628//1167 625//1167 185//1167
f 185//1168 625//1168 182//1168
f 625//1169 622//1169 182//1169
f 182//1170 622//1170 178//1170
f 178//1171 622//1171 179//1171
f 622//1172 619//1172 179//1172
f 179//1173 616//1173 175//1173
f 619//1174 616//1174 179//1174
f 175//1175 613//1175 169//1175
f 616//1176 613//1176 175//1176
f 169//1177 610//1177 170//1177
f 613//1178 610//1178 169//1178
f 170//1179 607//1179 165//1179
f 610//1180 607//1180 170//1180
f 165//1181 606//1181 114//1181
f 607//1182 606//1182 165//1182
f 114//1183 609//1183 112//1183
f 606//1184 609//1184 114//1184
f 112//1185 612//1185 109//1185
f 609//1186 612//1186 112//1186
f 109//1187 615//1187 106//1187
f 612//1188 615//1188 109//1188
f 106//1189 618//1189 103//1189
f 615//1190 618//1190 106//1190
f 103//1191 621//1191 100//1191
f 100//1192 621//1192 97//1192
f 618//1193 621//1193 103//1193
f 621//1194 624//1194 97//1194
f 97//1195 627//1195 94//1195
f 624//1196 627//1196 97//1196
f 94//1197 630//1197 91//1197
f 627//1198 630//1198 94//1198
f 630//1199 633//1199 91//1199
f 91//1200 633//1200 88//1200
f 633//1201 636//1201 88//1201
f 88//1202 636//1202 85//1202
f 636//1203 639//1203 85//1203
f 85//1204 639//1204 82//1204
f 639//1205 642//1205 82//1205
f 82//1206 642//1206 79//1206
f 79//1207 645//1207 76//1207
f 642//1208 645//1208 79//1208
f 76//1209 648//1209 73//1209
f 645//1210 648//1210 76//1210
f 73//1211 651//1211 70//1211
f 648//1212 651//1212 73//1212
f 70//1213 654//1213 66//1213
f 651//1214 654//1214 70//1214
f 66//1215 657//1215 62//1215
f 654//1216 657//1216 66//1216
f 62//1217 660//1217 58//1217
f 657//1218 660//1218 62//1218
f 58//1219 663//1219 54//1219
f 660//1220 663//1220 58//1220
f 54//1221 666//1221 50//1221
f 663//1222 666//1222 54//1222
f 50//1223 669//1223 46//1223
f 666//1224 669//1224 50//1224
f 46//1225 672//1225 42//1225
f 669//1226 672//1226 46//1226
f 42//1227 675//1227 38//1227
f 672//1228 675//1228 42//1228
f 38//1229 678//1229 34//1229
f 675//1230 678//1230 38//1230
f 34//1231 682//1231 30//1231
f 678//1232 682//1232 34//1232
f 30//1233 684//1233 26//1233
f 682//1234 684//1234 30//1234
f 26//1235 687//1235 22//1235
f 684//1236 687//1236 26//1236
f 22//1237 690//1237 18//1237
f 687//1238 690//1238 22//1238
f 18//1239 693//1239 14//1239
f 690//1240 693//1240 18//1240
f 14//1241 696//1241 10//1241
f 693//1242 696//1242 14//1242
f 10//1243 699//1243 5//1243
f 696//1244 699//1244 10//1244
f 5//1245 701//1245 8//1245
f 699//1246 701//1246 5//1246
f 701//1247 702//1247 8//1247
f 8//1248 702//1248 12//1248
f 702//1249 703//1249 12//1249
f 12//1250 703//1250 16//1250
f 703//1251 704//1251 16//1251
f 16//1252 704//1252 20//1252
f 704//1253 705//1253 20//1253
f 20//1254 705//1254 24//1254
f 705//1255 706//1255 24//1255
f 24//1256 706//1256 28//1256
f 706//1257 707//1257 28//1257
f 28//1258 707//1258 32//1258
f 707//1259 708//1259 32//1259
f 32//1260 708//1260 36//1260
f 708//1261 709//1261 36//1261
f 36//1262 709//1262 40//1262
f 709//1263 710//1263 40//1263
f 40//1264 710//1264 44//1264
f 710//1265 711//1265 44//1265
f 44//1266 711//1266 48//1266
f 711//1267 712//1267 48//1267
f 48//1268 712//1268 52//1268
f 712//1269 713//1269 52//1269
f 52//1270 713//1270 56//1270
f 713//1271 714//1271 56//1271
f 56//1272 714//1272 60//1272
f 60//1273 715//1273 64//1273
f 714//1274 715//1274 60//1274
f 64//1275 716//1275 67//1275
f 715//1276 716//1276 64//1276
f 653//1277 656//1277 211//1277
f 211//1278 656//1278 214//1278
f 214//1279 659//1279 219//1279
f 656//1280 659//1280 214//1280
f 219//1281 662//1281 222//1281
f 659//1282 662//1282 219//1282
f 222//1283 665//1283 226//1283
f 662//1284 665//1284 222//1284
f 226//1285 668//1285 230//1285
f 665//1286 668//1286 226//1286
f 230//1287 671//1287 235//1287
f 668//1288 671//1288 230//1288
f 235//1289 674//1289 238//1289
f 671//1290 674//1290 235//1290
f 238//1291 677//1291 243//1291
f 674//1292 677//1292 238//1292
f 243//1293 680//1293 246//1293
f 677//1294 680//1294 243//1294
f 246//1295 681//1295 250//1295
f 680//1296 681//1296 246//1296
f 681//1297 686//1297 250//1297
f 250//1298 686//1298 254//1298
f 686//1299 689//1299 254//1299
f 254//1300 689//1300 259//1300
f 689//1301 692//1301 259//1301
f 259//1302 692//1302 262//1302
f 262//1303 692//1303 266//1303
f 692//1304 695//1304 266//1304
f 695//1305 698//1305 266//1305
f 266//1306 698//1306 270//1306
f 698//1307 591//1307 270//1307
f 270//1308 591//1308 273//1308
f 591//1309 590//1309 273//1309
f 273//1310 590//1310 307//1310
f 307//1311 590//1311 308//1311
f 590//1312 592//1312 308//1312
f 592//1313 593//1313 308//1313
f 308//1314 593//1314 309//1314
f 309//1315 593//1315 310//1315
f 593//1316 594//1316 310//1316
f 594//1317 595//1317 310//1317
f 310//1318 595//1318 311//1318
f 311//1319 595//1319 312//1319
f 595//1320 596//1320 312//1320
f 312//1321 597//1321 313//1321
f 596//1322 597//1322 312//1322
f 313//1323 598//1323 314//1323
f 597//1324 598//1324 313//1324
f 314//1325 599//1325 315//1325
f 598//1326 599//1326 314//1326
f 315//1327 600//1327 316//1327
f 599//1328 600//1328 315//1328
f 316//1329 601//1329 317//1329
f 600//1330 601//1330 316//1330
f 317//1331 602//1331 318//1331
f 601//1332 602//1332 317//1332
f 318//1333 603//1333 319//1333
f 602//1334 603//1334 318//1334
f 319//1335 604//1335 320//1335
f 603//1336 604//1336 319//1336
f 320//1337 605//1337 321//1337
f 604//1338 605//1338 320//1338
f 321//1339 588//1339 322//1339
f 322//1340 588//1340 326//1340
f 605//1341 588//1341 321//1341
f 588//1342 586//1342 326//1342
f 326//1343 584//1343 330//1343
f 586//1344 584//1344 326//1344
f 330//1345 582//1345 334//1345
f 584//1346 582//1346 330//1346
f 334//1347 580//1347 338//1347
f 582//1348 580//1348 334//1348
f 580//1349 578//1349 338//1349
f 338//1350 578//1350 342//1350
f 578//1351 576//1351 342//1351
f 342//1352 576//1352 346//1352
f 346//1353 576//1353 350//1353
f 576//1354 574//1354 350//1354
f 574//1355 572//1355 350//1355
f 350//1356 572//1356 354//1356
f 572//1357 570//1357 354//1357
f 354//1358 570//1358 358//1358
f 570//1359 568//1359 358//1359
f 358//1360 568//1360 362//1360
f 568//1361 566//1361 362//1361
f 362//1362 566//1362 366//1362
f 566//1363 564//1363 366//1363
f 366//1364 564//1364 370//1364
f 564//1365 562//1365 370//1365
f 370//1366 562//1366 374//1366
f 562//1367 560//1367 374//1367
f 374//1368 560//1368 378//1368
f 560//1369 558//1369 378//1369
f 378//1370 558//1370 382//1370
f 558//1371 555//1371 382//1371
f 382//1372 555//1372 380//1372
f 555//1373 552//1373 380//1373
f 380//1374 552//1374 376//1374
f 552//1375 549//1375 376//1375
f 376//1376 549//1376 372//1376
f 549//1377 546//1377 372//1377
f 372//1378 546//1378 368//1378
f 546//1379 543//1379 368//1379
f 368//1380 543//1380 364//1380
f 364//1381 543//1381 360//1381
f 543//1382 540//1382 360//1382
f 540//1383 537//1383 360//1383
f 360//1384 537//1384 356//1384
f 537//1385 534//1385 356//1385
f 356//1386 534//1386 352//1386
f 534//1387 531//1387 352//1387
f 352//1388 531//1388 348//1388
f 531//1389 528//1389 348//1389
f 348//1390 528//1390 344//1390
f 344//1391 525//1391 340//1391
f 528//1392 525//1392 344//1392
f 340//1393 522//1393 336//1393
f 525//1394 522//1394 340//1394
f 336//1395 519//1395 332//1395
f 522//1396 519//1396 336//1396
f 332//1397 516//1397 328//1397
f 519//1398 516//1398 332//1398
f 516//1399 513//1399 328//1399
f 328//1400 513//1400 324//1400
f 513//1401 510//1401 324//1401
f 324//1402 510//1402 305//1402
f 510//1403 507//1403 305//1403
f 305//1404 507//1404 303//1404
f 507//1405 503//1405 303//1405
f 303//1406 503//1406 301//1406
f 503//1407 499//1407 301//1407
f 301//1408 499//1408 299//1408
f 499//1409 495//1409 299//1409
f 299//1410 495//1410 297//1410
f 495//1411 491//1411 297//1411
f 297//1412 491//1412 295//1412
f 491//1413 487//1413 295//1413
f 295//1414 487//1414 293//1414
f 487//1415 483//1415 293//1415
f 293//1416 483//1416 291//1416
f 483//1417 479//1417 291//1417
f 291//1418 479//1418 289//1418
f 479//1419 475//1419 289//1419
f 289//1420 475//1420 287//1420
f 475//1421 471//1421 287//1421
f 287//1422 471//1422 285//1422
f 285//1423 471//1423 283//1423
f 471//1424 467//1424 283//1424
f 283//1425 463//1425 281//1425
f 467//1426 463//1426 283//1426
f 281//1427 459//1427 279//1427
f 463//1428 459//1428 281//1428
f 279//1429 455//1429 277//1429
f 459//1430 455//1430 279//1430
f 277//1431 451//1431 275//1431
f 455//1432 451//1432 277//1432
f 275//1433 448//1433 272//1433
f 451//1434 448//1434 275//1434
f 272//1435 453//1435 268//1435
f 448//1436 453//1436 272//1436
f 268//1437 457//1437 264//1437
f 453//1438 457//1438 268//1438
f 264//1439 461//1439 260//1439
f 457//1440 461//1440 264//1440
f 260//1441 465//1441 257//1441
f 461//1442 465//1442 260//1442
f 257//1443 469//1443 252//1443
f 252//1444 469//1444 248//1444
f 465//1445 469//1445 257//1445
f 469//1446 473//1446 248//1446
f 248//1447 477//1447 244//1447
f 473//1448 477//1448 248//1448
f 244//1449 481//1449 241//1449
f 477//1450 481//1450 244//1450
f 481//1451 485//1451 241//1451
f 241//1452 485//1452 236//1452
f 485//1453 489//1453 236//1453
f 236//1454 489//1454 233//1454
f 489//1455 493//1455 233//1455
f 233//1456 493//1456 228//1456
f 493//1457 497//1457 228//1457
f 228//1458 497//1458 224//1458
f 224//1459 501//1459 220//1459
f 497//1460 501//1460 224//1460
f 220//1461 505//1461 217//1461
f 501//1462 505//1462 220//1462
f 217//1463 509//1463 212//1463
f 505//1464 509//1464 217//1464
f 212//1465 512//1465 210//1465
f 509//1466 512//1466 212//1466
f 210//1467 515//1467 207//1467
f 512//1468 515//1468 210//1468
f 207//1469 518//1469 204//1469
f 515//1470 518//1470 207//1470
f 204//1471 521//1471 200//1471
f 518//1472 521//1472 204//1472
f 200//1473 524//1473 197//1473
f 521//1474 524//1474 200//1474
f 197//1475 527//1475 195//1475
f 524//1476 527//1476 197//1476
f 195//1477 530//1477 191//1477
f 527//1478 530//1478 195//1478
f 191//1479 533//1479 189//1479
f 530//1480 533//1480 191//1480
f 189//1481 536//1481 186//1481
f 533//1482 536//1482 189//1482
f 186//1483 539//1483 183//1483
f 536//1484 539//1484 186//1484
f 183//1485 542//1485 180//1485
f 539//1486 542//1486 183//1486
f 180//1487 545//1487 176//1487
f 542//1488 545//1488 180//1488
f 176//1489 548//1489 173//1489
f 545//1490 548//1490 176//1490
f 173//1491 551//1491 171//1491
f 548//1492 551//1492 173//1492
f 171//1493 554//1493 167//1493
f 551//1494 554//1494 171//1494
f 167//1495 557//1495 164//1495
f 554//1496 557//1496 167//1496
f 164//1497 608//1497 166//1497
f 557//1498 608//1498 164//1498
f 608//1499 611//1499 166//1499
f 166//1500 611//1500 168//1500
f 611//1501 614//1501 168//1501
f 168//1502 614//1502 172//1502
f 614//1503 617//1503 172//1503
f 172//1504 617//1504 174//1504
f 617//1505 620//1505 174//1505
f 174//1506 620//1506 177//1506
f 620//1507 623//1507 177//1507
f 177//1508 623//1508 181//1508
f 623//1509 626//1509 181//1509
f 181//1510 626//1510 184//1510
f 626//1511 629//1511 184//1511
f 184//1512 629//1512 187//1512
f 629//1513 632//1513 187//1513
f 187//1514 632//1514 190//1514
f 632//1515 635//1515 190//1515
f 190//1516 635//1516 192//1516
f 635//1517 638//1517 192//1517
f 192//1518 638//1518 196//1518
f 638//1519 641//1519 196//1519
f 196//1520 641//1520 198//1520
f 641//1521 644//1521 198//1521
f 198//1522 644//1522 201//1522
f 644//1523 647//1523 201//1523
f 201//1524 647//1524 205//1524
f 205//1525 650//1525 208//1525
f 647//1526 650//1526 205//1526
f 208//1527 653//1527 211//1527
f 650//1528 653//1528 208//1528
