# Created by FreeCAD <https://www.freecad.org>
v 126.596375 3.566308 14.861129
v 126.512184 3.566308 10.862015
v 119.381149 16.761982 11.012142
v 119.465340 16.761982 15.011256
v 113.610062 -3.924352 15.134525
v 113.403625 -3.566308 15.138871
v 113.319435 -3.566308 11.139757
v 113.525864 -3.924352 11.135411
v 113.835899 -4.270479 15.129770
v 113.751701 -4.270479 11.130657
v 114.080452 -4.603636 15.124622
v 113.996262 -4.603636 11.125508
v 114.342995 -4.922812 15.119095
v 114.258797 -4.922812 11.119981
v 114.622711 -5.227038 15.113206
v 114.538521 -5.227038 11.114092
v 114.918755 -5.515389 15.106974
v 114.834564 -5.515389 11.107860
v 115.230232 -5.786991 15.100416
v 115.146042 -5.786991 11.101302
v 115.556198 -6.041017 15.093554
v 115.472008 -6.041017 11.094440
v 115.895660 -6.276697 15.086407
v 115.811470 -6.276697 11.087294
v 116.247581 -6.493315 15.078999
v 116.163391 -6.493315 11.079885
v 116.526711 -6.690213 11.072235
v 116.610909 -6.690213 15.071349
v 116.984520 -6.866793 15.063484
v 116.900330 -6.866793 11.064370
v 117.283096 -7.022519 11.056312
v 117.367294 -7.022519 15.055426
v 117.673866 -7.156917 11.048085
v 117.758057 -7.156917 15.047199
v 118.155632 -7.269581 15.038829
v 118.071442 -7.269581 11.039715
v 118.558807 -7.360167 15.030341
v 118.474617 -7.360167 11.031227
v 118.966362 -7.428400 15.021761
v 118.882172 -7.428400 11.022647
v 119.377060 -7.474073 15.013115
v 119.292862 -7.474073 11.014001
v 119.789642 -7.497048 15.004429
v 119.705452 -7.497048 11.005315
v 120.202866 -7.497255 14.995729
v 120.118675 -7.497255 10.996615
v 120.615471 -7.474692 14.987042
v 120.531281 -7.474692 10.987928
v 121.026207 -7.429430 14.978395
v 120.942017 -7.429430 10.979281
v 121.433830 -7.361604 14.969814
v 121.349640 -7.361604 10.970700
v 121.837097 -7.271421 14.961325
v 121.752907 -7.271421 10.962211
v 122.234787 -7.159156 14.952951
v 122.150597 -7.159156 10.953838
v 122.625687 -7.025148 14.944722
v 122.541496 -7.025148 10.945608
v 123.008614 -6.869805 14.936661
v 122.924423 -6.869805 10.937547
v 123.382408 -6.693599 14.928791
v 123.298210 -6.693599 10.929678
v 123.745926 -6.497065 14.921139
v 123.661728 -6.497065 10.922025
v 124.098061 -6.280798 14.913725
v 124.013870 -6.280798 10.914611
v 124.353569 -6.045458 10.907459
v 124.437759 -6.045458 14.906573
v 124.763977 -5.791758 14.899706
v 124.679787 -5.791758 10.900592
v 125.075729 -5.520468 14.893143
v 124.991539 -5.520468 10.894029
v 125.372063 -5.232413 14.886904
v 125.287872 -5.232413 10.887790
v 125.652084 -4.928467 14.881009
v 125.567894 -4.928467 10.881895
v 125.914940 -4.609553 14.875475
v 125.830750 -4.609553 10.876361
v 126.159828 -4.276641 14.870319
v 126.075638 -4.276641 10.871205
v 126.301826 -3.930741 10.866444
v 126.386017 -3.930741 14.865558
v 126.592804 -3.572902 14.861204
v 126.508614 -3.572902 10.862090
v 126.779579 -3.204213 14.857272
v 126.695381 -3.204213 10.858158
v 126.945755 -2.825794 14.853773
v 126.861565 -2.825794 10.854660
v 127.090843 -2.438792 14.850719
v 127.006645 -2.438792 10.851605
v 127.214394 -2.044384 14.848118
v 127.130196 -2.044384 10.849004
v 127.316032 -1.643767 14.845979
v 127.231842 -1.643767 10.846865
v 127.311264 -1.238158 10.845192
v 127.395454 -1.238158 14.844306
v 127.452415 -0.828788 14.843107
v 127.368225 -0.828788 10.843993
v 127.486748 -0.416902 14.842384
v 127.402550 -0.416902 10.843270
v 127.498337 -0.003749 14.842140
v 127.414146 -0.003749 10.843026
v 127.487160 0.409414 14.842376
v 127.402969 0.409414 10.843262
v 127.453239 0.821335 14.843090
v 127.369049 0.821335 10.843976
v 127.396690 1.230761 14.844280
v 127.312492 1.230761 10.845166
v 127.317673 1.636449 14.845943
v 127.233482 1.636449 10.846830
v 127.216431 2.037168 14.848075
v 127.132240 2.037168 10.848961
v 127.093277 2.431700 14.850668
v 127.009079 2.431700 10.851554
v 126.948578 2.818846 14.853714
v 126.864388 2.818846 10.854600
v 126.782776 3.197432 14.857204
v 126.698586 3.197432 10.858090
v 118.937141 -3.856142 15.022376
v 118.724525 -3.791102 15.026852
v 119.153046 -3.909264 15.017831
v 118.515854 -3.714343 15.031245
v 119.371559 -3.950302 15.013230
v 118.311775 -3.626103 15.035542
v 119.592018 -3.979130 15.008589
v 118.112907 -3.526656 15.039728
v 119.813744 -3.995659 15.003922
v 117.919876 -3.416307 15.043792
v 120.036034 -3.999837 14.999241
v 117.733269 -3.295399 15.047721
v 120.258224 -3.991653 14.994564
v 117.553673 -3.164305 15.051501
v 120.479607 -3.971130 14.989903
v 117.381638 -3.023431 15.055123
v 120.699516 -3.938333 14.985273
v 117.217697 -2.873211 15.058575
v 120.917252 -3.893362 14.980689
v 117.062355 -2.714111 15.061845
v 121.132164 -3.836358 14.976165
v 116.916092 -2.546621 15.064924
v 121.343567 -3.767495 14.971714
v 116.779358 -2.371259 15.067803
v 121.550827 -3.686988 14.967351
v 116.652580 -2.188569 15.070472
v 121.753288 -3.595083 14.963089
v 116.536156 -1.999113 15.072923
v 121.950325 -3.492067 14.958941
v 116.430435 -1.803478 15.075149
v 122.141342 -3.378257 14.954919
v 116.335739 -1.602269 15.077143
v 122.325737 -3.254005 14.951037
v 116.252380 -1.396108 15.078897
v 122.502945 -3.119695 14.947307
v 116.180603 -1.185631 15.080408
v 122.672409 -2.975743 14.943739
v 116.120628 -0.971489 15.081671
v 122.833626 -2.822592 14.940345
v 116.072647 -0.754345 15.082682
v 122.986076 -2.660717 14.937136
v 116.036797 -0.534869 15.083436
v 123.129295 -2.490618 14.934120
v 116.013206 -0.313739 15.083933
v 123.262840 -2.312821 14.931309
v 116.001938 -0.091640 15.084169
v 123.386307 -2.127874 14.928709
v 116.003021 0.130742 15.084146
v 123.499306 -1.936351 14.926331
v 116.016464 0.352720 15.083864
v 123.601486 -1.738842 14.924179
v 116.042221 0.573608 15.083322
v 123.692528 -1.535959 14.922262
v 116.080208 0.792723 15.082522
v 123.772163 -1.328328 14.920586
v 123.840141 -1.116592 14.919155
v 123.896248 -0.901404 14.917974
v 123.940308 -0.683430 14.917047
v 123.972191 -0.463343 14.916375
v 123.991798 -0.241825 14.915962
v 123.999069 -0.019559 14.915809
v 123.993973 0.202768 14.915916
v 123.976532 0.424468 14.916284
v 123.946800 0.644856 14.916909
v 123.904877 0.863250 14.917792
v 123.850876 1.078977 14.918929
v 123.784973 1.291368 14.920317
v 123.707375 1.499768 14.921950
v 123.618309 1.703532 14.923825
v 123.518066 1.902031 14.925936
v 123.406952 2.094650 14.928275
v 123.285301 2.280795 14.930836
v 123.153496 2.459891 14.933611
v 123.011948 2.631382 14.936590
v 122.861084 2.794741 14.939767
v 122.701378 2.949461 14.943129
v 122.533325 3.095064 14.946667
v 122.357437 3.231101 14.950370
v 122.174271 3.357151 14.954226
v 121.984375 3.472824 14.958223
v 121.788353 3.577762 14.962351
v 121.586800 3.671642 14.966594
v 121.380341 3.754173 14.970941
v 111.593491 9.404572 15.176979
v 116.130310 1.009388 15.081468
v 116.192375 1.222933 15.080160
v 111.806107 9.339531 15.172503
v 112.022011 9.286409 15.167957
v 116.266205 1.432698 15.078607
v 111.384819 9.481330 15.181372
v 106.272591 9.629366 15.288998
v 112.240524 9.245371 15.163358
v 116.351585 1.638034 15.076809
v 111.180740 9.569571 15.185669
v 112.460983 9.216543 15.158716
v 116.448235 1.838307 15.074774
v 110.981873 9.669018 15.189856
v 112.682709 9.200014 15.154048
v 116.555862 2.032898 15.072508
v 110.788841 9.779366 15.193919
v 112.904999 9.195836 15.149368
v 116.674141 2.221206 15.070018
v 110.602234 9.900274 15.197847
v 113.127190 9.204021 15.144691
v 116.802696 2.402648 15.067311
v 110.422638 10.031368 15.201629
v 113.348572 9.224544 15.140030
v 116.941132 2.576664 15.064397
v 110.250603 10.172243 15.205251
v 113.568481 9.257340 15.135401
v 117.089027 2.742715 15.061284
v 110.086662 10.322462 15.208702
v 113.786217 9.302311 15.130816
v 117.245918 2.900289 15.057981
v 117.411324 3.048898 15.054499
v 109.931320 10.481563 15.211972
v 114.001129 9.359316 15.126292
v 109.785057 10.649053 15.215052
v 114.212532 9.428179 15.121841
v 117.584724 3.188082 15.050848
v 109.648323 10.824414 15.217930
v 114.419792 9.508686 15.117478
v 117.765594 3.317414 15.047040
v 109.521545 11.007105 15.220599
v 114.622253 9.600591 15.113215
v 117.953377 3.436490 15.043087
v 109.405121 11.196560 15.223050
v 114.819290 9.703606 15.109068
v 118.147476 3.544945 15.039001
v 109.299393 11.392196 15.225276
v 106.086189 9.998241 15.292922
v 115.010307 9.817416 15.105046
v 118.347305 3.642443 15.034794
v 109.204704 11.593405 15.227269
v 105.920387 10.376827 15.296412
v 115.194702 9.941669 15.101164
v 118.552246 3.728682 15.030479
v 109.121346 11.799565 15.229024
v 105.775688 10.763973 15.299459
v 115.371910 10.075977 15.097433
v 118.761658 3.803396 15.026071
v 109.049568 12.010043 15.230536
v 105.652534 11.158505 15.302052
v 115.541374 10.219931 15.093865
v 118.974892 3.866354 15.021581
v 108.989594 12.224185 15.231798
v 105.551292 11.559223 15.304183
v 115.702583 10.373081 15.090472
v 119.191307 3.917361 15.017025
v 108.941612 12.441329 15.232808
v 105.472275 11.964912 15.305847
v 115.855042 10.534956 15.087262
v 119.410210 3.956260 15.012417
v 108.905762 12.660805 15.233562
v 105.415726 12.374339 15.307037
v 115.998260 10.705055 15.084248
v 119.630943 3.982931 15.007770
v 108.882172 12.881934 15.234059
v 105.381805 12.786259 15.307752
v 116.131805 10.882853 15.081435
v 119.852814 3.997290 15.003098
v 120.075142 3.999294 14.998418
v 108.870903 13.104033 15.234297
v 105.370628 13.199422 15.307987
v 116.255272 11.067800 15.078836
v 108.871986 13.326415 15.234274
v 105.382217 13.612576 15.307743
v 116.368271 11.259322 15.076458
v 120.297234 3.988936 14.993742
v 120.518410 3.966249 14.989086
v 108.885429 13.548394 15.233991
v 105.416550 14.024461 15.307020
v 116.470451 11.456831 15.074306
v 108.911186 13.769281 15.233449
v 105.473511 14.433831 15.305820
v 116.561493 11.659715 15.072390
v 120.737984 3.931302 14.984464
v 120.955276 3.884204 14.979889
v 108.949173 13.988397 15.232649
v 105.552933 14.839440 15.304149
v 116.641129 11.867346 15.070713
v 108.999275 14.205061 15.231594
v 105.654572 15.240058 15.302009
v 116.709106 12.079082 15.069282
v 121.169617 3.825100 14.975376
v 109.061340 14.418606 15.230288
v 116.765213 12.294270 15.068101
v 105.778122 15.634465 15.299408
v 109.135170 14.628372 15.228733
v 105.923210 16.021467 15.296353
v 109.220551 14.833707 15.226935
v 106.089386 16.399887 15.292855
v 109.317200 15.033981 15.224901
v 106.276161 16.768578 15.288923
v 109.424828 15.228572 15.222635
v 106.482948 17.126413 15.284570
v 109.543106 15.416880 15.220145
v 106.709137 17.472313 15.279808
v 109.671661 15.598322 15.217439
v 106.954025 17.805227 15.274652
v 109.810097 15.772338 15.214524
v 107.216881 18.124140 15.269118
v 109.957993 15.938389 15.211411
v 107.496902 18.428085 15.263223
v 110.114883 16.095961 15.208108
v 107.793236 18.716141 15.256985
v 110.280289 16.244570 15.204625
v 108.104988 18.987431 15.250422
v 110.453690 16.383757 15.200974
v 108.431206 19.241131 15.243553
v 110.634560 16.513086 15.197167
v 108.770905 19.476473 15.236403
v 110.822342 16.632164 15.193213
v 109.123039 19.692738 15.228989
v 111.016441 16.740618 15.189128
v 116.809273 12.512244 15.067173
v 116.841156 12.732329 15.066502
v 116.860764 12.953849 15.066090
v 116.868034 13.176115 15.065936
v 116.862938 13.398442 15.066044
v 116.845497 13.620142 15.066411
v 116.815765 13.840529 15.067037
v 116.773842 14.058924 15.067919
v 116.719841 14.274651 15.069056
v 116.653938 14.487041 15.070443
v 116.576340 14.695442 15.072077
v 116.487274 14.899206 15.073952
v 116.387032 15.097704 15.076062
v 109.486557 19.889273 15.221335
v 111.216270 16.838118 15.184920
v 119.258904 17.120026 15.015602
v 116.275917 15.290323 15.078402
v 109.860352 20.065479 15.213467
v 111.421211 16.924355 15.180606
v 119.033066 17.466152 15.020356
v 116.154266 15.476468 15.080963
v 110.243279 20.220821 15.205404
v 111.630623 16.999069 15.176197
v 118.788513 17.799309 15.025505
v 116.022461 15.655564 15.083737
v 110.634178 20.354830 15.197175
v 111.843857 17.062029 15.171708
v 118.525970 18.118486 15.031033
v 115.880913 15.827056 15.086718
v 111.031868 20.467094 15.188803
v 112.060272 17.113035 15.167152
v 118.246254 18.422710 15.036921
v 115.730049 15.990415 15.089893
v 111.435135 20.557278 15.180313
v 112.279175 17.151934 15.162543
v 117.950211 18.711063 15.043154
v 115.570343 16.145134 15.093256
v 111.842758 20.625103 15.171732
v 112.499908 17.178604 15.157897
v 117.638733 18.982664 15.049711
v 115.402290 16.290737 15.096794
v 112.253494 20.670366 15.163084
v 112.721779 17.192965 15.153226
v 117.312767 19.236691 15.056573
v 115.226402 16.426775 15.100496
v 112.666100 20.692928 15.154398
v 112.944107 17.194967 15.148545
v 116.973305 19.472370 15.063720
v 115.043236 16.552824 15.104353
v 113.079323 20.692720 15.145699
v 113.166199 17.184610 15.143869
v 116.621376 19.688990 15.071129
v 114.853340 16.668497 15.108351
v 113.491905 20.669748 15.137012
v 113.387375 17.161922 15.139214
v 116.258057 19.885885 15.078777
v 114.657318 16.773436 15.112477
v 113.902603 20.624073 15.128366
v 113.606949 17.126974 15.134590
v 115.884445 20.062468 15.086643
v 114.455765 16.867315 15.116721
v 114.310158 20.555840 15.119786
v 113.824242 17.079878 15.130016
v 115.501671 20.218193 15.094702
v 114.249306 16.949846 15.121067
v 114.713333 20.465254 15.111299
v 114.038582 17.020775 15.125504
v 115.110909 20.352592 15.102928
v 119.174713 17.120026 11.016488
v 118.948875 17.466152 11.021242
v 118.704315 17.799309 11.026391
v 118.441780 18.118486 11.031919
v 118.162064 18.422710 11.037807
v 117.866020 18.711063 11.044040
v 117.554535 18.982664 11.050597
v 117.228577 19.236691 11.057460
v 116.889114 19.472370 11.064606
v 116.537186 19.688990 11.072015
v 116.173866 19.885885 11.079664
v 115.800255 20.062468 11.087529
v 115.417480 20.218193 11.095588
v 115.026718 20.352592 11.103814
v 114.629143 20.465254 11.112185
v 114.225960 20.555840 11.120672
v 113.818413 20.624073 11.129252
v 113.407715 20.669748 11.137898
v 112.995132 20.692720 11.146585
v 112.581909 20.692928 11.155284
v 112.169304 20.670366 11.163971
v 111.758560 20.625103 11.172618
v 111.350945 20.557278 11.181199
v 110.947670 20.467094 11.189689
v 110.549988 20.354830 11.198061
v 110.159088 20.220821 11.206291
v 109.776161 20.065479 11.214353
v 109.402367 19.889273 11.222221
v 109.038849 19.692738 11.229875
v 108.686707 19.476473 11.237288
v 108.347015 19.241131 11.244440
v 108.020798 18.987431 11.251307
v 107.709045 18.716141 11.257871
v 107.412712 18.428085 11.264110
v 107.132690 18.124140 11.270004
v 106.869835 17.805227 11.275538
v 106.624939 17.472313 11.280694
v 106.398758 17.126413 11.285456
v 106.191963 16.768578 11.289809
v 106.005196 16.399887 11.293741
v 105.839020 16.021467 11.297239
v 105.693932 15.634465 11.300294
v 105.570381 15.240058 11.302896
v 105.468742 14.839440 11.305035
v 105.389320 14.433831 11.306707
v 105.332359 14.024461 11.307906
v 105.298027 13.612576 11.308629
v 105.286438 13.199422 11.308873
v 105.297615 12.786259 11.308638
v 105.331535 12.374339 11.307923
v 105.388084 11.964912 11.306733
v 105.467102 11.559223 11.305069
v 105.568344 11.158505 11.302938
v 105.691498 10.763973 11.300345
v 105.836197 10.376827 11.297299
v 106.001999 9.998241 11.293808
v 106.188400 9.629366 11.289885
v 123.755951 -1.116592 10.920041
v 123.687973 -1.328328 10.921473
v 123.812057 -0.901404 10.918859
v 123.608337 -1.535959 10.923149
v 123.856117 -0.683430 10.917933
v 123.517288 -1.738842 10.925065
v 123.888000 -0.463343 10.917261
v 123.415108 -1.936351 10.927217
v 123.907608 -0.241825 10.916848
v 123.302116 -2.127874 10.929596
v 123.914871 -0.019559 10.916696
v 123.178650 -2.312821 10.932195
v 123.909782 0.202768 10.916802
v 123.045105 -2.490618 10.935006
v 123.892342 0.424468 10.917170
v 122.901878 -2.660717 10.938022
v 123.862610 0.644856 10.917795
v 122.749428 -2.822592 10.941231
v 123.820679 0.863250 10.918678
v 122.588219 -2.975743 10.944625
v 123.766685 1.078977 10.919815
v 122.418755 -3.119695 10.948193
v 123.700783 1.291368 10.921203
v 122.241547 -3.254005 10.951923
v 123.623177 1.499768 10.922836
v 122.057152 -3.378257 10.955805
v 123.534119 1.703532 10.924711
v 121.866135 -3.492067 10.959826
v 123.433876 1.902031 10.926822
v 121.669098 -3.595083 10.963975
v 123.322754 2.094650 10.929161
v 121.466637 -3.686988 10.968237
v 123.201103 2.280795 10.931722
v 121.259377 -3.767495 10.972600
v 123.069305 2.459891 10.934497
v 121.047974 -3.836358 10.977051
v 122.927750 2.631382 10.937477
v 120.833061 -3.893362 10.981576
v 122.776894 2.794741 10.940653
v 120.615318 -3.938333 10.986159
v 122.617188 2.949461 10.944015
v 120.395416 -3.971130 10.990789
v 122.449135 3.095064 10.947553
v 120.174026 -3.991653 10.995450
v 122.273247 3.231101 10.951256
v 119.951843 -3.999837 11.000128
v 122.090080 3.357151 10.955112
v 119.729546 -3.995659 11.004807
v 121.900185 3.472824 10.959109
v 119.507828 -3.979130 11.009475
v 121.704163 3.577762 10.963237
v 119.287369 -3.950302 11.014116
v 121.502609 3.671642 10.967480
v 119.068848 -3.909264 11.018717
v 121.296150 3.754173 10.971827
v 118.852951 -3.856142 11.023262
v 118.640335 -3.791102 11.027739
v 118.431664 -3.714343 11.032131
v 118.227577 -3.626103 11.036427
v 118.028717 -3.526656 11.040614
v 117.835678 -3.416307 11.044679
v 117.649078 -3.295399 11.048607
v 117.469482 -3.164305 11.052388
v 117.297447 -3.023431 11.056009
v 117.133499 -2.873211 11.059461
v 116.978157 -2.714111 11.062732
v 116.831894 -2.546621 11.065810
v 116.695168 -2.371259 11.068689
v 116.568390 -2.188569 11.071358
v 116.451965 -1.999113 11.073810
v 115.996017 0.792723 11.083408
v 115.958031 0.573608 11.084208
v 115.932274 0.352720 11.084750
v 115.918831 0.130742 11.085033
v 115.917747 -0.091640 11.085056
v 115.929016 -0.313739 11.084819
v 115.952606 -0.534869 11.084322
v 115.988449 -0.754345 11.083568
v 116.036438 -0.971489 11.082557
v 116.096405 -1.185631 11.081295
v 116.168190 -1.396108 11.079783
v 116.251549 -1.602269 11.078029
v 116.346237 -1.803478 11.076035
v 121.085426 3.825100 10.976263
v 120.871086 3.884204 10.980775
v 120.653793 3.931302 10.985350
v 120.434219 3.966249 10.989972
v 120.213043 3.988936 10.994629
v 119.990952 3.999294 10.999304
v 119.768623 3.997290 11.003984
v 119.546753 3.982931 11.008656
v 119.326019 3.956260 11.013303
v 119.107109 3.917361 11.017911
v 118.890701 3.866354 11.022468
v 118.677460 3.803396 11.026957
v 118.468048 3.728682 11.031365
v 118.263115 3.642443 11.035680
v 118.063286 3.544945 11.039886
v 117.869179 3.436490 11.043973
v 117.681404 3.317414 11.047926
v 117.500534 3.188082 11.051734
v 117.327133 3.048898 11.055385
v 117.161728 2.900289 11.058867
v 117.004837 2.742715 11.062170
v 116.856941 2.576664 11.065284
v 116.718506 2.402648 11.068198
v 116.589951 2.221206 11.070904
v 116.471672 2.032898 11.073394
v 116.364044 1.838307 11.075660
v 116.267395 1.638034 11.077695
v 116.182014 1.432698 11.079493
v 116.108185 1.222933 11.081047
v 116.046120 1.009388 11.082354
v 116.402199 15.290323 21.077072
v 116.513321 15.097704 21.074734
v 116.280548 15.476468 21.079634
v 116.148750 15.655564 21.082409
v 116.007195 15.827056 21.085388
v 115.856339 15.990415 21.088564
v 115.696632 16.145134 21.091927
v 115.528580 16.290737 21.095465
v 115.352692 16.426775 21.099167
v 115.169518 16.552824 21.103024
v 114.979630 16.668497 21.107021
v 114.783607 16.773436 21.111149
v 114.582054 16.867315 21.115391
v 114.375595 16.949846 21.119738
v 114.164871 17.020775 21.124174
v 113.950531 17.079878 21.128687
v 113.733238 17.126974 21.133261
v 113.513664 17.161922 21.137884
v 113.292488 17.184610 21.142540
v 113.070396 17.194967 21.147217
v 112.848068 17.192965 21.151897
v 112.626198 17.178604 21.156567
v 112.405464 17.151934 21.161215
v 112.186554 17.113035 21.165823
v 111.970146 17.062029 21.170380
v 111.756905 16.999069 21.174868
v 111.547493 16.924355 21.179277
v 111.342560 16.838118 21.183592
v 111.142731 16.740618 21.187798
v 110.948624 16.632164 21.191885
v 110.760849 16.513086 21.195837
v 110.579979 16.383757 21.199646
v 110.406578 16.244570 21.203297
v 110.241173 16.095961 21.206778
v 110.084282 15.938389 21.210081
v 109.936386 15.772338 21.213196
v 109.797951 15.598322 21.216110
v 109.669395 15.416880 21.218817
v 109.551117 15.228572 21.221306
v 109.443489 15.033981 21.223572
v 109.346840 14.833707 21.225607
v 109.261459 14.628372 21.227404
v 109.187630 14.418606 21.228958
v 109.125565 14.205061 21.230265
v 109.075462 13.988397 21.231319
v 109.037476 13.769281 21.232119
v 109.011719 13.548394 21.232662
v 108.998276 13.326415 21.232944
v 108.997185 13.104033 21.232967
v 109.008461 12.881934 21.232731
v 109.032051 12.660805 21.232233
v 109.067894 12.441329 21.231480
v 109.115875 12.224185 21.230469
v 109.175850 12.010043 21.229206
v 109.247635 11.799565 21.227695
v 109.330994 11.593405 21.225941
v 109.425682 11.392196 21.223948
v 109.531410 11.196560 21.221722
v 109.647835 11.007105 21.219271
v 109.774612 10.824414 21.216600
v 109.911339 10.649053 21.213722
v 110.057602 10.481563 21.210644
v 110.212944 10.322462 21.207373
v 110.376892 10.172243 21.203920
v 110.548927 10.031368 21.200300
v 110.728523 9.900274 21.196518
v 110.915123 9.779366 21.192591
v 111.108162 9.669018 21.188526
v 111.307022 9.569571 21.184340
v 111.511108 9.481330 21.180042
v 111.719780 9.404572 21.175650
v 111.932396 9.339531 21.171173
v 112.148293 9.286409 21.166628
v 112.366814 9.245371 21.162027
v 112.587273 9.216543 21.157387
v 112.808990 9.200014 21.152719
v 113.031288 9.195836 21.148039
v 113.253471 9.204021 21.143362
v 113.474861 9.224544 21.138700
v 113.694763 9.257340 21.134071
v 113.912506 9.302311 21.129488
v 114.127419 9.359316 21.124964
v 114.338821 9.428179 21.120512
v 114.546074 9.508686 21.116148
v 114.748535 9.600591 21.111887
v 114.945580 9.703606 21.107738
v 115.136597 9.817416 21.103718
v 115.320992 9.941669 21.099834
v 115.498199 10.075977 21.096104
v 115.667664 10.219931 21.092537
v 115.828873 10.373081 21.089142
v 115.981323 10.534956 21.085934
v 116.124550 10.705055 21.082918
v 116.258095 10.882853 21.080107
v 116.381561 11.067800 21.077507
v 116.494553 11.259322 21.075129
v 116.596733 11.456831 21.072977
v 116.687782 11.659715 21.071060
v 116.767418 11.867346 21.069384
v 116.835396 12.079082 21.067953
v 116.891502 12.294270 21.066772
v 116.935562 12.512244 21.065844
v 116.967445 12.732329 21.065172
v 116.987053 12.953849 21.064760
v 116.994316 13.176115 21.064608
v 116.989227 13.398442 21.064714
v 116.971786 13.620142 21.065081
v 116.942055 13.840529 21.065708
v 116.900124 14.058924 21.066589
v 116.846130 14.274651 21.067726
v 116.780228 14.487041 21.069115
v 116.702621 14.695442 21.070747
v 116.613564 14.899206 21.072622
vn 0.879517 0.475508 -0.018516
vn 0.879517 0.475508 -0.018516
vn -0.866080 -0.499573 0.018233
vn -0.866088 -0.499559 0.018235
vn -0.837256 -0.546528 0.017628
vn -0.837256 -0.546528 0.017628
vn -0.805890 -0.591822 0.016967
vn -0.805881 -0.591834 0.016966
vn -0.772056 -0.635347 0.016254
vn -0.772065 -0.635336 0.016255
vn -0.735899 -0.676914 0.015494
vn -0.735890 -0.676924 0.015492
vn -0.697505 -0.716429 0.014684
vn -0.697505 -0.716429 0.014684
vn -0.656985 -0.753777 0.013831
vn -0.656985 -0.753777 0.013831
vn -0.614469 -0.788835 0.012936
vn -0.614469 -0.788835 0.012936
vn -0.570090 -0.821494 0.012002
vn -0.570090 -0.821494 0.012002
vn -0.523987 -0.851655 0.011031
vn -0.523987 -0.851655 0.011031
vn -0.476283 -0.879235 0.010027
vn -0.476275 -0.879239 0.010028
vn -0.427136 -0.904143 0.008993
vn -0.427129 -0.904146 0.008992
vn -0.376692 -0.926304 0.007930
vn -0.325098 -0.945656 0.006845
vn -0.376686 -0.926307 0.007931
vn -0.325103 -0.945654 0.006844
vn -0.272525 -0.962132 0.005737
vn -0.272525 -0.962132 0.005737
vn -0.219121 -0.975687 0.004613
vn -0.219121 -0.975687 0.004613
vn -0.165050 -0.986279 0.003475
vn -0.165050 -0.986279 0.003475
vn -0.110481 -0.993875 0.002326
vn -0.110479 -0.993876 0.002326
vn -0.055574 -0.998454 0.001170
vn -0.055575 -0.998454 0.001170
vn -0.000501 -1.000000 0.000011
vn -0.000501 -1.000000 0.000011
vn 0.054577 -0.998509 -0.001149
vn 0.054577 -0.998509 -0.001149
vn 0.109488 -0.993985 -0.002305
vn 0.109488 -0.993985 -0.002305
vn 0.164064 -0.986444 -0.003454
vn 0.164064 -0.986444 -0.003454
vn 0.218146 -0.975905 -0.004592
vn 0.218146 -0.975905 -0.004592
vn 0.271561 -0.962404 -0.005717
vn 0.271561 -0.962404 -0.005717
vn 0.324156 -0.945979 -0.006824
vn 0.324156 -0.945979 -0.006824
vn 0.375762 -0.926682 -0.007911
vn 0.375762 -0.926682 -0.007911
vn 0.426226 -0.904572 -0.008973
vn 0.426233 -0.904569 -0.008974
vn 0.475401 -0.879712 -0.010009
vn 0.475401 -0.879712 -0.010009
vn 0.523139 -0.852176 -0.011014
vn 0.523130 -0.852181 -0.011013
vn 0.569268 -0.822065 -0.011984
vn 0.569268 -0.822065 -0.011984
vn 0.613683 -0.789447 -0.012919
vn 0.613683 -0.789447 -0.012919
vn 0.656227 -0.754437 -0.013815
vn 0.656227 -0.754437 -0.013815
vn 0.696787 -0.717128 -0.014669
vn 0.696787 -0.717128 -0.014669
vn 0.735221 -0.677650 -0.015478
vn 0.735221 -0.677650 -0.015478
vn 0.771428 -0.636110 -0.016240
vn 0.771428 -0.636110 -0.016240
vn 0.805294 -0.592633 -0.016953
vn 0.805294 -0.592633 -0.016953
vn 0.836703 -0.547373 -0.017614
vn 0.836703 -0.547373 -0.017614
vn 0.865587 -0.500426 -0.018223
vn 0.865588 -0.500426 -0.018223
vn 0.891824 -0.451992 -0.018775
vn 0.891832 -0.451978 -0.018777
vn 0.915372 -0.402147 -0.019272
vn 0.915366 -0.402162 -0.019271
vn 0.936126 -0.351112 -0.019708
vn 0.936132 -0.351096 -0.019709
vn 0.954044 -0.298992 -0.020087
vn 0.954044 -0.298992 -0.020087
vn 0.969059 -0.245983 -0.020401
vn 0.981138 -0.192201 -0.020655
vn 0.969064 -0.245966 -0.020403
vn 0.981138 -0.192201 -0.020655
vn 0.990234 -0.137846 -0.020847
vn 0.990234 -0.137846 -0.020847
vn 0.996323 -0.083066 -0.020977
vn 0.996322 -0.083084 -0.020975
vn 0.999385 -0.028064 -0.021039
vn 0.999385 -0.028045 -0.021041
vn 0.999413 0.027049 -0.021040
vn 0.999413 0.027048 -0.021040
vn 0.996404 0.082087 -0.020977
vn 0.996404 0.082087 -0.020977
vn 0.990370 0.136867 -0.020851
vn 0.990372 0.136849 -0.020850
vn 0.981333 0.191205 -0.020659
vn 0.981329 0.191222 -0.020661
vn 0.969307 0.245005 -0.020406
vn 0.969307 0.245005 -0.020406
vn 0.954339 0.298049 -0.020093
vn 0.954344 0.298032 -0.020091
vn 0.936484 0.350155 -0.019715
vn 0.936478 0.350171 -0.019717
vn 0.915770 0.401240 -0.019279
vn 0.915770 0.401240 -0.019279
vn 0.892281 0.451090 -0.018785
vn 0.892281 0.451090 -0.018785
vn 0.021049 -0.000000 0.999778
vn 0.021048 0.000000 0.999779
vn 0.021046 0.000001 0.999779
vn 0.021047 0.000000 0.999779
vn 0.021047 0.000000 0.999778
vn 0.021048 -0.000000 0.999779
vn 0.021050 -0.000001 0.999778
vn 0.021049 -0.000000 0.999778
vn 0.021048 0.000000 0.999778
vn 0.021047 0.000001 0.999778
vn 0.021048 0.000000 0.999778
vn 0.021049 -0.000000 0.999778
vn 0.021047 0.000000 0.999779
vn 0.021049 -0.000000 0.999779
vn 0.021048 0.000000 0.999778
vn 0.021045 0.000000 0.999779
vn 0.021048 -0.000000 0.999779
vn 0.021047 0.000001 0.999778
vn 0.021047 0.000001 0.999778
vn 0.021048 0.000000 0.999778
vn 0.021052 -0.000000 0.999778
vn 0.021050 -0.000001 0.999778
vn 0.021048 -0.000000 0.999779
vn 0.021049 -0.000000 0.999779
vn 0.021044 0.000000 0.999779
vn 0.021048 -0.000000 0.999778
vn 0.021046 0.000002 0.999779
vn 0.021048 -0.000000 0.999779
vn 0.021048 -0.000000 0.999779
vn 0.021048 -0.000000 0.999778
vn 0.021049 -0.000001 0.999778
vn 0.021047 -0.000000 0.999779
vn 0.021050 0.000000 0.999778
vn 0.021048 0.000000 0.999778
vn 0.021048 0.000000 0.999778
vn 0.021047 0.000000 0.999779
vn 0.021050 0.000000 0.999778
vn 0.021048 -0.000000 0.999778
vn 0.021047 0.000001 0.999778
vn 0.021050 0.000001 0.999778
vn 0.021047 -0.000000 0.999779
vn 0.021048 -0.000000 0.999778
vn 0.021049 -0.000001 0.999779
vn 0.021047 -0.000000 0.999779
vn 0.021049 0.000000 0.999778
vn 0.021047 0.000001 0.999778
vn 0.021049 -0.000002 0.999778
vn 0.021047 -0.000000 0.999778
vn 0.021047 -0.000000 0.999778
vn 0.021049 -0.000001 0.999778
vn 0.021046 0.000002 0.999779
vn 0.021049 0.000000 0.999779
vn 0.021046 -0.000001 0.999779
vn 0.021048 0.000000 0.999778
vn 0.021048 0.000000 0.999778
vn 0.021046 -0.000001 0.999779
vn 0.021049 0.000001 0.999779
vn 0.021048 -0.000001 0.999778
vn 0.021049 0.000001 0.999779
vn 0.021049 0.000001 0.999778
vn 0.021049 -0.000002 0.999778
vn 0.021048 -0.000000 0.999779
vn 0.021046 -0.000001 0.999779
vn 0.021047 0.000001 0.999778
vn 0.021047 -0.000001 0.999779
vn 0.021048 0.000000 0.999779
vn 0.021047 0.000002 0.999779
vn 0.021048 -0.000000 0.999779
vn 0.021048 0.000000 0.999779
vn 0.021048 -0.000000 0.999778
vn 0.021048 0.000000 0.999778
vn 0.021049 0.000001 0.999778
vn 0.021051 -0.000003 0.999778
vn 0.021047 -0.000001 0.999779
vn 0.021047 -0.000001 0.999779
vn 0.021046 0.000002 0.999779
vn 0.021049 0.000001 0.999778
vn 0.021049 0.000001 0.999779
vn 0.021049 -0.000001 0.999778
vn 0.021048 0.000000 0.999778
vn 0.021048 -0.000000 0.999779
vn 0.021044 0.000003 0.999779
vn 0.021049 0.000002 0.999779
vn 0.021048 -0.000000 0.999778
vn 0.021048 0.000000 0.999778
vn 0.021047 -0.000002 0.999778
vn 0.021048 0.000000 0.999778
vn 0.021053 -0.000004 0.999778
vn 0.021049 0.000001 0.999778
vn 0.021048 -0.000000 0.999778
vn 0.021045 0.000002 0.999779
vn 0.021048 0.000001 0.999778
vn 0.021049 0.000001 0.999778
vn 0.021053 -0.000003 0.999778
vn 0.021048 0.000000 0.999778
vn 0.021047 -0.000002 0.999779
vn 0.021047 -0.000003 0.999778
vn 0.021048 0.000001 0.999778
vn 0.021049 0.000002 0.999778
vn 0.021047 -0.000002 0.999779
vn 0.021047 -0.000003 0.999779
vn 0.021048 0.000001 0.999779
vn 0.021048 0.000002 0.999778
vn 0.021048 0.000001 0.999778
vn 0.021048 -0.000001 0.999778
vn 0.021048 0.000002 0.999778
vn 0.021048 0.000000 0.999779
vn 0.021048 -0.000002 0.999779
vn 0.021048 0.000000 0.999778
vn 0.021048 0.000000 0.999779
vn 0.021048 -0.000001 0.999778
vn 0.021048 0.000001 0.999779
vn 0.021048 -0.000000 0.999778
vn 0.021048 -0.000002 0.999779
vn 0.021048 0.000001 0.999778
vn 0.021048 0.000001 0.999778
vn 0.021048 0.000000 0.999779
vn 0.021048 -0.000001 0.999778
vn 0.021048 -0.000000 0.999778
vn 0.021048 -0.000001 0.999779
vn 0.021048 0.000000 0.999778
vn 0.021048 0.000001 0.999778
vn 0.021048 0.000001 0.999779
vn 0.021048 -0.000000 0.999778
vn 0.021048 0.000000 0.999779
vn 0.021048 -0.000000 0.999779
vn 0.021047 0.000002 0.999778
vn 0.021049 -0.000001 0.999779
vn 0.021047 0.000003 0.999779
vn 0.021049 -0.000003 0.999778
vn 0.021047 0.000003 0.999779
vn 0.021048 -0.000001 0.999778
vn 0.021048 -0.000001 0.999778
vn 0.021048 0.000003 0.999778
vn 0.021048 -0.000000 0.999779
vn 0.021048 -0.000007 0.999779
vn 0.021048 0.000004 0.999778
vn 0.021048 -0.000004 0.999779
vn 0.021048 -0.000000 0.999778
vn 0.021053 0.000003 0.999778
vn 0.021048 -0.000000 0.999778
vn 0.021050 0.000001 0.999778
vn 0.021044 -0.000002 0.999779
vn 0.021047 -0.000000 0.999779
vn 0.021048 0.000000 0.999779
vn 0.021048 0.000000 0.999778
vn 0.021045 -0.000001 0.999778
vn 0.021049 0.000001 0.999778
vn 0.021044 -0.000002 0.999779
vn 0.021048 -0.000010 0.999779
vn 0.021049 0.000001 0.999778
vn 0.021050 0.000001 0.999778
vn 0.021048 0.000000 0.999779
vn 0.021050 0.000001 0.999778
vn 0.021048 0.000000 0.999778
vn 0.021048 0.000002 0.999779
vn 0.021047 -0.000000 0.999779
vn 0.021048 -0.000000 0.999779
vn 0.021048 0.000003 0.999778
vn 0.021048 0.000000 0.999778
vn 0.021048 0.000000 0.999778
vn 0.021048 -0.000002 0.999778
vn 0.021048 -0.000000 0.999778
vn 0.021048 -0.000000 0.999778
vn 0.021048 -0.000002 0.999778
vn 0.021046 -0.000001 0.999779
vn 0.021045 -0.000002 0.999779
vn 0.021048 0.000000 0.999779
vn 0.021050 0.000001 0.999778
vn 0.021047 -0.000001 0.999778
vn 0.021050 0.000001 0.999778
vn 0.021048 0.000001 0.999778
vn 0.021047 -0.000001 0.999779
vn 0.021048 -0.000001 0.999779
vn 0.021048 0.000000 0.999778
vn 0.021049 0.000000 0.999779
vn 0.021047 0.000002 0.999778
vn 0.021047 -0.000001 0.999779
vn 0.021049 0.000000 0.999778
vn 0.021048 -0.000001 0.999778
vn 0.021047 -0.000001 0.999778
vn 0.021050 0.000001 0.999778
vn 0.021048 0.000000 0.999779
vn 0.021046 -0.000001 0.999779
vn 0.021049 0.000000 0.999778
vn 0.021048 -0.000000 0.999778
vn 0.021048 -0.000000 0.999779
vn 0.021049 0.000000 0.999778
vn 0.021047 -0.000001 0.999779
vn 0.021048 0.000000 0.999778
vn 0.021047 0.000001 0.999778
vn 0.021050 0.000001 0.999778
vn 0.021047 -0.000000 0.999778
vn 0.021049 -0.000002 0.999778
vn 0.021048 0.000001 0.999778
vn 0.021049 0.000000 0.999778
vn 0.021048 0.000000 0.999779
vn 0.021047 0.000001 0.999778
vn 0.021049 -0.000002 0.999779
vn 0.021051 0.000002 0.999778
vn 0.021048 0.000000 0.999778
vn 0.021048 -0.000000 0.999778
vn 0.021048 -0.000000 0.999779
vn 0.021046 -0.000001 0.999779
vn 0.021045 -0.000002 0.999779
vn 0.021048 -0.000001 0.999778
vn 0.021048 0.000001 0.999778
vn 0.021047 -0.000001 0.999778
vn 0.021050 0.000001 0.999778
vn 0.021048 0.000001 0.999778
vn 0.021048 0.000002 0.999778
vn 0.021049 0.000000 0.999778
vn 0.021046 -0.000001 0.999779
vn 0.021048 -0.000000 0.999778
vn 0.021048 -0.000001 0.999778
vn 0.021048 0.000000 0.999779
vn 0.021049 0.000000 0.999778
vn 0.021052 0.000002 0.999778
vn 0.021048 -0.000001 0.999778
vn 0.021048 -0.000001 0.999778
vn 0.021046 -0.000001 0.999779
vn 0.021048 0.000000 0.999779
vn 0.021048 0.000000 0.999778
vn 0.021046 -0.000001 0.999779
vn 0.021049 0.000000 0.999778
vn 0.021046 -0.000001 0.999779
vn 0.021048 0.000000 0.999778
vn 0.021048 0.000001 0.999778
vn 0.021050 0.000001 0.999778
vn 0.021048 0.000001 0.999779
vn 0.021048 -0.000003 0.999778
vn 0.021049 0.000001 0.999778
vn 0.021047 -0.000000 0.999778
vn 0.021049 0.000001 0.999778
vn 0.021048 -0.000001 0.999779
vn 0.021048 0.000002 0.999778
vn 0.021048 0.000000 0.999778
vn 0.021048 -0.000000 0.999778
vn 0.021048 0.000001 0.999779
vn 0.021050 0.000001 0.999778
vn 0.021050 0.000001 0.999778
vn 0.021048 -0.000000 0.999778
vn 0.021045 -0.000002 0.999779
vn 0.021044 -0.000002 0.999779
vn 0.021048 -0.000001 0.999779
vn 0.021048 0.000001 0.999778
vn 0.021048 0.000000 0.999779
vn 0.021048 0.000001 0.999778
vn 0.021048 -0.000001 0.999779
vn 0.021047 -0.000002 0.999778
vn 0.021048 -0.000000 0.999779
vn 0.021048 0.000000 0.999778
vn 0.021048 0.000000 0.999778
vn 0.021048 -0.000000 0.999778
vn 0.021048 0.000000 0.999778
vn 0.021048 -0.000000 0.999778
vn 0.021048 -0.000000 0.999778
vn 0.021048 -0.000000 0.999779
vn 0.021049 0.000001 0.999779
vn 0.021048 0.000000 0.999778
vn 0.021049 0.000001 0.999779
vn 0.021047 -0.000001 0.999779
vn 0.021047 -0.000001 0.999779
vn 0.021050 0.000002 0.999778
vn 0.021048 -0.000000 0.999778
vn 0.021049 0.000000 0.999778
vn 0.021049 0.000001 0.999779
vn 0.021045 -0.000002 0.999779
vn 0.021050 0.000001 0.999778
vn 0.021046 -0.000001 0.999779
vn 0.021045 -0.000002 0.999779
vn 0.021049 0.000000 0.999778
vn 0.021044 0.000002 0.999779
vn 0.021046 0.000001 0.999779
vn 0.021054 -0.000004 0.999778
vn 0.021045 0.000002 0.999779
vn 0.021051 -0.000002 0.999778
vn 0.021048 0.000000 0.999778
vn 0.021047 0.000001 0.999779
vn 0.021046 0.000002 0.999779
vn 0.021047 0.000000 0.999778
vn 0.021048 -0.000001 0.999778
vn 0.021048 -0.000000 0.999779
vn 0.021047 0.000000 0.999778
vn 0.021048 -0.000001 0.999779
vn 0.021048 0.000000 0.999778
vn 0.021048 0.000000 0.999778
vn 0.021051 0.000001 0.999778
vn 0.021048 0.000000 0.999779
vn 0.021048 -0.000000 0.999778
vn 0.021048 0.000000 0.999779
vn 0.021048 -0.000000 0.999778
vn 0.021047 -0.000001 0.999779
vn 0.021047 0.000001 0.999779
vn 0.021049 -0.000002 0.999778
vn 0.021050 0.000001 0.999778
vn 0.021049 0.000000 0.999778
vn 0.021049 -0.000001 0.999779
vn 0.021046 0.000002 0.999778
vn 0.021047 -0.000000 0.999779
vn 0.021047 -0.000000 0.999779
vn 0.021049 -0.000001 0.999778
vn 0.021048 -0.000001 0.999779
vn 0.021046 -0.000000 0.999779
vn 0.021048 -0.000000 0.999779
vn 0.021047 0.000001 0.999778
vn 0.021047 0.000001 0.999779
vn 0.021051 0.000001 0.999778
vn 0.021047 -0.000000 0.999779
vn 0.021049 -0.000001 0.999779
vn 0.021049 -0.000001 0.999778
vn 0.021047 -0.000000 0.999779
vn 0.021045 -0.000001 0.999779
vn 0.021049 -0.000001 0.999779
vn 0.021048 -0.000000 0.999778
vn 0.021049 0.000000 0.999779
vn 0.021050 0.000000 0.999778
vn 0.021045 0.000002 0.999779
vn 0.021047 0.000001 0.999778
vn 0.021048 0.000000 0.999779
vn 0.021047 0.000000 0.999779
vn 0.021050 -0.000001 0.999778
vn 0.021048 -0.000000 0.999778
vn 0.021049 -0.000000 0.999778
vn 0.021048 0.000000 0.999778
vn 0.021048 0.000000 0.999779
vn 0.021048 -0.000000 0.999778
vn 0.021048 -0.000000 0.999778
vn 0.021046 0.000000 0.999779
vn 0.021047 0.000001 0.999779
vn 0.021047 0.000000 0.999778
vn 0.021047 0.000000 0.999778
vn 0.021052 -0.000000 0.999778
vn 0.021051 -0.000001 0.999778
vn 0.021049 -0.000000 0.999778
vn 0.021048 -0.000000 0.999778
vn 0.021045 0.000001 0.999779
vn 0.021045 0.000001 0.999779
vn 0.021048 -0.000000 0.999778
vn 0.021048 0.000000 0.999778
vn 0.021050 -0.000000 0.999778
vn 0.021048 0.000000 0.999778
vn 0.021049 -0.000000 0.999778
vn 0.021049 -0.000000 0.999778
vn 0.866079 0.499574 -0.018233
vn 0.866079 0.499574 -0.018233
vn 0.837256 0.546528 -0.017626
vn 0.837256 0.546528 -0.017626
vn 0.805881 0.591835 -0.016966
vn 0.805889 0.591823 -0.016967
vn 0.772057 0.635345 -0.016255
vn 0.772066 0.635334 -0.016254
vn 0.735898 0.676915 -0.015492
vn 0.735898 0.676915 -0.015492
vn 0.697507 0.716427 -0.014684
vn 0.697507 0.716427 -0.014684
vn 0.656984 0.753778 -0.013831
vn 0.656975 0.753786 -0.013832
vn 0.614469 0.788835 -0.012937
vn 0.614478 0.788828 -0.012936
vn 0.570089 0.821495 -0.012002
vn 0.570089 0.821495 -0.012002
vn 0.523981 0.851658 -0.011031
vn 0.523981 0.851658 -0.011031
vn 0.476279 0.879237 -0.010027
vn 0.476279 0.879237 -0.010027
vn 0.427140 0.904141 -0.008992
vn 0.427140 0.904141 -0.008992
vn 0.376686 0.926307 -0.007930
vn 0.376686 0.926307 -0.007930
vn 0.325105 0.945653 -0.006844
vn 0.272520 0.962133 -0.005737
vn 0.325105 0.945653 -0.006844
vn 0.272520 0.962133 -0.005737
vn 0.219117 0.975688 -0.004613
vn 0.219121 0.975687 -0.004613
vn 0.165054 0.986278 -0.003475
vn 0.165051 0.986279 -0.003475
vn 0.110484 0.993875 -0.002326
vn 0.055568 0.998454 -0.001170
vn 0.110484 0.993875 -0.002326
vn 0.055568 0.998454 -0.001170
vn 0.000503 1.000000 -0.000011
vn 0.000503 1.000000 -0.000011
vn -0.054576 0.998509 0.001149
vn -0.054576 0.998509 0.001149
vn -0.109489 0.993985 0.002305
vn -0.109487 0.993986 0.002305
vn -0.164064 0.986444 0.003454
vn -0.164067 0.986443 0.003454
vn -0.218147 0.975905 0.004592
vn -0.218143 0.975906 0.004593
vn -0.271559 0.962405 0.005717
vn -0.271564 0.962403 0.005717
vn -0.324157 0.945979 0.006824
vn -0.324157 0.945979 0.006824
vn -0.375761 0.926683 0.007911
vn -0.375761 0.926683 0.007911
vn -0.426226 0.904572 0.008973
vn -0.426226 0.904572 0.008973
vn -0.475403 0.879711 0.010008
vn -0.475403 0.879711 0.010008
vn -0.523136 0.852178 0.011013
vn -0.523128 0.852183 0.011014
vn -0.569270 0.822063 0.011986
vn -0.569279 0.822057 0.011985
vn -0.613683 0.789447 0.012919
vn -0.613683 0.789447 0.012919
vn -0.656227 0.754437 0.013815
vn -0.656227 0.754437 0.013815
vn -0.696787 0.717128 0.014669
vn -0.696787 0.717128 0.014669
vn -0.735221 0.677651 0.015478
vn -0.735221 0.677651 0.015478
vn -0.771427 0.636111 0.016240
vn -0.771427 0.636111 0.016240
vn -0.805296 0.592630 0.016953
vn -0.805287 0.592642 0.016955
vn -0.836702 0.547374 0.017616
vn -0.836711 0.547361 0.017615
vn -0.865586 0.500429 0.018223
vn -0.865578 0.500443 0.018224
vn -0.891832 0.451976 0.018777
vn -0.891825 0.451991 0.018775
vn -0.915372 0.402146 0.019271
vn -0.915372 0.402146 0.019271
vn -0.936126 0.351112 0.019708
vn -0.936126 0.351112 0.019708
vn -0.954044 0.298992 0.020085
vn -0.954044 0.298992 0.020085
vn -0.969064 0.245966 0.020401
vn -0.969064 0.245966 0.020401
vn -0.981138 0.192201 0.020655
vn -0.981138 0.192201 0.020655
vn -0.990234 0.137845 0.020847
vn -0.990234 0.137845 0.020847
vn -0.996322 0.083084 0.020975
vn -0.996322 0.083084 0.020975
vn -0.999385 0.028045 0.021039
vn -0.999385 0.028045 0.021039
vn -0.999413 -0.027049 0.021040
vn -0.999413 -0.027049 0.021040
vn -0.996404 -0.082087 0.020977
vn -0.996404 -0.082087 0.020977
vn -0.990373 -0.136849 0.020850
vn -0.990373 -0.136849 0.020850
vn -0.981329 -0.191222 0.020659
vn -0.981329 -0.191222 0.020659
vn -0.969307 -0.245006 0.020406
vn -0.969307 -0.245006 0.020406
vn -0.954344 -0.298032 0.020091
vn -0.954345 -0.298032 0.020091
vn -0.936478 -0.350172 0.019715
vn -0.936478 -0.350172 0.019715
vn -0.915770 -0.401240 0.019279
vn -0.915770 -0.401240 0.019279
vn -0.892281 -0.451090 0.018785
vn -0.892281 -0.451090 0.018785
vn -0.021048 -0.000001 -0.999778
vn -0.021048 -0.000001 -0.999778
vn -0.021049 -0.000001 -0.999778
vn -0.021047 0.000002 -0.999778
vn -0.021049 -0.000002 -0.999778
vn -0.021048 -0.000000 -0.999778
vn -0.021048 0.000001 -0.999778
vn -0.021048 -0.000002 -0.999778
vn -0.021047 0.000003 -0.999779
vn -0.021046 0.000004 -0.999778
vn -0.021048 -0.000000 -0.999778
vn -0.021048 -0.000001 -0.999779
vn -0.021048 0.000001 -0.999778
vn -0.021049 -0.000001 -0.999778
vn -0.021048 -0.000000 -0.999778
vn -0.021048 -0.000001 -0.999778
vn -0.021048 -0.000001 -0.999779
vn -0.021050 -0.000002 -0.999778
vn -0.021048 0.000000 -0.999778
vn -0.021048 0.000000 -0.999778
vn -0.021048 0.000001 -0.999779
vn -0.021047 0.000002 -0.999779
vn -0.021048 -0.000000 -0.999778
vn -0.021048 0.000001 -0.999778
vn -0.021048 -0.000001 -0.999778
vn -0.021048 0.000000 -0.999779
vn -0.021049 -0.000001 -0.999778
vn -0.021048 0.000000 -0.999778
vn -0.021048 -0.000000 -0.999779
vn -0.021049 -0.000001 -0.999779
vn -0.021047 0.000001 -0.999779
vn -0.021048 -0.000001 -0.999778
vn -0.021048 -0.000001 -0.999779
vn -0.021047 0.000001 -0.999779
vn -0.021049 -0.000001 -0.999778
vn -0.021048 0.000002 -0.999778
vn -0.021048 0.000002 -0.999779
vn -0.021049 -0.000001 -0.999778
vn -0.021048 0.000000 -0.999779
vn -0.021047 -0.000002 -0.999778
vn -0.021048 0.000000 -0.999778
vn -0.021048 -0.000000 -0.999779
vn -0.021047 0.000001 -0.999779
vn -0.021048 0.000000 -0.999779
vn -0.021048 0.000001 -0.999778
vn -0.021048 -0.000000 -0.999779
vn -0.021048 0.000000 -0.999779
vn -0.021048 -0.000000 -0.999779
vn -0.021048 -0.000001 -0.999778
vn -0.021046 0.000001 -0.999779
vn -0.021049 -0.000000 -0.999779
vn -0.021048 -0.000000 -0.999779
vn -0.021048 0.000000 -0.999778
vn -0.021049 -0.000001 -0.999779
vn -0.021048 -0.000000 -0.999778
vn -0.021048 0.000000 -0.999778
vn -0.021048 0.000000 -0.999778
vn -0.021049 -0.000001 -0.999778
vn -0.021047 0.000000 -0.999779
vn -0.021048 -0.000000 -0.999778
vn -0.021046 0.000001 -0.999779
vn -0.021047 0.000000 -0.999778
vn -0.021047 -0.000002 -0.999778
vn -0.021047 0.000000 -0.999778
vn -0.021050 -0.000001 -0.999779
vn -0.021049 0.000002 -0.999778
vn -0.021049 -0.000000 -0.999778
vn -0.021048 -0.000000 -0.999779
vn -0.021048 0.000000 -0.999779
vn -0.021051 -0.000001 -0.999778
vn -0.021047 0.000000 -0.999779
vn -0.021048 -0.000001 -0.999778
vn -0.021047 0.000000 -0.999779
vn -0.021045 0.000001 -0.999779
vn -0.021047 -0.000003 -0.999779
vn -0.021051 -0.000000 -0.999778
vn -0.021048 0.000000 -0.999779
vn -0.021048 0.000001 -0.999778
vn -0.021049 -0.000000 -0.999778
vn -0.021047 0.000000 -0.999778
vn -0.021048 0.000001 -0.999778
vn -0.021048 0.000000 -0.999778
vn -0.021049 -0.000000 -0.999778
vn -0.021048 0.000004 -0.999778
vn -0.021047 -0.000000 -0.999778
vn -0.021048 -0.000000 -0.999778
vn -0.021048 -0.000008 -0.999779
vn -0.021046 -0.000000 -0.999779
vn -0.021048 -0.000000 -0.999779
vn -0.021048 0.000007 -0.999779
vn -0.021049 0.000000 -0.999778
vn -0.021048 -0.000000 -0.999778
vn -0.021048 -0.000004 -0.999778
vn -0.021048 0.000000 -0.999778
vn -0.021048 -0.000000 -0.999779
vn -0.021048 0.000004 -0.999779
vn -0.021048 0.000000 -0.999778
vn -0.021049 0.000000 -0.999778
vn -0.021050 0.000001 -0.999778
vn -0.021047 -0.000000 -0.999779
vn -0.021046 -0.000001 -0.999778
vn -0.021049 0.000000 -0.999778
vn -0.021047 -0.000001 -0.999778
vn -0.021046 -0.000001 -0.999779
vn -0.021048 0.000000 -0.999778
vn -0.021049 0.000001 -0.999778
vn -0.021050 0.000001 -0.999778
vn -0.021048 0.000000 -0.999778
vn -0.021047 -0.000001 -0.999778
vn -0.021049 0.000001 -0.999778
vn -0.021047 -0.000001 -0.999779
vn -0.021046 -0.000002 -0.999778
vn -0.021048 0.000000 -0.999778
vn -0.021048 0.000000 -0.999778
vn -0.021047 -0.000001 -0.999779
vn -0.021048 -0.000000 -0.999778
vn -0.021050 0.000002 -0.999778
vn -0.021048 0.000000 -0.999779
vn -0.021046 -0.000003 -0.999779
vn -0.021049 0.000001 -0.999778
vn -0.021050 0.000002 -0.999778
vn -0.021048 0.000000 -0.999778
vn -0.021046 -0.000002 -0.999779
vn -0.021048 -0.000001 -0.999778
vn -0.021050 0.000003 -0.999778
vn -0.021053 0.000003 -0.999778
vn -0.021045 -0.000002 -0.999779
vn -0.021046 -0.000001 -0.999779
vn -0.021047 -0.000000 -0.999778
vn -0.021049 0.000001 -0.999778
vn -0.021049 0.000001 -0.999778
vn -0.021047 -0.000001 -0.999779
vn -0.021050 0.000002 -0.999778
vn -0.021048 0.000000 -0.999778
vn -0.021045 -0.000003 -0.999779
vn -0.021049 0.000001 -0.999779
vn -0.021047 -0.000001 -0.999778
vn -0.021050 0.000003 -0.999778
vn -0.021046 -0.000004 -0.999779
vn -0.021048 -0.000000 -0.999778
vn -0.021049 -0.000000 -0.999779
vn -0.021045 0.000000 -0.999779
vn -0.021049 -0.000000 -0.999778
vn -0.021047 0.000000 -0.999778
vn -0.021050 -0.000000 -0.999778
vn -0.021045 0.000000 -0.999779
vn -0.021048 0.000000 -0.999779
vn -0.021049 0.000000 -0.999778
vn -0.021049 0.000000 -0.999778
vn -0.021046 -0.000000 -0.999779
vn -0.021051 0.000000 -0.999778
vn -0.021046 -0.000000 -0.999778
vn -0.021049 0.000000 -0.999778
vn -0.021048 0.000000 -0.999779
vn -0.021047 -0.000000 -0.999779
vn -0.021072 -0.000017 -0.999778
vn -0.021052 -0.000003 -0.999778
vn -0.021060 -0.000009 -0.999778
vn -0.021041 0.000007 -0.999779
vn -0.021051 -0.000004 -0.999778
vn -0.021047 0.000001 -0.999778
vn -0.021020 0.000037 -0.999779
vn -0.021047 0.000001 -0.999778
vn -0.021060 -0.000019 -0.999778
vn -0.021036 0.000023 -0.999779
vn -0.021049 -0.000002 -0.999778
vn -0.021056 -0.000024 -0.999778
vn -0.021048 -0.000000 -0.999778
vn -0.021045 0.000023 -0.999779
vn -0.021048 -0.000003 -0.999778
vn -0.021048 -0.000027 -0.999778
vn -0.021049 0.000016 -0.999778
vn -0.021049 0.000007 -0.999779
vn -0.021048 -0.000004 -0.999778
vn -0.021048 0.000000 -0.999778
vn -0.021048 0.000004 -0.999778
vn -0.021063 0.000039 -0.999778
vn -0.021048 0.000000 -0.999778
vn -0.021048 -0.000000 -0.999778
vn -0.021048 0.000001 -0.999779
vn -0.021049 -0.000001 -0.999779
vn -0.021048 -0.000000 -0.999779
vn -0.021047 0.000001 -0.999778
vn -0.021049 -0.000002 -0.999779
vn -0.021048 -0.000001 -0.999778
vn -0.021048 0.000000 -0.999779
vn -0.021048 0.000000 -0.999778
vn -0.021046 0.000003 -0.999778
vn -0.021048 0.000000 -0.999778
vn -0.021048 -0.000000 -0.999778
vn -0.021049 -0.000002 -0.999778
vn -0.021049 -0.000001 -0.999778
vn -0.021049 -0.000001 -0.999778
vn -0.021048 0.000000 -0.999779
vn -0.021048 0.000000 -0.999779
vn -0.021047 -0.000002 -0.999779
vn -0.021046 -0.000005 -0.999779
vn -0.021039 -0.000016 -0.999779
vn -0.021050 0.000002 -0.999778
vn -0.021093 -0.000017 -0.999778
vn -0.021050 0.000003 -0.999778
vn -0.021048 -0.000000 -0.999778
vn -0.021051 0.000006 -0.999778
vn -0.021047 0.000001 -0.999779
vn -0.021048 0.000000 -0.999778
vn -0.021048 0.000001 -0.999778
vn -0.021048 -0.000001 -0.999778
vn -0.021055 -0.000002 -0.999778
vn -0.020982 0.000014 -0.999780
vn -0.021075 0.000027 -0.999778
vn -0.021026 0.000002 -0.999779
vn -0.021066 0.000014 -0.999778
vn -0.021044 -0.000003 -0.999779
vn -0.021049 0.000000 -0.999778
vn -0.021039 0.000001 -0.999779
vn -0.021049 0.000001 -0.999778
vn -0.021026 -0.000002 -0.999779
vn -0.021039 -0.000001 -0.999779
vn -0.021048 0.000000 -0.999778
vn -0.021064 0.000008 -0.999778
vn -0.021048 0.000000 -0.999779
vn -0.021040 -0.000003 -0.999779
vn -0.021048 -0.000000 -0.999779
vn -0.020989 -0.000013 -0.999780
vn -0.021048 -0.000000 -0.999778
vn -0.021040 -0.000004 -0.999779
vn -0.021049 0.000000 -0.999778
vn -0.021048 -0.000000 -0.999778
vn -0.021048 0.000000 -0.999778
vn -0.879517 -0.475508 0.018516
vn -0.879517 -0.475508 0.018516
vn -0.865969 -0.499765 0.018231
vn -0.865955 -0.499790 0.018232
vn -0.836851 -0.547147 0.017619
vn -0.836851 -0.547147 0.017619
vn -0.805174 -0.592797 0.016951
vn -0.805157 -0.592819 0.016952
vn -0.770968 -0.636667 0.016232
vn -0.734423 -0.678516 0.015463
vn -0.770985 -0.636647 0.016231
vn -0.734406 -0.678534 0.015461
vn -0.695573 -0.718306 0.014643
vn -0.695573 -0.718306 0.014643
vn -0.654594 -0.755855 0.013781
vn -0.654594 -0.755855 0.013781
vn -0.611574 -0.791083 0.012875
vn -0.611574 -0.791083 0.012875
vn -0.566693 -0.823843 0.011930
vn -0.566693 -0.823843 0.011930
vn -0.520024 -0.854082 0.010948
vn -0.520024 -0.854082 0.010948
vn -0.471779 -0.881661 0.009932
vn -0.471779 -0.881661 0.009932
vn -0.422057 -0.906526 0.008885
vn -0.422057 -0.906526 0.008885
vn -0.371033 -0.928587 0.007811
vn -0.371033 -0.928587 0.007811
vn -0.318869 -0.947775 0.006713
vn -0.318869 -0.947775 0.006713
vn -0.265715 -0.964036 0.005594
vn -0.265715 -0.964036 0.005594
vn -0.211738 -0.977316 0.004458
vn -0.211738 -0.977316 0.004458
vn -0.157110 -0.987576 0.003308
vn -0.157110 -0.987576 0.003308
vn -0.101995 -0.994783 0.002147
vn -0.101995 -0.994783 0.002147
vn -0.046565 -0.998915 0.000980
vn -0.046565 -0.998915 0.000980
vn 0.009009 -0.999959 -0.000190
vn 0.009009 -0.999959 -0.000190
vn 0.064555 -0.997913 -0.001359
vn 0.064555 -0.997913 -0.001359
vn 0.119901 -0.992783 -0.002524
vn 0.119901 -0.992783 -0.002524
vn 0.174876 -0.984584 -0.003682
vn 0.174882 -0.984583 -0.003682
vn 0.229308 -0.973342 -0.004828
vn 0.229316 -0.973340 -0.004828
vn 0.283047 -0.959088 -0.005959
vn 0.283038 -0.959090 -0.005959
vn 0.335894 -0.941873 -0.007072
vn 0.335894 -0.941873 -0.007072
vn 0.387713 -0.921744 -0.008162
vn 0.387700 -0.921749 -0.008163
vn 0.438321 -0.898771 -0.009228
vn 0.438321 -0.898771 -0.009228
vn 0.487574 -0.873021 -0.010265
vn 0.487589 -0.873013 -0.010265
vn 0.535339 -0.844562 -0.011270
vn 0.535324 -0.844572 -0.011271
vn 0.581436 -0.813500 -0.012241
vn 0.581436 -0.813500 -0.012241
vn 0.625744 -0.779917 -0.013173
vn 0.625744 -0.779917 -0.013173
vn 0.668099 -0.743940 -0.014065
vn 0.668099 -0.743940 -0.014065
vn 0.708405 -0.705648 -0.014914
vn 0.708405 -0.705648 -0.014914
vn 0.746512 -0.665186 -0.015716
vn 0.746512 -0.665186 -0.015716
vn 0.782330 -0.622646 -0.016470
vn 0.782330 -0.622646 -0.016470
vn 0.815711 -0.578204 -0.017173
vn 0.815711 -0.578204 -0.017173
vn 0.846571 -0.531978 -0.017822
vn 0.846571 -0.531978 -0.017822
vn 0.874830 -0.484080 -0.018417
vn 0.874830 -0.484080 -0.018417
vn 0.900375 -0.434702 -0.018955
vn 0.900375 -0.434702 -0.018955
vn 0.923123 -0.384012 -0.019434
vn 0.923123 -0.384012 -0.019434
vn 0.943047 -0.332066 -0.019853
vn 0.943047 -0.332066 -0.019853
vn 0.960035 -0.279150 -0.020211
vn 0.960035 -0.279150 -0.020211
vn 0.974063 -0.225345 -0.020506
vn 0.974063 -0.225345 -0.020506
vn 0.985078 -0.170853 -0.020738
vn 0.985078 -0.170853 -0.020738
vn 0.993047 -0.115846 -0.020906
vn 0.993047 -0.115846 -0.020906
vn 0.997949 -0.060463 -0.021009
vn 0.997949 -0.060463 -0.021009
vn 0.999767 -0.004873 -0.021047
vn 0.999767 -0.004873 -0.021047
vn 0.998494 0.050683 -0.021021
vn 0.998493 0.050683 -0.021021
vn 0.994135 0.106101 -0.020929
vn 0.994135 0.106101 -0.020929
vn 0.986696 0.161244 -0.020772
vn 0.986701 0.161211 -0.020774
vn 0.976220 0.215806 -0.020553
vn 0.976213 0.215839 -0.020551
vn 0.962718 0.269748 -0.020267
vn 0.962727 0.269716 -0.020269
vn 0.946246 0.322834 -0.019922
vn 0.946235 0.322865 -0.019920
vn 0.926850 0.374926 -0.019512
vn 0.926850 0.374926 -0.019512
vn 0.904566 0.425909 -0.019043
vn 0.904579 0.425881 -0.019045
vn 0.879520 0.475501 -0.018518
vn 0.879506 0.475528 -0.018516
vn 0.851746 0.523648 -0.017931
vn 0.851746 0.523649 -0.017931
vn 0.821320 0.570205 -0.017291
vn 0.821320 0.570205 -0.017291
vn 0.788365 0.614983 -0.016597
vn 0.788382 0.614962 -0.016599
vn 0.752985 0.657847 -0.015853
vn 0.752985 0.657847 -0.015853
vn 0.715272 0.698684 -0.015059
vn 0.715272 0.698684 -0.015059
vn 0.675333 0.737376 -0.014217
vn 0.675350 0.737360 -0.014219
vn 0.633332 0.773765 -0.013333
vn 0.633332 0.773765 -0.013333
vn 0.589363 0.807773 -0.012407
vn 0.589363 0.807773 -0.012407
vn 0.543575 0.839282 -0.011445
vn 0.496083 0.868213 -0.010445
vn 0.543560 0.839292 -0.011443
vn 0.496097 0.868204 -0.010444
vn 0.447085 0.894442 -0.009412
vn 0.447099 0.894435 -0.009413
vn 0.396708 0.917907 -0.008352
vn 0.396696 0.917912 -0.008351
vn 0.345086 0.938543 -0.007265
vn 0.345086 0.938543 -0.007265
vn 0.292401 0.956276 -0.006156
vn 0.292401 0.956276 -0.006156
vn 0.238814 0.971052 -0.005028
vn 0.238822 0.971050 -0.005028
vn 0.184499 0.982825 -0.003884
vn 0.184493 0.982826 -0.003884
vn 0.129603 0.991562 -0.002728
vn 0.129603 0.991562 -0.002728
vn 0.074307 0.997234 -0.001564
vn 0.074310 0.997234 -0.001565
vn 0.018785 0.999824 -0.000396
vn 0.018784 0.999824 -0.000395
vn -0.036794 0.999323 0.000775
vn -0.036795 0.999323 0.000775
vn -0.092267 0.995732 0.001943
vn -0.092264 0.995733 0.001942
vn -0.147444 0.989066 0.003104
vn -0.147449 0.989065 0.003104
vn -0.202181 0.979339 0.004257
vn -0.202174 0.979340 0.004256
vn -0.256271 0.966590 0.005395
vn -0.256271 0.966590 0.005395
vn -0.309593 0.950847 0.006518
vn -0.309593 0.950847 0.006518
vn -0.361930 0.932174 0.007619
vn -0.361930 0.932174 0.007619
vn -0.413174 0.910610 0.008698
vn -0.413174 0.910610 0.008698
vn -0.463140 0.886231 0.009750
vn -0.463140 0.886231 0.009750
vn -0.511650 0.859127 0.010771
vn -0.511650 0.859127 0.010771
vn -0.558601 0.829354 0.011760
vn -0.558601 0.829353 0.011760
vn -0.603815 0.797023 0.012712
vn -0.647182 0.762214 0.013625
vn -0.603815 0.797023 0.012712
vn -0.647182 0.762214 0.013625
vn -0.688521 0.725072 0.014496
vn -0.688504 0.725088 0.014495
vn -0.727744 0.685678 0.015322
vn -0.764704 0.644180 0.016100
vn -0.727744 0.685678 0.015322
vn -0.764721 0.644160 0.016099
vn -0.799334 0.600651 0.016828
vn -0.799334 0.600651 0.016828
vn -0.831458 0.555311 0.017504
vn -0.831458 0.555311 0.017504
vn -0.861044 0.508207 0.018129
vn -0.887941 0.459578 0.018695
vn -0.861029 0.508233 0.018127
vn -0.887941 0.459578 0.018695
vn -0.912103 0.409512 0.019202
vn -0.912115 0.409483 0.019204
vn -0.933447 0.358177 0.019651
vn -0.933447 0.358177 0.019651
vn -0.951903 0.305743 0.020040
vn -0.951903 0.305743 0.020040
vn -0.967422 0.252351 0.020366
vn -0.967421 0.252351 0.020366
vn -0.979951 0.198168 0.020630
vn -0.979951 0.198168 0.020630
vn -0.989445 0.143401 0.020830
vn -0.995883 0.088189 0.020966
vn -0.989445 0.143401 0.020830
vn -0.995883 0.088189 0.020966
vn -0.999245 0.032668 0.021036
vn -0.999244 0.032702 0.021038
vn -0.999517 -0.022888 0.021042
vn -0.999516 -0.022922 0.021044
vn -0.996698 -0.078443 0.020983
vn -0.996698 -0.078443 0.020983
vn -0.990799 -0.133724 0.020859
vn -0.990799 -0.133724 0.020859
vn -0.981838 -0.188594 0.020672
vn -0.981844 -0.188560 0.020670
vn -0.969850 -0.242847 0.020418
vn -0.969842 -0.242879 0.020419
vn -0.954849 -0.296411 0.020102
vn -0.954849 -0.296411 0.020102
vn -0.936898 -0.349047 0.019726
vn -0.936909 -0.349017 0.019724
vn -0.916068 -0.400558 0.019285
vn -0.916056 -0.400587 0.019287
vn -0.892395 -0.450863 0.018787
vn -0.892395 -0.450863 0.018787
vn 0.865954 0.499791 -0.018231
vn 0.865969 0.499765 -0.018230
vn 0.836851 0.547147 -0.017617
vn 0.836851 0.547147 -0.017617
vn 0.805159 0.592817 -0.016951
vn 0.805175 0.592795 -0.016950
vn 0.770984 0.636648 -0.016230
vn 0.770967 0.636668 -0.016231
vn 0.734407 0.678534 -0.015461
vn 0.734424 0.678515 -0.015461
vn 0.695571 0.718308 -0.014644
vn 0.654594 0.755855 -0.013781
vn 0.695571 0.718308 -0.014644
vn 0.654594 0.755855 -0.013781
vn 0.611577 0.791080 -0.012875
vn 0.566691 0.823844 -0.011930
vn 0.611577 0.791080 -0.012875
vn 0.566675 0.823855 -0.011929
vn 0.520025 0.854081 -0.010948
vn 0.520040 0.854072 -0.010948
vn 0.471779 0.881661 -0.009932
vn 0.471779 0.881661 -0.009932
vn 0.422056 0.906526 -0.008885
vn 0.371033 0.928587 -0.007811
vn 0.422056 0.906526 -0.008885
vn 0.371033 0.928587 -0.007811
vn 0.318874 0.947773 -0.006713
vn 0.318874 0.947773 -0.006713
vn 0.265710 0.964037 -0.005594
vn 0.265710 0.964037 -0.005594
vn 0.211731 0.977318 -0.004458
vn 0.157117 0.987574 -0.003308
vn 0.211731 0.977318 -0.004458
vn 0.157117 0.987574 -0.003308
vn 0.101998 0.994782 -0.002147
vn 0.101998 0.994782 -0.002147
vn 0.046562 0.998915 -0.000980
vn 0.046562 0.998915 -0.000980
vn -0.009004 0.999959 0.000190
vn -0.009004 0.999959 0.000190
vn -0.064561 0.997913 0.001359
vn -0.064561 0.997913 0.001359
vn -0.119901 0.992783 0.002524
vn -0.119901 0.992783 0.002524
vn -0.174880 0.984583 0.003682
vn -0.174875 0.984584 0.003681
vn -0.229310 0.973341 0.004827
vn -0.229303 0.973343 0.004827
vn -0.283046 0.959088 0.005959
vn -0.283055 0.959085 0.005959
vn -0.335896 0.941873 0.007071
vn -0.335896 0.941873 0.007071
vn -0.387692 0.921753 0.008162
vn -0.387704 0.921748 0.008162
vn -0.438329 0.898767 0.009228
vn -0.438329 0.898767 0.009228
vn -0.487584 0.873015 0.010264
vn -0.535327 0.844570 0.011269
vn -0.487570 0.873024 0.010265
vn -0.535342 0.844560 0.011271
vn -0.581431 0.813503 0.012241
vn -0.581431 0.813503 0.012241
vn -0.625750 0.779913 0.013174
vn -0.668099 0.743939 0.014065
vn -0.625750 0.779913 0.013174
vn -0.668100 0.743939 0.014065
vn -0.708401 0.705652 0.014914
vn -0.708401 0.705653 0.014914
vn -0.746512 0.665187 0.015716
vn -0.782331 0.622645 0.016470
vn -0.746512 0.665187 0.015716
vn -0.782331 0.622645 0.016470
vn -0.815712 0.578204 0.017173
vn -0.815712 0.578204 0.017173
vn -0.846571 0.531978 0.017823
vn -0.874829 0.484082 0.018418
vn -0.846571 0.531978 0.017823
vn -0.874829 0.484082 0.018418
vn -0.900376 0.434699 0.018956
vn -0.900376 0.434699 0.018956
vn -0.923122 0.384015 0.019434
vn -0.923122 0.384015 0.019434
vn -0.943048 0.332064 0.019854
vn -0.943048 0.332064 0.019854
vn -0.960035 0.279150 0.020212
vn -0.960035 0.279150 0.020212
vn -0.974063 0.225346 0.020507
vn -0.974063 0.225346 0.020507
vn -0.985078 0.170853 0.020739
vn -0.985078 0.170853 0.020739
vn -0.993047 0.115847 0.020907
vn -0.993047 0.115847 0.020907
vn -0.997949 0.060462 0.021010
vn -0.997949 0.060462 0.021010
vn -0.999767 0.004873 0.021048
vn -0.999766 0.004907 0.021047
vn -0.998492 -0.050717 0.021020
vn -0.998494 -0.050683 0.021021
vn -0.994135 -0.106101 0.020929
vn -0.994135 -0.106101 0.020929
vn -0.986701 -0.161211 0.020773
vn -0.986696 -0.161244 0.020772
vn -0.976220 -0.215806 0.020551
vn -0.976220 -0.215806 0.020551
vn -0.962718 -0.269748 0.020267
vn -0.962718 -0.269748 0.020267
vn -0.946246 -0.322833 0.019920
vn -0.946236 -0.322864 0.019921
vn -0.926849 -0.374927 0.019513
vn -0.926849 -0.374927 0.019513
vn -0.904579 -0.425881 0.019044
vn -0.904579 -0.425881 0.019044
vn -0.879507 -0.475526 0.018516
vn -0.879507 -0.475526 0.018516
vn -0.851745 -0.523649 0.017932
vn -0.851745 -0.523649 0.017932
vn -0.821320 -0.570206 0.017291
vn -0.821320 -0.570206 0.017291
vn -0.788383 -0.614961 0.016598
vn -0.788366 -0.614982 0.016596
vn -0.752985 -0.657847 0.015852
vn -0.752985 -0.657847 0.015852
vn -0.715272 -0.698684 0.015058
vn -0.715272 -0.698684 0.015058
vn -0.675348 -0.737363 0.014217
vn -0.675330 -0.737378 0.014218
vn -0.633333 -0.773764 0.013333
vn -0.589363 -0.807773 0.012408
vn -0.633333 -0.773764 0.013334
vn -0.589363 -0.807773 0.012408
vn -0.543559 -0.839293 0.011443
vn -0.496099 -0.868203 0.010444
vn -0.543575 -0.839283 0.011444
vn -0.496084 -0.868212 0.010444
vn -0.447097 -0.894436 0.009413
vn -0.447083 -0.894443 0.009412
vn -0.396713 -0.917905 0.008351
vn -0.396700 -0.917910 0.008352
vn -0.345084 -0.938544 0.007265
vn -0.345084 -0.938544 0.007265
vn -0.292401 -0.956276 0.006156
vn -0.292401 -0.956276 0.006156
vn -0.238822 -0.971050 0.005028
vn -0.238814 -0.971052 0.005027
vn -0.184494 -0.982826 0.003884
vn -0.184500 -0.982825 0.003884
vn -0.129601 -0.991562 0.002728
vn -0.129601 -0.991562 0.002728
vn -0.074311 -0.997234 0.001564
vn -0.074308 -0.997234 0.001564
vn -0.018783 -0.999824 0.000395
vn -0.018784 -0.999824 0.000395
vn 0.036795 -0.999323 -0.000775
vn 0.036794 -0.999323 -0.000775
vn 0.092265 -0.995733 -0.001942
vn 0.092268 -0.995732 -0.001943
vn 0.147442 -0.989066 -0.003104
vn 0.147447 -0.989065 -0.003104
vn 0.202174 -0.979340 -0.004256
vn 0.202181 -0.979339 -0.004256
vn 0.256272 -0.966590 -0.005395
vn 0.256272 -0.966590 -0.005395
vn 0.309594 -0.950847 -0.006518
vn 0.309594 -0.950846 -0.006518
vn 0.361941 -0.932170 -0.007620
vn 0.361930 -0.932174 -0.007619
vn 0.413176 -0.910609 -0.008698
vn 0.413176 -0.910610 -0.008698
vn 0.463122 -0.886241 -0.009749
vn 0.463136 -0.886233 -0.009750
vn 0.511652 -0.859125 -0.010772
vn 0.511652 -0.859125 -0.010772
vn 0.558602 -0.829352 -0.011760
vn 0.558602 -0.829352 -0.011760
vn 0.603811 -0.797026 -0.012712
vn 0.603811 -0.797026 -0.012712
vn 0.647184 -0.762212 -0.013625
vn 0.647184 -0.762212 -0.013625
vn 0.688521 -0.725071 -0.014495
vn 0.688521 -0.725071 -0.014495
vn 0.727726 -0.685697 -0.015320
vn 0.727743 -0.685678 -0.015321
vn 0.764721 -0.644160 -0.016100
vn 0.799334 -0.600652 -0.016828
vn 0.764704 -0.644180 -0.016098
vn 0.799334 -0.600652 -0.016828
vn 0.831459 -0.555310 -0.017505
vn 0.831459 -0.555310 -0.017505
vn 0.861043 -0.508209 -0.018127
vn 0.861028 -0.508235 -0.018126
vn 0.887941 -0.459577 -0.018693
vn 0.887941 -0.459577 -0.018693
vn 0.912116 -0.409482 -0.019203
vn 0.912103 -0.409511 -0.019201
vn 0.933447 -0.358177 -0.019652
vn 0.933447 -0.358177 -0.019652
vn 0.951903 -0.305745 -0.020040
vn 0.967422 -0.252350 -0.020367
vn 0.951903 -0.305744 -0.020040
vn 0.967422 -0.252350 -0.020367
vn 0.979951 -0.198168 -0.020631
vn 0.979951 -0.198168 -0.020631
vn 0.989445 -0.143402 -0.020831
vn 0.989445 -0.143402 -0.020831
vn 0.995883 -0.088188 -0.020966
vn 0.995883 -0.088188 -0.020966
vn 0.999244 -0.032702 -0.021036
vn 0.999245 -0.032668 -0.021037
vn 0.999516 0.022922 -0.021043
vn 0.999517 0.022888 -0.021041
vn 0.996698 0.078444 -0.020983
vn 0.996698 0.078443 -0.020983
vn 0.990799 0.133725 -0.020859
vn 0.990799 0.133725 -0.020859
vn 0.981844 0.188561 -0.020669
vn 0.981838 0.188594 -0.020671
vn 0.969842 0.242879 -0.020418
vn 0.969850 0.242847 -0.020417
vn 0.954849 0.296411 -0.020102
vn 0.954849 0.296411 -0.020102
vn 0.936909 0.349015 -0.019723
vn 0.936898 0.349045 -0.019724
vn 0.916056 0.400587 -0.019286
vn 0.892395 0.450865 -0.018787
vn 0.916068 0.400558 -0.019285
vn 0.892395 0.450865 -0.018787
vn 0.021031 -0.000035 0.999779
vn 0.021059 0.000017 0.999778
vn 0.021033 -0.000034 0.999779
vn 0.021049 -0.000114 0.999778
vn 0.021059 -0.000089 0.999778
vn 0.021052 0.000007 0.999778
vn 0.020919 -0.000146 0.999781
vn 0.021108 0.000072 0.999777
vn 0.021014 -0.000042 0.999779
vn 0.021137 0.000083 0.999777
vn 0.021049 -0.000003 0.999778
vn 0.021048 0.000003 0.999778
vn 0.021048 -0.000001 0.999779
vn 0.021048 -0.000002 0.999778
vn 0.021047 0.000012 0.999779
vn 0.021047 0.000011 0.999779
vn 0.021032 0.000061 0.999779
vn 0.021018 0.000110 0.999779
vn 0.021049 0.000001 0.999779
vn 0.021058 0.000009 0.999778
vn 0.021051 0.000005 0.999778
vn 0.020992 0.000108 0.999780
vn 0.021049 -0.000009 0.999779
vn 0.021072 -0.000052 0.999778
vn 0.021068 0.000011 0.999778
vn 0.021049 0.000001 0.999778
vn 0.021089 0.000021 0.999778
vn 0.021050 0.000001 0.999778
vn 0.021107 -0.000076 0.999777
vn 0.021097 -0.000064 0.999777
vn 0.020992 -0.000016 0.999780
vn 0.021193 -0.000145 0.999775
vn 0.020858 -0.000026 0.999782
vn 0.021065 -0.000013 0.999778
vn 0.021034 0.000011 0.999779
vn 0.021042 0.000006 0.999779
vn 0.020970 0.000000 0.999780
vn 0.021049 0.000000 0.999778
vn 0.020987 0.000000 0.999780
vn 0.021033 -0.000002 0.999779
vn 0.021050 0.000000 0.999778
vn 0.021058 0.000001 0.999778
vn 0.021050 -0.000001 0.999778
vn 0.021004 0.000024 0.999779
vn 0.020897 0.000024 0.999782
vn 0.021051 -0.000001 0.999778
vn 0.021071 -0.000009 0.999778
vn 0.021043 -0.000001 0.999779
vn 0.021050 0.000000 0.999778
vn 0.021036 0.000004 0.999779
vn 0.021070 -0.000007 0.999778
vn 0.021051 -0.000001 0.999778
vn 0.021048 -0.000000 0.999778
vn 0.021048 0.000000 0.999778
vn 0.021047 -0.000001 0.999779
vn 0.021125 -0.000010 0.999777
vn 0.021024 0.000014 0.999779
vn 0.020989 0.000032 0.999780
vn 0.020996 0.000000 0.999780
vn 0.021057 -0.000006 0.999778
vn 0.020996 0.000000 0.999780
vn 0.021043 -0.000001 0.999779
vn 0.021125 0.000003 0.999777
vn 0.021118 -0.000056 0.999777
vn 0.021177 0.000032 0.999776
vn 0.021029 -0.000001 0.999779
vn 0.021071 0.000001 0.999778
vn 0.021069 0.000001 0.999778
vn 0.021121 -0.000090 0.999777
vn 0.021006 0.000046 0.999779
vn 0.021031 0.000018 0.999779
vn 0.021051 -0.000002 0.999778
vn 0.021058 -0.000008 0.999778
vn 0.021048 -0.000000 0.999778
vn 0.021049 0.000001 0.999778
vn 0.021133 0.000037 0.999777
vn 0.021135 -0.000147 0.999777
vn 0.020901 -0.000080 0.999781
vn 0.021069 0.000011 0.999778
vn 0.021014 0.000057 0.999779
vn 0.021016 0.000053 0.999779
vn 0.021049 -0.000002 0.999778
vn 0.020987 0.000187 0.999780
vn 0.021083 0.000034 0.999778
vn 0.021076 0.000028 0.999778
vn 0.021051 0.000002 0.999778
vn 0.021053 0.000003 0.999778
vn 0.021036 -0.000011 0.999779
vn 0.021069 -0.000133 0.999778
vn 0.021039 -0.000006 0.999779
vn 0.021048 -0.000000 0.999778
vn 0.021033 0.000113 0.999779
vn 0.021041 0.000042 0.999779
vn 0.021048 0.000000 0.999778
vn 0.021047 0.000002 0.999778
vn 0.021048 -0.000000 0.999778
vn 0.021048 0.000000 0.999778
vn 0.021048 -0.000003 0.999779
vn 0.021051 0.000003 0.999778
vn 0.021040 -0.000014 0.999779
vn 0.021054 0.000003 0.999778
vn 0.021047 -0.000001 0.999779
vn 0.020974 -0.000145 0.999780
vn 0.021062 0.000031 0.999778
vn 0.021071 0.000124 0.999778
vn 0.021048 0.000000 0.999778
vn 0.021043 -0.000025 0.999779
vn 0.021052 0.000010 0.999778
vn 0.021048 0.000000 0.999778
vn 0.021045 -0.000018 0.999779
vn 0.021048 0.000000 0.999778
f 1//1 2//1 3//1
f 1//2 3//2 4//2
f 5//3 6//3 7//3
f 5//4 7//4 8//4
f 9//5 5//5 8//5
f 9//6 8//6 10//6
f 11//7 9//7 10//7
f 11//8 10//8 12//8
f 13//9 11//9 12//9
f 13//10 12//10 14//10
f 15//11 13//11 14//11
f 15//12 14//12 16//12
f 17//13 15//13 16//13
f 17//14 16//14 18//14
f 19//15 17//15 18//15
f 19//16 18//16 20//16
f 21//17 19//17 20//17
f 21//18 20//18 22//18
f 23//19 21//19 22//19
f 23//20 22//20 24//20
f 25//21 23//21 24//21
f 25//22 24//22 26//22
f 25//23 26//23 27//23
f 28//24 25//24 27//24
f 29//25 28//25 27//25
f 29//26 27//26 30//26
f 29//27 30//27 31//27
f 32//28 31//28 33//28
f 32//29 29//29 31//29
f 34//30 32//30 33//30
f 35//31 33//31 36//31
f 35//32 34//32 33//32
f 37//33 36//33 38//33
f 37//34 35//34 36//34
f 39//35 38//35 40//35
f 39//36 37//36 38//36
f 41//37 40//37 42//37
f 41//38 39//38 40//38
f 43//39 42//39 44//39
f 43//40 41//40 42//40
f 45//41 44//41 46//41
f 45//42 43//42 44//42
f 47//43 45//43 46//43
f 47//44 46//44 48//44
f 49//45 47//45 48//45
f 49//46 48//46 50//46
f 51//47 49//47 50//47
f 51//48 50//48 52//48
f 53//49 51//49 52//49
f 53//50 52//50 54//50
f 55//51 53//51 54//51
f 55//52 54//52 56//52
f 57//53 55//53 56//53
f 57//54 56//54 58//54
f 59//55 57//55 58//55
f 59//56 58//56 60//56
f 61//57 59//57 60//57
f 61//58 60//58 62//58
f 63//59 61//59 62//59
f 63//60 62//60 64//60
f 65//61 63//61 64//61
f 65//62 64//62 66//62
f 65//63 66//63 67//63
f 68//64 65//64 67//64
f 69//65 68//65 67//65
f 69//66 67//66 70//66
f 71//67 69//67 70//67
f 71//68 70//68 72//68
f 73//69 71//69 72//69
f 73//70 72//70 74//70
f 75//71 73//71 74//71
f 75//72 74//72 76//72
f 77//73 75//73 76//73
f 77//74 76//74 78//74
f 79//75 77//75 78//75
f 79//76 78//76 80//76
f 79//77 80//77 81//77
f 82//78 79//78 81//78
f 83//79 82//79 81//79
f 83//80 81//80 84//80
f 85//81 83//81 84//81
f 85//82 84//82 86//82
f 87//83 85//83 86//83
f 87//84 86//84 88//84
f 89//85 87//85 88//85
f 89//86 88//86 90//86
f 91//87 90//87 92//87
f 91//88 89//88 90//88
f 93//89 92//89 94//89
f 93//90 94//90 95//90
f 93//91 91//91 92//91
f 96//92 93//92 95//92
f 97//93 96//93 95//93
f 97//94 95//94 98//94
f 99//95 98//95 100//95
f 99//96 97//96 98//96
f 101//97 100//97 102//97
f 101//98 99//98 100//98
f 103//99 102//99 104//99
f 103//100 101//100 102//100
f 105//101 104//101 106//101
f 105//102 103//102 104//102
f 107//103 106//103 108//103
f 107//104 105//104 106//104
f 109//105 108//105 110//105
f 109//106 107//106 108//106
f 111//107 110//107 112//107
f 111//108 109//108 110//108
f 113//109 112//109 114//109
f 113//110 111//110 112//110
f 115//111 114//111 116//111
f 115//112 113//112 114//112
f 117//113 116//113 118//113
f 117//114 115//114 116//114
f 1//115 118//115 2//115
f 1//116 117//116 118//116
f 119//117 34//117 35//117
f 120//118 32//118 34//118
f 120//119 34//119 119//119
f 121//120 35//120 37//120
f 121//121 119//121 35//121
f 122//122 29//122 32//122
f 122//123 32//123 120//123
f 123//124 121//124 37//124
f 123//125 37//125 39//125
f 124//126 28//126 29//126
f 124//127 29//127 122//127
f 125//128 123//128 39//128
f 125//129 39//129 41//129
f 126//130 25//130 28//130
f 126//131 28//131 124//131
f 127//132 125//132 41//132
f 127//133 41//133 43//133
f 128//134 25//134 126//134
f 128//135 23//135 25//135
f 129//136 43//136 45//136
f 129//137 127//137 43//137
f 130//138 23//138 128//138
f 130//139 21//139 23//139
f 131//140 45//140 47//140
f 131//141 129//141 45//141
f 132//142 19//142 21//142
f 132//143 21//143 130//143
f 133//144 131//144 47//144
f 133//145 47//145 49//145
f 134//146 17//146 19//146
f 134//147 19//147 132//147
f 135//148 49//148 51//148
f 135//149 133//149 49//149
f 136//150 15//150 17//150
f 136//151 17//151 134//151
f 137//152 51//152 53//152
f 137//153 135//153 51//153
f 138//154 13//154 15//154
f 138//155 15//155 136//155
f 139//156 53//156 55//156
f 139//157 137//157 53//157
f 140//158 11//158 13//158
f 140//159 13//159 138//159
f 141//160 55//160 57//160
f 141//161 139//161 55//161
f 142//162 9//162 11//162
f 142//163 11//163 140//163
f 143//164 57//164 59//164
f 143//165 141//165 57//165
f 144//166 5//166 9//166
f 144//167 9//167 142//167
f 145//168 59//168 61//168
f 145//169 143//169 59//169
f 146//170 6//170 5//170
f 146//171 5//171 144//171
f 147//172 61//172 63//172
f 147//173 145//173 61//173
f 148//174 6//174 146//174
f 149//175 63//175 65//175
f 149//176 147//176 63//176
f 150//177 6//177 148//177
f 151//178 65//178 68//178
f 151//179 149//179 65//179
f 152//180 6//180 150//180
f 153//181 68//181 69//181
f 153//182 151//182 68//182
f 154//183 6//183 152//183
f 155//184 69//184 71//184
f 155//185 153//185 69//185
f 156//186 6//186 154//186
f 157//187 155//187 71//187
f 157//188 71//188 73//188
f 158//189 6//189 156//189
f 159//190 73//190 75//190
f 159//191 157//191 73//191
f 160//192 6//192 158//192
f 161//193 75//193 77//193
f 161//194 159//194 75//194
f 162//195 6//195 160//195
f 163//196 77//196 79//196
f 163//197 161//197 77//197
f 164//198 6//198 162//198
f 165//199 163//199 79//199
f 165//200 79//200 82//200
f 166//201 6//201 164//201
f 167//202 165//202 82//202
f 167//203 82//203 83//203
f 168//204 6//204 166//204
f 169//205 167//205 83//205
f 169//206 83//206 85//206
f 170//207 6//207 168//207
f 171//208 169//208 85//208
f 171//209 85//209 87//209
f 172//210 6//210 170//210
f 173//211 171//211 87//211
f 173//212 87//212 89//212
f 174//213 173//213 89//213
f 91//214 174//214 89//214
f 175//215 174//215 91//215
f 93//216 175//216 91//216
f 93//217 176//217 175//217
f 96//218 177//218 176//218
f 96//219 176//219 93//219
f 97//220 178//220 177//220
f 97//221 177//221 96//221
f 99//222 179//222 178//222
f 99//223 178//223 97//223
f 101//224 180//224 179//224
f 101//225 179//225 99//225
f 103//226 181//226 180//226
f 103//227 180//227 101//227
f 105//228 182//228 181//228
f 105//229 181//229 103//229
f 107//230 183//230 182//230
f 107//231 182//231 105//231
f 109//232 183//232 107//232
f 109//233 184//233 183//233
f 111//234 185//234 184//234
f 111//235 184//235 109//235
f 113//236 185//236 111//236
f 113//237 186//237 185//237
f 115//238 187//238 186//238
f 115//239 186//239 113//239
f 117//240 188//240 187//240
f 117//241 187//241 115//241
f 1//242 189//242 188//242
f 1//243 190//243 189//243
f 1//244 191//244 190//244
f 1//245 192//245 191//245
f 1//246 193//246 192//246
f 1//247 194//247 193//247
f 1//248 195//248 194//248
f 1//249 196//249 195//249
f 1//250 197//250 196//250
f 1//251 198//251 197//251
f 1//252 199//252 198//252
f 1//253 200//253 199//253
f 1//254 201//254 200//254
f 1//255 188//255 117//255
f 202//256 203//256 204//256
f 202//257 172//257 203//257
f 202//258 204//258 205//258
f 206//259 204//259 207//259
f 206//260 205//260 204//260
f 208//261 209//261 6//261
f 208//262 6//262 172//262
f 208//263 172//263 202//263
f 210//264 207//264 211//264
f 210//265 206//265 207//265
f 212//266 209//266 208//266
f 213//267 210//267 211//267
f 213//268 211//268 214//268
f 215//269 209//269 212//269
f 216//270 213//270 214//270
f 216//271 214//271 217//271
f 218//272 209//272 215//272
f 219//273 216//273 217//273
f 219//274 217//274 220//274
f 221//275 209//275 218//275
f 222//276 219//276 220//276
f 222//277 220//277 223//277
f 224//278 209//278 221//278
f 225//279 222//279 223//279
f 225//280 223//280 226//280
f 227//281 209//281 224//281
f 228//282 225//282 226//282
f 228//283 226//283 229//283
f 230//284 209//284 227//284
f 231//285 228//285 229//285
f 231//286 232//286 233//286
f 231//287 229//287 232//287
f 234//288 209//288 230//288
f 235//289 231//289 233//289
f 236//290 209//290 234//290
f 237//291 233//291 238//291
f 237//292 235//292 233//292
f 239//293 209//293 236//293
f 240//294 237//294 238//294
f 240//295 238//295 241//295
f 242//296 209//296 239//296
f 243//297 241//297 244//297
f 243//298 240//298 241//298
f 245//299 209//299 242//299
f 246//300 243//300 244//300
f 246//301 244//301 247//301
f 248//302 249//302 209//302
f 248//303 209//303 245//303
f 250//304 246//304 247//304
f 250//305 247//305 251//305
f 252//306 253//306 249//306
f 252//307 249//307 248//307
f 254//308 250//308 251//308
f 254//309 251//309 255//309
f 256//310 257//310 253//310
f 256//311 253//311 252//311
f 258//312 255//312 259//312
f 258//313 254//313 255//313
f 260//314 261//314 257//314
f 260//315 257//315 256//315
f 262//316 259//316 263//316
f 262//317 258//317 259//317
f 264//318 265//318 261//318
f 264//319 261//319 260//319
f 266//320 263//320 267//320
f 266//321 262//321 263//321
f 268//322 269//322 265//322
f 268//323 265//323 264//323
f 270//324 267//324 271//324
f 270//325 266//325 267//325
f 272//326 273//326 269//326
f 272//327 269//327 268//327
f 274//328 271//328 275//328
f 274//329 270//329 271//329
f 276//330 277//330 273//330
f 276//331 273//331 272//331
f 278//332 279//332 280//332
f 278//333 275//333 279//333
f 278//334 274//334 275//334
f 281//335 282//335 277//335
f 281//336 277//336 276//336
f 283//337 278//337 280//337
f 284//338 285//338 282//338
f 284//339 282//339 281//339
f 286//340 287//340 288//340
f 286//341 280//341 287//341
f 286//342 283//342 280//342
f 289//343 290//343 285//343
f 289//344 285//344 284//344
f 291//345 286//345 288//345
f 292//346 293//346 290//346
f 292//347 290//347 289//347
f 294//348 295//348 296//348
f 294//349 288//349 295//349
f 294//350 291//350 288//350
f 297//351 298//351 293//351
f 297//352 293//352 292//352
f 299//353 294//353 296//353
f 300//354 298//354 297//354
f 301//355 298//355 300//355
f 302//356 299//356 296//356
f 302//357 296//357 303//357
f 304//358 301//358 300//358
f 305//359 302//359 303//359
f 305//360 303//360 201//360
f 306//361 301//361 304//361
f 306//362 304//362 307//362
f 308//363 306//363 307//363
f 308//364 307//364 309//364
f 310//365 308//365 309//365
f 310//366 309//366 311//366
f 312//367 310//367 311//367
f 312//368 311//368 313//368
f 314//369 312//369 313//369
f 314//370 313//370 315//370
f 316//371 315//371 317//371
f 316//372 314//372 315//372
f 318//373 317//373 319//373
f 318//374 316//374 317//374
f 320//375 318//375 319//375
f 320//376 319//376 321//376
f 322//377 320//377 321//377
f 322//378 321//378 323//378
f 324//379 322//379 323//379
f 324//380 323//380 325//380
f 326//381 324//381 325//381
f 326//382 325//382 327//382
f 328//383 326//383 327//383
f 328//384 327//384 329//384
f 330//385 329//385 331//385
f 330//386 328//386 329//386
f 332//387 331//387 333//387
f 332//388 330//388 331//388
f 4//389 334//389 305//389
f 4//390 335//390 334//390
f 4//391 336//391 335//391
f 4//392 337//392 336//392
f 4//393 338//393 337//393
f 4//394 339//394 338//394
f 4//395 340//395 339//395
f 4//396 341//396 340//396
f 4//397 342//397 341//397
f 4//398 343//398 342//398
f 4//399 344//399 343//399
f 4//400 345//400 344//400
f 4//401 346//401 345//401
f 4//402 201//402 1//402
f 4//403 305//403 201//403
f 347//404 333//404 348//404
f 347//405 332//405 333//405
f 349//406 350//406 346//406
f 349//407 346//407 4//407
f 351//408 348//408 352//408
f 351//409 347//409 348//409
f 353//410 350//410 349//410
f 353//411 354//411 350//411
f 355//412 351//412 352//412
f 355//413 352//413 356//413
f 357//414 354//414 353//414
f 357//415 358//415 354//415
f 359//416 356//416 360//416
f 359//417 355//417 356//417
f 361//418 362//418 358//418
f 361//419 358//419 357//419
f 363//420 360//420 364//420
f 363//421 359//421 360//421
f 365//422 362//422 361//422
f 365//423 366//423 362//423
f 367//424 364//424 368//424
f 367//425 363//425 364//425
f 369//426 370//426 366//426
f 369//427 366//427 365//427
f 371//428 367//428 368//428
f 371//429 368//429 372//429
f 373//430 374//430 370//430
f 373//431 370//431 369//431
f 375//432 372//432 376//432
f 375//433 371//433 372//433
f 377//434 378//434 374//434
f 377//435 374//435 373//435
f 379//436 376//436 380//436
f 379//437 375//437 376//437
f 381//438 382//438 378//438
f 381//439 378//439 377//439
f 383//440 380//440 384//440
f 383//441 379//441 380//441
f 385//442 386//442 382//442
f 385//443 382//443 381//443
f 387//444 383//444 384//444
f 387//445 384//445 388//445
f 389//446 390//446 386//446
f 389//447 386//447 385//447
f 391//448 387//448 388//448
f 391//449 388//449 392//449
f 393//450 394//450 390//450
f 393//451 390//451 389//451
f 395//452 391//452 392//452
f 395//453 392//453 396//453
f 397//454 398//454 394//454
f 397//455 394//455 393//455
f 399//456 395//456 396//456
f 399//457 396//457 400//457
f 401//458 398//458 397//458
f 401//459 400//459 398//459
f 401//460 399//460 400//460
f 349//461 4//461 3//461
f 349//462 3//462 402//462
f 353//463 349//463 402//463
f 353//464 402//464 403//464
f 353//465 403//465 404//465
f 357//466 353//466 404//466
f 361//467 357//467 404//467
f 361//468 404//468 405//468
f 365//469 361//469 405//469
f 365//470 405//470 406//470
f 369//471 365//471 406//471
f 369//472 406//472 407//472
f 373//473 369//473 407//473
f 373//474 407//474 408//474
f 377//475 373//475 408//475
f 377//476 408//476 409//476
f 377//477 409//477 410//477
f 381//478 377//478 410//478
f 385//479 381//479 410//479
f 385//480 410//480 411//480
f 385//481 411//481 412//481
f 389//482 385//482 412//482
f 393//483 389//483 412//483
f 393//484 412//484 413//484
f 397//485 413//485 414//485
f 397//486 393//486 413//486
f 397//487 414//487 415//487
f 401//488 415//488 416//488
f 401//489 397//489 415//489
f 399//490 401//490 416//490
f 395//491 416//491 417//491
f 395//492 399//492 416//492
f 391//493 417//493 418//493
f 391//494 395//494 417//494
f 387//495 418//495 419//495
f 387//496 419//496 420//496
f 387//497 391//497 418//497
f 383//498 387//498 420//498
f 379//499 383//499 420//499
f 379//500 420//500 421//500
f 375//501 379//501 421//501
f 375//502 421//502 422//502
f 371//503 375//503 422//503
f 371//504 422//504 423//504
f 367//505 371//505 423//505
f 367//506 423//506 424//506
f 363//507 367//507 424//507
f 363//508 424//508 425//508
f 359//509 363//509 425//509
f 359//510 425//510 426//510
f 355//511 359//511 426//511
f 355//512 426//512 427//512
f 351//513 355//513 427//513
f 351//514 427//514 428//514
f 347//515 351//515 428//515
f 347//516 428//516 429//516
f 332//517 347//517 429//517
f 332//518 429//518 430//518
f 330//519 332//519 430//519
f 330//520 430//520 431//520
f 328//521 330//521 431//521
f 328//522 431//522 432//522
f 326//523 328//523 432//523
f 326//524 432//524 433//524
f 324//525 326//525 433//525
f 324//526 433//526 434//526
f 322//527 324//527 434//527
f 322//528 434//528 435//528
f 320//529 322//529 435//529
f 320//530 435//530 436//530
f 318//531 320//531 436//531
f 318//532 436//532 437//532
f 316//533 318//533 437//533
f 316//534 437//534 438//534
f 314//535 316//535 438//535
f 314//536 438//536 439//536
f 312//537 314//537 439//537
f 312//538 439//538 440//538
f 312//539 440//539 441//539
f 310//540 312//540 441//540
f 308//541 310//541 441//541
f 308//542 441//542 442//542
f 306//543 308//543 442//543
f 306//544 442//544 443//544
f 301//545 443//545 444//545
f 301//546 306//546 443//546
f 298//547 444//547 445//547
f 298//548 301//548 444//548
f 293//549 445//549 446//549
f 293//550 298//550 445//550
f 290//551 446//551 447//551
f 290//552 293//552 446//552
f 285//553 447//553 448//553
f 285//554 290//554 447//554
f 282//555 448//555 449//555
f 282//556 285//556 448//556
f 277//557 449//557 450//557
f 277//558 282//558 449//558
f 273//559 450//559 451//559
f 273//560 277//560 450//560
f 269//561 451//561 452//561
f 269//562 273//562 451//562
f 265//563 452//563 453//563
f 265//564 269//564 452//564
f 261//565 453//565 454//565
f 261//566 265//566 453//566
f 257//567 454//567 455//567
f 257//568 261//568 454//568
f 253//569 455//569 456//569
f 253//570 257//570 455//570
f 249//571 456//571 457//571
f 249//572 253//572 456//572
f 209//573 249//573 457//573
f 209//574 457//574 458//574
f 459//575 92//575 90//575
f 460//576 90//576 88//576
f 460//577 459//577 90//577
f 461//578 94//578 92//578
f 461//579 92//579 459//579
f 462//580 460//580 88//580
f 462//581 88//581 86//581
f 463//582 95//582 94//582
f 463//583 94//583 461//583
f 464//584 462//584 86//584
f 464//585 86//585 84//585
f 465//586 95//586 463//586
f 465//587 98//587 95//587
f 466//588 464//588 84//588
f 466//589 84//589 81//589
f 467//590 100//590 98//590
f 467//591 98//591 465//591
f 468//592 466//592 81//592
f 468//593 81//593 80//593
f 469//594 102//594 100//594
f 469//595 100//595 467//595
f 470//596 468//596 80//596
f 470//597 80//597 78//597
f 471//598 104//598 102//598
f 471//599 102//599 469//599
f 472//600 470//600 78//600
f 472//601 78//601 76//601
f 473//602 106//602 104//602
f 473//603 104//603 471//603
f 474//604 472//604 76//604
f 474//605 76//605 74//605
f 475//606 108//606 106//606
f 475//607 106//607 473//607
f 476//608 474//608 74//608
f 476//609 74//609 72//609
f 477//610 110//610 108//610
f 477//611 108//611 475//611
f 478//612 476//612 72//612
f 478//613 72//613 70//613
f 479//614 112//614 110//614
f 479//615 110//615 477//615
f 480//616 478//616 70//616
f 480//617 70//617 67//617
f 481//618 114//618 112//618
f 481//619 112//619 479//619
f 482//620 480//620 67//620
f 482//621 67//621 66//621
f 483//622 116//622 114//622
f 483//623 114//623 481//623
f 484//624 482//624 66//624
f 484//625 66//625 64//625
f 485//626 118//626 116//626
f 485//627 116//627 483//627
f 486//628 484//628 64//628
f 486//629 64//629 62//629
f 487//630 2//630 118//630
f 487//631 118//631 485//631
f 488//632 486//632 62//632
f 488//633 62//633 60//633
f 489//634 2//634 487//634
f 490//635 488//635 60//635
f 490//636 60//636 58//636
f 491//637 2//637 489//637
f 492//638 490//638 58//638
f 492//639 58//639 56//639
f 493//640 2//640 491//640
f 494//641 492//641 56//641
f 494//642 56//642 54//642
f 495//643 2//643 493//643
f 496//644 494//644 54//644
f 496//645 54//645 52//645
f 497//646 2//646 495//646
f 498//647 52//647 50//647
f 498//648 496//648 52//648
f 499//649 2//649 497//649
f 500//650 498//650 50//650
f 500//651 50//651 48//651
f 501//652 2//652 499//652
f 502//653 48//653 46//653
f 502//654 500//654 48//654
f 503//655 2//655 501//655
f 504//656 46//656 44//656
f 504//657 502//657 46//657
f 505//658 2//658 503//658
f 506//659 504//659 44//659
f 506//660 44//660 42//660
f 507//661 2//661 505//661
f 508//662 506//662 42//662
f 508//663 42//663 40//663
f 509//664 2//664 507//664
f 510//665 508//665 40//665
f 510//666 40//666 38//666
f 511//667 2//667 509//667
f 512//668 510//668 38//668
f 512//669 38//669 36//669
f 513//670 2//670 511//670
f 514//671 512//671 36//671
f 33//672 514//672 36//672
f 515//673 514//673 33//673
f 31//674 515//674 33//674
f 31//675 516//675 515//675
f 30//676 516//676 31//676
f 30//677 517//677 516//677
f 27//678 517//678 30//678
f 27//679 518//679 517//679
f 26//680 518//680 27//680
f 26//681 519//681 518//681
f 24//682 519//682 26//682
f 24//683 520//683 519//683
f 22//684 521//684 520//684
f 22//685 520//685 24//685
f 20//686 522//686 521//686
f 20//687 521//687 22//687
f 18//688 522//688 20//688
f 18//689 523//689 522//689
f 16//690 523//690 18//690
f 16//691 524//691 523//691
f 14//692 524//692 16//692
f 14//693 525//693 524//693
f 12//694 525//694 14//694
f 12//695 526//695 525//695
f 10//696 526//696 12//696
f 10//697 527//697 526//697
f 8//698 527//698 10//698
f 8//699 528//699 527//699
f 7//700 529//700 530//700
f 7//701 530//701 531//701
f 7//702 531//702 532//702
f 7//703 532//703 533//703
f 7//704 533//704 534//704
f 7//705 534//705 535//705
f 7//706 535//706 536//706
f 7//707 536//707 537//707
f 7//708 528//708 8//708
f 7//709 537//709 538//709
f 7//710 538//710 539//710
f 7//711 539//711 540//711
f 7//712 540//712 541//712
f 7//713 541//713 528//713
f 3//714 2//714 513//714
f 3//715 513//715 542//715
f 3//716 542//716 543//716
f 3//717 543//717 544//717
f 3//718 544//718 545//718
f 3//719 545//719 546//719
f 3//720 546//720 547//720
f 3//721 547//721 548//721
f 3//722 548//722 549//722
f 3//723 549//723 550//723
f 3//724 550//724 551//724
f 3//725 551//725 552//725
f 3//726 552//726 553//726
f 3//727 553//727 554//727
f 3//728 554//728 555//728
f 3//729 555//729 556//729
f 404//730 403//730 402//730
f 405//731 402//731 3//731
f 405//732 404//732 402//732
f 408//733 406//733 405//733
f 408//734 407//734 406//734
f 408//735 405//735 3//735
f 410//736 409//736 408//736
f 410//737 408//737 3//737
f 412//738 411//738 410//738
f 413//739 412//739 410//739
f 414//740 413//740 410//740
f 416//741 415//741 414//741
f 416//742 414//742 410//742
f 419//743 418//743 417//743
f 420//744 419//744 417//744
f 422//745 421//745 420//745
f 423//746 422//746 420//746
f 424//747 423//747 420//747
f 424//748 417//748 416//748
f 424//749 420//749 417//749
f 425//750 424//750 416//750
f 428//751 427//751 426//751
f 458//752 3//752 556//752
f 458//753 556//753 557//753
f 458//754 557//754 558//754
f 458//755 558//755 559//755
f 458//756 559//756 560//756
f 458//757 560//757 561//757
f 458//758 561//758 562//758
f 458//759 562//759 563//759
f 458//760 529//760 7//760
f 458//761 563//761 564//761
f 458//762 564//762 565//762
f 458//763 565//763 566//763
f 458//764 566//764 567//764
f 458//765 567//765 568//765
f 458//766 568//766 569//766
f 458//767 569//767 570//767
f 458//768 570//768 571//768
f 458//769 571//769 529//769
f 457//770 3//770 458//770
f 431//771 430//771 429//771
f 432//772 429//772 428//772
f 432//773 431//773 429//773
f 455//774 457//774 456//774
f 433//775 428//775 426//775
f 433//776 426//776 425//776
f 433//777 432//777 428//777
f 454//778 457//778 455//778
f 434//779 416//779 410//779
f 434//780 433//780 425//780
f 434//781 425//781 416//781
f 452//782 457//782 454//782
f 452//783 454//783 453//783
f 436//784 435//784 434//784
f 450//785 452//785 451//785
f 438//786 437//786 436//786
f 438//787 436//787 434//787
f 449//788 457//788 452//788
f 449//789 452//789 450//789
f 440//790 439//790 438//790
f 446//791 448//791 447//791
f 446//792 449//792 448//792
f 446//793 457//793 449//793
f 442//794 441//794 440//794
f 443//795 440//795 438//795
f 443//796 442//796 440//796
f 444//797 434//797 410//797
f 444//798 446//798 445//798
f 444//799 438//799 434//799
f 444//800 443//800 438//800
f 444//801 457//801 446//801
f 444//802 410//802 3//802
f 444//803 3//803 457//803
f 7//804 6//804 458//804
f 458//805 6//805 209//805
f 188//806 189//806 487//806
f 487//807 189//807 489//807
f 489//808 190//808 491//808
f 189//809 190//809 489//809
f 491//810 191//810 493//810
f 190//811 191//811 491//811
f 493//812 192//812 495//812
f 495//813 192//813 497//813
f 191//814 192//814 493//814
f 192//815 193//815 497//815
f 497//816 194//816 499//816
f 193//817 194//817 497//817
f 499//818 195//818 501//818
f 194//819 195//819 499//819
f 501//820 196//820 503//820
f 195//821 196//821 501//821
f 503//822 197//822 505//822
f 196//823 197//823 503//823
f 505//824 198//824 507//824
f 197//825 198//825 505//825
f 507//826 199//826 509//826
f 198//827 199//827 507//827
f 509//828 200//828 511//828
f 199//829 200//829 509//829
f 511//830 201//830 513//830
f 200//831 201//831 511//831
f 513//832 303//832 542//832
f 201//833 303//833 513//833
f 542//834 296//834 543//834
f 303//835 296//835 542//835
f 543//836 295//836 544//836
f 296//837 295//837 543//837
f 544//838 288//838 545//838
f 295//839 288//839 544//839
f 545//840 287//840 546//840
f 288//841 287//841 545//841
f 287//842 280//842 546//842
f 546//843 280//843 547//843
f 280//844 279//844 547//844
f 547//845 279//845 548//845
f 279//846 275//846 548//846
f 548//847 275//847 549//847
f 275//848 271//848 549//848
f 549//849 271//849 550//849
f 550//850 271//850 551//850
f 271//851 267//851 551//851
f 267//852 263//852 551//852
f 551//853 263//853 552//853
f 263//854 259//854 552//854
f 552//855 259//855 553//855
f 259//856 255//856 553//856
f 553//857 255//857 554//857
f 554//858 251//858 555//858
f 255//859 251//859 554//859
f 555//860 247//860 556//860
f 251//861 247//861 555//861
f 556//862 244//862 557//862
f 247//863 244//863 556//863
f 557//864 241//864 558//864
f 244//865 241//865 557//865
f 558//866 238//866 559//866
f 241//867 238//867 558//867
f 559//868 233//868 560//868
f 238//869 233//869 559//869
f 560//870 232//870 561//870
f 233//871 232//871 560//871
f 561//872 229//872 562//872
f 232//873 229//873 561//873
f 562//874 226//874 563//874
f 229//875 226//875 562//875
f 563//876 223//876 564//876
f 226//877 223//877 563//877
f 564//878 220//878 565//878
f 223//879 220//879 564//879
f 565//880 217//880 566//880
f 220//881 217//881 565//881
f 566//882 214//882 567//882
f 217//883 214//883 566//883
f 567//884 211//884 568//884
f 214//885 211//885 567//885
f 568//886 207//886 569//886
f 211//887 207//887 568//887
f 569//888 204//888 570//888
f 207//889 204//889 569//889
f 204//890 203//890 570//890
f 570//891 203//891 571//891
f 203//892 172//892 571//892
f 571//893 172//893 529//893
f 172//894 170//894 529//894
f 529//895 170//895 530//895
f 170//896 168//896 530//896
f 530//897 168//897 531//897
f 168//898 166//898 531//898
f 531//899 166//899 532//899
f 166//900 164//900 532//900
f 532//901 164//901 533//901
f 164//902 162//902 533//902
f 533//903 162//903 534//903
f 162//904 160//904 534//904
f 534//905 160//905 535//905
f 160//906 158//906 535//906
f 535//907 158//907 536//907
f 158//908 156//908 536//908
f 536//909 156//909 537//909
f 156//910 154//910 537//910
f 537//911 154//911 538//911
f 154//912 152//912 538//912
f 538//913 152//913 539//913
f 152//914 150//914 539//914
f 539//915 150//915 540//915
f 150//916 148//916 540//916
f 540//917 148//917 541//917
f 148//918 146//918 541//918
f 541//919 146//919 528//919
f 146//920 144//920 528//920
f 528//921 144//921 527//921
f 144//922 142//922 527//922
f 527//923 142//923 526//923
f 142//924 140//924 526//924
f 526//925 140//925 525//925
f 140//926 138//926 525//926
f 525//927 138//927 524//927
f 524//928 136//928 523//928
f 138//929 136//929 524//929
f 523//930 134//930 522//930
f 136//931 134//931 523//931
f 522//932 132//932 521//932
f 134//933 132//933 522//933
f 521//934 130//934 520//934
f 132//935 130//935 521//935
f 520//936 128//936 519//936
f 519//937 128//937 518//937
f 130//938 128//938 520//938
f 128//939 126//939 518//939
f 126//940 124//940 518//940
f 518//941 124//941 517//941
f 124//942 122//942 517//942
f 517//943 122//943 516//943
f 122//944 120//944 516//944
f 516//945 120//945 515//945
f 120//946 119//946 515//946
f 515//947 119//947 514//947
f 119//948 121//948 514//948
f 514//949 121//949 512//949
f 121//950 123//950 512//950
f 512//951 123//951 510//951
f 123//952 125//952 510//952
f 510//953 125//953 508//953
f 125//954 127//954 508//954
f 508//955 127//955 506//955
f 127//956 129//956 506//956
f 506//957 129//957 504//957
f 129//958 131//958 504//958
f 504//959 131//959 502//959
f 131//960 133//960 502//960
f 502//961 133//961 500//961
f 133//962 135//962 500//962
f 500//963 135//963 498//963
f 135//964 137//964 498//964
f 498//965 137//965 496//965
f 137//966 139//966 496//966
f 496//967 139//967 494//967
f 139//968 141//968 494//968
f 494//969 141//969 492//969
f 492//970 141//970 490//970
f 141//971 143//971 490//971
f 490//972 143//972 488//972
f 143//973 145//973 488//973
f 145//974 147//974 488//974
f 488//975 147//975 486//975
f 486//976 147//976 484//976
f 147//977 149//977 484//977
f 149//978 151//978 484//978
f 484//979 151//979 482//979
f 482//980 153//980 480//980
f 480//981 153//981 478//981
f 151//982 153//982 482//982
f 153//983 155//983 478//983
f 478//984 157//984 476//984
f 155//985 157//985 478//985
f 476//986 159//986 474//986
f 474//987 159//987 472//987
f 157//988 159//988 476//988
f 159//989 161//989 472//989
f 161//990 163//990 472//990
f 472//991 163//991 470//991
f 163//992 165//992 470//992
f 470//993 165//993 468//993
f 468//994 167//994 466//994
f 466//995 167//995 464//995
f 165//996 167//996 468//996
f 167//997 169//997 464//997
f 464//998 171//998 462//998
f 169//999 171//999 464//999
f 462//1000 173//1000 460//1000
f 171//1001 173//1001 462//1001
f 460//1002 174//1002 459//1002
f 173//1003 174//1003 460//1003
f 459//1004 175//1004 461//1004
f 174//1005 175//1005 459//1005
f 461//1006 176//1006 463//1006
f 175//1007 176//1007 461//1007
f 463//1008 177//1008 465//1008
f 465//1009 177//1009 467//1009
f 176//1010 177//1010 463//1010
f 177//1011 178//1011 467//1011
f 467//1012 178//1012 469//1012
f 178//1013 179//1013 469//1013
f 469//1014 180//1014 471//1014
f 179//1015 180//1015 469//1015
f 471//1016 181//1016 473//1016
f 180//1017 181//1017 471//1017
f 473//1018 182//1018 475//1018
f 181//1019 182//1019 473//1019
f 475//1020 183//1020 477//1020
f 182//1021 183//1021 475//1021
f 477//1022 184//1022 479//1022
f 183//1023 184//1023 477//1023
f 479//1024 185//1024 481//1024
f 184//1025 185//1025 479//1025
f 481//1026 186//1026 483//1026
f 185//1027 186//1027 481//1027
f 483//1028 187//1028 485//1028
f 186//1029 187//1029 483//1029
f 485//1030 188//1030 487//1030
f 187//1031 188//1031 485//1031
f 572//1032 573//1032 346//1032
f 572//1033 346//1033 350//1033
f 574//1034 350//1034 354//1034
f 574//1035 572//1035 350//1035
f 575//1036 354//1036 358//1036
f 575//1037 574//1037 354//1037
f 576//1038 358//1038 362//1038
f 576//1039 575//1039 358//1039
f 577//1040 362//1040 366//1040
f 577//1041 576//1041 362//1041
f 578//1042 366//1042 370//1042
f 578//1043 370//1043 374//1043
f 578//1044 577//1044 366//1044
f 579//1045 578//1045 374//1045
f 580//1046 374//1046 378//1046
f 580//1047 378//1047 382//1047
f 580//1048 579//1048 374//1048
f 581//1049 580//1049 382//1049
f 582//1050 382//1050 386//1050
f 582//1051 581//1051 382//1051
f 583//1052 386//1052 390//1052
f 583//1053 582//1053 386//1053
f 584//1054 390//1054 394//1054
f 584//1055 394//1055 398//1055
f 584//1056 583//1056 390//1056
f 585//1057 584//1057 398//1057
f 586//1058 398//1058 400//1058
f 586//1059 585//1059 398//1059
f 587//1060 400//1060 396//1060
f 587//1061 586//1061 400//1061
f 588//1062 396//1062 392//1062
f 588//1063 392//1063 388//1063
f 588//1064 587//1064 396//1064
f 589//1065 588//1065 388//1065
f 590//1066 589//1066 388//1066
f 590//1067 388//1067 384//1067
f 590//1068 384//1068 380//1068
f 591//1069 590//1069 380//1069
f 592//1070 591//1070 380//1070
f 592//1071 380//1071 376//1071
f 593//1072 592//1072 376//1072
f 593//1073 376//1073 372//1073
f 593//1074 372//1074 368//1074
f 594//1075 593//1075 368//1075
f 594//1076 368//1076 364//1076
f 595//1077 594//1077 364//1077
f 596//1078 595//1078 364//1078
f 596//1079 364//1079 360//1079
f 597//1080 596//1080 360//1080
f 597//1081 360//1081 356//1081
f 597//1082 356//1082 352//1082
f 598//1083 597//1083 352//1083
f 598//1084 352//1084 348//1084
f 599//1085 598//1085 348//1085
f 600//1086 599//1086 348//1086
f 600//1087 348//1087 333//1087
f 601//1088 333//1088 331//1088
f 601//1089 331//1089 329//1089
f 601//1090 600//1090 333//1090
f 602//1091 601//1091 329//1091
f 603//1092 329//1092 327//1092
f 603//1093 602//1093 329//1093
f 604//1094 327//1094 325//1094
f 604//1095 325//1095 323//1095
f 604//1096 603//1096 327//1096
f 605//1097 604//1097 323//1097
f 606//1098 323//1098 321//1098
f 606//1099 605//1099 323//1099
f 607//1100 321//1100 319//1100
f 607//1101 319//1101 317//1101
f 607//1102 606//1102 321//1102
f 608//1103 607//1103 317//1103
f 609//1104 317//1104 315//1104
f 609//1105 608//1105 317//1105
f 610//1106 315//1106 313//1106
f 610//1107 313//1107 311//1107
f 610//1108 609//1108 315//1108
f 611//1109 610//1109 311//1109
f 612//1110 311//1110 309//1110
f 612//1111 611//1111 311//1111
f 613//1112 309//1112 307//1112
f 613//1113 612//1113 309//1113
f 614//1114 307//1114 304//1114
f 614//1115 613//1115 307//1115
f 615//1116 304//1116 300//1116
f 615//1117 614//1117 304//1117
f 616//1118 615//1118 300//1118
f 616//1119 300//1119 297//1119
f 617//1120 616//1120 297//1120
f 617//1121 297//1121 292//1121
f 618//1122 617//1122 292//1122
f 618//1123 292//1123 289//1123
f 619//1124 618//1124 289//1124
f 619//1125 289//1125 284//1125
f 619//1126 284//1126 281//1126
f 620//1127 619//1127 281//1127
f 621//1128 620//1128 281//1128
f 621//1129 281//1129 276//1129
f 621//1130 276//1130 272//1130
f 622//1131 621//1131 272//1131
f 623//1132 622//1132 272//1132
f 623//1133 272//1133 268//1133
f 624//1134 623//1134 268//1134
f 624//1135 268//1135 264//1135
f 625//1136 624//1136 264//1136
f 625//1137 264//1137 260//1137
f 625//1138 260//1138 256//1138
f 626//1139 625//1139 256//1139
f 627//1140 626//1140 256//1140
f 627//1141 256//1141 252//1141
f 628//1142 627//1142 252//1142
f 628//1143 252//1143 248//1143
f 629//1144 628//1144 248//1144
f 629//1145 248//1145 245//1145
f 629//1146 245//1146 242//1146
f 630//1147 629//1147 242//1147
f 631//1148 630//1148 242//1148
f 631//1149 242//1149 239//1149
f 632//1150 631//1150 239//1150
f 632//1151 239//1151 236//1151
f 632//1152 236//1152 234//1152
f 633//1153 632//1153 234//1153
f 634//1154 234//1154 230//1154
f 634//1155 633//1155 234//1155
f 634//1156 230//1156 227//1156
f 635//1157 634//1157 227//1157
f 636//1158 227//1158 224//1158
f 636//1159 224//1159 221//1159
f 636//1160 635//1160 227//1160
f 637//1161 636//1161 221//1161
f 638//1162 221//1162 218//1162
f 638//1163 218//1163 215//1163
f 638//1164 637//1164 221//1164
f 639//1165 638//1165 215//1165
f 640//1166 639//1166 215//1166
f 640//1167 215//1167 212//1167
f 640//1168 212//1168 208//1168
f 641//1169 640//1169 208//1169
f 641//1170 208//1170 202//1170
f 642//1171 641//1171 202//1171
f 643//1172 642//1172 202//1172
f 643//1173 202//1173 205//1173
f 644//1174 643//1174 205//1174
f 644//1175 205//1175 206//1175
f 645//1176 644//1176 206//1176
f 645//1177 206//1177 210//1177
f 645//1178 210//1178 213//1178
f 646//1179 645//1179 213//1179
f 647//1180 646//1180 213//1180
f 647//1181 213//1181 216//1181
f 648//1182 647//1182 216//1182
f 648//1183 216//1183 219//1183
f 649//1184 648//1184 219//1184
f 649//1185 219//1185 222//1185
f 650//1186 649//1186 222//1186
f 650//1187 222//1187 225//1187
f 650//1188 225//1188 228//1188
f 651//1189 650//1189 228//1189
f 652//1190 651//1190 228//1190
f 652//1191 228//1191 231//1191
f 652//1192 231//1192 235//1192
f 653//1193 652//1193 235//1193
f 654//1194 653//1194 235//1194
f 654//1195 235//1195 237//1195
f 655//1196 654//1196 237//1196
f 655//1197 237//1197 240//1197
f 656//1198 655//1198 240//1198
f 656//1199 240//1199 243//1199
f 657//1200 656//1200 243//1200
f 657//1201 243//1201 246//1201
f 657//1202 246//1202 250//1202
f 658//1203 657//1203 250//1203
f 659//1204 658//1204 250//1204
f 659//1205 250//1205 254//1205
f 660//1206 254//1206 258//1206
f 660//1207 659//1207 254//1207
f 661//1208 258//1208 262//1208
f 661//1209 660//1209 258//1209
f 662//1210 262//1210 266//1210
f 662//1211 661//1211 262//1211
f 663//1212 266//1212 270//1212
f 663//1213 662//1213 266//1213
f 664//1214 270//1214 274//1214
f 664//1215 274//1215 278//1215
f 664//1216 663//1216 270//1216
f 665//1217 664//1217 278//1217
f 666//1218 665//1218 278//1218
f 666//1219 278//1219 283//1219
f 667//1220 666//1220 283//1220
f 667//1221 283//1221 286//1221
f 668//1222 286//1222 291//1222
f 668//1223 667//1223 286//1223
f 669//1224 291//1224 294//1224
f 669//1225 668//1225 291//1225
f 670//1226 294//1226 299//1226
f 670//1227 669//1227 294//1227
f 671//1228 299//1228 302//1228
f 671//1229 302//1229 305//1229
f 671//1230 670//1230 299//1230
f 672//1231 671//1231 305//1231
f 673//1232 305//1232 334//1232
f 673//1233 672//1233 305//1233
f 674//1234 334//1234 335//1234
f 674//1235 673//1235 334//1235
f 675//1236 335//1236 336//1236
f 675//1237 674//1237 335//1237
f 676//1238 336//1238 337//1238
f 676//1239 675//1239 336//1239
f 677//1240 337//1240 338//1240
f 677//1241 676//1241 337//1241
f 678//1242 338//1242 339//1242
f 678//1243 677//1243 338//1243
f 679//1244 339//1244 340//1244
f 679//1245 678//1245 339//1245
f 680//1246 340//1246 341//1246
f 680//1247 679//1247 340//1247
f 681//1248 341//1248 342//1248
f 681//1249 680//1249 341//1249
f 682//1250 342//1250 343//1250
f 682//1251 681//1251 342//1251
f 683//1252 343//1252 344//1252
f 683//1253 682//1253 343//1253
f 684//1254 344//1254 345//1254
f 684//1255 345//1255 346//1255
f 684//1256 683//1256 344//1256
f 573//1257 684//1257 346//1257
f 638//1258 639//1258 640//1258
f 638//1259 640//1259 641//1259
f 638//1260 641//1260 642//1260
f 649//1261 647//1261 648//1261
f 651//1262 649//1262 650//1262
f 634//1263 638//1263 642//1263
f 634//1264 635//1264 636//1264
f 634//1265 636//1265 637//1265
f 634//1266 637//1266 638//1266
f 632//1267 633//1267 634//1267
f 654//1268 649//1268 651//1268
f 654//1269 647//1269 649//1269
f 654//1270 643//1270 644//1270
f 654//1271 644//1271 645//1271
f 654//1272 645//1272 646//1272
f 654//1273 646//1273 647//1273
f 654//1274 651//1274 652//1274
f 654//1275 652//1275 653//1275
f 631//1276 634//1276 642//1276
f 631//1277 632//1277 634//1277
f 631//1278 642//1278 643//1278
f 657//1279 655//1279 656//1279
f 658//1280 655//1280 657//1280
f 658//1281 654//1281 655//1281
f 627//1282 628//1282 629//1282
f 626//1283 629//1283 630//1283
f 626//1284 630//1284 631//1284
f 626//1285 627//1285 629//1285
f 661//1286 658//1286 659//1286
f 661//1287 659//1287 660//1287
f 623//1288 624//1288 625//1288
f 663//1289 661//1289 662//1289
f 621//1290 622//1290 623//1290
f 665//1291 663//1291 664//1291
f 666//1292 663//1292 665//1292
f 666//1293 661//1293 663//1293
f 619//1294 620//1294 621//1294
f 618//1295 621//1295 623//1295
f 618//1296 619//1296 621//1296
f 618//1297 625//1297 626//1297
f 618//1298 626//1298 631//1298
f 618//1299 623//1299 625//1299
f 668//1300 661//1300 666//1300
f 668//1301 666//1301 667//1301
f 616//1302 617//1302 618//1302
f 670//1303 668//1303 669//1303
f 672//1304 668//1304 670//1304
f 672//1305 670//1305 671//1305
f 613//1306 618//1306 631//1306
f 613//1307 616//1307 618//1307
f 613//1308 614//1308 615//1308
f 613//1309 615//1309 616//1309
f 613//1310 643//1310 654//1310
f 613//1311 631//1311 643//1311
f 613//1312 654//1312 658//1312
f 675//1313 673//1313 674//1313
f 610//1314 611//1314 612//1314
f 609//1315 610//1315 612//1315
f 677//1316 675//1316 676//1316
f 608//1317 609//1317 612//1317
f 678//1318 675//1318 677//1318
f 679//1319 673//1319 675//1319
f 679//1320 675//1320 678//1320
f 606//1321 607//1321 608//1321
f 681//1322 679//1322 680//1322
f 681//1323 673//1323 679//1323
f 682//1324 672//1324 673//1324
f 682//1325 673//1325 681//1325
f 603//1326 604//1326 605//1326
f 603//1327 605//1327 606//1327
f 603//1328 606//1328 608//1328
f 603//1329 608//1329 612//1329
f 603//1330 612//1330 613//1330
f 603//1331 613//1331 658//1331
f 603//1332 658//1332 661//1332
f 684//1333 682//1333 683//1333
f 600//1334 601//1334 602//1334
f 572//1335 684//1335 573//1335
f 572//1336 682//1336 684//1336
f 599//1337 602//1337 603//1337
f 599//1338 600//1338 602//1338
f 575//1339 572//1339 574//1339
f 596//1340 597//1340 598//1340
f 578//1341 576//1341 577//1341
f 579//1342 575//1342 576//1342
f 579//1343 576//1343 578//1343
f 579//1344 682//1344 572//1344
f 579//1345 572//1345 575//1345
f 593//1346 594//1346 595//1346
f 580//1347 682//1347 579//1347
f 592//1348 596//1348 598//1348
f 592//1349 593//1349 595//1349
f 592//1350 595//1350 596//1350
f 591//1351 661//1351 668//1351
f 591//1352 598//1352 599//1352
f 591//1353 603//1353 661//1353
f 591//1354 599//1354 603//1354
f 591//1355 592//1355 598//1355
f 582//1356 682//1356 580//1356
f 582//1357 580//1357 581//1357
f 590//1358 591//1358 668//1358
f 590//1359 668//1359 672//1359
f 584//1360 582//1360 583//1360
f 585//1361 582//1361 584//1361
f 587//1362 588//1362 589//1362
f 586//1363 682//1363 582//1363
f 586//1364 589//1364 590//1364
f 586//1365 582//1365 585//1365
f 586//1366 590//1366 672//1366
f 586//1367 587//1367 589//1367
f 586//1368 672//1368 682//1368
